step,sim_time,u0,u1,u2,u3,pose_x,pose_y,pose_z,pose_qw,pose_qx,pose_qy,pose_qz,ref_x,ref_y,ref_z,payload_x,payload_y,payload_z,payload_ref_x,payload_ref_y,payload_ref_z
0,1784633494.7462578,0.0,0.0,0.049999999999974176,0.0,0.434,0.0,0.504,1.0,-0.0,-0.0,-0.0,0.4335535186553377,4.2817709301993824e-21,0.5035535236405486,-4.1569921114859096e-07,-1.9514887082811792e-17,0.12500033722126083,-3.8189282292694585e-07,-2.787337749673339e-17,0.1250004019336457
0,1784633494.7703516,2.3177773326053346e-16,0.09999994690699898,0.04999999393384369,-1.8390931528376617e-19,0.434,0.0,0.504,1.0,-0.0,-0.0,-0.0,0.4335535186553377,4.2817709301993824e-21,0.5035535236405486,-3.063313045311662e-07,4.841227605498448e-17,0.12500033437298905,-3.8189282292694585e-07,-2.787337749673339e-17,0.1250004019336457
0,1784633494.7912817,1.546361766352688e-16,0.09999695331847107,0.04999999747288132,-2.609075501887805e-16,0.434,0.0,0.504,1.0,-0.0,-0.0,-0.0,0.4335535186553377,4.2817709301993824e-21,0.5035535236405486,-3.063313045311662e-07,4.841227605498448e-17,0.12500033437298905,-3.8189282292694585e-07,-2.787337749673339e-17,0.1250004019336457
0,1784633494.8123968,3.283070618006797e-16,0.09999988511578999,0.0499999994064065,-3.017052013504851e-17,0.434,0.0,0.504,1.0,-0.0,-0.0,-0.0,0.4335535186553377,4.2817709301993824e-21,0.5035535236405486,-3.063313045311662e-07,4.841227605498448e-17,0.12500033437298905,-3.8189282292694585e-07,-2.787337749673339e-17,0.1250004019336457
0,1784633494.8373666,-3.600009901128964e-17,0.09999999047653658,0.049999999977709826,-2.6343457449055465e-16,0.434,0.0,0.504,1.0,-0.0,-0.0,-0.0,0.4335535186553377,4.2817709301993824e-21,0.5035535236405486,-3.063313045311662e-07,4.841227605498448e-17,0.12500033437298905,-3.8189282292694585e-07,-2.787337749673339e-17,0.1250004019336457
0,1784633494.8464465,6.289777694334164e-16,0.09999998800983924,0.04999999999044199,6.715818198262313e-17,0.434,0.0,0.504,1.0,-0.0,-0.0,-0.0,0.4335535186553377,4.2817709301993824e-21,0.5035535236405486,-3.063313045311662e-07,4.841227605498448e-17,0.12500033437298905,-3.8189282292694585e-07,-2.787337749673339e-17,0.1250004019336457
0,1784633494.8671074,-4.972404859105135e-16,0.09999994075068462,0.04999999990243725,-4.1927273542840877e-16,0.434,0.0,0.504,1.0,-0.0,-0.0,-0.0,0.4335535186553377,4.2817709301993824e-21,0.5035535236405486,-3.063313045311662e-07,4.841227605498448e-17,0.12500033437298905,-3.8189282292694585e-07,-2.787337749673339e-17,0.1250004019336457
0,1784633494.8872828,1.3430373612914425e-15,0.09999994920051712,0.049999999922796995,3.177438274099744e-16,0.434,0.0,0.504,1.0,-0.0,-0.0,-0.0,0.4335535186553377,4.2817709301993824e-21,0.5035535236405486,-3.063313045311662e-07,4.841227605498448e-17,0.12500033437298905,-3.8189282292694585e-07,-2.787337749673339e-17,0.1250004019336457
0,1784633494.9070408,-1.6064753981733477e-15,0.09999988235452324,0.049999999818056653,-8.12010978809544e-16,0.434,0.0,0.504,1.0,-0.0,-0.0,-0.0,0.4335535186553377,4.2817709301993824e-21,0.5035535236405486,-3.063313045311662e-07,4.841227605498448e-17,0.12500033437298905,-3.8189282292694585e-07,-2.787337749673339e-17,0.1250004019336457
0,1784633494.929737,3.0076408171119155e-15,0.09999985021918785,0.04999999976614157,9.107573532170197e-16,0.434,0.0,0.504,1.0,-0.0,-0.0,-0.0,0.4335535165108637,4.166305177346188e-21,0.5035535214965561,-1.962511358842087e-07,4.820756543585205e-13,0.12500033353844892,-3.8189282292694585e-07,-2.787337749673339e-17,0.1250004019336457
0,1784633494.9465322,-4.5515142526865026e-15,0.0999997919490469,0.049999999665799315,-1.6514587024895299e-15,0.434,0.0,0.504,1.0,-0.0,-0.0,-0.0,0.4335535165108637,4.166305177346188e-21,0.5035535214965561,-1.962511358842087e-07,4.820756543585205e-13,0.12500033353844892,-3.8189282292694585e-07,-2.787337749673339e-17,0.1250004019336457
0,1784633494.9677336,7.249624068302844e-15,0.09999975039663715,0.04999999958772178,2.5274297136993385e-15,0.434,0.0,0.504,1.0,-0.0,-0.0,-0.0,0.4335535165108637,4.166305177346188e-21,0.5035535214965561,-1.962511358842087e-07,4.820756543585205e-13,0.12500033353844892,-3.8189282292694585e-07,-2.787337749673339e-17,0.1250004019336457
0,1784633494.9886496,-1.1145348673909976e-14,0.0999997073549917,0.04999999950083501,-4.044053507474023e-15,0.434,0.0,0.504,1.0,-0.0,-0.0,-0.0,0.4335535165108637,4.166305177346188e-21,0.5035535214965561,-1.962511358842087e-07,4.820756543585205e-13,0.12500033353844892,-3.8189282292694585e-07,-2.787337749673339e-17,0.1250004019336457
0,1784633495.0072048,1.7575644225872865e-14,0.09999967499167667,0.04999999942791588,6.270597601599232e-15,0.434,0.0,0.504,1.0,-0.0,-0.0,-0.0,0.4335535165108637,4.166305177346188e-21,0.5035535214965561,-1.962511358842087e-07,4.820756543585205e-13,0.12500033353844892,-3.8189282292694585e-07,-2.787337749673339e-17,0.1250004019336457
0,1784633495.0271878,-2.731028435721924e-14,0.09999964751252825,0.04999999936039252,-9.896005076914524e-15,0.434,0.0,0.504,1.0,-0.0,-0.0,-0.0,0.4335535165108637,4.166305177346188e-21,0.5035535214965561,-1.962511358842087e-07,4.820756543585205e-13,0.12500033353844892,-3.8189282292694585e-07,-2.787337749673339e-17,0.1250004019336457
0,1784633495.0478966,4.2881237134563225e-14,0.09999962672846631,0.049999999303433185,1.5424698425966567e-14,0.434,0.0,0.504,1.0,-0.0,-0.0,-0.0,0.4335535165108637,4.166305177346188e-21,0.5035535214965561,-1.962511358842087e-07,4.820756543585205e-13,0.12500033353844892,-3.8189282292694585e-07,-2.787337749673339e-17,0.1250004019336457
0,1784633495.0704408,-6.691813081597094e-14,0.09999961043233657,0.04999999925430162,-2.4216488242849446e-14,0.434,0.0,0.504,1.0,-0.0,-0.0,-0.0,0.4335535165108637,4.166305177346188e-21,0.5035535214965561,-1.962511358842087e-07,4.820756543585205e-13,0.12500033353844892,-3.8189282292694585e-07,-2.787337749673339e-17,0.1250004019336457
0,1784633495.0895896,1.0486976234307421e-13,0.09999959817077346,0.04999999921326092,3.783136655827882e-14,0.434,0.0,0.504,1.0,-0.0,-0.0,-0.0,0.4335535165108637,4.166305177346188e-21,0.5035535214965561,-1.962511358842087e-07,4.820756543585205e-13,0.12500033353844892,-3.8189282292694585e-07,-2.787337749673339e-17,0.1250004019336457
0,1784633495.1083527,-1.6392874803971624e-13,0.09999958883443723,0.04999999917886078,-5.927755185974764e-14,0.434,0.0,0.504,1.0,-0.0,-0.0,-0.0,0.4335535165108637,4.166305177346188e-21,0.5035535214965561,-1.962511358842087e-07,4.820756543585205e-13,0.12500033353844892,-3.8189282292694585e-07,-2.787337749673339e-17,0.1250004019336457
0,1784633495.126695,2.566857058972391e-13,0.09999958181284849,0.0499999991503484,9.269418158680516e-14,0.434,0.0,0.504,1.0,-0.0,-0.0,-0.0,0.4335535165108637,4.166305177346188e-21,0.5035535214965561,-1.962511358842087e-07,4.820756543585205e-13,0.12500033353844892,-3.8189282292694585e-07,-2.787337749673339e-17,0.1250004019336457
0,1784633495.1482077,-4.0150888534596195e-13,0.09999957649758112,0.04999999912672066,-1.4512812569753422e-13,0.434,0.0,0.504,1.0,-0.0,-0.0,-0.0,0.4335535165108637,4.166305177346188e-21,0.5035535214965561,-8.645803045057572e-08,5.04533584284783e-13,0.12500033235744518,-3.8189282292694585e-07,-2.787337749673339e-17,0.1250004019336457
0,1784633495.1680586,6.284769745122956e-13,0.09999957247624833,0.049999999107215434,2.2703491120536864e-13,0.434,0.0,0.504,1.0,-0.0,-0.0,-0.0,0.4335535165108637,4.166305177346188e-21,0.5035535214965561,-8.645803045057572e-08,5.04533584284783e-13,0.12500033235744518,-3.8189282292694585e-07,-2.787337749673339e-17,0.1250004019336457
0,1784633495.1869056,-9.833268674813275e-13,0.09999956941483487,0.049999999091119206,-3.5534971060457836e-13,0.434,0.0,0.504,1.0,-0.0,-0.0,-0.0,0.4335535165108637,4.166305177346188e-21,0.5035535214965561,-8.645803045057572e-08,5.04533584284783e-13,0.12500033235744518,-3.8189282292694585e-07,-2.787337749673339e-17,0.1250004019336457
0,1784633495.2093914,1.6269895921888498e-12,0.09999956705273037,0.04999999907784968,6.416437575058648e-13,0.434,0.0,0.504,1.0,-0.0,-0.0,-0.0,0.4335535158833097,-4.862808498564324e-19,0.5035535208694738,-8.645803045057572e-08,5.04533584284783e-13,0.12500033235744518,-3.8189282292694585e-07,-2.787337749673339e-17,0.1250004019336457
0,1784633495.2270412,-1.6486313871657104e-12,0.0999995652695939,0.04999999906691307,-1.2545311189666633e-12,0.434,0.0,0.504,1.0,-0.0,-0.0,-0.0,0.4335535158833097,-4.862808498564324e-19,0.5035535208694738,-8.645803045057572e-08,5.04533584284783e-13,0.12500033235744518,-3.8189282292694585e-07,-2.787337749673339e-17,0.1250004019336457
0,1784633495.246742,3.732118513086567e-12,0.09999956388614034,0.04999999905792184,1.1625629176062898e-12,0.434,0.0,0.504,1.0,-0.0,-0.0,-0.0,0.4335535158833097,-4.862808498564324e-19,0.5035535208694738,-8.645803045057572e-08,5.04533584284783e-13,0.12500033235744518,-3.8189282292694585e-07,-2.787337749673339e-17,0.1250004019336457
0,1784633495.2685878,-5.120497496494005e-12,0.09999956279318437,0.049999999050480255,-2.447367877459453e-12,0.434,0.0,0.504,1.0,-0.0,-0.0,-0.0,0.4335535158833097,-4.862808498564324e-19,0.5035535208694738,-8.645803045057572e-08,5.04533584284783e-13,0.12500033235744518,-3.8189282292694585e-07,-2.787337749673339e-17,0.1250004019336457
0,1784633495.2962072,9.107573379506561e-12,0.09999956194062544,0.049999999044358916,3.0597154533492042e-12,0.434,0.0,0.504,1.0,-0.0,-0.0,-0.0,0.4335535158833097,-4.862808498564324e-19,0.5035535208694738,-8.645803045057572e-08,5.04533584284783e-13,0.12500033235744518,-3.8189282292694585e-07,-2.787337749673339e-17,0.1250004019336457
0,1784633495.3083224,-1.3508406706446236e-11,0.09999956126501987,0.049999999039306096,-5.428976739072032e-12,0.434,0.0,0.504,1.0,-0.0,-0.0,-0.0,0.4335535158833097,-4.862808498564324e-19,0.5035535208694738,-8.645803045057572e-08,5.04533584284783e-13,0.12500033235744518,-3.8189282292694585e-07,-2.787337749673339e-17,0.1250004019336457
0,1784633495.3297443,2.2185327725988368e-11,0.09999956072936181,0.049999999035141386,7.747688185491616e-12,0.434,0.0,0.504,1.0,-0.0,-0.0,-0.0,0.4335535158833097,-4.862808498564324e-19,0.5035535208694738,-8.645803045057572e-08,5.04533584284783e-13,0.12500033235744518,-3.8189282292694585e-07,-2.787337749673339e-17,0.1250004019336457
0,1784633495.348127,-3.394103131283868e-11,0.09999956030122731,0.04999999903170499,-1.2774873240285683e-11,0.434,0.0,0.504,1.0,-0.0,-0.0,-0.0,0.4335535158833097,-4.862808498564324e-19,0.5035535208694738,-8.645803045057572e-08,5.04533584284783e-13,0.12500033235744518,-3.8189282292694585e-07,-2.787337749673339e-17,0.1250004019336457
0,1784633495.3681946,5.412539888768063e-11,0.09999955995789932,0.04999999902887025,1.9257103813480154e-11,0.434,0.0,0.504,1.0,-0.0,-0.0,-0.0,0.4335535158833097,-4.862808498564324e-19,0.5035535208694738,-8.645803045057572e-08,5.04533584284783e-13,0.12500033235744518,-3.8189282292694585e-07,-2.787337749673339e-17,0.1250004019336457
0,1784633495.3887436,-8.389649072873889e-11,0.09999955968119041,0.04999999902653088,-3.07951194265098e-11,0.434,0.0,0.504,1.0,-0.0,-0.0,-0.0,0.4335535158833097,-4.862808498564324e-19,0.5035535208694738,-8.645803045057572e-08,5.04533584284783e-13,0.12500033235744518,-3.8189282292694585e-07,-2.787337749673339e-17,0.1250004019336457
0,1784633495.4071472,1.3227488875501766e-10,0.09999955945742872,0.04999999902460022,4.7466582376423876e-11,0.434,0.0,0.504,1.0,-0.0,-0.0,-0.0,0.4335535158833097,-4.862808498564324e-19,0.5035535208694738,-8.645803045057572e-08,5.04533584284783e-13,0.12500033235744518,-3.8189282292694585e-07,-2.787337749673339e-17,0.1250004019336457
0,1784633495.4285107,-2.061709865138902e-10,0.09999955927585388,0.04999999902300656,-7.494769936353853e-11,0.434,0.0,0.504,1.0,-0.0,-0.0,-0.0,0.4335535158833097,-4.862808498564324e-19,0.5035535208694738,-8.645803045057572e-08,5.04533584284783e-13,0.12500033235744518,-3.8189282292694585e-07,-2.787337749673339e-17,0.1250004019336457
0,1784633495.4475563,3.236029480263602e-10,0.09999955912811305,0.04999999902169095,1.165680300392061e-10,0.434,0.0,0.504,1.0,-0.0,-0.0,-0.0,0.4335535158833097,-4.862808498564324e-19,0.5035535208694738,-8.645803045057572e-08,5.04533584284783e-13,0.12500033235744518,-3.8189282292694585e-07,-2.787337749673339e-17,0.1250004019336457
0,1784633495.4681997,-5.055638648024503e-10,0.09999955900760457,0.04999999902060476,-1.8309054484885987e-10,0.434,0.0,0.504,1.0,-0.0,-0.0,-0.0,0.4335535158833097,-4.862808498564324e-19,0.5035535208694738,-8.645803045057572e-08,5.04533584284783e-13,0.12500033235744518,-3.8189282292694585e-07,-2.787337749673339e-17,0.1250004019336457
0,1784633495.490031,7.921087693490667e-10,0.09999955890910939,0.04999999901970789,2.858061886894435e-10,0.434,0.0,0.504,1.0,-0.0,-0.0,-0.0,0.4335535158833097,-4.862808498564324e-19,0.5035535208694738,-8.645803045057572e-08,5.04533584284783e-13,0.12500033235744518,-3.8189282292694585e-07,-2.787337749673339e-17,0.1250004019336457
0,1784633495.508607,-1.2384232526488473e-09,0.09999955880458929,0.049999999018966006,-4.479636286978078e-10,0.434,0.0,0.504,1.0,-0.0,-0.0,-0.0,0.4335535149956702,-5.991937195243282e-19,0.5035535199823047,-8.645803045057572e-08,5.04533584284783e-13,0.12500033235744518,-3.8189282292694585e-07,-2.787337749673339e-17,0.1250004019336457
0,1784633495.5278778,1.9392220743719905e-09,0.09999955875921304,0.04999999901835165,7.001643991389643e-10,0.434,0.0,0.504,1.0,-0.0,-0.0,-0.0,0.4335535149956702,-5.991937195243282e-19,0.5035535199823047,-8.645803045057572e-08,5.04533584284783e-13,0.12500033235744518,-3.8189282292694585e-07,-2.787337749673339e-17,0.1250004019336457
0,1784633495.5522249,-3.0336085817727313e-09,0.0999995587178733,0.0499999990178696,-1.0964443011636075e-09,0.434,0.0,0.504,1.0,-0.0,-0.0,-0.0,0.4335535149956702,-5.991937195243282e-19,0.5035535199823047,-8.645803045057572e-08,5.04533584284783e-13,0.12500033235744518,-3.8189282292694585e-07,-2.787337749673339e-17,0.1250004019336457
0,1784633495.5702605,4.748512590716203e-09,0.09999955866880707,0.049999999017438825,1.7150178610950193e-09,0.434,0.0,0.504,1.0,-0.0,-0.0,-0.0,0.4335535149956702,-5.991937195243282e-19,0.5035535199823047,-8.645803045057572e-08,5.04533584284783e-13,0.12500033235744518,-3.8189282292694585e-07,-2.787337749673339e-17,0.1250004019336457
0,1784633495.5949368,-7.429851780177897e-09,0.09999955863381997,0.04999999901709656,-2.6846032551733284e-09,0.434,0.0,0.504,1.0,-0.0,-0.0,-0.0,0.4335535149956702,-5.991937195243282e-19,0.5035535199823047,-1.9915891098513892e-07,4.1746941212602207e-13,0.1250003300507369,-3.8189282292694585e-07,-2.787337749673339e-17,0.1250004019336457
0,1784633495.620185,1.1628195596514002e-08,0.09999955860263089,0.04999999901680813,4.200332173600137e-09,0.434,0.0,0.504,1.0,-0.0,-0.0,-0.0,0.4335535149956702,-5.991937195243282e-19,0.5035535199823047,-1.9915891098513892e-07,4.1746941212602207e-13,0.1250003300507369,-3.8189282292694585e-07,-2.787337749673339e-17,0.1250004019336457
0,1784633495.6317801,-1.8195871463970014e-08,0.09999955857791441,0.04999999901657228,-6.573881951432488e-09,0.434,0.0,0.504,1.0,-0.0,-0.0,-0.0,0.4335535149956702,-5.991937195243282e-19,0.5035535199823047,-1.9915891098513892e-07,4.1746941212602207e-13,0.1250003300507369,-3.8189282292694585e-07,-2.787337749673339e-17,0.1250004019336457
0,1784633495.6499004,2.8475958069912342e-08,0.0999995585571303,0.04999999901637647,1.0286674187590608e-08,0.434,0.0,0.504,1.0,-0.0,-0.0,-0.0,0.4335535149956702,-5.991937195243282e-19,0.5035535199823047,-1.9915891098513892e-07,4.1746941212602207e-13,0.1250003300507369,-3.8189282292694585e-07,-2.787337749673339e-17,0.1250004019336457
0,1784633495.671457,-4.4560968482147976e-08,0.09999955854017137,0.04999999901621516,-1.6098414421014367e-08,0.434,0.0,0.504,1.0,-0.0,-0.0,-0.0,0.4335535149956702,-5.991937195243282e-19,0.5035535199823047,-1.9915891098513892e-07,4.1746941212602207e-13,0.1250003300507369,-3.8189282292694585e-07,-2.787337749673339e-17,0.1250004019336457
0,1784633495.689703,6.973475859983128e-08,0.09999955852611157,0.04999999901608174,2.519163752592001e-08,0.434,0.0,0.504,1.0,-0.0,-0.0,-0.0,0.4335535149956702,-5.991937195243282e-19,0.5035535199823047,-1.9915891098513892e-07,4.1746941212602207e-13,0.1250003300507369,-3.8189282292694585e-07,-2.787337749673339e-17,0.1250004019336457
0,1784633495.710014,-1.0912696486786463e-07,0.0999995585145448,0.0499999990159716,-3.942322684180157e-08,0.434,0.0,0.504,1.0,-0.0,-0.0,-0.0,0.4335535149956702,-5.991937195243282e-19,0.5035535199823047,-1.9915891098513892e-07,4.1746941212602207e-13,0.1250003300507369,-3.8189282292694585e-07,-2.787337749673339e-17,0.1250004019336457
0,1784633495.7302084,1.7077424766140487e-07,0.09999955850498778,0.049999999015880606,6.169269147666939e-08,0.434,0.0,0.504,1.0,-0.0,-0.0,-0.0,0.4335535149956702,-5.991937195243282e-19,0.5035535199823047,-1.9915891098513892e-07,4.1746941212602207e-13,0.1250003300507369,-3.8189282292694585e-07,-2.787337749673339e-17,0.1250004019336457
0,1784633495.7486358,-2.672439185496841e-07,0.09999955849710614,0.04999999901580546,-9.6543813278279e-08,0.434,0.0,0.504,1.0,-0.0,-0.0,-0.0,0.4335535149956702,-5.991937195243282e-19,0.5035535199823047,-3.1008475746153283e-07,1.6972454865511631e-13,0.12500032919401724,-3.8189282292694585e-07,-2.787337749673339e-17,0.1250004019336457
0,1784633495.767628,4.182118759157465e-07,0.09999955849059829,0.04999999901574336,1.5108083515459732e-07,0.434,0.0,0.504,1.0,-0.0,-0.0,-0.0,0.4335535149956702,-5.991937195243282e-19,0.5035535199823047,-3.1008475746153283e-07,1.6972454865511631e-13,0.12500032919401724,-3.8189282292694585e-07,-2.787337749673339e-17,0.1250004019336457
0,1784633495.78809,-6.544599137054558e-07,0.09999955851111175,0.0499999990156968,-2.3642801780762039e-07,0.434,0.0,0.504,1.0,-0.0,-0.0,-0.0,0.4335535132559023,-6.273304091212711e-19,0.5035535182420695,-3.1008475746153283e-07,1.6972454865511631e-13,0.12500032919401724,-3.8189282292694585e-07,-2.787337749673339e-17,0.1250004019336457
0,1784633495.8079545,1.0241680210629828e-06,0.0999995584831735,0.04999999901565635,3.6998613628549145e-07,0.434,0.0,0.504,1.0,-0.0,-0.0,-0.0,0.4335535132559023,-6.273304091212711e-19,0.5035535182420695,-3.1008475746153283e-07,1.6972454865511631e-13,0.12500032919401724,-3.8189282292694585e-07,-2.787337749673339e-17,0.1250004019336457
0,1784633495.8281238,-1.602723234616911e-06,0.09999955846572263,0.04999999901559605,-5.789933492227236e-07,0.434,0.0,0.504,1.0,-0.0,-0.0,-0.0,0.4335535132559023,-6.273304091212711e-19,0.5035535182420695,-3.1008475746153283e-07,1.6972454865511631e-13,0.12500032919401724,-3.8189282292694585e-07,-2.787337749673339e-17,0.1250004019336457
0,1784633495.8510292,2.508108864440943e-06,0.09999955846766515,0.049999999015581956,9.060680386305649e-07,0.434,0.0,0.504,1.0,-0.0,-0.0,-0.0,0.4335535132559023,-6.273304091212711e-19,0.5035535182420695,-3.1008475746153283e-07,1.6972454865511631e-13,0.12500032919401724,-3.8189282292694585e-07,-2.787337749673339e-17,0.1250004019336457
0,1784633495.872248,-3.924947883596407e-06,0.09999955846325526,0.04999999901555529,-1.4179099302997745e-06,0.434,0.0,0.504,1.0,-0.0,-0.0,-0.0,0.4335535132559023,-6.273304091212711e-19,0.5035535182420695,-3.1008475746153283e-07,1.6972454865511631e-13,0.12500032919401724,-3.8189282292694585e-07,-2.787337749673339e-17,0.1250004019336457
0,1784633495.8917117,6.14216730868752e-06,0.09999955846224987,0.04999999901553961,2.2188918670496385e-06,0.434,0.0,0.504,1.0,-0.0,-0.0,-0.0,0.4335535132559023,-6.273304091212711e-19,0.5035535182420695,-3.1008475746153283e-07,1.6972454865511631e-13,0.12500032919401724,-3.8189282292694585e-07,-2.787337749673339e-17,0.1250004019336457
0,1784633495.9094195,-9.611901003384227e-06,0.0999995584603435,0.04999999901552401,-3.472353404158582e-06,0.434,0.0,0.504,1.0,-0.0,-0.0,-0.0,0.4335535132559023,-6.273304091212711e-19,0.5035535182420695,-3.1008475746153283e-07,1.6972454865511631e-13,0.12500032919401724,-3.8189282292694585e-07,-2.787337749673339e-17,0.1250004019336457
0,1784633495.9302578,1.5041707085085352e-05,0.09999955845923009,0.04999999901551225,5.433900425748137e-06,0.434,0.0,0.504,1.0,-0.0,-0.0,-0.0,0.4335535132559023,-6.273304091212711e-19,0.5035535182420695,-3.1008475746153283e-07,1.6972454865511631e-13,0.12500032919401724,-3.8189282292694585e-07,-2.787337749673339e-17,0.1250004019336457
0,1784633495.9524205,-2.3538845226664762e-05,0.09999955845811835,0.049999999015502054,-8.503541186642873e-06,0.434,0.0,0.504,1.0,-0.0,-0.0,-0.0,0.4335535132559023,-6.273304091212711e-19,0.5035535182420695,-3.1008475746153283e-07,1.6972454865511631e-13,0.12500032919401724,-3.8189282292694585e-07,-2.787337749673339e-17,0.1250004019336457
0,1784633495.970694,3.6836114887014694e-05,0.09999955845728582,0.04999999901549384,1.330725914687704e-05,0.434,0.0,0.504,1.0,-0.0,-0.0,-0.0,0.4335535132559023,-6.273304091212711e-19,0.5035535182420695,-4.2096868928718207e-07,5.853292927446176e-14,0.12500032811426615,-3.8189282292694585e-07,-2.787337749673339e-17,0.1250004019336457
0,1784633495.9930067,-5.764530409745679e-05,0.09999955845657275,0.04999999901548696,-2.082472064050547e-05,0.434,0.0,0.504,1.0,-0.0,-0.0,-0.0,0.4335535132559023,-6.273304091212711e-19,0.5035535182420695,-4.2096868928718207e-07,5.853292927446176e-14,0.12500032811426615,-3.8189282292694585e-07,-2.787337749673339e-17,0.1250004019336457
0,1784633496.0135887,9.021062056771193e-05,0.0999995584560207,0.049999999015481286,3.258922041941949e-05,0.434,0.0,0.504,1.0,-0.0,-0.0,-0.0,0.4335535132559023,-6.273304091212711e-19,0.5035535182420695,-4.2096868928718207e-07,5.853292927446176e-14,0.12500032811426615,-3.8189282292694585e-07,-2.787337749673339e-17,0.1250004019336457
0,1784633496.0342064,-0.00014117578074670714,0.09999955845561341,0.049999999015476575,-5.100105104132088e-05,0.434,0.0,0.504,1.0,-0.0,-0.0,-0.0,0.4335535132559023,-6.273304091212711e-19,0.5035535182420695,-4.2096868928718207e-07,5.853292927446176e-14,0.12500032811426615,-3.8189282292694585e-07,-2.787337749673339e-17,0.1250004019336457
0,1784633496.0580895,0.00022094497714305515,0.09999955845541393,0.049999999015472606,7.981957583302127e-05,0.434,0.0,0.504,1.0,-0.0,-0.0,-0.0,0.4335535132559023,-6.273304091212711e-19,0.5035535182420695,-4.2096868928718207e-07,5.853292927446176e-14,0.12500032811426615,-3.8189282292694585e-07,-2.787337749673339e-17,0.1250004019336457
0,1784633496.0749564,-0.00034582755536445266,0.09999955845557743,0.04999999901546913,-0.00012493960602535145,0.434,0.0,0.504,1.0,-0.0,-0.0,-0.0,0.4335535132559023,-6.273304091212711e-19,0.5035535182420695,-4.2096868928718207e-07,5.853292927446176e-14,0.12500032811426615,-3.8189282292694585e-07,-2.787337749673339e-17,0.1250004019336457
0,1784633496.0929735,0.0005414477223001587,0.09999955845652092,0.04999999901546581,0.00019562872282904422,0.434,0.0,0.504,1.0,-0.0,-0.0,-0.0,0.4335535132559023,-6.273304091212711e-19,0.5035535182420695,-4.2096868928718207e-07,5.853292927446176e-14,0.12500032811426615,-3.8189282292694585e-07,-2.787337749673339e-17,0.1250004019336457
0,1784633496.1144998,-0.0008482585931932215,0.09999955845928726,0.04999999901546194,-0.0003065369650244639,0.434,0.0,0.504,1.0,-0.0,-0.0,-0.0,0.4335535132559023,-6.273304091212711e-19,0.5035535182420695,-4.2096868928718207e-07,5.853292927446176e-14,0.12500032811426615,-3.8189282292694585e-07,-2.787337749673339e-17,0.1250004019336457
0,1784633496.1346478,0.0013307050736662306,0.0999995584664851,0.04999999901545596,0.00048105548590059177,0.434,0.0,0.504,1.0,-0.0,-0.0,-0.0,0.4335535132559023,-6.273304091212711e-19,0.5035535182420695,-4.2096868928718207e-07,5.853292927446176e-14,0.12500032811426615,-3.8189282292694585e-07,-2.787337749673339e-17,0.1250004019336457
0,1784633496.1547215,-0.002092986797421594,0.09999955848468797,0.04999999901544409,-0.0007571273857285764,0.434,0.0,0.504,1.0,-0.0,-0.0,-0.0,0.4335535132559023,-6.273304091212711e-19,0.5035535182420695,-4.2096868928718207e-07,5.853292927446176e-14,0.12500032811426615,-3.8189282292694585e-07,-2.787337749673339e-17,0.1250004019336457
0,1784633496.1748927,0.0033072701998414222,0.09999955853079436,0.049999999015416706,0.001197721038451947,0.434,0.0,0.504,1.0,-0.0,-0.0,-0.0,0.4335535132559023,-6.273304091212711e-19,0.5035535182420695,-4.2096868928718207e-07,5.853292927446176e-14,0.12500032811426615,-3.8189282292694585e-07,-2.787337749673339e-17,0.1250004019336457
0,1784633496.1962686,-0.005266760167115352,0.09999955864965107,0.04999999901534841,-0.0019107557147482936,0.434,0.0,0.504,1.0,-0.0,-0.0,-0.0,0.4335535132559023,-6.273304091212711e-19,0.5035535182420695,-4.2096868928718207e-07,5.853292927446176e-14,0.12500032811426615,-3.8189282292694585e-07,-2.787337749673339e-17,0.1250004019336457
0,1784633496.2127671,0.008492435113222526,0.0999995590159241,0.04999999901517456,0.0030897808617285577,0.434,0.0,0.504,1.0,-0.0,-0.0,-0.0,0.4335535117945649,-6.531750140069561e-20,0.5035535167798066,-4.2096868928718207e-07,5.853292927446176e-14,0.12500032811426615,-3.8189282292694585e-07,-2.787337749673339e-17,0.1250004019336457
0,1784633496.2325165,-0.013966359508618518,0.09999955986418142,0.049999999014665036,-0.005104670768188849,0.434,0.0,0.504,1.0,-0.0,-0.0,-0.0,0.4335535117945649,-6.531750140069561e-20,0.5035535167798066,-4.2096868928718207e-07,5.853292927446176e-14,0.12500032811426615,-3.8189282292694585e-07,-2.787337749673339e-17,0.1250004019336457
0,1784633496.2541842,0.023692256856587823,0.09999956260703409,0.049999999012939104,0.008726756969081675,0.434,0.0,0.504,1.0,-0.0,-0.0,-0.0,0.4335535117945649,-6.531750140069561e-20,0.5035535167798066,-4.2096868928718207e-07,5.853292927446176e-14,0.12500032811426615,-3.8189282292694585e-07,-2.787337749673339e-17,0.1250004019336457
0,1784633496.2739959,-0.04215291196265493,0.09999957281908617,0.04999999900581906,-0.015761095736479342,0.434,0.0,0.504,1.0,-0.0,-0.0,-0.0,0.4335535117945649,-6.531750140069561e-20,0.5035535167798066,-4.2096868928718207e-07,5.853292927446176e-14,0.12500032811426615,-3.8189282292694585e-07,-2.787337749673339e-17,0.1250004019336457
0,1784633496.2887087,0.07804277687196291,0.09999949334271792,0.04999999869737267,0.031059802614603112,0.434,0.0,0.504,1.0,-0.0,-0.0,-0.0,0.4335535117945649,-6.531750140069561e-20,0.5035535167798066,-4.2096868928718207e-07,5.853292927446176e-14,0.12500032811426615,-3.8189282292694585e-07,-2.787337749673339e-17,0.1250004019336457
0,1784633496.3104417,-0.09996914723692558,0.09999989120488159,0.049999997006020494,-0.0687973341265834,0.434,0.0,0.504,1.0,-0.0,-0.0,-0.0,0.4335535117945649,-6.531750140069561e-20,0.5035535167798066,-4.2096868928718207e-07,5.853292927446176e-14,0.12500032811426615,-3.8189282292694585e-07,-2.787337749673339e-17,0.1250004019336457
0,1784633496.3318532,0.09999960548446528,0.09999997391952908,0.04999999885939884,0.09996607667392207,0.434,0.0,0.504,1.0,-0.0,-0.0,-0.0,0.4335535117945649,-6.531750140069561e-20,0.5035535167798066,-4.2096868928718207e-07,5.853292927446176e-14,0.12500032811426615,-3.8189282292694585e-07,-2.787337749673339e-17,0.1250004019336457
0,1784633496.352927,-0.0999986148685253,0.09999992813773481,0.04999999736240497,-0.09998742674642921,0.434,0.0,0.504,1.0,-0.0,-0.0,-0.0,0.4335535117945649,-6.531750140069561e-20,0.5035535167798066,-4.2096868928718207e-07,5.853292927446176e-14,0.12500032811426615,-3.8189282292694585e-07,-2.787337749673339e-17,0.1250004019336457
1,1784633496.3757648,0.0025011136130338174,0.19749979784019323,0.09874999586813049,0.0024664302205218702,0.434,0.0,0.504,1.0,-0.0,-0.0,-0.0,0.4335535117945649,-6.531750140069561e-20,0.5035535167798066,-4.2096868928718207e-07,5.853292927446176e-14,0.12500032811426615,-3.8189282292694585e-07,-2.787337749673339e-17,0.1250004019336457
2,1784633496.4098237,-0.004347472794653834,0.29254818231978486,0.14628109104218467,-0.024062574047926333,0.434,0.0,0.504,1.0,-0.0,-0.0,-0.0,0.4335535117945649,-6.531750140069561e-20,0.5035535167798066,-4.2096868928718207e-07,5.853292927446176e-14,0.12500032811426615,-3.8189282292694585e-07,-2.787337749673339e-17,0.1250004019336457
4,1784633496.426788,0.0006766697804971022,0.3851940883579814,0.19262328604076717,-0.011507167427856933,0.434,0.0,0.504,1.0,-0.0,-0.0,-0.0,0.4335535117945649,-6.531750140069561e-20,0.5035535167798066,-4.2096868928718207e-07,5.853292927446176e-14,0.12500032811426615,-3.8189282292694585e-07,-2.787337749673339e-17,0.1250004019336457
4,1784633496.4449687,0.001108178122318991,0.39624658092741716,0.23780688743280995,-0.007036358069932862,0.434,0.0,0.504,1.0,-0.0,-0.0,-0.0,0.4335535117945649,-6.531750140069561e-20,0.5035535167798066,-4.2096868928718207e-07,5.853292927446176e-14,0.12500032811426615,-3.8189282292694585e-07,-2.787337749673339e-17,0.1250004019336457
5,1784633496.4554048,0.0007252642163965529,0.3929186319287712,0.25882865497626417,-0.004241278854838532,0.434,0.0,0.504,1.0,-0.0,-0.0,-0.0,0.4335535117945649,-6.531750140069561e-20,0.5035535167798066,-4.2096868928718207e-07,5.853292927446176e-14,0.12500032811426615,-3.8189282292694585e-07,-2.787337749673339e-17,0.1250004019336457
6,1784633496.470856,0.00044536777876436865,0.39467020836758904,0.26154415970356654,-0.0025880406363805943,0.434,0.0,0.504,1.0,-0.0,-0.0,-0.0,0.4335535117945649,-6.531750140069561e-20,0.5035535167798066,-4.2096868928718207e-07,5.853292927446176e-14,0.12500032811426615,-3.8189282292694585e-07,-2.787337749673339e-17,0.1250004019336457
7,1784633496.4939919,0.0002705796685487502,0.39445337652827234,0.26167508023409897,-0.0015834960079254836,0.434,0.0,0.504,1.0,-0.0,-0.0,-0.0,0.4335535117945649,-6.531750140069561e-20,0.5035535167798066,-3.1101834693768053e-07,-2.5618337982501364e-11,0.12500032541875059,-3.8189282292694585e-07,-2.787337749673339e-17,0.1250004019336457
8,1784633496.5153625,0.0001653903717899827,0.3944395248057059,0.261706168199143,-0.0009698671948865392,0.434,0.0,0.504,1.0,-0.0,-0.0,-0.0,0.4335535117945649,-6.531750140069561e-20,0.5035535167798066,-3.1101834693768053e-07,-2.5618337982501364e-11,0.12500032541875059,-3.8189282292694585e-07,-2.787337749673339e-17,0.1250004019336457
9,1784633496.533208,0.00010124954990763037,0.3944618026456956,0.2617095570603461,-0.0005943387028333512,0.434,0.0,0.504,1.0,-0.0,-0.0,-0.0,0.4335535117945649,-6.531750140069561e-20,0.5035535167798066,6.953722075814696e-07,1.1665035362499457e-06,0.12499864365901246,-3.8189282292694585e-07,-2.787337749673339e-17,0.1250004019336457
10,1784633496.5547738,6.161981185859078e-05,0.3927331038277433,0.26209569704011615,-0.0003640525587753277,0.434,0.0,0.504,1.0,-0.0,0.0,0.0,0.4335535117945649,-6.531750140069561e-20,0.5035535167798066,1.0168003133724415e-05,8.103393842374627e-06,0.12497992105875931,-3.8189282292694585e-07,-2.787337749673339e-17,0.1250004019336457
11,1784633496.5708184,3.817892506035351e-05,0.3951983735142357,0.26170287715851265,-0.00022327797532816634,0.434,0.0,0.504,1.0,-0.0,0.0,0.0,0.4335535117945649,-6.531750140069561e-20,0.5035535167798066,2.3586127761088117e-05,1.6225760627579515e-05,0.12494979507745624,-3.8189282292694585e-07,-2.787337749673339e-17,0.1250004019336457
12,1784633496.5905116,8.230633563191241e-05,0.39757702617875723,0.26107347138168224,-6.542828727359816e-05,0.433,-0.0,0.504,1.0,-0.0,0.0,0.0,0.4335535117945649,-6.531750140069561e-20,0.5035535167798066,3.970534625526759e-05,3.27566426422871e-05,0.12488741150345636,-3.8189282292694585e-07,-2.787337749673339e-17,0.1250004019336457
13,1784633496.6108618,8.75351021851939e-05,0.3963893087898281,0.26101518340492846,2.876555333364305e-05,0.433,-0.0,0.504,1.0,-0.0,0.0,0.0,0.4335535117945649,-6.531750140069561e-20,0.5035535167798066,6.690638478933767e-05,5.679695191846226e-05,0.124732364718725,-3.8189282292694585e-07,-2.787337749673339e-17,0.1250004019336457
14,1784633496.6371622,2.0268209718302636e-05,0.39398686057935567,0.26122820216105547,1.2067966367283061e-05,0.433,-0.0,0.504,1.0,-0.0,0.0,0.0,0.4335535117945649,-6.531750140069561e-20,0.5035535167798066,8.029791197333978e-05,6.41910478139988e-05,0.12462689154090062,-3.8189282292694585e-07,-2.787337749673339e-17,0.1250004019336457
14,1784633496.6492596,1.086533935257396e-06,0.3945458090800453,0.26127860269888115,3.814169427903142e-06,0.433,-0.0,0.504,1.0,-0.0,0.0,0.0,0.4335535117945649,-6.531750140069561e-20,0.5035535167798066,9.999016738758049e-05,7.287589608822333e-05,0.12443771607059383,-3.8189282292694585e-07,-2.787337749673339e-17,0.1250004019336457
16,1784633496.67388,5.852955112105738e-05,0.37810959206479644,0.26128379849364775,7.340488028305232e-05,0.433,-0.0,0.504,1.0,-0.0,0.001,0.0,0.4335535117945649,-6.531750140069561e-20,0.5035535167798066,0.00014158441173773903,0.00010138490870030465,0.12379722067367993,-3.8189282292694585e-07,-2.787337749673339e-17,0.1250004019336457
17,1784633496.6934247,7.14071178434711e-05,0.36766951903894296,0.2618892050252003,0.00011410089700648074,0.432,-0.0,0.504,1.0,-0.0,0.002,0.0,0.4335535117945649,-6.531750140069561e-20,0.5035535167798066,0.0001551164355122064,0.00011037187820502238,0.12351089463042783,-3.8189282292694585e-07,-2.787337749673339e-17,0.1250004019336457
18,1784633496.7110364,-5.227083846172674e-05,0.3826550831319024,0.2649646377848896,6.836674458285746e-05,0.432,-0.0,0.504,1.0,-0.0,0.003,0.0,0.4331467910027034,-6.061920859370685e-07,0.5035678622480053,0.00016309608663674717,0.000115761020204504,0.12330828396515553,-3.8189282292694585e-07,-2.787337749673339e-17,0.1250004019336457
19,1784633496.7308056,-1.307983551417012e-05,0.29332103640200824,0.2641432108044804,0.00013143263316078602,0.431,-0.0,0.504,1.0,-0.0,0.005,0.0,0.4331467910027034,-6.061920859370685e-07,0.5035678622480053,0.00017768729015281008,0.0001271951432114873,0.12276733773607851,-3.8189282292694585e-07,-2.787337749673339e-17,0.1250004019336457
20,1784633496.7510324,-6.553500683718601e-05,0.36449939931683195,0.26726140727828007,9.147204122201748e-05,0.43,-0.0,0.504,1.0,-0.0,0.008,0.0,0.4331467910027034,-6.061920859370685e-07,0.5035678622480053,0.00018235608090428316,0.00013290175471558942,0.1224243658129015,-3.8189282292694585e-07,-2.787337749673339e-17,0.1250004019336457
21,1784633496.76911,-7.401823722724446e-05,0.3162333176547214,0.26628739253997075,7.501436813768861e-05,0.43,-0.0,0.505,1.0,-0.0,0.01,0.0,0.4331467910027034,-6.061920859370685e-07,0.5035678622480053,0.00018448405588249463,0.00013955393842176586,0.12195388622867841,-3.8189282292694585e-07,-2.787337749673339e-17,0.1250004019336457
22,1784633496.791791,-7.38033198705623e-05,0.30408392281461444,0.2670627766821095,5.9699549235026605e-05,0.429,-0.0,0.505,1.0,-0.0,0.013,0.0,0.4331467910027034,-6.061920859370685e-07,0.5035678622480053,0.0001830812030420836,0.0001437401311696011,0.12159636740127368,-3.8189282292694585e-07,-2.787337749673339e-17,0.1250004019336457
23,1784633496.8131201,-7.165862016939958e-05,0.28841156213122165,0.26687810841513426,4.81803785474727e-05,0.428,-0.0,0.506,1.0,-0.0,0.017,0.0,0.4331467910027034,-6.061920859370685e-07,0.5035678622480053,0.00017910519642976662,0.00014739382476738755,0.12124020471515093,-3.8189282292694585e-07,-2.787337749673339e-17,0.1250004019336457
24,1784633496.8321831,-7.063443520578973e-05,0.33343347989685834,0.2684967440561806,3.952210780931915e-05,0.427,-0.0,0.506,1.0,-0.0,0.02,0.0,0.4331467910027034,-6.061920859370685e-07,0.5035678622480053,0.00016929859836632452,0.0001515138988597091,0.12077619079576728,-3.8189282292694585e-07,-2.787337749673339e-17,0.1250004019336457
25,1784633496.8528755,-7.131256940064854e-05,0.29806448454046763,0.2672328493493835,3.85090076105041e-05,0.426,-0.0,0.507,1.0,-0.0,0.024,0.0,0.4331467910027034,-6.061920859370685e-07,0.5035678622480053,0.00015249765030540425,0.00015748232783823095,0.1203371227156272,-3.8189282292694585e-07,-2.787337749673339e-17,0.1250004019336457
26,1784633496.872372,-7.40401792070498e-05,0.19061981979161396,0.26723531019843183,8.112318068714786e-05,0.424,-0.0,0.508,1.0,-0.0,0.027,0.0,0.4331467910027034,-6.061920859370685e-07,0.5035678622480053,0.0001322240157483294,0.00016852174373373598,0.12003547132934214,-3.8189282292694585e-07,-2.787337749673339e-17,0.1250004019336457
27,1784633496.8919034,-6.898510791808571e-05,0.1927376492711568,0.26085329471827484,4.966737003762772e-05,0.423,-0.0,0.509,1.0,-0.0,0.031,0.0,0.4331467910027034,-6.061920859370685e-07,0.5035678622480053,9.510998766027942e-05,0.0001923794706196797,0.11967775209827868,-3.8189282292694585e-07,-2.787337749673339e-17,0.1250004019336457
28,1784633496.9127948,-6.741009420451003e-05,0.2869432457922017,0.2640217963454726,2.6708705579692453e-05,0.421,-0.0,0.51,0.999,-0.0,0.035,0.0,0.4331467910027034,-6.061920859370685e-07,0.5035678622480053,3.215729331734575e-05,0.00023741755916397897,0.11931377848742906,-3.8189282292694585e-07,-2.787337749673339e-17,0.1274004019336457
29,1784633496.932491,-6.801993360382007e-05,0.2632739431168772,0.26271713836531574,2.549436950934931e-05,0.419,-0.0,0.511,0.999,-0.0,0.039,0.0,0.4331467910027034,-6.061920859370685e-07,0.5035678622480053,-6.284330211618909e-05,0.00031829973652373287,0.11907544857544093,-3.8189282292694585e-07,-2.787337749673339e-17,0.1274004019336457
30,1784633496.96116,-6.726260498063591e-05,0.2786949404226725,0.2655291949658169,2.0991488434219525e-05,0.418,-0.0,0.512,0.999,-0.0,0.042,0.0,0.4331467910027034,-6.061920859370685e-07,0.5035678622480053,-0.00013884608794511872,0.0003862014708346323,0.11899863879750056,-3.8189282292694585e-07,-2.787337749673339e-17,0.1274004019336457
30,1784633496.9891877,-6.278768953516442e-05,0.18571897689515046,0.2522938736181155,2.5469663539570304e-05,0.418,-0.0,0.512,0.999,-0.0,0.042,0.0,0.4331467910027034,-6.061920859370685e-07,0.5035678622480053,-0.00016768856936296095,0.0004124134664802064,0.11898482787947129,-3.8189282292694585e-07,-2.787337749673339e-17,0.1274004019336457
33,1784633497.0190797,-6.423253621200221e-05,0.27591222111216973,0.2604455169911057,1.3402275268109118e-05,0.415,-0.0,0.514,0.999,-0.0,0.047,0.0,0.4331467910027034,-6.061920859370685e-07,0.5035678622480053,-0.00037277715981223693,0.0005974973779545125,0.11901952544256042,-3.8189282292694585e-07,-2.787337749673339e-17,0.1274004019336457
33,1784633497.0581832,-0.0007562326314267891,0.2534481883657517,0.2590930482763368,-3.528875056332947e-05,0.412,-0.0,0.517,0.999,-0.0,0.052,0.0,0.4214008351343165,-3.455872791643754e-06,0.5097415853351701,-0.000652419570990977,0.0008268199762123618,0.11926950639900183,-3.8189282292694585e-07,-2.787337749673339e-17,0.1274004019336457
36,1784633497.0903506,-0.0008356787700168583,0.2189622378883503,0.24526650644481046,4.5980408116688044e-05,0.409,0.0,0.519,0.998,-0.0,0.057,0.0,0.4214008351343165,-3.455872791643754e-06,0.5097415853351701,-0.0009946326815013834,0.0010391311549154333,0.11975280381307443,-3.8189282292694585e-07,-2.787337749673339e-17,0.1274004019336457
36,1784633497.1314776,-0.0012934708106332612,0.2394310684278562,0.25620561220421356,-6.207906333791567e-05,0.405,0.0,0.523,0.998,0.0,0.062,0.0,0.4214008351343165,-3.455872791643754e-06,0.5097415853351701,-0.001267202027681564,0.0011465116702291161,0.12022355573207558,-3.8189282292694585e-07,-2.787337749673339e-17,0.1274004019336457
40,1784633497.1626828,-0.0009161942147272772,0.2186008639124195,0.255487664987073,-8.902526371450307e-05,0.398,0.0,0.529,0.998,0.0,0.071,0.0,0.4214008351343165,-3.455872791643754e-06,0.5097415853351701,-0.0019937812778846827,0.0010873321854068334,0.12186282074121192,-3.8189282292694585e-07,-2.787337749673339e-17,0.1274004019336457
40,1784633497.2005954,-0.0008351939605155358,0.2186439523093553,0.25567307049009413,-4.5189537332107544e-05,0.395,0.0,0.532,0.997,0.0,0.073,0.0,0.4214008351343165,-3.455872791643754e-06,0.5097415853351701,-0.002183071613767142,0.0009784532730375355,0.12234006896443335,-3.8189282292694585e-07,-2.787337749673339e-17,0.1298004019336457
43,1784633497.2182453,1.6964975991125655e-05,0.16320426924907094,0.2599469556782177,1.8481609280074508e-05,0.392,0.0,0.535,0.997,0.0,0.077,-0.0,0.3997990131476371,1.0723345094340391e-05,0.527643694499014,-0.002642780103359921,0.0006457881361291478,0.12351656556005979,-3.8189282292694585e-07,-2.787337749673339e-17,0.1298004019336457
44,1784633497.2329676,0.00011420892969772474,0.1522980601051575,0.26266251890269193,-2.6003096007428903e-05,0.39,0.0,0.537,0.997,0.0,0.079,-0.0,0.3997990131476371,1.0723345094340391e-05,0.527643694499014,-0.0028590814333059847,0.0004728553500360907,0.12409488496358548,-3.8189282292694585e-07,-2.787337749673339e-17,0.1298004019336457
45,1784633497.253982,0.00012686440004301762,0.12970828363517087,0.2639798294689464,-6.400891624846789e-05,0.387,0.0,0.54,0.997,0.0,0.082,-0.0,0.3997990131476371,1.0723345094340391e-05,0.527643694499014,-0.0031827085613016326,0.00020741334848757432,0.12500956755964354,-3.8189282292694585e-07,-2.787337749673339e-17,0.1298004019336457
46,1784633497.2795935,0.0003638330463598783,0.18827820702105066,0.2395351544998375,-0.0003121459165548538,0.385,0.0,0.542,0.996,0.0,0.084,-0.0,0.3997990131476371,1.0723345094340391e-05,0.527643694499014,-0.0034450405896151006,-1.4533030149943094e-05,0.12581565398000555,-3.8189282292694585e-07,-2.787337749673339e-17,0.1298004019336457
46,1784633497.3030784,0.0001448252616289923,0.12180993078493271,0.2588496389186848,-0.00022644081558804258,0.385,0.0,0.542,0.996,0.0,0.084,-0.0,0.3997990131476371,1.0723345094340391e-05,0.527643694499014,-0.0034450405896151006,-1.4533030149943094e-05,0.12581565398000555,-3.8189282292694585e-07,-2.787337749673339e-17,0.1298004019336457
48,1784633497.3241823,-0.0003095443015156554,0.146148722891776,0.25884637739218513,-0.00019153188526730542,0.384,0.0,0.543,0.996,0.0,0.085,-0.0,0.3997990131476371,1.0723345094340391e-05,0.527643694499014,-0.0035477853720042294,-0.00010545263555437546,0.12615363196571597,-3.8189282292694585e-07,-2.787337749673339e-17,0.1298004019336457
50,1784633497.339921,0.0007937945999287794,0.15154449053819385,0.2527471119758545,-0.0002124371683332488,0.381,0.0,0.546,0.996,0.0,0.088,-0.0,0.3997990131476371,1.0723345094340391e-05,0.527643694499014,-0.003848557499843778,-0.0003825704466148151,0.12723908868575373,-3.8189282292694585e-07,-2.787337749673339e-17,0.1298004019336457
50,1784633497.3584068,0.0009312492329123852,0.1472029409932392,0.25146460373934737,-0.00015678789165727677,0.379,0.0,0.548,0.996,0.0,0.089,-0.0,0.3997990131476371,1.0723345094340391e-05,0.527643694499014,-0.004091032102071096,-0.0006150088150695698,0.1282345470564457,-3.8189282292694585e-07,-2.787337749673339e-17,0.1298004019336457
51,1784633497.3734963,0.00020057808945850406,0.11401577117250586,0.2561897885372171,-0.00014500148751811202,0.378,0.0,0.55,0.996,0.0,0.09,-0.0,0.3997990131476371,1.0723345094340391e-05,0.527643694499014,-0.004335785647501451,-0.000848893666323339,0.12930905440103732,-3.8189282292694585e-07,-2.787337749673339e-17,0.1298004019336457
52,1784633497.3953967,0.0008780251429328046,0.13371593936983767,0.2502470510879073,-0.00012622068196357122,0.375,0.0,0.554,0.996,0.0,0.093,-0.0,0.3997990131476371,1.0723345094340391e-05,0.527643694499014,-0.004575114462866481,-0.001076721772587699,0.13044696773136147,-3.8189282292694585e-07,-2.787337749673339e-17,0.13272933412178023
53,1784633497.413692,0.0002059467403946135,0.05127456581075655,0.25920872586670346,-4.8932032339669434e-05,0.373,0.0,0.556,0.995,0.0,0.095,-0.0,0.3997990131476371,1.0723345094340391e-05,0.527643694499014,-0.004805231775303557,-0.0013036140837108543,0.13163224620084918,-3.8189282292694585e-07,-2.787337749673339e-17,0.13272933412178023
54,1784633497.433508,0.000149029944166085,0.08164540743067795,0.25560894758957886,-2.057590517021698e-05,0.372,0.0,0.558,0.995,0.0,0.096,-0.0,0.3997990131476371,1.0723345094340391e-05,0.527643694499014,-0.0048952810744616135,-0.0013941246095714676,0.1321209255113379,-3.8189282292694585e-07,-2.787337749673339e-17,0.13272933412178023
55,1784633497.4602764,0.00014357177616426526,0.053243422554836994,0.25745802012143626,5.689156320641269e-06,0.37,0.0,0.561,0.995,0.0,0.097,-0.0,0.3997990131476371,1.0723345094340391e-05,0.527643694499014,-0.0051149419390811406,-0.0016147459883944868,0.13337560809801494,-3.8189282292694585e-07,-2.787337749673339e-17,0.13272933412178023
55,1784633497.4720676,0.001322350739884756,0.11389989644764428,0.24904895910920766,1.6321607297168772e-05,0.369,0.0,0.561,0.995,0.0,0.098,-0.0,0.3997990131476371,1.0723345094340391e-05,0.527643694499014,-0.005157731250864149,-0.0016570025300275035,0.13363110667375247,-3.8189282292694585e-07,-2.787337749673339e-17,0.13272933412178023
57,1784633497.4916656,0.006309985242505202,0.031660406857300524,0.24873624317555934,0.0005271747490734403,0.367,0.0,0.565,0.995,0.0,0.1,-0.0,0.37530789197643927,7.320129925704873e-05,0.5531090724896659,-0.005439952071349685,-0.0019245599813407816,0.13546073934382674,-3.8189282292694585e-07,-2.787337749673339e-17,0.13272933412178023
58,1784633497.5133185,0.007948348811509805,0.13068937477577747,0.23015321210335127,0.0004305204875817317,0.365,0.0,0.569,0.995,0.0,0.101,-0.0,0.37530789197643927,7.320129925704873e-05,0.5531090724896659,-0.005660067457950404,-0.0021219877919656555,0.1371038689517998,-3.8189282292694585e-07,-2.787337749673339e-17,0.13272933412178023
59,1784633497.5331802,0.006787708675782511,0.1648710318801372,0.22640859106603337,0.00037404664693369753,0.363,0.0,0.571,0.995,0.0,0.102,-0.0,0.37530789197643927,7.320129925704873e-05,0.5531090724896659,-0.005800081580102982,-0.002245956783017702,0.13825310690399611,-3.8189282292694585e-07,-2.787337749673339e-17,0.13272933412178023
60,1784633497.5521598,0.006946479373476551,0.060749380795634036,0.2536397572031346,3.3978898684938904e-05,0.361,0.0,0.574,0.995,0.0,0.103,-0.0,0.37530789197643927,7.320129925704873e-05,0.5531090724896659,-0.006076470944344486,-0.0024853876862453213,0.14069360064878045,-3.8189282292694585e-07,-2.787337749673339e-17,0.13272933412178023
61,1784633497.5736504,0.006893765289546873,-0.040742443164088246,0.25621860012675335,0.0007559108067911434,0.36,0.0,0.577,0.995,0.0,0.103,-0.0,0.37530789197643927,7.320129925704873e-05,0.5531090724896659,-0.006214515925532707,-0.002599594154247773,0.1419715101946969,-3.8189282292694585e-07,-2.787337749673339e-17,0.13272933412178023
62,1784633497.5930622,0.006497842170328114,-0.005704420148549549,0.24745190972212142,0.0005724266392442608,0.359,0.0,0.579,0.995,0.0,0.103,-0.0,0.37530789197643927,7.320129925704873e-05,0.5531090724896659,-0.00635395862783154,-0.0027047925537665484,0.14327147405822818,-3.8189282292694585e-07,-2.787337749673339e-17,0.13272933412178023
63,1784633497.6182363,0.005181263392427623,0.09152727996269522,0.2278159975249448,0.00030836504210716607,0.358,0.0,0.58,0.995,0.0,0.104,-0.0,0.37530789197643927,7.320129925704873e-05,0.5531090724896659,-0.006456896008830297,-0.0027760186133622853,0.14425959146665748,-3.8189282292694585e-07,-2.787337749673339e-17,0.13772933412178023
64,1784633497.645756,0.006272335025752278,-0.010757491817963274,0.25207330581407933,0.0003636284941288515,0.358,0.0,0.581,0.995,0.0,0.104,-0.0,0.37530789197643927,7.320129925704873e-05,0.5531090724896659,-0.006522717457205998,-0.002820675659940943,0.14492311616469022,-3.8189282292694585e-07,-2.787337749673339e-17,0.13772933412178023
64,1784633497.6794424,0.006828017690560245,-0.09295448082305563,0.2572284092356474,0.000673804819989869,0.358,0.0,0.582,0.995,0.0,0.104,-0.0,0.37530789197643927,7.320129925704873e-05,0.5531090724896659,-0.006554410926549558,-0.0028424330222534488,0.14525605874804223,-3.8189282292694585e-07,-2.787337749673339e-17,0.13772933412178023
67,1784633497.6989348,0.006460204541468503,-0.09317578707686273,0.2562022116892526,0.0005479721804555963,0.357,0.0,0.583,0.995,0.0,0.104,-0.0,0.37530789197643927,7.320129925704873e-05,0.5531090724896659,-0.006644034047400787,-0.00290706485410138,0.14626013069203914,-3.8189282292694585e-07,-2.787337749673339e-17,0.13772933412178023
68,1784633497.7120378,0.0026762814436354894,-0.09183977521336965,0.25792655976322937,0.00038036769001997936,0.355,0.0,0.589,0.994,0.0,0.105,-0.0,0.35879187262271633,0.00010373928640192024,0.5790483592317708,-0.006915143659046067,-0.0031329661420969523,0.1496711451310434,-3.8189282292694585e-07,-2.787337749673339e-17,0.13772933412178023
69,1784633497.7338455,-0.005037297192027995,0.008375929924030814,0.23382067555713498,0.0002639152982625869,0.353,0.0,0.596,0.994,0.0,0.105,-0.0,0.35879187262271633,0.00010373928640192024,0.5790483592317708,-0.007296748918931749,-0.003460753401234608,0.1550194210048359,-3.8189282292694585e-07,-2.787337749673339e-17,0.13772933412178023
70,1784633497.7524717,-0.0004084099403934005,-0.09103668516536298,0.253382915397871,8.250297463998735e-05,0.353,0.0,0.597,0.994,0.0,0.105,-0.0,0.35879187262271633,0.00010373928640192024,0.5790483592317708,-0.007340801301778697,-0.003506570726323264,0.15577366531183862,-3.8189282292694585e-07,-2.787337749673339e-17,0.13772933412178023
71,1784633497.7728431,-0.005932170625444698,0.0034896396830080834,0.23219482788420426,0.00018254836508350126,0.352,0.0,0.599,0.994,0.0,0.105,-0.0,0.35879187262271633,0.00010373928640192024,0.5790483592317708,-0.007419347330001591,-0.0036091231560008486,0.157312535725195,-3.8189282292694585e-07,-2.787337749673339e-17,0.13772933412178023
72,1784633497.792714,0.0003073325295353396,-0.09642060849419529,0.2585693183937505,-1.8541468871168193e-05,0.352,0.0,0.6,0.994,0.0,0.105,-0.0,0.35879187262271633,0.00010373928640192024,0.5790483592317708,-0.007469604704682703,-0.0036985198968112385,0.1584882156406185,-3.8189282292694585e-07,-2.787337749673339e-17,0.13772933412178023
73,1784633497.8122017,-0.0013066442089046404,-0.07743157304066373,0.2502044389343789,0.00017158926859446258,0.352,0.0,0.603,0.995,0.0,0.105,-0.0,0.35879187262271633,0.00010373928640192024,0.5790483592317708,-0.007549973951563868,-0.003915389240170748,0.16087131805633562,-3.8189282292694585e-07,-2.787337749673339e-17,0.13772933412178023
74,1784633497.832597,-0.0005532270984823938,-0.09288706666633238,0.25478836065056754,0.0001399662821123486,0.352,-0.0,0.605,0.995,0.0,0.104,-0.0,0.35879187262271633,0.00010373928640192024,0.5790483592317708,-0.007589189464482839,-0.004085337585303741,0.16246665869774365,-3.8189282292694585e-07,-2.787337749673339e-17,0.14514114367075504
75,1784633497.86714,-0.0020615179260299716,-0.06860903492201262,0.249615926943005,0.00016868383801899958,0.351,-0.0,0.606,0.995,0.0,0.104,-0.0,0.35879187262271633,0.00010373928640192024,0.5790483592317708,-0.007617634334639445,-0.004267799728577921,0.1640693205987283,-3.8189282292694585e-07,-2.787337749673339e-17,0.14514114367075504
75,1784633497.8832972,-0.0065774793083477265,0.004491181457011384,0.2309708101170425,0.00014971051532556236,0.351,-0.0,0.608,0.995,0.0,0.104,-0.0,0.35879187262271633,0.00010373928640192024,0.5790483592317708,-0.007627512315511698,-0.004360398247985938,0.16487480978124727,-3.8189282292694585e-07,-2.787337749673339e-17,0.14514114367075504
77,1784633497.89997,-0.000674060998719298,-0.09396160675380802,0.2514317157157643,1.230928427278891e-06,0.351,-0.0,0.609,0.995,0.0,0.103,-0.0,0.35879187262271633,0.00010373928640192024,0.5790483592317708,-0.007638462158580564,-0.004543725938388807,0.1664973282149104,-3.8189282292694585e-07,-2.787337749673339e-17,0.14514114367075504
78,1784633497.9166818,-0.005655717168225655,-0.017660866246613144,0.23107697167970837,0.00020062468964039156,0.351,-0.0,0.61,0.995,0.0,0.103,-0.0,0.35879187262271633,0.00010373928640192024,0.5790483592317708,-0.0076394158369391734,-0.0046779045130134304,0.16772980006503224,-3.8189282292694585e-07,-2.787337749673339e-17,0.14514114367075504
79,1784633497.9351075,-0.015310181499920174,-0.009318967221725476,0.23378655872996235,0.00020156614751655976,0.351,-0.0,0.612,0.995,0.0,0.103,-0.0,0.35171625122074246,5.140304694340771e-06,0.6031844096184753,-0.007634463673199937,-0.004807452539417846,0.16897737723796913,-3.8189282292694585e-07,-2.787337749673339e-17,0.14514114367075504
80,1784633497.9534,-0.016158201966088873,-0.029114267969352233,0.23445252210694517,0.0001720097765843111,0.352,-0.0,0.614,0.995,0.0,0.102,-0.0,0.35171625122074246,5.140304694340771e-06,0.6031844096184753,-0.007607733455783742,-0.00507976863656981,0.17193303928430645,-3.8189282292694585e-07,-2.787337749673339e-17,0.14514114367075504
81,1784633497.972385,-0.009409686123525655,-0.10279509446124793,0.2573616455982896,1.7832006788404923e-05,0.352,-0.0,0.617,0.995,0.0,0.102,-0.0,0.35171625122074246,5.140304694340771e-06,0.6031844096184753,-0.007578966066681211,-0.0052709293001334855,0.1745174854682332,-3.8189282292694585e-07,-2.787337749673339e-17,0.14514114367075504
82,1784633497.993186,-0.011143984220679862,-0.09528198667424823,0.25541059575507546,0.00013309991970542512,0.352,-0.0,0.618,0.995,0.0,0.101,-0.0,0.35171625122074246,5.140304694340771e-06,0.6031844096184753,-0.007567029906110886,-0.00534963983599529,0.17582505378830104,-3.8189282292694585e-07,-2.787337749673339e-17,0.14514114367075504
83,1784633498.0131927,-0.015188525530339905,-0.08726880951280389,0.2389276505601845,0.0002892093425701579,0.353,-0.0,0.62,0.995,0.0,0.101,-0.0,0.35171625122074246,5.140304694340771e-06,0.6031844096184753,-0.0075592973622296685,-0.0054201013698849014,0.17713890203349422,-3.8189282292694585e-07,-2.787337749673339e-17,0.14514114367075504
84,1784633498.0380955,-0.008735087446182397,-0.10815643090762529,0.2608545047842054,0.00016837086959594998,0.353,-0.0,0.621,0.995,0.0,0.101,-0.0,0.35171625122074246,5.140304694340771e-06,0.6031844096184753,-0.00755253252505599,-0.005483618594458005,0.178457268171,-3.8189282292694585e-07,-2.787337749673339e-17,0.14514114367075504
84,1784633498.059589,-0.008689111271499057,-0.110798259085956,0.2641379139202327,0.00018606176466487152,0.353,-0.0,0.621,0.995,0.0,0.101,-0.0,0.35171625122074246,5.140304694340771e-06,0.6031844096184753,-0.00755253252505599,-0.005483618594458005,0.178457268171,-3.8189282292694585e-07,-2.787337749673339e-17,0.14514114367075504
86,1784633498.081049,-0.008652208600726805,-0.11139719481043488,0.2646015734728839,0.00019977897428691843,0.353,-0.0,0.621,0.995,0.0,0.101,-0.0,0.35171625122074246,5.140304694340771e-06,0.6031844096184753,-0.007546984086948267,-0.005523564647833019,0.179340019008028,-3.8189282292694585e-07,-2.787337749673339e-17,0.14514114367075504
86,1784633498.0967832,-0.009348754674856708,-0.10863764387601614,0.25667615115477826,0.00023760994860201287,0.354,-0.0,0.622,0.995,0.0,0.1,-0.0,0.35171625122074246,5.140304694340771e-06,0.6031844096184753,-0.007532914628998956,-0.005600859230346692,0.18111857804736026,-3.8189282292694585e-07,-2.787337749673339e-17,0.15514114367075502
88,1784633498.1430624,-0.00853021097082503,-0.11167803455792336,0.2606868045696015,0.0002335979884661979,0.354,-0.0,0.624,0.995,0.0,0.1,-0.0,0.35171625122074246,5.140304694340771e-06,0.6031844096184753,-0.007517063086112741,-0.005692314680545745,0.18337124002062058,-3.8189282292694585e-07,-2.787337749673339e-17,0.15514114367075502
88,1784633498.1629622,-0.011440507258693404,-0.11140024545728619,0.254813429224377,0.0003122331888640446,0.356,-0.001,0.628,0.995,0.0,0.098,-0.0,0.35171625122074246,5.140304694340771e-06,0.6031844096184753,-0.0074603485471987,-0.005871930996940801,0.18902826909019269,-3.8189282292694585e-07,-2.787337749673339e-17,0.15514114367075502
91,1784633498.18729,-0.017221799543300206,-0.14520666567960616,0.2407386636869739,0.00047008994471201525,0.358,-0.001,0.631,0.995,0.0,0.097,-0.0,0.3535647175567009,-0.00034763967317013884,0.6224499370807939,-0.007385077533662276,-0.005959112503387282,0.19253463651378847,-3.8189282292694585e-07,-2.787337749673339e-17,0.15514114367075502
93,1784633498.211979,-0.013459539416983753,-0.1216855291081343,0.25480923778176534,0.0005011151171534416,0.359,-0.001,0.633,0.995,0.0,0.097,-0.0,0.3535647175567009,-0.00034763967317013884,0.6224499370807939,-0.007315174410806072,-0.006016669339750635,0.19513903557339088,-3.8189282292694585e-07,-2.787337749673339e-17,0.15514114367075502
93,1784633498.2322,-0.014741186372084334,-0.11955012449213345,0.25646611760830457,0.0005404216706063439,0.359,-0.001,0.634,0.995,-0.0,0.096,-0.0,0.3535647175567009,-0.00034763967317013884,0.6224499370807939,-0.0072688891467964385,-0.006047073357902231,0.19674442387060573,-3.8189282292694585e-07,-2.787337749673339e-17,0.15514114367075502
95,1784633498.2521956,-0.014838205368818762,-0.1259599270265217,0.25619841567817764,0.000537672488404998,0.36,-0.001,0.635,0.995,-0.0,0.096,-0.0,0.3535647175567009,-0.00034763967317013884,0.6224499370807939,-0.007220680152372184,-0.006073702881091347,0.19838004966583447,-3.8189282292694585e-07,-2.787337749673339e-17,0.15514114367075502
95,1784633498.2720046,-0.014417877282684025,-0.1230358065017223,0.25588618221428167,0.0005369716459344923,0.361,-0.001,0.637,0.995,-0.0,0.095,-0.0,0.3535647175567009,-0.00034763967317013884,0.6224499370807939,-0.007158537773707054,-0.0060996979993083985,0.2006008773860964,-3.8189282292694585e-07,-2.787337749673339e-17,0.15514114367075502
97,1784633498.292113,-0.012387191618512441,-0.10388300923598466,0.2616226158390936,0.0004979631402838305,0.362,-0.001,0.638,0.996,-0.0,0.094,-0.0,0.3535647175567009,-0.00034763967317013884,0.6224499370807939,-0.007080877009972685,-0.006108992311192478,0.20400260943281545,-3.8189282292694585e-07,-2.787337749673339e-17,0.15514114367075502
97,1784633498.3121858,-0.01954755378505533,-0.16284391056111064,0.23862410205125684,0.000590732431619093,0.363,-0.001,0.639,0.996,-0.0,0.094,-0.0,0.3535647175567009,-0.00034763967317013884,0.6224499370807939,-0.007048180785359056,-0.0061041532255297435,0.20573592776333036,-3.8189282292694585e-07,-2.787337749673339e-17,0.15514114367075502
99,1784633498.3317769,-0.014995657555429118,-0.11582051378827124,0.25264486292139166,0.000667216068564752,0.364,-0.001,0.641,0.996,-0.0,0.093,-0.0,0.3535647175567009,-0.00034763967317013884,0.6224499370807939,-0.007019072606693889,-0.006094073712369134,0.2074927996106595,-3.8189282292694585e-07,-2.787337749673339e-17,0.15514114367075502
99,1784633498.3521988,-0.012770224397629508,-0.1000961660388324,0.25999641271500235,0.000597333284422677,0.366,-0.001,0.643,0.996,-0.0,0.092,-0.0,0.3535647175567009,-0.00034763967317013884,0.6224499370807939,-0.006963104029166419,-0.006063672929017691,0.21106690286247287,-3.8189282292694585e-07,-2.787337749673339e-17,0.16772933412178023
101,1784633498.3728805,-0.014197745299887366,-0.11410301055030679,0.2547537259703849,0.0005559475677724114,0.367,-0.001,0.644,0.996,-0.0,0.091,-0.0,0.3535647175567009,-0.00034763967317013884,0.6224499370807939,-0.006933383221673835,-0.0060438728278630945,0.21288205868105542,-3.8189282292694585e-07,-2.787337749673339e-17,0.16772933412178023
101,1784633498.392272,-0.01226687323893881,-0.09134352423912995,0.25979773980155807,0.0005303675330297628,0.369,-0.001,0.646,0.996,-0.0,0.09,-0.0,0.3535647175567009,-0.00034763967317013884,0.6224499370807939,-0.006882927765520301,-0.005987471062409114,0.2165511543571208,-3.8189282292694585e-07,-2.787337749673339e-17,0.16772933412178023
103,1784633498.4125907,-0.002256351581749763,-0.0862071486348221,0.26037926217962437,0.00024299461504839347,0.37,-0.001,0.647,0.996,-0.001,0.089,-0.0,0.3535647175567009,-0.00034763967317013884,0.6224499370807939,-0.00686041927650296,-0.005937668572159471,0.2190244604744435,-3.8189282292694585e-07,-2.787337749673339e-17,0.16772933412178023
103,1784633498.431932,-0.0015038554100820951,-0.09104515967000858,0.25831675864402104,8.405779942741436e-05,0.371,-0.001,0.648,0.996,-0.001,0.089,-0.0,0.3656194626188443,-0.0011619830894816106,0.6423665546905881,-0.006846382273196579,-0.005892568996227396,0.22089540599828178,-3.8189282292694585e-07,-2.787337749673339e-17,0.16772933412178023
105,1784633498.4533553,-0.0012221424428873508,-0.0642972013738811,0.26377856814007905,1.666007490577026e-05,0.372,-0.002,0.649,0.996,-0.001,0.088,-0.0,0.3656194626188443,-0.0011619830894816106,0.6423665546905881,-0.006838852636234308,-0.005859097768993837,0.22215234668197364,-3.8189282292694585e-07,-2.787337749673339e-17,0.16772933412178023
105,1784633498.472704,-0.0012567661259459506,-0.060318670695894125,0.2640847728888741,-4.295722504935094e-05,0.373,-0.002,0.651,0.996,-0.001,0.087,-0.0,0.3656194626188443,-0.0011619830894816106,0.6423665546905881,-0.006827970101454684,-0.005763916061158955,0.22533614547665293,-3.8189282292694585e-07,-2.787337749673339e-17,0.16772933412178023
107,1784633498.49201,-0.001276210421662205,-0.05699537801629735,0.2637716477619215,-8.598785995103256e-05,0.375,-0.002,0.652,0.996,-0.001,0.086,-0.0,0.3656194626188443,-0.0011619830894816106,0.6423665546905881,-0.006826270897843335,-0.005679180121093184,0.22793019502232287,-3.8189282292694585e-07,-2.787337749673339e-17,0.16772933412178023
107,1784633498.5115504,-0.002118183645653487,-0.05665008513398667,0.2259018970179159,-0.00010417197643876439,0.376,-0.002,0.654,0.996,-0.001,0.085,-0.0,0.3656194626188443,-0.0011619830894816106,0.6423665546905881,-0.00682839828771866,-0.0056131984699245374,0.22990371438493273,-3.8189282292694585e-07,-2.787337749673339e-17,0.16772933412178023
109,1784633498.5361557,-0.0018963484528966381,-0.04767426419609863,0.25305078074649257,-0.00012045101933419884,0.378,-0.002,0.655,0.996,-0.001,0.084,-0.0,0.3656194626188443,-0.0011619830894816106,0.6423665546905881,-0.006840837831799537,-0.005502348419501281,0.2332571429017879,-3.8189282292694585e-07,-2.787337749673339e-17,0.16772933412178023
109,1784633498.5628116,-0.0030983951665096553,-0.039791138105560606,0.23504179072047682,-5.82542183397483e-05,0.38,-0.002,0.657,0.997,-0.001,0.083,-0.0,0.3656194626188443,-0.0011619830894816106,0.6423665546905881,-0.006865447586937512,-0.00539304003188771,0.23670414939081943,-3.8189282292694585e-07,-2.787337749673339e-17,0.16772933412178023
111,1784633498.5909667,-0.003156650079011906,-0.037466758818693595,0.24779387045002424,-3.775376637018205e-05,0.383,-0.002,0.66,0.997,-0.001,0.082,-0.0,0.3656194626188443,-0.0011619830894816106,0.6423665546905881,-0.006944749299770208,-0.005260165249942573,0.24236020301248956,-3.8189282292694585e-07,-2.787337749673339e-17,0.16772933412178023
113,1784633498.6193132,-0.01438409760939358,-0.13651542257984073,0.21007850636309783,-2.5924482225170654e-05,0.384,-0.002,0.662,0.997,-0.001,0.082,-0.0,0.3656194626188443,-0.0011619830894816106,0.6423665546905881,-0.006998013442326762,-0.005228929016759823,0.2444885286099462,-3.8189282292694585e-07,-2.787337749673339e-17,0.18272933412178022
113,1784633498.6501203,-0.004121497484838553,-0.06281151539050349,0.2525763867220281,-0.00018968345412261712,0.386,-0.002,0.664,0.997,-0.001,0.081,-0.0,0.3656194626188443,-0.0011619830894816106,0.6423665546905881,-0.007149725354022434,-0.005191754508732502,0.24875177403328788,-3.8189282292694585e-07,-2.787337749673339e-17,0.18272933412178022
116,1784633498.6808167,-0.014837084836012124,-0.16124120321184282,0.21344033818876446,-0.00011278190429788622,0.389,-0.002,0.667,0.997,-0.001,0.08,-0.0,0.3823200137808138,-0.0020701263445821725,0.6600460223462074,-0.007454328455833052,-0.005208507310419277,0.2544602749928481,-3.8189282292694585e-07,-2.787337749673339e-17,0.18272933412178022
116,1784633498.7103121,-0.00355937427761047,-0.137925077831215,0.2572639268986968,-0.0004615316100899258,0.393,-0.003,0.669,0.997,-0.001,0.08,-0.0,0.3823200137808138,-0.0020701263445821725,0.6600460223462074,-0.007843435748757661,-0.005289270422175728,0.25947881895140895,-3.8189282292694585e-07,-2.787337749673339e-17,0.18272933412178022
119,1784633498.7506409,-0.006133920287032682,-0.17868212338029377,0.22933969097393536,-0.00021792327761006142,0.395,-0.003,0.671,0.997,-0.001,0.079,-0.0,0.3823200137808138,-0.0020701263445821725,0.6600460223462074,-0.008461239469360636,-0.00543267760603965,0.2652237177850547,-3.8189282292694585e-07,-2.787337749673339e-17,0.18272933412178022
119,1784633498.7786603,-0.005271405042165445,-0.16056930036778808,0.2506373975522592,-3.8263265465348837e-05,0.4,-0.003,0.673,0.997,-0.001,0.078,-0.0,0.3823200137808138,-0.0020701263445821725,0.6600460223462074,-0.009647918976599772,-0.005708590173496412,0.2737475404723649,-3.8189282292694585e-07,-2.787337749673339e-17,0.18272933412178022
122,1784633498.8104599,-0.011780184596270789,-0.20508076361345345,0.22356837956480494,0.00021774484473310835,0.402,-0.003,0.675,0.997,-0.001,0.077,-0.0,0.3823200137808138,-0.0020701263445821725,0.6600460223462074,-0.010209800335146506,-0.00587960582561983,0.2772822836322994,-3.8189282292694585e-07,-2.787337749673339e-17,0.18272933412178022
122,1784633498.8480768,-0.011585190824358948,-0.18729017346625365,0.24388020895643273,0.00035966496220330265,0.404,-0.003,0.676,0.997,-0.001,0.076,-0.0,0.3823200137808138,-0.0020701263445821725,0.6600460223462074,-0.01080191992241273,-0.006099373019855725,0.2808233928903488,-3.8189282292694585e-07,-2.787337749673339e-17,0.1998004019336457
126,1784633498.894822,0.0021343367866736383,-0.08262117175651951,0.24759995819698016,-0.00030352239330186224,0.408,-0.003,0.677,0.997,-0.001,0.074,-0.0,0.4028002426848602,-0.002929823863278464,0.6751667220858194,-0.012050074958836395,-0.006680458787585128,0.28778288365131505,-3.8189282292694585e-07,-2.787337749673339e-17,0.1998004019336457
126,1784633498.924288,0.005207177740605183,0.004575216655626824,0.24397797265366142,-0.0006109730004883697,0.411,-0.003,0.679,0.997,-0.001,0.072,0.0,0.4028002426848602,-0.002929823863278464,0.6751667220858194,-0.01281414284178918,-0.007101613696066115,0.29179130884355514,-3.8189282292694585e-07,-2.787337749673339e-17,0.1998004019336457
129,1784633498.9625971,0.005481997306175403,0.05681177501415687,0.24742931614643418,-0.000626454924231576,0.413,-0.003,0.679,0.998,-0.001,0.07,0.0,0.4028002426848602,-0.002929823863278464,0.6751667220858194,-0.013586740422395011,-0.0075727838361615745,0.2956380495337285,-3.8189282292694585e-07,-2.787337749673339e-17,0.1998004019336457
132,1784633499.0145347,0.011395795084696637,0.007168822157639226,0.23923920355471986,-0.0005379719259756858,0.416,-0.003,0.68,0.998,-0.002,0.068,0.0,0.4028002426848602,-0.002929823863278464,0.6751667220858194,-0.014341369590892944,-0.00806849367913899,0.29931310807563466,-3.8189282292694585e-07,-2.787337749673339e-17,0.1998004019336457
132,1784633499.0635417,0.016651407635303084,0.10404853689754762,0.25436690907121656,-0.0010964123731638312,0.42,-0.004,0.681,0.998,-0.002,0.065,0.0,0.4028002426848602,-0.002929823863278464,0.6751667220858194,-0.015636230083613107,-0.008974019021160393,0.3055915483593313,-3.8189282292694585e-07,-2.787337749673339e-17,0.1998004019336457
136,1784633499.094427,0.013579941913842654,0.0628309554310708,0.24192267109323198,-0.0009663704613395493,0.424,-0.004,0.682,0.998,-0.002,0.063,0.0,0.4028002426848602,-0.002929823863278464,0.6751667220858194,-0.01681991691916162,-0.009848701633940754,0.31133658457411506,-3.8189282292694585e-07,-2.787337749673339e-17,0.2184606559714901
138,1784633499.1260955,0.014174992030372568,0.09558485395929345,0.2529281412813555,-0.0009105053675492483,0.426,-0.004,0.682,0.998,-0.002,0.062,0.0,0.4028002426848602,-0.002929823863278464,0.6751667220858194,-0.017530001299820016,-0.010384260456335647,0.314721817791442,-3.8189282292694585e-07,-2.787337749673339e-17,0.2184606559714901
138,1784633499.1599126,0.00968435537247459,0.11085531139713625,0.24731319286658476,-0.0009371917748350056,0.428,-0.004,0.682,0.998,-0.002,0.062,0.0,0.42202777366472355,-0.003630666489380276,0.6815452435629743,-0.018192401810337107,-0.01089735826765227,0.31791253057292296,-3.8189282292694585e-07,-2.787337749673339e-17,0.2184606559714901
141,1784633499.1897326,0.014573930454953614,0.20284837018129498,0.25383680080344695,-0.0009713645617535859,0.429,-0.004,0.683,0.998,-0.002,0.062,0.0,0.42202777366472355,-0.003630666489380276,0.6815452435629743,-0.018546782670611762,-0.011185456989047425,0.3196599241161011,-3.8189282292694585e-07,-2.787337749673339e-17,0.2184606559714901
141,1784633499.2176917,0.006948283883427332,0.10683728826244214,0.2467545222495404,-0.0008598475738241383,0.431,-0.004,0.683,0.998,-0.002,0.062,0.0,0.42202777366472355,-0.003630666489380276,0.6815452435629743,-0.018962165666873275,-0.01154065879846531,0.32176317251715314,-3.8189282292694585e-07,-2.787337749673339e-17,0.2184606559714901
144,1784633499.2333405,-0.0052504312739468885,0.0838370261576349,0.2518854860627125,-0.0005924189264072084,0.433,-0.004,0.683,0.998,-0.001,0.063,0.0,0.42202777366472355,-0.003630666489380276,0.6815452435629743,-0.019478764224685936,-0.012022750360902619,0.3245554040523762,-3.8189282292694585e-07,-2.787337749673339e-17,0.2184606559714901
144,1784633499.2554684,-0.006622228436766695,0.0743017040731812,0.24810474907134597,-0.000387757433375515,0.434,-0.004,0.683,0.998,-0.001,0.063,0.0,0.42202777366472355,-0.003630666489380276,0.6815452435629743,-0.019743217600376905,-0.012289729332037468,0.3260775157021016,-3.8189282292694585e-07,-2.787337749673339e-17,0.2184606559714901
146,1784633499.2764294,-0.007304360738001427,0.05698776446660591,0.25065640818869445,-0.00027635995784728684,0.435,-0.004,0.684,0.998,-0.001,0.064,0.0,0.42202777366472355,-0.003630666489380276,0.6815452435629743,-0.0200379431462926,-0.012617322150134716,0.32790582330721213,-3.8189282292694585e-07,-2.787337749673339e-17,0.2184606559714901
146,1784633499.3011627,-0.02244482086318051,-0.04439658847704651,0.2451762917763857,-0.00022051405871126664,0.436,-0.004,0.684,0.998,-0.001,0.065,0.0,0.42202777366472355,-0.003630666489380276,0.6815452435629743,-0.020194548924213598,-0.01280950598258324,0.328963966663704,-3.8189282292694585e-07,-2.787337749673339e-17,0.2184606559714901
148,1784633499.3227158,-0.02293183490395312,-0.14272249991826827,0.2482399232622326,0.0001548617562232856,0.437,-0.004,0.684,0.998,-0.001,0.066,0.0,0.42202777366472355,-0.003630666489380276,0.6815452435629743,-0.020382072964372083,-0.013064113578513262,0.3303340762595528,-3.8189282292694585e-07,-2.787337749673339e-17,0.23811991423438078
148,1784633499.3453572,-0.009205250153055946,-0.03934833967210362,0.25054906758528656,0.000433687269615688,0.438,-0.004,0.684,0.998,-0.001,0.066,0.0,0.42202777366472355,-0.003630666489380276,0.6815452435629743,-0.020467485762369095,-0.013189230708695591,0.33100225127937294,-3.8189282292694585e-07,-2.787337749673339e-17,0.23811991423438078
150,1784633499.3648052,-0.0034232854337394453,0.060550823119792305,0.24979336456005177,0.00017775031363900876,0.439,-0.004,0.684,0.998,-0.001,0.067,0.0,0.42202777366472355,-0.003630666489380276,0.6815452435629743,-0.02062135617762691,-0.013435131181541288,0.3323037126624691,-3.8189282292694585e-07,-2.787337749673339e-17,0.23811991423438078
150,1784633499.3938718,-0.0023794814363458836,0.08978988687788833,0.25041408599375503,-1.6677639177797675e-05,0.439,-0.004,0.684,0.998,-0.001,0.068,0.0,0.42202777366472355,-0.003630666489380276,0.6815452435629743,-0.020752661756957495,-0.013676614496054918,0.333557602191211,-3.8189282292694585e-07,-2.787337749673339e-17,0.23811991423438078
153,1784633499.413231,-0.0047648963838589735,0.17242522216093506,0.2551335123265183,-0.00014965656422159224,0.44,-0.004,0.685,0.998,-0.001,0.069,0.0,0.4371474249153102,-0.004264126680728621,0.6839614631537791,-0.020837131127170883,-0.013853529452041987,0.33446465661766556,-3.8189282292694585e-07,-2.787337749673339e-17,0.23811991423438078
153,1784633499.4337573,-0.002871035119490297,0.18906889992096748,0.25201175878410376,-0.00022025446886831198,0.441,-0.004,0.685,0.998,-0.001,0.069,0.0,0.4371474249153102,-0.004264126680728621,0.6839614631537791,-0.020909067781841567,-0.01402439777995483,0.3353411997749039,-3.8189282292694585e-07,-2.787337749673339e-17,0.23811991423438078
155,1784633499.4491196,-0.004989059251786753,0.17331935497029433,0.2540111993293348,-0.00033654366145917435,0.441,-0.005,0.685,0.998,-0.001,0.069,0.0,0.4371474249153102,-0.004264126680728621,0.6839614631537791,-0.020968374860714855,-0.014188430578832446,0.3361875373536045,-3.8189282292694585e-07,-2.787337749673339e-17,0.23811991423438078
155,1784633499.4624755,-0.008450806231232254,0.1278014140289661,0.25095959346637103,-0.000414862691644166,0.442,-0.005,0.685,0.998,-0.001,0.07,0.0,0.4371474249153102,-0.004264126680728621,0.6839614631537791,-0.021048889602648474,-0.01449767457703162,0.33779443692525835,-3.8189282292694585e-07,-2.787337749673339e-17,0.23811991423438078
156,1784633499.4788718,-0.014865167463274653,0.07037582448055235,0.24982759618839298,-0.0004303382854255709,0.443,-0.005,0.686,0.998,-0.001,0.07,0.0,0.4371474249153102,-0.004264126680728621,0.6839614631537791,-0.021066180446318666,-0.01495125619871078,0.3402240632861724,-3.8189282292694585e-07,-2.787337749673339e-17,0.23811991423438078
157,1784633499.4953542,-0.015582320899998843,0.06230529891139183,0.25040836925208015,-0.00023849272972164905,0.444,-0.005,0.686,0.997,-0.001,0.071,0.0,0.4371474249153102,-0.004264126680728621,0.6839614631537791,-0.021003788864277815,-0.015184391003673761,0.3415442513750319,-3.8189282292694585e-07,-2.787337749673339e-17,0.23811991423438078
158,1784633499.5138774,-0.008122376133558666,0.1398508940149104,0.2531533441147213,8.319653428881247e-06,0.445,-0.005,0.686,0.997,-0.001,0.071,0.0,0.4371474249153102,-0.004264126680728621,0.6839614631537791,-0.0209105470648175,-0.015356449351239846,0.3425736325466221,-3.8189282292694585e-07,-2.787337749673339e-17,0.23811991423438078
159,1784633499.534558,-0.008899602644636028,0.12921546369267253,0.25084367425552717,-0.00010948177613962791,0.446,-0.005,0.687,0.997,-0.001,0.072,0.0,0.4371474249153102,-0.004264126680728621,0.6839614631537791,-0.020716994068543413,-0.015564763729750047,0.34390353206347424,-3.8189282292694585e-07,-2.787337749673339e-17,0.25811991423438074
160,1784633499.5618112,-0.00619446297188989,0.14405988420041843,0.2537588463643611,-0.0001089923402117511,0.446,-0.005,0.687,0.997,-0.001,0.073,0.0,0.4371474249153102,-0.004264126680728621,0.6839614631537791,-0.020613012123421835,-0.015638656451241316,0.34443314959199145,-3.8189282292694585e-07,-2.787337749673339e-17,0.25811991423438074
160,1784633499.5864336,-0.006064129925595027,0.14422239980368234,0.2515502647633701,-0.00017315515013609434,0.446,-0.005,0.687,0.997,-0.001,0.073,0.0,0.4371474249153102,-0.004264126680728621,0.6839614631537791,-0.020536320630395663,-0.01568247045761398,0.3447723496606175,-3.8189282292694585e-07,-2.787337749673339e-17,0.25811991423438074
163,1784633499.6322963,-0.016793034407372384,0.040682449618108824,0.24803072098489815,-0.0004458717190471698,0.447,-0.005,0.688,0.997,-0.001,0.074,0.0,0.4371474249153102,-0.004264126680728621,0.6839614631537791,-0.02031991841171437,-0.01577248733391347,0.34557296992989817,-3.8189282292694585e-07,-2.787337749673339e-17,0.25811991423438074
163,1784633499.6645777,-0.01973340750460896,-0.009724623847330117,0.2498486567365185,-0.00028394242148968086,0.447,-0.006,0.689,0.997,-0.001,0.076,0.0,0.4371474249153102,-0.004264126680728621,0.6839614631537791,-0.01961249465344594,-0.015890712550945704,0.34736370933709726,-3.8189282292694585e-07,-2.787337749673339e-17,0.25811991423438074
167,1784633499.6928694,-0.0012409401167480238,0.07224180154133669,0.2525186074940905,-0.0001198220895311445,0.448,-0.006,0.689,0.997,-0.002,0.078,0.0,0.4371474249153102,-0.004264126680728621,0.6839614631537791,-0.019291201072710103,-0.015899630065363664,0.3479474999193878,-3.8189282292694585e-07,-2.787337749673339e-17,0.25811991423438074
167,1784633499.7173133,-0.0062226632238428625,0.1062442433041268,0.2522410060512486,-0.0002222290159414078,0.448,-0.006,0.69,0.997,-0.002,0.079,0.0,0.4450738029081069,-0.00500002939084178,0.6863956303269466,-0.019020657067459854,-0.015892821626127842,0.34837567558917015,-3.8189282292694585e-07,-2.787337749673339e-17,0.25811991423438074
169,1784633499.747654,-0.0070381307099744335,0.10980682311724069,0.25257296407976093,-0.00029119084140509223,0.448,-0.006,0.69,0.997,-0.002,0.08,0.0,0.4450738029081069,-0.00500002939084178,0.6863956303269466,-0.018527863851442738,-0.01585305052064337,0.34904462671614256,-3.8189282292694585e-07,-2.787337749673339e-17,0.25811991423438074
169,1784633499.7761686,-0.006658252775924023,0.11651838530032671,0.2521966212812845,-0.0003224039385067225,0.448,-0.006,0.691,0.997,-0.002,0.081,0.0,0.4450738029081069,-0.00500002939084178,0.6863956303269466,-0.01801472771104258,-0.01577841417091712,0.34961624246253004,-3.8189282292694585e-07,-2.787337749673339e-17,0.25811991423438074
172,1784633499.8068085,-0.015207706355894184,0.07145443671903381,0.24840142417161068,-0.00046638365725774433,0.448,-0.006,0.691,0.997,-0.002,0.082,0.0,0.4450738029081069,-0.00500002939084178,0.6863956303269466,-0.017560632921321324,-0.015681443918235224,0.35003569512632454,-3.8189282292694585e-07,-2.787337749673339e-17,0.27811991423438076
172,1784633499.8348727,-0.016331709633975372,0.0806521167123128,0.2508439693452561,-0.0004087956158310059,0.448,-0.006,0.692,0.997,-0.002,0.083,0.0,0.4450738029081069,-0.00500002939084178,0.6863956303269466,-0.01701788955651572,-0.015529398696941917,0.35044831036896895,-3.8189282292694585e-07,-2.787337749673339e-17,0.27811991423438076
175,1784633499.86094,-0.004456902514656025,0.1273712635678121,0.2550195706277824,-0.00024143680960071054,0.448,-0.007,0.693,0.997,-0.002,0.084,0.0,0.4450738029081069,-0.00500002939084178,0.6863956303269466,-0.016630976959084817,-0.015401191540876987,0.3507052009852964,-3.8189282292694585e-07,-2.787337749673339e-17,0.27811991423438076
175,1784633499.89672,-0.003717019279248404,0.12705207672629484,0.25192406329614975,-0.0002747540731503297,0.448,-0.007,0.693,0.996,-0.002,0.084,0.0,0.4450738029081069,-0.00500002939084178,0.6863956303269466,-0.016094858306217995,-0.015195179267752485,0.3510085946977174,-3.8189282292694585e-07,-2.787337749673339e-17,0.27811991423438076
178,1784633499.9248173,-0.01977201559058788,0.08078087118680022,0.24641871623092693,-0.00047224991870072346,0.448,-0.007,0.694,0.996,-0.002,0.086,0.0,0.44811185333862463,-0.006143432406503059,0.6910520529642254,-0.01586992659347318,-0.015098797735143036,0.3511188979867048,-3.8189282292694585e-07,-2.787337749673339e-17,0.27811991423438076
178,1784633499.9547393,-0.006828860639839812,0.12523758408091798,0.25701159994968653,-0.0003928410155635778,0.448,-0.007,0.695,0.996,-0.002,0.086,0.0,0.44811185333862463,-0.006143432406503059,0.6910520529642254,-0.015215277321229808,-0.014790282448809226,0.35138077457615086,-3.8189282292694585e-07,-2.787337749673339e-17,0.27811991423438076
181,1784633499.99074,-0.008002016837509451,0.11368211935621733,0.24802535015373384,-0.00037338031250885444,0.447,-0.007,0.696,0.996,-0.002,0.087,0.0,0.44811185333862463,-0.006143432406503059,0.6910520529642254,-0.014864954358745179,-0.014609020496916862,0.3514861979378256,-3.8189282292694585e-07,-2.787337749673339e-17,0.27811991423438076
181,1784633500.0230455,-0.01067823044918178,0.09415921257736418,0.25301028176615903,-0.0004184721952879534,0.447,-0.007,0.697,0.996,-0.002,0.088,0.0,0.44811185333862463,-0.006143432406503059,0.6910520529642254,-0.014338527838329132,-0.014306877830217649,0.3516019853385055,-3.8189282292694585e-07,-2.787337749673339e-17,0.27811991423438076
184,1784633500.045932,-0.01159167253976257,0.0861336499396126,0.2490907524645827,-0.00043797535772704987,0.447,-0.007,0.697,0.996,-0.002,0.089,0.0,0.44811185333862463,-0.006143432406503059,0.6910520529642254,-0.013972267989419059,-0.014073785591833508,0.35165989768204114,-3.8189282292694585e-07,-2.787337749673339e-17,0.2981199142343808
185,1784633500.0716286,-0.011784611309954745,0.07397994226099967,0.25171646543490067,-0.0004466363910862753,0.447,-0.008,0.698,0.996,-0.002,0.09,0.0,0.44811185333862463,-0.006143432406503059,0.6910520529642254,-0.013741271788809399,-0.013917602404130428,0.35168893285762226,-3.8189282292694585e-07,-2.787337749673339e-17,0.2981199142343808
187,1784633500.095307,-0.019851573784556074,0.03832549085692204,0.24442040363684517,-0.0004682323781341745,0.446,-0.008,0.699,0.996,-0.002,0.091,0.0,0.44811185333862463,-0.006143432406503059,0.6910520529642254,-0.013418819394230732,-0.01368515953511645,0.35171823114672945,-3.8189282292694585e-07,-2.787337749673339e-17,0.2981199142343808
187,1784633500.1200078,0.001268172853096449,0.0014482949886327132,0.2501531849361363,-0.000605295169009816,0.446,-0.008,0.699,0.996,-0.003,0.092,0.0,0.4470510505111924,-0.007333045290833065,0.6966863928139868,-0.013220139105795201,-0.013532721506716748,0.35172968724095127,-3.8189282292694585e-07,-2.787337749673339e-17,0.2981199142343808
189,1784633500.1500916,0.003020318239053337,-0.007979493924997173,0.24561117643461647,-0.000653094450479887,0.446,-0.008,0.7,0.996,-0.003,0.093,0.0,0.4470510505111924,-0.007333045290833065,0.6966863928139868,-0.0130354790428482,-0.013384412088758698,0.3517339336947303,-3.8189282292694585e-07,-2.787337749673339e-17,0.2981199142343808
189,1784633500.1732466,0.012727191424811114,0.013967043802473884,0.25415489790578144,-0.0007124696401240768,0.446,-0.008,0.701,0.996,-0.003,0.094,0.0,0.4470510505111924,-0.007333045290833065,0.6966863928139868,-0.012748618758282176,-0.013137445346846983,0.3517233091257624,-3.8189282292694585e-07,-2.787337749673339e-17,0.2981199142343808
192,1784633500.1943312,0.008982445555598722,-0.008362923234160286,0.24291886394615464,-0.0007087874806489713,0.445,-0.008,0.702,0.996,-0.003,0.095,0.0,0.4470510505111924,-0.007333045290833065,0.6966863928139868,-0.012578647540069886,-0.012969834473346034,0.35170134334597847,-3.8189282292694585e-07,-2.787337749673339e-17,0.2981199142343808
192,1784633500.2140462,0.014458883325871811,0.01780958748860365,0.2565396400543047,-0.000760320474658594,0.445,-0.008,0.702,0.995,-0.003,0.095,0.0,0.4470510505111924,-0.007333045290833065,0.6966863928139868,-0.012413271982858678,-0.012775340786951288,0.35166670357176794,-3.8189282292694585e-07,-2.787337749673339e-17,0.2981199142343808
194,1784633500.2362638,0.015828791498111477,0.024874499810325135,0.24769138278719594,-0.0007967439543747189,0.445,-0.008,0.703,0.995,-0.003,0.096,0.0,0.4470510505111924,-0.007333045290833065,0.6966863928139868,-0.012345740776296438,-0.012682644383328728,0.3516473088392681,-3.8189282292694585e-07,-2.787337749673339e-17,0.2981199142343808
194,1784633500.2767806,0.008225236141593883,0.034391346899339356,0.24835213316717303,-0.0007289423228319822,0.445,-0.008,0.703,0.995,-0.003,0.096,0.0,0.4470510505111924,-0.007333045290833065,0.6966863928139868,-0.012269431662013405,-0.012563482969931742,0.35162345980465226,-3.8189282292694585e-07,-2.787337749673339e-17,0.2981199142343808
197,1784633500.3026652,0.01445812743026229,0.03186948258325262,0.2538514668270392,-0.0007323416789355822,0.444,-0.008,0.704,0.995,-0.003,0.097,0.0,0.4470510505111924,-0.007333045290833065,0.6966863928139868,-0.01217112985573644,-0.012369382248855768,0.3515876301206077,-3.8189282292694585e-07,-2.787337749673339e-17,0.31811991423438074
197,1784633500.3168015,0.015645154598553337,0.044067442350391894,0.25217838206802573,-0.0007359824153173752,0.444,-0.009,0.705,0.995,-0.003,0.097,0.0,0.44458795270890755,-0.008353094962479815,0.7035468429397063,-0.01210502051492028,-0.01220101250424992,0.35156719034826334,-3.8189282292694585e-07,-2.787337749673339e-17,0.31811991423438074
199,1784633500.3342643,0.00500636829275233,0.07651115973429581,0.2494569260201317,-0.0006889187557040154,0.444,-0.009,0.706,0.995,-0.003,0.097,0.0,0.44458795270890755,-0.008353094962479815,0.7035468429397063,-0.01207091087091401,-0.012079230160252363,0.35155821332222315,-3.8189282292694585e-07,-2.787337749673339e-17,0.31811991423438074
200,1784633500.3550928,0.013142272176289872,0.05079745861052375,0.25551298885301404,-0.000636775933493909,0.443,-0.009,0.707,0.995,-0.003,0.097,0.0,0.44458795270890755,-0.008353094962479815,0.7035468429397063,-0.01204984807431084,-0.01195958075958864,0.3515614198697456,-3.8189282292694585e-07,-2.787337749673339e-17,0.31811991423438074
201,1784633500.374561,0.003711836427451081,0.07575229925786203,0.24708052848774256,-0.0005543188831082361,0.443,-0.009,0.707,0.995,-0.003,0.097,0.0,0.44458795270890755,-0.008353094962479815,0.7035468429397063,-0.012041663354379966,-0.011900082652639433,0.35157503891677166,-3.8189282292694585e-07,-2.787337749673339e-17,0.31811991423438074
202,1784633500.395326,0.01654076380657865,0.03883345439330372,0.2584985972923899,-0.0005512859422685961,0.443,-0.009,0.708,0.995,-0.003,0.097,0.0,0.44458795270890755,-0.008353094962479815,0.7035468429397063,-0.012035680684740927,-0.011845482402332675,0.35159950975029486,-3.8189282292694585e-07,-2.787337749673339e-17,0.31811991423438074
203,1784633500.4139755,0.0036031188946342736,0.06807425305756311,0.2447835241927949,-0.0005142679564059519,0.443,-0.009,0.708,0.995,-0.003,0.097,0.0,0.44458795270890755,-0.008353094962479815,0.7035468429397063,-0.012028071572409996,-0.011796627798087647,0.35163388859191347,-3.8189282292694585e-07,-2.787337749673339e-17,0.31811991423438074
204,1784633500.4427352,0.002701709450062301,0.05540793396930744,0.2549419222524816,-0.0005227121160168293,0.443,-0.009,0.708,0.995,-0.003,0.098,0.0,0.44458795270890755,-0.008353094962479815,0.7035468429397063,-0.01201838037868842,-0.01176474383165461,0.3516654846543732,-3.8189282292694585e-07,-2.787337749673339e-17,0.31811991423438074
204,1784633500.4673576,0.002670464981102903,0.05541475503307598,0.24727949945306246,-0.0005146937480673806,0.443,-0.009,0.708,0.995,-0.003,0.098,0.0,0.44458795270890755,-0.008353094962479815,0.7035468429397063,-0.01201838037868842,-0.01176474383165461,0.3516654846543732,-3.8189282292694585e-07,-2.787337749673339e-17,0.31811991423438074
207,1784633500.4906619,0.01354999462900073,0.029692560935232027,0.2567933263644004,-0.0005514599218078205,0.442,-0.009,0.709,0.995,-0.003,0.098,0.0,0.44458795270890755,-0.008353094962479815,0.7035468429397063,-0.011987027314194305,-0.011712727605824633,0.35174387313341743,-3.8189282292694585e-07,-2.787337749673339e-17,0.31811991423438074
207,1784633500.5104606,0.02008052156656862,0.020330668667641293,0.2514542851036513,-0.0006214550118878615,0.442,-0.009,0.71,0.995,-0.003,0.098,0.0,0.44458795270890755,-0.008353094962479815,0.7035468429397063,-0.011958226621910931,-0.011683938918304604,0.35181121374374186,-3.8189282292694585e-07,-2.787337749673339e-17,0.3381199142343807
209,1784633500.5295112,0.018044998519896698,0.020511396757228236,0.25486694371709645,-0.000696895922695199,0.442,-0.009,0.71,0.995,-0.003,0.098,0.0,0.44458795270890755,-0.008353094962479815,0.7035468429397063,-0.011904116070515133,-0.011645594782398344,0.35193409891815264,-3.8189282292694585e-07,-2.787337749673339e-17,0.3381199142343807
209,1784633500.5556,0.0018738894569365894,0.031270257289991464,0.25211036595138664,-0.0005750901287990609,0.442,-0.009,0.711,0.995,-0.002,0.099,0.0,0.44222233635566777,-0.008907061417732096,0.7092888458950137,-0.011860957417094541,-0.011621270286704621,0.3520316977682547,-3.8189282292694585e-07,-2.787337749673339e-17,0.3381199142343807
211,1784633500.5727353,0.002386417959101785,0.03173175423484737,0.25422683467859114,-0.0004781952101727999,0.441,-0.009,0.711,0.995,-0.002,0.099,0.0,0.44222233635566777,-0.008907061417732096,0.7092888458950137,-0.011810487352645248,-0.01159747645061096,0.352142913810025,-3.8189282292694585e-07,-2.787337749673339e-17,0.3381199142343807
211,1784633500.5924017,0.0017402490905008771,0.032175440531512715,0.2525546007794871,-0.00040550147919142765,0.441,-0.009,0.711,0.995,-0.002,0.099,0.0,0.44222233635566777,-0.008907061417732096,0.7092888458950137,-0.011781733946075373,-0.011585479079695041,0.35220418500089473,-3.8189282292694585e-07,-2.787337749673339e-17,0.3381199142343807
213,1784633500.607298,0.010555957206146974,0.018416175636535782,0.2589206156538027,-0.0004183670708309017,0.441,-0.009,0.712,0.995,-0.002,0.099,0.0,0.44222233635566777,-0.008907061417732096,0.7092888458950137,-0.011698716357724882,-0.011553981242654852,0.3523751726401755,-3.8189282292694585e-07,-2.787337749673339e-17,0.3381199142343807
213,1784633500.6209576,0.012280241337654731,0.01747483903211527,0.2548433870475751,-0.0005048456348285002,0.441,-0.009,0.712,0.995,-0.002,0.099,0.0,0.44222233635566777,-0.008907061417732096,0.7092888458950137,-0.01168036783409416,-0.011547490877784262,0.3524127177448961,-3.8189282292694585e-07,-2.787337749673339e-17,0.3381199142343807
214,1784633500.6355944,0.003692214427070661,0.03276835837611669,0.2517482933560514,-0.00043661966564496446,0.441,-0.009,0.712,0.995,-0.002,0.099,0.0,0.44222233635566777,-0.008907061417732096,0.7092888458950137,-0.011661440181209936,-0.011540834285084798,0.3524513430335052,-3.8189282292694585e-07,-2.787337749673339e-17,0.3381199142343807
215,1784633500.6596353,0.004659351653361306,0.02358984862893001,0.25376883639210623,-0.00039462284906531314,0.441,-0.009,0.713,0.995,-0.002,0.1,0.0,0.44222233635566777,-0.008907061417732096,0.7092888458950137,-0.011510159343242642,-0.01148417506353607,0.3527500623614334,-3.8189282292694585e-07,-2.787337749673339e-17,0.3381199142343807
215,1784633500.679325,0.011911326340136091,0.008512490420516182,0.2577981276718179,-0.00041751479964133293,0.441,-0.009,0.713,0.995,-0.002,0.1,0.0,0.44222233635566777,-0.008907061417732096,0.7092888458950137,-0.011485792490606416,-0.011474484024434578,0.3527969121267028,-3.8189282292694585e-07,-2.787337749673339e-17,0.3381199142343807
217,1784633500.702369,0.011582898389765433,0.01219062356219015,0.253140459179066,-0.0004503628224393098,0.441,-0.009,0.714,0.995,-0.002,0.1,0.0,0.44222233635566777,-0.008907061417732096,0.7092888458950137,-0.011380626033570486,-0.011433799980548519,0.352995929961661,-3.8189282292694585e-07,-2.787337749673339e-17,0.3381199142343807
217,1784633500.722412,0.01272939571673295,0.011274769869879865,0.25787194550881176,-0.0005359472346632102,0.44,-0.009,0.715,0.995,-0.002,0.1,0.0,0.44222233635566777,-0.008907061417732096,0.7092888458950137,-0.011095287124863629,-0.011322742368092458,0.3535036829160794,-3.8189282292694585e-07,-2.787337749673339e-17,0.3381199142343807
219,1784633500.7444296,0.014089574145644932,0.00036508695765270945,0.25423906890430664,-0.000584365899195427,0.44,-0.009,0.715,0.995,-0.002,0.101,0.0,0.44222233635566777,-0.008907061417732096,0.7092888458950137,-0.010984811525988812,-0.011276083302884668,0.3536902253118803,-3.8189282292694585e-07,-2.787337749673339e-17,0.3381199142343807
220,1784633500.763251,0.012681230269068837,0.006139434408676011,0.2554248481034046,-0.0006979704932804487,0.44,-0.009,0.715,0.995,-0.002,0.101,0.0,0.44222233635566777,-0.008907061417732096,0.7092888458950137,-0.010906639816405656,-0.011241595408123467,0.3538194958742555,-3.8189282292694585e-07,-2.787337749673339e-17,0.3581199142343807
221,1784633500.7822046,0.012627033961453416,0.007288464015331135,0.25427455491174844,-0.0007631914345209886,0.44,-0.009,0.716,0.995,-0.002,0.101,0.0,0.44222233635566777,-0.008907061417732096,0.7092888458950137,-0.010738830404807892,-0.011162924209013289,0.3540906615624022,-3.8189282292694585e-07,-2.787337749673339e-17,0.3581199142343807
221,1784633500.805465,0.012140520495494914,0.007626013426570558,0.25512067139150596,-0.0008666801829071605,0.44,-0.009,0.716,0.995,-0.002,0.101,0.0,0.44222233635566777,-0.008907061417732096,0.7092888458950137,-0.010602783624654659,-0.01109565058979767,0.3543053216273254,-3.8189282292694585e-07,-2.787337749673339e-17,0.3581199142343807
224,1784633500.8296726,0.0011624332829905815,0.025175976962994725,0.25107067208808914,-0.0010594818941901693,0.44,-0.009,0.717,0.995,-0.002,0.101,0.0,0.4400887202020467,-0.009002513141060207,0.7154123759611045,-0.010357718236819387,-0.010970402195200742,0.3546900670363844,-3.8189282292694585e-07,-2.787337749673339e-17,0.3581199142343807
224,1784633500.8627408,-4.848450490140899e-05,0.030603944771443688,0.2534846776789538,-0.0011684156553716204,0.44,-0.009,0.718,0.995,-0.002,0.101,0.0,0.4400887202020467,-0.009002513141060207,0.7154123759611045,-0.010088973851529445,-0.010830153727275046,0.35510419866386533,-3.8189282292694585e-07,-2.787337749673339e-17,0.3581199142343807
227,1784633500.8994107,0.003195075704772278,0.012992051654557815,0.2564162077408379,-0.0010215060667621515,0.439,-0.009,0.719,0.995,-0.002,0.101,0.0,0.4400887202020467,-0.009002513141060207,0.7154123759611045,-0.009683681952807216,-0.010605250081835592,0.35574351345711486,-3.8189282292694585e-07,-2.787337749673339e-17,0.3581199142343807
227,1784633500.9186954,0.001321115688941792,0.026567992553124226,0.24849545220841654,-0.0008575117691356977,0.439,-0.009,0.72,0.995,-0.002,0.101,0.0,0.4400887202020467,-0.009002513141060207,0.7154123759611045,-0.009142035868260406,-0.01023018159088791,0.35668144220086495,-3.8189282292694585e-07,-2.787337749673339e-17,0.3581199142343807
229,1784633500.9389937,0.003820718945006587,0.0021808926806685947,0.26171464499583624,-0.0007559401680531058,0.439,-0.009,0.72,0.995,-0.002,0.101,0.0,0.4400887202020467,-0.009002513141060207,0.7154123759611045,-0.00890421159635221,-0.010030764675115511,0.3571436653826968,-3.8189282292694585e-07,-2.787337749673339e-17,0.3581199142343807
229,1784633500.9673033,0.004944527659258645,-0.005582063779404501,0.24971692698789083,-0.0006298239498560515,0.439,-0.009,0.721,0.995,-0.002,0.102,0.0,0.4400887202020467,-0.009002513141060207,0.7154123759611045,-0.008726854759691472,-0.0098722623007115,0.35750728123056347,-3.8189282292694585e-07,-2.787337749673339e-17,0.3581199142343807
232,1784633500.9976401,0.006547335561977445,-0.010381999014402494,0.2583925736736543,-0.0005602952495492532,0.439,-0.009,0.722,0.995,-0.002,0.102,0.0,0.4400887202020467,-0.009002513141060207,0.7154123759611045,-0.008253467059301967,-0.009425592425199062,0.3585403260241221,-3.8189282292694585e-07,-2.787337749673339e-17,0.3581199142343807
232,1784633501.0161717,0.008652799090770978,-0.013600754708399589,0.2516544088967182,-0.0005282336585120779,0.439,-0.009,0.723,0.995,-0.002,0.102,0.0,0.4400887202020467,-0.009002513141060207,0.7154123759611045,-0.007962615463451271,-0.00913016953933351,0.35922586004977175,-3.8189282292694585e-07,-2.787337749673339e-17,0.37811991423438074
234,1784633501.0346065,0.011085177325748919,-0.008460329182561352,0.2505594509097827,-0.00046901391857431313,0.439,-0.009,0.723,0.995,-0.002,0.102,0.0,0.4400887202020467,-0.009002513141060207,0.7154123759611045,-0.0077303591327155235,-0.0088865602910741,0.35980011690333014,-3.8189282292694585e-07,-2.787337749673339e-17,0.37811991423438074
234,1784633501.0548356,0.014272780593246739,-0.03558535910696166,0.2512517135509903,-0.00044921125294805137,0.439,-0.009,0.724,0.995,-0.002,0.102,0.0,0.43917861900485233,-0.008749975369696582,0.7220398538606907,-0.007556056011124361,-0.008702350727068684,0.3602451762405991,-3.8189282292694585e-07,-2.787337749673339e-17,0.37811991423438074
236,1784633501.0710187,0.011046768097253159,-0.041847272331653716,0.2568335272557965,-0.0004704021734974416,0.439,-0.009,0.724,0.995,-0.002,0.102,0.0,0.43917861900485233,-0.008749975369696582,0.7220398538606907,-0.007325342683690372,-0.008458805783975983,0.3608534862569711,-3.8189282292694585e-07,-2.787337749673339e-17,0.37811991423438074
236,1784633501.0873182,0.0005067416286679473,-0.042027591008011546,0.25247657281297076,-0.0003034859186098308,0.439,-0.009,0.725,0.995,-0.001,0.102,0.0,0.43917861900485233,-0.008749975369696582,0.7220398538606907,-0.0072105774620125785,-0.008338556884724391,0.36116394410917646,-3.8189282292694585e-07,-2.787337749673339e-17,0.37811991423438074
238,1784633501.1073785,-0.000887462038561351,-0.04316352273730224,0.25768628954512673,-0.00023627169821619726,0.439,-0.009,0.725,0.995,-0.001,0.102,0.0,0.43917861900485233,-0.008749975369696582,0.7220398538606907,-0.006927483932819516,-0.008044203699861042,0.36195647244923856,-3.8189282292694585e-07,-2.787337749673339e-17,0.37811991423438074
238,1784633501.144904,-0.0008511590271538558,-0.04466825412056755,0.25469852186153663,-0.00019582707554129428,0.439,-0.008,0.726,0.995,-0.001,0.102,0.0,0.43917861900485233,-0.008749975369696582,0.7220398538606907,-0.006762304225010608,-0.007871123794786243,0.36244250677037704,-3.8189282292694585e-07,-2.787337749673339e-17,0.37811991423438074
240,1784633501.164824,0.006699703430044442,-0.041068799802059366,0.24654839915889057,-0.0002294604226028115,0.44,-0.008,0.727,0.995,-0.001,0.102,0.0,0.43917861900485233,-0.008749975369696582,0.7220398538606907,-0.006396875953961677,-0.007474171230676939,0.3636174286955913,-3.8189282292694585e-07,-2.787337749673339e-17,0.37811991423438074
240,1784633501.1946003,0.0014920436149054193,-0.04229865122701406,0.26144964076981947,-0.0001570990355609929,0.44,-0.008,0.728,0.995,-0.001,0.102,0.0,0.43917861900485233,-0.008749975369696582,0.7220398538606907,-0.006156566415824491,-0.007197762833275236,0.36449764661905404,-3.8189282292694585e-07,-2.787337749673339e-17,0.37811991423438074
243,1784633501.2156765,0.010794298767188674,-0.03418922119433869,0.23995106788269793,-0.0003028339789471422,0.44,-0.008,0.73,0.995,-0.001,0.102,0.0,0.43917861900485233,-0.008749975369696582,0.7220398538606907,-0.005765772944480559,-0.00671728536667587,0.36618047159455636,-3.8189282292694585e-07,-2.787337749673339e-17,0.37811991423438074
243,1784633501.2449462,0.004943541360790444,-0.035885796349182084,0.2633762960752987,-0.00027918096041117037,0.44,-0.008,0.73,0.995,-0.001,0.102,0.0,0.43917861900485233,-0.008749975369696582,0.7220398538606907,-0.005611855725544864,-0.006510690586250531,0.36696941588984733,-3.8189282292694585e-07,-2.787337749673339e-17,0.37811991423438074
245,1784633501.2633984,0.0031622706756173815,-0.04318235278656067,0.24786864655922725,-0.0002979889299316379,0.441,-0.008,0.731,0.995,-0.001,0.102,0.0,0.43917861900485233,-0.008749975369696582,0.7220398538606907,-0.005474232642755422,-0.00630581991650296,0.3677795367317499,-3.8189282292694585e-07,-2.787337749673339e-17,0.39811991423438076
245,1784633501.2797549,0.003520080923197395,-0.030918307914371616,0.25928295120351885,-0.0003216979997224437,0.441,-0.008,0.732,0.995,-0.001,0.101,0.0,0.43917861900485233,-0.008749975369696582,0.7220398538606907,-0.00538000104685855,-0.006154960658547196,0.36840135914410904,-3.8189282292694585e-07,-2.787337749673339e-17,0.39811991423438076
247,1784633501.2951589,0.006463779190008319,-0.0635766558405014,0.254720825677787,-0.0003783085068802367,0.441,-0.008,0.732,0.995,-0.001,0.101,0.0,0.4403270885201078,-0.008124605875318446,0.7303443909368513,-0.005291718808807535,-0.0060104222172017215,0.36903524642329344,-3.8189282292694585e-07,-2.787337749673339e-17,0.39811991423438076
248,1784633501.3159604,0.013420459469111376,-0.060939142715429995,0.25222042946047735,-0.0005242849712432831,0.441,-0.008,0.733,0.995,-0.001,0.101,0.0,0.4403270885201078,-0.008124605875318446,0.7303443909368513,-0.005166605650578021,-0.005789016308997827,0.37011011227019464,-3.8189282292694585e-07,-2.787337749673339e-17,0.39811991423438076
249,1784633501.3376057,0.014926270910024835,-0.062023278484356154,0.2538712387290769,-0.0005766252563647408,0.442,-0.008,0.734,0.995,-0.001,0.101,0.0,0.4403270885201078,-0.008124605875318446,0.7303443909368513,-0.00507879964439561,-0.005586131171526858,0.3712122429353669,-3.8189282292694585e-07,-2.787337749673339e-17,0.39811991423438076
250,1784633501.3549075,0.010164259326182593,-0.06439476534230397,0.2563093378149888,-0.000499564923256722,0.442,-0.008,0.735,0.995,-0.001,0.101,0.0,0.4403270885201078,-0.008124605875318446,0.7303443909368513,-0.005029848178405665,-0.005435206857042502,0.3721209359459037,-3.8189282292694585e-07,-2.787337749673339e-17,0.39811991423438076
251,1784633501.3776207,0.011765533765961116,-0.05602235535217809,0.253206062928603,-0.0005249539577243726,0.442,-0.008,0.735,0.995,-0.001,0.1,0.0,0.4403270885201078,-0.008124605875318446,0.7303443909368513,-0.004997848612497598,-0.005296499322710241,0.37305083737012806,-3.8189282292694585e-07,-2.787337749673339e-17,0.39811991423438076
252,1784633501.3975735,0.017012348069322357,-0.058785091226310524,0.25252673985385665,-0.0006096040373646545,0.443,-0.007,0.736,0.995,-0.001,0.1,0.0,0.4403270885201078,-0.008124605875318446,0.7303443909368513,-0.004973749734687273,-0.005115397470147677,0.37448319882062425,-3.8189282292694585e-07,-2.787337749673339e-17,0.39811991423438076
253,1784633501.425585,0.015437500631745048,-0.058061717765886506,0.25444344797782903,-0.000597157509863604,0.443,-0.007,0.737,0.995,-0.001,0.1,0.0,0.4403270885201078,-0.008124605875318446,0.7303443909368513,-0.004971274651211912,-0.005040305316360161,0.3752151151625383,-3.8189282292694585e-07,-2.787337749673339e-17,0.39811991423438076
253,1784633501.459263,0.017473188566538553,-0.04822996903385586,0.25111215174606977,-0.0006442040142237222,0.443,-0.007,0.738,0.995,-0.001,0.099,0.0,0.4403270885201078,-0.008124605875318446,0.7303443909368513,-0.004990696520364665,-0.004890972862251218,0.3772102988518058,-3.8189282292694585e-07,-2.787337749673339e-17,0.39811991423438076
256,1784633501.4877388,0.014010034458981297,-0.03740368482532027,0.25563079550204837,-0.0006081619753358109,0.445,-0.007,0.741,0.995,-0.001,0.098,0.0,0.4403270885201078,-0.008124605875318446,0.7303443909368513,-0.0050717304527868,-0.004717755897834673,0.3805901729820347,-3.8189282292694585e-07,-2.787337749673339e-17,0.4181199142343808
256,1784633501.5136518,0.026898938534175087,-0.03710647873940359,0.24015958080086727,-0.0006772110279333807,0.445,-0.007,0.742,0.995,-0.001,0.098,0.0,0.4403270885201078,-0.008124605875318446,0.7303443909368513,-0.005102321472751471,-0.004668672519507912,0.38165737037157804,-3.8189282292694585e-07,-2.787337749673339e-17,0.4181199142343808
259,1784633501.536166,0.0198404752927148,-0.09709384923640951,0.2647735582657609,-0.0004496693781001444,0.446,-0.007,0.743,0.995,-0.001,0.098,0.0,0.4436983332181479,-0.007254727751218134,0.7385322503887488,-0.0051536446953630004,-0.004602199360348503,0.3832906996796299,-3.8189282292694585e-07,-2.787337749673339e-17,0.4181199142343808
259,1784633501.5660992,0.022302027420919614,-0.09788479219136492,0.24627201044348165,-0.0005272126265640517,0.446,-0.006,0.744,0.995,-0.001,0.097,0.0,0.4436983332181479,-0.007254727751218134,0.7385322503887488,-0.005208051389621759,-0.004540487098648782,0.38495911889234696,-3.8189282292694585e-07,-2.787337749673339e-17,0.4181199142343808
262,1784633501.5869346,0.017589014043534777,-0.08709794146824695,0.2626176257712552,-0.0005221072768533093,0.447,-0.006,0.746,0.995,-0.001,0.097,0.0,0.4436983332181479,-0.007254727751218134,0.7385322503887488,-0.005256382782097597,-0.004498388602699643,0.38637962592196956,-3.8189282292694585e-07,-2.787337749673339e-17,0.4181199142343808
262,1784633501.608019,0.03002456793784266,-0.08430747153409901,0.23847600979999428,-0.00076544314576037,0.447,-0.006,0.746,0.995,-0.001,0.096,0.0,0.4436983332181479,-0.007254727751218134,0.7385322503887488,-0.0052880416313934855,-0.004478959141047099,0.38724222734694036,-3.8189282292694585e-07,-2.787337749673339e-17,0.4181199142343808
264,1784633501.6291168,0.015593358743800861,-0.07205468286631905,0.2685144202212463,-0.0005939227752935832,0.448,-0.006,0.747,0.995,-0.001,0.096,0.0,0.4436983332181479,-0.007254727751218134,0.7385322503887488,-0.00532657813628933,-0.004461355638714764,0.3884050318915893,-3.8189282292694585e-07,-2.787337749673339e-17,0.4181199142343808
264,1784633501.649278,0.009571124114660929,-0.08468770667588124,0.24289307543079963,-0.0003860916889055027,0.448,-0.006,0.748,0.995,-0.0,0.096,0.0,0.4436983332181479,-0.007254727751218134,0.7385322503887488,-0.005362639757034222,-0.004452645767699508,0.38958206954001345,-3.8189282292694585e-07,-2.787337749673339e-17,0.4181199142343808
265,1784633501.6694212,0.01932469066346265,-0.06642731045756517,0.2522452649046412,-0.0005835470895688062,0.448,-0.006,0.748,0.995,-0.0,0.095,0.0,0.4436983332181479,-0.007254727751218134,0.7385322503887488,-0.005386396810725247,-0.004451579751239929,0.39047132977724536,-3.8189282292694585e-07,-2.787337749673339e-17,0.4181199142343808
267,1784633501.69231,0.006440401084895825,-0.07101591557377375,0.2574784719616934,-0.00031747047171809767,0.449,-0.006,0.75,0.996,-0.0,0.095,0.0,0.4436983332181479,-0.007254727751218134,0.7385322503887488,-0.00542314432894138,-0.0044551304854590695,0.39196868144205105,-3.8189282292694585e-07,-2.787337749673339e-17,0.4181199142343808
267,1784633501.7172995,0.006406638881248424,-0.05943196133714365,0.25350243447896414,-0.0002154034040126504,0.449,-0.006,0.75,0.996,-0.0,0.094,0.0,0.4436983332181479,-0.007254727751218134,0.7385322503887488,-0.005449265792674722,-0.004462041178173605,0.3931768207718343,-3.8189282292694585e-07,-2.787337749673339e-17,0.4181199142343808
269,1784633501.7403662,0.007604950624361598,-0.05811144225821275,0.2561779178906761,-0.00020458911168818363,0.45,-0.005,0.751,0.996,-0.0,0.094,0.0,0.4436983332181479,-0.007254727751218134,0.7385322503887488,-0.005463747402415766,-0.004469872146123196,0.3940929248818506,-3.8189282292694585e-07,-2.787337749673339e-17,0.4381199142343808
269,1784633501.7612941,0.004603738155523945,-0.05092022254000103,0.25659400795439724,-0.0001749579942926875,0.45,-0.005,0.752,0.996,-0.0,0.093,0.0,0.4436983332181479,-0.007254727751218134,0.7385322503887488,-0.00548182310533563,-0.0044878197070111646,0.3956376281621969,-3.8189282292694585e-07,-2.787337749673339e-17,0.4381199142343808
271,1784633501.7904837,0.009810167728143068,-0.041285427246781574,0.2503760821039939,-0.0002509207827499832,0.451,-0.005,0.753,0.996,0.0,0.093,0.0,0.4436983332181479,-0.007254727751218134,0.7385322503887488,-0.005489471113502891,-0.0045116037453457065,0.3968864026896725,-3.8189282292694585e-07,-2.787337749673339e-17,0.4381199142343808
271,1784633501.8254223,0.021075158473839326,-0.014294662081832145,0.24490473580226435,-0.0005571673190947734,0.451,-0.005,0.755,0.996,0.0,0.092,0.0,0.4436983332181479,-0.007254727751218134,0.7385322503887488,-0.00547973312724393,-0.004571048828167489,0.39909333734383,-3.8189282292694585e-07,-2.787337749673339e-17,0.4381199142343808
275,1784633501.862752,0.004381468186446351,0.08255423361454783,0.2681728636126437,-0.0007510850829252447,0.452,-0.005,0.756,0.996,0.0,0.091,0.0,0.4493565008403071,-0.005569061058030906,0.7503598190980181,-0.005447768411639637,-0.004630343215517726,0.401009710801625,-3.8189282292694585e-07,-2.787337749673339e-17,0.4381199142343808
275,1784633501.899788,-0.003289372781796261,0.10438508060439516,0.25018036294791723,-0.0004885694586145421,0.453,-0.004,0.758,0.996,0.001,0.09,0.0,0.4493565008403071,-0.005569061058030906,0.7503598190980181,-0.005345801135082466,-0.004717156221307632,0.4042269013375845,-3.8189282292694585e-07,-2.787337749673339e-17,0.4381199142343808
278,1784633501.9326797,0.012335106966119551,0.10548753293501653,0.24878993054918552,-0.00020249232867418165,0.453,-0.004,0.76,0.996,0.001,0.09,0.0,0.4493565008403071,-0.005569061058030906,0.7503598190980181,-0.005205666635610534,-0.004751589647874432,0.4074337345215538,-3.8189282292694585e-07,-2.787337749673339e-17,0.4381199142343808
278,1784633501.9620793,0.0018288610080996453,0.0987033102641528,0.25866034049871806,-0.00022526397203346458,0.454,-0.004,0.762,0.996,0.001,0.089,0.0,0.4493565008403071,-0.005569061058030906,0.7503598190980181,-0.005071797152152461,-0.0047368036995047245,0.4096803234525486,-3.8189282292694585e-07,-2.787337749673339e-17,0.4581199142343808
281,1784633501.9892616,0.013037353872556034,0.07670343613545014,0.23943773997496615,-6.3258403950986765e-06,0.454,-0.004,0.764,0.996,0.001,0.089,-0.0,0.4493565008403071,-0.005569061058030906,0.7503598190980181,-0.004825362897128337,-0.004676422939864552,0.412259329507289,-3.8189282292694585e-07,-2.787337749673339e-17,0.4581199142343808
281,1784633502.0181623,0.014152683139183152,0.04875124126696912,0.2528270601820375,5.012066473506391e-05,0.455,-0.004,0.766,0.996,0.001,0.089,-0.0,0.4493565008403071,-0.005569061058030906,0.7503598190980181,-0.00454418994652184,-0.004594192818646487,0.41448882078881927,-3.8189282292694585e-07,-2.787337749673339e-17,0.4581199142343808
284,1784633502.052948,-0.007308119718885285,0.05313080266881722,0.25947656605223346,4.0007829860501983e-05,0.455,-0.003,0.767,0.996,0.001,0.09,-0.0,0.45337027407525465,-0.00410057702207604,0.7608189525052889,-0.004313499195239771,-0.004530373201296326,0.4160632615461155,-3.8189282292694585e-07,-2.787337749673339e-17,0.4581199142343808
284,1784633502.0840478,-0.009620680233785815,0.046380359497376386,0.25423189622688014,0.00013806568103315659,0.455,-0.003,0.769,0.996,0.001,0.09,-0.0,0.45337027407525465,-0.00410057702207604,0.7608189525052889,-0.004022658960947204,-0.004439702736411366,0.41794115264271,-3.8189282292694585e-07,-2.787337749673339e-17,0.4581199142343808
287,1784633502.113099,-0.013159735992606595,0.039522229866832966,0.2597652822375018,0.00022434595452726483,0.456,-0.003,0.771,0.996,0.001,0.091,-0.0,0.45337027407525465,-0.00410057702207604,0.7608189525052889,-0.0037485640446022588,-0.0043372687642233045,0.4198038570436693,-3.8189282292694585e-07,-2.787337749673339e-17,0.4581199142343808
287,1784633502.1387136,-0.008741492006285087,0.0033532610227392026,0.24991160310955896,0.00024215273998749482,0.456,-0.003,0.773,0.996,0.001,0.092,-0.0,0.45337027407525465,-0.00410057702207604,0.7608189525052889,-0.0034480410640770945,-0.004208701756194238,0.42196745309127737,-3.8189282292694585e-07,-2.787337749673339e-17,0.4581199142343808
290,1784633502.1670456,-0.011931781256685887,0.011432181275737922,0.2603081425170774,0.0002977269952642179,0.456,-0.003,0.775,0.996,0.001,0.093,-0.0,0.45337027407525465,-0.00410057702207604,0.7608189525052889,-0.0031015285368706223,-0.004071414246134779,0.4244410001018166,-3.8189282292694585e-07,-2.787337749673339e-17,0.4581199142343808
290,1784633502.2020152,-0.007352103430403327,-0.012188219119693165,0.2478795625037004,0.00028752646923862704,0.456,-0.003,0.778,0.996,0.001,0.095,-0.0,0.45337027407525465,-0.00410057702207604,0.7608189525052889,-0.002623585418617079,-0.0038921270244370886,0.42786546805301195,-3.8189282292694585e-07,-2.787337749673339e-17,0.4781199142343808
293,1784633502.237424,-0.009907419033869365,0.008310058909569672,0.26233536822929626,0.00034449300144058287,0.457,-0.002,0.781,0.995,0.001,0.095,-0.0,0.45337027407525465,-0.00410057702207604,0.7608189525052889,-0.0022592453171083487,-0.0037596611130803733,0.4303607618787925,-3.8189282292694585e-07,-2.787337749673339e-17,0.4781199142343808
293,1784633502.2718537,-0.003772435889559455,-0.007780637078571521,0.2452947102075353,0.0003276114236801664,0.457,-0.002,0.781,0.995,0.001,0.096,-0.0,0.45337027407525465,-0.00410057702207604,0.7608189525052889,-0.002073815460015018,-0.003693316121152349,0.4316077467889337,-3.8189282292694585e-07,-2.787337749673339e-17,0.4781199142343808
297,1784633502.3045263,-0.017004145196217933,0.029354994941463163,0.2661183454757344,0.000428427784870122,0.457,-0.002,0.783,0.995,0.001,0.096,-0.0,0.4557554580383669,-0.0027623595366157616,0.7743448669993691,-0.0018868361479973614,-0.0036302874476721826,0.4328553883526268,-3.8189282292694585e-07,-2.787337749673339e-17,0.4781199142343808
297,1784633502.3338063,-0.007737876450501786,0.029733698661472418,0.24086891337279442,0.00044971884605903576,0.457,-0.002,0.784,0.995,0.001,0.096,-0.0,0.4557554580383669,-0.0027623595366157616,0.7743448669993691,-0.0017037515112504245,-0.0035721240617173446,0.43409937261630527,-3.8189282292694585e-07,-2.787337749673339e-17,0.4781199142343808
300,1784633502.3637054,-0.008027366761202274,0.029610368139945553,0.26079609438842577,0.00042485218641758957,0.457,-0.002,0.787,0.995,0.001,0.097,-0.0,0.4557554580383669,-0.0027623595366157616,0.7743448669993691,-0.001367356870225338,-0.00346585894368763,0.43658673505048423,-3.8189282292694585e-07,-2.787337749673339e-17,0.4781199142343808
300,1784633502.3996549,-0.01345707108937717,0.0324663321776846,0.2501772145741698,0.00042239007855642436,0.457,-0.002,0.788,0.995,0.001,0.097,0.0,0.4557554580383669,-0.0027623595366157616,0.7743448669993691,-0.0011707203494455258,-0.0034041290757520883,0.4381557893349542,-3.8189282292694585e-07,-2.787337749673339e-17,0.49811991423438085
303,1784633502.4245973,-0.0025802984891875845,0.026273015890092673,0.24983536657077945,0.00037332014547849596,0.458,-0.002,0.793,0.995,0.001,0.097,0.0,0.45731605775852957,-0.0019892835323846083,0.787416941629689,-0.0007199495606589146,-0.003224714082936057,0.4425806542871105,-3.8189282292694585e-07,-2.787337749673339e-17,0.49811991423438085
303,1784633502.4513793,-0.002596400163127662,0.025769944636991702,0.24994432827089713,0.0003345116277557852,0.458,-0.002,0.795,0.995,0.001,0.097,0.0,0.45731605775852957,-0.0019892835323846083,0.787416941629689,-0.0005690620068345495,-0.0031202609963686904,0.44445914851008833,-3.8189282292694585e-07,-2.787337749673339e-17,0.49811991423438085
306,1784633502.4819975,-0.00293095292877968,0.0254211181585167,0.2495008985294695,0.00031570838998998783,0.458,-0.002,0.797,0.995,0.001,0.097,0.0,0.45731605775852957,-0.0019892835323846083,0.787416941629689,-0.00043285389405795736,-0.0030059735188204865,0.4463034336530722,-3.8189282292694585e-07,-2.787337749673339e-17,0.49811991423438085
306,1784633502.511354,-0.002951092978287065,0.02323782968854828,0.2493676925504107,0.0003044277391086715,0.458,-0.002,0.8,0.995,0.001,0.097,0.0,0.45731605775852957,-0.0019892835323846083,0.787416941629689,-0.00024135147950081907,-0.0028487381383688237,0.44901464795713153,-3.8189282292694585e-07,-2.787337749673339e-17,0.49811991423438085
309,1784633502.5428479,-0.0030629778792171758,0.022684405942204357,0.24910943133938346,0.00030746530978018516,0.458,-0.001,0.803,0.995,0.001,0.097,0.0,0.45731605775852957,-0.0019892835323846083,0.787416941629689,-0.00013505019686289798,-0.0027531508911629327,0.450795443746919,-3.8189282292694585e-07,-2.787337749673339e-17,0.49811991423438085
309,1784633502.5708735,0.007002630709445096,0.036258087146703005,0.23588647555818984,0.00026963540975356604,0.458,-0.001,0.804,0.995,0.001,0.097,0.0,0.45731605775852957,-0.0019892835323846083,0.787416941629689,-6.940263551868825e-05,-0.002678956121819843,0.45227697970193115,-3.8189282292694585e-07,-2.787337749673339e-17,0.49811991423438085
312,1784633502.595574,-0.006723019314415501,0.01655620578125076,0.2637200973893173,0.00028814235878696907,0.458,-0.001,0.806,0.995,0.001,0.097,0.0,0.45731605775852957,-0.0019892835323846083,0.787416941629689,-2.220561753530504e-05,-0.0026084266357369983,0.4537526173764819,-3.8189282292694585e-07,-2.787337749673339e-17,0.49811991423438085
312,1784633502.6465955,-0.01056797793610018,0.003060985805635831,0.24607025177896452,0.00033573769124609505,0.458,-0.001,0.808,0.995,0.001,0.098,0.0,0.45731605775852957,-0.0019892835323846083,0.787416941629689,1.0609742718611217e-05,-0.0025366872087913862,0.4555159018169797,-3.8189282292694585e-07,-2.787337749673339e-17,0.49811991423438085
316,1784633502.6941855,0.002912709648266072,0.008828746939654604,0.25173120997152015,0.00018546510517516404,0.458,-0.001,0.811,0.995,0.0,0.098,0.0,0.45731605775852957,-0.0019892835323846083,0.787416941629689,-3.325877165553617e-05,-0.00241895222800104,0.4590005716270897,-3.8189282292694585e-07,-2.787337749673339e-17,0.5181199142343809
316,1784633502.7428207,0.01039212249316224,0.02365275324767181,0.2345921429076383,4.8324463231566746e-05,0.459,-0.001,0.815,0.995,0.0,0.098,0.0,0.45731605775852957,-0.0019892835323846083,0.787416941629689,-0.00010118460902891885,-0.0023681888032689646,0.46216127237526444,-3.8189282292694585e-07,-2.787337749673339e-17,0.5181199142343809
320,1784633502.7643006,0.014976528865229856,0.040441278630374264,0.25009602382391954,-6.033620209246623e-05,0.459,-0.001,0.819,0.995,0.0,0.099,0.0,0.458491755768477,-0.001262551720581824,0.8077571677568154,-0.00011167322492038683,-0.0024230139742296717,0.46580202788022274,-3.8189282292694585e-07,-2.787337749673339e-17,0.5181199142343809
320,1784633502.786437,0.015439888179468363,0.0450515406174364,0.23855949788894473,-0.00011931721561456923,0.459,-0.001,0.82,0.995,0.0,0.099,0.0,0.458491755768477,-0.001262551720581824,0.8077571677568154,-0.00010374496245277576,-0.0024399141395700062,0.46634464467434683,-3.8189282292694585e-07,-2.787337749673339e-17,0.5181199142343809
323,1784633502.807567,0.013596843933084392,0.04786883814954615,0.2477045058399583,-0.00015248595273452935,0.459,-0.001,0.821,0.995,0.0,0.099,0.0,0.458491755768477,-0.001262551720581824,0.8077571677568154,-7.032071456168843e-05,-0.00249383793288879,0.46794298071214746,-3.8189282292694585e-07,-2.787337749673339e-17,0.5181199142343809
323,1784633502.8291316,0.004112896909133612,0.01385788054982083,0.2591926758227296,-9.990953844683003e-05,0.459,-0.001,0.823,0.995,0.0,0.099,0.0,0.458491755768477,-0.001262551720581824,0.8077571677568154,-4.2494089159235526e-05,-0.0025298733582592514,0.46922242873538134,-3.8189282292694585e-07,-2.787337749673339e-17,0.5181199142343809
323,1784633502.854945,0.005374870329980898,0.024857232065653816,0.24455171703720419,-8.895351494437927e-05,0.459,-0.001,0.824,0.995,0.0,0.099,0.0,0.458491755768477,-0.001262551720581824,0.8077571677568154,-2.1162288973717742e-05,-0.0025589794008325276,0.4702095073785815,-3.8189282292694585e-07,-2.787337749673339e-17,0.5381199142343809
326,1784633502.876862,0.0065426759609716,0.044397983439319874,0.24571446948756803,-0.00012936580404653036,0.459,-0.001,0.825,0.995,0.0,0.099,0.0,0.458491755768477,-0.001262551720581824,0.8077571677568154,2.78366995607719e-06,-0.002598437067499241,0.4713986336226438,-3.8189282292694585e-07,-2.787337749673339e-17,0.5381199142343809
326,1784633502.9195993,-0.0001136580325859643,0.04209994683397971,0.25636222341833326,-0.00012992682259282856,0.459,-0.001,0.827,0.995,0.0,0.099,0.0,0.45868256410654457,-0.0008681499253130631,0.8226153973420991,2.3314825325203854e-05,-0.0026492800093236304,0.4727788576078769,-3.8189282292694585e-07,-2.787337749673339e-17,0.5381199142343809
329,1784633502.9618313,-0.0019866851864667836,0.023099229459383742,0.2529666698598222,-8.5007870849059e-05,0.459,-0.001,0.829,0.995,0.0,0.1,0.0,0.45868256410654457,-0.0008681499253130631,0.8226153973420991,8.590716406720263e-05,-0.0027449657671163546,0.4749942181326318,-3.8189282292694585e-07,-2.787337749673339e-17,0.5381199142343809
331,1784633502.9878404,-0.003171046516435279,0.02464208406893011,0.2540474421730199,-3.886665156162773e-05,0.458,-0.001,0.831,0.995,0.0,0.1,0.0,0.45868256410654457,-0.0008681499253130631,0.8226153973420991,0.00017005422017790046,-0.002836677817830813,0.4771264589292924,-3.8189282292694585e-07,-2.787337749673339e-17,0.5381199142343809
331,1784633503.0072405,-0.013497553848760283,0.023607239045625387,0.252938640762227,0.00012598343105902414,0.458,-0.001,0.833,0.995,0.001,0.1,0.0,0.45868256410654457,-0.0008681499253130631,0.8226153973420991,0.00024988742901073895,-0.0028853266635997664,0.47837936594845026,-3.8189282292694585e-07,-2.787337749673339e-17,0.5381199142343809
334,1784633503.021554,-0.017296584619133845,0.024879244702605545,0.24255132345341768,0.00024265253340610257,0.458,-0.001,0.833,0.995,0.001,0.101,0.0,0.45868256410654457,-0.0008681499253130631,0.8226153973420991,0.00032072957386649714,-0.002927629262938693,0.47920845589085936,-3.8189282292694585e-07,-2.787337749673339e-17,0.5381199142343809
334,1784633503.0367148,-0.01509206482142756,0.014388222174893264,0.2585760496948173,0.00027067428310546755,0.458,-0.001,0.834,0.995,0.001,0.101,0.0,0.45868256410654457,-0.0008681499253130631,0.8226153973420991,0.00040337826702526873,-0.002974698347355945,0.48003616548542916,-3.8189282292694585e-07,-2.787337749673339e-17,0.5381199142343809
335,1784633503.0552952,-0.016459822053338763,0.024218312332860897,0.23810118326337204,0.0003492367694768523,0.458,-0.001,0.835,0.995,0.001,0.101,0.0,0.45868256410654457,-0.0008681499253130631,0.8226153973420991,0.0005464803002412892,-0.003039932082008696,0.48127641796407283,-3.8189282292694585e-07,-2.787337749673339e-17,0.5556933070492143
336,1784633503.0763445,-0.013891396512801642,0.008307222712889358,0.2659793023124329,0.0003301881339170705,0.458,-0.001,0.836,0.995,0.001,0.101,0.0,0.45868256410654457,-0.0008681499253130631,0.8226153973420991,0.0006273338870383137,-0.003065276736364822,0.4818931001067574,-3.8189282292694585e-07,-2.787337749673339e-17,0.5556933070492143
337,1784633503.1022673,-0.013850440269788707,0.01167054555010386,0.24498860456351387,0.0003712737811935137,0.458,-0.001,0.837,0.995,0.001,0.101,0.0,0.45868256410654457,-0.0008681499253130631,0.8226153973420991,0.0007142260638786179,-0.0030840896333111365,0.4825043223982842,-3.8189282292694585e-07,-2.787337749673339e-17,0.5556933070492143
337,1784633503.1304007,-0.013119529515846873,0.03253885158235999,0.2478082437361592,0.00043598838924054155,0.458,-0.001,0.837,0.995,0.001,0.101,0.0,0.45868256410654457,-0.0008681499253130631,0.8226153973420991,0.000805695224094572,-0.003095042463769111,0.48310808304162767,-3.8189282292694585e-07,-2.787337749673339e-17,0.5556933070492143
340,1784633503.1510897,-0.017927337105490444,-0.01934124710873806,0.25575005298638576,0.00034118424455456867,0.458,-0.001,0.839,0.995,0.001,0.102,0.0,0.4584991886152783,-0.0006505373518607064,0.8344253203691501,0.0009950241189476863,-0.0030958830347944132,0.48428475691689193,-3.8189282292694585e-07,-2.787337749673339e-17,0.5556933070492143
340,1784633503.1691434,-0.017889067864539226,-0.019378146465785187,0.247290483938641,0.00039771625215833544,0.458,-0.001,0.84,0.995,0.001,0.102,0.0,0.4584991886152783,-0.0006505373518607064,0.8344253203691501,0.0011182255299230703,-0.0030859101035204325,0.4850530166718213,-3.8189282292694585e-07,-2.787337749673339e-17,0.5556933070492143
342,1784633503.1902115,-0.01615795187990383,-0.018585294340894724,0.2536537027037197,0.0004377743398715713,0.458,-0.001,0.841,0.995,0.001,0.102,0.0,0.4584991886152783,-0.0006505373518607064,0.8344253203691501,0.001330069076642729,-0.0030518170196861265,0.48637770789730705,-3.8189282292694585e-07,-2.787337749673339e-17,0.5556933070492143
342,1784633503.2066848,-0.01727433911922004,-0.023787620698725594,0.2514615126542564,0.0004574246994960483,0.458,-0.001,0.842,0.995,0.001,0.102,0.0,0.4584991886152783,-0.0006505373518607064,0.8344253203691501,0.0014446936453749188,-0.00302439641116501,0.4871201607346226,-3.8189282292694585e-07,-2.787337749673339e-17,0.5556933070492143
344,1784633503.2243288,-0.00582819192373495,-0.019335707567297668,0.25063678350376645,0.00030479544750166936,0.458,-0.001,0.842,0.995,0.0,0.102,0.0,0.4584991886152783,-0.0006505373518607064,0.8344253203691501,0.0015000948056094463,-0.003008889475312089,0.4874876723744464,-3.8189282292694585e-07,-2.787337749673339e-17,0.5556933070492143
344,1784633503.24035,-7.779660978617271e-05,-0.003034511114443337,0.2440666646827667,0.0002496605447446197,0.458,-0.001,0.843,0.995,0.0,0.102,0.0,0.4584991886152783,-0.0006505373518607064,0.8344253203691501,0.0015811269040508036,-0.0029841033134608854,0.4880329794451492,-3.8189282292694585e-07,-2.787337749673339e-17,0.5556933070492143
344,1784633503.2606897,-0.0031193794233653673,-0.016643025182318482,0.2562871320440622,0.00021402103618108217,0.458,-0.001,0.843,0.995,0.0,0.102,0.0,0.4584991886152783,-0.0006505373518607064,0.8344253203691501,0.0016335984249190747,-0.0029669797820128154,0.48839246855705554,-3.8189282292694585e-07,-2.787337749673339e-17,0.5556933070492143
346,1784633503.2879004,-0.002907670996682225,-0.025775417348674584,0.247232607926408,0.0001756784892082658,0.458,-0.001,0.844,0.995,0.0,0.103,0.0,0.4584991886152783,-0.0006505373518607064,0.8344253203691501,0.0017581108546709473,-0.0029213518966533423,0.4892826465764479,-3.8189282292694585e-07,-2.787337749673339e-17,0.5556933070492143
346,1784633503.306199,-0.0048536597004960776,-0.029882531940310552,0.2561934719403502,0.0001710520102945192,0.458,-0.001,0.845,0.995,0.0,0.103,0.0,0.4584991886152783,-0.0006505373518607064,0.8344253203691501,0.0018511240360579563,-0.002879712808598427,0.489985320946359,-3.8189282292694585e-07,-2.787337749673339e-17,0.5556933070492143
349,1784633503.3270059,0.0016292774833689024,-0.006000353203565498,0.24086601873071067,0.00016430883956573177,0.458,-0.001,0.845,0.995,0.0,0.103,0.0,0.4584991886152783,-0.0006505373518607064,0.8344253203691501,0.0018939947448415467,-0.0028566079155497963,0.4903335777653195,-3.8189282292694585e-07,-2.787337749673339e-17,0.567376490616599
349,1784633503.3420894,-0.0012417056408982018,-0.022014383350870553,0.2586820298758115,0.00016919221593931656,0.458,-0.001,0.846,0.995,0.0,0.103,0.0,0.4584991886152783,-0.0006505373518607064,0.8344253203691501,0.0019345652307000314,-0.002832394082900459,0.4906803043924618,-3.8189282292694585e-07,-2.787337749673339e-17,0.567376490616599
350,1784633503.3613162,0.0015322211606285242,-0.0038475310033109326,0.2390649353927976,0.00016417698484077003,0.458,-0.001,0.846,0.995,0.0,0.103,0.0,0.4584991886152783,-0.0006505373518607064,0.8344253203691501,0.001992667838320576,-0.002792982348507066,0.4911972616242714,-3.8189282292694585e-07,-2.787337749673339e-17,0.567376490616599
350,1784633503.381852,-0.00332267708445278,-0.02734789963597289,0.26093036643147954,0.00014763139705371687,0.458,-0.001,0.847,0.995,0.0,0.103,0.0,0.4576212980137065,-0.0007443166732969053,0.8447799091312487,0.002082963523328896,-0.0027143300374662684,0.4920478108585094,-3.8189282292694585e-07,-2.787337749673339e-17,0.567376490616599
352,1784633503.4024034,-0.00461050290261626,-0.022482316751721045,0.2424655617195606,0.00015484520284699086,0.458,-0.001,0.848,0.995,0.0,0.103,0.0,0.4576212980137065,-0.0007443166732969053,0.8447799091312487,0.002162169112470342,-0.0026225691662173345,0.4928833538706753,-3.8189282292694585e-07,-2.787337749673339e-17,0.567376490616599
352,1784633503.4247336,-0.004845956944753851,-0.017642935218124337,0.256095836053833,0.00016300820328854439,0.458,-0.001,0.848,0.995,-0.0,0.103,0.0,0.4576212980137065,-0.0007443166732969053,0.8447799091312487,0.0022042895773661023,-0.0025626256850706935,0.4933793851248827,-3.8189282292694585e-07,-2.787337749673339e-17,0.567376490616599
354,1784633503.4401634,-0.00639332678745844,-0.026409458732125808,0.24783660238213517,0.00015694398683868487,0.458,-0.001,0.849,0.995,-0.0,0.103,0.0,0.4576212980137065,-0.0007443166732969053,0.8447799091312487,0.0022552950985507752,-0.0024794110393204535,0.49403646737556556,-3.8189282292694585e-07,-2.787337749673339e-17,0.567376490616599
355,1784633503.4594529,-0.005746142584165775,0.015315632868974305,0.24566062387269907,0.0002134853489816594,0.458,-0.001,0.849,0.995,-0.0,0.102,0.0,0.4576212980137065,-0.0007443166732969053,0.8447799091312487,0.0022983032750629167,-0.0023940934607421306,0.4946901103735676,-3.8189282292694585e-07,-2.787337749673339e-17,0.567376490616599
355,1784633503.4807427,-0.006557023596931699,-0.016865541442717888,0.2566993424306934,0.0001713832855516291,0.458,-0.001,0.85,0.995,-0.0,0.102,0.0,0.4576212980137065,-0.0007443166732969053,0.8447799091312487,0.0023277392790274592,-0.0023068058639996543,0.495337188853839,-3.8189282292694585e-07,-2.787337749673339e-17,0.567376490616599
357,1784633503.505963,-0.00697908327034384,0.015223993583711057,0.23940424774545352,0.00020996596115605435,0.458,-0.001,0.85,0.995,-0.0,0.102,0.0,0.4576212980137065,-0.0007443166732969053,0.8447799091312487,0.002337432777222289,-0.002262633146096597,0.4956579921231174,-3.8189282292694585e-07,-2.787337749673339e-17,0.567376490616599
357,1784633503.534073,-0.006967726918645197,-0.012522737131654416,0.26048799163496633,0.00017720320690128987,0.458,-0.001,0.851,0.995,-0.0,0.102,0.0,0.4576212980137065,-0.0007443166732969053,0.8447799091312487,0.0023456343691423223,-0.002130566884820458,0.49661235089568423,-3.8189282292694585e-07,-2.787337749673339e-17,0.567376490616599
360,1784633503.556835,-0.007709065696084624,-0.023647781847735812,0.24618709717924842,0.00015261478911711188,0.458,-0.001,0.852,0.995,-0.0,0.102,0.0,0.4576212980137065,-0.0007443166732969053,0.8447799091312487,0.00232800232960253,-0.002022771340104719,0.4973944101391389,-3.8189282292694585e-07,-2.787337749673339e-17,0.567376490616599
360,1784633503.5821927,-0.009429197541860078,0.002614161859767695,0.2479448271227101,0.00021995039110695824,0.458,-0.001,0.853,0.995,-0.0,0.102,0.0,0.4576212980137065,-0.0007443166732969053,0.8447799091312487,0.0022868981710749406,-0.0019168609114161926,0.49815832325558146,-3.8189282292694585e-07,-2.787337749673339e-17,0.567376490616599
362,1784633503.602462,-0.008580452935619681,-0.014958507326930132,0.252218477590471,0.00019731572711064783,0.458,-0.001,0.853,0.995,-0.0,0.102,0.0,0.4576212980137065,-0.0007443166732969053,0.8447799091312487,0.0022371250646140094,-0.0018372498380318915,0.4987576465422312,-3.8189282292694585e-07,-2.787337749673339e-17,0.5745200913466477
363,1784633503.6199896,-0.008624989112658576,-0.018661546761947707,0.24895250595375204,0.00018552641920854666,0.458,-0.001,0.854,0.995,-0.0,0.102,0.0,0.4576212980137065,-0.0007443166732969053,0.8447799091312487,0.0021796845897183665,-0.0017674049549961113,0.49934846324024246,-3.8189282292694585e-07,-2.787337749673339e-17,0.5745200913466477
363,1784633503.64202,-0.008190704746477293,-0.022978861355246072,0.2531427552976998,0.0001718754500079492,0.458,-0.001,0.855,0.995,-0.0,0.102,0.0,0.4576212980137065,-0.0007443166732969053,0.8447799091312487,0.0020935088332349307,-0.0016906821642204072,0.5000737413516977,-3.8189282292694585e-07,-2.787337749673339e-17,0.5745200913466477
365,1784633503.665164,-0.008583085978170927,-0.02160516841614496,0.24841299943850068,0.00017883994355760426,0.458,-0.001,0.855,0.995,-0.0,0.102,0.0,0.4576212980137065,-0.0007443166732969053,0.8447799091312487,0.002030207352314113,-0.0016471230957788442,0.5005063997805216,-3.8189282292694585e-07,-2.787337749673339e-17,0.5745200913466477
367,1784633503.6885781,-0.008162863407967264,-0.024684321588586484,0.25353051368809654,0.00016997736456559855,0.458,-0.001,0.856,0.995,-0.0,0.102,0.0,0.4576212980137065,-0.0007443166732969053,0.8447799091312487,0.0018768073320497942,-0.001555453109548923,0.5013733629940015,-3.8189282292694585e-07,-2.787337749673339e-17,0.5745200913466477
367,1784633503.7162561,-0.0009959569561618,-0.0360650013823884,0.24807426194094415,7.665423885355816e-05,0.458,-0.001,0.856,0.995,-0.0,0.102,0.0,0.45765775464235586,-0.001024023429913657,0.8527845276095802,0.0017564552535729995,-0.0014850594674061302,0.5019549220982931,-3.8189282292694585e-07,-2.787337749673339e-17,0.5745200913466477
369,1784633503.740065,-3.5408250761422705e-05,-0.03857271270922294,0.25367663853846584,4.258298469156568e-05,0.458,-0.001,0.857,0.995,-0.0,0.102,0.0,0.45765775464235586,-0.001024023429913657,0.8527845276095802,0.0015599616338469065,-0.001373706666718139,0.5028237380141413,-3.8189282292694585e-07,-2.787337749673339e-17,0.5745200913466477
369,1784633503.762397,0.01097315104296966,-0.03620626990856034,0.24804969803442506,-0.000158793099581344,0.458,-0.001,0.857,0.995,-0.001,0.102,0.0,0.45765775464235586,-0.001024023429913657,0.8527845276095802,0.0013893819856265264,-0.0012915518507819225,0.5035370085233652,-3.8189282292694585e-07,-2.787337749673339e-17,0.5745200913466477
371,1784633503.7817962,0.013233894558317309,-0.016667602683879363,0.2477273984113817,-0.0002679684850607591,0.458,-0.001,0.858,0.995,-0.001,0.101,0.0,0.45765775464235586,-0.001024023429913657,0.8527845276095802,0.0012850366125085775,-0.0012458620170158151,0.5039629512081125,-3.8189282292694585e-07,-2.787337749673339e-17,0.5745200913466477
372,1784633503.8038042,0.012109509505712499,-0.024741406854769554,0.25399149281362626,-0.00032234542555717617,0.458,-0.001,0.858,0.995,-0.001,0.101,0.0,0.45765775464235586,-0.001024023429913657,0.8527845276095802,0.0010791993128022443,-0.0011627146401847683,0.5047954780811115,-3.8189282292694585e-07,-2.787337749673339e-17,0.5745200913466477
372,1784633503.8330085,0.011618719733331862,-0.026941740855940463,0.2490955421275528,-0.0003417838500492869,0.459,-0.001,0.859,0.995,-0.001,0.101,0.0,0.45765775464235586,-0.001024023429913657,0.8527845276095802,0.0009443235313289785,-0.0011099410232232234,0.5053389227481961,-3.8189282292694585e-07,-2.787337749673339e-17,0.5745200913466477
375,1784633503.8662026,0.012123057708533856,-0.01019276155453851,0.247373254525957,-0.0003558063562296208,0.459,-0.001,0.859,0.995,-0.001,0.101,0.0,0.45765775464235586,-0.001024023429913657,0.8527845276095802,0.0007108724969708138,-0.0010236202456369967,0.5062722717139775,-3.8189282292694585e-07,-2.787337749673339e-17,0.5791220648258024
375,1784633503.887843,0.011067029798061925,-0.01940585076722676,0.2527112858309389,-0.0003679407069594967,0.459,-0.001,0.86,0.995,-0.001,0.101,0.0,0.45765775464235586,-0.001024023429913657,0.8527845276095802,0.0005489605396937912,-0.0009644358199586658,0.5069238188747343,-3.8189282292694585e-07,-2.787337749673339e-17,0.5791220648258024
378,1784633503.910654,0.01044793013783077,-0.026419393761825966,0.25078757141261093,-0.0003714555036341641,0.459,-0.001,0.86,0.995,-0.001,0.101,0.0,0.45765775464235586,-0.001024023429913657,0.8527845276095802,0.00039377700633376375,-0.0009050215176122302,0.5075623654980758,-3.8189282292694585e-07,-2.787337749673339e-17,0.5791220648258024
378,1784633503.930833,0.01191057334376433,-0.0046658950459660085,0.2521685624262841,-0.00041947993475168,0.459,-0.001,0.861,0.995,-0.001,0.101,0.0,0.45847923143269753,-0.001259192949439816,0.8586504671266556,0.00021173478342832388,-0.0008380419734646614,0.5083146392705856,-3.8189282292694585e-07,-2.787337749673339e-17,0.5791220648258024
380,1784633503.9543405,0.01276183717316988,0.0016023039427373676,0.2525323182058342,-0.0004452834784891152,0.459,-0.001,0.861,0.995,-0.001,0.1,0.0,0.45847923143269753,-0.001259192949439816,0.8586504671266556,9.553742879427831e-05,-0.0007977699311969669,0.5088013494050255,-3.8189282292694585e-07,-2.787337749673339e-17,0.5791220648258024
380,1784633503.977472,0.011027482142248086,0.006859166216446603,0.25104172319169304,-0.0004475437893508982,0.459,-0.001,0.862,0.995,-0.001,0.1,0.0,0.45847923143269753,-0.001259192949439816,0.8586504671266556,-3.923194002000403e-05,-0.0007609454402974338,0.5093921080052574,-3.8189282292694585e-07,-2.787337749673339e-17,0.5791220648258024
382,1784633504.0059114,0.011310488581104514,0.00394389747096131,0.25339522338559123,-0.00044413952484940805,0.459,-0.001,0.862,0.995,-0.001,0.1,0.0,0.45847923143269753,-0.001259192949439816,0.8586504671266556,-0.0001398162599167234,-0.0007366117504853533,0.5098560922125789,-3.8189282292694585e-07,-2.787337749673339e-17,0.5791220648258024
382,1784633504.0317092,0.01140941233036715,-0.00010332979960043544,0.25202070561854356,-0.0004389355681886417,0.46,-0.001,0.863,0.995,-0.001,0.1,0.0,0.45847923143269753,-0.001259192949439816,0.8586504671266556,-0.000321863078865022,-0.0006929807770999443,0.5107716830661985,-3.8189282292694585e-07,-2.787337749673339e-17,0.5791220648258024
385,1784633504.0564559,-0.0004608561092543529,0.0010070233777602529,0.25264143830897773,-0.0002688025316703602,0.46,-0.001,0.863,0.995,-0.0,0.1,0.0,0.45847923143269753,-0.001259192949439816,0.8586504671266556,-0.000452459128981471,-0.0006637135449713036,0.5115539872410171,-3.8189282292694585e-07,-2.787337749673339e-17,0.5791220648258024
385,1784633504.08528,-0.0036738953566620757,0.013089523399149476,0.2512229936140034,-0.00015372904623115347,0.46,-0.001,0.863,0.995,-0.0,0.099,0.0,0.45847923143269753,-0.001259192949439816,0.8586504671266556,-0.0005290789062451175,-0.000642218299620209,0.5121060907782489,-3.8189282292694585e-07,-2.787337749673339e-17,0.5822989359282584
387,1784633504.1076236,-0.00231532117392627,0.01104909567286142,0.25313399596679054,-0.00010226934799690871,0.46,-0.001,0.864,0.995,-0.0,0.099,0.0,0.45847923143269753,-0.001259192949439816,0.8586504671266556,-0.0006096496864082851,-0.0006105774593871551,0.5128702184513361,-3.8189282292694585e-07,-2.787337749673339e-17,0.5822989359282584
389,1784633504.131806,-0.0009072055515998612,0.01672101626258461,0.2536167572876638,-7.72752950150844e-05,0.46,-0.001,0.864,0.995,-0.0,0.099,0.0,0.459575565657377,-0.0013208626212079019,0.8629282438470754,-0.0006424992419893677,-0.0005850645074865244,0.5134001215508052,-3.8189282292694585e-07,-2.787337749673339e-17,0.5822989359282584
389,1784633504.1529984,-0.0027750626919200213,0.019077204810005334,0.25187122324310013,-6.42537258180499e-05,0.46,-0.001,0.864,0.995,-0.0,0.099,0.0,0.459575565657377,-0.0013208626212079019,0.8629282438470754,-0.0006503404205622733,-0.0005730491441306321,0.513608975744102,-3.8189282292694585e-07,-2.787337749673339e-17,0.5822989359282584
391,1784633504.173583,0.0004185458052001017,0.016365737446822144,0.2549045522643619,-6.100224757902737e-05,0.46,-0.001,0.865,0.995,-0.0,0.099,0.0,0.459575565657377,-0.0013208626212079019,0.8629282438470754,-0.0006543783377108228,-0.0005304183671040908,0.5142192234102168,-3.8189282292694585e-07,-2.787337749673339e-17,0.5822989359282584
391,1784633504.1935344,-0.003795081588938496,0.017975087319309746,0.24804073750544925,-5.66606363334919e-05,0.46,-0.001,0.865,0.995,-0.0,0.099,0.0,0.459575565657377,-0.0013208626212079019,0.8629282438470754,-0.0006368892177182812,-0.0004888045050191267,0.5147109875683163,-3.8189282292694585e-07,-2.787337749673339e-17,0.5822989359282584
393,1784633504.2152507,-0.002751219435395992,0.017280243885010076,0.2531341554644871,-6.088867402539358e-05,0.46,-0.001,0.865,0.995,-0.0,0.099,0.0,0.459575565657377,-0.0013208626212079019,0.8629282438470754,-0.000619342700947485,-0.00046358265223532015,0.5150033269475639,-3.8189282292694585e-07,-2.787337749673339e-17,0.5822989359282584
393,1784633504.2395096,0.0005845393875215455,0.012752658737216113,0.24915429280939633,-7.167675686947742e-05,0.46,-0.001,0.866,0.995,0.0,0.099,0.0,0.459575565657377,-0.0013208626212079019,0.8629282438470754,-0.000554500182607865,-0.00040427636941960446,0.5156736138813327,-3.8189282292694585e-07,-2.787337749673339e-17,0.5822989359282584
395,1784633504.2633312,0.00235372680905745,0.012691536549439964,0.254938144314645,-7.730109324895613e-05,0.46,-0.001,0.866,0.995,0.0,0.099,0.0,0.459575565657377,-0.0013208626212079019,0.8629282438470754,-0.00045605668775615106,-0.00034081973676439116,0.5163217705357158,-3.8189282292694585e-07,-2.787337749673339e-17,0.5822989359282584
397,1784633504.2861986,0.0023040098737419105,0.014234308298782658,0.252426477336809,-7.424192402845448e-05,0.46,-0.001,0.867,0.995,0.0,0.099,0.0,0.459575565657377,-0.0013208626212079019,0.8629282438470754,-0.00035387429509832767,-0.0002766219621651709,0.5168596685617454,-3.8189282292694585e-07,-2.787337749673339e-17,0.5846989359282584
397,1784633504.306999,0.003924546990662027,0.010601811565213152,0.2525158102800408,-7.983592546261316e-05,0.46,-0.001,0.867,0.995,0.0,0.099,0.0,0.459575565657377,-0.0013208626212079019,0.8629282438470754,-0.00025889901215047837,-0.00021289747891740208,0.5172931656501101,-3.8189282292694585e-07,-2.787337749673339e-17,0.5846989359282584
398,1784633504.3260474,0.002865990127700722,0.0023229403172132686,0.2537914070916013,-7.393296209883002e-05,0.46,-0.001,0.867,0.995,0.0,0.1,0.0,0.459575565657377,-0.0013208626212079019,0.8629282438470754,-0.00017956261858930863,-0.0001561057255662787,0.5176305221701166,-3.8189282292694585e-07,-2.787337749673339e-17,0.5846989359282584
399,1784633504.3425312,0.005612296935312321,-0.005894308735396895,0.24885587316889313,-9.330843443959531e-05,0.46,-0.001,0.868,0.995,0.0,0.1,0.0,0.459575565657377,-0.0013208626212079019,0.8629282438470754,-9.611663419686017e-05,-9.503453639226022e-05,0.5179609152276137,-3.8189282292694585e-07,-2.787337749673339e-17,0.5846989359282584
399,1784633504.3592908,-0.002988493941121272,0.0027228814693735746,0.2553168876639935,-3.5363395012302754e-05,0.46,-0.001,0.868,0.995,0.0,0.1,0.0,0.460227088386443,-0.001255617557575512,0.866449543151804,1.4223867620998569e-05,-1.381673565814734e-05,0.5183671724000694,-3.8189282292694585e-07,-2.787337749673339e-17,0.5846989359282584
401,1784633504.3797545,-0.0009607928513120784,-0.0016801755566409355,0.24663882681608784,-2.5906616429859938e-05,0.46,-0.001,0.868,0.995,0.0,0.1,0.0,0.460227088386443,-0.001255617557575512,0.866449543151804,0.00012750620072023492,7.110334821045667e-05,0.5187698620788277,-3.8189282292694585e-07,-2.787337749673339e-17,0.5846989359282584
401,1784633504.3958416,-0.002301657343255863,0.003160201002956326,0.25554646994186087,-1.0084903585865399e-05,0.46,-0.001,0.869,0.995,0.0,0.1,0.0,0.460227088386443,-0.001255617557575512,0.866449543151804,0.000219209258384806,0.00013920278142511515,0.5190893479132188,-3.8189282292694585e-07,-2.787337749673339e-17,0.5846989359282584
403,1784633504.4170146,-0.003027275964703379,0.004990647392356313,0.24894065104585408,2.6321028303104842e-06,0.46,-0.001,0.869,0.995,0.0,0.1,0.0,0.460227088386443,-0.001255617557575512,0.866449543151804,0.0003331811935250648,0.00022373875714704096,0.5194824647141052,-3.8189282292694585e-07,-2.787337749673339e-17,0.5846989359282584
404,1784633504.4312913,-0.0024963024152149446,0.006963649934705827,0.25462531755217,8.358468068662341e-06,0.46,-0.001,0.869,0.995,0.0,0.1,0.0,0.460227088386443,-0.001255617557575512,0.866449543151804,0.00037843385635637455,0.0002574639173653306,0.5196381041983021,-3.8189282292694585e-07,-2.787337749673339e-17,0.5846989359282584
405,1784633504.4552705,-0.0023167064566426148,0.007467594349346867,0.24706202533220753,8.790387338672169e-06,0.46,-0.001,0.869,0.995,0.0,0.1,0.0,0.460227088386443,-0.001255617557575512,0.866449543151804,0.0004884335965905432,0.00034214076850580473,0.5200206129416592,-3.8189282292694585e-07,-2.787337749673339e-17,0.5846989359282584
406,1784633504.476846,-0.0004982274320567313,0.009026087641053004,0.2523669554749537,-5.544639652229235e-06,0.461,-0.001,0.87,0.995,0.0,0.1,0.0,0.460227088386443,-0.001255617557575512,0.866449543151804,0.0005961214218289999,0.00042910420166337136,0.5203943142562579,-3.8189282292694585e-07,-2.787337749673339e-17,0.5870989359282585
407,1784633504.4951236,-0.00044256526828443245,0.010686746387594804,0.24836137560582353,-1.1968291199876622e-05,0.461,-0.001,0.87,0.995,0.0,0.1,0.0,0.460227088386443,-0.001255617557575512,0.866449543151804,0.0006809839888471215,0.0005002613324855646,0.5206874731668484,-3.8189282292694585e-07,-2.787337749673339e-17,0.5870989359282585
408,1784633504.5148387,7.25115162512615e-05,0.010157835401913118,0.2512954528793633,-1.713645170369293e-05,0.461,-0.001,0.87,0.995,0.0,0.1,0.0,0.460227088386443,-0.001255617557575512,0.866449543151804,0.0007827867633350453,0.0005899794095612212,0.5210476244686968,-3.8189282292694585e-07,-2.787337749673339e-17,0.5870989359282585
409,1784633504.535079,0.0004928489063809702,-0.00966609055861034,0.24730715389906577,-2.5052827369011746e-05,0.461,-0.001,0.871,0.995,0.0,0.1,0.0,0.46050966941831706,-0.0011578449782059094,0.8696718479636543,0.0008565980636340959,0.0006616560429872399,0.5213298663261131,-3.8189282292694585e-07,-2.787337749673339e-17,0.5870989359282585
410,1784633504.5539775,-0.0022780996441351294,-0.012826646605471132,0.25391871123240245,-4.558673967405803e-06,0.461,-0.001,0.871,0.995,0.0,0.1,0.0,0.46050966941831706,-0.0011578449782059094,0.8696718479636543,0.0009218696604478621,0.0007321361679864612,0.5216060719204514,-3.8189282292694585e-07,-2.787337749673339e-17,0.5870989359282585
411,1784633504.5742812,-0.0024594666738236163,-0.014961700060561807,0.24899087783206542,-1.5687248868599821e-06,0.461,-0.001,0.871,0.995,0.0,0.1,0.0,0.46050966941831706,-0.0011578449782059094,0.8696718479636543,0.0009775687442142547,0.000799391464173938,0.5218741710939845,-3.8189282292694585e-07,-2.787337749673339e-17,0.5870989359282585
412,1784633504.5946274,-0.0008678882919684607,-0.01450809699583648,0.2519110607756855,-1.002369726792585e-05,0.461,-0.001,0.871,0.995,0.0,0.1,0.0,0.46050966941831706,-0.0011578449782059094,0.8696718479636543,0.0010227303536885469,0.0008638451501480685,0.5221332486527792,-3.8189282292694585e-07,-2.787337749673339e-17,0.5870989359282585
413,1784633504.615384,0.0015658310837348831,-0.014953018394538383,0.24737980786467187,-3.672426127028059e-05,0.461,-0.001,0.872,0.995,0.0,0.1,0.0,0.46050966941831706,-0.0011578449782059094,0.8696718479636543,0.0010567079570771316,0.000924854737038877,0.5223845498079869,-3.8189282292694585e-07,-2.787337749673339e-17,0.5870989359282585
414,1784633504.6384022,-0.0021876576046406387,-0.01413820967267722,0.25450305277252705,-6.1784337940358765e-06,0.461,-0.001,0.872,0.995,0.0,0.1,0.0,0.46050966941831706,-0.0011578449782059094,0.8696718479636543,0.0010690995192072417,0.0009537924654442981,0.5225074427851996,-3.8189282292694585e-07,-2.787337749673339e-17,0.5870989359282585
415,1784633504.6769073,0.0018693443738865417,-0.014106435145603051,0.24578352728073283,-3.673137959824866e-05,0.461,-0.001,0.872,0.995,0.0,0.1,0.0,0.46050966941831706,-0.0011578449782059094,0.8696718479636543,0.0010843458933260414,0.0010081514979564663,0.522748095276623,-3.8189282292694585e-07,-2.787337749673339e-17,0.5870989359282585
415,1784633504.7096512,-7.139557186326044e-05,-0.013175375348137747,0.25446161020771685,-9.006969760478345e-05,0.461,-0.001,0.872,0.995,0.0,0.1,0.0,0.46050966941831706,-0.0011578449782059094,0.8696718479636543,0.0010872039912869715,0.0010573631704989676,0.5229827678708496,-3.8189282292694585e-07,-2.787337749673339e-17,0.5870989359282585
419,1784633504.7467208,-0.0019017356206098152,-0.014071073017449696,0.24932620852090595,-0.00011241684562756076,0.461,-0.001,0.872,0.995,0.0,0.1,0.0,0.46050966941831706,-0.0011578449782059094,0.8696718479636543,0.001065015562402324,0.0011305057299558267,0.5233824673075589,-3.8189282292694585e-07,-2.787337749673339e-17,0.5870989359282585
419,1784633504.7780354,0.0012854826112663094,-0.01242829808066892,0.25202789020585753,-0.00029469263944175306,0.461,-0.001,0.873,0.995,-0.0,0.1,0.0,0.46050966941831706,-0.0011578449782059094,0.8696718479636543,0.0010044775887064965,0.0011858439928798755,0.5237627291877051,-3.8189282292694585e-07,-2.787337749673339e-17,0.5894989359282585
422,1784633504.8232107,0.005931391545840957,-0.009375054335703407,0.24871604711335862,-0.0005769318060588652,0.461,-0.001,0.873,0.995,-0.0,0.1,0.0,0.46050966941831706,-0.0011578449782059094,0.8696718479636543,0.0008685538556244597,0.0012237368215359638,0.5242168731655275,-3.8189282292694585e-07,-2.787337749673339e-17,0.5894989359282585
422,1784633504.8414392,0.006251613437905165,-0.01595588303009973,0.25300136826687836,-0.0005440956368454997,0.461,-0.001,0.873,0.995,-0.0,0.1,0.0,0.4609204470283046,-0.0009803251712409721,0.8725471032376941,0.0006178733083937016,0.00121290481862789,0.5247844958658435,-3.8189282292694585e-07,-2.787337749673339e-17,0.5894989359282585
425,1784633504.8725863,0.004681306863221015,-0.018393970407571687,0.25017025828227846,-0.0004281790435545382,0.461,-0.001,0.874,0.995,-0.0,0.1,0.0,0.4609204470283046,-0.0009803251712409721,0.8725471032376941,0.0005699093185375912,0.0012050908832542328,0.5248757354494611,-3.8189282292694585e-07,-2.787337749673339e-17,0.5894989359282585
425,1784633504.899927,0.004496302246240936,-0.017609873233679903,0.25227787886221337,-0.0003603243416628115,0.461,-0.001,0.874,0.995,-0.0,0.1,0.0,0.4609204470283046,-0.0009803251712409721,0.8725471032376941,0.0004452397113956356,0.0011789911460290416,0.5250968538050089,-3.8189282292694585e-07,-2.787337749673339e-17,0.5894989359282585
428,1784633504.9205008,0.009934016857002473,-0.014116742263470346,0.24922665903684219,-0.000386015702274505,0.461,-0.001,0.874,0.995,-0.0,0.1,0.0,0.4609204470283046,-0.0009803251712409721,0.8725471032376941,0.00031321002900993553,0.0011414723194024402,0.5253064200766859,-3.8189282292694585e-07,-2.787337749673339e-17,0.5894989359282585
428,1784633504.9406543,0.004449450823011367,-0.017483193107796613,0.2533407174865883,-0.00026086076270528784,0.461,-0.001,0.874,0.995,-0.0,0.1,0.0,0.4609204470283046,-0.0009803251712409721,0.8725471032376941,0.00017528680990475828,0.0010938652367220127,0.5255070526133965,-3.8189282292694585e-07,-2.787337749673339e-17,0.5894989359282585
430,1784633504.9609,0.009771429842666789,-0.006520768120890329,0.2488168921625565,-0.00018969585210740084,0.462,-0.001,0.874,0.995,-0.0,0.099,0.0,0.4609204470283046,-0.0009803251712409721,0.8725471032376941,6.172236319092908e-05,0.0010483524659516167,0.5256607590194633,-3.8189282292694585e-07,-2.787337749673339e-17,0.5894989359282585
430,1784633504.9805574,0.005106481528528667,-0.007348525594818224,0.2535409817110865,-0.00015833606911662556,0.462,-0.001,0.874,0.995,-0.0,0.099,0.0,0.4609204470283046,-0.0009803251712409721,0.8725471032376941,-5.401482498108059e-05,0.000995663227177651,0.5258095863351543,-3.8189282292694585e-07,-2.787337749673339e-17,0.5894989359282585
432,1784633505.0017,0.005139380407249394,-0.007441627198247416,0.24974423106781113,-0.00014083588623974429,0.462,-0.001,0.874,0.995,-0.0,0.099,0.0,0.4609204470283046,-0.0009803251712409721,0.8725471032376941,-0.00011238765970698676,0.000966675473640401,0.5258818298770854,-3.8189282292694585e-07,-2.787337749673339e-17,0.5918989359282585
432,1784633505.0218518,0.002395833089467784,-0.008207781348868676,0.2532931268637706,-0.00010216323358710705,0.462,-0.001,0.874,0.995,-0.0,0.099,0.0,0.4609204470283046,-0.0009803251712409721,0.8725471032376941,-0.00020057192461267405,0.0009205233582052841,0.5259879334825696,-3.8189282292694585e-07,-2.787337749673339e-17,0.5918989359282585
434,1784633505.0427039,0.007996977074035563,-0.003049790753540881,0.24938839362695134,-9.287546924888548e-05,0.462,-0.001,0.874,0.995,-0.0,0.099,0.0,0.4609204470283046,-0.0009803251712409721,0.8725471032376941,-0.000434720251276639,0.0007878697129619585,0.5262636484714424,-3.8189282292694585e-07,-2.787337749673339e-17,0.5918989359282585
434,1784633505.0703628,0.009781515781116648,0.02688926641653882,0.2540839786959287,-0.00015230007303234614,0.462,-0.001,0.874,0.995,0.0,0.099,0.0,0.4615854417764182,-0.000640585475962956,0.8741520330025028,-0.0006068952689132439,0.0006819695577171638,0.5264613232350814,-3.8189282292694585e-07,-2.787337749673339e-17,0.5918989359282585
437,1784633505.086033,0.008182711403823786,0.024123090995292668,0.25128531994795095,-0.00017714679459402983,0.462,-0.0,0.875,0.995,0.0,0.099,0.0,0.4615854417764182,-0.000640585475962956,0.8741520330025028,-0.0007444985777137058,0.0005889186295283891,0.5266194876266851,-3.8189282292694585e-07,-2.787337749673339e-17,0.5918989359282585
437,1784633505.1033669,0.008149879246160433,0.023790239037351984,0.25319235293338427,-0.0001746455554913992,0.462,-0.0,0.875,0.995,0.0,0.099,0.0,0.4615854417764182,-0.000640585475962956,0.8741520330025028,-0.0008495786988304714,0.0005129691658023808,0.5267430492948356,-3.8189282292694585e-07,-2.787337749673339e-17,0.5918989359282585
437,1784633505.1217508,0.010887020731770097,0.027668554648970695,0.25134976245375085,-0.00020772510346189906,0.462,-0.0,0.875,0.995,0.0,0.099,0.0,0.4615854417764182,-0.000640585475962956,0.8741520330025028,-0.0009247737965934239,0.0004558465952876488,0.5268330030413826,-3.8189282292694585e-07,-2.787337749673339e-17,0.5918989359282585
439,1784633505.1403158,0.007318644866279255,0.02222588404556174,0.2534141307210664,-0.0001918573306285439,0.462,-0.0,0.875,0.995,0.0,0.099,0.0,0.4615854417764182,-0.000640585475962956,0.8741520330025028,-0.0010202031666756309,0.00038011043898447395,0.526948087582785,-3.8189282292694585e-07,-2.787337749673339e-17,0.5918989359282585
439,1784633505.1566737,0.007694080894047135,0.02310860546527343,0.25172490149828064,-0.00017886007454088841,0.462,-0.0,0.875,0.995,0.0,0.099,0.0,0.4615854417764182,-0.000640585475962956,0.8741520330025028,-0.0011298400182518514,0.0002881041000994822,0.5270839939730926,-3.8189282292694585e-07,-2.787337749673339e-17,0.5918989359282585
441,1784633505.176647,0.007662235668830856,0.02193832680537606,0.25307820381462776,-0.00017586513656822522,0.462,-0.0,0.875,0.995,0.0,0.099,0.0,0.4615854417764182,-0.000640585475962956,0.8741520330025028,-0.0012259567602267197,0.0001999951306002562,0.5272081762157231,-3.8189282292694585e-07,-2.787337749673339e-17,0.5918989359282585
442,1784633505.203762,0.009483665154723077,0.018171175767928913,0.25176952033300515,-0.00020062746311142843,0.462,-0.0,0.875,0.995,0.0,0.099,0.0,0.4615854417764182,-0.000640585475962956,0.8741520330025028,-0.0013080073865760606,0.00011612358518310248,0.5273222288894007,-3.8189282292694585e-07,-2.787337749673339e-17,0.5918989359282585
442,1784633505.2260132,0.009155118759281756,0.016116842656148427,0.25276333167714565,-0.00021930784434072567,0.462,-0.0,0.875,0.995,0.0,0.099,0.0,0.4615854417764182,-0.000640585475962956,0.8741520330025028,-0.001336796475002296,8.407324720068389e-05,0.5273658717500309,-3.8189282292694585e-07,-2.787337749673339e-17,0.5918989359282585
444,1784633505.249782,0.006927679465397525,0.0170575354869303,0.2523181856084037,-0.00019914090350990247,0.462,-0.0,0.875,0.995,0.0,0.099,0.0,0.4615854417764182,-0.000640585475962956,0.8741520330025028,-0.0013754687255407112,3.7105947480680845e-05,0.5274290234675852,-3.8189282292694585e-07,-2.787337749673339e-17,0.5942989359282584
446,1784633505.2730675,0.00672192590628396,0.015616315917358362,0.25266623065758415,-0.00018279225221137866,0.462,-0.0,0.875,0.995,0.0,0.099,0.0,0.4615854417764182,-0.000640585475962956,0.8741520330025028,-0.0014363396067555744,-5.3029446766662257e-05,0.5275476698363504,-3.8189282292694585e-07,-2.787337749673339e-17,0.5942989359282584
446,1784633505.2954233,0.0015514789082521768,0.033378102787324754,0.25313872806163956,-0.0001658805687037026,0.462,-0.0,0.875,0.995,0.0,0.099,0.0,0.4618792329696806,-0.00020301442005189827,0.8747784069699922,-0.0014579600796634435,-9.612668102680728e-05,0.5276024997757882,-3.8189282292694585e-07,-2.787337749673339e-17,0.5942989359282584
448,1784633505.3210218,0.001342612499043987,0.036552533449270085,0.2528501106039146,-0.00012777241714501372,0.462,-0.0,0.875,0.995,0.0,0.099,-0.0,0.4618792329696806,-0.00020301442005189827,0.8747784069699922,-0.0014853856547259671,-0.00018839392347232207,0.5277178274719486,-3.8189282292694585e-07,-2.787337749673339e-17,0.5942989359282584
448,1784633505.3453434,0.0006544032023723203,0.03510181745792036,0.25294303173381316,-0.00010143387977192561,0.462,-0.0,0.875,0.995,0.0,0.099,-0.0,0.4618792329696806,-0.00020301442005189827,0.8747784069699922,-0.0014868330050911032,-0.00024594197390069615,0.5277924679140038,-3.8189282292694585e-07,-2.787337749673339e-17,0.5942989359282584
451,1784633505.3632076,-0.009687137637435046,0.03465517303686985,0.25287510771552985,4.0533808495089385e-05,0.462,0.0,0.875,0.995,0.001,0.099,-0.0,0.4618792329696806,-0.00020301442005189827,0.8747784069699922,-0.0014736526127935652,-0.0002964214846670392,0.5278615820732069,-3.8189282292694585e-07,-2.787337749673339e-17,0.5942989359282584
451,1784633505.3814056,-0.010606935087107548,0.020001849189528235,0.2525382547539229,0.00011807109098062068,0.462,0.0,0.875,0.995,0.001,0.1,-0.0,0.4618792329696806,-0.00020301442005189827,0.8747784069699922,-0.001452930657602964,-0.000332566519682697,0.5279138163817628,-3.8189282292694585e-07,-2.787337749673339e-17,0.5942989359282584
452,1784633505.3968022,-0.011018289067857782,0.025059544496958824,0.25322177327877043,0.0001930541423774994,0.462,0.0,0.875,0.995,0.001,0.1,-0.0,0.4618792329696806,-0.00020301442005189827,0.8747784069699922,-0.0014233041913654255,-0.00036486628749366954,0.5279634719295819,-3.8189282292694585e-07,-2.787337749673339e-17,0.5942989359282584
453,1784633505.416944,-0.010751505372554726,0.02332911566527822,0.2526088444095581,0.00024853508523362656,0.462,0.0,0.875,0.995,0.001,0.1,-0.0,0.4618792329696806,-0.00020301442005189827,0.8747784069699922,-0.0013739582734208446,-0.00039823246871022226,0.5280216424612881,-3.8189282292694585e-07,-2.787337749673339e-17,0.5942989359282584
454,1784633505.4360106,-0.010543784423000637,0.026380294932503632,0.25323732156866435,0.00028367975976733857,0.461,0.0,0.875,0.995,0.001,0.1,-0.0,0.4618792329696806,-0.00020301442005189827,0.8747784069699922,-0.0013382599016658384,-0.00041451892665674006,0.528054710965438,-3.8189282292694585e-07,-2.787337749673339e-17,0.5942989359282584
455,1784633505.4614382,-0.009641028369580838,0.026325253381094198,0.25268733172074015,0.00030483401025111943,0.461,0.0,0.875,0.995,0.001,0.1,-0.0,0.4618792329696806,-0.00020301442005189827,0.8747784069699922,-0.0012699949276961037,-0.0004358602308405453,0.5281074574538804,-3.8189282292694585e-07,-2.787337749673339e-17,0.5966989359282585
455,1784633505.4794617,-0.009116376122651003,0.026303127385206168,0.2530967910359626,0.00031663285630671674,0.461,0.0,0.875,0.995,0.001,0.1,-0.0,0.4618792329696806,-0.00020301442005189827,0.8747784069699922,-0.0012397966629031421,-0.00044233942369857794,0.528127648783527,-3.8189282292694585e-07,-2.787337749673339e-17,0.5966989359282585
457,1784633505.4975858,-0.0074726962744082375,0.025536059251777304,0.25261906799826833,0.0003177960840968248,0.461,0.0,0.875,0.995,0.001,0.1,-0.0,0.4618792329696806,-0.00020301442005189827,0.8747784069699922,-0.0011917202111349176,-0.000449946846029447,0.5281569078484375,-3.8189282292694585e-07,-2.787337749673339e-17,0.5966989359282585
458,1784633505.5191975,-0.005602088417176926,0.013046579556492844,0.25101770445982774,0.00030356721682463266,0.461,0.0,0.875,0.995,0.001,0.1,-0.0,0.46140893244373415,0.0001766979788682631,0.875302022166683,-0.0010869932970102199,-0.000458008694991789,0.5282124844874395,-3.8189282292694585e-07,-2.787337749673339e-17,0.5966989359282585
458,1784633505.5409577,-0.009428860854692227,0.006064376437514306,0.25250075550161427,0.00031419273572547466,0.461,0.0,0.876,0.995,0.001,0.101,-0.0,0.46140893244373415,0.0001766979788682631,0.875302022166683,-0.001031028446782264,-0.00045857724150924104,0.5282390423542772,-3.8189282292694585e-07,-2.787337749673339e-17,0.5966989359282585
460,1784633505.5682468,-0.011801311252123869,0.007746819466204848,0.2516987081347858,0.00033958504991857995,0.461,0.0,0.876,0.995,0.001,0.101,-0.0,0.46140893244373415,0.0001766979788682631,0.875302022166683,-0.0009131500213680942,-0.0004524901689132948,0.528289178849432,-3.8189282292694585e-07,-2.787337749673339e-17,0.5966989359282585
460,1784633505.5904632,-0.0030848425568504867,-0.0005526081925685926,0.2513497749784823,0.00031578452341525417,0.461,0.0,0.876,0.995,0.001,0.101,-0.0,0.46140893244373415,0.0001766979788682631,0.875302022166683,-0.0008310639608986035,-0.0004431486086517995,0.5283197686748807,-3.8189282292694585e-07,-2.787337749673339e-17,0.5966989359282585
463,1784633505.6050096,-0.002664878610817158,0.0004742954314545175,0.2515507427119034,0.0003168351464806344,0.461,0.0,0.876,0.995,0.001,0.101,-0.0,0.46140893244373415,0.0001766979788682631,0.875302022166683,-0.0007271231589704418,-0.00042660079374749315,0.5283554323591589,-3.8189282292694585e-07,-2.787337749673339e-17,0.5966989359282585
463,1784633505.6197212,-0.010409394781856323,0.00701962399868792,0.2523545433560475,0.0003461677410121554,0.461,0.0,0.876,0.995,0.001,0.101,-0.0,0.46140893244373415,0.0001766979788682631,0.875302022166683,-0.000706325470891067,-0.00042270664614196487,0.5283622711624226,-3.8189282292694585e-07,-2.787337749673339e-17,0.5966989359282585
464,1784633505.6340256,-0.0024550394599830282,0.0032455899577520514,0.25077602923111364,0.00032461690322368525,0.461,0.0,0.876,0.995,0.001,0.101,-0.0,0.46140893244373415,0.0001766979788682631,0.875302022166683,-0.0006648688975539684,-0.00041434159054904384,0.5283756473713971,-3.8189282292694585e-07,-2.787337749673339e-17,0.5966989359282585
465,1784633505.656155,0.008188179051934462,0.00857782100449966,0.25195304226998744,0.00017130951122938383,0.461,0.0,0.876,0.995,0.0,0.101,-0.0,0.46140893244373415,0.0001766979788682631,0.875302022166683,-0.0004478013535192916,-0.0003579318999077274,0.5284421070027264,-3.8189282292694585e-07,-2.787337749673339e-17,0.5966989359282585
466,1784633505.6728585,0.00918073849047394,0.0010159344985664542,0.25111491384041673,9.712317713626072e-05,0.461,0.0,0.876,0.995,0.0,0.102,-0.0,0.46140893244373415,0.0001766979788682631,0.875302022166683,-0.00039370293220298994,-0.00034015445518032145,0.528457979517628,-3.8189282292694585e-07,-2.787337749673339e-17,0.5966989359282585
467,1784633505.7181566,0.0022340654011040175,-0.00010268996212564174,0.25257353782666814,7.07755581173084e-05,0.461,0.0,0.876,0.995,0.0,0.102,0.0,0.46140893244373415,0.0001766979788682631,0.875302022166683,-0.00029342963625662855,-0.0003027439656579594,0.5284868350397632,-3.8189282292694585e-07,-2.787337749673339e-17,0.5990989359282586
467,1784633505.7570624,0.002123028629872585,0.0011030502321811167,0.25128009601092466,3.895025336921811e-05,0.461,0.0,0.876,0.995,0.0,0.102,0.0,0.46140893244373415,0.0001766979788682631,0.875302022166683,-0.00019256352898407327,-0.0002585079673509988,0.5285160353943062,-3.8189282292694585e-07,-2.787337749673339e-17,0.5990989359282586
471,1784633505.7806208,-0.00349641424945408,0.10107536208795291,0.2648700066397432,-0.003529844880353496,0.461,0.0,0.877,0.995,0.0,0.102,0.0,0.4606794459738882,0.0003470327950390818,0.8762239333050379,-8.410493058826871e-05,-0.00019803786454125076,0.5285495163503914,-3.8189282292694585e-07,-2.787337749673339e-17,0.5990989359282586
471,1784633505.7980604,-0.004683361913093478,0.19854391958757528,0.24579021399685283,-0.0011568467330810403,0.46,0.0,0.877,0.995,0.0,0.102,0.0,0.4606794459738882,0.0003470327950390818,0.8762239333050379,-4.6439103153027956e-05,-0.00017148111205782024,0.5285644453786622,-3.8189282292694585e-07,-2.787337749673339e-17,0.5990989359282586
473,1784633505.8166265,-0.004386532571122372,0.29358019920823725,0.2585651356621217,-0.00025869195601130866,0.46,0.0,0.877,0.995,0.0,0.102,0.0,0.4606794459738882,0.0003470327950390818,0.8762239333050379,-1.557895340480249e-05,-0.00014385982852132268,0.5285802427419825,-3.8189282292694585e-07,-2.787337749673339e-17,0.5990989359282586
474,1784633505.836171,-0.006199831847674179,0.3231033954616758,0.2505308372776794,5.991117404697421e-05,0.46,0.0,0.877,0.995,0.0,0.102,0.0,0.4606794459738882,0.0003470327950390818,0.8762239333050379,1.1167170541132348e-05,-0.00012323668367103597,0.528588019904162,-3.8189282292694585e-07,-2.787337749673339e-17,0.5990989359282586
475,1784633505.853918,-0.0067021792834627385,0.3067618443937188,0.2576443248902425,0.00024347062714026008,0.46,0.0,0.877,0.995,0.0,0.102,0.0,0.4606794459738882,0.0003470327950390818,0.8762239333050379,2.92310697610613e-05,-0.00011562159986461363,0.5285879845601371,-3.8189282292694585e-07,-2.787337749673339e-17,0.5990989359282586
476,1784633505.8751378,-0.005917616986538206,0.3047730380391549,0.2531017464914627,0.000426343558763112,0.46,0.0,0.877,0.995,0.0,0.102,0.0,0.4606794459738882,0.0003470327950390818,0.8762239333050379,5.70563563692246e-05,-0.00010847714993782523,0.5285775616815386,-3.8189282292694585e-07,-2.787337749673339e-17,0.5990989359282586
477,1784633505.8957129,-0.005773413081948787,0.273306560389665,0.2561493883540598,0.0005084965682835424,0.46,0.0,0.877,0.995,0.0,0.103,0.0,0.4606794459738882,0.0003470327950390818,0.8762239333050379,9.206152754000255e-05,-0.00010561922198505276,0.528555211972516,-3.8189282292694585e-07,-2.787337749673339e-17,0.5990989359282586
478,1784633505.9208043,-0.0053830720779310375,0.30193513009940154,0.2553011268133796,0.0005270937471881513,0.46,0.0,0.877,0.995,0.0,0.103,0.0,0.4606794459738882,0.0003470327950390818,0.8762239333050379,0.00013467990500927885,-0.00010701279226545569,0.5285218559203297,0.006385976419363609,-2.787337749673339e-17,0.6
478,1784633505.9396453,-0.00486039901799401,0.22813642146298946,0.25488307711834884,0.0005327417477204715,0.46,0.0,0.877,0.995,0.0,0.104,0.0,0.4606794459738882,0.0003470327950390818,0.8762239333050379,0.00018611484015054421,-0.00011244485395715794,0.5284798616154072,0.006385976419363609,-2.787337749673339e-17,0.6
480,1784633505.962915,-0.004828260408779879,0.27393326594637923,0.25673638027276663,0.00044508692646276775,0.46,0.0,0.878,0.994,0.0,0.105,0.0,0.4606794459738882,0.0003470327950390818,0.8762239333050379,0.00023096548021625133,-0.00011912722274825899,0.5284433078713339,0.006385976419363609,-2.787337749673339e-17,0.6
480,1784633505.9845743,-0.0048974038655495425,0.2843270557384241,0.25538633935176575,0.00036485891970564207,0.461,0.0,0.878,0.994,0.0,0.108,0.0,0.4606794459738882,0.0003470327950390818,0.8762239333050379,0.00033747279651565504,-0.00013887020435429803,0.5283586974763966,0.006385976419363609,-2.787337749673339e-17,0.6
482,1784633506.0055664,-8.431219482166533e-06,0.17721968174166858,0.28945822474614163,-0.00026918147294456563,0.461,0.0,0.878,0.994,0.0,0.112,0.0,0.46043587267465924,0.0003835731469634886,0.8771974694034618,0.0005215522196517786,-0.00017823131346629035,0.5282344400852076,0.006385976419363609,-2.787337749673339e-17,0.6
483,1784633506.026867,-0.001161812660331052,0.27277766871080167,0.2508570256980758,-9.431487391078507e-05,0.461,0.0,0.878,0.993,0.0,0.116,0.0,0.46043587267465924,0.0003835731469634886,0.8771974694034618,0.0007000307372025145,-0.0002195158318064976,0.528136348360576,0.006385976419363609,-2.787337749673339e-17,0.6
485,1784633506.0466177,0.0014081907982314923,0.16595842017748275,0.294529464367684,-0.003399946223169044,0.461,0.0,0.879,0.993,0.0,0.118,0.0,0.46043587267465924,0.0003835731469634886,0.8771974694034618,0.0008432715829614461,-0.0002528558285051933,0.5280699536468152,0.006385976419363609,-2.787337749673339e-17,0.6
485,1784633506.0656726,0.00042473298370922165,0.20796999747345238,0.25268635554239843,-0.0021069663136399066,0.461,0.0,0.879,0.993,0.0,0.121,0.0,0.46043587267465924,0.0003835731469634886,0.8771974694034618,0.0010068580281328173,-0.0002914825298361602,0.5280073787026016,0.006385976419363609,-2.787337749673339e-17,0.6
487,1784633506.0830371,-0.0007771211328946382,0.1792973798882022,0.26407405387966315,-0.0013840059021776449,0.461,0.0,0.879,0.992,0.0,0.123,0.0,0.46043587267465924,0.0003835731469634886,0.8771974694034618,0.0011930577405802022,-0.00033917209333957316,0.5279661717263672,0.006385976419363609,-2.787337749673339e-17,0.6
487,1784633506.108597,-0.002140064407489317,0.07485532528247929,0.2570808255900457,-0.0022894363027024358,0.461,0.0,0.879,0.992,0.0,0.125,0.0,0.46043587267465924,0.0003835731469634886,0.8771974694034618,0.0013503181850574957,-0.00037410827069802606,0.5279486202573083,0.006385976419363609,-2.787337749673339e-17,0.6
487,1784633506.1336508,-0.004701173889994453,0.1729599983218676,0.2611868527755391,-0.002159543285858233,0.461,0.0,0.88,0.992,0.0,0.127,-0.0,0.46043587267465924,0.0003835731469634886,0.8771974694034618,0.001669393096299844,-0.000437425984630003,0.5279485871660143,0.006385976419363609,-2.787337749673339e-17,0.6
490,1784633506.1648679,-0.016068054426715606,0.06863897113135635,0.254591879836775,-0.005800140273080682,0.462,0.0,0.88,0.992,0.0,0.129,-0.0,0.46043587267465924,0.0003835731469634886,0.8771974694034618,0.0019016485204589961,-0.0004821717719434071,0.5279630567170083,0.025381909065956658,-2.787337749673339e-17,0.6
490,1784633506.1888232,-0.023301455952322272,0.024561720971303075,0.25457162626681723,-0.007812624148145155,0.462,0.0,0.881,0.991,0.0,0.134,-0.0,0.46043587267465924,0.0003835731469634886,0.8771974694034618,0.003001877770368939,-0.0006498769031380699,0.5281074028767829,0.025381909065956658,-2.787337749673339e-17,0.6
493,1784633506.2185354,-0.014059440850641473,0.12364078805606732,0.26031339797737313,-0.006031497646669,0.463,0.0,0.881,0.991,0.0,0.135,-0.0,0.46043587267465924,0.0003835731469634886,0.8771974694034618,0.0032350080791711767,-0.0006681180487371379,0.5281642660812313,0.025381909065956658,-2.787337749673339e-17,0.6
493,1784633506.247949,-0.009964398721519021,0.2205352459487719,0.25738765796071866,-0.0050410388148676676,0.463,0.0,0.882,0.99,0.0,0.138,-0.001,0.46043587267465924,0.0003835731469634886,0.8771974694034618,0.003977768069091455,-0.0006596524716487069,0.528419756765635,0.025381909065956658,-2.787337749673339e-17,0.6
495,1784633506.2866874,-0.01804989143956945,0.22411652089254247,0.2663925631607121,-0.004630623430998596,0.464,0.0,0.883,0.99,0.001,0.14,-0.001,0.4615808270097968,0.0003506690709668428,0.8797646286965508,0.0048011153309740155,-0.0005809397635313888,0.5287617608086101,0.025381909065956658,-2.787337749673339e-17,0.6
497,1784633506.3067563,-0.01630216291307034,0.21415593395890709,0.25904677418495614,-0.0037258886966513643,0.465,0.0,0.884,0.99,0.001,0.141,-0.001,0.4615808270097968,0.0003506690709668428,0.8797646286965508,0.0060212267889326225,-0.0003649492626540961,0.5293347526950233,0.025381909065956658,-2.787337749673339e-17,0.6
499,1784633506.3266213,-0.015568425940215702,0.1935472103783244,0.26213107578834066,-0.0030509019371112514,0.466,0.0,0.884,0.99,0.001,0.142,-0.001,0.4615808270097968,0.0003506690709668428,0.8797646286965508,0.006698369194272121,-0.00022431386179197095,0.5296563015500413,0.025381909065956658,-2.787337749673339e-17,0.6
499,1784633506.349199,-0.013296340843934273,0.1878595470620737,0.25933096530586375,-0.002301796196626259,0.467,0.0,0.885,0.99,0.001,0.143,-0.001,0.4615808270097968,0.0003506690709668428,0.8797646286965508,0.008017612129334504,4.244898768230917e-05,0.5302355803690637,0.025381909065956658,-2.787337749673339e-17,0.6
499,1784633506.3702488,-0.012174093602216675,0.1791734252996488,0.2612273359980485,-0.001809176465991655,0.468,0.0,0.885,0.99,0.001,0.144,-0.001,0.4615808270097968,0.0003506690709668428,0.8797646286965508,0.008642107263370785,0.00016065609874343963,0.5304854076463505,0.025381909065956658,-2.787337749673339e-17,0.6
502,1784633506.3891256,-0.002242027085964965,0.17805244182286573,0.25947733033672027,-0.0012565463434667792,0.468,0.0,0.886,0.99,0.0,0.144,-0.001,0.4615808270097968,0.0003506690709668428,0.8797646286965508,0.009080111597605085,0.00024022416639273396,0.5306525581293283,0.056502156717534995,-2.787337749673339e-17,0.6
502,1784633506.4059029,-0.0016267221970541462,0.21481835907111582,0.26566002972453256,-0.0014251866605520629,0.469,0.0,0.886,0.989,0.0,0.145,-0.001,0.4615808270097968,0.0003506690709668428,0.8797646286965508,0.009770493679537844,0.00035955638972842116,0.5309024867651203,0.056502156717534995,-2.787337749673339e-17,0.6
504,1784633506.4231033,-0.0008295132859718684,0.18140157452146755,0.257904168289207,-0.001527779247242243,0.47,0.0,0.887,0.989,0.0,0.146,-0.001,0.4615808270097968,0.0003506690709668428,0.8797646286965508,0.01075264726982388,0.0005157447447920562,0.5312372396062277,0.056502156717534995,-2.787337749673339e-17,0.6
504,1784633506.4384413,0.003751072111718297,0.07687987000508134,0.25448993480646703,-0.0009165174041682939,0.47,0.0,0.887,0.989,0.0,0.147,-0.001,0.4615808270097968,0.0003506690709668428,0.8797646286965508,0.01153430106776447,0.0006271681280150866,0.5314928270508,0.056502156717534995,-2.787337749673339e-17,0.6
505,1784633506.4559503,0.0018251468237726718,0.17489732692021462,0.26842469446161527,-0.0002562396576118465,0.472,0.0,0.888,0.989,0.0,0.15,-0.0,0.4615808270097968,0.0003506690709668428,0.8797646286965508,0.013807302113595167,0.0008980886364754234,0.5321931153541947,0.056502156717534995,-2.787337749673339e-17,0.6
506,1784633506.481813,0.0028843884328070917,0.09567969785618674,0.25108070008690475,0.00022913941980011747,0.474,0.0,0.889,0.988,0.0,0.152,-0.0,0.4615808270097968,0.0003506690709668428,0.8797646286965508,0.01570293590148931,0.001093299075867237,0.5327247556484114,0.056502156717534995,-2.787337749673339e-17,0.6
506,1784633506.5116937,0.0017727018121639604,0.1453244466479342,0.2682145482996147,0.00039138843405824795,0.475,0.0,0.889,0.988,0.0,0.153,-0.0,0.4615808270097968,0.0003506690709668428,0.8797646286965508,0.016712895524145302,0.0011912175220154953,0.5329910469968736,0.056502156717534995,-2.787337749673339e-17,0.6
509,1784633506.5351658,0.0010215764304875447,0.09974556009775701,0.2584915789423171,0.00020105633561100992,0.477,0.0,0.89,0.988,0.0,0.155,-0.0,0.46804083726089385,0.00020098954243100175,0.8856467254941509,0.01923171572190315,0.0014187394366961812,0.5336099810259659,0.056502156717534995,-2.787337749673339e-17,0.6
509,1784633506.56101,-0.0003541690203830118,0.15621106417522843,0.2715302302417774,-5.5914009784565905e-05,0.479,-0.0,0.891,0.987,0.0,0.158,-0.0,0.46804083726089385,0.00020098954243100175,0.8856467254941509,0.02200052118810984,0.001648695732862179,0.534233163313267,0.056502156717534995,-2.787337749673339e-17,0.6
511,1784633506.5770702,-0.0010843421911614333,0.11143779528090235,0.258496552862281,-0.00017453975605629288,0.482,-0.0,0.892,0.987,0.0,0.16,-0.0,0.46804083726089385,0.00020098954243100175,0.8856467254941509,0.025021175560679513,0.0018782517260469598,0.5348561214972068,0.056502156717534995,-2.787337749673339e-17,0.6
512,1784633506.5955122,-0.0013418435762995863,0.09520581492232641,0.2675412735344157,-0.0003832273187092995,0.484,-0.0,0.893,0.987,0.0,0.162,-0.0,0.46804083726089385,0.00020098954243100175,0.8856467254941509,0.026869587153542564,0.00200629338142352,0.535214539656226,0.0989517391650308,-2.787337749673339e-17,0.6
513,1784633506.6186616,-0.002860873573074168,0.02010391120825232,0.2555590385570263,-0.000614827650651279,0.485,-0.0,0.893,0.987,-0.0,0.163,-0.0,0.46804083726089385,0.00020098954243100175,0.8856467254941509,0.028805585674407348,0.0021322624332649935,0.5355723977642106,0.0989517391650308,-2.787337749673339e-17,0.6
514,1784633506.636267,-0.0008919702994404461,0.11816135634877765,0.27250280392025833,-0.0006576282968872708,0.486,-0.0,0.894,0.987,-0.0,0.163,-0.0,0.46804083726089385,0.00020098954243100175,0.8856467254941509,0.029806259851440437,0.0021950505216167286,0.5357514749211475,0.0989517391650308,-2.787337749673339e-17,0.6
515,1784633506.6544638,-0.0034753402323096233,0.015221640910586615,0.2515044471542344,-0.0006579060882033339,0.489,-0.0,0.895,0.986,-0.0,0.165,-0.0,0.46804083726089385,0.00020098954243100175,0.8856467254941509,0.03294015231675598,0.0023814745441806434,0.5362902388649398,0.0989517391650308,-2.787337749673339e-17,0.6
516,1784633506.6754704,-0.0013324168982809252,0.10347375689065,0.27410446250156956,-0.0007373984269852254,0.492,-0.0,0.895,0.986,-0.0,0.167,-0.0,0.46804083726089385,0.00020098954243100175,0.8856467254941509,0.03570727871432689,0.002535486497912779,0.5367377364870188,0.0989517391650308,-2.787337749673339e-17,0.6
517,1784633506.6946423,-0.006240690073024522,0.0008911921861586986,0.23688371950066336,0.00406484669519636,0.495,-0.0,0.896,0.986,-0.0,0.168,-0.0,0.46804083726089385,0.00020098954243100175,0.8856467254941509,0.039813134999050835,0.002752257810885786,0.5373478062614603,0.0989517391650308,-2.787337749673339e-17,0.6
518,1784633506.7156634,-0.002239607994811271,-0.07892611867603261,0.275685602048606,0.0018528842584743885,0.498,-0.0,0.897,0.986,-0.0,0.169,-0.0,0.46804083726089385,0.00020098954243100175,0.8856467254941509,0.04291638061734342,0.0029083647254472917,0.5377792240025043,0.0989517391650308,-2.787337749673339e-17,0.6
519,1784633506.7358284,-0.005035152388719099,-0.1769454325222261,0.23563359309882026,0.0008768165071641793,0.502,-0.0,0.898,0.985,-0.0,0.171,-0.0,0.48222858938226126,-9.478405279441629e-05,0.8921234508954111,0.04749075590725923,0.0031204477746041644,0.53837397616208,0.0989517391650308,-2.787337749673339e-17,0.6
520,1784633506.7539358,-0.0029849847255257714,-0.27251211465396835,0.2635408777860691,0.0001006654628959902,0.504,-0.0,0.899,0.985,-0.0,0.171,-0.0,0.48222858938226126,-9.478405279441629e-05,0.8921234508954111,0.04952958836056945,0.0032085075674318218,0.5386229844282684,0.0989517391650308,-2.787337749673339e-17,0.6
521,1784633506.775788,-0.00315387199274606,-0.30744123556384345,0.24090341058466633,-0.00017973341979932964,0.508,-0.0,0.9,0.985,-0.0,0.172,-0.0,0.48222858938226126,-9.478405279441629e-05,0.8921234508954111,0.053746562329602045,0.003379124129057259,0.5391134390188108,0.0989517391650308,-2.787337749673339e-17,0.6
522,1784633506.7952778,-0.0009122443413871295,-0.27741163005692016,0.2589141089790474,-0.0002828142905147654,0.51,-0.0,0.9,0.985,-0.0,0.172,-0.0,0.48222858938226126,-9.478405279441629e-05,0.8921234508954111,0.05592313820628082,0.003460586799467117,0.5393530246440946,0.15164626343359439,-2.787337749673339e-17,0.6
523,1784633506.8153443,-0.00024961126952658145,-0.17047653910745253,0.28460603328503364,-0.0010544022080196287,0.515,-0.0,0.901,0.985,-0.0,0.172,-0.0,0.48222858938226126,-9.478405279441629e-05,0.8921234508954111,0.05963386684679023,0.0035921446112923538,0.5397317585617194,0.15164626343359439,-2.787337749673339e-17,0.6
524,1784633506.8358808,0.001094023096337452,-0.2640379309489156,0.2365865785714803,-0.0006328662250016983,0.518,-0.0,0.901,0.985,-0.0,0.172,-0.0,0.48222858938226126,-9.478405279441629e-05,0.8921234508954111,0.06500212463887381,0.0037631416501044085,0.540215471152632,0.15164626343359439,-2.787337749673339e-17,0.6
525,1784633506.8556252,0.0014851837130238305,-0.2176029427672121,0.2627314803856623,-0.000603194027092182,0.521,-0.0,0.902,0.985,-0.0,0.171,-0.0,0.48222858938226126,-9.478405279441629e-05,0.8921234508954111,0.06657269052471723,0.0038080187864667266,0.540342037378203,0.15164626343359439,-2.787337749673339e-17,0.6
526,1784633506.8756807,0.00026981389683770223,-0.11216599886009686,0.26852333715977555,-0.0005506231952350801,0.523,-0.0,0.902,0.985,-0.0,0.17,-0.0,0.48222858938226126,-9.478405279441629e-05,0.8921234508954111,0.06896550952273892,0.0038715793700493583,0.5405272127552805,0.15164626343359439,-2.787337749673339e-17,0.6
527,1784633506.8955617,0.0008495387446011329,-0.009361886032157096,0.2531820615258735,-0.00021177692345035834,0.527,-0.0,0.902,0.986,-0.0,0.169,-0.0,0.48222858938226126,-9.478405279441629e-05,0.8921234508954111,0.07222890976145896,0.003949358043416303,0.5407679068232936,0.15164626343359439,-2.787337749673339e-17,0.6
528,1784633506.915558,0.0017760518459817199,-0.10912026973501586,0.24874856022244637,0.0001110816446195599,0.53,-0.0,0.903,0.986,-0.0,0.167,-0.0,0.5079597791489012,-0.0003218930161558468,0.8992736730694249,0.07726536873917238,0.00405122866722386,0.5411023666965228,0.15164626343359439,-2.787337749673339e-17,0.6
529,1784633506.9350176,0.0005911312960640482,-0.006413538431837451,0.27080343423223846,-6.114443746614432e-05,0.533,-0.0,0.903,0.986,-0.0,0.166,-0.0,0.5079597791489012,-0.0003218930161558468,0.8992736730694249,0.07984905175475536,0.004098459426780037,0.5412641986801396,0.15164626343359439,-2.787337749673339e-17,0.6
530,1784633506.9602401,0.0005254563530663258,0.05198138885212273,0.25296372935035033,-8.137253396109612e-05,0.533,-0.0,0.903,0.986,-0.0,0.165,-0.0,0.5079597791489012,-0.0003218930161558468,0.8992736730694249,0.08071972516360308,0.004113702337362751,0.5413173405149091,0.15164626343359439,-2.787337749673339e-17,0.6
530,1784633506.9833865,0.0005612572903816739,0.05357459256624914,0.26623256051835675,-9.8399609429853e-05,0.535,-0.0,0.903,0.986,-0.0,0.165,-0.0,0.5079597791489012,-0.0003218930161558468,0.8992736730694249,0.08247442465254005,0.004143761348773522,0.5414217924416009,0.15164626343359439,-2.787337749673339e-17,0.6
533,1784633507.0151346,-0.00013703286711840446,0.10953865488405962,0.2617515458882466,-0.00011901185314905229,0.54,-0.0,0.903,0.987,-0.0,0.163,-0.0,0.5079597791489012,-0.0003218930161558468,0.8992736730694249,0.08693718991179131,0.004215893430700517,0.5416688206333844,0.15164626343359439,-2.787337749673339e-17,0.6
533,1784633507.051764,0.0033979495578655913,0.006802081257586454,0.23652212947183116,0.0007556886232732745,0.545,-0.0,0.904,0.987,-0.0,0.16,-0.0,0.5079597791489012,-0.0003218930161558468,0.8992736730694249,0.09244667368775675,0.004287767520519404,0.5419413770366565,0.15164626343359439,-2.787337749673339e-17,0.6
536,1784633507.0905747,-0.0003859696316121956,0.10663119520235981,0.28060885483046616,0.00017451222424998733,0.551,-0.0,0.904,0.987,-0.0,0.159,-0.0,0.5079597791489012,-0.0003218930161558468,0.8992736730694249,0.0981304078406121,0.004344890389728204,0.5421945269352676,0.15164626343359439,-2.787337749673339e-17,0.6
536,1784633507.1168368,0.00028599276039403777,0.057704423747434654,0.25577224266221366,0.0001910518974048816,0.558,-0.0,0.905,0.988,-0.0,0.158,-0.0,0.5079597791489012,-0.0003218930161558468,0.8992736730694249,0.10598245118528037,0.004396874972663744,0.5425147331659019,0.21323962507094874,-2.787337749673339e-17,0.6
539,1784633507.1360772,0.016385067781277168,-0.04372559227183082,0.23990916940033308,0.0030258016381973707,0.566,-0.0,0.905,0.988,-0.0,0.157,-0.0,0.5496015999052627,-0.00029256229976269005,0.9041857202442158,0.11407980384382442,0.004424747557050691,0.5427578853945079,0.21323962507094874,-2.787337749673339e-17,0.6
539,1784633507.1529071,0.012601177806914846,0.05724828006963827,0.2838981107105165,0.002465790198545972,0.57,-0.0,0.905,0.988,-0.0,0.157,-0.0,0.5496015999052627,-0.00029256229976269005,0.9041857202442158,0.11820220941932086,0.004432020979427347,0.5428309321863575,0.21323962507094874,-2.787337749673339e-17,0.6
541,1784633507.1702244,0.014693093458307313,-0.04418050181035144,0.2557314949101974,0.0021553458337282656,0.574,-0.0,0.905,0.988,-0.0,0.157,-0.0,0.5496015999052627,-0.00029256229976269005,0.9041857202442158,0.12133582746420528,0.004435238382771383,0.5428720503457507,0.21323962507094874,-2.787337749673339e-17,0.6
541,1784633507.1869266,0.01245182530042151,0.047831499788844455,0.2736197045468792,0.0014771029967187593,0.576,-0.0,0.905,0.988,-0.0,0.157,-0.0,0.5496015999052627,-0.00029256229976269005,0.9041857202442158,0.12450568485140567,0.004434716321462946,0.5429043065100495,0.21323962507094874,-2.787337749673339e-17,0.6
543,1784633507.204142,0.019598089594001552,-0.053364199769856825,0.2319247573730884,0.0038078868712498504,0.58,-0.0,0.905,0.987,-0.0,0.158,-0.0,0.5496015999052627,-0.00029256229976269005,0.9041857202442158,0.1277105275864262,0.0044305433110494955,0.5429268716682621,0.21323962507094874,-2.787337749673339e-17,0.6
543,1784633507.2212977,0.01777557500252043,-0.15202931078961132,0.24881628753254034,0.007128803930865388,0.583,-0.0,0.905,0.987,-0.0,0.158,-0.0,0.5496015999052627,-0.00029256229976269005,0.9041857202442158,0.1309487830005279,0.004423406183273013,0.542938200329941,0.21323962507094874,-2.787337749673339e-17,0.6
543,1784633507.2383988,0.01433946140278283,-0.16044240975325252,0.2714431349815556,0.005275876154115726,0.589,-0.0,0.905,0.987,-0.0,0.158,-0.0,0.5496015999052627,-0.00029256229976269005,0.9041857202442158,0.13643455801674562,0.004404945445629419,0.5429452715871141,0.21323962507094874,-2.787337749673339e-17,0.6
545,1784633507.2724564,0.014057459039256348,-0.17456830232758416,0.25310554978134625,0.0033427030542323255,0.593,0.0,0.905,0.987,-0.0,0.159,-0.0,0.5496015999052627,-0.00029256229976269005,0.9041857202442158,0.14090666211061756,0.0043839612433832255,0.5429449284900766,0.21323962507094874,-2.787337749673339e-17,0.6
545,1784633507.308013,0.015450641510798793,-0.2701987843884428,0.23400004127196947,0.003439095125890851,0.601,0.0,0.905,0.987,-0.0,0.159,-0.0,0.5496015999052627,-0.00029256229976269005,0.9041857202442158,0.1488996034510402,0.004333586506368721,0.5429185252592955,0.21323962507094874,-2.787337749673339e-17,0.6
549,1784633507.3320296,0.014514292662368986,-0.3634435595344976,0.25208234144017,0.0034758388550731375,0.607,0.0,0.905,0.987,0.0,0.159,-0.0,0.5496015999052627,-0.00029256229976269005,0.9041857202442158,0.15829372014893645,0.004247107318710205,0.5428398209398995,0.28215839496882095,-2.787337749673339e-17,0.6
549,1784633507.3465207,0.014806559234397105,-0.3660072051091618,0.24027809846079445,0.002715200801122304,0.618,0.0,0.905,0.987,0.0,0.159,-0.0,0.5496015999052627,-0.00029256229976269005,0.9041857202442158,0.16551993546249177,0.00416806213383115,0.5427495306916515,0.28215839496882095,-2.787337749673339e-17,0.6
551,1784633507.3602896,0.013545546316305187,-0.3545219370704007,0.2522047518248111,0.002017618648965957,0.621,0.0,0.905,0.987,0.0,0.159,-0.0,0.5496015999052627,-0.00029256229976269005,0.9041857202442158,0.16796139029931142,0.004139097259527529,0.542711880918277,0.28215839496882095,-2.787337749673339e-17,0.6
551,1784633507.3760147,0.01324584111778192,-0.34911154468360245,0.24261400076357262,0.0016375320973671219,0.624,0.0,0.905,0.987,0.0,0.158,-0.0,0.5496015999052627,-0.00029256229976269005,0.9041857202442158,0.1691876738775201,0.004124419758390155,0.5426916397951408,0.28215839496882095,-2.787337749673339e-17,0.6
552,1784633507.394822,0.008984507699388923,-0.24038742882818986,0.28150364112398163,4.081269713926807e-05,0.629,0.0,0.904,0.988,0.0,0.157,-0.0,0.601826338703252,0.000124227755041003,0.9046974818136804,0.1753661992686026,0.004050086566842643,0.5425678335039572,0.28215839496882095,-2.787337749673339e-17,0.6
553,1784633507.4139252,0.007755297721064725,-0.1343789005531195,0.2680664554729826,-0.001818482299280212,0.633,0.0,0.904,0.988,0.0,0.157,-0.001,0.601826338703252,0.000124227755041003,0.9046974818136804,0.17910672450639345,0.004005652432655055,0.5424738012655049,0.28215839496882095,-2.787337749673339e-17,0.6
554,1784633507.4348326,0.011812151486335968,-0.2310194156817914,0.23145434214214522,-0.0015070101796795714,0.64,0.001,0.904,0.988,0.0,0.155,-0.001,0.601826338703252,0.000124227755041003,0.9046974818136804,0.18538939610137511,0.003928246178875863,0.5422880028382164,0.28215839496882095,-2.787337749673339e-17,0.6
555,1784633507.454728,0.00642856135669071,-0.1252446675550193,0.27566782988174743,-0.002053271410036075,0.648,0.001,0.903,0.988,0.0,0.152,-0.001,0.601826338703252,0.000124227755041003,0.9046974818136804,0.19301067875644823,0.003830335486844583,0.5420123878659793,0.28215839496882095,-2.787337749673339e-17,0.6
556,1784633507.476014,0.010321744867740651,-0.16736436018492656,0.2512272268764651,-0.0025515577523271714,0.652,0.001,0.903,0.989,0.0,0.15,-0.001,0.601826338703252,0.000124227755041003,0.9046974818136804,0.1981479672872142,0.0037674843752719548,0.5417948657718223,0.28215839496882095,-2.787337749673339e-17,0.6
557,1784633507.4957201,0.0023089795076022424,-0.26313601061535324,0.251616053253007,-0.0023300830634357143,0.657,0.001,0.902,0.989,0.001,0.148,-0.001,0.601826338703252,0.000124227755041003,0.9046974818136804,0.20334609954527383,0.003707400777012579,0.5415708530404656,0.3566420132911993,-2.787337749673339e-17,0.6
558,1784633507.5145438,0.002001516176588305,-0.278073078595626,0.25485168409847203,-0.0025053341193434354,0.665,0.001,0.901,0.99,0.001,0.143,-0.001,0.601826338703252,0.000124227755041003,0.9046974818136804,0.21126561293912122,0.0036187010283104163,0.5412448852224723,0.3566420132911993,-2.787337749673339e-17,0.6
559,1784633507.535199,-0.0017597202051586858,-0.17112188492859937,0.2767166051970004,-0.002330053242815969,0.672,0.001,0.901,0.99,0.001,0.14,-0.001,0.601826338703252,0.000124227755041003,0.9046974818136804,0.21795802745214507,0.003548803904679318,0.540961243906962,0.3566420132911993,-2.787337749673339e-17,0.6
560,1784633507.5567045,0.0030349142066347155,-0.26680034783260054,0.23852696282035707,-0.0027670589236187104,0.678,0.001,0.9,0.991,0.001,0.137,-0.001,0.601826338703252,0.000124227755041003,0.9046974818136804,0.2233780305436159,0.003500411473093812,0.5407282913435767,0.3566420132911993,-2.787337749673339e-17,0.6
561,1784633507.5758235,-0.004889051247562809,-0.1601303615823828,0.28256371061300284,-0.00020189296966759834,0.681,0.001,0.9,0.991,0.001,0.136,-0.001,0.601826338703252,0.000124227755041003,0.9046974818136804,0.2247419858720957,0.0034895851418664595,0.5406690171822822,0.3566420132911993,-2.787337749673339e-17,0.6
562,1784633507.5945535,-0.0014870983767912276,-0.056339706097379594,0.25494539252434506,-0.0012945287436572023,0.685,0.001,0.9,0.991,0.001,0.134,-0.001,0.601826338703252,0.000124227755041003,0.9046974818136804,0.23161044595205774,0.0034429020540802904,0.5403633684016014,0.3566420132911993,-2.787337749673339e-17,0.6
563,1784633507.6157582,-0.0023840883664465024,0.045067978236278686,0.27392551870305487,-0.001843957282964182,0.694,0.001,0.899,0.991,0.001,0.131,-0.001,0.601826338703252,0.000124227755041003,0.9046974818136804,0.23995277355183534,0.003404481268471548,0.5399715461828444,0.3566420132911993,-2.787337749673339e-17,0.6
564,1784633507.6364083,-0.0060402351939088765,0.1403855131716556,0.2577446316256799,-0.0020182553063074287,0.702,0.001,0.898,0.992,0.001,0.127,-0.001,0.6557179720468986,0.0006838480853064307,0.9023707077644982,0.2484209399070383,0.003382418884979395,0.5395710129792218,0.3566420132911993,-2.787337749673339e-17,0.6
565,1784633507.654441,0.0010989038179276623,0.036880385248642955,0.2509486079290406,-0.0033733097615769496,0.711,0.001,0.897,0.992,0.001,0.123,-0.001,0.6557179720468986,0.0006838480853064307,0.9023707077644982,0.257013678843945,0.003371631974767151,0.5391674481210466,0.3566420132911993,-2.787337749673339e-17,0.6
566,1784633507.6756446,-0.006636344779725593,0.13595766604091658,0.28198310251467584,-0.0035858923411245993,0.724,0.001,0.896,0.993,0.001,0.118,-0.001,0.6557179720468986,0.0006838480853064307,0.9023707077644982,0.26867879079551127,0.0033732980398531393,0.5386488922153853,0.3566420132911993,-2.787337749673339e-17,0.6
567,1784633507.6964529,0.003195387463255309,0.03257334569386035,0.24332532350553088,-0.004543089317595322,0.729,0.001,0.896,0.993,0.001,0.117,-0.001,0.6557179720468986,0.0006838480853064307,0.9023707077644982,0.2731121959207433,0.0033769660584868663,0.5384588215797003,0.3566420132911993,-2.787337749673339e-17,0.6
568,1784633507.7164936,-0.007489644730855863,0.131758234447367,0.2872406490806068,-0.005073513623789248,0.735,0.001,0.896,0.993,0.001,0.115,-0.001,0.6557179720468986,0.0006838480853064307,0.9023707077644982,0.27757484701641877,0.003379548543313751,0.5382664902568037,0.3566420132911993,-2.787337749673339e-17,0.6
569,1784633507.7364535,-0.0021951031516185123,0.08738380062791888,0.25443142458238377,-0.003618015490108797,0.741,0.002,0.895,0.993,0.001,0.114,-0.001,0.6557179720468986,0.0006838480853064307,0.9023707077644982,0.2835735787737751,0.003378952838445316,0.538008161651061,0.4347877637381043,-2.787337749673339e-17,0.6
570,1784633507.7555835,-0.0007393672223551808,0.05406564680808591,0.26527111192500336,-0.0029503858763970303,0.744,0.002,0.895,0.994,0.001,0.113,-0.001,0.6557179720468986,0.0006838480853064307,0.9023707077644982,0.2881083101912452,0.0033767213074926716,0.5378149620690602,0.4347877637381043,-2.787337749673339e-17,0.6
571,1784633507.77696,-0.006128696491041089,0.15270146279300745,0.26844815912769165,-0.002891091102576584,0.751,0.002,0.895,0.994,0.001,0.113,-0.001,0.6557179720468986,0.0006838480853064307,0.9023707077644982,0.29878952699065053,0.0033701320144639483,0.537353882992264,0.4347877637381043,-2.787337749673339e-17,0.6
572,1784633507.7971692,-0.006104313517796955,0.23975743218880682,0.26237495648613485,-0.002351816160193396,0.757,0.002,0.895,0.994,0.001,0.112,-0.001,0.6557179720468986,0.0006838480853064307,0.9023707077644982,0.30342031451218315,0.003366770434693259,0.5371583335568147,0.4347877637381043,-2.787337749673339e-17,0.6
573,1784633507.8212972,-0.004665479268161478,0.19565747221248297,0.2648093019806442,-0.002081435534388458,0.76,0.002,0.895,0.994,0.001,0.112,-0.001,0.6557179720468986,0.0006838480853064307,0.9023707077644982,0.3065244782266839,0.003364774199734801,0.5370285635480136,0.4347877637381043,-2.787337749673339e-17,0.6
573,1784633507.8418293,0.00020025583056272524,0.09076706877519235,0.2574630491320877,-0.0025590594390298453,0.769,0.002,0.894,0.994,0.001,0.112,-0.001,0.6557179720468986,0.0006838480853064307,0.9023707077644982,0.3159173432333899,0.003358996980268154,0.5366416675722986,0.4347877637381043,-2.787337749673339e-17,0.6
575,1784633507.863258,0.00043348713181309134,-0.011391005873629428,0.256261983446725,-0.002207363349727468,0.78,0.002,0.895,0.994,0.001,0.113,-0.001,0.6557179720468986,0.0006838480853064307,0.9023707077644982,0.327027818425917,0.0033501748326611723,0.5361989699950775,0.4347877637381043,-2.787337749673339e-17,0.6
575,1784633507.8836384,0.009441083827330022,-0.11110622595368368,0.19989263251535375,-0.007494234529069429,0.792,0.002,0.895,0.993,0.001,0.114,-0.001,0.7367212073436515,0.0014865008042801945,0.8946842170039422,0.3366729229649888,0.0033459610627471457,0.535832428148888,0.4347877637381043,-2.787337749673339e-17,0.6
578,1784633507.90541,-0.0024052082971770077,-0.20507586721954724,0.2448925535434462,-0.004041088503597642,0.8,0.002,0.895,0.993,0.001,0.116,-0.0,0.7367212073436515,0.0014865008042801945,0.8946842170039422,0.34805463504941375,0.0033584448104526225,0.5354321858608994,0.4347877637381043,-2.787337749673339e-17,0.6
578,1784633507.9260702,-0.0033432971248153996,-0.23174017396041452,0.2612681431896989,-0.0023528084482393953,0.806,0.002,0.895,0.993,0.001,0.117,-0.0,0.7367212073436515,0.0014865008042801945,0.8946842170039422,0.3529725053666132,0.003363734005846228,0.5352646932906974,0.4347877637381043,-2.787337749673339e-17,0.6
580,1784633507.9468558,-0.0034500271389215054,-0.24631309271679533,0.24860949885807138,-0.001220081021556453,0.812,0.002,0.896,0.993,0.001,0.118,-0.0,0.7367212073436515,0.0014865008042801945,0.8946842170039422,0.35791211201709877,0.003365240500786618,0.5350951715457384,0.4347877637381043,-2.787337749673339e-17,0.6
580,1784633507.968754,-0.0036331115431921866,-0.2494482923581364,0.25804810282386675,-0.0004977432532512874,0.817,0.002,0.896,0.993,0.001,0.119,-0.0,0.7367212073436515,0.0014865008042801945,0.8946842170039422,0.3645110910245811,0.0033623867013029374,0.5348489025645733,0.5145993792578214,-2.787337749673339e-17,0.6
582,1784633507.9912446,0.0027798041629162455,-0.3432120747070369,0.20159696093089838,-0.0006070900184104054,0.826,0.002,0.896,0.993,0.001,0.12,-0.0,0.7367212073436515,0.0014865008042801945,0.8946842170039422,0.37440477849952636,0.00335222213709906,0.5344163507119438,0.5145993792578214,-2.787337749673339e-17,0.6
582,1784633508.013728,0.0028764297837283446,-0.43461984002281595,0.22431273116594658,0.0007986746176110045,0.832,0.002,0.896,0.993,0.001,0.121,-0.0,0.7367212073436515,0.0014865008042801945,0.8946842170039422,0.3826584445416376,0.003337406288629192,0.534017044325277,0.5145993792578214,-2.787337749673339e-17,0.6
584,1784633508.0335453,0.003025474752798706,-0.4245350219615681,0.23802530665590554,0.0013086985086147845,0.84,0.002,0.896,0.993,0.001,0.121,-0.0,0.7367212073436515,0.0014865008042801945,0.8946842170039422,0.3909298797028451,0.003314551170096554,0.5335962477533841,0.5145993792578214,-2.787337749673339e-17,0.6
584,1784633508.056003,-0.0009861853390925016,-0.313921663198787,0.28207458099213567,0.001505711189307947,0.846,0.002,0.896,0.993,0.001,0.121,-0.0,0.8165608947492162,0.002064965414772862,0.8956763768417572,0.395897590069257,0.003299269300817428,0.5333326491752659,0.5145993792578214,-2.787337749673339e-17,0.6
586,1784633508.0800614,0.005705905846920389,-0.38605133021492644,0.22502739738742905,0.0016818950017436194,0.854,0.002,0.896,0.993,0.001,0.12,-0.0,0.8165608947492162,0.002064965414772862,0.8956763768417572,0.40579549863254366,0.003259943542662148,0.5327448725072926,0.5145993792578214,-2.787337749673339e-17,0.6
586,1784633508.1096668,-0.00019308489428968012,-0.27640004796404705,0.2694017097180176,0.015373977361920527,0.862,0.002,0.896,0.993,0.001,0.118,-0.0,0.8165608947492162,0.002064965414772862,0.8956763768417572,0.4139917818989685,0.0032138202348525164,0.5321746182747596,0.5145993792578214,-2.787337749673339e-17,0.6
589,1784633508.125625,-0.0025812806415046164,-0.1695754701387397,0.252038445163845,0.009972230198822886,0.87,0.002,0.895,0.993,0.001,0.115,-0.0,0.8165608947492162,0.002064965414772862,0.8956763768417572,0.42216178275415506,0.0031511222933102547,0.5315350925313059,0.5145993792578214,-2.787337749673339e-17,0.6
589,1784633508.1448977,-0.0023424301322467218,-0.06647769231561293,0.2640286922547883,0.006024415666857216,0.875,0.002,0.895,0.994,0.001,0.114,-0.0,0.8165608947492162,0.002064965414772862,0.8956763768417572,0.42706230693455116,0.0031064706628327735,0.5311304867802417,0.5145993792578214,-2.787337749673339e-17,0.6
590,1784633508.162859,-0.002228951543313036,-0.009470995916314923,0.2549787721249494,0.0036749786238287983,0.882,0.002,0.894,0.994,0.001,0.111,-0.0,0.8165608947492162,0.002064965414772862,0.8956763768417572,0.4319587055680533,0.003056960374351966,0.5307108027480588,0.5145993792578214,-2.787337749673339e-17,0.6
591,1784633508.1800575,-0.003672135250998049,0.09076012752533985,0.26714764659982365,0.002320021996999429,0.886,0.002,0.894,0.994,0.001,0.108,-0.0,0.8165608947492162,0.002064965414772862,0.8956763768417572,0.43685600434247285,0.003001513865413278,0.5302831753497392,0.5145993792578214,-2.787337749673339e-17,0.6
591,1784633508.198186,-0.002873325941042354,0.09792727021731823,0.25236116575939993,0.0012398484012894747,0.89,0.002,0.894,0.994,0.001,0.106,-0.0,0.8165608947492162,0.002064965414772862,0.8956763768417572,0.4417560934192692,0.0029382814769730674,0.5298538324042215,0.5145993792578214,-2.787337749673339e-17,0.6
593,1784633508.2254806,-0.002171278294529151,0.1954732745724911,0.26756389119171575,0.0006613010859588659,0.898,0.003,0.893,0.995,0.001,0.102,-0.0,0.8165608947492162,0.002064965414772862,0.8956763768417572,0.448297141254423,0.0028441223175589775,0.5292809998690678,0.5940380375536171,-2.787337749673339e-17,0.6
593,1784633508.2475982,-0.0019691360955856776,0.20747578697662827,0.2550380404146591,0.00015406807292495323,0.904,0.003,0.892,0.995,0.001,0.099,-0.0,0.8165608947492162,0.002064965414772862,0.8956763768417572,0.45484863914515966,0.0027386455426848377,0.5287106014154422,0.5940380375536171,-2.787337749673339e-17,0.6
595,1784633508.2690587,-0.002047047129053973,0.19425084625119782,0.2637780642910297,-8.453348145278917e-05,0.912,0.003,0.892,0.995,0.001,0.095,-0.0,0.8165608947492162,0.002064965414772862,0.8956763768417572,0.46304488068383376,0.0026098780828002427,0.5280182053904858,0.5940380375536171,-2.787337749673339e-17,0.6
597,1784633508.2887115,0.006174868188682534,0.08939528120009367,0.25627796556183396,-0.008356038351043748,0.919,0.003,0.891,0.996,0.001,0.093,-0.0,0.8976935075614936,0.002533748423803201,0.8928665367969713,0.47122404049633604,0.002514909875736258,0.5273752812667224,0.5940380375536171,-2.787337749673339e-17,0.6
597,1784633508.3069088,-0.0003561039257801088,0.18702311382606163,0.26699461684743364,-0.0051051109948675255,0.92,0.003,0.891,0.996,0.001,0.093,-0.0,0.8976935075614936,0.002533748423803201,0.8928665367969713,0.47285864304935343,0.0024991724157072508,0.5272524399373558,0.5940380375536171,-2.787337749673339e-17,0.6
598,1784633508.3234043,0.002334578132887972,0.08249989673652244,0.25303225737650276,-0.0033732456835720874,0.925,0.003,0.891,0.996,0.001,0.091,-0.0,0.8976935075614936,0.002533748423803201,0.8928665367969713,0.47776097418814556,0.0024581197455496185,0.5268960288116703,0.5940380375536171,-2.787337749673339e-17,0.6
599,1784633508.3421838,-4.932541360642452e-05,0.1804261146115278,0.2673264488077467,-0.002095367237809258,0.933,0.003,0.89,0.996,0.001,0.09,-0.0,0.8976935075614936,0.002533748423803201,0.8928665367969713,0.4842903678850709,0.002421040496955686,0.5264514574793654,0.5940380375536171,-2.787337749673339e-17,0.6
599,1784633508.360991,0.007587613188445936,0.0759154635685378,0.27590841861209475,-0.040959401061135235,0.941,0.003,0.89,0.996,0.001,0.089,-0.0,0.8976935075614936,0.002533748423803201,0.8928665367969713,0.4908108128203643,0.002398558472897561,0.5260418703078092,0.5940380375536171,-2.787337749673339e-17,0.6
601,1784633508.3787541,0.00015724144975830245,-0.024124698706233683,0.24825750372141422,-0.025293364420692514,0.946,0.003,0.89,0.996,0.001,0.089,-0.0,0.8976935075614936,0.002533748423803201,0.8928665367969713,0.49569585752885936,0.002392488839240213,0.5257583148250209,0.5940380375536171,-2.787337749673339e-17,0.6
602,1784633508.3986878,-0.00027587455008330417,-0.1232547696863099,0.26406581608887847,-0.015499873856236532,0.954,0.003,0.889,0.996,0.001,0.089,-0.001,0.8976935075614936,0.002533748423803201,0.8928665367969713,0.503820979292036,0.002387373591318773,0.5253337591875568,0.5940380375536171,-2.787337749673339e-17,0.6
603,1784633508.422106,0.0012186549407040784,-0.19834488564722497,0.25181776754907753,-0.008863453712097607,0.959,0.003,0.889,0.996,0.001,0.089,-0.0,0.8976935075614936,0.002533748423803201,0.8928665367969713,0.5086852468667005,0.002373052451407101,0.5251095764861018,0.5940380375536171,-2.787337749673339e-17,0.6
603,1784633508.446114,-0.0014876242842994554,-0.09338786817496396,0.27594183152209734,-0.0040475486850869765,0.964,0.003,0.889,0.996,0.001,0.09,-0.0,0.8976935075614936,0.002533748423803201,0.8928665367969713,0.513547510174019,0.0023532996011392947,0.5249066062883375,0.5940380375536171,-2.787337749673339e-17,0.6
606,1784633508.4689114,-0.00032110061218136154,0.00835459496361933,0.25058485743595577,-0.0020979268849820485,0.972,0.003,0.889,0.996,0.001,0.09,-0.0,0.8976935075614936,0.002533748423803201,0.8928665367969713,0.5200373516437566,0.0023208476608410134,0.524668241648076,0.5940380375536171,-2.787337749673339e-17,0.6
606,1784633508.4929292,-0.0021278171775509507,0.10806996954783275,0.2677251375861582,-0.0005073531325509276,0.98,0.003,0.888,0.996,0.001,0.092,-0.0,0.8976935075614936,0.002533748423803201,0.8928665367969713,0.5297832678271085,0.002256620210869348,0.5243662105709973,0.6710744436826261,-2.787337749673339e-17,0.6
608,1784633508.5178392,0.0011041207879888648,0.005368226660170464,0.2609154309958186,-0.05063433824559798,0.994,0.003,0.888,0.996,0.001,0.093,-0.0,0.8976935075614936,0.002533748423803201,0.8928665367969713,0.5444051901869407,0.0021235997117040814,0.5240102611501796,0.6710744436826261,-2.787337749673339e-17,0.6
608,1784633508.5446959,-0.005906766806418004,-0.0947332792347981,0.24767959435444392,-0.029674626254199497,1.002,0.003,0.888,0.996,0.001,0.093,-0.0,0.8976935075614936,0.002533748423803201,0.8928665367969713,0.5541444070482132,0.0020069715906373747,0.5238383613663167,0.6710744436826261,-2.787337749673339e-17,0.6
610,1784633508.572145,-0.008849443893139618,-0.1923611326794014,0.2573365900066629,-0.01577214350321204,1.013,0.003,0.889,0.996,0.001,0.094,0.0,0.9709166465153136,0.0028410221839720307,0.8878215462994485,0.5638778602481657,0.0018922107708533142,0.5237270159157517,0.6710744436826261,-2.787337749673339e-17,0.6
610,1784633508.5968704,-0.008446107467024544,-0.27176477372009583,0.25017311287439675,-0.007546711285419802,1.021,0.003,0.889,0.996,0.001,0.094,0.0,0.9709166465153136,0.0028410221839720307,0.8878215462994485,0.5752233718818327,0.0017926204459650138,0.5236823905393926,0.6710744436826261,-2.787337749673339e-17,0.6
613,1784633508.6218078,-0.009387139246057708,-0.2447414218182251,0.2555892372647727,-0.0024765920788563872,1.027,0.003,0.889,0.996,0.001,0.094,0.0,0.9709166465153136,0.0028410221839720307,0.8878215462994485,0.5800803874302374,0.001758377442903043,0.5236820695930593,0.6710744436826261,-2.787337749673339e-17,0.6
613,1784633508.6466465,-0.008622025922404852,-0.23256754358826454,0.25114059873550715,0.0008273321398380362,1.037,0.003,0.889,0.996,0.001,0.093,0.0,0.9709166465153136,0.0028410221839720307,0.8878215462994485,0.5897780784124035,0.0016975163114947925,0.5236964599349151,0.6710744436826261,-2.787337749673339e-17,0.6
616,1784633508.6710536,-0.007632058909680874,-0.23061200434387924,0.25403721462737977,0.003944782802134405,1.045,0.003,0.89,0.996,0.001,0.093,0.001,0.9709166465153136,0.0028410221839720307,0.8878215462994485,0.5962329375508055,0.0016695124882542482,0.5237153834977961,0.6710744436826261,-2.787337749673339e-17,0.6
616,1784633508.6969156,-0.007761154562810393,-0.19107620792141,0.2516043795968934,0.0057295299259597764,1.057,0.003,0.89,0.996,0.001,0.091,0.001,0.9709166465153136,0.0028410221839720307,0.8878215462994485,0.6107121458902466,0.0016396662293141225,0.5237827967233905,0.6710744436826261,-2.787337749673339e-17,0.6
618,1784633508.7209034,-0.006865433191416424,-0.08630408828239011,0.2612708534183837,0.006310553749526761,1.064,0.003,0.89,0.996,0.001,0.09,0.001,0.9709166465153136,0.0028410221839720307,0.8878215462994485,0.6171301664722921,0.0016370159439556876,0.5238162363253412,0.7437406692743568,-2.787337749673339e-17,0.6
618,1784633508.7474735,-0.007850384725193598,-0.18414605500084713,0.22336430846264158,0.004944930600655242,1.076,0.003,0.891,0.996,0.001,0.087,0.001,0.9709166465153136,0.0028410221839720307,0.8878215462994485,0.6299083306670243,0.0016251019891477742,0.5239179651313445,0.7437406692743568,-2.787337749673339e-17,0.6
621,1784633508.7737215,-0.008384648869574175,-0.2795423792337153,0.25062011493761294,0.004818115837039329,1.086,0.003,0.891,0.996,0.001,0.084,0.001,0.9709166465153136,0.0028410221839720307,0.8878215462994485,0.6394290230331828,0.0015949048485228569,0.5240357875449272,0.7437406692743568,-2.787337749673339e-17,0.6
621,1784633508.8066816,-0.012304297595009553,-0.19589602157978334,0.2543119834423362,0.004576740163601764,1.097,0.003,0.891,0.997,0.001,0.081,0.001,1.0542725041222172,0.0029403081245302862,0.889833725898497,0.6504976164445572,0.0015594185882923531,0.5241812216471428,0.7437406692743568,-2.787337749673339e-17,0.6
624,1784633508.834844,-0.013713565141849515,-0.2909439692741101,0.22736398229593646,0.001573225483409367,1.104,0.003,0.892,0.997,0.001,0.079,0.001,1.0542725041222172,0.0029403081245302862,0.889833725898497,0.6599656864893062,0.0015380273711646545,0.5242860344494833,0.7437406692743568,-2.787337749673339e-17,0.6
624,1784633508.8671842,-0.012119912836021632,-0.1836723154751465,0.2716724432567581,0.002096210210818491,1.117,0.003,0.892,0.997,0.001,0.076,0.001,1.0542725041222172,0.0029403081245302862,0.889833725898497,0.6709309643769656,0.001518420241436682,0.5243342752519194,0.7437406692743568,-2.787337749673339e-17,0.6
627,1784633508.8968573,-0.013678559877201577,-0.13664119589731294,0.24034330461434913,0.002273357287684505,1.134,0.003,0.892,0.997,0.001,0.072,0.001,1.0542725041222172,0.0029403081245302862,0.889833725898497,0.6879960612330364,0.0015386219540278513,0.5242614422312406,0.7437406692743568,-2.787337749673339e-17,0.6
627,1784633508.9292874,-0.012820352005282776,-0.03323885312913823,0.2751293002680295,0.004105933554876195,1.144,0.003,0.892,0.998,0.001,0.069,0.001,1.0542725041222172,0.0029403081245302862,0.889833725898497,0.6987276742021342,0.001590306851057863,0.5241329147342711,0.810180424113517,-2.787337749673339e-17,0.6
630,1784633508.9603007,-0.013147249649315611,0.06758373544205307,0.2442198892699931,0.00400675914577848,1.159,0.003,0.892,0.998,0.001,0.064,0.001,1.0542725041222172,0.0029403081245302862,0.889833725898497,0.7123427486138785,0.0016342149048591587,0.5239629637197182,0.810180424113517,-2.787337749673339e-17,0.6
630,1784633508.9857457,-0.0038766600393809053,-0.034105630080099786,0.25610818149570386,-0.0009688883664072841,1.168,0.003,0.893,0.998,0.0,0.062,0.001,1.1274886355789517,0.0027586057838933707,0.89215978283149,0.7213182379385944,0.0016458685678032842,0.5238772350793565,0.810180424113517,-2.787337749673339e-17,0.6
633,1784633509.0171158,-0.0017192711226742454,0.06663437722759555,0.2555693331959667,0.0003478315141668478,1.175,0.003,0.893,0.998,0.0,0.06,0.001,1.1274886355789517,0.0027586057838933707,0.89215978283149,0.7272686193340244,0.001658383011546951,0.5238343295858601,0.810180424113517,-2.787337749673339e-17,0.6
633,1784633509.0435245,-0.0030088397607371522,0.1217409657110847,0.2517620027967507,0.0012443636551997992,1.187,0.002,0.893,0.998,0.0,0.057,0.001,1.1274886355789517,0.0027586057838933707,0.89215978283149,0.74055530290084,0.0017446400992266406,0.5238209402799989,0.810180424113517,-2.787337749673339e-17,0.6
635,1784633509.0798113,-0.003048719980560716,0.11274634674234643,0.25435037114890535,0.001856969620749654,1.192,0.002,0.893,0.998,0.0,0.056,0.001,1.1274886355789517,0.0027586057838933707,0.89215978283149,0.7478510642888486,0.0018367939290267032,0.5238544330712762,0.810180424113517,-2.787337749673339e-17,0.6
637,1784633509.1232917,-0.003439073885572956,0.00992885493608786,0.2482283218273663,0.002096619107489586,1.199,0.002,0.894,0.998,0.0,0.055,0.001,1.1274886355789517,0.0027586057838933707,0.89215978283149,0.7579760029285465,0.0019940270928031838,0.5239121967672343,0.810180424113517,-2.787337749673339e-17,0.6
637,1784633509.150219,-0.003229928274689463,0.10806843420375865,0.2584842441666764,0.00236066388199943,1.213,0.002,0.894,0.999,0.0,0.054,0.001,1.1274886355789517,0.0027586057838933707,0.89215978283149,0.7708442881596697,0.0022307114576311797,0.523968360964378,0.810180424113517,-2.787337749673339e-17,0.6
641,1784633509.1726358,-0.005294987529596016,0.005367003269455245,0.24552609272086165,0.002383958118613278,1.223,0.002,0.895,0.999,0.0,0.055,0.001,1.1274886355789517,0.0027586057838933707,0.89215978283149,0.7807151060838594,0.002433193611292095,0.5240124982428012,0.8686964758778,-2.787337749673339e-17,0.6
641,1784633509.200871,-0.008736836500843458,-0.09476707409968538,0.22262802639166382,0.0009698985745354161,1.227,0.002,0.895,0.998,0.0,0.055,0.001,1.1274886355789517,0.0027586057838933707,0.89215978283149,0.7849073139967216,0.0025122572148778633,0.5240259606606968,0.8686964758778,-2.787337749673339e-17,0.6
643,1784633509.223283,-0.0051828707553348684,-0.19212318019540647,0.2670241005649764,0.0009765043427250196,1.234,0.002,0.896,0.998,0.0,0.055,0.001,1.1274886355789517,0.0027586057838933707,0.89215978283149,0.7918174861233918,0.0026178702284734077,0.5240713407107471,0.8686964758778,-2.787337749673339e-17,0.6
643,1784633509.2578018,-0.0034830095996411996,-0.2873078117520851,0.21181794797272385,-3.943577700174332e-06,1.238,0.002,0.896,0.998,0.0,0.056,0.001,1.2067129080306787,0.002352925302107439,0.8946806028937218,0.7986239767003256,0.0026927339727872424,0.5241559300842006,0.8686964758778,-2.787337749673339e-17,0.6
646,1784633509.290925,0.0016830337198855548,-0.21538869227605317,0.2565202010257067,0.0006214271537367874,1.247,0.002,0.897,0.998,-0.0,0.056,0.001,1.2067129080306787,0.002352925302107439,0.8946806028937218,0.8066488384080135,0.002750599668078404,0.524290191969083,0.8686964758778,-2.787337749673339e-17,0.6
646,1784633509.3203008,0.0012748196678727594,-0.22317620677277836,0.2447647893387608,0.0013018410681415187,1.254,0.002,0.897,0.998,-0.0,0.057,0.001,1.2067129080306787,0.002352925302107439,0.8946806028937218,0.8145164992578863,0.002782828291812334,0.5244386068812665,0.8686964758778,-2.787337749673339e-17,0.6
649,1784633509.3456748,0.0010221298224154403,-0.20129183850706023,0.2541493122306651,0.001751696720459359,1.261,0.002,0.898,0.998,-0.0,0.057,0.001,1.2067129080306787,0.002352925302107439,0.8946806028937218,0.820945616396513,0.0027941552987414955,0.5245505278068516,0.8686964758778,-2.787337749673339e-17,0.6
649,1784633509.3666596,0.0016582292526104048,-0.09626300733852995,0.25249679212519055,0.0020575441288640754,1.269,0.002,0.898,0.998,-0.0,0.056,0.001,1.2067129080306787,0.002352925302107439,0.8946806028937218,0.8272365862371287,0.0027979033911129597,0.5246404816778797,0.8686964758778,-2.787337749673339e-17,0.6
652,1784633509.3992755,-0.001792656882373834,-0.19385507226083365,0.23805659354076444,0.0022535005754906385,1.273,0.002,0.898,0.998,-0.0,0.056,0.001,1.2067129080306787,0.002352925302107439,0.8946806028937218,0.8334044823148652,0.002795969079855603,0.5247284395164792,0.917794006672881,-2.787337749673339e-17,0.6
652,1784633509.4314668,0.002067665547330489,-0.08902546983357837,0.2694437261220814,0.002451974220251976,1.282,0.002,0.898,0.999,-0.0,0.054,0.001,1.2067129080306787,0.002352925302107439,0.8946806028937218,0.8418438912817724,0.002779471295274971,0.5248721379044067,0.917794006672881,-2.787337749673339e-17,0.6
655,1784633509.5039954,0.0024784429420033264,0.01319448564868922,0.2416565918346612,0.00226586299186751,1.289,0.002,0.898,0.999,-0.0,0.052,0.001,1.2067129080306787,0.002352925302107439,0.8946806028937218,0.8465652186676319,0.002759169269434317,0.5249710223457472,0.917794006672881,-2.787337749673339e-17,0.6
655,1784633509.5374753,0.003228223270466948,0.061496387822869314,0.2591661556496827,0.0024312964794448583,1.304,0.002,0.899,0.999,-0.0,0.046,0.001,1.2686328794334956,0.0020162907035460448,0.8980297626002613,0.8647181376173139,0.0025510867389479715,0.525492622906987,0.917794006672881,-2.787337749673339e-17,0.6
660,1784633509.5649133,0.0034780006142027336,0.06978486339959457,0.2462054198889691,0.002557942700701498,1.31,0.002,0.899,0.999,-0.0,0.045,0.001,1.2686328794334956,0.0020162907035460448,0.8980297626002613,0.871233136262697,0.0024408552601823037,0.5257477254052871,0.917794006672881,-2.787337749673339e-17,0.6
660,1784633509.5807824,0.002889082279800251,0.06623492342498463,0.2557123373327488,0.0026320464979643385,1.317,0.002,0.899,0.999,-0.0,0.043,0.001,1.2686328794334956,0.0020162907035460448,0.8980297626002613,0.8765312697406421,0.0023440151607919575,0.5259563456188036,0.917794006672881,-2.787337749673339e-17,0.6
662,1784633509.5987434,0.0006194813983951522,-0.03542085908225247,0.24283735228003778,0.0027589754878111564,1.319,0.002,0.899,0.999,-0.0,0.043,0.001,1.2686328794334956,0.0020162907035460448,0.8980297626002613,0.8796521293622894,0.0022841593285430808,0.5260791887922824,0.917794006672881,-2.787337749673339e-17,0.6
663,1784633509.620645,0.002735143769118696,0.03336272301172927,0.2585681095848962,0.002784402129679942,1.323,0.002,0.899,0.999,-0.0,0.042,0.001,1.2686328794334956,0.0020162907035460448,0.8980297626002613,0.8837493325562698,0.002201717957532305,0.5262437117889086,0.917794006672881,-2.787337749673339e-17,0.6
663,1784633509.642507,0.002714358670477369,-0.06746557073098206,0.24491046414082435,0.0027709423907689326,1.325,0.002,0.899,0.999,-0.0,0.042,0.001,1.2686328794334956,0.0020162907035460448,0.8980297626002613,0.8857692051073952,0.0021606092333439175,0.5263271506578826,0.917794006672881,-2.787337749673339e-17,0.6
665,1784633509.6623988,0.002108361650873367,-0.13295256381758877,0.2543498751137331,0.0027143516870319164,1.33,0.002,0.9,0.999,-0.0,0.041,0.001,1.2686328794334956,0.0020162907035460448,0.8980297626002613,0.8907293242740041,0.002060294292292847,0.5265465792423258,0.9562187988031562,-2.787337749673339e-17,0.6
665,1784633509.6791341,0.0036063327008419724,-0.03048962460198329,0.2496112865182852,0.002559229748397657,1.334,0.002,0.9,0.999,-0.0,0.041,0.001,1.2686328794334956,0.0020162907035460448,0.8980297626002613,0.8936446370499112,0.002000023446293376,0.5266813981408772,0.9562187988031562,-2.787337749673339e-17,0.6
667,1784633509.6967802,0.002240349826537809,-0.12969982470151153,0.2509875280266196,0.002548735257113128,1.337,0.002,0.9,0.999,-0.0,0.041,0.001,1.2686328794334956,0.0020162907035460448,0.8980297626002613,0.8965155701073368,0.0019429290219239346,0.5268199225816388,0.9562187988031562,-2.787337749673339e-17,0.6
668,1784633509.7174375,0.0004786934788224796,-0.22645576412865123,0.23991936542208955,0.0026156631888840562,1.341,0.002,0.9,0.999,-0.0,0.041,0.001,1.2686328794334956,0.0020162907035460448,0.8980297626002613,0.9012001497445068,0.0018559345150983067,0.527060341885984,0.9562187988031562,-2.787337749673339e-17,0.6
669,1784633509.736111,0.0026004383599322815,-0.16225867088130377,0.258269944914614,0.0024512355146337917,1.344,0.002,0.9,0.999,-0.0,0.041,0.001,1.2686328794334956,0.0020162907035460448,0.8980297626002613,0.90303805203829,0.0018224185289138848,0.5271599483176628,0.9562187988031562,-2.787337749673339e-17,0.6
670,1784633509.7582562,0.00030833800640726406,-0.25819874310625035,0.2373380396296344,0.0025662982444074533,1.346,0.002,0.9,0.999,-0.0,0.041,0.001,1.2686328794334956,0.0020162907035460448,0.8980297626002613,0.9057558646240049,0.0017752000470429288,0.5273143119298199,0.9562187988031562,-2.787337749673339e-17,0.6
671,1784633509.7788575,9.41870898846721e-05,-0.15174943484697972,0.26814856609341503,0.0029804776797098726,1.35,0.002,0.9,0.999,-0.0,0.041,0.001,1.3267915593092194,0.0018226409541149116,0.9000072971979223,0.9101855621456755,0.001699297453516255,0.5275769153209084,0.9562187988031562,-2.787337749673339e-17,0.6
671,1784633509.8014526,-0.0006766936654328283,-0.20693647521163117,0.23464251988168558,0.002738312470516161,1.351,0.002,0.9,0.999,-0.0,0.041,0.001,1.3267915593092194,0.0018226409541149116,0.9000072971979223,0.911922387232659,0.0016693821500800537,0.5276827549141885,0.9562187988031562,-2.787337749673339e-17,0.6
673,1784633509.8288474,0.00017415880944259812,-0.1017635121073238,0.2655376772597392,0.002709440193895396,1.354,0.002,0.901,0.999,-0.0,0.041,0.001,1.3267915593092194,0.0018226409541149116,0.9000072971979223,0.9161785011310006,0.0015968813743545483,0.5279555870648336,0.9562187988031562,-2.787337749673339e-17,0.6
673,1784633509.8517444,-0.0024147884464233156,-0.1992188265263845,0.2306359587776057,0.0025974054724755024,1.36,0.002,0.901,0.999,-0.0,0.04,0.001,1.3267915593092194,0.0018226409541149116,0.9000072971979223,0.9194924648819718,0.0015385743004508218,0.5281773904029722,0.9562187988031562,-2.787337749673339e-17,0.6
676,1784633509.871321,-0.0003330906281867924,-0.09423876894208474,0.26589944049795067,0.002505401470539794,1.365,0.002,0.901,0.999,-0.0,0.039,0.001,1.3267915593092194,0.0018226409541149116,0.9000072971979223,0.9250901764735194,0.0014348755836539255,0.5285907055722581,0.9562187988031562,-2.787337749673339e-17,0.6
676,1784633509.8895752,-0.0007543660715496913,-0.19180953181135377,0.2322594262883937,0.0022861194077125556,1.369,0.002,0.901,0.999,-0.0,0.038,0.001,1.3267915593092194,0.0018226409541149116,0.9000072971979223,0.9289228200824406,0.0013699324600526858,0.5288877832008824,0.9562187988031562,-2.787337749673339e-17,0.6
678,1784633509.9139721,0.0008430819843535261,-0.08714766928556457,0.2623806379525442,0.002150203201028149,1.373,0.002,0.901,0.999,-0.0,0.037,0.001,1.3267915593092194,0.0018226409541149116,0.9000072971979223,0.9326159035039789,0.0013094738723937274,0.5291860684784866,0.9829892743061646,-2.787337749673339e-17,0.6
678,1784633509.9309483,1.362464807191867e-05,-0.1849556406293795,0.23606926052163285,0.0020777661975126946,1.376,0.002,0.901,0.999,-0.0,0.036,0.001,1.3267915593092194,0.0018226409541149116,0.9000072971979223,0.9361677236403207,0.001258650425407174,0.5294777941889983,0.9829892743061646,-2.787337749673339e-17,0.6
680,1784633509.9478636,0.0005530992847788448,-0.0803317995501121,0.2673113251273429,0.002253540989956188,1.379,0.002,0.902,0.999,-0.0,0.034,0.001,1.3267915593092194,0.0018226409541149116,0.9000072971979223,0.9389189843103,0.0012227662196127313,0.5297145259953651,0.9829892743061646,-2.787337749673339e-17,0.6
680,1784633509.9715877,0.0016885195231524062,0.021676047879187088,0.2368864967871129,0.0022857081151973803,1.381,0.002,0.902,0.999,-0.0,0.033,0.001,1.3267915593092194,0.0018226409541149116,0.9000072971979223,0.9402635973396714,0.0012062576010174228,0.5298329386259695,0.9829892743061646,-2.787337749673339e-17,0.6
682,1784633509.9901204,0.002234437382147557,-0.07886458505971503,0.25582658980368617,0.0022026716902299576,1.384,0.002,0.902,0.999,-0.0,0.032,0.001,1.3267915593092194,0.0018226409541149116,0.9000072971979223,0.9422376583326573,0.0011848229112474847,0.5300097952155832,0.9829892743061646,-2.787337749673339e-17,0.6
682,1784633510.007155,-0.0006639916502082181,0.023104459589039755,0.24342809004776272,0.002385140815786664,1.385,0.002,0.902,1.0,-0.0,0.032,0.001,1.369795038339471,0.0018027506062338135,0.9016636955612655,0.9435240895004289,0.0011731346846016956,0.5301288253253763,0.9829892743061646,-2.787337749673339e-17,0.6
684,1784633510.0273645,0.00020676312850823888,0.03135378448562148,0.2522240217642818,0.0023787085134194348,1.388,0.002,0.902,1.0,-0.0,0.03,0.001,1.369795038339471,0.0018027506062338135,0.9016636955612655,0.9466324289598482,0.0011500414677443253,0.5304261484954536,0.9829892743061646,-2.787337749673339e-17,0.6
684,1784633510.0437846,0.001074310464654773,-0.06941729330388362,0.24282774508222862,0.0022507646092253474,1.39,0.002,0.902,1.0,-0.0,0.029,0.001,1.369795038339471,0.0018027506062338135,0.9016636955612655,0.9507454933692494,0.001121592248761912,0.5308478501480951,0.9829892743061646,-2.787337749673339e-17,0.6
685,1784633510.0622396,0.0008828967499259798,-0.16768104505954962,0.2488199499643515,0.002051609647267765,1.394,0.002,0.902,1.0,-0.0,0.027,0.001,1.369795038339471,0.0018027506062338135,0.9016636955612655,0.9524282055999412,0.001110119775689013,0.5310293629245167,0.9829892743061646,-2.787337749673339e-17,0.6
686,1784633510.0827727,0.00024021850212232196,-0.06350810149007076,0.24882516491115186,0.002111795128091874,1.396,0.002,0.902,1.0,-0.0,0.026,0.001,1.369795038339471,0.0018027506062338135,0.9016636955612655,0.9535237351055839,0.001102564353735651,0.5311498871893459,0.9829892743061646,-2.787337749673339e-17,0.6
687,1784633510.1009152,0.00010479555519168974,-0.014080239510620346,0.24742601743235706,0.0022907589204173963,1.398,0.002,0.902,1.0,-0.0,0.026,0.001,1.369795038339471,0.0018027506062338135,0.9016636955612655,0.9561678532071946,0.0010837093070351794,0.5314497273897798,0.9829892743061646,-2.787337749673339e-17,0.6
688,1784633510.1196516,0.0008778120265351419,0.0028309439063125275,0.24842449537519531,0.002387605207925232,1.4,0.002,0.902,1.0,-0.0,0.025,0.001,1.369795038339471,0.0018027506062338135,0.9016636955612655,0.9576869569784413,0.0010758369545718512,0.5316304217879163,0.9829892743061646,-2.787337749673339e-17,0.6
688,1784633510.136465,0.0005096582646976718,0.020082842112696415,0.24782198547971085,0.002595341206739229,1.403,0.002,0.902,1.0,-0.0,0.024,0.001,1.369795038339471,0.0018027506062338135,0.9016636955612655,0.9601049626825104,0.001068111541733192,0.5319326455435671,0.9829892743061646,-2.787337749673339e-17,0.6
690,1784633510.1580462,-0.0006036684236569601,-0.08040264730988028,0.2468129382691201,0.0029762284807255115,1.405,0.002,0.902,1.0,-0.0,0.023,0.001,1.369795038339471,0.0018027506062338135,0.9016636955612655,0.961937819368337,0.0010645018314852659,0.532174806303451,0.9974215697869069,-2.787337749673339e-17,0.6
691,1784633510.1759028,-0.00045729841969415673,0.018208196868455553,0.2489112520116318,0.0029814097257110663,1.407,0.002,0.902,1.0,-0.0,0.022,0.001,1.369795038339471,0.0018027506062338135,0.9016636955612655,0.9632534225872663,0.00106319553015332,0.5323557660390715,0.9974215697869069,-2.787337749673339e-17,0.6
692,1784633510.1961226,0.000180897566414149,-0.08214690146226299,0.24654985522560022,0.0031827270783690263,1.41,0.002,0.902,1.0,-0.0,0.022,0.001,1.369795038339471,0.0018027506062338135,0.9016636955612655,0.966128215051136,0.0010615481486699987,0.5327717357476416,0.9974215697869069,-2.787337749673339e-17,0.6
693,1784633510.2159102,-0.0004211278284020578,0.019899863424048564,0.25048891216480207,0.003034676631636862,1.412,0.002,0.902,1.0,-0.0,0.021,0.001,1.369795038339471,0.0018027506062338135,0.9016636955612655,0.9672769232452206,0.0010609241921690862,0.5329461069933236,0.9974215697869069,-2.787337749673339e-17,0.6
694,1784633510.2549148,0.0002566532551710478,-0.0792571650848797,0.24566241143080086,0.003125365330673913,1.412,0.002,0.902,1.0,-0.0,0.021,0.001,1.369795038339471,0.0018027506062338135,0.9016636955612655,0.968014876916433,0.0010607125619578244,0.5330607441220797,0.9974215697869069,-2.787337749673339e-17,0.6
694,1784633510.287594,0.00014221940805920536,0.022694382545281125,0.2500936530545738,0.0029423053464816573,1.415,0.002,0.903,1.0,0.0,0.02,0.001,1.369795038339471,0.0018027506062338135,0.9016636955612655,0.970420243724147,0.001064464415338392,0.5334533944631432,0.9974215697869069,-2.787337749673339e-17,0.6
698,1784633510.3253684,0.0037599292347131013,0.04247697257327045,0.24773331109323912,0.002776495737426052,1.417,0.002,0.903,1.0,0.0,0.02,0.001,1.4038716760508616,0.0019169503780975402,0.9019931359556751,0.9719679647223569,0.0010695775390764173,0.5337280277155279,0.9974215697869069,-2.787337749673339e-17,0.6
698,1784633510.355594,0.005776602709780865,0.08149889376177932,0.2494587102012468,0.00246759303513386,1.42,0.002,0.903,1.0,0.0,0.019,0.001,1.4038716760508616,0.0019169503780975402,0.9019931359556751,0.9748819526631093,0.0010788338539283572,0.5343045398975351,0.9974215697869069,-2.787337749673339e-17,0.6
701,1784633510.39133,0.007720229614440725,-0.000802089564294714,0.2473600708363765,0.0020782860131274357,1.421,0.002,0.903,1.0,0.0,0.019,0.001,1.4038716760508616,0.0019169503780975402,0.9019931359556751,0.9759855812628994,0.0010790507107617758,0.5345492010907231,0.9974215697869069,-2.787337749673339e-17,0.6
701,1784633510.4260595,0.006522300627151309,0.09627682446060414,0.24973469496866613,0.0018989058638303774,1.422,0.002,0.903,1.0,0.0,0.019,0.001,1.4038716760508616,0.0019169503780975402,0.9019931359556751,0.9774614765774035,0.0010809609671831575,0.534919938071807,0.9991470060045535,-2.787337749673339e-17,0.6
705,1784633510.4591253,0.006118445163302644,0.12281304217089618,0.24803492077861555,0.0018900838284533102,1.424,0.002,0.903,1.0,0.0,0.019,0.001,1.4038716760508616,0.0019169503780975402,0.9019931359556751,0.9783345481019833,0.0010738018977373479,0.5351756013992238,0.9991470060045535,-2.787337749673339e-17,0.6
705,1784633510.492759,0.009946023291538453,0.024108584884217174,0.24721284493238327,0.0018649945569489343,1.424,0.002,0.903,1.0,0.0,0.019,0.001,1.4214611046578156,0.0021260457548907393,0.9028039681591441,0.9791830595526897,0.0010487933673602385,0.5354874823318574,0.9991470060045535,-2.787337749673339e-17,0.6
708,1784633510.5217066,0.007664640152444286,0.06224780314944199,0.24839652531639075,0.0018704548540226559,1.425,0.002,0.903,1.0,0.0,0.02,0.001,1.4214611046578156,0.0021260457548907393,0.9028039681591441,0.9795260820928728,0.0010272855843174668,0.53566766896103,0.9991470060045535,-2.787337749673339e-17,0.6
708,1784633510.5461426,0.006816138681267729,0.07643365082100695,0.24789276942370592,0.0019535486032082544,1.425,0.002,0.903,1.0,0.0,0.02,0.001,1.4214611046578156,0.0021260457548907393,0.9028039681591441,0.9796963338531721,0.0010071605612216432,0.535804855020847,0.9991470060045535,-2.787337749673339e-17,0.6
711,1784633510.5713027,0.00599978779667517,0.0897582781062817,0.2485505652298316,0.002105179432284867,1.425,0.002,0.903,1.0,0.0,0.02,0.001,1.4214611046578156,0.0021260457548907393,0.9028039681591441,0.9797788696516542,0.0009784729259524382,0.5359661980813955,0.9991470060045535,-2.787337749673339e-17,0.6
711,1784633510.598843,0.0070038332284785365,0.06483792942760369,0.2470082537540298,0.000808329545455163,1.425,0.002,0.903,1.0,0.0,0.021,0.0,1.4214611046578156,0.0021260457548907393,0.9028039681591441,0.9797154644157515,0.0009468411246177995,0.5361148935669623,0.9991470060045535,-2.787337749673339e-17,0.6
713,1784633510.6268535,0.0056688213503093,0.09560208454864302,0.24877152054099783,0.00027557313665828786,1.424,0.002,0.904,1.0,0.0,0.021,0.0,1.4214611046578156,0.0021260457548907393,0.9028039681591441,0.9793791767995332,0.0008973951721213692,0.5362988322316686,0.9991470060045535,-2.787337749673339e-17,0.6
713,1784633510.6427882,0.005184968852892292,0.09915942410793137,0.2475596058798593,-5.570272223521768e-05,1.424,0.002,0.904,1.0,0.0,0.022,0.0,1.4214611046578156,0.0021260457548907393,0.9028039681591441,0.9790546325036062,0.0008672315445672996,0.5363945787463089,0.9881215059433819,-2.787337749673339e-17,0.6
716,1784633510.6606848,0.0046472290205211856,0.1237809400253047,0.24865341957187215,-0.0002537230823322723,1.422,0.002,0.904,1.0,0.0,0.023,0.0,1.4214611046578156,0.0021260457548907393,0.9028039681591441,0.9775049046588431,0.00076493256328026,0.5366410563819356,0.9881215059433819,-2.787337749673339e-17,0.6
716,1784633510.6797695,0.003377672664804721,0.1800825124505846,0.24775862745738836,-0.0005140295306074762,1.422,0.002,0.904,1.0,0.0,0.023,0.0,1.4214611046578156,0.0021260457548907393,0.9028039681591441,0.9769825154857691,0.0007371182749198033,0.5366927333050738,0.9881215059433819,-2.787337749673339e-17,0.6
716,1784633510.6978123,0.006181138222210184,0.07627573913276126,0.2466215317772893,-0.0001896449953547598,1.421,0.003,0.904,1.0,0.0,0.024,0.0,1.4246173501369594,0.0023714907155959575,0.9035724332683837,0.9762024421719167,0.0006989360862909887,0.5367548484288098,0.9881215059433819,-2.787337749673339e-17,0.6
718,1784633510.7179239,0.004887581427969664,0.1341682100131082,0.24703718296864727,-0.0004519106582165757,1.42,0.003,0.904,1.0,0.0,0.024,0.0,1.4246173501369594,0.0023714907155959575,0.9035724332683837,0.9753267500685342,0.0006606310344142548,0.5368098699758006,0.9881215059433819,-2.787337749673339e-17,0.6
719,1784633510.7367887,0.005375484026352943,0.06286085844431302,0.24694374130358548,-0.0003221868262144352,1.419,0.003,0.904,1.0,0.0,0.025,0.0,1.4246173501369594,0.0023714907155959575,0.9035724332683837,0.9746073869855235,0.0006321650260742165,0.5368463358777261,0.9881215059433819,-2.787337749673339e-17,0.6
720,1784633510.7568784,-0.003726303851061861,0.03719951924487484,0.24690122135770182,-0.000158370498288125,1.418,0.003,0.904,1.0,0.001,0.025,0.0,1.4246173501369594,0.0023714907155959575,0.9035724332683837,0.9735654201553968,0.0005944960274002944,0.5368881073728603,0.9881215059433819,-2.787337749673339e-17,0.6
721,1784633510.774874,-0.004850881697068913,0.0010962429081653319,0.24684261138766456,-4.617439444232507e-05,1.418,0.003,0.904,1.0,0.001,0.025,0.0,1.4246173501369594,0.0023714907155959575,0.9035724332683837,0.9730089264628284,0.0005757971792551518,0.5369058927803075,0.9881215059433819,-2.787337749673339e-17,0.6
722,1784633510.795933,-0.006710417808550665,0.1009222895950289,0.24724169062339843,7.93457329966897e-05,1.416,0.003,0.904,1.0,0.001,0.026,0.0,1.4246173501369594,0.0023714907155959575,0.9035724332683837,0.971513729580047,0.0005286333172344991,0.536940756429614,0.9881215059433819,-2.787337749673339e-17,0.6
723,1784633510.8320222,-0.006883198653952585,0.19290792291076975,0.24759532662726866,1.8752159184122195e-05,1.416,0.003,0.904,1.0,0.001,0.026,0.0,1.4246173501369594,0.0023714907155959575,0.9035724332683837,0.9708738577418357,0.000509481566275248,0.5369511013468836,0.9881215059433819,-2.787337749673339e-17,0.6
723,1784633510.8611546,-0.006012347592713277,0.08810698329145804,0.247257036497775,5.160482880530071e-05,1.413,0.003,0.904,1.0,0.001,0.028,0.0,1.4246173501369594,0.0023714907155959575,0.9035724332683837,0.9684456989610205,0.0004445237808879955,0.5369724425199992,0.9881215059433819,-2.787337749673339e-17,0.6
726,1784633510.8944213,-0.006685155857199905,0.18590109074214517,0.24840154198131242,0.00023736911215798637,1.412,0.003,0.904,1.0,0.001,0.028,0.0,1.4246173501369594,0.0023714907155959575,0.9035724332683837,0.9669281960080564,0.00040943424471504507,0.5369726096780103,0.9646267207792385,-2.787337749673339e-17,0.6
728,1784633510.930218,-0.005201355096933197,0.089607189598528,0.24692633489606036,0.0001855163465954585,1.41,0.003,0.904,1.0,0.001,0.029,0.0,1.4246173501369594,0.0023714907155959575,0.9035724332683837,0.9653165693050766,0.0003773763675258625,0.5369644201554229,0.9646267207792385,-2.787337749673339e-17,0.6
728,1784633510.9556158,-0.0029838770680169504,0.18736099176187637,0.24984009812979227,0.00029211897080646566,1.405,0.003,0.904,1.0,0.001,0.031,0.0,1.4246173501369594,0.0023714907155959575,0.9035724332683837,0.9594367572673977,0.0003057718043349505,0.5368858102032332,0.9646267207792385,-2.787337749673339e-17,0.6
731,1784633510.9891443,-0.005076881234046662,0.21324481999495437,0.24781945277159256,0.00018091411152587158,1.401,0.003,0.905,0.999,0.001,0.032,0.0,1.4115447831885701,0.002653330974718735,0.9046236755119563,0.9563926760382102,0.00028463258876421343,0.5368330934345524,0.9646267207792385,-2.787337749673339e-17,0.6
731,1784633511.015717,-0.004212207991142098,0.19907834032790941,0.25050384955711913,0.0002060663175193365,1.396,0.003,0.904,0.999,0.001,0.034,0.0,1.4115447831885701,0.002653330974718735,0.9046236755119563,0.9514492104070853,0.00027574746124911883,0.5367376550200408,0.9646267207792385,-2.787337749673339e-17,0.6
734,1784633511.036289,-0.007332105746503693,0.09414818730146512,0.24689302660501952,-0.00021182467240749104,1.393,0.003,0.904,0.999,0.001,0.036,0.0,1.4115447831885701,0.002653330974718735,0.9046236755119563,0.9485130388098487,0.00028252551447051333,0.5366743786400578,0.9646267207792385,-2.787337749673339e-17,0.6
734,1784633511.0573828,-0.00573208301290685,0.038939885889646746,0.2488458992541992,2.2206449942828042e-05,1.389,0.003,0.904,0.999,0.001,0.038,0.0,1.4115447831885701,0.002653330974718735,0.9046236755119563,0.9441769296065208,0.00029775714562872815,0.5365800219083237,0.9292628349782275,-2.787337749673339e-17,0.6
736,1784633511.090786,-0.0031963066339014187,0.13796135764935724,0.2507545669595004,0.0003398346621272108,1.385,0.003,0.904,0.999,0.001,0.039,0.0,1.4115447831885701,0.002653330974718735,0.9046236755119563,0.9402645880418536,0.0003116827069360149,0.5364899447081812,0.9292628349782275,-2.787337749673339e-17,0.6
736,1784633511.112166,0.004320138918919432,0.04997070823491881,0.2467749504520818,0.00033391503991679443,1.381,0.003,0.904,0.999,0.0,0.041,0.0,1.4115447831885701,0.002653330974718735,0.9046236755119563,0.936171104027029,0.0003278128663348499,0.5364003740563806,0.9292628349782275,-2.787337749673339e-17,0.6
739,1784633511.1435225,0.004611333023800957,0.0312406823388255,0.24969078163797315,0.00015918145484023307,1.379,0.003,0.904,0.999,0.0,0.043,0.0,1.4115447831885701,0.002653330974718735,0.9046236755119563,0.9333394700360231,0.000347065654188854,0.5363473145691896,0.9292628349782275,-2.787337749673339e-17,0.6
739,1784633511.1690195,0.00010073869122597702,0.13045459396472003,0.2512482488932659,3.881611349572164e-05,1.373,0.003,0.904,0.999,0.0,0.045,0.0,1.3917555620550508,0.0027110948670647558,0.9044356785832527,0.9274439049286916,0.00039596659432656977,0.5362455406829542,0.9292628349782275,-2.787337749673339e-17,0.6
742,1784633511.2001235,-0.002300491687823686,0.027243479870302054,0.24636390895498433,-4.6552364110732475e-05,1.368,0.003,0.904,0.999,0.0,0.047,0.0,1.3917555620550508,0.0027110948670647558,0.9044356785832527,0.9228268248266311,0.00043949193697364437,0.5361740589087393,0.9292628349782275,-2.787337749673339e-17,0.6
742,1784633511.2318246,-0.004099477546641398,0.007467053563100269,0.25008665981690775,5.566362116675777e-05,1.361,0.003,0.904,0.999,0.0,0.05,0.0,1.3917555620550508,0.0027110948670647558,0.9044356785832527,0.9147898145521339,0.0005566708252379797,0.5360547330232837,0.9292628349782275,-2.787337749673339e-17,0.6
745,1784633511.2461226,-0.005201169356719843,0.015989453340108886,0.247745328755726,0.00013192262221118644,1.355,0.003,0.904,0.999,0.0,0.052,0.0,1.3917555620550508,0.0027110948670647558,0.9044356785832527,0.908919862328203,0.0006558264131984998,0.535973412276728,0.9292628349782275,-2.787337749673339e-17,0.6
745,1784633511.2610013,-0.006627207284939427,0.11558935415906468,0.25403755553957985,0.0006866721103429533,1.352,0.003,0.904,0.999,0.0,0.052,0.0,1.3917555620550508,0.0027110948670647558,0.9044356785832527,0.9072030366157123,0.000684415949008743,0.5359563665883973,0.9292628349782275,-2.787337749673339e-17,0.6
746,1784633511.2751355,-0.006846663155780292,0.21266666156066544,0.24970815095408888,0.0009009581626007514,1.349,0.003,0.904,0.999,0.0,0.053,0.0,1.3917555620550508,0.0027110948670647558,0.9044356785832527,0.9028406651854965,0.0007588023859611317,0.5359132174862269,0.9292628349782275,-2.787337749673339e-17,0.6
747,1784633511.3006508,-0.007186036720773493,0.3073496393371971,0.25417976675468623,0.000703267196354323,1.346,0.003,0.903,0.999,0.0,0.054,0.0,1.3917555620550508,0.0027110948670647558,0.9044356785832527,0.8983802315930689,0.0008268342701546716,0.5358695331248553,0.8829332343244952,-2.787337749673339e-17,0.6
747,1784633511.3283944,-0.005686401099325723,0.1996747284268859,0.27777197516822616,-0.0015402579047281845,1.343,0.003,0.903,0.999,0.0,0.054,0.0,1.3917555620550508,0.0027110948670647558,0.9044356785832527,0.8965690772170399,0.000851558286020863,0.535853050304439,0.8829332343244952,-2.787337749673339e-17,0.6
750,1784633511.3517747,-0.006861328109693078,0.29468100481224324,0.2401584021066459,-0.000816034389913845,1.337,0.003,0.903,0.998,0.0,0.055,0.0,1.3917555620550508,0.0027110948670647558,0.9044356785832527,0.8891768774552944,0.0009409363534573915,0.5358014639355437,0.8829332343244952,-2.787337749673339e-17,0.6
750,1784633511.37112,-0.005024289871130546,0.18731903303581515,0.26444931587684695,-0.0008022589588255083,1.332,0.003,0.903,0.998,0.0,0.056,0.0,1.3917555620550508,0.0027110948670647558,0.9044356785832527,0.8863456434166413,0.0009704749573282637,0.535787999914188,0.8829332343244952,-2.787337749673339e-17,0.6
752,1784633511.3902571,-0.006239567956239999,0.0828852227598456,0.2373043981584041,-0.0007172641363520534,1.328,0.002,0.903,0.998,0.0,0.056,0.0,1.3917555620550508,0.0027110948670647558,0.9044356785832527,0.8806061236529727,0.001013903919821175,0.5357774570519667,0.8829332343244952,-2.787337749673339e-17,0.6
752,1784633511.4081745,-0.006214204059196097,0.09869363032776075,0.25847553868021533,-0.0004321782524325537,1.324,0.002,0.903,0.998,0.0,0.057,0.0,1.3917555620550508,0.0027110948670647558,0.9044356785832527,0.8767334395565333,0.001031695090286412,0.5358003108804476,0.8829332343244952,-2.787337749673339e-17,0.6
754,1784633511.4245102,-0.005123179759945938,0.19618492537907642,0.24665184552267755,-1.1184478545685195e-06,1.32,0.002,0.903,0.998,0.0,0.058,0.0,1.344660544034594,0.002562579328056364,0.9034503053439189,0.8747810548667022,0.0010404736845340812,0.5358196928504536,0.8829332343244952,-2.787337749673339e-17,0.6
754,1784633511.4410427,-0.0042792407427938856,0.09138238120172536,0.2508009100802985,-3.538446671395135e-05,1.317,0.002,0.903,0.998,0.0,0.059,0.0,1.344660544034594,0.002562579328056364,0.9034503053439189,0.8698600211934268,0.0010614173463074203,0.535881558979832,0.8829332343244952,-2.787337749673339e-17,0.6
755,1784633511.4568188,-0.004391718209329317,0.005768894070517269,0.2469999177673903,-5.566373275053059e-06,1.314,0.002,0.903,0.998,0.0,0.06,0.0,1.344660544034594,0.002562579328056364,0.9034503053439189,0.8688687320649481,0.0010654229275104334,0.5358942703095017,0.8829332343244952,-2.787337749673339e-17,0.6
756,1784633511.475524,-0.003889013037260675,-0.00809632498344623,0.25018879178695547,5.8501153518488e-05,1.309,0.002,0.903,0.998,0.0,0.062,0.0,1.344660544034594,0.002562579328056364,0.9034503053439189,0.8618481721256797,0.0011020195235240848,0.5359716998787555,0.8829332343244952,-2.787337749673339e-17,0.6
757,1784633511.5134823,-0.0033948350550906635,0.09207311805053629,0.2538406733997385,0.0004928666677737577,1.302,0.002,0.903,0.998,0.0,0.064,0.0,1.344660544034594,0.002562579328056364,0.9034503053439189,0.8557145172718343,0.0011421627169157346,0.5360267262519085,0.8829332343244952,-2.787337749673339e-17,0.6
757,1784633511.5444622,-0.003953949860445924,0.021373165603115002,0.24579930959181134,0.00041447902241633435,1.298,0.002,0.903,0.998,0.0,0.066,0.0,1.344660544034594,0.002562579328056364,0.9034503053439189,0.8515652108436873,0.0011670075072089691,0.5360618626754134,0.8829332343244952,-2.787337749673339e-17,0.6
761,1784633511.576154,-0.0039921484136394144,-0.0790964803309802,0.24962193544796094,0.00016581570160011875,1.29,0.002,0.903,0.998,0.0,0.068,0.0,1.344660544034594,0.002562579328056364,0.9034503053439189,0.8452498837227752,0.0012016710862643156,0.5361146000685165,0.8268214285389823,-2.787337749673339e-17,0.6
761,1784633511.6078753,-0.00408668337157814,-0.1264082127250533,0.24694462997900635,8.948784996220723e-05,1.284,0.002,0.903,0.998,-0.0,0.069,0.0,1.344660544034594,0.002562579328056364,0.9034503053439189,0.8366586957515639,0.0012434186509397256,0.5362087197660854,0.8268214285389823,-2.787337749673339e-17,0.6
764,1784633511.6253393,-0.004500383146787865,-0.1598379919992376,0.24788456780852366,4.877642131399139e-05,1.276,0.002,0.904,0.998,-0.0,0.07,0.0,1.344660544034594,0.002562579328056364,0.9034503053439189,0.8311999963255574,0.001255951225683348,0.5362694092762232,0.8268214285389823,-2.787337749673339e-17,0.6
764,1784633511.6501431,0.0014371320204200812,-0.062469329584829994,0.24551415205462537,-0.0002850201752480802,1.275,0.002,0.904,0.998,-0.0,0.07,0.0,1.2977648153305215,0.002353961896185288,0.903898435998934,0.8256712509396158,0.001253841373277434,0.5363265923337552,0.8268214285389823,-2.787337749673339e-17,0.6
766,1784633511.676041,0.0023904394237977463,-0.16089564928717764,0.24350048852321754,-0.0002515963506374141,1.266,0.002,0.904,0.997,-0.0,0.071,0.0,1.2977648153305215,0.002353961896185288,0.903898435998934,0.8189497135575167,0.001216489062644526,0.5363826692027275,0.8268214285389823,-2.787337749673339e-17,0.6
766,1784633511.6967452,0.002040941853336248,-0.24405451353172763,0.2418138505822319,-9.68163905389748e-05,1.26,0.002,0.904,0.997,-0.0,0.071,0.0,1.2977648153305215,0.002353961896185288,0.903898435998934,0.8144152246266744,0.0011763563114581441,0.5364102549222521,0.8268214285389823,-2.787337749673339e-17,0.6
768,1784633511.717539,0.00242305439730935,-0.17472575915052158,0.24652295498969276,-0.00013404932682750946,1.255,0.002,0.903,0.997,-0.0,0.071,0.0,1.2977648153305215,0.002353961896185288,0.903898435998934,0.8086757068450404,0.0011233501477041791,0.5364477443838768,0.8268214285389823,-2.787337749673339e-17,0.6
768,1784633511.7359865,0.002223582198344525,-0.07036865146476365,0.25084964098072104,-0.0002909870900352898,1.251,0.002,0.903,0.997,-0.0,0.071,0.0,1.2977648153305215,0.002353961896185288,0.903898435998934,0.8051913832767493,0.0010919554253323088,0.536473956393291,0.8268214285389823,-2.787337749673339e-17,0.6
770,1784633511.762535,0.003189348486799609,-0.1685801973471118,0.23923478720002692,-0.0002611276130963922,1.246,0.002,0.903,0.997,-0.0,0.071,0.0,1.2977648153305215,0.002353961896185288,0.903898435998934,0.7993180819444607,0.001036016228207373,0.5365161281589029,0.7623608180108494,-2.787337749673339e-17,0.6
770,1784633511.8001173,0.0006785519276946584,-0.06436573728758455,0.28325371461135435,0.002738916539347351,1.237,0.002,0.903,0.998,-0.0,0.07,0.0,1.2977648153305215,0.002353961896185288,0.903898435998934,0.7885063261374072,0.0009342103350287417,0.5366064717502951,0.7623608180108494,-2.787337749673339e-17,0.6
773,1784633511.8401954,0.0005200051140614838,0.037110725461927674,0.2358447748218518,0.001914518455657366,1.225,0.002,0.903,0.998,-0.0,0.067,0.0,1.2977648153305215,0.002353961896185288,0.903898435998934,0.7774170465627076,0.0007673471338942425,0.5366375933959495,0.7623608180108494,-2.787337749673339e-17,0.6
775,1784633511.8762863,-0.0003560842913652971,0.1361829037142237,0.25665449016663233,0.001180121586153898,1.208,0.002,0.901,0.998,-0.0,0.063,0.0,1.24964312305432,0.0021759493400911223,0.9033744292745017,0.7608923776746762,0.0004939755320012748,0.5366079500177354,0.7623608180108494,-2.787337749673339e-17,0.6
775,1784633511.9112422,0.0003022102943050323,0.10319552123145055,0.2384562481057202,0.0006877884890822249,1.199,0.002,0.901,0.998,-0.0,0.061,0.0,1.24964312305432,0.0021759493400911223,0.9033744292745017,0.7491818258737102,0.0003090400659476651,0.5366188663355699,0.7623608180108494,-2.787337749673339e-17,0.6
779,1784633511.9381733,-0.0008888958386086225,0.20046705315735425,0.2550702230103964,0.0003406231069084304,1.186,0.002,0.9,0.998,-0.0,0.058,0.0,1.24964312305432,0.0021759493400911223,0.9033744292745017,0.7373059133176839,9.426674279353874e-05,0.5365513037001748,0.7623608180108494,-2.787337749673339e-17,0.6
779,1784633511.9592395,0.0007477703940515268,0.09545684124671873,0.23994093008325562,0.00011885334770882208,1.177,0.002,0.9,0.998,-0.0,0.057,0.0,1.24964312305432,0.0021759493400911223,0.9033744292745017,0.727947932535092,-6.172713865551444e-05,0.5364149493153261,0.6911980769635164,-2.787337749673339e-17,0.6
781,1784633511.980022,0.0004249860629350164,0.135664021654181,0.25121472121073696,-1.8537978895711183e-05,1.174,0.002,0.9,0.998,-0.0,0.057,0.0,1.24964312305432,0.0021759493400911223,0.9033744292745017,0.7238888160875003,-0.00011608233905552922,0.5363662367161781,0.6911980769635164,-2.787337749673339e-17,0.6
781,1784633512.002217,0.0004487812278321664,0.03581491501001863,0.24174568334328206,-9.820315962082849e-05,1.165,0.002,0.9,0.998,-0.0,0.057,0.0,1.24964312305432,0.0021759493400911223,0.9033744292745017,0.7128971588708348,-0.00022223500216298755,0.5362748370645246,0.6911980769635164,-2.787337749673339e-17,0.6
783,1784633512.0209572,0.0008522992015051718,-0.04241492361492055,0.24759639779257545,-0.0001632732068736388,1.158,0.002,0.9,0.998,-0.0,0.057,0.0,1.24964312305432,0.0021759493400911223,0.9033744292745017,0.7087178105424827,-0.00025529423302617164,0.5362419841651498,0.6911980769635164,-2.787337749673339e-17,0.6
783,1784633512.046676,-0.003538226162378558,0.05864448868927119,0.2689165775589459,0.0006388548371317395,1.152,0.002,0.899,0.998,-0.0,0.057,0.0,1.24964312305432,0.0021759493400911223,0.9033744292745017,0.7031052932166025,-0.0002938953101339062,0.5361784816310423,0.6911980769635164,-2.787337749673339e-17,0.6
786,1784633512.0699553,0.00046238744540248993,-0.026335261233771515,0.22802996704655729,0.0001753060291513601,1.148,0.002,0.899,0.998,-0.0,0.058,0.0,1.1807181937311475,0.0019663848522684275,0.9002791271859736,0.698863746339357,-0.00031815595385966934,0.5361179179302602,0.6911980769635164,-2.787337749673339e-17,0.6
786,1784633512.0929613,-0.0005778842119988877,0.074322094781117,0.25935219820820105,-2.3765548022415398e-05,1.142,0.002,0.899,0.998,-0.0,0.058,0.0,1.1807181937311475,0.0019663848522684275,0.9002791271859736,0.693159354670128,-0.0003470218800230449,0.5360269072424844,0.6911980769635164,-2.787337749673339e-17,0.6
788,1784633512.1102664,-0.0009048384842146081,0.172240285576244,0.23969502811009413,-0.00012091314490380656,1.135,0.002,0.899,0.998,-0.0,0.059,0.0,1.1807181937311475,0.0019663848522684275,0.9002791271859736,0.6859555444891839,-0.0003659969319609681,0.5358875716295426,0.6911980769635164,-2.787337749673339e-17,0.6
788,1784633512.126118,-0.004573024291385976,0.26791917766559015,0.24250768162452183,0.0004330119778369559,1.133,0.002,0.899,0.998,-0.0,0.059,0.0,1.1807181937311475,0.0019663848522684275,0.9002791271859736,0.6830525450662749,-0.00037094621904215137,0.5358258863076423,0.6911980769635164,-2.787337749673339e-17,0.6
789,1784633512.140431,-0.0047497521716748075,0.3612169535629334,0.24839342309929857,0.0008734890291196316,1.128,0.002,0.899,0.998,-0.0,0.06,0.0,1.1807181937311475,0.0019663848522684275,0.9002791271859736,0.6742854878852749,-0.000392974390541621,0.5356268156975588,0.6911980769635164,-2.787337749673339e-17,0.6
789,1784633512.153781,1.3562814188926298e-06,0.2521865573452305,0.2754357771189563,-0.0008184100448225291,1.121,0.002,0.898,0.998,-0.0,0.061,0.0,1.1807181937311475,0.0019663848522684275,0.9002791271859736,0.6698681357024133,-0.00040534669603819063,0.535516324509042,0.6911980769635164,-2.787337749673339e-17,0.6
791,1784633512.1740696,-0.0034747161896318294,0.34587089909045166,0.23114643977022786,-0.0006290247274413402,1.109,0.002,0.898,0.998,-0.0,0.062,0.0,1.1807181937311475,0.0019663848522684275,0.9002791271859736,0.657952439562092,-0.00046364018785097097,0.5352377671468465,0.6151510884482055,-2.787337749673339e-17,0.6
792,1784633512.1933365,-0.004246884240636557,0.40561621077489596,0.26372572673522554,-0.00021535872430278628,1.103,0.002,0.898,0.998,-0.0,0.062,0.0,1.1807181937311475,0.0019663848522684275,0.9002791271859736,0.6534306272055367,-0.0004938432815296804,0.5351341237094478,0.6151510884482055,-2.787337749673339e-17,0.6
793,1784633512.2439334,-0.0009696663136656192,0.29547585311016245,0.2715100894059735,-0.0016546066162446565,1.099,0.002,0.898,0.998,-0.0,0.063,0.0,1.1807181937311475,0.0019663848522684275,0.9002791271859736,0.6473646028755243,-0.0005362845809878436,0.5349972122417607,0.6151510884482055,-2.787337749673339e-17,0.6
793,1784633512.2845426,-8.375821992303309e-05,0.1881017841418719,0.23231041728580454,-0.001012083157003804,1.099,0.002,0.898,0.998,-0.0,0.063,0.0,1.1807181937311475,0.0019663848522684275,0.9002791271859736,0.6473646028755243,-0.0005362845809878436,0.5349972122417607,0.6151510884482055,-2.787337749673339e-17,0.6
798,1784633512.3191235,-0.003171777173926031,0.2833976034573311,0.26752670468613515,-0.00033837219658845166,1.071,0.002,0.897,0.998,-0.0,0.07,0.0,1.1807181937311475,0.0019663848522684275,0.9002791271859736,0.6196945455218607,-0.0006498382283487433,0.5343468763895656,0.6151510884482055,-2.787337749673339e-17,0.6
798,1784633512.3536577,-0.008614223128171917,0.2045481867561863,0.23771453262643816,-0.0005303434002471979,1.062,0.002,0.897,0.997,-0.0,0.074,0.0,1.109148242945559,0.0017305265239844561,0.8979522194989706,0.6072609464806062,-0.0006800246920911783,0.5341202082684434,0.6151510884482055,-2.787337749673339e-17,0.6
801,1784633512.3828042,-0.012579099583183269,0.29943180878959264,0.27121503103033884,0.0008212241007192843,1.044,0.001,0.897,0.997,-0.0,0.082,0.0,1.109148242945559,0.0017305265239844561,0.8979522194989706,0.5946499614339017,-0.0007382306926064213,0.5339004456448065,0.6151510884482055,-2.787337749673339e-17,0.6
801,1784633512.404201,-0.011701802973330172,0.2100348763093942,0.2365588207330506,0.00047243743923037606,1.038,0.001,0.897,0.996,-0.0,0.084,0.0,1.109148242945559,0.0017305265239844561,0.8979522194989706,0.5867041765579726,-0.0007815538948916926,0.5337744238108786,0.6151510884482055,-2.787337749673339e-17,0.6
803,1784633512.4197197,-0.013523494874620057,0.304770280216736,0.2750970161077894,0.0017403770091023079,1.03,0.001,0.897,0.996,-0.0,0.087,0.0,1.109148242945559,0.0017305265239844561,0.8979522194989706,0.5787280250364598,-0.0008273771903863157,0.5336517782075593,0.536162505733803,-2.787337749673339e-17,0.6
803,1784633512.4338923,-0.01193262798646207,0.20436106334237653,0.2376834016523299,0.001076466004687946,1.027,0.001,0.897,0.996,-0.0,0.089,0.0,1.109148242945559,0.0017305265239844561,0.8979522194989706,0.5771290859457963,-0.0008359666224285002,0.5336254433011484,0.536162505733803,-2.787337749673339e-17,0.6
805,1784633512.4543722,-0.008743487751133629,0.09952992262088464,0.2599352363235546,0.00025975949420633116,1.015,0.001,0.897,0.996,-0.0,0.093,0.0,1.109148242945559,0.0017305265239844561,0.8979522194989706,0.5659254617737123,-0.000874925240988454,0.5334407078130361,0.536162505733803,-2.787337749673339e-17,0.6
806,1784633512.4760451,-0.01069442691600446,0.19703776030142517,0.26320708879658855,0.002094978858532657,1.009,0.001,0.897,0.995,-0.0,0.095,0.0,1.109148242945559,0.0017305265239844561,0.8979522194989706,0.5595216881065622,-0.0008814115441529851,0.533344591723137,0.536162505733803,-2.787337749673339e-17,0.6
807,1784633512.4954853,-0.008816349077445922,0.1304962886787077,0.24381916103875656,0.0013787758817730296,1.004,0.001,0.897,0.995,-0.0,0.097,0.0,1.109148242945559,0.0017305265239844561,0.8979522194989706,0.5547203411294485,-0.0008873852922028932,0.5332814885032777,0.536162505733803,-2.787337749673339e-17,0.6
808,1784633512.5144596,-0.007593384952342302,0.07902964718226638,0.2593601427389576,0.0008677373299991238,0.996,0.001,0.897,0.995,-0.0,0.101,0.0,1.109148242945559,0.0017305265239844561,0.8979522194989706,0.5467288236228028,-0.0009144671707313284,0.5331641092190328,0.536162505733803,-2.787337749673339e-17,0.6
809,1784633512.5344603,-0.009987033791521823,0.17704651965038473,0.25993984178598256,0.0024274634979951034,0.988,0.001,0.897,0.995,-0.0,0.104,0.0,1.0314503048649168,0.0014268078952797676,0.8972247896720307,0.5387611541086536,-0.0009529703579093534,0.5330313855823697,0.536162505733803,-2.787337749673339e-17,0.6
810,1784633512.5550482,-0.010083891685510642,0.07946658489956805,0.24471161556388782,0.001401095574163829,0.981,0.001,0.898,0.994,-0.0,0.106,0.0,1.0314503048649168,0.0014268078952797676,0.8972247896720307,0.5292404439628835,-0.00101368446190819,0.5328416839235617,0.536162505733803,-2.787337749673339e-17,0.6
811,1784633512.575414,0.0006903272318076904,0.061518831428166595,0.25760165615733754,0.0007790745143220897,0.972,0.001,0.898,0.994,-0.001,0.11,0.0,1.0314503048649168,0.0014268078952797676,0.8972247896720307,0.5245005917070489,-0.0010581013175185693,0.5327313195885213,0.536162505733803,-2.787337749673339e-17,0.6
812,1784633512.5972583,0.0018787637844603772,0.05343062376572089,0.2476852878471352,0.0002714567374633661,0.969,0.001,0.898,0.994,-0.001,0.111,0.0,1.0314503048649168,0.0014268078952797676,0.8972247896720307,0.5213500829972535,-0.0010953211188620832,0.532652152942365,0.536162505733803,-2.787337749673339e-17,0.6
813,1784633512.6180952,0.002183647504403217,0.06050840513437938,0.25561560945233586,-2.20173714070949e-05,0.964,0.001,0.898,0.994,-0.001,0.112,0.0,1.0314503048649168,0.0014268078952797676,0.8972247896720307,0.5166357926141559,-0.0011583230109103975,0.5325265392691492,0.536162505733803,-2.787337749673339e-17,0.6
814,1784633512.6388462,0.004701771401390236,0.15899436145573323,0.26338334672740993,-0.0004684989101848003,0.961,0.001,0.898,0.994,-0.001,0.113,0.0,1.0314503048649168,0.0014268078952797676,0.8972247896720307,0.5134991414354736,-0.0012045226399893505,0.5324398699964866,0.536162505733803,-2.787337749673339e-17,0.6
815,1784633512.6600525,0.004387184155682972,0.25496621163687544,0.25744706518307153,-0.0004436815949707721,0.954,0.001,0.898,0.993,-0.001,0.115,0.0,1.0314503048649168,0.0014268078952797676,0.8972247896720307,0.5056760076333489,-0.0013277223482328073,0.5322183342903715,0.536162505733803,-2.787337749673339e-17,0.6
815,1784633512.6801753,0.0018795817152493384,0.1486501391275741,0.24877986840552005,-0.00046549920761188246,0.951,0.001,0.898,0.993,-0.001,0.116,0.0,1.0314503048649168,0.0014268078952797676,0.8972247896720307,0.5025537135878916,-0.0013788392707805202,0.5321278952897821,0.45625012638745255,-2.787337749673339e-17,0.6
817,1784633512.7006574,0.0012869925740994065,0.09154707185360145,0.25587600679766054,-0.0004744547615975404,0.945,0.001,0.898,0.993,-0.001,0.117,0.0,1.0314503048649168,0.0014268078952797676,0.8972247896720307,0.49476746238902086,-0.0015105715905688415,0.5319032109802861,0.45625012638745255,-2.787337749673339e-17,0.6
817,1784633512.7285833,0.0010279240652990543,0.18925750042402312,0.2641887693509818,-0.0004356171298878674,0.937,0.001,0.898,0.993,-0.001,0.119,0.0,1.0314503048649168,0.0014268078952797676,0.8972247896720307,0.48857081988118817,-0.0016266343838500141,0.531721577874431,0.45625012638745255,-2.787337749673339e-17,0.6
820,1784633512.7515235,-0.0012990858304725143,0.08452690394456752,0.2394698097813528,-0.00041329596787898095,0.921,0.001,0.898,0.993,-0.001,0.122,0.0,1.0314503048649168,0.0014268078952797676,0.8972247896720307,0.4732476759626172,-0.0019961780917530135,0.5312210067076082,0.45625012638745255,-2.787337749673339e-17,0.6
820,1784633512.7706902,-0.0015200547379197941,-0.01755107279671085,0.25714694769658997,-0.0003306267806630689,0.915,0.001,0.898,0.992,-0.001,0.123,0.0,1.0314503048649168,0.0014268078952797676,0.8972247896720307,0.46716740716132044,-0.0021516656637819223,0.5310145104879894,0.45625012638745255,-2.787337749673339e-17,0.6
822,1784633512.7877703,0.0056564322857415635,-0.11650662538621542,0.23784983143064134,-0.0005427903948840527,0.91,0.001,0.899,0.992,-0.001,0.124,0.0,0.9510253463967968,0.0011015481427023223,0.8980091145859458,0.4641364519012944,-0.002226777709049652,0.5309107299617672,0.45625012638745255,-2.787337749673339e-17,0.6
822,1784633512.8026857,0.0066530831945430385,-0.05137320136240525,0.2607958509844694,-0.0005994447968873651,0.904,0.001,0.899,0.992,-0.001,0.126,0.0,0.9510253463967968,0.0011015481427023223,0.8980091145859458,0.46111296450642575,-0.002300387636766802,0.5308059279073543,0.45625012638745255,-2.787337749673339e-17,0.6
823,1784633512.8164558,0.006938068708444449,-0.04588749880411872,0.2436401442781817,-0.0005444166153953736,0.902,0.001,0.899,0.992,-0.001,0.126,0.0,0.9510253463967968,0.0011015481427023223,0.8980091145859458,0.45809577511779154,-0.0023721254453635252,0.5307024583983647,0.45625012638745255,-2.787337749673339e-17,0.6
824,1784633512.8355575,0.006183570009363447,-0.047917001559648696,0.25762952179113396,-0.00048197176127666474,0.89,0.001,0.899,0.992,-0.001,0.129,0.0,0.9510253463967968,0.0011015481427023223,0.8980091145859458,0.44456120301519286,-0.0026677694379665996,0.5302519123755947,0.45625012638745255,-2.787337749673339e-17,0.6
825,1784633512.8547573,0.003979286358561027,0.053267932264689045,0.27403269022382565,-0.0023078255993291266,0.884,0.001,0.898,0.992,-0.001,0.13,0.0,0.9510253463967968,0.0011015481427023223,0.8980091145859458,0.4385637821928623,-0.002771424146750258,0.5300472406878225,0.45625012638745255,-2.787337749673339e-17,0.6
826,1784633512.8742244,0.0026205663799069483,0.15193399533001548,0.25719448252124777,-0.0021662465895287194,0.876,0.001,0.898,0.991,-0.001,0.131,0.0,0.9510253463967968,0.0011015481427023223,0.8980091145859458,0.4310811526071531,-0.0028797369092932136,0.529794379740267,0.45625012638745255,-2.787337749673339e-17,0.6
827,1784633512.8944325,0.006171384907361415,0.04813702789384308,0.24384296816562645,-0.001222020056372904,0.872,0.001,0.898,0.991,-0.001,0.131,0.0,0.9510253463967968,0.0011015481427023223,0.8980091145859458,0.425104638985995,-0.002955877822096442,0.5295971038662995,0.37745534676149495,-2.787337749673339e-17,0.6
828,1784633512.9175591,0.0059842048482935326,-0.052890746157875576,0.24985890740667532,-0.0004568499084002356,0.866,0.001,0.898,0.991,-0.001,0.132,0.0,0.9510253463967968,0.0011015481427023223,0.8980091145859458,0.4191428999360555,-0.0030214287238359023,0.5294061102823749,0.37745534676149495,-2.787337749673339e-17,0.6
829,1784633512.9359977,0.006130326542007297,-0.15151837072399943,0.2420392205611589,-9.099205787672622e-05,0.86,0.001,0.898,0.991,-0.001,0.132,0.0,0.9510253463967968,0.0011015481427023223,0.8980091145859458,0.4132091012811281,-0.0030790587893800136,0.5292371208634886,0.37745534676149495,-2.787337749673339e-17,0.6
830,1784633512.9563594,0.00011118016531103374,-0.04773065827010178,0.28598695927290746,-0.002861657903550303,0.854,0.001,0.897,0.991,-0.001,0.133,0.0,0.9510253463967968,0.0011015481427023223,0.8980091145859458,0.40731208364248145,-0.0031304992642181046,0.5290997290595147,0.37745534676149495,-2.787337749673339e-17,0.6
831,1784633512.984978,-0.0031424115517940934,0.05346138361729469,0.2530550306505467,0.00013881266888816825,0.851,0.001,0.897,0.991,-0.001,0.133,0.0,0.8764961267520301,0.0008598066337044169,0.8982547409534344,0.40437854578835586,-0.00315178136110263,0.5290397233423696,0.37745534676149495,-2.787337749673339e-17,0.6
831,1784633513.0024927,0.0001001667924391738,0.10547983012916858,0.2552697138225795,-8.690484174854332e-05,0.846,0.001,0.897,0.991,-0.001,0.133,0.0,0.8764961267520301,0.0008598066337044169,0.8982547409534344,0.3999972864147964,-0.0031735082303585038,0.528953585040639,0.37745534676149495,-2.787337749673339e-17,0.6
833,1784633513.0256472,-6.571474848343417e-05,0.10743764978315107,0.2542786180969588,-0.00011862118595003924,0.835,0.001,0.897,0.991,-0.001,0.134,0.0,0.8764961267520301,0.0008598066337044169,0.8982547409534344,0.3883990238310451,-0.003181619023247647,0.5287407664800106,0.37745534676149495,-2.787337749673339e-17,0.6
835,1784633513.0466413,0.00037605887055175907,0.12174395182555323,0.25549418569978166,-0.00016075817761191914,0.826,0.001,0.896,0.991,-0.001,0.134,0.0,0.8764961267520301,0.0008598066337044169,0.8982547409534344,0.378347624005481,-0.0031485806174312457,0.5285863847499069,0.37745534676149495,-2.787337749673339e-17,0.6
835,1784633513.064742,0.002391628933356854,0.018707375041168955,0.2474899673109879,-0.0001289511806914079,0.819,0.001,0.896,0.991,-0.001,0.134,0.0,0.8764961267520301,0.0008598066337044169,0.8982547409534344,0.37266711419615406,-0.0031256336194262157,0.5285101110774636,0.37745534676149495,-2.787337749673339e-17,0.6
836,1784633513.0830903,0.000936410812593047,0.11823696226185955,0.26163090383722587,-0.00017012397353881022,0.814,0.001,0.896,0.991,-0.001,0.134,0.0,0.8764961267520301,0.0008598066337044169,0.8982547409534344,0.3670317284697151,-0.003106471859738835,0.5284346696874999,0.37745534676149495,-2.787337749673339e-17,0.6
836,1784633513.1008642,-0.0011530089811189201,0.2152796666753734,0.26550080968429896,0.0003017022210384196,0.806,0.001,0.895,0.991,-0.001,0.134,0.0,0.8764961267520301,0.0008598066337044169,0.8982547409534344,0.3600481688843071,-0.003092549306763738,0.5283362283142254,0.37745534676149495,-2.787337749673339e-17,0.6
838,1784633513.1175835,0.0028873242497341424,0.10993696465645732,0.24220846429341936,-3.1571209817844725e-05,0.802,0.001,0.895,0.991,-0.001,0.134,0.0,0.8764961267520301,0.0008598066337044169,0.8982547409534344,0.3545074854871058,-0.0030910923583874236,0.5282528959953531,0.3017910136392146,-2.787337749673339e-17,0.6
839,1784633513.1383867,-0.0009225481747630773,0.20716996706571317,0.2856165058650049,-0.0001840012530983374,0.797,0.001,0.895,0.991,-0.001,0.134,0.0,0.8764961267520301,0.0008598066337044169,0.8982547409534344,0.34900112444731346,-0.003092812632561711,0.5281689028885683,0.3017910136392146,-2.787337749673339e-17,0.6
839,1784633513.15711,0.0020762809519998407,0.13769126424229194,0.2458349973431874,-0.00040280779424508304,0.793,0.001,0.895,0.991,-0.001,0.134,0.0,0.8764961267520301,0.0008598066337044169,0.8982547409534344,0.34489562342951524,-0.0030991636917404464,0.5281036039399363,0.3017910136392146,-2.787337749673339e-17,0.6
841,1784633513.1844351,-0.001787525729407509,0.23422197865466604,0.2779727915522615,-0.00042234123701895217,0.787,0.001,0.894,0.991,-0.001,0.134,0.0,0.8033917601062406,0.0006773359768810694,0.8952250990359165,0.34081018783264927,-0.003105368801661441,0.5280422610795533,0.3017910136392146,-2.787337749673339e-17,0.6
841,1784633513.2115285,0.0003399761912676897,0.12893362829558513,0.24077162935185017,-0.00010113713222527267,0.778,0.001,0.894,0.991,-0.001,0.135,0.0,0.8033917601062406,0.0006773359768810694,0.8952250990359165,0.3313374277032199,-0.0031126745721242834,0.5279059435809011,0.3017910136392146,-2.787337749673339e-17,0.6
844,1784633513.2443726,-0.0017068504845185982,0.2257100427950441,0.2847390123427772,-0.00029456079663822037,0.773,0.001,0.893,0.991,-0.001,0.136,0.0,0.8033917601062406,0.0006773359768810694,0.8952250990359165,0.32462947575976514,-0.003121525663834363,0.5278078609440079,0.3017910136392146,-2.787337749673339e-17,0.6
844,1784633513.276422,0.0007637524760621176,0.12023521038267307,0.24220468623398989,-3.6724085565864096e-05,0.763,0.001,0.893,0.991,-0.001,0.137,0.0,0.8033917601062406,0.0006773359768810694,0.8952250990359165,0.31534231654942374,-0.003145402772003987,0.5276818844105537,0.3017910136392146,-2.787337749673339e-17,0.6
847,1784633513.2958617,0.001497680355003765,0.017229348571300304,0.25063788104960727,0.0008782471379237757,0.756,0.001,0.892,0.99,-0.001,0.139,0.0,0.8033917601062406,0.0006773359768810694,0.8952250990359165,0.30617032072786643,-0.0031537309198090436,0.5275516726812065,0.3017910136392146,-2.787337749673339e-17,0.6
847,1784633513.3166087,0.00040785778328769964,0.11670129518405552,0.28147984992301633,0.0001876149969195646,0.75,0.001,0.892,0.99,-0.001,0.14,0.0,0.8033917601062406,0.0006773359768810694,0.8952250990359165,0.30227409828002094,-0.003137642240185775,0.5275030628489845,0.3017910136392146,-2.787337749673339e-17,0.6
849,1784633513.3409712,0.0015776405870187955,0.013988717458494587,0.24165006252056806,0.00014683774643420874,0.745,0.001,0.892,0.99,-0.001,0.141,0.0,0.8033917601062406,0.0006773359768810694,0.8952250990359165,0.2958479746342274,-0.0030964175292597968,0.5274631129798103,0.3017910136392146,-2.787337749673339e-17,0.6
849,1784633513.3612013,0.0017677546573374172,-0.08635507667559306,0.26209764332986124,-1.9998655559202674e-05,0.739,0.001,0.891,0.99,-0.001,0.143,0.0,0.8033917601062406,0.0006773359768810694,0.8952250990359165,0.28949961424176845,-0.0030399440658865576,0.5274653861759767,0.3017910136392146,-2.787337749673339e-17,0.6
851,1784633513.382593,0.0008537994230082863,0.015802154592278128,0.27030517910490076,-0.0003884992643572704,0.733,0.001,0.891,0.99,-0.001,0.144,0.0,0.8033917601062406,0.0006773359768810694,0.8952250990359165,0.28196530806883796,-0.002941591615296486,0.5275262187790297,0.2311900051916978,-2.787337749673339e-17,0.6
851,1784633513.4020653,0.0016223994389102775,-0.08142656881924733,0.24048962840475208,-0.00022127172285565737,0.726,0.001,0.891,0.989,-0.001,0.146,0.0,0.8033917601062406,0.0006773359768810694,0.8952250990359165,0.2794827049267934,-0.00290319968900954,0.5275624628573209,0.2311900051916978,-2.787337749673339e-17,0.6
853,1784633513.424042,0.0020945428833876205,0.02060423065084041,0.28415189445767347,-0.0006502466797940243,0.722,0.001,0.89,0.989,-0.001,0.147,0.0,0.8033917601062406,0.0006773359768810694,0.8952250990359165,0.27210673923862533,-0.0027758599119973087,0.5277157802582773,0.2311900051916978,-2.787337749673339e-17,0.6
855,1784633513.445184,0.0027173801151024178,-0.0797746195858743,0.23505294257211404,-0.0002817162804073729,0.715,0.001,0.89,0.989,-0.001,0.148,0.0,0.8033917601062406,0.0006773359768810694,0.8952250990359165,0.2636275381826551,-0.002607270029169458,0.5279629552101257,0.2311900051916978,-2.787337749673339e-17,0.6
855,1784633513.461281,-5.1370200320830905e-05,-0.08447594321723031,0.2649610975842387,-0.00026513514583771544,0.71,0.001,0.89,0.989,-0.001,0.149,0.0,0.7391631600543644,0.0005399187717279653,0.8912734472503638,0.2600413236563066,-0.002529735180253124,0.5280933310832407,0.2311900051916978,-2.787337749673339e-17,0.6
856,1784633513.4748778,-0.001605140169838612,0.01763585833853154,0.2644900599588525,-0.0007976454678330323,0.707,0.001,0.89,0.989,-0.001,0.149,0.0,0.7391631600543644,0.0005399187717279653,0.8912734472503638,0.2576657956485061,-0.002475344901742829,0.5281847029154934,0.2311900051916978,-2.787337749673339e-17,0.6
856,1784633513.5043309,-0.0022477811635727854,-0.058510034606487155,0.24239426063966527,-0.000356587191277155,0.705,0.0,0.89,0.989,-0.001,0.15,0.0,0.7391631600543644,0.0005399187717279653,0.8912734472503638,0.25178364807717596,-0.0023346999601217815,0.5284349475575714,0.2311900051916978,-2.787337749673339e-17,0.6
859,1784633513.5315335,-0.0021340931948512455,-0.06771040836959792,0.2591202509627441,-0.00031843273925604126,0.698,0.0,0.89,0.989,-0.001,0.15,0.0,0.7391631600543644,0.0005399187717279653,0.8912734472503638,0.24597854347509013,-0.002183219920142373,0.5287138939693256,0.2311900051916978,-2.787337749673339e-17,0.6
859,1784633513.5567842,-0.0009512274706796806,-0.059472218632472554,0.2465724610914,-0.00027483549219039935,0.693,0.001,0.89,0.989,-0.001,0.15,0.0,0.7391631600543644,0.0005399187717279653,0.8912734472503638,0.24138510226986437,-0.0020572054100096602,0.528951334940995,0.2311900051916978,-2.787337749673339e-17,0.6
861,1784633513.5846596,-0.0006076331538054723,-0.049956345523215706,0.2562884885677911,-0.00022680066992707907,0.689,0.001,0.89,0.989,-0.001,0.15,0.0,0.7391631600543644,0.0005399187717279653,0.8912734472503638,0.23571266394596926,-0.001896312359721394,0.5292662769551563,0.2311900051916978,-2.787337749673339e-17,0.6
861,1784633513.6105344,0.00044922479824307886,-0.04537021480067817,0.24949931011787033,-0.0002194781531539659,0.684,0.001,0.889,0.989,-0.001,0.15,0.0,0.7391631600543644,0.0005399187717279653,0.8912734472503638,0.2301097314316742,-0.0017387218021128106,0.5295770420848364,0.16745585476753466,-2.787337749673339e-17,0.6
864,1784633513.6364844,0.000999581214611083,-0.14418025968542783,0.24853665378368378,-0.0001527188563547413,0.677,0.001,0.889,0.989,-0.001,0.15,0.0,0.7391631600543644,0.0005399187717279653,0.8912734472503638,0.2223789925792615,-0.0015281304157192886,0.5300020760408304,0.16745585476753466,-2.787337749673339e-17,0.6
864,1784633513.6622863,0.004207391332617386,-0.04057633718949895,0.29105940195537927,-0.003723101655118539,0.67,0.001,0.888,0.989,-0.001,0.149,0.0,0.7391631600543644,0.0005399187717279653,0.8912734472503638,0.2136944251841879,-0.001305258127498042,0.5304826844958637,0.16745585476753466,-2.787337749673339e-17,0.6
866,1784633513.690656,0.0069274590499761165,-0.13946126326183766,0.23826838396242334,-0.0024326436974299406,0.663,0.001,0.888,0.989,-0.001,0.148,0.0,0.6868546506971527,0.0005053851102988303,0.8899269911115794,0.20623037080671297,-0.001140322191190305,0.5309061560585985,0.16745585476753466,-2.787337749673339e-17,0.6
866,1784633513.7241633,0.008903937407993081,-0.035974816263797935,0.26834261100010226,-0.001971604740192208,0.66,0.001,0.887,0.989,-0.001,0.148,0.0,0.6868546506971527,0.0005053851102988303,0.8899269911115794,0.20306792948509644,-0.00107520794435876,0.5310858618201647,0.16745585476753466,-2.787337749673339e-17,0.6
869,1784633513.7501502,0.013200117362971973,0.06490801177008376,0.26238754957377697,-0.004717578095391453,0.651,0.001,0.887,0.989,-0.001,0.147,0.0,0.6868546506971527,0.0005053851102988303,0.8899269911115794,0.19273890701682458,-0.0008633593692184866,0.5316947417774018,0.16745585476753466,-2.787337749673339e-17,0.6
869,1784633513.7670991,0.00961197884819856,0.06804468955228876,0.24898444363233316,-0.003141769745369208,0.646,0.001,0.886,0.989,-0.001,0.146,0.0,0.6868546506971527,0.0005053851102988303,0.8899269911115794,0.1857709495778885,-0.0007228900592276651,0.5321351407869067,0.16745585476753466,-2.787337749673339e-17,0.6
872,1784633513.8062682,0.008808317530831115,0.05884861333307756,0.2591109372365179,-0.0019293917465777635,0.643,0.001,0.886,0.989,-0.001,0.146,0.0,0.6868546506971527,0.0005053851102988303,0.8899269911115794,0.1828384006594774,-0.0006715271107764286,0.5323208950229319,0.16745585476753466,-2.787337749673339e-17,0.6
872,1784633513.836332,0.003974892558596449,0.15737693284788037,0.26792108409987453,-0.0017717952221207142,0.632,0.001,0.885,0.99,-0.0,0.144,0.0,0.6868546506971527,0.0005053851102988303,0.8899269911115794,0.16964110618140807,-0.0005625035105166788,0.533255813193086,0.16745585476753466,-2.787337749673339e-17,0.6
875,1784633513.8696356,-0.001019406904759883,0.05351217864408481,0.2384468911902116,0.00045863981339197297,0.628,0.001,0.884,0.99,-0.0,0.144,0.001,0.6868546506971527,0.0005053851102988303,0.8899269911115794,0.1651156573575832,-0.0005488554109140506,0.5335835392280766,0.11221667885205117,-2.787337749673339e-17,0.6
875,1784633513.8942924,-0.000677495421405381,-0.04782510063780762,0.2620847576108011,0.0018844053850143238,0.622,0.001,0.883,0.99,-0.0,0.144,0.001,0.6868546506971527,0.0005053851102988303,0.8899269911115794,0.15891202395944132,-0.0005728686303115954,0.5340331856958298,0.11221667885205117,-2.787337749673339e-17,0.6
878,1784633513.9247313,0.007437035346286369,0.053369881270235564,0.2682418338145635,0.003644461591472726,0.619,0.001,0.883,0.99,-0.0,0.144,0.001,0.6868546506971527,0.0005053851102988303,0.8899269911115794,0.15630949203002995,-0.0005887044583631247,0.5342188349092988,0.11221667885205117,-2.787337749673339e-17,0.6
878,1784633513.9565089,0.014727473548473636,0.0635958409412198,0.24738225862127372,0.003840750195772944,0.612,0.001,0.882,0.99,-0.0,0.145,0.001,0.6350883122655011,0.0007663372469775766,0.8844554459757482,0.14705743080150413,-0.0007291571071669305,0.5349502888756539,0.11221667885205117,-2.787337749673339e-17,0.6
881,1784633513.9824612,0.021136152713016075,0.16200414471879504,0.2798733113560005,0.003923946281298205,0.606,0.001,0.881,0.989,-0.0,0.146,0.001,0.6350883122655011,0.0007663372469775766,0.8844554459757482,0.13975734395209624,-0.0009218090823426791,0.5355157979307842,0.11221667885205117,-2.787337749673339e-17,0.6
881,1784633514.0089505,0.015083008712721774,0.05798066655793961,0.24238133055237868,0.00393582894028552,0.602,0.001,0.881,0.989,-0.0,0.147,0.001,0.6350883122655011,0.0007663372469775766,0.8844554459757482,0.13581977430126355,-0.0010454931189140797,0.5358106979592698,0.11221667885205117,-2.787337749673339e-17,0.6
884,1784633514.0330226,0.020938791132136952,0.15653113355444767,0.28483441222382044,0.00297031705743359,0.599,0.001,0.88,0.989,-0.0,0.147,0.001,0.6350883122655011,0.0007663372469775766,0.8844554459757482,0.13350261729435076,-0.0011236741841168826,0.5359816986238168,0.06688358612631207,-2.787337749673339e-17,0.6
884,1784633514.0558152,0.01486117644138689,0.05261801636786409,0.24331583614810245,0.0031012668690824073,0.596,0.001,0.879,0.989,-0.0,0.148,0.001,0.6350883122655011,0.0007663372469775766,0.8844554459757482,0.1282184565744265,-0.001314223851563456,0.5363507932635702,0.06688358612631207,-2.787337749673339e-17,0.6
886,1784633514.0829713,0.01174080664475297,0.06047894896063924,0.268190260232602,0.0026109193176516196,0.592,0.001,0.879,0.989,-0.0,0.149,0.001,0.6022042397778669,0.001252470717365685,0.880617543714628,0.12313782874991921,-0.0015099069540850736,0.5366900940382463,0.06688358612631207,-2.787337749673339e-17,0.6
886,1784633514.1032352,0.012418134250484707,-0.03973056480650701,0.240453542768385,0.0026777900457151307,0.589,0.002,0.878,0.989,-0.0,0.149,0.001,0.6022042397778669,0.001252470717365685,0.880617543714628,0.1203345982663083,-0.0016283109732962192,0.5368766097687342,0.06688358612631207,-2.787337749673339e-17,0.6
888,1784633514.1228802,0.010398299251022796,-0.11084755116663023,0.261588806997078,0.0025953354920893613,0.585,0.002,0.878,0.989,-0.0,0.15,0.001,0.6022042397778669,0.001252470717365685,0.880617543714628,0.11693001255176463,-0.0017836826590739063,0.5371025721621169,0.06688358612631207,-2.787337749673339e-17,0.6
889,1784633514.14367,0.011723603601892172,-0.018683614099693158,0.25394566071031394,0.0019381207840297612,0.583,0.002,0.877,0.989,-0.0,0.151,0.001,0.6022042397778669,0.001252470717365685,0.880617543714628,0.11493138248323173,-0.0018764213216302544,0.5372283369556152,0.06688358612631207,-2.787337749673339e-17,0.6
889,1784633514.1617868,0.0116154730647183,0.08177292903857494,0.2730652423632598,0.0008011115866659202,0.581,0.002,0.877,0.988,0.0,0.151,0.001,0.6022042397778669,0.001252470717365685,0.880617543714628,0.112969226421818,-0.0019683820131499697,0.5373462574193544,0.06688358612631207,-2.787337749673339e-17,0.6
891,1784633514.1867797,0.012261298189520372,0.03156158892761368,0.24689418899401716,0.0011100812990950891,0.578,0.002,0.876,0.988,0.0,0.152,0.001,0.6022042397778669,0.001252470717365685,0.880617543714628,0.10791850719593626,-0.00221105289032243,0.5376399427573301,0.06688358612631207,-2.787337749673339e-17,0.6
891,1784633514.2101603,0.009352995254606125,0.13076313241070872,0.2782244409400243,0.0005144165729504691,0.575,0.002,0.876,0.988,0.0,0.153,0.001,0.6022042397778669,0.001252470717365685,0.880617543714628,0.10608585276254094,-0.0023060045691730537,0.5377474268187719,0.06688358612631207,-2.787337749673339e-17,0.6
894,1784633514.2372463,0.010754288162529577,0.04264341850718237,0.24727520481026863,0.001016621910373904,0.573,0.002,0.875,0.988,0.0,0.153,0.001,0.6022042397778669,0.001252470717365685,0.880617543714628,0.10136093121339915,-0.0025502190562810604,0.538013001260032,0.06688358612631207,-2.787337749673339e-17,0.6
894,1784633514.262089,0.007669691095040364,0.1414971002451778,0.2769359461634134,0.0007324275846011574,0.57,0.002,0.875,0.988,0.0,0.153,0.001,0.6022042397778669,0.001252470717365685,0.880617543714628,0.09909295308584438,-0.002673930012197957,0.538141483518138,0.03261463008450199,-2.787337749673339e-17,0.6
896,1784633514.284082,0.011173967446383572,0.037964895724187944,0.24132099800550266,0.0015372471244346339,0.569,0.002,0.874,0.988,0.0,0.153,0.001,0.6022042397778669,0.001252470717365685,0.880617543714628,0.0958159848375453,-0.0028630862950573565,0.5383360969381604,0.03261463008450199,-2.787337749673339e-17,0.6
896,1784633514.3023965,0.0070224799042151766,0.13678897812243207,0.27995759425503863,0.0013122702168318582,0.567,0.002,0.874,0.988,0.0,0.154,0.001,0.6022042397778669,0.001252470717365685,0.880617543714628,0.09476183666387612,-0.002926869329007876,0.538403960643154,0.03261463008450199,-2.787337749673339e-17,0.6
898,1784633514.3172638,-0.010163552606488033,0.06964350543542697,0.24649982911497373,0.0004188789018396867,0.564,0.002,0.873,0.988,0.001,0.154,0.0,0.5718358497858598,0.0019502101877521202,0.8749070762501736,0.09170625171795317,-0.003117049999227125,0.5386112376147428,0.03261463008450199,-2.787337749673339e-17,0.6
899,1784633514.3366637,-0.012664629523449083,-0.030524804947406725,0.2587378929081867,0.0002615152741513019,0.563,0.002,0.873,0.988,0.001,0.155,0.0,0.5718358497858598,0.0019502101877521202,0.8749070762501736,0.08976372858399113,-0.003241735605376272,0.5387530108398485,0.03261463008450199,-2.787337749673339e-17,0.6
900,1784633514.3562894,-0.01382960266769695,-0.007777848068602426,0.25385849269689065,0.00033842550134501715,0.56,0.002,0.872,0.988,0.001,0.155,0.0,0.5718358497858598,0.0019502101877521202,0.8749070762501736,0.08698521392647558,-0.0034221185235624586,0.5389532058453989,0.03261463008450199,-2.787337749673339e-17,0.6
901,1784633514.3750699,-0.013334066215850463,-0.06506453867159731,0.2543409927045228,0.0003121184871834259,0.558,0.002,0.872,0.988,0.001,0.156,0.0,0.5718358497858598,0.0019502101877521202,0.8749070762501736,0.08480698379514183,-0.0035637882663099724,0.5391130501468263,0.03261463008450199,-2.787337749673339e-17,0.6
902,1784633514.4186506,-0.013075267966642018,-0.0369182715409409,0.2567060950815802,0.00040612863710455256,0.557,0.002,0.872,0.988,0.001,0.156,0.0,0.5718358497858598,0.0019502101877521202,0.8749070762501736,0.08355445904899403,-0.0036464497247543043,0.5392017659728567,0.03261463008450199,-2.787337749673339e-17,0.6
902,1784633514.4534426,-0.011307174858445596,-0.04795986676146956,0.25447535303095364,0.00039839032101987945,0.555,0.002,0.872,0.988,0.001,0.157,0.0,0.5718358497858598,0.0019502101877521202,0.8749070762501736,0.08116716484538575,-0.003809242263084832,0.5393614675001401,0.03261463008450199,-2.787337749673339e-17,0.6
906,1784633514.492697,-0.009661239471570925,-0.0599808980853959,0.256016716570183,0.00047162097014474954,0.553,0.002,0.871,0.988,0.001,0.158,0.0,0.5718358497858598,0.0019502101877521202,0.8749070762501736,0.07821874967921874,-0.004013836247083916,0.5395342596041659,0.03261463008450199,-2.787337749673339e-17,0.6
906,1784633514.5321229,-0.008439477195946168,-0.08877563816595228,0.2522780484337248,0.0005141607632211957,0.551,0.002,0.871,0.987,0.001,0.158,0.0,0.5718358497858598,0.0019502101877521202,0.8749070762501736,0.0755341244790816,-0.004183096129145673,0.539674547812998,0.010285226055691148,-2.787337749673339e-17,0.6
910,1784633514.573496,-0.007716050049440251,-0.05924194542131424,0.25757701384379533,0.0005917465340119978,0.549,0.002,0.87,0.987,0.001,0.158,0.0,0.5718358497858598,0.0019502101877521202,0.8749070762501736,0.07283930949394601,-0.004335524330058373,0.5397882592283564,0.010285226055691148,-2.787337749673339e-17,0.6
910,1784633514.6070726,-0.019054703965667642,0.04217980092211318,0.2646452954507297,0.001096391307617085,0.547,0.002,0.869,0.987,0.001,0.158,0.0,0.552514566204624,0.002378171087042336,0.8710324593134579,0.07049625666504024,-0.004452661731062189,0.5398515655693725,0.010285226055691148,-2.787337749673339e-17,0.6
914,1784633514.6413615,-0.025636707381264966,0.013527343854726384,0.24959486091630098,0.0008982798742040088,0.546,0.002,0.868,0.988,0.001,0.157,0.0,0.552514566204624,0.002378171087042336,0.8710324593134579,0.06831089283682244,-0.004554735669793419,0.5398520191574973,0.010285226055691148,-2.787337749673339e-17,0.6
914,1784633514.6729903,-0.02522039349523025,0.019106981419755163,0.2620446715820371,0.0010540419229999815,0.545,0.002,0.868,0.988,0.001,0.157,0.0,0.552514566204624,0.002378171087042336,0.8710324593134579,0.06722415463169495,-0.004599076669665328,0.5398234711987281,0.010285226055691148,-2.787337749673339e-17,0.6
917,1784633514.7054982,-0.0242056580487651,0.035168091505475244,0.2536648596133505,0.0010980010335859785,0.544,0.002,0.867,0.988,0.001,0.156,0.0,0.552514566204624,0.002378171087042336,0.8710324593134579,0.06632205443073352,-0.004629542668723588,0.5397780776688994,0.010285226055691148,-2.787337749673339e-17,0.6
917,1784633514.742518,-0.013297254724639234,0.005001813462434029,0.25831752196628344,0.0008976295508182762,0.544,0.002,0.867,0.988,0.0,0.156,0.0,0.552514566204624,0.002378171087042336,0.8710324593134579,0.06540823277880571,-0.004662622321164541,0.5396894373051869,0.0004657883399818365,-2.787337749673339e-17,0.6
920,1784633514.7846334,-0.008625123945644575,0.07671423885882443,0.25878425877234223,0.0008136799537664416,0.544,0.002,0.866,0.988,0.0,0.155,0.0,0.5444918996790309,0.0022909772366325205,0.8671014054379771,0.06477321366959461,-0.004692785703255755,0.5395392131191157,0.0004657883399818365,-2.787337749673339e-17,0.6
920,1784633514.8133898,-0.00716744167075199,0.06355249708420432,0.2578902813899048,0.0005856527435872541,0.544,0.002,0.865,0.988,0.0,0.155,0.0,0.5444918996790309,0.0022909772366325205,0.8671014054379771,0.0645635332704481,-0.004708554793712335,0.5393687058518379,0.0004657883399818365,-2.787337749673339e-17,0.6
924,1784633514.8366964,-0.005640769586764507,0.04189249620331251,0.2590860086663592,0.0004281929972871787,0.544,0.002,0.865,0.988,-0.0,0.155,0.0,0.5444918996790309,0.0022909772366325205,0.8671014054379771,0.0646568933798338,-0.004716625677878004,0.5391933360804773,0.0004657883399818365,-2.787337749673339e-17,0.6
924,1784633514.8636312,-0.0071312357452534055,0.0462932205960495,0.25686381504744893,0.0014099247691132587,0.545,0.002,0.864,0.988,-0.0,0.155,0.001,0.5444918996790309,0.0022909772366325205,0.8671014054379771,0.06482945184695901,-0.004721850457120935,0.5390827247515574,0.0004657883399818365,-2.787337749673339e-17,0.6
926,1784633514.8963172,-0.0069211900446872615,0.024285949594342854,0.25846869757471813,0.001984893882156534,0.545,0.002,0.864,0.988,-0.0,0.155,0.001,0.5444918996790309,0.0022909772366325205,0.8671014054379771,0.06516808719454853,-0.004729809547684991,0.5389351937410758,0.0004657883399818365,-2.787337749673339e-17,0.6
928,1784633514.9376738,-0.007421116557320962,0.00813157516409383,0.256974157339991,0.002341051365052269,0.546,0.002,0.863,0.988,-0.0,0.155,0.001,0.5444918996790309,0.0022909772366325205,0.8671014054379771,0.06575399591276442,-0.004740787271383393,0.5387467751663311,0.0004657883399818365,-2.787337749673339e-17,0.6
928,1784633514.978668,0.003515817029079906,-0.09204602807453274,0.25689874815786773,0.0022442717395223313,0.547,0.002,0.863,0.988,-0.001,0.156,0.001,0.5444918996790309,0.0022909772366325205,0.8671014054379771,0.06668452370616243,-0.004754418409707941,0.5385124149226654,0.0004657883399818365,-2.787337749673339e-17,0.6
932,1784633515.0066988,0.002331205865670224,-0.05177045729759083,0.2573398161263847,0.0023150175914537223,0.548,0.002,0.862,0.988,-0.001,0.156,0.001,0.5444918996790309,0.0022909772366325205,0.8671014054379771,0.0680708416320752,-0.004772632833281136,0.5382277345923472,0.0034071587280809436,-2.787337749673339e-17,0.6
932,1784633515.0465128,-0.00039546095651070553,-0.1504715490227828,0.25398429970203057,0.0023389775165778893,0.549,0.002,0.862,0.988,-0.001,0.156,0.001,0.5444918996790309,0.0022909772366325205,0.8671014054379771,0.06933267645531702,-0.0047881159145888195,0.5380045794805038,0.0034071587280809436,-2.787337749673339e-17,0.6
936,1784633515.0906353,0.008919830399661165,-0.048380437241618696,0.2619699855804042,0.0021382263411192093,0.551,0.002,0.861,0.988,-0.001,0.157,0.001,0.5467163828953274,0.0017766204050630552,0.8627765144112725,0.07103890067344722,-0.004806380901081269,0.5377359133098346,0.0034071587280809436,-2.787337749673339e-17,0.6
936,1784633515.1250234,8.060166989331055e-05,-0.14350644279821356,0.2506353318413261,0.002081134099799519,0.554,0.001,0.861,0.988,-0.001,0.157,0.001,0.5467163828953274,0.0017766204050630552,0.8627765144112725,0.07486101422162768,-0.004841914350088968,0.5372161225799242,0.0034071587280809436,-2.787337749673339e-17,0.6
940,1784633515.145399,0.0037620499461662616,-0.04103767247135419,0.2627568906314281,0.0021035544823434222,0.556,0.001,0.86,0.988,-0.001,0.156,0.001,0.5467163828953274,0.0017766204050630552,0.8627765144112725,0.07689891628626713,-0.004864538563214361,0.5369633956538169,0.0034071587280809436,-2.787337749673339e-17,0.6
940,1784633515.1663053,0.003377555561334786,-0.029172220864711385,0.25241764852697324,0.0021267183610703525,0.558,0.001,0.86,0.988,-0.001,0.156,0.001,0.5467163828953274,0.0017766204050630552,0.8627765144112725,0.07835078550493649,-0.004880775352356816,0.5367936599199705,0.0034071587280809436,-2.787337749673339e-17,0.6
942,1784633515.197067,0.005241325380113069,0.035605995983154684,0.26149619985924005,0.0021984001796989095,0.559,0.001,0.86,0.988,-0.001,0.155,0.001,0.5467163828953274,0.0017766204050630552,0.8627765144112725,0.07987885956459267,-0.0048974174418392954,0.536625403432407,0.0034071587280809436,-2.787337749673339e-17,0.6
942,1784633515.2188795,0.006203422752573786,0.08256069856743524,0.255026231942615,0.0022422396863642125,0.562,0.001,0.86,0.988,-0.001,0.154,0.001,0.5467163828953274,0.0017766204050630552,0.8627765144112725,0.08272964562334587,-0.004927504847593133,0.5363317233595508,0.01903419863907923,-2.787337749673339e-17,0.6
944,1784633515.2371671,-0.01026448621624316,-0.019502853473809798,0.2500515077374892,0.0010469302439361805,0.564,0.001,0.859,0.988,-0.001,0.154,0.0,0.5467163828953274,0.0017766204050630552,0.8627765144112725,0.08490379856341408,-0.0049486411097176015,0.5361257788382553,0.01903419863907923,-2.787337749673339e-17,0.6
945,1784633515.256938,0.004334569936418181,0.03292346845399746,0.2633581300476282,0.0003497014671264324,0.567,0.001,0.859,0.988,-0.001,0.153,0.0,0.5593524773785792,0.0011665780238960923,0.8597085116663141,0.08718861970323176,-0.004968290302112461,0.5359225799490246,0.01903419863907923,-2.787337749673339e-17,0.6
946,1784633515.2768056,0.005570836502111563,0.026542223141854702,0.25237066374214145,-4.17995071560006e-05,0.568,0.001,0.859,0.988,-0.001,0.152,0.0,0.5593524773785792,0.0011665780238960923,0.8597085116663141,0.08958662887986614,-0.004985006358389678,0.5357265791444337,0.01903419863907923,-2.787337749673339e-17,0.6
947,1784633515.299151,0.005157682768552001,0.012541683015004575,0.26027260111076794,-0.0003627773425215145,0.57,0.001,0.859,0.988,-0.001,0.152,0.0,0.5593524773785792,0.0011665780238960923,0.8597085116663141,0.09057698258291991,-0.004990691921050383,0.5356500992976592,0.01903419863907923,-2.787337749673339e-17,0.6
948,1784633515.3202338,0.008517942421794383,0.065589541734219,0.2561446327162956,-0.0004961152161919565,0.572,0.001,0.859,0.988,-0.001,0.152,0.0,0.5593524773785792,0.0011665780238960923,0.8597085116663141,0.09312713473393788,-0.005002027862458204,0.5354620706945382,0.01903419863907923,-2.787337749673339e-17,0.6
948,1784633515.339177,-0.004573903401591126,-0.0360495846560845,0.24731526711689802,-0.00022530913426778318,0.573,0.001,0.859,0.988,-0.001,0.152,0.0,0.5593524773785792,0.0011665780238960923,0.8597085116663141,0.0947089561389102,-0.005006592123950259,0.5353524640823668,0.01903419863907923,-2.787337749673339e-17,0.6
950,1784633515.3564346,0.0032761473880839904,-0.03303981175902783,0.2629709507004987,-0.00034842202176999665,0.575,0.001,0.858,0.988,-0.001,0.151,0.0,0.5593524773785792,0.0011665780238960923,0.8597085116663141,0.0963281815932295,-0.005009266906386718,0.5352444922803992,0.01903419863907923,-2.787337749673339e-17,0.6
951,1784633515.3780112,0.008252120316053848,0.01617014499979915,0.252758376986665,-0.0003980540881511827,0.579,0.001,0.858,0.989,-0.001,0.151,0.0,0.5593524773785792,0.0011665780238960923,0.8597085116663141,0.10025321189288126,-0.005007170546176642,0.5350013862496349,0.01903419863907923,-2.787337749673339e-17,0.6
952,1784633515.4134822,0.004146619349583639,-0.0721930926716742,0.25711306916506904,-0.00042866172469211875,0.58,0.001,0.858,0.989,-0.001,0.151,0.0,0.5593524773785792,0.0011665780238960923,0.8597085116663141,0.10141181276216489,-0.00500395074470615,0.5349344622290678,0.01903419863907923,-2.787337749673339e-17,0.6
952,1784633515.4371402,0.009568404062644123,0.026941717510646265,0.25828812767906895,-0.0004970551638358393,0.583,0.001,0.858,0.989,-0.001,0.151,0.0,0.5593524773785792,0.0011665780238960923,0.8597085116663141,0.10437377266455328,-0.004989768828827357,0.5347690471728793,0.01903419863907923,-2.787337749673339e-17,0.6
955,1784633515.4530632,0.0029576623068699338,-0.0720482602116048,0.2514892548290721,-0.0004960977861494935,0.586,0.0,0.858,0.989,-0.001,0.151,0.0,0.5593524773785792,0.0011665780238960923,0.8597085116663141,0.10805316622239045,-0.004963360588804337,0.5345757448550934,0.04694770856805507,-2.787337749673339e-17,0.6
955,1784633515.4732907,0.002320099530619753,-0.12008738692629098,0.25652768480647936,-0.00039024693878223426,0.588,0.0,0.858,0.989,-0.001,0.151,0.0,0.5593524773785792,0.0011665780238960923,0.8597085116663141,0.10930950365698054,-0.004952647097222256,0.5345126651688911,0.04694770856805507,-2.787337749673339e-17,0.6
957,1784633515.493124,-0.0015397219711415933,-0.06311712485634921,0.2572309886936072,-0.0003131943155787862,0.59,0.0,0.858,0.989,-0.001,0.151,0.0,0.5835641720804012,0.0005158747179198411,0.8579264051369316,0.11251657858304306,-0.0049217601008884025,0.5343584620874331,0.04694770856805507,-2.787337749673339e-17,0.6
957,1784633515.5160816,-0.012968476176563376,-0.16150426222805983,0.24278235657230574,-0.0003955794133948634,0.593,0.0,0.858,0.989,-0.001,0.151,0.0,0.5835641720804012,0.0005158747179198411,0.8579264051369316,0.11448742620815883,-0.004900486761974745,0.5342692107114728,0.04694770856805507,-2.787337749673339e-17,0.6
959,1784633515.542919,-0.003183097783184317,-0.08197443232746951,0.26714756625192115,-0.0004968696809667236,0.595,0.0,0.858,0.989,-0.001,0.151,0.0,0.5835641720804012,0.0005158747179198411,0.8579264051369316,0.11716999418386859,-0.00486880509499022,0.5341542028861128,0.04694770856805507,-2.787337749673339e-17,0.6
959,1784633515.5765731,0.002195202847915044,0.01821505765562527,0.25314566067838656,-0.0004350286406894368,0.598,0.0,0.858,0.989,-0.001,0.151,0.0,0.5835641720804012,0.0005158747179198411,0.8579264051369316,0.1206102734283175,-0.004823450925022735,0.5340157503600237,0.04694770856805507,-2.787337749673339e-17,0.6
962,1784633515.6055138,-0.012836092445616773,-0.08223921189063507,0.24257506079777003,0.0003565290454266356,0.605,0.0,0.858,0.989,-0.001,0.151,0.0,0.5835641720804012,0.0005158747179198411,0.8579264051369316,0.12558465144027336,-0.004748048273603117,0.533826413830022,0.04694770856805507,-2.787337749673339e-17,0.6
962,1784633515.6251454,-0.0026854666853536376,-0.10700692345000437,0.2644918062357978,-0.00029449381586129134,0.61,-0.0,0.858,0.989,-0.001,0.15,0.0,0.5835641720804012,0.0005158747179198411,0.8579264051369316,0.13150279078644103,-0.004643294480962158,0.5336212052367592,0.04694770856805507,-2.787337749673339e-17,0.6
965,1784633515.6455224,-0.0020185480842763977,-0.11299862761407543,0.24704322814406537,-0.00031303330909042794,0.612,-0.0,0.858,0.989,-0.001,0.15,0.0,0.5835641720804012,0.0005158747179198411,0.8579264051369316,0.13456759320143022,-0.004582577538987226,0.5335328025351891,0.04694770856805507,-2.787337749673339e-17,0.6
965,1784633515.6633232,0.002876514412569915,-0.015181645722382522,0.26426818680437136,-0.0003206197249320265,0.617,-0.0,0.858,0.989,-0.001,0.149,0.0,0.5835641720804012,0.0005158747179198411,0.8579264051369316,0.1384918661638149,-0.004498487606782521,0.5334315593924204,0.04694770856805507,-2.787337749673339e-17,0.6
966,1784633515.6789098,0.004315639362986574,0.045173535803820525,0.25246484619477405,-0.000345290197001952,0.619,-0.0,0.858,0.989,-0.001,0.149,0.0,0.5835641720804012,0.0005158747179198411,0.8579264051369316,0.14008865172236945,-0.00446255973536828,0.5333921353111241,0.08643462581037925,-2.787337749673339e-17,0.6
967,1784633515.7121887,0.004359432596224543,0.059573387888563326,0.26110098876378235,-0.0003640420083489692,0.621,-0.0,0.858,0.989,-0.001,0.149,0.0,0.5835641720804012,0.0005158747179198411,0.8579264051369316,0.14251432754538937,-0.004406319548052142,0.5333350348977783,0.08643462581037925,-2.787337749673339e-17,0.6
967,1784633515.7414212,-0.00930655642859397,-0.04191115974125907,0.22955683377324326,0.0013588416730918808,0.627,-0.0,0.858,0.989,-0.001,0.148,0.0,0.5835641720804012,0.0005158747179198411,0.8579264051369316,0.14831361165953036,-0.004264770860510194,0.5332082187426231,0.08643462581037925,-2.787337749673339e-17,0.6
970,1784633515.7716851,-0.011515323136370586,-0.14086114202769223,0.248541882607886,-0.0010087295110471806,0.634,-0.001,0.858,0.989,-0.001,0.147,0.0,0.5835641720804012,0.0005158747179198411,0.8579264051369316,0.155157974512164,-0.004087170639779743,0.5330596569063495,0.08643462581037925,-2.787337749673339e-17,0.6
970,1784633515.7980072,-0.009529500256967008,-0.037430895706304354,0.2671720596332727,-0.0007985045946614414,0.638,-0.001,0.858,0.989,-0.001,0.147,0.0,0.6193612397242724,-0.00023371787107116706,0.8577155616163821,0.1595546881486207,-0.00397237844140088,0.5329714584815349,0.08643462581037925,-2.787337749673339e-17,0.6
973,1784633515.8194447,-0.012338573326194563,-0.13648716822109763,0.24721490221552322,-0.0008887695868367329,0.645,-0.001,0.858,0.989,-0.001,0.146,0.0,0.6193612397242724,-0.00023371787107116706,0.8577155616163821,0.16587327041820996,-0.003810429919658533,0.5328573735644501,0.08643462581037925,-2.787337749673339e-17,0.6
973,1784633515.8466082,-0.011761342079241541,-0.14730739921109856,0.2621194282668272,-0.0006704256641734234,0.647,-0.001,0.858,0.989,-0.001,0.146,0.0,0.6193612397242724,-0.00023371787107116706,0.8577155616163821,0.16955408381584183,-0.0037209309062751672,0.5327861308378101,0.08643462581037925,-2.787337749673339e-17,0.6
976,1784633515.877163,-0.012040130701051012,-0.16464268473584492,0.25066230090260216,-0.0004412975611242223,0.654,-0.001,0.857,0.989,-0.001,0.146,0.0,0.6193612397242724,-0.00023371787107116706,0.8577155616163821,0.17516940580149193,-0.003590906133232538,0.5326719141088421,0.08643462581037925,-2.787337749673339e-17,0.6
976,1784633515.9133484,-0.018443426319396664,-0.2605175510810703,0.2349547484869252,-0.0010100532167923231,0.661,-0.001,0.857,0.989,-0.001,0.146,0.0,0.6193612397242724,-0.00023371787107116706,0.8577155616163821,0.18188907568046947,-0.0034472855362951286,0.5325461076272455,0.08643462581037925,-2.787337749673339e-17,0.6
979,1784633515.9428136,-0.016601876598150482,-0.35399551506104504,0.24883755508290128,-0.0020386740134133805,0.666,-0.001,0.857,0.989,-0.001,0.145,0.0,0.6193612397242724,-0.00023371787107116706,0.8577155616163821,0.18679957495395955,-0.003347465047009342,0.5324536047902954,0.08643462581037925,-2.787337749673339e-17,0.6
979,1784633515.9706924,-0.008460036834065099,-0.24514563687925273,0.29060998792969306,-0.0022767517776234726,0.671,-0.001,0.857,0.989,-0.001,0.145,0.0,0.6193612397242724,-0.00023371787107116706,0.8577155616163821,0.19180605677343704,-0.0032482025187079338,0.532363236924597,0.13648623995743941,-2.787337749673339e-17,0.6
982,1784633515.9995327,-0.0065000325967125554,-0.13917173038149727,0.2504188624843608,-0.0009189136759424964,0.677,-0.001,0.857,0.99,-0.001,0.144,0.0,0.6193612397242724,-0.00023371787107116706,0.8577155616163821,0.1979266795392283,-0.003130287142916408,0.5322523954810612,0.13648623995743941,-2.787337749673339e-17,0.6
982,1784633516.029587,-0.007459208438614344,-0.03569392672113564,0.26941576259623196,-0.0001924015876796413,0.683,-0.001,0.856,0.99,-0.001,0.143,0.0,0.6655977223788214,-0.0010862033894814336,0.8575935883657468,0.20310509108044048,-0.0030367805921642714,0.5321516215281491,0.13648623995743941,-2.787337749673339e-17,0.6
985,1784633516.0625155,-0.009079883256037903,-0.03448812349255724,0.24932539301939521,-0.00028380922029822264,0.688,-0.001,0.856,0.99,-0.001,0.141,0.0,0.6655977223788214,-0.0010862033894814336,0.8575935883657468,0.2094266181154349,-0.0029280995944644273,0.5320370103075074,0.13648623995743941,-2.787337749673339e-17,0.6
985,1784633516.095698,-0.009678782538820797,-0.001137974166267118,0.2630319359430934,-0.00023294492263648204,0.696,-0.002,0.856,0.99,-0.001,0.138,0.0,0.6655977223788214,-0.0010862033894814336,0.8575935883657468,0.21480677086254166,-0.002831892491270844,0.5319715260233702,0.13648623995743941,-2.787337749673339e-17,0.6
988,1784633516.12175,-0.009981526760100546,-0.10101075109473892,0.2322621699405137,0.00027835021223492534,0.703,-0.002,0.856,0.991,-0.001,0.135,0.001,0.6655977223788214,-0.0010862033894814336,0.8575935883657468,0.22363605701335248,-0.0026718629883224604,0.5319213703843146,0.13648623995743941,-2.787337749673339e-17,0.6
988,1784633516.1484115,-0.01017696703598908,-0.19848546240618398,0.25501866308868515,0.00021788780127280635,0.708,-0.002,0.856,0.991,-0.001,0.133,0.001,0.6655977223788214,-0.0010862033894814336,0.8575935883657468,0.2281507353338105,-0.002591917260124296,0.5319154488548361,0.13648623995743941,-2.787337749673339e-17,0.6
991,1784633516.1776037,-0.008152315147847965,-0.09511710544087132,0.2554758425346114,0.0012469899275439722,0.715,-0.002,0.856,0.991,-0.001,0.131,0.001,0.6655977223788214,-0.0010862033894814336,0.8575935883657468,0.23619041121435516,-0.0024554023456995477,0.5319250130709631,0.13648623995743941,-2.787337749673339e-17,0.6
991,1784633516.2111242,-0.007148584799334438,-0.06576992182037708,0.25440771667810225,0.0018575139968014965,0.72,-0.002,0.856,0.992,-0.001,0.13,0.001,0.6655977223788214,-0.0010862033894814336,0.8575935883657468,0.2420334081002526,-0.0023632067848293205,0.5319414164595723,0.1958239608410498,-2.787337749673339e-17,0.6
994,1784633516.2503915,-0.005868928143679224,-0.07386071294511652,0.25486166485274253,0.0020619704648723054,0.729,-0.002,0.855,0.992,-0.001,0.128,0.001,0.6655977223788214,-0.0010862033894814336,0.8575935883657468,0.24912150079434803,-0.002256567760344047,0.5319451364916425,0.1958239608410498,-2.787337749673339e-17,0.6
994,1784633516.2934387,0.01640772325300647,0.02798523383391051,0.27089984799481165,0.002489602315440367,0.738,-0.002,0.855,0.992,-0.002,0.126,0.001,0.7188168068487641,-0.0018379261174566242,0.8560990176556491,0.258702942019511,-0.002119222460175836,0.5319361783675448,0.1958239608410498,-2.787337749673339e-17,0.6
998,1784633516.3334196,0.017908052849014797,-0.04401183073086057,0.24557194146377598,0.0029499459554817777,0.748,-0.002,0.855,0.992,-0.002,0.125,0.001,0.7188168068487641,-0.0018379261174566242,0.8560990176556491,0.2696677036464168,-0.0019737419912336978,0.5319180114823103,0.1958239608410498,-2.787337749673339e-17,0.6
998,1784633516.3618672,0.014899773111663257,-0.14290120602455514,0.2298963940228045,0.01037220168993467,0.757,-0.002,0.855,0.992,-0.002,0.124,0.001,0.7188168068487641,-0.0018379261174566242,0.8560990176556491,0.2783349617242791,-0.0018500480092731911,0.5318963729668871,0.1958239608410498,-2.787337749673339e-17,0.6
1001,1784633516.3905334,0.01629665827057633,-0.08834294998859916,0.2737011421294316,0.006729916047723365,0.766,-0.002,0.855,0.992,-0.002,0.123,0.001,0.7188168068487641,-0.0018379261174566242,0.8560990176556491,0.28841342416160215,-0.0017078485036912713,0.5319102277518324,0.1958239608410498,-2.787337749673339e-17,0.6
1001,1784633516.4159718,0.015598606906013723,-0.12266404019714068,0.2417533752370294,0.004821969248808738,0.775,-0.002,0.856,0.992,-0.002,0.123,0.001,0.7188168068487641,-0.0018379261174566242,0.8560990176556491,0.29352456760848505,-0.0016458101270171292,0.5319345513392644,0.1958239608410498,-2.787337749673339e-17,0.6
1004,1784633516.4438612,0.009991928709387872,-0.2195838555110936,0.22694253373809328,0.008255303420753647,0.778,-0.002,0.856,0.992,-0.002,0.122,0.001,0.7188168068487641,-0.0018379261174566242,0.8560990176556491,0.2986675039891347,-0.0015852555545784947,0.5319593665861744,0.1958239608410498,-2.787337749673339e-17,0.6
1004,1784633516.4699876,0.011951202595217359,-0.12868464680850977,0.2705043017699202,0.005226833763328975,0.783,-0.002,0.856,0.993,-0.002,0.122,0.001,0.7188168068487641,-0.0018379261174566242,0.8560990176556491,0.30770088172948423,-0.0014731050379155537,0.5319843695195549,0.26293198067324547,-2.787337749673339e-17,0.6
1007,1784633516.4940827,0.01193565849299836,-0.1423561674256198,0.2413519431353518,0.002574731337478204,0.79,-0.002,0.856,0.993,-0.002,0.122,0.0,0.7188168068487641,-0.0018379261174566242,0.8560990176556491,0.31029105690456177,-0.001441331999462004,0.5319877189491222,0.26293198067324547,-2.787337749673339e-17,0.6
1007,1784633516.5238333,0.022392123682232354,-0.23879678692862388,0.23929431596068998,0.0022550801030644073,0.795,-0.002,0.856,0.993,-0.002,0.121,0.0,0.779651830920919,-0.0022082592096874794,0.8558157218598434,0.31418454897527787,-0.001396434483568917,0.5319869357097219,0.26293198067324547,-2.787337749673339e-17,0.6
1009,1784633516.5499797,0.024935858083351255,-0.133039881929527,0.2701112624392556,0.00014880987853190105,0.803,-0.002,0.856,0.993,-0.002,0.121,0.0,0.779651830920919,-0.0022082592096874794,0.8558157218598434,0.3232896739730276,-0.0012998238109825633,0.5319518456545876,0.26293198067324547,-2.787337749673339e-17,0.6
1009,1784633516.5742335,0.028433124454342793,-0.02973365473630174,0.2513740048816755,-0.0013775416791642987,0.81,-0.002,0.856,0.993,-0.002,0.12,0.0,0.779651830920919,-0.0022082592096874794,0.8558157218598434,0.33243996892017763,-0.0012190895256052505,0.5318860936849605,0.26293198067324547,-2.787337749673339e-17,0.6
1012,1784633516.600542,0.012175452008756315,-0.12898960841678087,0.2404618021135749,0.008066548968330173,0.818,-0.002,0.856,0.993,-0.001,0.119,0.0,0.779651830920919,-0.0022082592096874794,0.8558157218598434,0.34031496002236844,-0.0011540046629602816,0.5318152641448853,0.26293198067324547,-2.787337749673339e-17,0.6
1012,1784633516.6173022,0.013774502662658554,-0.046157433604655476,0.2682166257942452,0.004620048065603814,0.83,-0.002,0.856,0.993,-0.001,0.117,0.0,0.779651830920919,-0.0022082592096874794,0.8558157218598434,0.35345821560944474,-0.0010670669208877558,0.5316263828851712,0.26293198067324547,-2.787337749673339e-17,0.6
1014,1784633516.6491692,0.014567759593355423,-0.017135853072012656,0.24625341355545816,0.0022576919651555987,0.835,-0.002,0.856,0.993,-0.001,0.115,0.0,0.779651830920919,-0.0022082592096874794,0.8558157218598434,0.35740608389819556,-0.001041045720240792,0.5315582262680163,0.26293198067324547,-2.787337749673339e-17,0.6
1014,1784633516.6850684,0.014325790378464336,0.0824087061565023,0.2684602643331028,0.0003566887005637374,0.844,-0.002,0.856,0.994,-0.001,0.113,0.0,0.779651830920919,-0.0022082592096874794,0.8558157218598434,0.36399706050047437,-0.001003824839105077,0.5314395703237047,0.26293198067324547,-2.787337749673339e-17,0.6
1017,1784633516.7178407,0.01416194597400991,0.034246095130655074,0.2449172803328938,-0.00014170914888548668,0.856,-0.002,0.855,0.994,-0.001,0.11,0.0,0.779651830920919,-0.0022082592096874794,0.8558157218598434,0.3785433282734407,-0.0009513813595068085,0.5311534331770462,0.33609599601294793,-2.787337749673339e-17,0.6
1019,1784633516.7553318,0.010294788604637487,-0.06660254158079404,0.2396009299112633,0.004447184561549388,0.866,-0.002,0.855,0.994,-0.001,0.108,0.0,0.779651830920919,-0.0022082592096874794,0.8558157218598434,0.3891816496952508,-0.0009466395748558825,0.5309395262387817,0.33609599601294793,-2.787337749673339e-17,0.6
1019,1784633516.781229,0.014175511989993403,-0.07436389310105708,0.26547238775399473,0.002673629380460294,0.877,-0.002,0.855,0.994,-0.001,0.107,0.0,0.779651830920919,-0.0022082592096874794,0.8558157218598434,0.39853337237961034,-0.0010031755359139712,0.5308085504238226,0.33609599601294793,-2.787337749673339e-17,0.6
1022,1784633516.7978911,0.004532704501966555,-0.050212842395716786,0.24807740128636846,0.0013011578506608441,0.885,-0.002,0.855,0.994,-0.0,0.106,-0.0,0.8444419569703179,-0.002042752375397583,0.8556394092148378,0.4065680517106925,-0.001100076713279814,0.530737556808421,0.33609599601294793,-2.787337749673339e-17,0.6
1023,1784633516.8160152,0.0039944731606599004,0.05103745640477493,0.2671440582833339,0.0004231117421329188,0.889,-0.002,0.855,0.994,-0.0,0.106,-0.0,0.8444419569703179,-0.002042752375397583,0.8556394092148378,0.4119285465313436,-0.0011752786706343218,0.5306888626891563,0.33609599601294793,-2.787337749673339e-17,0.6
1024,1784633516.8461337,0.004207879721664239,-0.04173477393846951,0.2464361945064003,9.717654491394278e-05,0.893,-0.002,0.855,0.994,-0.0,0.106,-0.0,0.8444419569703179,-0.002042752375397583,0.8556394092148378,0.41460771674659846,-0.001216339670012111,0.5306626584885259,0.33609599601294793,-2.787337749673339e-17,0.6
1024,1784633516.8793395,0.0048062129056890696,-0.08683538663992105,0.2615734982992358,-0.0001349436890516763,0.901,-0.002,0.855,0.994,-0.0,0.106,-0.0,0.8444419569703179,-0.002042752375397583,0.8556394092148378,0.421308158009064,-0.001323556718155762,0.5305923437185575,0.33609599601294793,-2.787337749673339e-17,0.6
1027,1784633516.9112184,0.007483771659992477,-0.1182677371914991,0.24908104038196727,-0.00021085234837624987,0.913,-0.002,0.855,0.994,-0.0,0.106,-0.0,0.8444419569703179,-0.002042752375397583,0.8556394092148378,0.434752172412201,-0.0015662982224562776,0.5304609673070065,0.33609599601294793,-2.787337749673339e-17,0.6
1027,1784633516.936003,0.008233092694193605,-0.12078491624716106,0.2580735427866892,-0.0002873128347904673,0.919,-0.002,0.855,0.994,-0.0,0.106,-0.0,0.8444419569703179,-0.002042752375397583,0.8556394092148378,0.4415040320575034,-0.0017068213837740382,0.5304075696445519,0.41344700039008575,-2.787337749673339e-17,0.6
1030,1784633516.9593663,0.014625530831431649,-0.2177631064139185,0.22309422412620106,0.0019989675622141627,0.925,-0.001,0.855,0.994,0.0,0.106,-0.0,0.8444419569703179,-0.002042752375397583,0.8556394092148378,0.4455660448479999,-0.0017967573446993365,0.5303795469801141,0.41344700039008575,-2.787337749673339e-17,0.6
1030,1784633516.9889646,0.01428447604885668,-0.31231885229522316,0.248011091151497,0.0032774974209025774,0.936,-0.001,0.855,0.994,0.0,0.105,-0.0,0.8444419569703179,-0.002042752375397583,0.8556394092148378,0.4591807138182976,-0.0021046387774749263,0.5303278836005448,0.41344700039008575,-2.787337749673339e-17,0.6
1033,1784633517.021231,0.01623339206561423,-0.3535849653874146,0.2319920205050011,0.0032327508389520306,0.945,-0.001,0.855,0.994,0.0,0.105,-0.0,0.8444419569703179,-0.002042752375397583,0.8556394092148378,0.46601627518558153,-0.002252174628283867,0.5303309420148505,0.41344700039008575,-2.787337749673339e-17,0.6
1033,1784633517.0529468,0.004363549655251941,-0.2447454983474422,0.27619075890379324,-0.0005028992079530318,0.954,-0.001,0.855,0.995,0.0,0.104,-0.0,0.9104503361965193,-0.00156838395658175,0.8547890430400228,0.4755589105666787,-0.002459443075753941,0.5303821995941306,0.41344700039008575,-2.787337749673339e-17,0.6
1036,1784633517.0773726,0.0037437464782152114,-0.1389276951216397,0.2462949672413457,-0.00037232812827866406,0.962,-0.001,0.855,0.995,0.0,0.103,-0.0,0.9104503361965193,-0.00156838395658175,0.8547890430400228,0.4836995392956218,-0.0026449475857006914,0.5304267421745105,0.41344700039008575,-2.787337749673339e-17,0.6
1036,1784633517.0997117,0.001943945683364228,-0.0354574930724592,0.263825500314553,-0.0004276443031464213,0.972,-0.001,0.855,0.995,0.0,0.101,-0.0,0.9104503361965193,-0.00156838395658175,0.8547890430400228,0.4918214078523095,-0.002827192659733186,0.5304391354193834,0.41344700039008575,-2.787337749673339e-17,0.6
1038,1784633517.1216624,0.002360034347029071,-0.13457088797735842,0.23433472309980546,-0.0004259996867444633,0.977,-0.001,0.855,0.995,0.0,0.1,-0.0,0.9104503361965193,-0.00156838395658175,0.8547890430400228,0.49859739478585036,-0.002983058660845642,0.5304323459612504,0.41344700039008575,-2.787337749673339e-17,0.6
1038,1784633517.144258,-0.0008383081339723821,-0.031206620191751633,0.2784762561399564,-0.00040665966856424495,0.986,-0.001,0.855,0.995,0.0,0.097,-0.0,0.9104503361965193,-0.00156838395658175,0.8547890430400228,0.506779872955648,-0.0031672483649468437,0.5304410861254878,0.4930090288856198,-2.787337749673339e-17,0.6
1040,1784633517.1679118,0.00071561644699419,0.06957228969092413,0.2476097098124563,0.00021695742678579013,0.994,-0.001,0.855,0.996,0.0,0.093,-0.0,0.9104503361965193,-0.00156838395658175,0.8547890430400228,0.5150066517559626,-0.003326550822886275,0.5304876146637959,0.4930090288856198,-2.787337749673339e-17,0.6
1042,1784633517.1926408,0.0008078938500163187,0.15723359324465558,0.25926229258263006,-0.00013492734434765344,0.998,-0.001,0.855,0.996,0.0,0.091,-0.0,0.9104503361965193,-0.00156838395658175,0.8547890430400228,0.5205194111263601,-0.003427269852304894,0.5305220881022294,0.4930090288856198,-2.787337749673339e-17,0.6
1042,1784633517.2202005,0.00022671395335609234,0.16247376350698908,0.25006381088448665,-0.0002045569448546033,1.005,-0.001,0.855,0.996,0.0,0.089,-0.0,0.9104503361965193,-0.00156838395658175,0.8547890430400228,0.523281454517692,-0.0034757867889202683,0.5305356268270349,0.4930090288856198,-2.787337749673339e-17,0.6
1044,1784633517.2463157,-0.010244583866091223,0.1571095703540938,0.25593079085989034,-0.00028107354214816963,1.011,-0.001,0.856,0.996,0.001,0.086,-0.0,0.9104503361965193,-0.00156838395658175,0.8547890430400228,0.5329834501186633,-0.0036473577886479824,0.530586534241434,0.4930090288856198,-2.787337749673339e-17,0.6
1044,1784633517.2730925,-0.010569427279328813,0.1457846038488278,0.251118374635965,-0.0001517203264683263,1.015,-0.001,0.856,0.996,0.001,0.085,-0.0,0.9104503361965193,-0.00156838395658175,0.8547890430400228,0.53993883376175,-0.003777522295467911,0.5306320426151494,0.4930090288856198,-2.787337749673339e-17,0.6
1047,1784633517.3028173,-0.009538332876010564,0.10739215515780487,0.2535651207203076,-4.824789305621566e-05,1.026,-0.001,0.856,0.997,0.001,0.082,-0.0,0.9104503361965193,-0.00156838395658175,0.8547890430400228,0.5483082445459263,-0.0039505453931765145,0.53068508969681,0.4930090288856198,-2.787337749673339e-17,0.6
1047,1784633517.3315957,-0.012977439685552308,0.20470493657650285,0.2605147385269207,0.000320921755130032,1.037,-0.001,0.857,0.997,0.001,0.081,-0.0,0.9778346866626108,-0.0010724660884800412,0.8543588864430212,0.5594954791286468,-0.004202840164980588,0.530741005218624,0.4930090288856198,-2.787337749673339e-17,0.6
1050,1784633517.3571262,-0.011425675898023204,0.09958809907946219,0.25113664312968464,-0.004621428625508093,1.045,-0.001,0.858,0.997,0.001,0.081,-0.0,0.9778346866626108,-0.0010724660884800412,0.8543588864430212,0.5693101153474123,-0.004434685928602568,0.5307659817096722,0.4930090288856198,-2.787337749673339e-17,0.6
1050,1784633517.3881419,-0.011458568968130906,0.12652628831319504,0.25711920929289256,-0.0027648214502680258,1.054,-0.001,0.859,0.997,0.001,0.082,-0.0,0.9778346866626108,-0.0010724660884800412,0.8543588864430212,0.5777336908111119,-0.004629969806891177,0.5307681899088252,0.5727496350114826,-2.787337749673339e-17,0.6
1053,1784633517.4241908,-0.012186709826756823,0.16212074484492717,0.25483711030310086,-0.0015530852326487766,1.063,-0.001,0.86,0.997,0.001,0.083,-0.0,0.9778346866626108,-0.0010724660884800412,0.8543588864430212,0.5875728152193842,-0.004856251684944649,0.5307608904025664,0.5727496350114826,-2.787337749673339e-17,0.6
1053,1784633517.468639,-0.009589766031924319,0.05806801253056103,0.25375066123439627,-0.009084867712492867,1.072,-0.001,0.861,0.996,0.001,0.085,-0.0,0.9778346866626108,-0.0010724660884800412,0.8543588864430212,0.5960209789529818,-0.005048265857492358,0.5307516251376689,0.5727496350114826,-2.787337749673339e-17,0.6
1057,1784633517.496387,0.011378356455002637,-0.04338342682105861,0.2201346195270072,-0.03151668867470034,1.086,-0.001,0.863,0.996,0.0,0.089,-0.0,0.9778346866626108,-0.0010724660884800412,0.8543588864430212,0.6115268012263224,-0.005384702631500699,0.5307207007769232,0.5727496350114826,-2.787337749673339e-17,0.6
1057,1784633517.5281007,0.0031036374921180766,-0.05081409314575182,0.2645872167525967,-0.018203334275170097,1.093,-0.001,0.864,0.996,0.0,0.091,-0.0,1.046251937683937,-0.0007668012324096437,0.8574613540671471,0.6214055057928414,-0.00559146964349745,0.530702468490413,0.5727496350114826,-2.787337749673339e-17,0.6
1060,1784633517.5810409,0.002085352549561551,-0.14952317773357637,0.2364906534927621,-0.010017348919663861,1.102,-0.001,0.865,0.996,0.0,0.093,-0.0,1.046251937683937,-0.0007668012324096437,0.8574613540671471,0.6312881046164196,-0.005791736639439595,0.5306897796131973,0.5727496350114826,-2.787337749673339e-17,0.6
1060,1784633517.6295233,-0.00032327059044444037,-0.04578935099306297,0.27389503839022666,-0.005130078650933839,1.117,-0.001,0.868,0.995,0.0,0.096,0.0,1.046251937683937,-0.0007668012324096437,0.8574613540671471,0.6481213257175947,-0.006110692860681055,0.5306278300724321,0.5727496350114826,-2.787337749673339e-17,0.6
1065,1784633517.6521153,-0.003353079624565721,-0.14464278512689754,0.23304948064128833,-0.0018538723749948667,1.131,-0.001,0.87,0.995,0.0,0.098,0.0,1.046251937683937,-0.0007668012324096437,0.8574613540671471,0.6633845098084206,-0.0063195658007314135,0.5305445570821011,0.6506318104366712,-2.787337749673339e-17,0.6
1065,1784633517.6692564,-0.003416893600862608,-0.04488057457113204,0.2677164208376854,6.632319859384956e-05,1.138,-0.001,0.87,0.995,0.0,0.098,0.0,1.046251937683937,-0.0007668012324096437,0.8574613540671471,0.6716233160451682,-0.006372687915269653,0.5305040271683856,0.6506318104366712,-2.787337749673339e-17,0.6
1067,1784633517.6842303,-0.005918339419701744,-0.14331270101265206,0.2345117466050311,0.002473210723684085,1.148,-0.001,0.872,0.995,0.0,0.098,0.001,1.046251937683937,-0.0007668012324096437,0.8574613540671471,0.679790310377756,-0.006394059176781219,0.5304493903345588,0.6506318104366712,-2.787337749673339e-17,0.6
1067,1784633517.6988578,-0.0127203384414874,-0.23972052896016588,0.22159206699971443,0.0031406038631218466,1.152,-0.001,0.872,0.995,0.0,0.097,0.001,1.1069220644440931,-0.0007843010739435928,0.8661080645971576,0.6865723268741121,-0.006396826536003417,0.5304124078101791,0.6506318104366712,-2.787337749673339e-17,0.6
1067,1784633517.7139142,-0.014089574895792394,-0.3337206528173973,0.2397097432917048,0.0037828130750110645,1.156,-0.001,0.872,0.995,0.0,0.097,0.001,1.1069220644440931,-0.0007843010739435928,0.8661080645971576,0.6906359842032304,-0.006388222926960859,0.5304053265019748,0.6506318104366712,-2.787337749673339e-17,0.6
1069,1784633517.7346797,-0.005819596551638507,-0.22592978707178077,0.25761754436370277,0.003973122956879164,1.167,-0.001,0.874,0.995,0.0,0.096,0.001,1.1069220644440931,-0.0007843010739435928,0.8661080645971576,0.7027878568847827,-0.006352549158198318,0.5303911611647215,0.6506318104366712,-2.787337749673339e-17,0.6
1070,1784633517.7544045,-0.0038230792055151193,-0.12049921868731664,0.25043187391275845,0.003937963585197241,1.172,-0.001,0.874,0.996,0.0,0.095,0.001,1.1069220644440931,-0.0007843010739435928,0.8661080645971576,0.7081607398087146,-0.006332608827110792,0.5303795244034861,0.7246660212475949,-2.787337749673339e-17,0.6
1071,1784633517.7761369,-0.005436407967756473,-0.1776875986616786,0.2488788300077334,0.003664806671062283,1.178,-0.001,0.875,0.996,0.0,0.094,0.001,1.1069220644440931,-0.0007843010739435928,0.8661080645971576,0.7148210676691503,-0.006303166178141726,0.5303595149454997,0.7246660212475949,-2.787337749673339e-17,0.6
1072,1784633517.7961566,-0.0026825806695156412,-0.07326256765673154,0.257022993882726,0.0034627216361325305,1.184,-0.001,0.876,0.996,0.0,0.092,0.001,1.1069220644440931,-0.0007843010739435928,0.8661080645971576,0.7214278026098804,-0.006275602115261232,0.530339492338379,0.7246660212475949,-2.787337749673339e-17,0.6
1073,1784633517.8152492,-0.004367943380454303,-0.1510891370213625,0.2442941916280059,0.003033506222120876,1.188,-0.001,0.876,0.996,0.0,0.091,0.001,1.1069220644440931,-0.0007843010739435928,0.8661080645971576,0.7240596162532118,-0.006263448254672179,0.5303300924981239,0.7246660212475949,-2.787337749673339e-17,0.6
1074,1784633517.834771,-0.002079590627941644,-0.04737281893603848,0.2600881034703003,0.0029167923457296134,1.191,-0.001,0.876,0.996,0.0,0.09,0.001,1.1069220644440931,-0.0007843010739435928,0.8661080645971576,0.7293061067567694,-0.006235042633999555,0.5303096584817525,0.7246660212475949,-2.787337749673339e-17,0.6
1075,1784633517.853596,-0.012060057912343727,-0.14618655377449702,0.22254317947727642,0.0014779928497704964,1.196,-0.001,0.877,0.996,0.0,0.089,0.001,1.1069220644440931,-0.0007843010739435928,0.8661080645971576,0.7358339350730164,-0.006197052783654943,0.5302863651995651,0.7246660212475949,-2.787337749673339e-17,0.6
1076,1784633517.8757415,-0.012872227055798609,-0.24252878891223473,0.24701996157545553,-0.0001402589575723453,1.204,-0.001,0.877,0.996,-0.0,0.087,0.001,1.1069220644440931,-0.0007843010739435928,0.8661080645971576,0.7423309310256129,-0.006155262206122557,0.5302658992513752,0.7246660212475949,-2.787337749673339e-17,0.6
1077,1784633517.895167,-0.006970221638153268,-0.17574781202056144,0.2510041530858669,0.000827099938791725,1.209,-0.002,0.878,0.996,-0.0,0.086,0.001,1.17089383039469,-0.0011764879848658021,0.8737201424025662,0.7462141105405042,-0.006127198595405533,0.5302525137423034,0.7246660212475949,-2.787337749673339e-17,0.6
1078,1784633517.9158268,-0.002671788302623935,-0.07225004858033764,0.25407379958941506,0.0015141338283561675,1.212,-0.002,0.878,0.996,-0.0,0.085,0.001,1.17089383039469,-0.0011764879848658021,0.8737201424025662,0.7513644277610896,-0.00608637186936948,0.5302262346815112,0.7246660212475949,-2.787337749673339e-17,0.6
1079,1784633517.9426453,-0.004803216594604174,-0.1624644002117991,0.24644066083435,0.0016972306256129827,1.216,-0.002,0.878,0.996,-0.0,0.084,0.001,1.17089383039469,-0.0011764879848658021,0.8737201424025662,0.7552050970923313,-0.006054018720425053,0.5301990343795481,0.7246660212475949,-2.787337749673339e-17,0.6
1079,1784633517.960004,-0.0030411983607755034,-0.058429338354467786,0.2577177945992904,0.002153696140160927,1.218,-0.002,0.879,0.997,-0.0,0.083,0.001,1.17089383039469,-0.0011764879848658021,0.8737201424025662,0.7577555555566349,-0.006031897615450536,0.53017811261823,0.7246660212475949,-2.787337749673339e-17,0.6
1081,1784633517.9752564,-0.00296225978308207,-0.007577049995550686,0.24863539877033852,0.0022455838681140175,1.221,-0.002,0.879,0.997,-0.0,0.083,0.001,1.17089383039469,-0.0011764879848658021,0.8737201424025662,0.761567343576795,-0.005999283819239618,0.530144373129507,0.7246660212475949,-2.787337749673339e-17,0.6
1082,1784633517.9963362,-0.005609706937718107,-0.1073855959563381,0.24975755953285092,0.002154089747722154,1.227,-0.002,0.879,0.997,-0.0,0.081,0.001,1.17089383039469,-0.0011764879848658021,0.8737201424025662,0.7678861348827896,-0.005946593764042843,0.5300844031760754,0.7246660212475949,-2.787337749673339e-17,0.6
1083,1784633518.0172021,-0.0031992244857921496,-0.006294186808008889,0.2544257836706956,0.002463011803898759,1.232,-0.002,0.879,0.997,-0.0,0.08,0.001,1.17089383039469,-0.0011764879848658021,0.8737201424025662,0.7729108303513349,-0.005903183917045239,0.5300345543228814,0.7929610314538584,-2.787337749673339e-17,0.6
1084,1784633518.0355868,-0.01516607836392533,-0.1061224178781986,0.2207673200692088,0.00030289644475116036,1.235,-0.002,0.88,0.997,-0.0,0.079,0.001,1.17089383039469,-0.0011764879848658021,0.8737201424025662,0.7766636250639382,-0.005869849996037359,0.5299992454713626,0.7929610314538584,-2.787337749673339e-17,0.6
1085,1784633518.0620763,-0.004382288435090365,-0.003704065832418668,0.26524250151792533,0.0008602202332674534,1.247,-0.002,0.881,0.997,-0.0,0.077,0.001,1.17089383039469,-0.0011764879848658021,0.8737201424025662,0.7866015161678346,-0.0057796643682023205,0.5299151270371675,0.7929610314538584,-2.787337749673339e-17,0.6
1085,1784633518.084654,-0.018848297447924225,-0.10361122452800567,0.21978682708641845,0.0006719438028840565,1.251,-0.002,0.881,0.997,-0.0,0.076,0.001,1.17089383039469,-0.0011764879848658021,0.8737201424025662,0.7939828839738441,-0.005699954252842864,0.5298683637784639,0.7929610314538584,-2.787337749673339e-17,0.6
1088,1784633518.1124249,-0.021144411388092508,-0.20101785707481745,0.23760855194213848,-0.004077437627362634,1.258,-0.002,0.881,0.997,-0.0,0.075,0.001,1.17089383039469,-0.0011764879848658021,0.8737201424025662,0.8000765481229463,-0.005616009125908235,0.5298386103658631,0.7929610314538584,-2.787337749673339e-17,0.6
1088,1784633518.1342711,-0.00403778078101184,-0.09601583636252835,0.26945040437624285,-0.0012007061581324387,1.268,-0.002,0.882,0.997,-0.0,0.074,0.001,1.17089383039469,-0.0011764879848658021,0.8737201424025662,0.8096937231164802,-0.0054502321338961105,0.5297950446905515,0.7929610314538584,-2.787337749673339e-17,0.6
1090,1784633518.1549008,-0.021732787648726583,-0.19361485623131375,0.22177029708536233,-0.0006900768057610913,1.274,-0.003,0.882,0.997,-0.0,0.074,0.001,1.17089383039469,-0.0011764879848658021,0.8737201424025662,0.8156112120773336,-0.0053033310338603205,0.5297934914754202,0.7929610314538584,-2.787337749673339e-17,0.6
1090,1784633518.1799674,-0.011664075937653751,-0.08877602821415186,0.2662252412890127,0.0005952923557932699,1.277,-0.003,0.882,0.997,-0.0,0.074,0.001,1.2323949152178824,-0.0018669568508118128,0.8801135752876066,0.8179526333454079,-0.005235274580808533,0.5297933074415484,0.7929610314538584,-2.787337749673339e-17,0.6
1092,1784633518.1996012,-0.025793317785811377,-0.18650218478725195,0.23461362850213413,-0.0003642743911374494,1.285,-0.003,0.883,0.997,-0.0,0.073,0.001,1.2323949152178824,-0.0018669568508118128,0.8801135752876066,0.826040658106963,-0.004966558297790811,0.529784123820636,0.7929610314538584,-2.787337749673339e-17,0.6
1092,1784633518.2159922,-0.02804664682123067,-0.28183959233290223,0.2459724614678324,-0.0024636325642825767,1.288,-0.003,0.883,0.997,-0.0,0.073,0.001,1.2323949152178824,-0.0018669568508118128,0.8801135752876066,0.8317306867127519,-0.004746384087920747,0.5297795485928388,0.7929610314538584,-2.787337749673339e-17,0.6
1094,1784633518.2427943,-0.00914386074159694,-0.19948104054948368,0.2573700844460283,-0.0011219584110104402,1.293,-0.003,0.883,0.997,-0.001,0.072,0.001,1.2323949152178824,-0.0018669568508118128,0.8801135752876066,0.8351038979352319,-0.004602649618169998,0.5297715768314594,0.8537722154310168,-2.787337749673339e-17,0.6
1094,1784633518.269346,-0.01570041795208813,-0.29448989643973755,0.23566466683267737,-0.00022721418587287481,1.296,-0.003,0.883,0.997,-0.001,0.072,0.001,1.2323949152178824,-0.0018669568508118128,0.8801135752876066,0.8384494965181012,-0.004450425828040152,0.5297627774514889,0.8537722154310168,-2.787337749673339e-17,0.6
1097,1784633518.2965174,-0.005469580669298705,-0.18714817365478192,0.27097197494225017,0.0006933885236447857,1.298,-0.003,0.883,0.997,-0.001,0.071,0.001,1.2323949152178824,-0.0018669568508118128,0.8801135752876066,0.8417705340210073,-0.004290176496436435,0.529757688403494,0.8537722154310168,-2.787337749673339e-17,0.6
1097,1784633518.3214068,-0.001841211708131207,-0.08248423470623294,0.24620225936170814,0.0016549459240780269,1.302,-0.003,0.883,0.998,-0.001,0.07,0.001,1.2323949152178824,-0.0018669568508118128,0.8801135752876066,0.845065949301073,-0.004123385318706877,0.5297565624567654,0.8537722154310168,-2.787337749673339e-17,0.6
1099,1784633518.3446913,-0.004346783441700468,-0.1501201747350763,0.2571792034356347,0.002266434165870504,1.308,-0.003,0.883,0.998,-0.001,0.069,0.001,1.2323949152178824,-0.0018669568508118128,0.8801135752876066,0.8505004733925631,-0.0038349997568474198,0.5297635530266257,0.8537722154310168,-2.787337749673339e-17,0.6
1099,1784633518.3670306,-0.006770199527385093,-0.046446247634552185,0.2521696354272409,0.0028614188908806636,1.317,-0.004,0.883,0.998,-0.001,0.066,0.001,1.289241574283494,-0.0029220360554972832,0.8826004947403101,0.8611821831012,-0.0032409615769233447,0.5298081616649756,0.8537722154310168,-2.787337749673339e-17,0.6
1102,1784633518.382347,-0.015595745119790254,-0.1452847405649138,0.24373431882265992,0.002124362000690265,1.32,-0.004,0.882,0.998,-0.001,0.065,0.001,1.289241574283494,-0.0029220360554972832,0.8826004947403101,0.8653905462838704,-0.0030005496154315798,0.5298335473407187,0.8537722154310168,-2.787337749673339e-17,0.6
1102,1784633518.3999615,-0.00732290254845947,-0.04171714071034481,0.2606015378820043,0.0021871488891148433,1.325,-0.004,0.883,0.998,-0.001,0.063,0.001,1.289241574283494,-0.0029220360554972832,0.8826004947403101,0.8695711396530786,-0.002772096458416706,0.5298756822179331,0.8537722154310168,-2.787337749673339e-17,0.6
1103,1784633518.415329,-0.010088162113737887,-0.04649579367846282,0.2444070268906474,0.0024378700612210633,1.333,-0.004,0.883,0.998,-0.001,0.06,0.001,1.289241574283494,-0.0029220360554972832,0.8826004947403101,0.8758000934889153,-0.002456791590481731,0.5299692674980263,0.8537722154310168,-2.787337749673339e-17,0.6
1104,1784633518.4348774,-0.017890650880726423,-0.14533086608456763,0.24488646524625216,0.001521352382204237,1.342,-0.004,0.883,0.998,-0.001,0.056,0.001,1.289241574283494,-0.0029220360554972832,0.8826004947403101,0.8860279068009629,-0.0019481120151293562,0.5301688169734743,0.9055461251380035,-2.787337749673339e-17,0.6
1105,1784633518.4554636,-0.005923499083030937,-0.041699347582217744,0.26282289220013166,0.002151211765126279,1.346,-0.004,0.883,0.998,-0.001,0.055,0.001,1.289241574283494,-0.0029220360554972832,0.8826004947403101,0.8900348378646509,-0.0017175493142304937,0.530288339984742,0.9055461251380035,-2.787337749673339e-17,0.6
1106,1784633518.4789038,-0.01717059505223805,-0.14065643153937812,0.23435621299180992,0.001125126357192356,1.352,-0.004,0.884,0.999,-0.001,0.053,0.001,1.289241574283494,-0.0029220360554972832,0.8826004947403101,0.8949649792038693,-0.001403539464913766,0.5304764354315623,0.9055461251380035,-2.787337749673339e-17,0.6
1107,1784633518.4998531,-0.009285077303367436,-0.04264310823436668,0.2622361094923165,0.0011744884202077703,1.355,-0.004,0.884,0.999,-0.001,0.052,0.001,1.289241574283494,-0.0029220360554972832,0.8826004947403101,0.897877448201274,-0.0012017510935544379,0.5306040561113927,0.9055461251380035,-2.787337749673339e-17,0.6
1107,1784633518.5191238,0.002644032658550583,0.057179116639665364,0.24392915651604027,0.001757744964819264,1.356,-0.004,0.884,0.999,-0.002,0.052,0.001,1.289241574283494,-0.0029220360554972832,0.8826004947403101,0.9007557897433521,-0.0009897038937950048,0.5307369297161199,0.9055461251380035,-2.787337749673339e-17,0.6
1109,1784633518.53425,-0.00653275448061654,-0.04425030723148629,0.24765770001652632,0.0050720460150582465,1.358,-0.004,0.884,0.999,-0.002,0.052,0.001,1.289241574283494,-0.0029220360554972832,0.8826004947403101,0.9045437327847226,-0.000694420483979078,0.5309224503881017,0.9055461251380035,-2.787337749673339e-17,0.6
1110,1784633518.5555165,0.005909084130375051,0.05218466306724068,0.254848218745373,0.0030958294774827344,1.368,-0.005,0.885,0.999,-0.002,0.05,0.001,1.3433518000466622,-0.004110232251293623,0.8832543474247035,0.9128358566285747,-4.002452453937902e-06,0.5313521617392525,0.9055461251380035,-2.787337749673339e-17,0.6
1111,1784633518.5736723,0.004303594686238725,-0.04891078468799279,0.24528123867044146,0.0028067288718787928,1.371,-0.005,0.886,0.999,-0.002,0.049,0.001,1.3433518000466622,-0.004110232251293623,0.8832543474247035,0.9164118283617422,0.00029728371940802005,0.5315444636322931,0.9055461251380035,-2.787337749673339e-17,0.6
1112,1784633518.594189,0.005028930422766202,-0.12183972805109715,0.2520043566927604,0.0023768712293622055,1.377,-0.005,0.886,0.999,-0.002,0.049,0.001,1.3433518000466622,-0.004110232251293623,0.8832543474247035,0.9216489452633223,0.0007308427556277956,0.5318299359553268,0.9055461251380035,-2.787337749673339e-17,0.6
1113,1784633518.6150126,0.005563650355511746,-0.12890067828671956,0.24704758315534586,0.0021772513971278166,1.381,-0.005,0.887,0.999,-0.002,0.049,0.001,1.3433518000466622,-0.004110232251293623,0.8832543474247035,0.9258981353996463,0.0010685021846694653,0.5320662965739607,0.9055461251380035,-2.787337749673339e-17,0.6
1114,1784633518.6354878,0.00033508369530115423,-0.22567404513320696,0.24085444850812876,0.0027765761292168354,1.385,-0.005,0.887,0.999,-0.002,0.048,0.001,1.3433518000466622,-0.004110232251293623,0.8832543474247035,0.9300447032545678,0.0013805346852869438,0.5323038585334259,0.9055461251380035,-2.787337749673339e-17,0.6
1115,1784633518.654812,0.007644424044376932,-0.12006099324160935,0.26099475338432987,0.001153401623409264,1.388,-0.005,0.887,0.999,-0.002,0.048,0.001,1.3433518000466622,-0.004110232251293623,0.8832543474247035,0.9332848965409353,0.0016097088792229113,0.5324934615588872,0.9469601736203717,-2.787337749673339e-17,0.6
1116,1784633518.675254,0.005949458116908362,-0.11494243854496254,0.24070606153190724,0.0018233017066886202,1.392,-0.005,0.888,0.999,-0.002,0.048,0.001,1.3433518000466622,-0.004110232251293623,0.8832543474247035,0.9380153993007869,0.0019365021501475466,0.5327802401442578,0.9469601736203717,-2.787337749673339e-17,0.6
1117,1784633518.6955314,0.007937787066628392,-0.012463698571572548,0.25814497366535455,0.0018239000741492395,1.396,-0.005,0.888,0.999,-0.002,0.048,0.001,1.3433518000466622,-0.004110232251293623,0.8832543474247035,0.9425845951307458,0.0022632668839358836,0.5330689420638314,0.9469601736203717,-2.787337749673339e-17,0.6
1118,1784633518.7144628,0.006339980245375458,-0.057687678752897584,0.2427161095875667,0.0020236196751220103,1.399,-0.005,0.889,0.999,-0.002,0.047,0.001,1.3433518000466622,-0.004110232251293623,0.8832543474247035,0.9448083852086154,0.0024191744682755833,0.533207912616504,0.9469601736203717,-2.787337749673339e-17,0.6
1119,1784633518.736333,0.003502226096316582,-0.15623339078283133,0.24673730904359342,0.002524592477025022,1.402,-0.005,0.889,0.999,-0.002,0.047,0.001,1.3433518000466622,-0.004110232251293623,0.8832543474247035,0.9477127102885164,0.002615584061553522,0.5333906944514638,0.9469601736203717,-2.787337749673339e-17,0.6
1120,1784633518.7556489,0.0071424893730106616,-0.05238146143176625,0.2541849489443267,0.0017898767017694862,1.407,-0.005,0.889,0.999,-0.002,0.046,0.001,1.3433518000466622,-0.004110232251293623,0.8832543474247035,0.9526282268676255,0.0029550091702079525,0.5337035995982998,0.9469601736203717,-2.787337749673339e-17,0.6
1121,1784633518.7753806,0.007746006695628924,-0.15101064194131786,0.238248676259153,0.0015743582850989877,1.409,-0.005,0.89,0.999,-0.002,0.045,0.0,1.3825180560961867,-0.004871097818091323,0.8864270725986498,0.9553454976867035,0.0031552233759804243,0.5338794525079598,0.9469601736203717,-2.787337749673339e-17,0.6
1122,1784633518.7946305,0.011727709843455789,-0.047241578965053516,0.25751243618437675,-6.87445584605104e-07,1.412,-0.005,0.89,0.999,-0.002,0.044,0.0,1.3825180560961867,-0.004871097818091323,0.8864270725986498,0.9579941969566401,0.003354327184428143,0.5340462776910829,0.9469601736203717,-2.787337749673339e-17,0.6
1123,1784633518.8153226,0.011310210103035477,-0.14605950544002821,0.23614864818620757,0.0003494325292317986,1.416,-0.005,0.89,0.999,-0.002,0.043,0.0,1.3825180560961867,-0.004871097818091323,0.8864270725986498,0.9630856361758915,0.0037351500738973596,0.5343434480914758,0.9469601736203717,-2.787337749673339e-17,0.6
1124,1784633518.8350337,0.012384535974338149,-0.04791456080459275,0.2569439205961612,-0.000525898070109722,1.419,-0.005,0.891,0.999,-0.002,0.042,0.0,1.3825180560961867,-0.004871097818091323,0.8864270725986498,0.9661185136771266,0.003961044573873812,0.5345304134267672,0.9469601736203717,-2.787337749673339e-17,0.6
1125,1784633518.8538795,0.013740496468515367,-0.03964405824692652,0.24171486290443353,-0.0005008055920545575,1.422,-0.005,0.891,0.999,-0.002,0.041,0.0,1.3825180560961867,-0.004871097818091323,0.8864270725986498,0.9690313014524924,0.004188331484448991,0.5347232656816145,0.9769564210670555,-2.787337749673339e-17,0.6
1126,1784633518.874906,0.014744972837907312,0.05645344642962302,0.25445857029255575,-0.0006743486387552917,1.425,-0.005,0.892,0.999,-0.002,0.04,0.0,1.3825180560961867,-0.004871097818091323,0.8864270725986498,0.9718287617332906,0.0044213192753756615,0.5349062406544496,0.9769564210670555,-2.787337749673339e-17,0.6
1127,1784633518.898103,0.014451260324655534,0.08168154836970255,0.24518755174503068,-0.0005285044161839142,1.427,-0.005,0.892,0.999,-0.002,0.039,0.0,1.3825180560961867,-0.004871097818091323,0.8864270725986498,0.9739795003241524,0.0046092806037042406,0.5350460666614568,0.9769564210670555,-2.787337749673339e-17,0.6
1128,1784633518.9151187,0.015468104658488045,0.011513924357429525,0.2503794288123781,-0.0004101170758524618,1.429,-0.005,0.892,0.999,-0.002,0.039,0.0,1.3825180560961867,-0.004871097818091323,0.8864270725986498,0.9755461883342045,0.004751251630257048,0.5351454673555209,0.9769564210670555,-2.787337749673339e-17,0.6
1129,1784633518.9476743,0.014263433363537812,0.1092775710791508,0.24945457493484988,-0.0006737399117462815,1.43,-0.005,0.892,0.999,-0.002,0.038,0.0,1.3825180560961867,-0.004871097818091323,0.8864270725986498,0.9770727205468677,0.00489092556561667,0.5352415373193586,0.9769564210670555,-2.787337749673339e-17,0.6
1129,1784633518.9813461,0.017343703186544556,0.038900562487555274,0.24710233793616887,-8.358907969341323e-05,1.434,-0.005,0.893,0.999,-0.002,0.037,0.0,1.3825180560961867,-0.004871097818091323,0.8864270725986498,0.9804875713083576,0.005204296453191372,0.5354536865765599,0.9769564210670555,-2.787337749673339e-17,0.6
1132,1784633519.0126042,0.02634589587168188,-0.06207027303053636,0.24326795071451512,0.00231530924531832,1.437,-0.005,0.893,0.999,-0.001,0.037,0.0,1.4189002905915977,-0.005095702530238163,0.8910920374938207,0.9841454783550978,0.005555828658273045,0.5356566147606475,0.9769564210670555,-2.787337749673339e-17,0.6
1132,1784633519.0389588,0.022433911147993445,-0.08632217068859503,0.25027228650298444,0.0028349037577012877,1.44,-0.005,0.894,0.999,-0.001,0.037,0.001,1.4189002905915977,-0.005095702530238163,0.8910920374938207,0.9867179390927627,0.005804210746182607,0.5357826347409412,0.9769564210670555,-2.787337749673339e-17,0.6
1135,1784633519.0692358,0.022231058489772047,-0.01752119211667119,0.24686700825875293,0.002718633552547027,1.442,-0.004,0.894,0.999,-0.001,0.037,0.001,1.4189002905915977,-0.005095702530238163,0.8910920374938207,0.9895308079995702,0.006070007812007792,0.5359049877313283,0.9769564210670555,-2.787337749673339e-17,0.6
1135,1784633519.0990314,0.022282754937015793,-0.003694126878310316,0.24940454928646072,0.0026679116829584357,1.445,-0.004,0.895,0.999,-0.001,0.037,0.001,1.4189002905915977,-0.005095702530238163,0.8910920374938207,0.9928344916043312,0.006346377128707014,0.5360214333886103,0.9947686003411923,-2.787337749673339e-17,0.6
1138,1784633519.1336043,0.024665568210876714,-0.0530805919275804,0.24625720951743296,0.002686956237493322,1.447,-0.004,0.895,0.999,-0.001,0.038,0.001,1.4189002905915977,-0.005095702530238163,0.8910920374938207,0.9951542384872587,0.006508101753952203,0.5360795473132817,0.9947686003411923,-2.787337749673339e-17,0.6
1138,1784633519.1781378,0.023359749307800656,0.00985068848271127,0.24990175625791702,0.0024019385914095265,1.449,-0.004,0.896,0.999,-0.001,0.038,0.001,1.4189002905915977,-0.005095702530238163,0.8910920374938207,0.9969705428017708,0.006615762068966531,0.536112639550154,0.9947686003411923,-2.787337749673339e-17,0.6
1142,1784633519.2298682,0.026147324227455623,0.0037389523941147446,0.24805037001106992,0.0023574718046420326,1.452,-0.003,0.897,0.999,-0.001,0.038,0.001,1.4426103591821062,-0.004406043586531556,0.8943910864954787,1.0003611351330928,0.006762024712011826,0.5361364178850435,0.9947686003411923,-2.787337749673339e-17,0.6
1142,1784633519.259379,0.028496313988245918,-0.051340393878221646,0.24417738567993175,0.000572702688389987,1.454,-0.003,0.898,0.999,-0.0,0.038,0.0,1.4426103591821062,-0.004406043586531556,0.8943910864954787,1.0034653088550822,0.0068084730077009456,0.5361690591420574,0.9947686003411923,-2.787337749673339e-17,0.6
1146,1784633519.2958784,0.0180523214130416,0.009995073071919741,0.25118492112099366,-9.11793358842998e-06,1.454,-0.003,0.898,0.999,-0.0,0.038,0.0,1.4426103591821062,-0.004406043586531556,0.8943910864954787,1.0044386353486838,0.006779977167287953,0.5362082592820705,0.9999416916061202,-2.787337749673339e-17,0.6
1146,1784633519.3309352,0.02334671433606212,0.03510955391613461,0.24513428908448917,-0.0005797241769344361,1.455,-0.002,0.899,0.999,0.0,0.037,0.0,1.4426103591821062,-0.004406043586531556,0.8943910864954787,1.0054966855997982,0.006690501721981179,0.5362843412362565,0.9999416916061202,-2.787337749673339e-17,0.6
1150,1784633519.3634453,0.03306832605861153,0.0657315062346797,0.24721047809617536,-0.0011339314046907437,1.455,-0.002,0.899,0.999,0.0,0.037,0.0,1.4426103591821062,-0.004406043586531556,0.8943910864954787,1.0057836260960205,0.006635328900386025,0.5363154384104234,0.9999416916061202,-2.787337749673339e-17,0.6
1150,1784633519.394915,0.008660952014220645,-0.005570248808789313,0.24720005220573063,-0.0004425317081170961,1.455,-0.002,0.9,0.999,0.001,0.037,0.0,1.454039644612569,-0.0028150119174596856,0.8980043731352213,1.0059876339963736,0.006533379790402752,0.5363536107345966,0.9999416916061202,-2.787337749673339e-17,0.6
1153,1784633519.429474,0.007742024603719654,0.007544004214838279,0.24728977529511967,-0.0005137156502934221,1.454,-0.001,0.9,0.999,0.001,0.037,0.0,1.454039644612569,-0.0028150119174596856,0.8980043731352213,1.0059158393909844,0.006432663296316782,0.5363801472431673,0.9999416916061202,-2.787337749673339e-17,0.6
1153,1784633519.462334,-0.005647473597154045,0.011729506420128408,0.24818253327770395,-0.00016289031054644756,1.452,-0.001,0.901,0.999,0.002,0.037,0.0,1.454039644612569,-0.0028150119174596856,0.8980043731352213,1.005229864178681,0.006242894120969801,0.5363924333656102,0.9999416916061202,-2.787337749673339e-17,0.6
1156,1784633519.4969296,0.01043385816470285,0.1103718875220033,0.2462041471408425,-0.0002292595139340741,1.451,-0.0,0.901,0.999,0.002,0.037,0.0,1.454039644612569,-0.0028150119174596856,0.8980043731352213,1.0040915988317916,0.006087949845766144,0.5363774069862023,0.9923435460042411,-2.787337749673339e-17,0.6
1158,1784633519.5261195,0.017376064713191315,0.19698683106303952,0.24816961660030806,-0.00013185562447796554,1.449,-0.0,0.902,0.999,0.002,0.037,0.0,1.454039644612569,-0.0028150119174596856,0.8980043731352213,1.002623705335486,0.005961963190052441,0.5363428016719334,0.9923435460042411,-2.787337749673339e-17,0.6
1158,1784633519.554699,0.018542391886345076,0.12251717602675295,0.24496595277634034,0.0005105185094021873,1.448,0.0,0.902,0.999,0.002,0.037,0.0,1.452633818034581,-0.0008225737208640985,0.9008138759975712,1.0016264910314001,0.005899287384573867,0.5363147045720045,0.9923435460042411,-2.787337749673339e-17,0.6
1161,1784633519.5894847,0.021202127734592156,0.1368729623235138,0.24757231648630032,0.0004643024386608059,1.447,0.0,0.902,0.999,0.002,0.037,0.0,1.452633818034581,-0.0008225737208640985,0.9008138759975712,1.0007345426510303,0.005852805446639322,0.5362874439772363,0.9923435460042411,-2.787337749673339e-17,0.6
1161,1784633519.6171126,0.006923996301695375,0.0335590218968396,0.2464624745909845,0.0006741305385993864,1.444,0.001,0.903,0.999,0.002,0.038,0.0,1.452633818034581,-0.0008225737208640985,0.9008138759975712,0.9978530115513253,0.005751098284050844,0.5361755856892577,0.9923435460042411,-2.787337749673339e-17,0.6
1164,1784633519.648989,0.02436783689336411,0.12723283085144038,0.24791628307988667,-5.124507718344085e-05,1.442,0.001,0.903,0.999,0.002,0.039,0.0,1.452633818034581,-0.0008225737208640985,0.9008138759975712,0.9963313975412106,0.005713259187082468,0.5361083022575612,0.9923435460042411,-2.787337749673339e-17,0.6
1164,1784633519.680548,-0.00933567613081391,0.024200413627620238,0.2469832655641367,0.0005152422467290941,1.439,0.001,0.903,0.999,0.003,0.04,0.0,1.452633818034581,-0.0008225737208640985,0.9008138759975712,0.9939692316970189,0.005666208590910096,0.5360019736049584,0.9923435460042411,-2.787337749673339e-17,0.6
1167,1784633519.7114434,0.010345234762116469,0.12219577753911835,0.2492480974035172,-0.0001053162591710512,1.437,0.002,0.903,0.999,0.003,0.041,0.0,1.452633818034581,-0.0008225737208640985,0.9008138759975712,0.9909367734089585,0.005621635695222256,0.5358730745223678,0.9721682614568425,-2.787337749673339e-17,0.6
1167,1784633519.737366,0.006919470690760227,0.05276179214130265,0.24598903012155954,0.00034431000717179806,1.434,0.002,0.903,0.999,0.003,0.042,0.0,1.439075509067035,0.0013518710742607487,0.9028718964110918,0.9884376516082592,0.005600770990587239,0.5357663758353324,0.9721682614568425,-2.787337749673339e-17,0.6
1170,1784633519.7907672,-0.016883822691932716,-0.04854802582117333,0.24584042206142126,0.0008909010900083646,1.432,0.002,0.903,0.999,0.003,0.043,0.0,1.439075509067035,0.0013518710742607487,0.9028718964110918,0.9866690542870645,0.005592703941939811,0.5356872037656751,0.9721682614568425,-2.787337749673339e-17,0.6
1170,1784633519.8273811,0.0029430191027001833,0.052663539072127064,0.2499796147457905,1.5945402191505317e-05,1.426,0.002,0.903,0.999,0.003,0.046,0.0,1.439075509067035,0.0013518710742607487,0.9028718964110918,0.98137771476248,0.005588261984219474,0.5354585725842094,0.9721682614568425,-2.787337749673339e-17,0.6
1175,1784633519.8571002,-0.008292448452673327,-0.04714392376678496,0.24510579677509953,0.00033127537368290647,1.422,0.003,0.903,0.999,0.003,0.047,0.0,1.439075509067035,0.0013518710742607487,0.9028718964110918,0.9776792410558574,0.005598312188013613,0.5353144581412035,0.9721682614568425,-2.787337749673339e-17,0.6
1175,1784633519.898295,-0.009164085023341267,-0.061429165079686654,0.24873598012576084,0.0003053361393382169,1.419,0.003,0.903,0.999,0.003,0.048,0.0,1.439075509067035,0.0013518710742607487,0.9028718964110918,0.9754498097398614,0.0056060817749828745,0.5352334548649256,0.9721682614568425,-2.787337749673339e-17,0.6
1178,1784633519.9351919,0.008873403041900178,0.040105531783696594,0.2514169570492329,0.0009872698099717987,1.412,0.003,0.903,0.999,0.003,0.049,0.0,1.439075509067035,0.0013518710742607487,0.9028718964110918,0.9682684359353828,0.005635141960872433,0.5350076073044994,0.9721682614568425,-2.787337749673339e-17,0.6
1180,1784633519.9733567,-0.011743645289545053,-0.0597049736361642,0.24431953184302574,0.0006613933258056309,1.409,0.003,0.903,0.999,0.003,0.05,0.0,1.439075509067035,0.0013518710742607487,0.9028718964110918,0.9637406767398059,0.0056658359338465514,0.5348940243110508,0.9399312243486038,-2.787337749673339e-17,0.6
1180,1784633520.0003872,-0.003206604201341357,-0.04421293941304567,0.2489577718390847,9.960364678469479e-05,1.404,0.004,0.903,0.999,0.003,0.05,0.0,1.413056216248033,0.0032685442497397497,0.90295691793597,0.9589712482437636,0.005703627543705107,0.5347934218992394,0.9399312243486038,-2.787337749673339e-17,0.6
1183,1784633520.0172474,-0.003705743784112957,-0.026865346183327254,0.2460314725722198,-5.306432910698078e-05,1.4,0.004,0.902,0.999,0.003,0.05,0.0,1.413056216248033,0.0032685442497397497,0.90295691793597,0.955422375834675,0.005727420002634612,0.5347342427512739,0.9399312243486038,-2.787337749673339e-17,0.6
1184,1784633520.0397666,-0.003727547796117696,-0.007232777098114464,0.24841306221087145,-0.00019019957243841533,1.397,0.004,0.902,0.999,0.003,0.05,0.0,1.413056216248033,0.0032685442497397497,0.90295691793597,0.9510143408048424,0.0057534368344229125,0.5346790889418543,0.9399312243486038,-2.787337749673339e-17,0.6
1184,1784633520.057173,0.01044524018187549,0.0929471025571878,0.25142216592631006,0.0006920953515282076,1.395,0.004,0.902,0.999,0.003,0.05,0.0,1.413056216248033,0.0032685442497397497,0.90295691793597,0.9487502135330965,0.005766908635421083,0.5346536990367815,0.9399312243486038,-2.787337749673339e-17,0.6
1186,1784633520.082174,-0.009031396726160266,-0.00936542844204985,0.2439166062264064,-0.00010153195493391707,1.392,0.004,0.902,0.999,0.003,0.05,0.0,1.413056216248033,0.0032685442497397497,0.90295691793597,0.945666396560641,0.005783201068816398,0.5346241019096687,0.9399312243486038,-2.787337749673339e-17,0.6
1186,1784633520.122023,0.008476434913559138,0.09086778978664775,0.26007889993766775,0.0038042076897266443,1.386,0.004,0.902,0.999,0.003,0.05,0.0,1.413056216248033,0.0032685442497397497,0.90295691793597,0.9409102238302656,0.0058163908028552825,0.5345742966813382,0.9399312243486038,-2.787337749673339e-17,0.6
1189,1784633520.148058,-0.008564932085023074,-0.002982198737863276,0.2386341935370193,0.0016830192552180936,1.379,0.005,0.901,0.999,0.003,0.049,0.0,1.413056216248033,0.0032685442497397497,0.90295691793597,0.9309045390946252,0.0058493666484381425,0.5345059614593146,0.9399312243486038,-2.787337749673339e-17,0.6
1191,1784633520.1758096,0.005952090779371951,0.09709225780966371,0.26382046469982606,0.006591217007116606,1.375,0.005,0.901,0.999,0.003,0.049,0.0,1.413056216248033,0.0032685442497397497,0.90295691793597,0.9274244137812021,0.005852333255259073,0.5344921667799488,0.896455943759111,-2.787337749673339e-17,0.6
1191,1784633520.2121027,-0.010674903508358298,-0.0045994276051306154,0.23583232280512736,0.003543990186910273,1.371,0.005,0.901,0.999,0.003,0.049,0.0,1.413056216248033,0.0032685442497397497,0.90295691793597,0.9229760670376568,0.005850182945120961,0.534483670150772,0.896455943759111,-2.787337749673339e-17,0.6
1194,1784633520.237964,0.007570873958424209,0.09551456296177724,0.27158657416343834,0.014641438257942927,1.363,0.005,0.9,0.999,0.003,0.049,0.0,1.378275497321383,0.004602412917887161,0.9015461141245651,0.9156669507933479,0.005842205195030227,0.5344877614548003,0.896455943759111,-2.787337749673339e-17,0.6
1194,1784633520.2603223,0.005713986423123233,0.19312127038058685,0.2365576691781557,0.006590615947882631,1.355,0.005,0.9,0.999,0.003,0.049,0.0,1.378275497321383,0.004602412917887161,0.9015461141245651,0.907156284533801,0.005808306225404706,0.5344812043961752,0.896455943759111,-2.787337749673339e-17,0.6
1196,1784633520.285991,0.0035788322351689925,0.2882931935968305,0.26374415105453786,0.002757740434504532,1.35,0.005,0.899,0.999,0.003,0.05,0.0,1.378275497321383,0.004602412917887161,0.9015461141245651,0.901317616559392,0.005760782272481103,0.5344697826206355,0.896455943759111,-2.787337749673339e-17,0.6
1196,1784633520.309306,-0.0053227991980526156,0.18108674665799476,0.24091877197358866,0.001079963251193772,1.344,0.005,0.899,0.999,0.003,0.05,0.0,1.378275497321383,0.004602412917887161,0.9015461141245651,0.8953374819708522,0.00570430662165748,0.5344556969393054,0.896455943759111,-2.787337749673339e-17,0.6
1199,1784633520.330236,-0.0021860847088620286,0.2765409471256045,0.2634589279896181,0.0012248252358545908,1.338,0.005,0.899,0.999,0.003,0.051,0.0,1.378275497321383,0.004602412917887161,0.9015461141245651,0.8892350047946125,0.005661292301909002,0.5344448769568715,0.896455943759111,-2.787337749673339e-17,0.6
1199,1784633520.3486376,-0.003496776986386667,0.35504755710637687,0.246562410001294,-0.00085444603110435,1.334,0.005,0.898,0.999,0.003,0.051,-0.0,1.378275497321383,0.004602412917887161,0.9015461141245651,0.8850909726121097,0.0056500291945460876,0.534434544423447,0.896455943759111,-2.787337749673339e-17,0.6
1201,1784633520.369179,-0.005536579562234992,0.3075118891789195,0.2610065351748936,-0.0017624466662032189,1.33,0.005,0.898,0.999,0.003,0.052,-0.0,1.378275497321383,0.004602412917887161,0.9015461141245651,0.880891691324343,0.005651583028677273,0.5344297989171727,0.8428530145666342,-2.787337749673339e-17,0.6
1201,1784633520.390582,-0.01019723695028725,0.19982436270151113,0.24926838881057659,-0.0028528223796214234,1.322,0.005,0.898,0.999,0.003,0.054,-0.0,1.378275497321383,0.004602412917887161,0.9015461141245651,0.871232585788968,0.005667161790467666,0.5344592279382201,0.8428530145666342,-2.787337749673339e-17,0.6
1203,1784633520.4114273,-0.010592292649262109,0.09482877424321652,0.2521330013812199,-0.0016820943541451649,1.317,0.005,0.898,0.998,0.003,0.056,-0.0,1.378275497321383,0.004602412917887161,0.9015461141245651,0.8657480979908037,0.005689488805268613,0.5345036078117167,0.8428530145666342,-2.787337749673339e-17,0.6
1203,1784633520.4349036,-0.012630131102632832,-0.007527812484018279,0.2455654776860189,-0.0011308990207222818,1.312,0.005,0.898,0.998,0.003,0.057,-0.0,1.378275497321383,0.004602412917887161,0.9015461141245651,0.8613006015575108,0.005720680973725043,0.5345472994488755,0.8428530145666342,-2.787337749673339e-17,0.6
1205,1784633520.457317,-0.012489623578511223,-0.008613087952232895,0.2545644796461701,-0.00034809146108289303,1.308,0.005,0.897,0.998,0.003,0.06,-0.0,1.378275497321383,0.004602412917887161,0.9015461141245651,0.8568081203025847,0.005764529573888263,0.5345949320012503,0.8428530145666342,-2.787337749673339e-17,0.6
1205,1784633520.4792922,-0.02508246742294897,0.09147814674384076,0.25399104083058455,0.0012333597029380128,1.302,0.005,0.897,0.998,0.003,0.062,-0.0,1.3369455319468702,0.005287339371778652,0.8990675295041741,0.853407786040351,0.005798399808580682,0.5346337518004746,0.8428530145666342,-2.787337749673339e-17,0.6
1207,1784633520.5021608,-0.0266643144109751,-0.010781166032656234,0.24320033963903276,-0.0002307612935633621,1.296,0.005,0.897,0.998,0.003,0.066,-0.0,1.3369455319468702,0.005287339371778652,0.8990675295041741,0.8465440665265849,0.0058481634433734395,0.5346902152196797,0.8428530145666342,-2.787337749673339e-17,0.6
1207,1784633520.5228748,-0.02607605934348843,0.08946902146269219,0.26545344708704505,0.002701273385782084,1.288,0.005,0.897,0.998,0.003,0.07,-0.0,1.3369455319468702,0.005287339371778652,0.8990675295041741,0.8372670911134534,0.00581710821944494,0.5346958984867378,0.8428530145666342,-2.787337749673339e-17,0.6
1209,1784633520.5395486,-0.027248973981506032,-0.011557173574648041,0.23741533012727215,0.001606806787810335,1.283,0.005,0.897,0.997,0.003,0.072,-0.0,1.3369455319468702,0.005287339371778652,0.8990675295041741,0.8325695904062486,0.005767587572389129,0.5346803123855112,0.8428530145666342,-2.787337749673339e-17,0.6
1210,1784633520.556365,-0.02483603182937127,-0.11117164230247137,0.2547845588602441,0.0006051677493932623,1.281,0.005,0.897,0.997,0.003,0.073,-0.0,1.3369455319468702,0.005287339371778652,0.8990675295041741,0.831388213362073,0.005752225460540728,0.5346768712787953,0.8428530145666342,-2.787337749673339e-17,0.6
1211,1784633520.5794396,-0.025112305482524966,-0.1962348773747815,0.24175484410152992,0.0007566460428365757,1.276,0.005,0.897,0.997,0.003,0.075,-0.0,1.3369455319468702,0.005287339371778652,0.8990675295041741,0.8266330494904427,0.005683361781760066,0.5346643482402432,0.7804917468207959,-2.787337749673339e-17,0.6
1211,1784633520.6004062,-0.02468633337078315,-0.09137157380387265,0.25601466537348544,0.0015295991976409643,1.274,0.005,0.897,0.997,0.003,0.076,-0.0,1.3369455319468702,0.005287339371778652,0.8990675295041741,0.8230331071007008,0.00562369329778149,0.5346580795097539,0.7804917468207959,-2.787337749673339e-17,0.6
1213,1784633520.6208646,-0.026168036204482138,-0.1890832618899766,0.23864676437210994,0.00020957087917134647,1.27,0.005,0.897,0.997,0.003,0.077,-0.0,1.3369455319468702,0.005287339371778652,0.8990675295041741,0.8194052338754921,0.005556758349211457,0.5346587049275693,0.7804917468207959,-2.787337749673339e-17,0.6
1213,1784633520.6386302,-0.020553235630032564,-0.08435620818906564,0.28267997387131283,0.038299399798067325,1.26,0.005,0.896,0.997,0.003,0.079,-0.0,1.3369455319468702,0.005287339371778652,0.8990675295041741,0.8095967697841661,0.005378482616803375,0.5346643542377606,0.7804917468207959,-2.787337749673339e-17,0.6
1215,1784633520.6570659,-0.01677433409224978,0.017748550988089792,0.245497883315259,0.03876193629585993,1.256,0.005,0.896,0.997,0.003,0.079,-0.0,1.3369455319468702,0.005287339371778652,0.8990675295041741,0.8033636229551423,0.005277767511124642,0.5346744142186528,0.7804917468207959,-2.787337749673339e-17,0.6
1216,1784633520.6801195,-0.010706876676184519,-0.07934896294243847,0.25170230043533776,0.022741239908950737,1.248,0.005,0.896,0.997,0.002,0.079,-0.0,1.3369455319468702,0.005287339371778652,0.8990675295041741,0.7970389639423671,0.005170546623312812,0.5347043215034485,0.7804917468207959,-2.787337749673339e-17,0.6
1216,1784633520.7046983,-0.012215741828157897,0.022632837535140046,0.25203741335767155,0.014391461719178142,1.243,0.005,0.896,0.997,0.002,0.079,-0.0,1.3369455319468702,0.005287339371778652,0.8990675295041741,0.7893471722152857,0.005053613069125289,0.5347447628944059,0.7804917468207959,-2.787337749673339e-17,0.6
1218,1784633520.725158,-0.019748921699631897,0.09767873836481492,0.24439905631085143,0.00849253315104925,1.234,0.005,0.895,0.997,0.002,0.078,-0.0,1.280163102996186,0.005329199365306831,0.8973630741848397,0.7815897895029748,0.004960097025451073,0.5348139787616883,0.7804917468207959,-2.787337749673339e-17,0.6
1219,1784633520.7432437,-0.018321125100592653,0.19522757836826848,0.25381418574325354,0.012200885153158654,1.226,0.005,0.895,0.997,0.002,0.077,-0.0,1.280163102996186,0.005329199365306831,0.8973630741848397,0.7750714922019875,0.004897696714797953,0.5348789315570631,0.7804917468207959,-2.787337749673339e-17,0.6
1219,1784633520.762756,-0.021620060508392065,0.09034897952582735,0.24109886549623671,0.0071087663218479475,1.222,0.005,0.895,0.997,0.002,0.076,-0.0,1.280163102996186,0.005329199365306831,0.8973630741848397,0.769821949498815,0.004853675863220677,0.5349249854797992,0.7804917468207959,-2.787337749673339e-17,0.6
1221,1784633520.7839496,-0.021374570060872934,-0.011863642050797943,0.24626239142209333,0.0031452643516485194,1.216,0.005,0.895,0.997,0.002,0.075,-0.0,1.280163102996186,0.005329199365306831,0.8973630741848397,0.7632148751577966,0.004771450039702335,0.5349732742595852,0.710965186124106,-2.787337749673339e-17,0.6
1222,1784633520.804702,-0.023650887610888162,0.08835559294452798,0.250069598368461,0.0001543595759989809,1.212,0.005,0.895,0.997,0.002,0.075,-0.001,1.280163102996186,0.005329199365306831,0.8973630741848397,0.7592243505547966,0.004702633124738091,0.5349955200832355,0.710965186124106,-2.787337749673339e-17,0.6
1224,1784633520.8343997,-0.023735067764108497,-0.01384387798641136,0.24203280068472918,-0.0021584249767054625,1.206,0.005,0.895,0.997,0.002,0.074,-0.001,1.280163102996186,0.005329199365306831,0.8973630741848397,0.7525132549009312,0.004574492331117157,0.5350345762059768,0.710965186124106,-2.787337749673339e-17,0.6
1224,1784633520.8641965,-0.01702453091487251,0.08650121860494421,0.25490835591828476,-0.00301268436955944,1.196,0.004,0.894,0.997,0.001,0.073,-0.001,1.280163102996186,0.005329199365306831,0.8973630741848397,0.7429689923354675,0.004391569368084697,0.535102976890717,0.710965186124106,-2.787337749673339e-17,0.6
1226,1784633520.8874583,-0.019823674308307865,0.18432803892767657,0.24700930093215087,-8.875797746904371e-05,1.19,0.004,0.894,0.997,0.001,0.073,-0.001,1.280163102996186,0.005329199365306831,0.8973630741848397,0.7360479344005716,0.00426982869703847,0.5351506822453794,0.710965186124106,-2.787337749673339e-17,0.6
1228,1784633520.911209,-0.01946827238620693,0.2797003058074523,0.25261798192063745,0.002739518297644427,1.179,0.004,0.894,0.997,0.001,0.073,-0.001,1.280163102996186,0.005329199365306831,0.8973630741848397,0.7276338356437718,0.00415009320270569,0.5352062344249087,0.710965186124106,-2.787337749673339e-17,0.6
1228,1784633520.9324493,-0.016046031093027168,0.37269930271273743,0.2502551757277042,0.0026771939728503944,1.174,0.004,0.893,0.997,0.001,0.073,-0.001,1.2242196242512413,0.004765835236110034,0.8956861607584811,0.7191199661730957,0.004066627413169556,0.5352275108575226,0.710965186124106,-2.787337749673339e-17,0.6
1230,1784633520.955619,-0.013943109901678642,0.2633818375201805,0.2779901363780267,-0.0008285670718147405,1.168,0.004,0.893,0.997,0.001,0.074,-0.001,1.2242196242512413,0.004765835236110034,0.8956861607584811,0.7148308161207618,0.004038140605498274,0.5352260093021335,0.710965186124106,-2.787337749673339e-17,0.6
1230,1784633520.9743187,-0.0134819344760175,0.15679738232078397,0.24350686614215933,-0.005014150580195149,1.16,0.004,0.893,0.997,0.001,0.074,-0.001,1.2242196242512413,0.004765835236110034,0.8956861607584811,0.7032815652083779,0.0039876240181303925,0.5352009501116566,0.710965186124106,-2.787337749673339e-17,0.6
1232,1784633521.001962,-0.0024952540598163625,0.05298918961356161,0.2496603656814137,-0.0049368527269902,1.152,0.004,0.892,0.997,0.0,0.075,-0.001,1.2242196242512413,0.004765835236110034,0.8956861607584811,0.6974507908138727,0.003973011049327838,0.5351779011745612,0.710965186124106,-2.787337749673339e-17,0.6
1232,1784633521.0172942,-0.00359992968389998,0.15163038123231162,0.26637590155231167,-0.004099168566202752,1.145,0.004,0.892,0.997,0.0,0.077,-0.001,1.2242196242512413,0.004765835236110034,0.8956861607584811,0.6871583691871181,0.0039450229828995,0.535135375155115,0.636049418591855,-2.787337749673339e-17,0.6
1234,1784633521.041035,-0.0036273773422712654,0.107535047322603,0.23927634081017624,-0.0031100540351460676,1.139,0.004,0.891,0.997,0.0,0.079,-0.001,1.2242196242512413,0.004765835236110034,0.8956861607584811,0.6812405838704357,0.003932085631815288,0.5351178363879203,0.636049418591855,-2.787337749673339e-17,0.6
1234,1784633521.0706909,-0.004397496257388344,0.015407819222796743,0.2588836964959129,-0.002753848124120394,1.128,0.003,0.891,0.997,0.0,0.083,-0.001,1.2242196242512413,0.004765835236110034,0.8956861607584811,0.6708078490212055,0.0039129292512050376,0.5351070859126521,0.636049418591855,-2.787337749673339e-17,0.6
1237,1784633521.094662,-0.01109797131617269,0.11501706338804785,0.26320026591853773,-0.0011592263718652148,1.116,0.003,0.89,0.996,-0.0,0.087,-0.001,1.2242196242512413,0.004765835236110034,0.8956861607584811,0.6587626378163534,0.0038987649540739027,0.535130164175278,0.636049418591855,-2.787337749673339e-17,0.6
1237,1784633521.116245,-0.009392549618983566,0.09683552369189667,0.24378183851079718,-0.0011468000995567846,1.105,0.003,0.89,0.996,-0.0,0.09,-0.001,1.2242196242512413,0.004765835236110034,0.8956861607584811,0.6465999528743124,0.00389677167927524,0.5352038576757316,0.636049418591855,-2.787337749673339e-17,0.6
1239,1784633521.1358848,-0.001513781658924969,0.02118682630388294,0.25411133101929345,-0.0015686674655944178,1.099,0.003,0.889,0.996,-0.0,0.091,-0.001,1.15127817167222,0.0037005419755129754,0.8926911329266618,0.6404873481205147,0.003917421022883409,0.5352444770305542,0.636049418591855,-2.787337749673339e-17,0.6
1239,1784633521.153574,-0.010460616158652134,0.12065454311108023,0.2620506553498565,-0.001592653397139948,1.089,0.003,0.889,0.996,-0.0,0.093,-0.001,1.15127817167222,0.0037005419755129754,0.8926911329266618,0.6312995004356768,0.00397286310893479,0.5353126102433169,0.636049418591855,-2.787337749673339e-17,0.6
1241,1784633521.1828878,-0.004533409576633985,0.11442794300595854,0.24165957776500635,-0.0014324751993740935,1.084,0.003,0.889,0.996,-0.0,0.094,-0.001,1.15127817167222,0.0037005419755129754,0.8926911329266618,0.6251677579248609,0.004021473786286772,0.5353644604597994,0.636049418591855,-2.787337749673339e-17,0.6
1241,1784633521.2079298,-0.0002659993025120053,0.011593771397789013,0.2514420676476071,-0.001965632699623494,1.071,0.003,0.888,0.995,-0.0,0.096,-0.001,1.15127817167222,0.0037005419755129754,0.8926911329266618,0.6113671924803729,0.004225242754297513,0.5354110702624523,0.636049418591855,-2.787337749673339e-17,0.6
1244,1784633521.2264836,-0.0019744292146529003,0.1104264714410003,0.25025391499140315,-0.002015031173777737,1.063,0.003,0.888,0.995,-0.0,0.096,-0.001,1.15127817167222,0.0037005419755129754,0.8926911329266618,0.6036885108794102,0.00438272138936469,0.5354077727681946,0.5576581999628175,-2.787337749673339e-17,0.6
1244,1784633521.2468417,-0.0021792178189358456,0.13155349858125076,0.25117835813284906,-0.002139334464779783,1.059,0.003,0.888,0.995,-0.0,0.097,-0.001,1.15127817167222,0.0037005419755129754,0.8926911329266618,0.5990749285763114,0.004485464690688391,0.535398904615086,0.5576581999628175,-2.787337749673339e-17,0.6
1246,1784633521.265389,-0.004190591757273479,0.13431017324338781,0.25109198867273164,-0.00222196986151528,1.053,0.002,0.888,0.995,-0.0,0.097,-0.001,1.15127817167222,0.0037005419755129754,0.8926911329266618,0.592915231471511,0.004618514941298396,0.5353679978960783,0.5576581999628175,-2.787337749673339e-17,0.6
1246,1784633521.2831023,-0.0013931671757579272,0.03124482775973518,0.2460363365703108,-0.002551290387731619,1.048,0.002,0.887,0.995,-0.0,0.097,-0.001,1.15127817167222,0.0037005419755129754,0.8926911329266618,0.5882912165244026,0.0047123692139917905,0.535326839791004,0.5576581999628175,-2.787337749673339e-17,0.6
1248,1784633521.3029068,-0.004148308884578709,0.1304474163956442,0.2559721174366786,-0.002386068638237639,1.044,0.002,0.887,0.995,-0.0,0.098,-0.001,1.15127817167222,0.0037005419755129754,0.8926911329266618,0.5836589819621133,0.004805986136933123,0.5352782579404889,0.5576581999628175,-2.787337749673339e-17,0.6
1248,1784633521.3224945,-0.0009340757961239124,0.0271865960500787,0.2372370712028301,-0.0032319896799898884,1.039,0.002,0.887,0.995,-0.0,0.098,-0.001,1.0775985683574305,0.0027230401446625245,0.8892051962225931,0.5790149284275401,0.004895966850871761,0.5352288094960633,0.5576581999628175,-2.787337749673339e-17,0.6
1248,1784633521.342193,-0.0048398298096633385,0.12516862202393153,0.26003184614907615,-0.002930462011478206,1.033,0.002,0.887,0.995,-0.0,0.098,-0.001,1.0775985683574305,0.0027230401446625245,0.8892051962225931,0.5728009135651225,0.005000194809975245,0.5351688172749609,0.5576581999628175,-2.787337749673339e-17,0.6
1250,1784633521.3635097,-0.005503012197300592,0.14273751969464596,0.24362347179159738,-0.0025826154692124795,1.029,0.002,0.886,0.995,-0.0,0.098,-0.001,1.0775985683574305,0.0027230401446625245,0.8892051962225931,0.5681205072502485,0.005068728067462577,0.5351332504412082,0.5576581999628175,-2.787337749673339e-17,0.6
1250,1784633521.3837097,-0.0015258805440535404,0.03919534728294827,0.2502822554455987,-0.002704623932186767,1.023,0.002,0.886,0.995,-0.0,0.099,-0.001,1.0775985683574305,0.0027230401446625245,0.8892051962225931,0.5618592627416084,0.005147703678108163,0.5350940783308742,0.5576581999628175,-2.787337749673339e-17,0.6
1252,1784633521.407262,-0.0037050477531342055,0.12843270701826148,0.25168967511002094,-0.002569165787214153,1.017,0.002,0.886,0.995,-0.0,0.099,-0.001,1.0775985683574305,0.0027230401446625245,0.8892051962225931,0.5555718670131515,0.005224731116305333,0.5350666771623896,0.5576581999628175,-2.787337749673339e-17,0.6
1254,1784633521.4328182,-0.003989537411255374,0.1365698833467896,0.25126420289211604,-0.002417996477445815,1.009,0.002,0.885,0.995,-0.0,0.1,-0.001,1.0775985683574305,0.0027230401446625245,0.8892051962225931,0.5476831193292635,0.005327140748598461,0.535040253418337,0.5576581999628175,-2.787337749673339e-17,0.6
1254,1784633521.4576025,-0.0040050209737540424,0.1189398203792047,0.25207704640688194,-0.002363974039503161,1.005,0.002,0.885,0.995,-0.0,0.101,-0.001,1.0775985683574305,0.0027230401446625245,0.8892051962225931,0.542931391430766,0.005391987604988735,0.5350307759495347,0.5576581999628175,-2.787337749673339e-17,0.6
1256,1784633521.4814534,0.006551724277626965,0.12691768275892673,0.2522686759509313,-0.0024718016570736846,0.997,0.002,0.885,0.995,-0.001,0.101,-0.001,1.0775985683574305,0.0027230401446625245,0.8892051962225931,0.5333861813413858,0.005530415146162976,0.5350195504792588,0.4777940678797702,-2.787337749673339e-17,0.6
1256,1784633521.50542,0.008645065660899513,0.12602361965435382,0.2529275977985309,-0.002443435464217791,0.989,0.002,0.884,0.995,-0.001,0.102,-0.001,1.0775985683574305,0.0027230401446625245,0.8892051962225931,0.5253976399443401,0.005653259294932331,0.5350123852470986,0.4777940678797702,-2.787337749673339e-17,0.6
1258,1784633521.5266726,0.008756520130713997,0.12656655838573788,0.2533845399642389,-0.0024721843038878455,0.98,0.002,0.883,0.995,-0.001,0.103,-0.001,1.0775985683574305,0.0027230401446625245,0.8892051962225931,0.5173854505427099,0.005773312224005621,0.5350024864129309,0.4777940678797702,-2.787337749673339e-17,0.6
1258,1784633521.5490527,0.009289906261611719,0.02341335002591645,0.24362772446635367,-0.0022615240060588804,0.974,0.002,0.883,0.995,-0.001,0.104,-0.001,1.003083958809845,0.002014917466489528,0.8849785690912472,0.5109604414523382,0.005868004330746644,0.5349938409735536,0.4777940678797702,-2.787337749673339e-17,0.6
1261,1784633521.5698886,0.0021383565565681485,0.12282058172378836,0.28608817334522957,-0.013632958992044352,0.966,0.002,0.882,0.994,-0.001,0.105,-0.001,1.003083958809845,0.002014917466489528,0.8849785690912472,0.5013054808462046,0.006007094010090463,0.534973922054934,0.4777940678797702,-2.787337749673339e-17,0.6
1261,1784633521.592883,0.0025504101917108294,0.2197496469260381,0.2529450600870021,-0.009341376238819941,0.959,0.002,0.882,0.994,-0.001,0.106,-0.001,1.003083958809845,0.002014917466489528,0.8849785690912472,0.4948637202135684,0.006108775650090337,0.5349493062520253,0.4777940678797702,-2.787337749673339e-17,0.6
1263,1784633521.6111352,0.006911865128005935,0.17529097110082184,0.25324306682137054,-0.005892156955369122,0.953,0.002,0.881,0.994,-0.001,0.106,-0.001,1.003083958809845,0.002014917466489528,0.8849785690912472,0.4884246471866404,0.006219382139644395,0.5349042560769091,0.4777940678797702,-2.787337749673339e-17,0.6
1263,1784633521.635417,0.01046320693943545,0.0709111444536866,0.24499511109562394,-0.0022254964466892633,0.943,0.002,0.881,0.994,-0.001,0.107,-0.001,1.003083958809845,0.002014917466489528,0.8849785690912472,0.4787711227145796,0.006401486744322213,0.5347808853076937,0.4777940678797702,-2.787337749673339e-17,0.6
1265,1784633521.660695,0.009903322044200248,-0.030534499847402793,0.2515932425599702,-0.0024486818872353406,0.934,0.002,0.88,0.994,-0.001,0.108,-0.001,1.003083958809845,0.002014917466489528,0.8849785690912472,0.47073873162473684,0.0065701897999811245,0.5346721990802982,0.4777940678797702,-2.787337749673339e-17,0.6
1265,1784633521.6810985,0.008642566942246533,0.0701381448769206,0.25554066077864934,-0.002835875057117337,0.925,0.002,0.879,0.994,-0.001,0.109,-0.001,1.003083958809845,0.002014917466489528,0.8849785690912472,0.45948147066018064,0.006821846923946084,0.5346131237821793,0.4777940678797702,-2.787337749673339e-17,0.6
1267,1784633521.7010942,0.009391299884378701,-0.03148964089447159,0.2450808622088679,-0.002548934670340899,0.92,0.002,0.879,0.994,-0.001,0.11,-0.001,1.003083958809845,0.002014917466489528,0.8849785690912472,0.4546486858246009,0.006921981395037111,0.5346160251990699,0.39849718619780794,-2.787337749673339e-17,0.6
1267,1784633521.7251828,-0.006994101462549137,0.06929463653115572,0.2886189333234762,-0.01674090706444628,0.914,0.002,0.878,0.994,-0.0,0.11,-0.001,1.003083958809845,0.002014917466489528,0.8849785690912472,0.44981155820351443,0.007014174878615481,0.5346278586092966,0.39849718619780794,-2.787337749673339e-17,0.6
1270,1784633521.7465394,-0.00180055059595514,-0.031608951232401705,0.23488401658927935,-0.010908568639176922,0.91,0.002,0.878,0.994,-0.0,0.111,-0.001,1.003083958809845,0.002014917466489528,0.8849785690912472,0.44174003107301185,0.007152253385621098,0.5346640811360106,0.39849718619780794,-2.787337749673339e-17,0.6
1270,1784633521.7760568,-0.0021142184049849,0.06918120631876801,0.27050340121268834,-0.007345996439486541,0.902,0.002,0.878,0.994,-0.0,0.112,-0.001,1.003083958809845,0.002014917466489528,0.8849785690912472,0.4385096987049141,0.007202502907789299,0.5346823864518345,0.39849718619780794,-2.787337749673339e-17,0.6
1272,1784633521.7945292,-0.002865681486749297,0.166520978321808,0.2401602332934949,-0.005065591553213886,0.896,0.002,0.877,0.994,-0.0,0.112,-0.001,0.924999066831361,0.0016330505955830564,0.8792299632691027,0.42721541988602774,0.007354493038404372,0.5347560087381672,0.39849718619780794,-2.787337749673339e-17,0.6
1272,1784633521.8120177,-0.0012806644448077708,0.06236631772707277,0.25243447207848124,-0.0038134874787027102,0.89,0.002,0.877,0.994,-0.0,0.113,-0.001,0.924999066831361,0.0016330505955830564,0.8792299632691027,0.42079053284497236,0.0074283829068026285,0.5348126639279508,0.39849718619780794,-2.787337749673339e-17,0.6
1274,1784633521.831099,0.00041992855475131603,-0.01007937242424281,0.24646366272116604,-0.002173488636916311,0.881,0.002,0.876,0.994,-0.0,0.113,-0.0,0.924999066831361,0.0016330505955830564,0.8792299632691027,0.4143793327697495,0.0075094609273317755,0.5348579546151871,0.39849718619780794,-2.787337749673339e-17,0.6
1274,1784633521.8679683,0.0010630792022938498,-0.1095590465808965,0.24721453667013982,-0.000971599492448108,0.878,0.002,0.876,0.994,-0.0,0.114,-0.0,0.924999066831361,0.0016330505955830564,0.8792299632691027,0.407985295654923,0.007605644217655879,0.5348809403412987,0.39849718619780794,-2.787337749673339e-17,0.6
1277,1784633521.90079,0.0023926235193043105,-0.007172134373116909,0.2512949005601954,-0.00021349675313456814,0.861,0.002,0.875,0.993,-0.0,0.114,-0.0,0.924999066831361,0.0016330505955830564,0.8792299632691027,0.39052552783002714,0.007843671387922127,0.5349322202697695,0.39849718619780794,-2.787337749673339e-17,0.6
1277,1784633521.9266384,0.004983353150040129,0.09297802341337164,0.2557834557713429,0.0003825730786013715,0.853,0.002,0.875,0.993,-0.0,0.115,-0.0,0.924999066831361,0.0016330505955830564,0.8792299632691027,0.3826243449500657,0.00788586034597081,0.5349633122570652,0.32179322811477273,-2.787337749673339e-17,0.6
1280,1784633521.9492116,0.006845419190480101,0.19065325761497515,0.2529030047528168,0.0009661491356285543,0.846,0.002,0.874,0.993,-0.0,0.115,-0.0,0.924999066831361,0.0016330505955830564,0.8792299632691027,0.3747311240902729,0.007908523517718672,0.5349969609935038,0.32179322811477273,-2.787337749673339e-17,0.6
1280,1784633521.971666,0.014399714274797706,0.2858869018077928,0.26486818730398626,-0.0012686920207200677,0.837,0.002,0.874,0.993,-0.0,0.116,-0.0,0.924999066831361,0.0016330505955830564,0.8792299632691027,0.3636837617191786,0.007934700494977414,0.5350420871274192,0.32179322811477273,-2.787337749673339e-17,0.6
1282,1784633521.9944048,0.016381059959728668,0.3787384616135753,0.2559919373669933,-0.002829429936530974,0.828,0.002,0.873,0.993,-0.0,0.116,-0.0,0.924999066831361,0.0016330505955830564,0.8792299632691027,0.355801673810691,0.007918211034899671,0.5350641315023882,0.32179322811477273,-2.787337749673339e-17,0.6
1282,1784633522.0157413,0.018201076798536768,0.3782996041476855,0.2675852671421122,-0.003302646769403816,0.817,0.002,0.873,0.993,-0.0,0.116,-0.0,0.924999066831361,0.0016330505955830564,0.8792299632691027,0.34479409111228393,0.007862043296535077,0.535079946378898,0.32179322811477273,-2.787337749673339e-17,0.6
1284,1784633522.0375795,0.020103259782036663,0.2688423430654326,0.26193081087672826,0.00017400677171367038,0.81,0.002,0.872,0.993,-0.0,0.116,-0.0,0.8568165840831548,0.0017505287143033833,0.8742462834172768,0.3385257731371488,0.007812326158006813,0.5350810646126205,0.32179322811477273,-2.787337749673339e-17,0.6
1284,1784633522.060368,0.019417759246032028,0.21113936319073998,0.24941692312124636,0.0006645799742924767,0.804,0.002,0.872,0.993,-0.0,0.117,-0.0,0.8568165840831548,0.0017505287143033833,0.8742462834172768,0.3322829224621297,0.0077513954666559816,0.5350763872657657,0.32179322811477273,-2.787337749673339e-17,0.6
1286,1784633522.0882726,0.015248419381322017,0.10586117062893224,0.25321276963368355,0.003073375732135497,0.793,0.002,0.871,0.993,-0.0,0.118,-0.0,0.8568165840831548,0.0017505287143033833,0.8742462834172768,0.3245219325356638,0.007658532883034843,0.5350673254138307,0.32179322811477273,-2.787337749673339e-17,0.6
1286,1784633522.1284525,0.017566254336721532,0.14840784171031746,0.2556862872606472,0.0019608669118927214,0.784,0.002,0.871,0.993,-0.0,0.12,-0.0,0.8568165840831548,0.0017505287143033833,0.8742462834172768,0.31223924686610444,0.007464433220761197,0.5350597388969567,0.32179322811477273,-2.787337749673339e-17,0.6
1290,1784633522.170217,0.023037193411534117,0.226154365924284,0.2760057787723503,-0.000964692899032837,0.771,0.003,0.87,0.992,-0.0,0.126,-0.0,0.8568165840831548,0.0017505287143033833,0.8742462834172768,0.2986212110232118,0.00716811043202254,0.5351070708437153,0.32179322811477273,-2.787337749673339e-17,0.6
1290,1784633522.2045774,0.019978526217652212,0.1205264904869475,0.2507443685208845,0.00025688457530336677,0.756,0.003,0.87,0.991,0.0,0.132,-0.0,0.8568165840831548,0.0017505287143033833,0.8742462834172768,0.2837070638968911,0.00677062662884651,0.5352097002423912,0.24964162947178764,-2.787337749673339e-17,0.6
1294,1784633522.2410476,0.02185841489444349,0.2174952799152745,0.28401061077221906,-0.001146189568647836,0.746,0.003,0.869,0.991,0.0,0.136,-0.0,0.8568165840831548,0.0017505287143033833,0.8742462834172768,0.2734382934746353,0.006447850078105701,0.5352486320610982,0.24964162947178764,-2.787337749673339e-17,0.6
1294,1784633522.2777004,0.02117118131152782,0.11206001140677216,0.25075961957754045,0.0008188563421612305,0.739,0.003,0.869,0.99,0.0,0.139,-0.0,0.8568165840831548,0.0017505287143033833,0.8742462834172768,0.26620150273830945,0.006199247788360341,0.5352672266866542,0.24964162947178764,-2.787337749673339e-17,0.6
1297,1784633522.3054922,0.028118798257693367,0.20925174507819977,0.28110703015621114,-0.0022137343183901664,0.732,0.003,0.869,0.99,0.0,0.141,-0.0,0.7768909301114095,0.002478551066322314,0.8702875068956868,0.25906122140580934,0.005954969344576241,0.535314465441445,0.24964162947178764,-2.787337749673339e-17,0.6
1297,1784633522.3296494,0.01821538634431288,0.2940261974267786,0.26345397212945343,-0.005844217166517106,0.72,0.003,0.869,0.99,0.001,0.144,-0.0,0.7768909301114095,0.002478551066322314,0.8702875068956868,0.24505052838715966,0.0054476257718169465,0.5354947532436518,0.24964162947178764,-2.787337749673339e-17,0.6
1300,1784633522.3536017,0.01734806794581921,0.1866755930487825,0.26469512404180573,-0.008547515565497718,0.712,0.004,0.869,0.989,0.001,0.146,-0.0,0.7768909301114095,0.002478551066322314,0.8702875068956868,0.23955411686731892,0.005241914842915368,0.5356090215919256,0.18388553411577824,-2.787337749673339e-17,0.6
1300,1784633522.3772442,0.014813959307915863,0.08907125450052975,0.24612766693430488,-0.004491410625465389,0.706,0.004,0.869,0.989,0.001,0.147,-0.0,0.7768909301114095,0.002478551066322314,0.8702875068956868,0.23144013748910897,0.004933805755120304,0.5358312167185215,0.18388553411577824,-2.787337749673339e-17,0.6
1302,1784633522.4057226,0.013679305971334998,0.07232815793075746,0.2600214254756047,-0.002552056766556613,0.704,0.004,0.869,0.989,0.001,0.147,-0.0,0.7768909301114095,0.002478551066322314,0.8702875068956868,0.22876561658437283,0.0048323993976295615,0.5359154677885891,0.18388553411577824,-2.787337749673339e-17,0.6
1302,1784633522.4385278,0.015175465093331527,0.13724260970314084,0.2519861213626263,-0.0014600636666503687,0.689,0.004,0.869,0.989,0.001,0.15,-0.0,0.7768909301114095,0.002478551066322314,0.8702875068956868,0.21436240857383462,0.0042695418906267685,0.5364595700752698,0.18388553411577824,-2.787337749673339e-17,0.6
1305,1784633522.4707909,0.030813784970483163,0.23380911399763077,0.27278379585335166,-0.0030912305916133724,0.674,0.004,0.87,0.988,0.001,0.153,-0.0,0.7189464500906699,0.0034188048649354172,0.8681664191461481,0.2005903060507275,0.003660536254355899,0.5371239957136131,0.18388553411577824,-2.787337749673339e-17,0.6
1305,1784633522.5025778,0.02027768134730904,0.12850803051524518,0.2415003907055374,-0.0024029524993548473,0.663,0.004,0.871,0.988,0.002,0.156,-0.0,0.7189464500906699,0.0034188048649354172,0.8681664191461481,0.18745893937534885,0.0029999861049169393,0.5378281511326805,0.18388553411577824,-2.787337749673339e-17,0.6
1308,1784633522.5360484,0.015260190654545858,0.05893365184752927,0.26431495932806043,-0.0007704195007106219,0.649,0.005,0.872,0.987,0.002,0.159,-0.0,0.7189464500906699,0.0034188048649354172,0.8681664191461481,0.17604167757487238,0.002399606744020615,0.5384416356460302,0.18388553411577824,-2.787337749673339e-17,0.6
1308,1784633522.5701199,0.016357539306343066,-0.04209911635220881,0.24044808768422588,0.00029128125350385225,0.642,0.005,0.873,0.987,0.002,0.161,-0.0,0.7189464500906699,0.0034188048649354172,0.8681664191461481,0.1705071289333144,0.002093902341935651,0.5387669299777206,0.18388553411577824,-2.787337749673339e-17,0.6
1312,1784633522.6020522,0.010565977253142343,-0.008832543256915723,0.26511747647262973,0.0009121791828436768,0.634,0.005,0.873,0.987,0.002,0.164,-0.0,0.7189464500906699,0.0034188048649354172,0.8681664191461481,0.16189181698632218,0.0015874142367969103,0.5393342239179603,0.12620470999136024,-2.787337749673339e-17,0.6
1312,1784633522.6393743,-0.027794247115916368,-0.08877045024210828,0.24289467138977736,0.0019362747037007895,0.625,0.005,0.874,0.986,0.003,0.166,-0.0,0.6437572564195926,0.004813567002965132,0.8723348925394261,0.153583328987828,0.0011113821790339846,0.539894666445256,0.12620470999136024,-2.787337749673339e-17,0.6
1315,1784633522.669678,-0.034069674420834535,-0.09394101057168028,0.2601524557964187,0.002794836907848202,0.617,0.005,0.875,0.986,0.003,0.168,0.0,0.6437572564195926,0.004813567002965132,0.8723348925394261,0.14360533414550716,0.0005497463063023585,0.5405886190496907,0.12620470999136024,-2.787337749673339e-17,0.6
1315,1784633522.6935887,-0.04186271474939999,0.008407100473610513,0.2659531062535096,0.008175477370433986,0.61,0.005,0.875,0.986,0.003,0.169,0.0,0.6437572564195926,0.004813567002965132,0.8723348925394261,0.13784246269127964,0.00023662456929451363,0.5410012070238034,0.12620470999136024,-2.787337749673339e-17,0.6
1318,1784633522.713898,-0.030247583910432054,-0.09178963633388976,0.2380562646207645,0.0047531929633852586,0.606,0.005,0.875,0.986,0.003,0.169,0.0,0.6437572564195926,0.004813567002965132,0.8723348925394261,0.13410112659314502,2.9624401127405996e-05,0.5412765163129165,0.12620470999136024,-2.787337749673339e-17,0.6
1318,1784633522.7393055,-0.03569922492601647,0.010505021686218585,0.28210443607218066,0.00814698106760284,0.603,0.005,0.875,0.986,0.003,0.169,0.0,0.6437572564195926,0.004813567002965132,0.8723348925394261,0.13043405247317794,-0.00017516050198725065,0.541548558247629,0.12620470999136024,-2.787337749673339e-17,0.6
1320,1784633522.7542577,-0.027094273814196497,-0.08867477659413514,0.23595654735352775,0.004944325307180776,0.6,0.005,0.876,0.986,0.003,0.169,0.0,0.6437572564195926,0.004813567002965132,0.8723348925394261,0.12684623953788704,-0.00037956105334905086,0.541818925954478,0.12620470999136024,-2.787337749673339e-17,0.6
1321,1784633522.7879343,-0.023717549818202115,-0.05110834553126507,0.26616985901003876,0.003622970290058873,0.594,0.005,0.876,0.986,0.003,0.169,0.0,0.6437572564195926,0.004813567002965132,0.8723348925394261,0.12076504179196597,-0.0007408533235118478,0.5422918663046628,0.07807263874093534,-2.787337749673339e-17,0.6
1321,1784633522.8088887,-0.022663494733823737,-0.054054312613737394,0.24271873784213754,0.0025196373950674917,0.591,0.005,0.876,0.986,0.003,0.169,0.0,0.6437572564195926,0.004813567002965132,0.8723348925394261,0.11574940687153522,-0.0010600459111098413,0.5427055454806436,0.07807263874093534,-2.787337749673339e-17,0.6
1324,1784633522.8370008,-0.019965752636406167,-0.052095277935057555,0.26007478509879245,0.0017355138959647778,0.587,0.005,0.876,0.986,0.003,0.169,0.0,0.6437572564195926,0.004813567002965132,0.8723348925394261,0.11412591571223415,-0.001168512545489883,0.5428532681609382,0.07807263874093534,-2.787337749673339e-17,0.6
1324,1784633522.8649676,-0.013681878867642829,0.049205996758997214,0.26287126394844224,0.004222283911076175,0.583,0.005,0.877,0.986,0.003,0.168,0.0,0.6437572564195926,0.004813567002965132,0.8723348925394261,0.10938112748119162,-0.0014891378270117245,0.5433112690866203,0.07807263874093534,-2.787337749673339e-17,0.6
1326,1784633522.8914587,-0.011414906464748919,0.14797541303425338,0.2560259251522336,0.003203221455397573,0.578,0.005,0.877,0.986,0.003,0.168,0.0,0.6437572564195926,0.004813567002965132,0.8723348925394261,0.10555766061747306,-0.0017493769855535782,0.5436908121099008,0.07807263874093534,-2.787337749673339e-17,0.6
1326,1784633522.9172628,-0.017913291456577024,0.04429113185698429,0.24989316052688135,0.0014537901008920676,0.573,0.005,0.877,0.986,0.003,0.167,0.0,0.6437572564195926,0.004813567002965132,0.8723348925394261,0.0996770860011438,-0.002144651578304392,0.5442725131616856,0.07807263874093534,-2.787337749673339e-17,0.6
1329,1784633522.9536452,-0.017611385191711605,0.045780642843488636,0.25772401964573577,0.0013660764514108266,0.568,0.005,0.877,0.986,0.002,0.166,0.0,0.5947356971364706,0.005245434033696102,0.8759944741712595,0.09411032362898268,-0.002519044098928169,0.5448522382956131,0.07807263874093534,-2.787337749673339e-17,0.6
1329,1784633522.980725,-0.020606689869699605,-0.05368276621393378,0.24742238143026732,0.000747972304341873,0.564,0.005,0.878,0.986,0.002,0.166,0.0,0.5947356971364706,0.005245434033696102,0.8759944741712595,0.09014819667751464,-0.002793030102427939,0.5452953237443001,0.07807263874093534,-2.787337749673339e-17,0.6
1332,1784633523.001453,-0.02184499175901078,-0.12055233138293088,0.2554512035384428,0.0009147328264787819,0.561,0.005,0.878,0.986,0.002,0.166,0.0,0.5947356971364706,0.005245434033696102,0.8759944741712595,0.08574432086874803,-0.0031054749537296742,0.545802078508321,0.07807263874093534,-2.787337749673339e-17,0.6
1332,1784633523.026712,-0.02678011583613099,-0.017590519965974813,0.2660987932961712,0.005228747493716884,0.558,0.004,0.878,0.986,0.002,0.166,0.0,0.5947356971364706,0.005245434033696102,0.8759944741712595,0.08392518269578814,-0.0032400923446160735,0.5460151402952093,0.04071887497775616,-2.787337749673339e-17,0.6
1335,1784633523.0423856,-0.02892232099109776,-0.05694698472909904,0.24454285957214303,0.0035191499630984908,0.556,0.004,0.878,0.986,0.002,0.166,0.0,0.5947356971364706,0.005245434033696102,0.8759944741712595,0.080984746031902,-0.0034648992534982376,0.5463618165849563,0.04071887497775616,-2.787337749673339e-17,0.6
1335,1784633523.0581434,-0.03515415263721005,-0.004912175470277953,0.2634360054201923,0.0031199774588794365,0.554,0.004,0.878,0.986,0.002,0.166,0.0,0.558828528861268,0.004517449520755764,0.8778417802531133,0.07927276250956482,-0.0036005336134428438,0.5465636933739318,0.04071887497775616,-2.787337749673339e-17,0.6
1335,1784633523.0739846,-0.041918193958922004,0.09520004131900436,0.258676168844964,0.004670930877865481,0.553,0.004,0.878,0.986,0.002,0.166,0.0,0.558828528861268,0.004517449520755764,0.8778417802531133,0.07760068310717091,-0.003735685681688782,0.5467610510913116,0.04071887497775616,-2.787337749673339e-17,0.6
1337,1784633523.0968387,-0.02514141897473613,-0.00717664475857735,0.24761572333107135,0.002436487975277865,0.548,0.004,0.878,0.986,0.001,0.167,0.0,0.558828528861268,0.004517449520755764,0.8778417802531133,0.07334636481594084,-0.0040859432469396465,0.5472608744746423,0.04071887497775616,-2.787337749673339e-17,0.6
1338,1784633523.1150677,-0.028975883594304457,-0.019745914032617218,0.260934037028852,0.002319514832282981,0.547,0.004,0.878,0.986,0.001,0.167,0.0,0.558828528861268,0.004517449520755764,0.8778417802531133,0.07132310030075521,-0.004255713912407819,0.5474917320267991,0.04071887497775616,-2.787337749673339e-17,0.6
1339,1784633523.1424754,-0.02702571493943815,-0.09431933020336605,0.24756527452412386,0.0017059623835019022,0.545,0.004,0.878,0.986,0.001,0.166,0.0,0.558828528861268,0.004517449520755764,0.8778417802531133,0.06985087329590065,-0.004381107773013966,0.5476574341605223,0.04071887497775616,-2.787337749673339e-17,0.6
1339,1784633523.174124,-0.03634589242375069,0.008030763204545488,0.27194743308692165,0.003730513793285423,0.545,0.004,0.878,0.986,0.001,0.166,0.0,0.558828528861268,0.004517449520755764,0.8778417802531133,0.0688914982827089,-0.004463834212814495,0.5477651048010195,0.04071887497775616,-2.787337749673339e-17,0.6
1342,1784633523.2126358,-0.038732457459874144,0.10677502121928398,0.2516412622686158,0.003408489920808397,0.541,0.003,0.877,0.986,0.001,0.166,0.0,0.558828528861268,0.004517449520755764,0.8778417802531133,0.06522286867097639,-0.004787154056815192,0.5481686832131946,0.04071887497775616,-2.787337749673339e-17,0.6
1342,1784633523.2410054,-0.02583066577670592,0.004106069324024214,0.25504735314869587,0.0014700961340866111,0.538,0.003,0.877,0.986,0.001,0.166,0.0,0.558828528861268,0.004517449520755764,0.8778417802531133,0.06182260285448817,-0.005097872476140338,0.5485364456265411,0.04071887497775616,-2.787337749673339e-17,0.6
1345,1784633523.2643487,-0.03858032529280077,0.08157700921842169,0.2625449638664814,0.0018340448466257209,0.537,0.003,0.877,0.986,0.001,0.166,0.0,0.558828528861268,0.004517449520755764,0.8778417802531133,0.059852406473275555,-0.005283488581314764,0.5487626267559319,0.04071887497775616,-2.787337749673339e-17,0.6
1345,1784633523.2873359,-0.028652015621728415,0.07162160470765598,0.2558410336545641,0.0013624653926903852,0.535,0.003,0.876,0.986,0.0,0.166,0.0,0.558828528861268,0.004517449520755764,0.8778417802531133,0.05836960277328805,-0.005427878745620318,0.548943733963499,0.01509763678062375,-2.787337749673339e-17,0.6
1348,1784633523.3167202,-0.020483460145969495,-0.029642933418476583,0.25345441824219384,0.0004945767476447421,0.534,0.002,0.876,0.986,0.0,0.166,0.0,0.558828528861268,0.004517449520755764,0.8778417802531133,0.05662444423891792,-0.005604449478096325,0.5491614069112332,0.01509763678062375,-2.787337749673339e-17,0.6
1348,1784633523.3450086,-0.010718221307593739,-0.08998595789315939,0.2555705417309363,0.0003091083386227351,0.533,0.002,0.876,0.986,-0.0,0.166,0.0,0.5371628706105841,0.002863058093181314,0.8767750470683158,0.054379287577000064,-0.005840081231458915,0.5494491128087674,0.01509763678062375,-2.787337749673339e-17,0.6
1351,1784633523.380473,-0.008639762643746864,-0.13299135775133963,0.25207444902270165,0.0002014773926235279,0.531,0.002,0.875,0.986,-0.0,0.166,0.0,0.5371628706105841,0.002863058093181314,0.8767750470683158,0.05210616049126263,-0.006088231232315571,0.5497615285843875,0.01509763678062375,-2.787337749673339e-17,0.6
1351,1784633523.4092972,-0.01690836618761711,-0.06690840773803985,0.2637019887783195,0.0005764812394983612,0.53,0.001,0.875,0.986,-0.001,0.167,0.0,0.5371628706105841,0.002863058093181314,0.8767750470683158,0.05036268963140795,-0.006281591661547783,0.5500151445165606,0.01509763678062375,-2.787337749673339e-17,0.6
1354,1784633523.4402106,-0.02193475924071662,-0.08671776405469148,0.25394297638899543,0.0005259058642141461,0.529,0.001,0.875,0.986,-0.001,0.167,0.0,0.5371628706105841,0.002863058093181314,0.8767750470683158,0.049046626810567616,-0.006427087220330405,0.5502164612486656,0.01509763678062375,-2.787337749673339e-17,0.6
1354,1784633523.4687014,-0.011519003198881803,-0.1228224876651483,0.2563676377872644,0.0001682714404685748,0.528,0.001,0.874,0.986,-0.001,0.167,0.0,0.5371628706105841,0.002863058093181314,0.8767750470683158,0.04807466526235816,-0.006531549743549146,0.5503727029892559,0.01509763678062375,-2.787337749673339e-17,0.6
1357,1784633523.4998612,-0.00773676587390819,-0.13375863790808723,0.2529573102503791,8.970599498628665e-05,0.528,0.001,0.874,0.986,-0.001,0.167,0.0,0.5371628706105841,0.002863058093181314,0.8767750470683158,0.04737903214455706,-0.006603564724941303,0.5504905856264054,0.01509763678062375,-2.787337749673339e-17,0.6
1357,1784633523.5273588,-0.009123238850825825,-0.13237907267868218,0.25544460304552424,3.0447115433894595e-05,0.528,0.0,0.873,0.986,-0.001,0.167,0.0,0.5371628706105841,0.002863058093181314,0.8767750470683158,0.04634953273001449,-0.006705280421472754,0.5506898106559133,0.001863429779653474,-2.787337749673339e-17,0.6
1360,1784633523.5578952,-0.009285185386055831,-0.12540918350678693,0.2534020210885851,-0.00013176493213297723,0.527,0.0,0.873,0.986,-0.001,0.166,0.0,0.5371628706105841,0.002863058093181314,0.8767750470683158,0.04565360793717534,-0.006766572928145283,0.5508502511759663,0.001863429779653474,-2.787337749673339e-17,0.6
1360,1784633523.5857744,-0.022952725322415685,-0.09573853809584248,0.25933581562452157,-0.0003363116425989931,0.527,-0.0,0.872,0.986,-0.002,0.166,0.0,0.5371628706105841,0.002863058093181314,0.8767750470683158,0.045202115549768926,-0.006798122958289096,0.5509725683545889,0.001863429779653474,-2.787337749673339e-17,0.6
1362,1784633523.6144454,-0.02179630099101352,-9.049597060591108e-05,0.25936378905246654,-0.00018499484610303964,0.528,-0.001,0.872,0.986,-0.002,0.165,0.0,0.5276954406522498,0.00047059206323763793,0.8735553022579139,0.04476189385409075,-0.006811298565184634,0.5511224026915682,0.001863429779653474,-2.787337749673339e-17,0.6
1364,1784633523.6478095,0.002301306735931017,-0.02640284091504075,0.25505870617879856,-0.00037793525628577774,0.528,-0.001,0.871,0.986,-0.002,0.164,0.0,0.5276954406522498,0.00047059206323763793,0.8735553022579139,0.04461046669737957,-0.006801747679499647,0.5511963066588209,0.001863429779653474,-2.787337749673339e-17,0.6
1364,1784633523.6820934,0.0037563592684734075,-0.013392816858548581,0.25839073838923515,-0.000770167326502189,0.528,-0.001,0.871,0.987,-0.002,0.163,0.0,0.5276954406522498,0.00047059206323763793,0.8735553022579139,0.04452338164832473,-0.006772312674659998,0.5512747128315906,0.001863429779653474,-2.787337749673339e-17,0.6
1367,1784633523.716296,0.0042876952193956815,-0.009082456565620218,0.2557281800323808,-0.0009053541094513377,0.529,-0.001,0.87,0.987,-0.002,0.162,0.0,0.5276954406522498,0.00047059206323763793,0.8735553022579139,0.04453860682148032,-0.006735049400559898,0.5513281282296648,0.001863429779653474,-2.787337749673339e-17,0.6
1367,1784633523.7540517,0.00885472965212784,-0.010717964411024,0.2568361298650006,-0.0009721812376562594,0.529,-0.002,0.87,0.987,-0.002,0.161,0.0,0.5276954406522498,0.00047059206323763793,0.8735553022579139,0.04475371369654319,-0.0066416045734748776,0.5514052436779137,0.001863429779653474,-2.787337749673339e-17,0.6
1371,1784633523.8134396,0.0018568858554343856,-0.03386122810131312,0.2560695364447512,-0.0009510340592875679,0.531,-0.002,0.869,0.987,-0.002,0.16,0.0,0.5276954406522498,0.00047059206323763793,0.8735553022579139,0.045379142337107395,-0.006471302209944443,0.5514673933187277,0.001354327526388748,-2.787337749673339e-17,0.6
1371,1784633523.860414,-0.03315737298862156,-0.11769252407596571,0.2605603549477984,-0.000508832083043131,0.535,-0.003,0.867,0.987,-0.003,0.158,0.0,0.5295746255482561,-0.0017597762992528918,0.8695382180597936,0.04797291687173015,-0.005955413117249754,0.5514365807723035,0.001354327526388748,-2.787337749673339e-17,0.6
1376,1784633523.8969393,-0.012688856029951345,-0.05006169422440124,0.2569377088745179,-0.00034739528684928425,0.538,-0.004,0.866,0.987,-0.003,0.158,0.0,0.5295746255482561,-0.0017597762992528918,0.8695382180597936,0.050727724391798124,-0.005509541388668501,0.5512833787598239,0.001354327526388748,-2.787337749673339e-17,0.6
1376,1784633523.9454207,-0.009727181064103512,-0.05550913585454717,0.2590591918836189,-0.0004992852504800574,0.54,-0.004,0.865,0.987,-0.003,0.158,0.0,0.5295746255482561,-0.0017597762992528918,0.8695382180597936,0.05367669922835246,-0.005099064877342307,0.5510685125980562,0.001354327526388748,-2.787337749673339e-17,0.6
1381,1784633523.9794462,-0.005450893316464776,-0.06513654269739436,0.25607164762044327,-0.0006179721282701828,0.545,-0.005,0.864,0.988,-0.003,0.158,0.0,0.5295746255482561,-0.0017597762992528918,0.8695382180597936,0.05686624466158609,-0.004717303780311045,0.5508188108440992,0.001354327526388748,-2.787337749673339e-17,0.6
1381,1784633524.0044026,-0.0011573380752064174,-0.062206283060849105,0.25790471705093077,-0.0007116391972347906,0.547,-0.005,0.863,0.988,-0.003,0.157,0.0,0.5295746255482561,-0.0017597762992528918,0.8695382180597936,0.05901256939584706,-0.0044900150421283,0.5506448775359667,0.013583335258457167,-2.787337749673339e-17,0.6
1384,1784633524.032326,0.013218062079570131,0.03930585375039547,0.2628301106754802,0.00028537356455569755,0.55,-0.005,0.863,0.988,-0.003,0.156,0.001,0.5431239290761327,-0.00441013834167032,0.864124984649823,0.061730885854766125,-0.004229232766098553,0.5504181960062822,0.013583335258457167,-2.787337749673339e-17,0.6
1384,1784633524.056417,0.010475023268799542,0.03706124973630425,0.25636856183700574,0.0007974525969785452,0.553,-0.005,0.862,0.988,-0.003,0.156,0.001,0.5431239290761327,-0.00441013834167032,0.864124984649823,0.06468014883843484,-0.003976959545360263,0.5501671310414729,0.013583335258457167,-2.787337749673339e-17,0.6
1386,1784633524.079563,-0.004529737042968746,-0.06381314292058465,0.2538202389718742,0.0016115339224353864,0.558,-0.006,0.861,0.988,-0.003,0.155,0.001,0.5431239290761327,-0.00441013834167032,0.864124984649823,0.06927772769050872,-0.0036346768176595996,0.549768853451751,0.013583335258457167,-2.787337749673339e-17,0.6
1386,1784633524.1063066,-0.00566911289755926,-0.16211911743667945,0.25629506258623236,0.0016895815292432325,0.559,-0.006,0.861,0.988,-0.003,0.154,0.001,0.5431239290761327,-0.00441013834167032,0.864124984649823,0.07074358178474068,-0.0035367597109358306,0.5496412218855115,0.013583335258457167,-2.787337749673339e-17,0.6
1389,1784633524.1307838,0.01831320631428359,-0.05806704056936712,0.2672740480972614,0.0014836819796271079,0.563,-0.006,0.86,0.988,-0.003,0.154,0.001,0.5431239290761327,-0.00441013834167032,0.864124984649823,0.07380031893485392,-0.003349508168842946,0.5493792503266749,0.013583335258457167,-2.787337749673339e-17,0.6
1389,1784633524.1599452,0.019555681131536856,0.043375634759462836,0.25442659364589426,0.0010653807329941325,0.566,-0.006,0.86,0.988,-0.003,0.153,0.001,0.5431239290761327,-0.00441013834167032,0.864124984649823,0.07702082890740734,-0.0031747178764529394,0.549106186565778,0.013583335258457167,-2.787337749673339e-17,0.6
1391,1784633524.1831262,-0.007926413714243102,-0.05770643854673731,0.2510903223855711,0.00294550961813841,0.57,-0.007,0.86,0.988,-0.003,0.153,0.001,0.5431239290761327,-0.00441013834167032,0.864124984649823,0.07982159807819547,-0.0030386698988596676,0.5488654849897868,0.03823805767514037,-2.787337749673339e-17,0.6
1391,1784633524.1993625,0.01687686560831259,0.04349769088725772,0.2716677246481351,0.002322412790032999,0.572,-0.007,0.86,0.988,-0.003,0.153,0.001,0.5653482679873636,-0.006352162252611807,0.859947364239001,0.0833218749439388,-0.0028864911729686114,0.5485626012857517,0.03823805767514037,-2.787337749673339e-17,0.6
1393,1784633524.216096,-0.0036895233932044934,-0.057576175409657315,0.2416182477704334,0.002793452660464457,0.575,-0.007,0.859,0.988,-0.003,0.152,0.001,0.5653482679873636,-0.006352162252611807,0.859947364239001,0.08574550497713179,-0.0027910158406819576,0.5483583853840637,0.03823805767514037,-2.787337749673339e-17,0.6
1394,1784633524.236183,0.01120839201946943,0.023742108668184936,0.27250704262348224,0.0019059156791884457,0.578,-0.007,0.859,0.988,-0.003,0.152,0.001,0.5653482679873636,-0.006352162252611807,0.859947364239001,0.08887089499735741,-0.0026776597563426176,0.5480986272856996,0.03823805767514037,-2.787337749673339e-17,0.6
1395,1784633524.2551582,0.009846263576724051,0.020314916783693432,0.24892548548645455,0.0017831772460508047,0.58,-0.007,0.859,0.988,-0.003,0.152,0.001,0.5653482679873636,-0.006352162252611807,0.859947364239001,0.0907945401963196,-0.0026122691351271638,0.5479395586905278,0.03823805767514037,-2.787337749673339e-17,0.6
1396,1784633524.2742863,0.017829147221913543,0.11966538429162535,0.27056078937258443,0.0014894469486206525,0.582,-0.007,0.859,0.988,-0.003,0.152,0.001,0.5653482679873636,-0.006352162252611807,0.859947364239001,0.09275547727322045,-0.0025486981916878347,0.5477790359516981,0.03823805767514037,-2.787337749673339e-17,0.6
1397,1784633524.294559,0.016685641486685922,0.12213541196446048,0.25106463031813836,0.0015916568854147533,0.586,-0.007,0.859,0.989,-0.003,0.151,0.001,0.5653482679873636,-0.006352162252611807,0.859947364239001,0.09745805580046972,-0.0024080231224558753,0.5473846462742143,0.03823805767514037,-2.787337749673339e-17,0.6
1398,1784633524.320028,-0.0009368736373130959,0.01908229867734465,0.2505187743119985,0.008393346475441295,0.591,-0.007,0.858,0.989,-0.003,0.151,0.001,0.5653482679873636,-0.006352162252611807,0.859947364239001,0.10235918696420328,-0.0022769153653539862,0.5469821300282274,0.03823805767514037,-2.787337749673339e-17,0.6
1398,1784633524.3413732,0.0004429292591317975,-0.08127146784911836,0.24779803969922914,0.0053568765231416,0.592,-0.007,0.858,0.989,-0.003,0.151,0.001,0.5653482679873636,-0.006352162252611807,0.859947364239001,0.10307565815819442,-0.0022586957798849438,0.5469243236486616,0.03823805767514037,-2.787337749673339e-17,0.6
1400,1784633524.3651996,0.0016009471204760694,-0.1792391174422036,0.2480201504235906,0.0035440499729191104,0.596,-0.007,0.858,0.989,-0.003,0.151,0.001,0.5653482679873636,-0.006352162252611807,0.859947364239001,0.10746781667239068,-0.002151517179933235,0.5465827363375729,0.03823805767514037,-2.787337749673339e-17,0.6
1401,1784633524.385256,0.011614277489358598,-0.09222287180858069,0.2626893569197111,0.001008434495082066,0.599,-0.007,0.858,0.989,-0.003,0.151,0.0,0.5653482679873636,-0.006352162252611807,0.859947364239001,0.1112439515222624,-0.002064870009260388,0.5463019931520067,0.03823805767514037,-2.787337749673339e-17,0.6
1402,1784633524.4125118,0.016338333405588656,0.0014125580967058737,0.25469827817377727,-1.643461329789951e-05,0.601,-0.007,0.858,0.989,-0.003,0.151,0.0,0.5653482679873636,-0.006352162252611807,0.859947364239001,0.11355408337297705,-0.0020139817137481792,0.546131182944811,0.07468867921067723,-2.787337749673339e-17,0.6
1404,1784633524.437004,0.014994895293353655,-0.09723452841055481,0.2558041726446178,-0.0003946349468721389,0.605,-0.007,0.858,0.989,-0.003,0.151,0.0,0.5653482679873636,-0.006352162252611807,0.859947364239001,0.117470412124844,-0.0019303885545250623,0.5458370055264986,0.07468867921067723,-2.787337749673339e-17,0.6
1404,1784633524.4595344,0.007703954714666599,-0.19477544120505264,0.2384004076763247,0.00033719776193223445,0.608,-0.008,0.858,0.988,-0.003,0.151,0.0,0.5653482679873636,-0.006352162252611807,0.859947364239001,0.12066123412507045,-0.0018640395090244902,0.5455912398093655,0.07468867921067723,-2.787337749673339e-17,0.6
1406,1784633524.483474,0.01604396814027729,-0.08991267234723514,0.27506480899979313,-0.0011230289461875492,0.611,-0.008,0.858,0.988,-0.003,0.151,0.0,0.5653482679873636,-0.006352162252611807,0.859947364239001,0.12309110200262081,-0.0018144423610404702,0.5454036551108462,0.07468867921067723,-2.787337749673339e-17,0.6
1406,1784633524.506181,0.016354900569663048,-0.18766074410508438,0.23524444283000998,-0.00019598029709005926,0.615,-0.008,0.858,0.988,-0.003,0.151,0.0,0.5994529780730231,-0.0074331875922824964,0.8583371536106918,0.12721162996065657,-0.001731802159924843,0.545086314395005,0.07468867921067723,-2.787337749673339e-17,0.6
1409,1784633524.5343876,0.022612687034680827,-0.08306816386439321,0.2765237717483915,-0.0016857570884097107,0.619,-0.008,0.858,0.988,-0.003,0.151,0.0,0.5994529780730231,-0.0074331875922824964,0.8583371536106918,0.13142011615095697,-0.0016505279731175485,0.5447614392564734,0.07468867921067723,-2.787337749673339e-17,0.6
1409,1784633524.560198,0.02615712153498023,-0.06992544211239352,0.24740360280088824,-0.001452207937185911,0.626,-0.007,0.858,0.989,-0.003,0.151,0.0,0.5994529780730231,-0.0074331875922824964,0.8583371536106918,0.13920104542443634,-0.0015034270995634804,0.5441491935507435,0.07468867921067723,-2.787337749673339e-17,0.6
1411,1784633524.5830603,0.017085257681872974,0.03177801603958523,0.2692837291144278,-0.0016979059436331764,0.631,-0.007,0.858,0.989,-0.002,0.15,0.0,0.5994529780730231,-0.0074331875922824964,0.8583371536106918,0.14454161808080515,-0.0014057923487408495,0.5437284347314837,0.07468867921067723,-2.787337749673339e-17,0.6
1411,1784633524.6024806,0.01689781124671026,-0.05013296015239842,0.24698219072234043,-0.0012042225713553858,0.634,-0.007,0.858,0.989,-0.002,0.15,0.0,0.5994529780730231,-0.0074331875922824964,0.8583371536106918,0.14725463897388422,-0.0013579649428101428,0.5435148531032813,0.07468867921067723,-2.787337749673339e-17,0.6
1413,1784633524.6247923,0.01587510825459503,-0.1488120742019819,0.245408341063575,0.000662656188669403,0.638,-0.007,0.858,0.989,-0.002,0.149,0.0,0.5994529780730231,-0.0074331875922824964,0.8583371536106918,0.15000238393446125,-0.0013088511705558025,0.5433041847676136,0.07468867921067723,-2.787337749673339e-17,0.6
1413,1784633524.6399343,0.01686119113647864,-0.2450911166750874,0.24744274802951408,0.0004110134691607303,0.641,-0.007,0.858,0.989,-0.002,0.148,0.0,0.5994529780730231,-0.0074331875922824964,0.8583371536106918,0.15372128741408533,-0.001240426842201423,0.5430333850073589,0.12200405294575623,-2.787337749673339e-17,0.6
1415,1784633524.6665063,0.01778055552041773,-0.13896388374233645,0.28405593449194005,-0.004439905526158105,0.644,-0.007,0.858,0.989,-0.002,0.148,0.0,0.5994529780730231,-0.0074331875922824964,0.8583371536106918,0.15655097707434307,-0.001189538497826872,0.5428401745217764,0.12200405294575623,-2.787337749673339e-17,0.6
1415,1784633524.6925004,0.019480806375185532,-0.036020097628839565,0.2502080585189685,-0.0033306752236285557,0.649,-0.007,0.858,0.989,-0.002,0.147,0.0,0.5994529780730231,-0.0074331875922824964,0.8583371536106918,0.16327562527529751,-0.0010881012984292912,0.542409962994359,0.12200405294575623,-2.787337749673339e-17,0.6
1418,1784633524.7265508,0.01958398892038964,0.058018126040207646,0.2638346425319663,-0.0023206643858983645,0.654,-0.007,0.858,0.989,-0.002,0.146,0.0,0.5994529780730231,-0.0074331875922824964,0.8583371536106918,0.16816818677863157,-0.0010191025435428319,0.5420999671455381,0.12200405294575623,-2.787337749673339e-17,0.6
1418,1784633524.7546592,0.02643703338694613,0.1454096546711809,0.2582084215113279,-0.001730271660073606,0.66,-0.007,0.858,0.989,-0.002,0.145,0.0,0.6401947643521764,-0.007364993422770864,0.8577737474413717,0.17314313128297465,-0.0009504974599097039,0.5417959925716027,0.12200405294575623,-2.787337749673339e-17,0.6
1421,1784633524.7843738,0.02810266405483235,0.04352933981563019,0.25623343306482793,-0.0007780862104000623,0.664,-0.007,0.858,0.99,-0.002,0.144,0.0,0.6401947643521764,-0.007364993422770864,0.8577737474413717,0.17822704057189506,-0.0008765437462681762,0.5415106433875332,0.12200405294575623,-2.787337749673339e-17,0.6
1421,1784633524.8121865,0.03374513883345971,-0.057547027212048046,0.23457069360590146,0.005340452784381163,0.673,-0.007,0.858,0.99,-0.002,0.143,0.0,0.6401947643521764,-0.007364993422770864,0.8577737474413717,0.1876168776192393,-0.0007342806920017125,0.5410174735552246,0.12200405294575623,-2.787337749673339e-17,0.6
1424,1784633524.8286254,0.02515650873406076,-0.15610799233345157,0.24659871480332965,0.007738549594901448,0.682,-0.007,0.858,0.99,-0.001,0.142,0.0,0.6401947643521764,-0.007364993422770864,0.8577737474413717,0.19730829034331399,-0.0005796778022293617,0.540555348031034,0.12200405294575623,-2.787337749673339e-17,0.6
1424,1784633524.844036,0.01869252487668753,-0.05223092086011458,0.2750414165795155,0.0030658063488487406,0.684,-0.006,0.859,0.99,-0.001,0.141,0.0,0.6401947643521764,-0.007364993422770864,0.8577737474413717,0.19950140042066358,-0.0005448454499884444,0.5404569734214869,0.12200405294575623,-2.787337749673339e-17,0.6
1425,1784633524.859454,0.021187683936975427,-0.07938576968063489,0.24365734820072787,0.0020923460650849905,0.687,-0.006,0.859,0.99,-0.001,0.141,0.0,0.6401947643521764,-0.007364993422770864,0.8577737474413717,0.20281664447248987,-0.0004924203802910066,0.5403111800803007,0.12200405294575623,-2.787337749673339e-17,0.6
1425,1784633524.8806026,0.018728152884217183,0.022490917571390184,0.2702953039995478,0.000661670764355575,0.694,-0.006,0.859,0.99,-0.001,0.141,0.0,0.6401947643521764,-0.007364993422770864,0.8577737474413717,0.2106447285724317,-0.0003658046914065875,0.5399552520309817,0.1789754871589877,-2.787337749673339e-17,0.6
1428,1784633524.9024682,0.02521442499920496,-0.07806638224603119,0.2249063958449762,0.013162305590720527,0.701,-0.006,0.859,0.99,-0.001,0.141,0.0,0.6401947643521764,-0.007364993422770864,0.8577737474413717,0.217425899127078,-0.00025026375657447844,0.5396072972198835,0.1789754871589877,-2.787337749673339e-17,0.6
1428,1784633524.9193962,0.013022127381376949,0.022216996006302434,0.269273924038825,0.007900098098543007,0.703,-0.006,0.859,0.99,-0.001,0.141,0.0,0.6401947643521764,-0.007364993422770864,0.8577737474413717,0.21970157887011507,-0.00021137221476615103,0.5394836337902608,0.1789754871589877,-2.787337749673339e-17,0.6
1428,1784633524.939927,0.02379696004394738,-0.032811376966900424,0.2512722891630216,0.004907633709829423,0.708,-0.006,0.859,0.99,-0.001,0.141,0.0,0.6911925285951124,-0.006261708876702802,0.8588473543175417,0.22428130048310058,-0.00013410705710886696,0.5392299827678544,0.1789754871589877,-2.787337749673339e-17,0.6
1430,1784633524.9608128,0.03119426236773612,-0.13198939407719087,0.24042154598406265,0.008138128275565872,0.712,-0.006,0.859,0.99,-0.001,0.141,0.0,0.6911925285951124,-0.006261708876702802,0.8588473543175417,0.22774261354359013,-7.720142573046135e-05,0.5390366314036718,0.1789754871589877,-2.787337749673339e-17,0.6
1430,1784633524.983732,0.031405259655417905,-0.22868924076299796,0.24909282341855105,0.00823515788177482,0.716,-0.006,0.859,0.99,-0.001,0.141,0.0,0.6911925285951124,-0.006261708876702802,0.8588473543175417,0.23356748296241003,1.00598006281459e-05,0.538719366215181,0.1789754871589877,-2.787337749673339e-17,0.6
1433,1784633525.0066836,0.012967238859876617,-0.12297830746870803,0.28606094359868667,0.0010335225585988844,0.721,-0.005,0.859,0.99,-0.0,0.141,0.0,0.6911925285951124,-0.006261708876702802,0.8588473543175417,0.23827235301390245,6.937568359793585e-05,0.5384705815910458,0.1789754871589877,-2.787337749673339e-17,0.6
1433,1784633525.0297484,0.017099668019911893,-0.09075871500148398,0.25029722507568597,-2.214881459576437e-05,0.725,-0.005,0.859,0.99,-0.0,0.141,0.0,0.6911925285951124,-0.006261708876702802,0.8588473543175417,0.2430181954023524,0.00011913416241869247,0.5382247267040559,0.1789754871589877,-2.787337749673339e-17,0.6
1435,1784633525.0547252,0.025121615560132662,-0.1884872586828708,0.23996970590983424,0.0013189985265426665,0.727,-0.005,0.859,0.99,-0.0,0.141,0.0,0.6911925285951124,-0.006261708876702802,0.8588473543175417,0.24900406761456284,0.00017893175711183605,0.5379012952872092,0.1789754871589877,-2.787337749673339e-17,0.6
1435,1784633525.080666,0.007996250853026729,-0.08377537408864172,0.2839695706469978,-0.003178265535879331,0.737,-0.005,0.859,0.99,0.0,0.14,-0.0,0.6911925285951124,-0.006261708876702802,0.8588473543175417,0.25503768023447027,0.00022918482922426364,0.5375620272884054,0.1789754871589877,-2.787337749673339e-17,0.6
1437,1784633525.1069481,0.016229353064783528,-0.06919542871271482,0.2487547804056529,-0.0023434913479817663,0.744,-0.005,0.859,0.99,0.0,0.139,-0.0,0.6911925285951124,-0.006261708876702802,0.8588473543175417,0.26236399842440455,0.00027400914725936147,0.5371610679142781,0.2441476218805934,-2.787337749673339e-17,0.6
1437,1784633525.1337497,0.019199587915378458,-0.07140318239457291,0.26401896903206956,-0.00211837439658317,0.75,-0.004,0.859,0.99,0.0,0.139,-0.0,0.6911925285951124,-0.006261708876702802,0.8588473543175417,0.26980300817384945,0.00030900780789252613,0.5367791569539242,0.2441476218805934,-2.787337749673339e-17,0.6
1440,1784633525.1595068,0.004453220987343572,0.030350068127566618,0.2614451118695137,-0.002276303200207833,0.757,-0.004,0.859,0.991,0.001,0.137,-0.0,0.7389889129196526,-0.004786947695438695,0.8591109282293998,0.27606700769200426,0.0003329515013660734,0.5364652674739955,0.2441476218805934,-2.787337749673339e-17,0.6
1440,1784633525.183232,0.0029952105180600097,0.12891845585077188,0.2615632366345892,-0.0015659331696446165,0.763,-0.004,0.859,0.991,0.001,0.136,-0.0,0.7389889129196526,-0.004786947695438695,0.8591109282293998,0.2824045107156064,0.00034294903461214095,0.5361851412105497,0.2441476218805934,-2.787337749673339e-17,0.6
1442,1784633525.2028944,0.02054044686978216,0.02569630149509347,0.23766862288114865,-0.007385668298429614,0.772,-0.004,0.859,0.991,0.001,0.135,-0.0,0.7389889129196526,-0.004786947695438695,0.8591109282293998,0.291410882862188,0.00034954715361967917,0.5358311134870674,0.2441476218805934,-2.787337749673339e-17,0.6
1444,1784633525.2232816,0.02312828426189587,-0.07493543190938895,0.23935994564524476,0.0006360667479042795,0.779,-0.003,0.859,0.991,0.001,0.134,-0.0,0.7389889129196526,-0.004786947695438695,0.8591109282293998,0.29923014061181713,0.0003206108081334277,0.5355828239077879,0.2441476218805934,-2.787337749673339e-17,0.6
1444,1784633525.2435637,0.011826854487514454,-0.07798483576530942,0.270170690355007,0.0017367809388530932,0.785,-0.003,0.859,0.991,0.001,0.133,-0.0,0.7389889129196526,-0.004786947695438695,0.8591109282293998,0.30581358857995017,0.00025224555954085734,0.5354317572571814,0.2441476218805934,-2.787337749673339e-17,0.6
1444,1784633525.2733777,0.007199840635984904,0.023956848348042944,0.2564252970653154,0.0007322878295717655,0.79,-0.003,0.86,0.991,0.001,0.132,-0.0,0.7389889129196526,-0.004786947695438695,0.8591109282293998,0.3097970496513038,0.0001976067981016956,0.5353579521081949,0.2441476218805934,-2.787337749673339e-17,0.6
1447,1784633525.2956278,0.013200851157817814,-0.0766412220533252,0.25434276154064533,0.0010486900086769295,0.794,-0.003,0.86,0.991,0.001,0.132,-0.0,0.7389889129196526,-0.004786947695438695,0.8591109282293998,0.31380514806251875,0.00013544189631279564,0.5352935508774798,0.2441476218805934,-2.787337749673339e-17,0.6
1447,1784633525.3198953,0.005853334622147337,0.02526436186721545,0.2682025740232829,0.00040279465112856626,0.798,-0.003,0.86,0.991,0.001,0.132,-0.0,0.7389889129196526,-0.004786947695438695,0.8591109282293998,0.31783342818797133,6.779222965860952e-05,0.5352307639425228,0.2441476218805934,-2.787337749673339e-17,0.6
1449,1784633525.3441296,0.026993735659836274,-0.07536690066548919,0.2297653709439805,-0.0033750524785525096,0.802,-0.003,0.86,0.991,0.001,0.131,-0.0,0.7389889129196526,-0.004786947695438695,0.8591109282293998,0.3218768969116464,-5.32453483986141e-06,0.5351658396398123,0.315855606693363,-2.787337749673339e-17,0.6
1449,1784633525.3745182,-0.004670124900460794,0.026515328126322513,0.2740197279226845,-0.004711585662546874,0.807,-0.003,0.86,0.991,0.001,0.131,-0.0,0.7389889129196526,-0.004786947695438695,0.8591109282293998,0.3313882412343666,-0.0001921464663110493,0.5350147790470922,0.315855606693363,-2.787337749673339e-17,0.6
1452,1784633525.3912544,0.015447481028831204,-0.07414639331316077,0.23399177630756796,-0.0212484629354468,0.823,-0.002,0.861,0.991,0.002,0.131,-0.0,0.7389889129196526,-0.004786947695438695,0.8591109282293998,0.3451945338131689,-0.0004902424728009937,0.5348092719835877,0.315855606693363,-2.787337749673339e-17,0.6
1452,1784633525.4090385,0.010953471996961056,-0.17229104763889425,0.23130153452559435,-0.01054274277161407,0.828,-0.002,0.861,0.991,0.002,0.131,-0.0,0.8003069324898144,-0.0027827260459819167,0.8587456695214863,0.3507906554967939,-0.000615534728884942,0.5347275137147453,0.315855606693363,-2.787337749673339e-17,0.6
1454,1784633525.4298415,-0.00966431582931644,-0.06804077163201502,0.27550526531038494,-0.0044839296494533516,0.834,-0.002,0.862,0.991,0.002,0.131,-0.0,0.8003069324898144,-0.0027827260459819167,0.8587456695214863,0.35501052168817493,-0.0007112850778897188,0.5346624868519287,0.315855606693363,-2.787337749673339e-17,0.6
1454,1784633525.4483361,-0.006519950312071162,-0.15191930082642138,0.24489107370556049,-0.0022661228955529493,0.839,-0.002,0.862,0.991,0.002,0.13,-0.0,0.8003069324898144,-0.0027827260459819167,0.8587456695214863,0.3620675511765249,-0.0008734863608927003,0.5345315173542339,0.315855606693363,-2.787337749673339e-17,0.6
1456,1784633525.4685264,-0.014213151193705885,-0.04812550587998275,0.2791790996406154,-0.00042856073783278654,0.843,-0.002,0.862,0.991,0.002,0.13,-0.0,0.8003069324898144,-0.0027827260459819167,0.8587456695214863,0.3663125996572259,-0.0009799843972354753,0.53444822501996,0.315855606693363,-2.787337749673339e-17,0.6
1456,1784633525.487806,-0.008379052416152544,-0.1468926495467645,0.24474691434773543,-0.00012589873884557212,0.847,-0.002,0.862,0.991,0.002,0.13,-0.0,0.8003069324898144,-0.0027827260459819167,0.8587456695214863,0.3705663019862651,-0.001100109234606356,0.5343706006282886,0.315855606693363,-2.787337749673339e-17,0.6
1458,1784633525.5143056,0.008230802553933932,-0.2432136666463285,0.22751269039496785,-0.002084584790145866,0.856,-0.001,0.862,0.991,0.002,0.13,-0.0,0.8003069324898144,-0.0027827260459819167,0.8587456695214863,0.37909459078553576,-0.0013718786062321946,0.5342193306988409,0.315855606693363,-2.787337749673339e-17,0.6
1458,1784633525.5496073,0.009281478673254458,-0.3371313768756889,0.24157361138312794,0.002813613001644932,0.864,-0.001,0.863,0.992,0.002,0.13,-0.0,0.8003069324898144,-0.0027827260459819167,0.8587456695214863,0.38766822813834934,-0.0016910369498010403,0.5341122219833451,0.315855606693363,-2.787337749673339e-17,0.6
1461,1784633525.5787556,-0.0020864245651325813,-0.22870728962886627,0.26729346496750483,0.003278684698377538,0.872,-0.001,0.863,0.992,0.002,0.13,-0.0,0.8003069324898144,-0.0027827260459819167,0.8587456695214863,0.3963064534271724,-0.0020401812060135776,0.5340464418994141,0.315855606693363,-2.787337749673339e-17,0.6
1461,1784633525.6219294,-0.010356005369550754,-0.1229898532555546,0.2644584334513872,0.005289101512601349,0.884,-0.001,0.863,0.992,0.002,0.128,-0.0,0.8003069324898144,-0.0027827260459819167,0.8587456695214863,0.40353408983744543,-0.0023405365247792472,0.5339874993744115,0.39226763005786125,-2.787337749673339e-17,0.6
1464,1784633525.6411977,0.011189452160970162,-0.21991463209898524,0.22350316884955995,0.0005620893523622201,0.897,-0.0,0.863,0.992,0.002,0.126,-0.0,0.8003069324898144,-0.0027827260459819167,0.8587456695214863,0.420918687939402,-0.0030542338384737396,0.5336953331405181,0.39226763005786125,-2.787337749673339e-17,0.6
1464,1784633525.6600926,-0.0051219749240786604,-0.11461717247241099,0.26790562983480265,0.0016826932887813108,0.901,-0.0,0.863,0.992,0.002,0.125,-0.0,0.8003069324898144,-0.0027827260459819167,0.8587456695214863,0.4252854383679855,-0.0032295577058947473,0.5335955675999295,0.39226763005786125,-2.787337749673339e-17,0.6
1466,1784633525.6792967,-0.007632698442469031,-0.01178417350077951,0.2511136980337389,0.0013322835516572508,0.908,-0.0,0.863,0.992,0.002,0.123,-0.0,0.8003069324898144,-0.0027827260459819167,0.8587456695214863,0.432603355109242,-0.0035164542643397493,0.5334239693733495,0.39226763005786125,-2.787337749673339e-17,0.6
1466,1784633525.6954522,-0.003981048691995078,-0.08141828468492475,0.25725080902225056,0.0009777874771326614,0.91,-0.0,0.863,0.992,0.002,0.122,-0.0,0.8003069324898144,-0.0027827260459819167,0.8587456695214863,0.4340736168793123,-0.0035730516511309793,0.5333896701428521,0.39226763005786125,-2.787337749673339e-17,0.6
1468,1784633525.7166681,-0.019276509853362517,0.020615630859078596,0.2718313502726986,0.0017268703436290817,0.917,-0.0,0.863,0.993,0.002,0.12,-0.0,0.8737571956903117,-0.0009257601807783499,0.8630858482573197,0.4429260394850337,-0.003905088212137573,0.5331681805289584,0.39226763005786125,-2.787337749673339e-17,0.6
1469,1784633525.742019,-0.01782081440807835,0.11978457176303875,0.25162478436107666,0.0014601562136100869,0.926,0.0,0.863,0.993,0.002,0.117,-0.0,0.8737571956903117,-0.0009257601807783499,0.8630858482573197,0.4518319398212819,-0.0042213431647484465,0.5329236061155577,0.39226763005786125,-2.787337749673339e-17,0.6
1469,1784633525.7694843,-0.0014994905655010098,0.0168053207703147,0.24379240208512243,-0.010487183792298646,0.931,0.0,0.863,0.993,0.002,0.115,-0.0,0.8737571956903117,-0.0009257601807783499,0.8630858482573197,0.4593015054685886,-0.0044714611406376885,0.5327119195228379,0.39226763005786125,-2.787337749673339e-17,0.6
1472,1784633525.7949593,-0.0016037881584760687,-0.08361379097356729,0.23053801313279923,-0.0064120349331862085,0.943,0.0,0.864,0.994,0.002,0.112,-0.0,0.8737571956903117,-0.0009257601807783499,0.8630858482573197,0.46832996351309003,-0.004757148384172306,0.5324614894050966,0.39226763005786125,-2.787337749673339e-17,0.6
1472,1784633525.817883,-0.012442655236979789,-0.09015386783429953,0.27418088422425285,-0.0030756936977548326,0.949,0.0,0.864,0.994,0.002,0.111,-0.0,0.8737571956903117,-0.0009257601807783499,0.8630858482573197,0.4759068452333698,-0.004975205505922275,0.5322718535859144,0.471431713731828,-2.787337749673339e-17,0.6
1474,1784633525.8382406,-0.014280058394421438,-0.11689819188359873,0.2432953611133628,-0.0015625895910519655,0.955,0.0,0.864,0.994,0.002,0.11,-0.0,0.8737571956903117,-0.0009257601807783499,0.8630858482573197,0.4804684732007385,-0.005096856686804506,0.5321625094085418,0.471431713731828,-2.787337749673339e-17,0.6
1474,1784633525.8624747,-0.017774342248435444,-0.014037671716230327,0.27151138806800756,-1.1415886635653431e-05,0.962,0.0,0.864,0.994,0.002,0.11,-0.0,0.8737571956903117,-0.0009257601807783499,0.8630858482573197,0.4865599135641299,-0.0052444051272902935,0.5320156307860165,0.471431713731828,-2.787337749673339e-17,0.6
1476,1784633525.891537,-0.015079491310863872,-0.11368453947515586,0.2422629416203343,7.589980281083033e-05,0.967,0.0,0.864,0.994,0.002,0.109,-0.0,0.8737571956903117,-0.0009257601807783499,0.8630858482573197,0.4941617007903563,-0.005393593726937295,0.5318512739611941,0.471431713731828,-2.787337749673339e-17,0.6
1478,1784633525.9165435,-0.013085187625564865,-0.17486426049801526,0.2629971240885397,0.00048717743530476244,0.976,0.001,0.864,0.994,0.002,0.109,-0.0,0.8737571956903117,-0.0009257601807783499,0.8630858482573197,0.5017732415818225,-0.00551772124045776,0.5317198941902571,0.471431713731828,-2.787337749673339e-17,0.6
1478,1784633525.938136,-0.014308798164644594,-0.1826660131072398,0.2469146839213803,0.0008613516789336556,0.98,0.001,0.864,0.994,0.002,0.109,-0.0,0.8737571956903117,-0.0009257601807783499,0.8630858482573197,0.5063477474771113,-0.005582639288836435,0.5316643462117557,0.471431713731828,-2.787337749673339e-17,0.6
1480,1784633525.9576392,-0.014041687593390131,-0.18363481534611398,0.25921526522941235,0.0009559275261742824,0.986,0.001,0.865,0.994,0.002,0.108,-0.0,0.9402225112768187,0.00020127868626100337,0.863545970539576,0.5124572046388646,-0.005652251012576339,0.5316278890936438,0.471431713731828,-2.787337749673339e-17,0.6
1481,1784633525.9815137,-0.014977067800288563,-0.18818568819009707,0.2491517669064816,0.0010825157116536482,0.993,0.001,0.865,0.994,0.002,0.108,-0.0,0.9402225112768187,0.00020127868626100337,0.863545970539576,0.5201021181969366,-0.005698495083409101,0.5316479806878793,0.471431713731828,-2.787337749673339e-17,0.6
1481,1784633526.0088558,-0.007269243775133964,-0.2834804062378429,0.21586302616621383,-0.004850599346578851,0.998,0.001,0.865,0.994,0.002,0.108,-0.0,0.9402225112768187,0.00020127868626100337,0.863545970539576,0.5246950036806257,-0.0057028814718058695,0.5316908491763331,0.471431713731828,-2.787337749673339e-17,0.6
1484,1784633526.0381577,-0.016365623362462403,-0.17639347694266438,0.2604664067736213,-0.0005928821644072086,1.004,0.001,0.865,0.994,0.002,0.107,-0.0,0.9402225112768187,0.00020127868626100337,0.863545970539576,0.53082258447617,-0.005679421131485399,0.5317819967877154,0.471431713731828,-2.787337749673339e-17,0.6
1484,1784633526.0656867,-0.015889456502618946,-0.16913791415603202,0.24673566258142327,-3.4831551188291656e-05,1.011,0.001,0.866,0.994,0.002,0.107,-0.0,0.9402225112768187,0.00020127868626100337,0.863545970539576,0.5369497616105747,-0.005619129231133875,0.5319102753823522,0.471431713731828,-2.787337749673339e-17,0.6
1486,1784633526.0931053,-0.017539998819460355,-0.16116629731408805,0.25644664822374746,0.00031508985490755204,1.022,0.001,0.867,0.994,0.002,0.106,-0.0,0.9402225112768187,0.00020127868626100337,0.863545970539576,0.5492016915801817,-0.005411769130086816,0.5322379153610407,0.471431713731828,-2.787337749673339e-17,0.6
1486,1784633526.1160383,-0.012526352999571035,-0.25713603024359144,0.2214680482325794,-0.0029396655678230457,1.034,0.001,0.867,0.995,0.002,0.103,-0.0,0.9402225112768187,0.00020127868626100337,0.863545970539576,0.5629012512514274,-0.005081151257247499,0.5325927058448968,0.5513255769000709,-2.787337749673339e-17,0.6
1489,1784633526.1382074,-0.01627791506517163,-0.15092657407958127,0.2658579280601108,-0.00087434049393331,1.041,0.001,0.867,0.995,0.002,0.102,-0.0,0.9402225112768187,0.00020127868626100337,0.863545970539576,0.5689688137923818,-0.004912183968729221,0.5327340825956257,0.5513255769000709,-2.787337749673339e-17,0.6
1489,1784633526.159538,-0.01985646186084246,-0.1217374077594887,0.24332561671283928,-8.861772202118571e-05,1.044,0.001,0.867,0.995,0.002,0.101,-0.0,0.9402225112768187,0.00020127868626100337,0.863545970539576,0.571998607083126,-0.004824119511231437,0.5328015680752953,0.5513255769000709,-2.787337749673339e-17,0.6
1491,1784633526.1919694,-0.010173836530576488,-0.01906774173955343,0.2674907554402648,0.0011151512787514726,1.051,0.001,0.868,0.995,0.001,0.099,-0.0,0.9402225112768187,0.00020127868626100337,0.863545970539576,0.5795628117945428,-0.0045920671424550365,0.532966640698639,0.5513255769000709,-2.787337749673339e-17,0.6
1491,1784633526.2246614,-0.011633088482863194,0.08127388969115325,0.25023989956752213,0.001146462103499533,1.06,0.001,0.868,0.995,0.001,0.097,-0.0,0.9402225112768187,0.00020127868626100337,0.863545970539576,0.5901169320983135,-0.004252711498515537,0.5331780249756397,0.5513255769000709,-2.787337749673339e-17,0.6
1494,1784633526.2695212,-0.01338419348968737,-0.020741162073507263,0.24765954170266077,-0.0057051859731500005,1.071,0.0,0.868,0.996,0.001,0.094,-0.0,1.0157622532061068,0.0006479590027128959,0.8661818514556834,0.6006017749019908,-0.003964876099625737,0.5334403544165115,0.5513255769000709,-2.787337749673339e-17,0.6
1497,1784633526.3189895,-0.016243986518172725,-0.12022147166994696,0.23045651412222337,-0.007514173417279457,1.084,0.0,0.868,0.996,0.001,0.092,-0.0,1.0157622532061068,0.0006479590027128959,0.8661818514556834,0.6139569393511286,-0.0036902439523769344,0.5338772303587942,0.5513255769000709,-2.787337749673339e-17,0.6
1497,1784633526.3472705,-0.02099104921009888,-0.21721592866712847,0.24091885254994885,-0.008447153075387752,1.107,0.0,0.869,0.996,0.001,0.089,-0.0,1.0157622532061068,0.0006479590027128959,0.8661818514556834,0.6316960610658008,-0.0033154099990379115,0.5344628807442564,0.629908296214043,-2.787337749673339e-17,0.6
1501,1784633526.377809,-0.02464921934401563,-0.3117854658132417,0.23530503034794645,-0.008991753459504443,1.119,-0.0,0.869,0.996,0.001,0.088,0.0,1.0157622532061068,0.0006479590027128959,0.8661818514556834,0.6521841395364859,-0.0028860473391668176,0.535066391853288,0.629908296214043,-2.787337749673339e-17,0.6
1501,1784633526.4062097,-0.02143780160079467,-0.2039913753293004,0.2794197933118318,0.0023983303238212846,1.133,-0.0,0.87,0.996,0.001,0.088,0.0,1.0157622532061068,0.0006479590027128959,0.8661818514556834,0.6622663409297406,-0.002682010380050539,0.5353091032760264,0.629908296214043,-2.787337749673339e-17,0.6
1504,1784633526.4423685,-0.010453617564857418,-0.16544315899370937,0.24416984894661747,0.002103064829944071,1.142,-0.0,0.87,0.996,0.0,0.088,0.0,1.0157622532061068,0.0006479590027128959,0.8661818514556834,0.6707774412037207,-0.0025086368245884373,0.535499600535273,0.629908296214043,-2.787337749673339e-17,0.6
1504,1784633526.488229,-0.006723353051811018,-0.06131346926572634,0.2641394288419545,0.002085020288547532,1.15,-0.0,0.87,0.996,0.0,0.087,0.0,1.084814447235634,0.0003609178482831491,0.8691729258397545,0.6791810257905048,-0.002338143574779493,0.5356480936235922,0.629908296214043,-2.787337749673339e-17,0.6
1508,1784633526.5161088,-0.008014505167963277,-0.015578406239186403,0.2490618762174342,0.0015671532641793164,1.162,-0.001,0.869,0.996,0.0,0.085,0.0,1.084814447235634,0.0003609178482831491,0.8691729258397545,0.6902515991060841,-0.002095715179219974,0.5357816395792645,0.629908296214043,-2.787337749673339e-17,0.6
1508,1784633526.5448427,-0.013994680748473525,-0.11518509878574792,0.22649547646212262,-0.000819656771548904,1.174,-0.001,0.869,0.997,0.0,0.082,0.0,1.084814447235634,0.0003609178482831491,0.8691729258397545,0.7026113110732277,-0.0018380138781746598,0.5359400527412055,0.7051724420630024,-2.787337749673339e-17,0.6
1511,1784633526.57673,-0.014234288422902572,-0.2123051261184577,0.24213678182022502,-0.004221896215642024,1.184,-0.001,0.869,0.997,-0.0,0.079,0.0,1.084814447235634,0.0003609178482831491,0.8691729258397545,0.7121569543322553,-0.0016400534064871456,0.5360429575294604,0.7051724420630024,-2.787337749673339e-17,0.6
1511,1784633526.6059551,-0.01163261752026256,-0.14863193281709186,0.2579761611788931,-0.002733315695974653,1.192,-0.001,0.869,0.997,-0.0,0.077,0.0,1.084814447235634,0.0003609178482831491,0.8691729258397545,0.7216423439737244,-0.001440276809352575,0.5361591491994013,0.7051724420630024,-2.787337749673339e-17,0.6
1514,1784633526.6377435,-0.019825091369097256,-0.24489121905396632,0.2318777859347911,-0.0032836352994763092,1.2,-0.001,0.869,0.997,-0.0,0.075,0.0,1.1579264087620793,-0.0005336275365851626,0.8687696617219645,0.7283353491663892,-0.0012760889868979684,0.5362589889407943,0.7051724420630024,-2.787337749673339e-17,0.6
1514,1784633526.6657188,-0.013609787822501204,-0.13876945930702855,0.27449079509421825,-0.0016575779368254327,1.206,-0.001,0.869,0.997,-0.0,0.074,0.0,1.1579264087620793,-0.0005336275365851626,0.8687696617219645,0.7323057392802437,-0.0011658022832020036,0.5363207388987938,0.7051724420630024,-2.787337749673339e-17,0.6
1517,1784633526.687449,-0.016587004277838026,-0.10044880580091296,0.24156426466368394,-0.00045591612169141845,1.214,-0.001,0.869,0.997,-0.0,0.072,0.0,1.1579264087620793,-0.0005336275365851626,0.8687696617219645,0.7414571214393026,-0.0008929996017744996,0.5364518988265505,0.7051724420630024,-2.787337749673339e-17,0.6
1517,1784633526.7091224,-0.0036298986797169523,-0.06304534345348461,0.2628013916708871,-0.00014804274973940172,1.219,-0.001,0.869,0.997,-0.001,0.071,0.0,1.1579264087620793,-0.0005336275365851626,0.8687696617219645,0.7466272370597394,-0.0007298660231437348,0.5365178892351636,0.7051724420630024,-2.787337749673339e-17,0.6
1519,1784633526.731121,-0.004868932413356964,-0.06417980840395046,0.24681736875540083,-2.668100493492321e-06,1.224,-0.002,0.869,0.998,-0.001,0.07,0.0,1.1579264087620793,-0.0005336275365851626,0.8687696617219645,0.7491950199700935,-0.0006475372847435326,0.5365473910354934,0.7051724420630024,-2.787337749673339e-17,0.6
1519,1784633526.757325,-0.0029759617381008713,0.03711694110864158,0.2624868274508929,0.00031570434452172564,1.228,-0.002,0.869,0.998,-0.001,0.069,0.0,1.1579264087620793,-0.0005336275365851626,0.8687696617219645,0.7543044925965008,-0.0004868517109658643,0.5366057955649025,0.7051724420630024,-2.787337749673339e-17,0.6
1521,1784633526.7818227,-0.0029400294585679642,0.13382472979705207,0.24866562438515047,0.0003448528467839978,1.237,-0.002,0.869,0.998,-0.001,0.067,0.0,1.1579264087620793,-0.0005336275365851626,0.8687696617219645,0.7632044360831243,-0.00020808653420008666,0.5367154031839025,0.7751953592331424,-2.787337749673339e-17,0.6
1521,1784633526.8057048,-0.004168824628227312,0.030582500978017735,0.2548538093453901,0.00021655218731624125,1.242,-0.002,0.869,0.998,-0.001,0.066,0.0,1.1579264087620793,-0.0005336275365851626,0.8687696617219645,0.7733222431532899,0.00012078556103279179,0.5368507121094714,0.7751953592331424,-2.787337749673339e-17,0.6
1524,1784633526.8287342,-0.00397503000051631,0.0020144841761846194,0.24921893335476494,0.0002556104606316878,1.253,-0.002,0.87,0.998,-0.001,0.063,0.0,1.1579264087620793,-0.0005336275365851626,0.8687696617219645,0.7796043828350454,0.0003356041218930515,0.5369298788082704,0.7751953592331424,-2.787337749673339e-17,0.6
1524,1784633526.85851,-0.0032267252528258208,-0.04225319381701661,0.25337188134475264,0.0002619760808941191,1.26,-0.002,0.87,0.998,-0.001,0.062,0.0,1.2305975666121374,-0.001658515838012162,0.867936573936945,0.7858452907339862,0.0005742331337396969,0.5370209322393622,0.7751953592331424,-2.787337749673339e-17,0.6
1526,1784633526.879521,-0.0028645559171852613,-0.06801259677215196,0.24960498209122184,0.00018827640301489272,1.267,-0.002,0.871,0.998,-0.001,0.061,0.0,1.2305975666121374,-0.001658515838012162,0.867936573936945,0.7944963064954844,0.0009150698789675713,0.5371736534231715,0.7751953592331424,-2.787337749673339e-17,0.6
1526,1784633526.8993099,-0.001219504043863496,0.03366422835773275,0.2567103009382275,0.00015492411767047712,1.271,-0.002,0.871,0.998,-0.001,0.061,0.0,1.2305975666121374,-0.001658515838012162,0.867936573936945,0.7981617454432525,0.0010613109182344154,0.537261239555644,0.7751953592331424,-2.787337749673339e-17,0.6
1528,1784633526.9201689,-0.00025598008537362077,0.13274963954947278,0.2533897575335006,0.00016410662564379105,1.275,-0.002,0.872,0.998,-0.001,0.061,0.0,1.2305975666121374,-0.001658515838012162,0.867936573936945,0.8030092754921702,0.0012583343623345329,0.537392476944253,0.7751953592331424,-2.787337749673339e-17,0.6
1528,1784633526.9406958,-0.0029753561731440926,0.02962691295549337,0.24879256995199647,7.392602572194905e-05,1.281,-0.002,0.872,0.998,-0.001,0.061,0.0,1.2305975666121374,-0.001658515838012162,0.867936573936945,0.8078125659263267,0.001455819777826162,0.5375377681676778,0.7751953592331424,-2.787337749673339e-17,0.6
1530,1784633526.9607012,-0.0026080593173498953,-0.07098561092943244,0.25124447982661247,-0.00013047327581743569,1.286,-0.002,0.873,0.998,-0.001,0.061,0.0,1.2305975666121374,-0.001658515838012162,0.867936573936945,0.81256912060825,0.0016593006478016986,0.5377004085295899,0.7751953592331424,-2.787337749673339e-17,0.6
1530,1784633526.9875085,-0.0031401651407466772,-0.10518972886077325,0.2494648138891163,-0.00015169274811037647,1.289,-0.002,0.873,0.998,-0.001,0.061,0.0,1.2305975666121374,-0.001658515838012162,0.867936573936945,0.8172842463299811,0.0018599862907976259,0.5378688999407952,0.7751953592331424,-2.787337749673339e-17,0.6
1533,1784633527.0078368,-0.0031388717233097377,-0.10239127244835414,0.2503501664838191,-0.0001285049451742368,1.294,-0.002,0.874,0.998,-0.001,0.061,0.0,1.2305975666121374,-0.001658515838012162,0.867936573936945,0.8219660942424172,0.002051010027745365,0.5380345174372894,0.83818828196801,-2.787337749673339e-17,0.6
1533,1784633527.0282404,-0.004810004251069377,-0.1998312945786886,0.22846307496182472,0.0008568616906967192,1.297,-0.003,0.874,0.998,-0.001,0.061,0.0,1.2896256798696284,-0.002443636055449905,0.8726422878420643,0.8266163429046126,0.002237844456580713,0.5381977623050708,0.83818828196801,-2.787337749673339e-17,0.6
1535,1784633527.04907,0.002142205601749275,-0.09483749069155559,0.27176599405742846,-0.00043989935064277686,1.305,-0.003,0.875,0.998,-0.001,0.061,0.0,1.2896256798696284,-0.002443636055449905,0.8726422878420643,0.8335290887746992,0.002517781343606973,0.5384357750501519,0.83818828196801,-2.787337749673339e-17,0.6
1535,1784633527.0708437,-0.002155792984737652,-0.19246654278905279,0.22239938827109473,0.003444538065102926,1.309,-0.003,0.876,0.998,-0.001,0.061,0.0,1.2896256798696284,-0.002443636055449905,0.8726422878420643,0.8380929070725134,0.0027038989856579747,0.538589465348545,0.83818828196801,-2.787337749673339e-17,0.6
1537,1784633527.095445,0.003520125944757423,-0.08776686769152871,0.26675251266427386,0.0011296253941203444,1.319,-0.003,0.877,0.998,-0.001,0.061,0.0,1.2896256798696284,-0.002443636055449905,0.8726422878420643,0.8504303005150229,0.0032611766422975205,0.5390103863828961,0.83818828196801,-2.787337749673339e-17,0.6
1537,1784633527.1263158,0.00219843714366523,-0.1855724940696838,0.22625366430601904,0.003376550242378696,1.324,-0.003,0.878,0.998,-0.001,0.061,0.0,1.2896256798696284,-0.002443636055449905,0.8726422878420643,0.854822180345607,0.0034844722353219305,0.5391621769443697,0.83818828196801,-2.787337749673339e-17,0.6
1540,1784633527.1423633,0.005522009998238713,-0.08093325644653045,0.2705970040139052,0.0008277470268077186,1.33,-0.003,0.879,0.998,-0.001,0.06,0.0,1.2896256798696284,-0.002443636055449905,0.8726422878420643,0.8623956410850778,0.003893531879720776,0.5394277083427959,0.83818828196801,-2.787337749673339e-17,0.6
1540,1784633527.1569972,0.0051504524094234585,-0.06485371527374136,0.23439752063256897,0.0009819519032990332,1.333,-0.003,0.879,0.998,-0.001,0.06,0.0,1.2896256798696284,-0.002443636055449905,0.8726422878420643,0.8655883955669177,0.0040701210773801885,0.5395382662002832,0.83818828196801,-2.787337749673339e-17,0.6
1541,1784633527.1736777,0.0072449056355911555,-0.1632323617358975,0.24452697424905087,0.003315766264992466,1.337,-0.003,0.88,0.998,-0.001,0.059,0.0,1.2896256798696284,-0.002443636055449905,0.8726422878420643,0.8697986926711342,0.004319028165774954,0.5396811549519079,0.83818828196801,-2.787337749673339e-17,0.6
1542,1784633527.1951494,0.009626544980526449,-0.25912598564394385,0.24030966223425823,0.0012697318048194477,1.346,-0.003,0.881,0.998,-0.001,0.058,0.0,1.2896256798696284,-0.002443636055449905,0.8726422878420643,0.8790753570263858,0.004903568094409093,0.5399320355013087,0.8925420287647372,-2.787337749673339e-17,0.6
1543,1784633527.2155137,0.010695888606481454,-0.2411313889942378,0.24566373422905924,-8.646749380423883e-05,1.349,-0.003,0.881,0.998,-0.001,0.057,0.0,1.2896256798696284,-0.002443636055449905,0.8726422878420643,0.8830997006836899,0.00515959778344255,0.5400211632353609,0.8925420287647372,-2.787337749673339e-17,0.6
1544,1784633527.2357092,0.008057180486598366,-0.13510726024440545,0.2597370586315905,-0.0027672740250114635,1.353,-0.003,0.882,0.998,-0.001,0.056,0.0,1.2896256798696284,-0.002443636055449905,0.8726422878420643,0.8870643678149819,0.005411374702351293,0.5400989648053365,0.8925420287647372,-2.787337749673339e-17,0.6
1545,1784633527.254215,0.01672404771572929,-0.031729639093591444,0.24525068692203525,-0.002096557456104557,1.356,-0.003,0.882,0.998,-0.001,0.055,0.0,1.3425411860927023,-0.002708430551760091,0.8810065208349287,0.8899960400469404,0.005602878640045106,0.5401502427896867,0.8925420287647372,-2.787337749673339e-17,0.6
1546,1784633527.2748659,0.018165884150432052,0.06903284828571121,0.25534959146913583,-0.0014941719082612356,1.36,-0.003,0.883,0.999,-0.001,0.054,0.0,1.3425411860927023,-0.002708430551760091,0.8810065208349287,0.8947874731879396,0.005942212537929331,0.5402415202222651,0.8925420287647372,-2.787337749673339e-17,0.6
1547,1784633527.2935858,0.02359541182844803,-0.03269159195692192,0.23672987623507685,0.0016971820790169655,1.363,-0.003,0.883,0.999,-0.001,0.053,0.0,1.3425411860927023,-0.002708430551760091,0.8810065208349287,0.8985360725762878,0.006231860420238253,0.5403329044889043,0.8925420287647372,-2.787337749673339e-17,0.6
1548,1784633527.3150935,0.026214679243338937,-0.13185724735655385,0.24865157972623475,0.0013497864595765736,1.367,-0.002,0.884,0.999,-0.001,0.051,0.0,1.3425411860927023,-0.002708430551760091,0.8810065208349287,0.9031281869409201,0.006609862651493382,0.540456312308256,0.8925420287647372,-2.787337749673339e-17,0.6
1549,1784633527.3350964,0.020137696027222624,-0.028831021479074695,0.2534336266247929,-0.00041289529999511743,1.371,-0.002,0.884,0.999,-0.001,0.05,0.0,1.3425411860927023,-0.002708430551760091,0.8810065208349287,0.905834269617956,0.006841821737126727,0.5405309820734859,0.8925420287647372,-2.787337749673339e-17,0.6
1550,1784633527.3550844,0.021401271652881637,0.03336311907006418,0.24628250770584686,-0.00023915775928341418,1.374,-0.002,0.885,0.999,-0.001,0.049,0.0,1.3425411860927023,-0.002708430551760091,0.8810065208349287,0.9093785176402777,0.00714903621207497,0.5406302137939675,0.8925420287647372,-2.787337749673339e-17,0.6
1551,1784633527.3734932,0.019000025644026745,0.13251351389608956,0.2556088789054401,-0.000813131272773413,1.376,-0.002,0.885,0.999,-0.001,0.048,0.0,1.3425411860927023,-0.002708430551760091,0.8810065208349287,0.9119872389531953,0.0073782501299315675,0.5406980240737111,0.8925420287647372,-2.787337749673339e-17,0.6
1552,1784633527.4014866,0.020576885396763053,0.08683160699414094,0.2451756475200943,-0.00025151043209612855,1.381,-0.002,0.885,0.999,-0.001,0.046,0.0,1.3425411860927023,-0.002708430551760091,0.8810065208349287,0.9170838197705922,0.00784215234830078,0.5408056919955704,0.8925420287647372,-2.787337749673339e-17,0.6
1552,1784633527.4192882,0.019029598457895,0.16610797727265317,0.2549603888977455,-0.0004260975601066131,1.382,-0.002,0.886,0.999,-0.001,0.046,0.0,1.3425411860927023,-0.002708430551760091,0.8810065208349287,0.9179180867087886,0.00792042208988256,0.5408200329758083,0.8925420287647372,-2.787337749673339e-17,0.6
1554,1784633527.4367688,0.020217469865468858,0.07981988841197676,0.24552469374688962,-9.75163780872287e-05,1.382,-0.002,0.886,0.999,-0.001,0.046,0.0,1.3425411860927023,-0.002708430551760091,0.8810065208349287,0.9187480368840467,0.007998780213859235,0.54083361363742,0.9368681096127107,-2.787337749673339e-17,0.6
1555,1784633527.4568892,0.018323408658227333,0.1778051699741528,0.2567512475244644,-0.000704683437967881,1.384,-0.002,0.886,0.999,-0.001,0.046,0.0,1.3425411860927023,-0.002708430551760091,0.8810065208349287,0.9203947847831051,0.008155435943075778,0.540858771200127,0.9368681096127107,-2.787337749673339e-17,0.6
1556,1784633527.475569,0.019474632427499042,0.09450853946595675,0.2442386434860576,-0.00012006089213871486,1.387,-0.002,0.886,0.999,-0.001,0.045,0.0,1.3425411860927023,-0.002708430551760091,0.8810065208349287,0.9244315826443983,0.008544005348058324,0.5409121145874092,0.9368681096127107,-2.787337749673339e-17,0.6
1557,1784633527.4946868,0.02131354887318792,0.09444766541644592,0.2538995380547924,-0.00016181658301993583,1.392,-0.002,0.887,0.999,-0.001,0.043,0.0,1.382592301469407,-0.0021587778147699657,0.885362302874779,0.9306474138477278,0.009163083601700449,0.5409878036439563,0.9368681096127107,-2.787337749673339e-17,0.6
1558,1784633527.5150166,0.022051143880831243,0.11824609097764942,0.24770654068531026,-0.00024840549193618476,1.398,-0.002,0.888,0.999,-0.001,0.043,0.0,1.382592301469407,-0.0021587778147699657,0.885362302874779,0.9365722729232456,0.009785304068616434,0.541043366045858,0.9368681096127107,-2.787337749673339e-17,0.6
1559,1784633527.5369093,0.019679838644999646,0.015290290470417231,0.24793047446434582,0.012548478136867278,1.402,-0.002,0.888,0.999,-0.0,0.043,0.0,1.382592301469407,-0.0021587778147699657,0.885362302874779,0.9408340768811351,0.010228589722229285,0.5410521339020801,0.9368681096127107,-2.787337749673339e-17,0.6
1560,1784633527.554862,0.016589419092174124,-0.08232529401630455,0.24799228727034514,0.008128329017691747,1.404,-0.001,0.889,0.999,-0.0,0.044,0.0,1.382592301469407,-0.0021587778147699657,0.885362302874779,0.9435859547032456,0.0105061234819094,0.5410466181467648,0.9368681096127107,-2.787337749673339e-17,0.6
1561,1784633527.579848,0.01464585154460727,0.012694474465825598,0.2517144227148929,0.004464806347464522,1.41,-0.001,0.89,0.999,-0.0,0.046,0.0,1.382592301469407,-0.0021587778147699657,0.885362302874779,0.9488678677555201,0.0110265062834106,0.5410061808722865,0.9368681096127107,-2.787337749673339e-17,0.6
1561,1784633527.59943,0.028497674485739408,-0.08762273898156592,0.24071173994165418,0.00870546513472685,1.411,-0.001,0.89,0.999,0.0,0.046,0.0,1.382592301469407,-0.0021587778147699657,0.885362302874779,0.9507711546880158,0.011212256890715677,0.5409858141510694,0.9368681096127107,-2.787337749673339e-17,0.6
1563,1784633527.624926,0.019900672911559458,-0.1324447910214937,0.25279683396750324,0.005893624120166555,1.412,-0.001,0.891,0.999,0.0,0.047,0.0,1.382592301469407,-0.0021587778147699657,0.885362302874779,0.9532392819593066,0.011449638812827647,0.5409579170420472,0.9368681096127107,-2.787337749673339e-17,0.6
1563,1784633527.6713123,0.0183887145319204,-0.034376377693869364,0.24679682588948157,0.0030868008484991093,1.414,-0.001,0.891,0.999,0.0,0.047,0.0,1.382592301469407,-0.0021587778147699657,0.885362302874779,0.9556241236884238,0.011674432344087046,0.5409335947570821,0.9368681096127107,-2.787337749673339e-17,0.6
1567,1784633527.707647,0.03660710383970833,-0.1335127420524435,0.24118262106249386,0.0036318875075095616,1.419,-0.0,0.892,0.999,0.0,0.049,0.0,1.382592301469407,-0.0021587778147699657,0.885362302874779,0.9622800941635566,0.012263853424394034,0.5408810770651844,0.9368681096127107,-2.787337749673339e-17,0.6
1567,1784633527.729082,0.011004253507978727,-0.030641881899725595,0.2553282443171673,0.0024235227845430425,1.423,-0.0,0.893,0.999,0.001,0.049,0.0,1.382592301469407,-0.0021587778147699657,0.885362302874779,0.965812381440653,0.012527070447447294,0.5408940323554772,0.9700341955724487,-2.787337749673339e-17,0.6
1570,1784633527.750721,0.015385968229047073,-0.045457191251063206,0.24195371510387859,0.0010119298490311487,1.424,0.0,0.894,0.999,0.001,0.05,0.0,1.382592301469407,-0.0021587778147699657,0.885362302874779,0.9672511645640831,0.012626589744775317,0.5409046500079987,0.9700341955724487,-2.787337749673339e-17,0.6
1570,1784633527.7711556,0.015484732864937775,-0.008571980685669077,0.2518392202077781,1.900584789799411e-05,1.425,0.0,0.894,0.999,0.001,0.049,0.0,1.382592301469407,-0.0021587778147699657,0.885362302874779,0.9686440054265161,0.012719902446169383,0.5409170787859328,0.9700341955724487,-2.787337749673339e-17,0.6
1572,1784633527.791455,0.009420991316395726,0.08836365065307139,0.24802631923925494,-0.000443150065834294,1.427,0.0,0.895,0.999,0.001,0.049,0.0,1.382592301469407,-0.0021587778147699657,0.885362302874779,0.9704243206421268,0.012827748377303211,0.5409385228785398,0.9700341955724487,-2.787337749673339e-17,0.6
1572,1784633527.809174,0.017193706740895858,0.04963982396428351,0.2476327417163509,-0.0005286738590480459,1.428,0.001,0.895,0.999,0.001,0.049,0.0,1.382592301469407,-0.0021587778147699657,0.885362302874779,0.9717025572676993,0.012896878795739225,0.5409552884852439,0.9700341955724487,-2.787337749673339e-17,0.6
1573,1784633527.8308523,0.017220072366829927,0.054448599006333115,0.24796937519767465,-0.0007776681965408335,1.43,0.001,0.895,0.999,0.001,0.049,0.0,1.382592301469407,-0.0021587778147699657,0.885362302874779,0.9733404571786062,0.012979510319696918,0.5409728509964682,0.9700341955724487,-2.787337749673339e-17,0.6
1575,1784633527.8582437,0.018329229577774872,0.07099628271493612,0.2476884559733834,-0.000950691990375227,1.431,0.001,0.896,0.999,0.001,0.048,0.0,1.382592301469407,-0.0021587778147699657,0.885362302874779,0.974132775180194,0.013018181832438658,0.5409788743002364,0.9700341955724487,-2.787337749673339e-17,0.6
1575,1784633527.8784385,0.011364693862535684,0.1465176623750195,0.2508069650555736,-0.0009366315167819358,1.434,0.001,0.897,0.999,0.001,0.047,0.0,1.382592301469407,-0.0021587778147699657,0.885362302874779,0.9778093696895915,0.013165189595703978,0.5410016140985848,0.9700341955724487,-2.787337749673339e-17,0.6
1577,1784633527.9002354,0.010839248102153672,0.06824194827252372,0.24801399949412203,-0.00048684425561998796,1.434,0.001,0.897,0.999,0.001,0.047,0.0,1.4156808296164223,-0.0007050149033490088,0.8916262236856131,0.9791517617388358,0.013200318816203857,0.5410072969986741,0.9700341955724487,-2.787337749673339e-17,0.6
1577,1784633527.9310026,0.02759140205605485,-0.03303694552223424,0.24161894065727146,-0.0004942357238128494,1.435,0.002,0.898,0.999,0.002,0.047,-0.0,1.4156808296164223,-0.0007050149033490088,0.8916262236856131,0.980733359265996,0.013231080375498304,0.5410017748668721,0.9911930446089455,-2.787337749673339e-17,0.6
1580,1784633527.9482744,0.005816804812023922,0.050725997599251615,0.2539526202309612,-0.0003869571747463109,1.437,0.002,0.898,0.999,0.002,0.046,-0.0,1.4156808296164223,-0.0007050149033490088,0.8916262236856131,0.9824852732246333,0.013237078289669834,0.5409842876545415,0.9911930446089455,-2.787337749673339e-17,0.6
1580,1784633527.9741755,0.03282932067928467,-0.04982230506963106,0.23827976071674364,-0.00022100429943209697,1.438,0.002,0.899,0.999,0.002,0.046,-0.0,1.4156808296164223,-0.0007050149033490088,0.8916262236856131,0.9838221728403229,0.013213489364596992,0.5409635011259613,0.9911930446089455,-2.787337749673339e-17,0.6
1582,1784633527.997503,0.0031348836996607683,0.05119505595649845,0.25786305641865503,-0.00015962931666214757,1.44,0.003,0.9,0.999,0.002,0.046,-0.0,1.4156808296164223,-0.0007050149033490088,0.8916262236856131,0.9863659498767212,0.013118572561938227,0.5409198991196782,0.9911930446089455,-2.787337749673339e-17,0.6
1582,1784633528.039708,0.01693791068923181,0.02455516093058619,0.2406616639380396,4.9068445645237196e-05,1.44,0.003,0.9,0.999,0.002,0.046,-0.0,1.4156808296164223,-0.0007050149033490088,0.8916262236856131,0.9867676922386498,0.013096973848875128,0.5409142831668887,0.9911930446089455,-2.787337749673339e-17,0.6
1585,1784633528.0665293,-0.013562134821242997,-0.025981271576790567,0.25594819075956876,0.00028046291663785697,1.441,0.003,0.901,0.999,0.002,0.047,-0.0,1.4338114762617815,0.0013236979205772537,0.8968796935424821,0.987860942300451,0.01302129139458095,0.5408872945516288,0.9911930446089455,-2.787337749673339e-17,0.6
1587,1784633528.0889232,0.01984805656473729,-0.1250056844180913,0.2387556279230889,-0.0005182958834003151,1.442,0.003,0.901,0.999,0.002,0.047,-0.0,1.4338114762617815,0.0013236979205772537,0.8968796935424821,0.9886391547892192,0.01294448982830226,0.5408504589733729,0.9911930446089455,-2.787337749673339e-17,0.6
1587,1784633528.1049256,-0.004083609496591652,-0.06620484001863493,0.25631228356315444,0.0002235883161539132,1.442,0.004,0.901,0.999,0.002,0.048,-0.0,1.4338114762617815,0.0013236979205772537,0.8968796935424821,0.9893053372990942,0.012858737428948261,0.5408019019407768,0.9911930446089455,-2.787337749673339e-17,0.6
1588,1784633528.1227012,-0.01912536713688609,-0.04039819780230046,0.2442353437155261,0.00036210756726897807,1.442,0.004,0.902,0.999,0.003,0.048,-0.0,1.4338114762617815,0.0013236979205772537,0.8968796935424821,0.9897619221100794,0.012789597881154757,0.5407616669937988,0.9998041447565185,-2.787337749673339e-17,0.6
1588,1784633528.1388223,-0.014795466247403452,-0.04129175997094724,0.2523007475567377,0.00027085171386184064,1.442,0.004,0.902,0.999,0.003,0.048,-0.0,1.4338114762617815,0.0013236979205772537,0.8968796935424821,0.9901465561167397,0.012719751770007802,0.5407178410642105,0.9998041447565185,-2.787337749673339e-17,0.6
1590,1784633528.155042,0.021621984036787535,-0.12378108185286214,0.24272810913074536,-0.0003881463951626819,1.442,0.004,0.902,0.999,0.003,0.048,-0.0,1.4421400000891573,0.0038574609104870088,0.9015813919877411,0.9905286896845307,0.012630279949714579,0.5406608447799717,0.9998041447565185,-2.787337749673339e-17,0.6
1591,1784633528.1903808,0.02909486275518442,-0.10209574173210992,0.24998658973030907,-0.000624589933209208,1.442,0.005,0.902,0.999,0.003,0.048,-0.0,1.4421400000891573,0.0038574609104870088,0.9015813919877411,0.9907595899916228,0.012558613574894014,0.5406173434173753,0.9998041447565185,-2.787337749673339e-17,0.6
1591,1784633528.2283318,-0.0001614430339651439,-0.08132829571924333,0.2479372491469695,8.261043327707415e-05,1.442,0.005,0.903,0.999,0.003,0.048,-0.0,1.4421400000891573,0.0038574609104870088,0.9015813919877411,0.9909206336607631,0.012487143055287423,0.540571769280515,0.9998041447565185,-2.787337749673339e-17,0.6
1595,1784633528.270286,0.008151369598430585,-0.03426173781326853,0.24921142907193156,-0.000255803567898872,1.442,0.005,0.903,0.999,0.003,0.048,-0.0,1.4421400000891573,0.0038574609104870088,0.9015813919877411,0.9910003959820323,0.012265431455693946,0.5404241050986331,0.9998041447565185,-2.787337749673339e-17,0.6
1595,1784633528.3152542,0.03998796138777978,0.0613289030031852,0.24691628276872332,-0.0010055158622748416,1.441,0.006,0.904,0.999,0.003,0.048,-0.0,1.4421400000891573,0.0038574609104870088,0.9015813919877411,0.9908586239425645,0.012170777803654529,0.5403560157266745,0.9998041447565185,-2.787337749673339e-17,0.6
1599,1784633528.345323,0.003094662742563453,0.025774922687178757,0.2509902113373522,-0.00037923009142524773,1.44,0.006,0.904,0.999,0.003,0.047,-0.0,1.4421400000891573,0.0038574609104870088,0.9015813919877411,0.9899745680821602,0.011942498044863884,0.540156412280491,0.9998041447565185,-2.787337749673339e-17,0.6
1599,1784633528.3699534,0.005133769253663965,0.06422814635451723,0.248178334834134,-0.00032740569691107243,1.439,0.007,0.904,0.999,0.003,0.046,-0.0,1.4421400000891573,0.0038574609104870088,0.9015813919877411,0.9894325744649533,0.011863543901353022,0.5400767818527955,0.9956475217311497,-2.787337749673339e-17,0.6
1602,1784633528.3982396,0.03493862610004321,0.16260022570495195,0.24963688012355123,-0.0005190006320910855,1.437,0.007,0.905,0.999,0.003,0.045,-0.0,1.4421400000891573,0.0038574609104870088,0.9015813919877411,0.9887760947396681,0.011787224760770305,0.5399958511951052,0.9956475217311497,-2.787337749673339e-17,0.6
1602,1784633528.4231503,0.03705999854123547,0.198301154711854,0.24654847351205697,1.6861842416312882e-05,1.436,0.007,0.905,0.999,0.003,0.044,-0.0,1.4400516866597732,0.006192289064754745,0.9039665717585654,0.9873015306219725,0.011656333417059394,0.5398434168050875,0.9956475217311497,-2.787337749673339e-17,0.6
1604,1784633528.449951,0.004712819006518154,0.0933658689375007,0.25026537981365976,0.000817254021025875,1.434,0.008,0.905,0.999,0.003,0.044,-0.0,1.4400516866597732,0.006192289064754745,0.9039665717585654,0.9861035719438639,0.011574353481715085,0.5397319636679431,0.9956475217311497,-2.787337749673339e-17,0.6
1604,1784633528.4776328,0.018167468683303566,0.190921583731564,0.2475909271646763,0.0003597913810331844,1.432,0.008,0.905,0.999,0.004,0.044,-0.0,1.4400516866597732,0.006192289064754745,0.9039665717585654,0.9844884161053684,0.011483413573773657,0.5395928530945872,0.9956475217311497,-2.787337749673339e-17,0.6
1607,1784633528.5039825,-0.0028017098039801666,0.08779223617583586,0.24944596283360707,0.0004975798623798571,1.43,0.008,0.905,0.999,0.004,0.043,-0.0,1.4400516866597732,0.006192289064754745,0.9039665717585654,0.9826363190248624,0.01139649311392666,0.5394417838329147,0.9956475217311497,-2.787337749673339e-17,0.6
1607,1784633528.527022,-0.01294032421145193,-0.010755526687082281,0.24762057441303134,0.0005803293165889583,1.428,0.009,0.905,0.999,0.004,0.044,-0.0,1.4400516866597732,0.006192289064754745,0.9039665717585654,0.9814690283245567,0.011349671797465674,0.5393494489960302,0.9956475217311497,-2.787337749673339e-17,0.6
1609,1784633528.5619607,-0.007392507575775822,0.043457348821681493,0.2496543990541983,0.000482872444723349,1.425,0.009,0.906,0.999,0.004,0.044,-0.0,1.4400516866597732,0.006192289064754745,0.9039665717585654,0.9792301174474585,0.011271159771232426,0.5391781470346595,0.9956475217311497,-2.787337749673339e-17,0.6
1609,1784633528.5885544,-0.007779996835486006,0.0341102926392212,0.24846652188848692,0.0005744263077135541,1.423,0.009,0.906,0.999,0.004,0.045,-0.0,1.4400516866597732,0.006192289064754745,0.9039665717585654,0.9771103791484033,0.011205767821453154,0.5390240148862425,0.9788293582688737,-2.787337749673339e-17,0.6
1613,1784633528.605428,-0.007712168950946377,0.020001100047281457,0.24970117975249456,0.0005606818467241459,1.42,0.009,0.906,0.999,0.004,0.047,-0.0,1.4400516866597732,0.006192289064754745,0.9039665717585654,0.974803088300862,0.011141513809133216,0.5388656243046778,0.9788293582688737,-2.787337749673339e-17,0.6
1613,1784633528.622047,-0.0018183058843743967,-0.08049685428125022,0.24519259211592834,0.0006815288064026886,1.419,0.009,0.906,0.999,0.004,0.047,-0.0,1.4243669053031716,0.008958389416591933,0.905640142135701,0.9731610328513159,0.011100050422657144,0.5387566228796672,0.9788293582688737,-2.787337749673339e-17,0.6
1613,1784633528.642726,0.005232205038367234,-0.08293800304516975,0.24922922387181026,0.00031887088032746085,1.418,0.01,0.906,0.999,0.004,0.048,-0.0,1.4243669053031716,0.008958389416591933,0.905640142135701,0.9723094867485801,0.011080144346636346,0.5387001496339638,0.9788293582688737,-2.787337749673339e-17,0.6
1615,1784633528.6667292,-0.0016886403666938462,-0.1692289830509196,0.24499560723720898,0.000559891403600589,1.416,0.01,0.906,0.999,0.004,0.048,-0.0,1.4243669053031716,0.008958389416591933,0.905640142135701,0.9709937117872852,0.011050998592463375,0.5386140591643663,0.9788293582688737,-2.787337749673339e-17,0.6
1615,1784633528.6876535,-0.0008045370818764294,-0.1391272735352028,0.24854325427523433,0.00036645104403904325,1.413,0.01,0.906,0.999,0.004,0.049,-0.0,1.4243669053031716,0.008958389416591933,0.905640142135701,0.9677448983836345,0.010986183048612846,0.5384085408791606,0.9788293582688737,-2.787337749673339e-17,0.6
1618,1784633528.7083175,0.0025745880871397555,-0.10409608048922062,0.2466247934192497,3.3994315869459576e-05,1.41,0.01,0.906,0.999,0.004,0.05,-0.0,1.4243669053031716,0.008958389416591933,0.905640142135701,0.9657795738714506,0.0109502191860969,0.5382841047537725,0.9788293582688737,-2.787337749673339e-17,0.6
1618,1784633528.7293606,0.0026299663640254912,-0.10004221043453353,0.24831397464179658,-8.22469417278141e-05,1.407,0.01,0.906,0.999,0.004,0.051,-0.0,1.4243669053031716,0.008958389416591933,0.905640142135701,0.9621530022640936,0.010883750296847237,0.5380491646764677,0.9788293582688737,-2.787337749673339e-17,0.6
1620,1784633528.7505982,0.005414755113925754,-0.04784897371636794,0.24769436488475188,-0.0002767865099971477,1.405,0.01,0.906,0.999,0.004,0.051,-0.0,1.4243669053031716,0.008958389416591933,0.905640142135701,0.9599699018020595,0.010844271138969219,0.5379088549833133,0.9788293582688737,-2.787337749673339e-17,0.6
1620,1784633528.7724564,0.01620222878928569,0.0532473680094175,0.25040678321555054,-0.0004851410046958261,1.402,0.011,0.906,0.999,0.004,0.051,-0.0,1.4243669053031716,0.008958389416591933,0.905640142135701,0.9577029048346788,0.010801382597467752,0.5377691933578702,0.9497792816417832,-2.787337749673339e-17,0.6
1622,1784633528.802636,0.009206650150955297,0.1199871347072609,0.2479928420346503,-0.0005878813238779925,1.396,0.011,0.906,0.999,0.004,0.051,-0.0,1.4243669053031716,0.008958389416591933,0.905640142135701,0.9510293561643838,0.01066025793021815,0.5373861787230707,0.9497792816417832,-2.787337749673339e-17,0.6
1622,1784633528.8372886,-0.000579403884442501,0.017098343692085446,0.24822248466399563,-0.00017514612287873826,1.392,0.011,0.906,0.999,0.004,0.05,-0.0,1.4243669053031716,0.008958389416591933,0.905640142135701,0.9464522751198261,0.010542112871344956,0.5371434591878341,0.9497792816417832,-2.787337749673339e-17,0.6
1625,1784633528.8786993,-0.012594166930393775,-0.008760618024272956,0.24739686976980904,0.0004741746030171209,1.385,0.011,0.905,0.999,0.004,0.048,-0.0,1.4020825801310424,0.010562874294239783,0.9061447935627498,0.9401956257492682,0.010373641162606665,0.5368394708626751,0.9497792816417832,-2.787337749673339e-17,0.6
1625,1784633528.9117692,-0.006679353107974824,0.09145807221716429,0.25251516409875086,0.01628928279612376,1.379,0.011,0.905,0.999,0.004,0.047,-0.0,1.4020825801310424,0.010562874294239783,0.9061447935627498,0.933544521614308,0.0102088972409655,0.5365307249599947,0.9497792816417832,-2.787337749673339e-17,0.6
1629,1784633528.9480286,-0.017567597522176223,0.034256455074604536,0.24597505117827206,0.009312424018495696,1.37,0.011,0.904,0.999,0.004,0.046,-0.0,1.4020825801310424,0.010562874294239783,0.9061447935627498,0.9249275928906511,0.010011923509377112,0.5360947839902511,0.9497792816417832,-2.787337749673339e-17,0.6
1629,1784633528.9837334,-0.019785770302225156,0.13339931215047368,0.25268427331226573,0.0060744861512680125,1.363,0.011,0.904,0.999,0.004,0.046,-0.0,1.4020825801310424,0.010562874294239783,0.9061447935627498,0.9174814997773032,0.009861680187929161,0.5356969558017443,0.9092393886432254,-2.787337749673339e-17,0.6
1632,1784633529.0185108,-0.020787739542568056,0.23004835237272253,0.24922729760239556,0.006603824056272767,1.357,0.011,0.904,0.999,0.004,0.046,-0.0,1.4020825801310424,0.010562874294239783,0.9061447935627498,0.9114367656681173,0.009737587191028525,0.5353827829017671,0.9092393886432254,-2.787337749673339e-17,0.6
1634,1784633529.0545938,-0.020931801161672547,0.12431283758107942,0.25010659999242857,0.002884459076280171,1.352,0.011,0.903,0.999,0.004,0.046,-0.0,1.4020825801310424,0.010562874294239783,0.9061447935627498,0.9051754564068653,0.009602439859237564,0.5350830956052689,0.9092393886432254,-2.787337749673339e-17,0.6
1634,1784633529.0898721,-0.022643430302941997,0.2212045971292441,0.25820595213074904,0.006888942902551704,1.344,0.011,0.903,0.999,0.004,0.047,-0.0,1.4020825801310424,0.010562874294239783,0.9061447935627498,0.8977552889464422,0.009433720632694853,0.5347603335603511,0.9092393886432254,-2.787337749673339e-17,0.6
1638,1784633529.1375344,-0.03811373434478692,0.1676795798318857,0.24374976497943376,0.003102023733793996,1.333,0.011,0.902,0.999,0.004,0.048,-0.0,1.3671511351587267,0.01144059278686241,0.9043085817810763,0.886158515365837,0.009211595971796986,0.5342565993410107,0.9092393886432254,-2.787337749673339e-17,0.6
1638,1784633529.1743362,-0.038391588152402185,0.06356084637392223,0.25207652410796383,0.0012746589402929706,1.323,0.011,0.902,0.999,0.004,0.05,-0.0,1.3671511351587267,0.01144059278686241,0.9043085817810763,0.8750986380561498,0.00907667102474926,0.5337390880544721,0.9092393886432254,-2.787337749673339e-17,0.6
1642,1784633529.227483,-0.039034238246483687,0.16193357723028495,0.2564989441232752,0.0069361788517745765,1.316,0.011,0.901,0.999,0.004,0.052,-0.0,1.3671511351587267,0.01144059278686241,0.9043085817810763,0.8668221406404027,0.00901353657607875,0.5333588099015277,0.9092393886432254,-2.787337749673339e-17,0.6
1642,1784633529.2529263,-0.03651999178952223,0.257885216620346,0.25212828999322906,0.007153138585547919,1.302,0.011,0.9,0.998,0.004,0.056,-0.0,1.3671511351587267,0.01144059278686241,0.9043085817810763,0.8550514731344288,0.008898283560435228,0.5328891228612367,0.8582452884037068,-2.787337749673339e-17,0.6
1646,1784633529.2698226,-0.029297008655525078,0.15144646496400926,0.2558028184483539,-0.0017837322822472322,1.297,0.011,0.9,0.998,0.003,0.057,-0.0,1.3134579320858635,0.011118617258188133,0.9010368800867807,0.8495459898428158,0.008825724187930246,0.5327144575151057,0.8582452884037068,-2.787337749673339e-17,0.6
1646,1784633529.2853484,-0.026440181437378647,0.056202397916739866,0.2444677285695934,-0.0015720796360783758,1.293,0.011,0.9,0.998,0.003,0.059,-0.0,1.3134579320858635,0.011118617258188133,0.9010368800867807,0.8461952213846564,0.008770240527617478,0.5326298447253156,0.8582452884037068,-2.787337749673339e-17,0.6
1647,1784633529.3008516,-0.025466383465219337,0.05584420654017656,0.25268396361034295,-0.0008523764168309176,1.291,0.011,0.9,0.998,0.003,0.059,-0.0,1.3134579320858635,0.011118617258188133,0.9010368800867807,0.8428074939454733,0.008700152737925062,0.5325669087389331,0.8582452884037068,-2.787337749673339e-17,0.6
1647,1784633529.3174179,-0.022295464477748994,0.15440841265064692,0.25479377401569514,0.0030622577365823447,1.287,0.011,0.9,0.998,0.003,0.06,-0.0,1.3134579320858635,0.011118617258188133,0.9010368800867807,0.8405299831134707,0.008647115900915811,0.5325358950714862,0.8582452884037068,-2.787337749673339e-17,0.6
1649,1784633529.3361518,-0.0232120657708944,0.2505480753121798,0.25245857607440003,0.0045961810756878895,1.284,0.011,0.9,0.998,0.003,0.061,-0.0,1.3134579320858635,0.011118617258188133,0.9010368800867807,0.8359352389877207,0.008535173531387724,0.532491180674602,0.8582452884037068,-2.787337749673339e-17,0.6
1650,1784633529.355659,-0.02843580155393692,0.14438383420128853,0.24912786931650788,0.002123286273613058,1.277,0.01,0.899,0.998,0.003,0.063,-0.0,1.3134579320858635,0.011118617258188133,0.9010368800867807,0.8301196557944857,0.008392129177407188,0.5324590003817137,0.8582452884037068,-2.787337749673339e-17,0.6
1651,1784633529.3801231,-0.0281930746976846,0.24076871790590434,0.26021734997729484,0.0038343249952357953,1.272,0.01,0.899,0.998,0.003,0.064,-0.0,1.3134579320858635,0.011118617258188133,0.9010368800867807,0.8254115629494522,0.008274959940192651,0.5324486863254903,0.8582452884037068,-2.787337749673339e-17,0.6
1651,1784633529.3995316,-0.028982458823497023,0.3142178479762758,0.25089634785536014,0.0048757224951101585,1.272,0.01,0.899,0.998,0.003,0.064,-0.0,1.3134579320858635,0.011118617258188133,0.9010368800867807,0.8254115629494522,0.008274959940192651,0.5324486863254903,0.8582452884037068,-2.787337749673339e-17,0.6
1653,1784633529.4204025,-0.03496862512584749,0.20636244970936207,0.29431304444158624,-0.00728336599786396,1.271,0.01,0.899,0.998,0.003,0.064,-0.0,1.3134579320858635,0.011118617258188133,0.9010368800867807,0.8218546274165451,0.008188539079269185,0.5324412181583043,0.8582452884037068,-2.787337749673339e-17,0.6
1653,1784633529.4405832,-0.022398322634441675,0.10120933682586906,0.23842817493053775,-0.00791224892591831,1.264,0.01,0.899,0.998,0.002,0.066,-0.0,1.3134579320858635,0.011118617258188133,0.9010368800867807,0.8170746582711994,0.008083243759157515,0.5324336555024125,0.8582452884037068,-2.787337749673339e-17,0.6
1655,1784633529.45885,-0.020725017660747507,0.08941872300759032,0.258668946404012,-0.004889836065214594,1.26,0.01,0.899,0.998,0.002,0.066,-0.0,1.3134579320858635,0.011118617258188133,0.9010368800867807,0.8146627105148413,0.008037035102894073,0.5324409470085636,0.8582452884037068,-2.787337749673339e-17,0.6
1655,1784633529.4775412,-0.02306550651200006,0.18718214429848792,0.25286373837111037,-6.641699891557582e-05,1.255,0.01,0.899,0.998,0.002,0.068,-0.0,1.3134579320858635,0.011118617258188133,0.9010368800867807,0.8097959745911953,0.007957547300186508,0.5324788213194465,0.7980996473069761,-2.787337749673339e-17,0.6
1657,1784633529.5025437,-0.022382851725881767,0.0825690849491815,0.24703718688184972,-0.0007945464551682854,1.252,0.01,0.899,0.998,0.002,0.069,-0.0,1.3134579320858635,0.011118617258188133,0.9010368800867807,0.8073448486463637,0.007924284882979324,0.5325078009112012,0.7980996473069761,-2.787337749673339e-17,0.6
1657,1784633529.5219238,-0.022153868956442196,-0.01948464993901687,0.2455418763075376,-0.001791227829485918,1.246,0.01,0.898,0.998,0.002,0.071,-0.0,1.3134579320858635,0.011118617258188133,0.9010368800867807,0.7986970446286068,0.00785259376958314,0.5326987156940175,0.7980996473069761,-2.787337749673339e-17,0.6
1659,1784633529.5422165,-0.024803443808159013,0.02893822857087859,0.252861848001488,-0.000649516127688892,1.241,0.009,0.898,0.997,0.002,0.072,-0.0,1.3134579320858635,0.011118617258188133,0.9010368800867807,0.7962072456860537,0.007850929698437977,0.532767746806207,0.7980996473069761,-2.787337749673339e-17,0.6
1659,1784633529.5623696,-0.011083022977663039,-0.05235236660920099,0.24249372564722962,-0.0004685316529147172,1.234,0.009,0.899,0.997,0.001,0.074,-0.0,1.2570913361965999,0.009842558833502537,0.8980472359173477,0.7874260961343471,0.007934313571183075,0.5330377491469162,0.7980996473069761,-2.787337749673339e-17,0.6
1661,1784633529.5836377,-0.014593294260740776,0.04894553111445382,0.26128203622997276,0.0011799363213555465,1.23,0.009,0.899,0.997,0.001,0.075,-0.0,1.2570913361965999,0.009842558833502537,0.8980472359173477,0.7836284834711418,0.00800907079135304,0.5331620112525831,0.7980996473069761,-2.787337749673339e-17,0.6
1661,1784633529.6022735,-0.012934261852277733,0.015097611602493843,0.2373002648799698,0.0016600428431035746,1.227,0.009,0.899,0.997,0.001,0.076,-0.0,1.2570913361965999,0.009842558833502537,0.8980472359173477,0.7785303801015733,0.008125750881693341,0.5333294853401009,0.7980996473069761,-2.787337749673339e-17,0.6
1664,1784633529.624443,-0.01577435427286853,0.11472016527282372,0.26519254955877974,0.0037195709696526517,1.222,0.009,0.899,0.997,0.001,0.078,-0.0,1.2570913361965999,0.009842558833502537,0.8980472359173477,0.7746820988185178,0.00821575118015753,0.5334540150463929,0.7980996473069761,-2.787337749673339e-17,0.6
1664,1784633529.6484032,-0.019050251327861922,0.21185208844051442,0.2430506331349201,0.0063645977114790645,1.216,0.009,0.899,0.997,0.001,0.079,-0.0,1.2570913361965999,0.009842558833502537,0.8980472359173477,0.7682246774440135,0.008378116548388229,0.533648828287079,0.7980996473069761,-2.787337749673339e-17,0.6
1664,1784633529.6738296,-0.008068797980454024,0.10655589977652663,0.27230964712874683,0.002676574331052822,1.213,0.009,0.899,0.997,0.001,0.08,-0.0,1.2570913361965999,0.009842558833502537,0.8980472359173477,0.76432413426037,0.008489085956594585,0.5337659354794342,0.7980996473069761,-2.787337749673339e-17,0.6
1667,1784633529.703498,-0.011906406806229735,0.0039169758327115695,0.22689000295509854,0.0012884041958301628,1.206,0.008,0.899,0.997,0.001,0.081,-0.0,1.2570913361965999,0.009842558833502537,0.8980472359173477,0.7577749180514791,0.008695854993181925,0.5339681250731738,0.7980996473069761,-2.787337749673339e-17,0.6
1667,1784633529.7280934,-0.01896520805730784,0.10381885744748154,0.27121653689640646,0.004172771113362397,1.194,0.008,0.899,0.997,0.0,0.082,-0.0,1.2570913361965999,0.009842558833502537,0.8980472359173477,0.747157954419968,0.009053959493602808,0.5343277972574224,0.7980996473069761,-2.787337749673339e-17,0.6
1670,1784633529.753679,-0.013158166241337137,0.12102360989260007,0.23270931932780572,0.003995478994479068,1.191,0.008,0.899,0.997,0.0,0.083,-0.0,1.2570913361965999,0.009842558833502537,0.8980472359173477,0.7431390413047516,0.00918472270627356,0.5344725583503953,0.7303389118128741,-2.787337749673339e-17,0.6
1670,1784633529.7832987,-0.005809912916297529,0.056939109064545454,0.2596432881584955,0.002413845249718094,1.187,0.008,0.899,0.997,0.0,0.083,-0.0,1.2570913361965999,0.009842558833502537,0.8980472359173477,0.7377619172318255,0.00935215695683335,0.5346733099064304,0.7303389118128741,-2.787337749673339e-17,0.6
1672,1784633529.8208616,-0.00868074384472596,0.07361290373188908,0.24035212943329134,0.0014437086291339061,1.177,0.008,0.899,0.996,0.0,0.084,-0.0,1.2570913361965999,0.009842558833502537,0.8980472359173477,0.7296504498130052,0.009595968829018356,0.5349657746161428,0.7303389118128741,-2.787337749673339e-17,0.6
1674,1784633529.853694,-0.002994546979171539,0.17177256953996817,0.2606417844238722,0.001113490959582594,1.169,0.007,0.899,0.996,-0.0,0.085,-0.0,1.1938767166744289,0.0080143068764246,0.8995335169963444,0.7214808964948757,0.009813749874504323,0.5352204073275314,0.7303389118128741,-2.787337749673339e-17,0.6
1674,1784633529.888185,-0.005653770036337887,0.2674648369260771,0.24567081292272336,0.0016474263457537958,1.158,0.007,0.899,0.996,-0.0,0.086,-0.0,1.1938767166744289,0.0080143068764246,0.8995335169963444,0.7091019104490748,0.010179745774236514,0.5355447553722229,0.7303389118128741,-2.787337749673339e-17,0.6
1678,1784633529.9180067,-0.004580529900088737,0.36077487256096813,0.25885810818671656,0.001897066420491893,1.149,0.007,0.899,0.996,-0.0,0.086,-0.0,1.1938767166744289,0.0080143068764246,0.8995335169963444,0.7007651918073,0.010413458150605856,0.5357249688728948,0.7303389118128741,-2.787337749673339e-17,0.6
1678,1784633529.9383545,-0.006181704405830647,0.3417195208772551,0.2519223402838887,0.0019790995895966708,1.143,0.007,0.899,0.996,-0.0,0.087,-0.0,1.1938767166744289,0.0080143068764246,0.8995335169963444,0.6937699875875717,0.010575070762933021,0.535857629492459,0.7303389118128741,-2.787337749673339e-17,0.6
1680,1784633529.9648554,-0.0073947742558514275,0.3230028594257475,0.2595506954885786,0.0017952886636107455,1.135,0.006,0.899,0.996,-0.0,0.088,-0.0,1.1938767166744289,0.0080143068764246,0.8995335169963444,0.68674053182877,0.01072916432478214,0.5359854347240381,0.7303389118128741,-2.787337749673339e-17,0.6
1680,1784633529.9865968,0.009477691832623453,0.21492779761561442,0.28111627598321964,0.008199654354840647,1.127,0.006,0.899,0.996,-0.0,0.089,-0.0,1.1938767166744289,0.0080143068764246,0.8995335169963444,0.6768302868190481,0.01094678237904844,0.5361650759335393,0.7303389118128741,-2.787337749673339e-17,0.6
1683,1784633530.0108283,-0.0063588614826658105,0.30955147344961037,0.24754063334374643,0.0034272126256991407,1.122,0.006,0.899,0.996,-0.0,0.09,-0.0,1.1938767166744289,0.0080143068764246,0.8995335169963444,0.6725597961374308,0.011036759646597546,0.5362486745488082,0.6566940592668484,-2.787337749673339e-17,0.6
1683,1784633530.0352378,0.004946054699541978,0.2587471778217717,0.2667073127143795,0.0025478086050243786,1.117,0.006,0.899,0.996,-0.001,0.092,-0.0,1.1938767166744289,0.0080143068764246,0.8995335169963444,0.6668437484323172,0.01114704364730692,0.5363744606246067,0.6566940592668484,-2.787337749673339e-17,0.6
1685,1784633530.0589626,0.0176676597695696,0.15227855396608714,0.24640353372547866,0.005260067360040039,1.112,0.006,0.899,0.996,-0.001,0.094,-0.0,1.1938767166744289,0.0080143068764246,0.8995335169963444,0.6611080518064607,0.01124124907354195,0.5365229390134615,0.6566940592668484,-2.787337749673339e-17,0.6
1685,1784633530.0859098,0.00893938317430585,0.04847402136225244,0.2515825477406639,0.007102541466757631,1.106,0.006,0.899,0.995,-0.001,0.096,-0.0,1.1265567397386858,0.006281439171695924,0.8990541489614183,0.6553702666604225,0.011322723349205817,0.5367001500312689,0.6566940592668484,-2.787337749673339e-17,0.6
1687,1784633530.126221,0.01271433256703918,-0.0527334317951933,0.237742860782717,0.00517491582745757,1.097,0.006,0.899,0.995,-0.001,0.1,-0.0,1.1265567397386858,0.006281439171695924,0.8990541489614183,0.6453326044662311,0.011431693236347783,0.5370818955274086,0.6566940592668484,-2.787337749673339e-17,0.6
1689,1784633530.1622431,0.011628629912303064,-0.15140792592937966,0.24411683011090624,0.004646525882574557,1.083,0.005,0.899,0.994,-0.001,0.107,-0.0,1.1265567397386858,0.006281439171695924,0.8990541489614183,0.6309874057884375,0.011461770600085382,0.5378445242969282,0.6566940592668484,-2.787337749673339e-17,0.6
1691,1784633530.2003906,0.005095909641988474,-0.24725639671568783,0.24822464315438014,0.001534862539315892,1.075,0.005,0.899,0.994,-0.001,0.111,-0.001,1.1265567397386858,0.006281439171695924,0.8990541489614183,0.6223851317804493,0.011440880828110855,0.5383630090285305,0.6566940592668484,-2.787337749673339e-17,0.6
1691,1784633530.2343714,-0.011851032399723646,-0.14107897803153943,0.27566472146254056,-0.001343003738169517,1.064,0.005,0.899,0.993,-0.001,0.115,-0.001,1.1265567397386858,0.006281439171695924,0.8990541489614183,0.6094564744290535,0.011371366965370354,0.5391453245509698,0.6566940592668484,-2.787337749673339e-17,0.6
1695,1784633530.2701573,-0.014286684351897453,-0.037552091272354635,0.25221110042545436,0.00021467280037438564,1.052,0.005,0.899,0.993,-0.001,0.118,-0.001,1.1265567397386858,0.006281439171695924,0.8990541489614183,0.5979833582096549,0.01123517478717064,0.53972211021065,0.5790463793337288,-2.787337749673339e-17,0.6
1695,1784633530.304765,-0.006668312414799634,-0.0925425958040623,0.24833650586845635,-0.0008383865627413192,1.04,0.005,0.899,0.993,-0.0,0.118,-0.001,1.1265567397386858,0.006281439171695924,0.8990541489614183,0.5851664379292825,0.010897082607360803,0.5401822458687393,0.5790463793337288,-2.787337749673339e-17,0.6
1698,1784633530.3199043,-0.004146095391142597,-0.0241018795662232,0.25108387749198896,-0.0017584023624854562,1.03,0.005,0.899,0.993,-0.0,0.117,-0.001,1.1265567397386858,0.006281439171695924,0.8990541489614183,0.5752895248313853,0.010551225016303597,0.5405072204247723,0.5790463793337288,-2.787337749673339e-17,0.6
1698,1784633530.3351681,0.003602933715335291,-0.12348474464853329,0.23570816541765496,-0.0025595012671026517,1.028,0.005,0.899,0.993,-0.0,0.117,-0.001,1.0598648928342067,0.004975479995956393,0.8993843700619331,0.5724791735736606,0.01045203288712772,0.5406104930878846,0.5790463793337288,-2.787337749673339e-17,0.6
1700,1784633530.356848,-0.01591205987846046,-0.020397863509699465,0.27981280327247726,-0.004807284713451598,1.024,0.004,0.898,0.993,-0.0,0.116,-0.001,1.0598648928342067,0.004975479995956393,0.8993843700619331,0.5682730842043421,0.010300826638440268,0.5407700427040031,0.5790463793337288,-2.787337749673339e-17,0.6
1701,1784633530.376475,0.00030049946981000955,-0.11988785469585414,0.22830705762557493,-0.005941371322149284,1.019,0.004,0.898,0.993,-0.0,0.115,-0.001,1.0598648928342067,0.004975479995956393,0.8993843700619331,0.5626831762931298,0.010088066467186447,0.5409847389953081,0.5790463793337288,-2.787337749673339e-17,0.6
1702,1784633530.4036562,-0.014867969702040254,-0.016891879191249695,0.27259478818024246,-0.014281338245066546,1.012,0.004,0.898,0.994,-0.0,0.114,-0.001,1.0598648928342067,0.004975479995956393,0.8993843700619331,0.557107233728586,0.009868015610555827,0.541205374346821,0.5790463793337288,-2.787337749673339e-17,0.6
1702,1784633530.4224563,-0.010260111410060817,0.08353025834716292,0.25173437417925615,-0.003533861397918307,1.008,0.004,0.898,0.994,-0.0,0.113,-0.001,1.0598648928342067,0.004975479995956393,0.8993843700619331,0.5501472805315616,0.009581130256927563,0.5414818509871785,0.5790463793337288,-2.787337749673339e-17,0.6
1704,1784633530.442481,0.003907032257858982,-0.018556665551096252,0.24291397894162406,-0.0034943528375148327,1.006,0.004,0.898,0.994,-0.0,0.112,-0.001,1.0598648928342067,0.004975479995956393,0.8993843700619331,0.5473660981502974,0.009463695657884243,0.5415937898445152,0.5790463793337288,-2.787337749673339e-17,0.6
1704,1784633530.4592953,0.002465680743760478,0.06986728279497587,0.2554606549593432,-0.0031593376501511377,1.0,0.004,0.898,0.994,-0.0,0.111,-0.001,1.0598648928342067,0.004975479995956393,0.8993843700619331,0.5404278906424486,0.009164723392681977,0.5418845260129335,0.5790463793337288,-2.787337749673339e-17,0.6
1706,1784633530.4771729,-0.001897607591509495,0.1681204803760056,0.26100449202500664,-0.0032093468732530923,0.996,0.004,0.897,0.994,-0.0,0.111,-0.001,1.0598648928342067,0.004975479995956393,0.8993843700619331,0.5362730268052833,0.00898313799832081,0.5420655669622269,0.49937941563816685,-2.787337749673339e-17,0.6
1707,1784633530.4976864,0.01641979202629002,0.06391752457811072,0.23936765631326268,-0.0032262689606082882,0.985,0.004,0.897,0.994,-0.001,0.109,-0.001,1.0598648928342067,0.004975479995956393,0.8993843700619331,0.5279795321041015,0.008616754071613858,0.5424585011948072,0.49937941563816685,-2.787337749673339e-17,0.6
1708,1784633530.5184286,0.009882978312285217,0.1623182909635863,0.2833758794262118,-0.014034077358129508,0.981,0.004,0.897,0.994,-0.001,0.108,-0.001,1.0598648928342067,0.004975479995956393,0.8993843700619331,0.5224597743647592,0.00837091793037242,0.5427287838083787,0.49937941563816685,-2.787337749673339e-17,0.6
1708,1784633530.5385325,0.015895829535857386,0.0582628966846466,0.23293479030251737,-0.009444137101208505,0.98,0.004,0.897,0.994,-0.001,0.108,-0.001,1.0598648928342067,0.004975479995956393,0.8993843700619331,0.5197061754603538,0.008250988568314199,0.5428593704888772,0.49937941563816685,-2.787337749673339e-17,0.6
1710,1784633530.5589063,0.017231894274057268,-0.04318675030501801,0.24548674206123977,-0.004855242347028521,0.973,0.004,0.896,0.994,-0.001,0.107,-0.001,1.0598648928342067,0.004975479995956393,0.8993843700619331,0.5128446794034709,0.007970272987500939,0.5431729618478512,0.49937941563816685,-2.787337749673339e-17,0.6
1710,1784633530.581429,-0.010456606310009695,0.05789283332483375,0.2893471985486055,-0.019791100258799973,0.968,0.004,0.896,0.994,-0.001,0.107,-0.001,0.9956447666427901,0.004216224132947279,0.8967411684550947,0.5087404938066412,0.007813454531859224,0.5433548517213611,0.49937941563816685,-2.787337749673339e-17,0.6
1712,1784633530.6067832,0.001652177889837625,-0.04354761561581302,0.23212988499549203,-0.012689693305800873,0.963,0.004,0.896,0.994,-0.001,0.107,-0.0,0.9956447666427901,0.004216224132947279,0.8967411684550947,0.501909833699619,0.0075650992896988106,0.543653671569939,0.49937941563816685,-2.787337749673339e-17,0.6
1712,1784633530.6295693,-0.022157663041543884,0.05754098711826043,0.27632512120749636,-0.0010070001328735343,0.955,0.004,0.896,0.994,-0.0,0.107,-0.0,0.9956447666427901,0.004216224132947279,0.8967411684550947,0.4923605735163484,0.007240515157242573,0.5440639832300849,0.49937941563816685,-2.787337749673339e-17,0.6
1715,1784633530.652224,-0.012957903500019855,-0.040627403517215194,0.23310193558426273,-0.00026172227048593816,0.947,0.004,0.895,0.994,-0.0,0.108,-0.0,0.9956447666427901,0.004216224132947279,0.8967411684550947,0.4882693877213297,0.0071077040211525045,0.544236502190661,0.49937941563816685,-2.787337749673339e-17,0.6
1715,1784633530.6724153,-0.013191352195696648,0.06036963670537736,0.2665069794257579,0.0007557672581767552,0.942,0.004,0.895,0.994,-0.0,0.108,-0.0,0.9956447666427901,0.004216224132947279,0.8967411684550947,0.4814747339143904,0.006890038722449457,0.5445355249641075,0.49937941563816685,-2.787337749673339e-17,0.6
1717,1784633530.6922774,-0.012964964775315684,0.10103509450442509,0.24099322478539487,0.0011191799372585868,0.936,0.004,0.895,0.994,-0.0,0.108,-0.0,0.9956447666427901,0.004216224132947279,0.8967411684550947,0.47606123021386987,0.0067215643483200796,0.5447596566772147,0.49937941563816685,-2.787337749673339e-17,0.6
1717,1784633530.71008,-0.014750271047234208,0.19850899647298287,0.2692498365122231,0.006490462948265363,0.932,0.004,0.894,0.994,-0.0,0.109,-0.0,0.9956447666427901,0.004216224132947279,0.8967411684550947,0.47067496161415645,0.006549039773532231,0.5449675697388592,0.49937941563816685,-2.787337749673339e-17,0.6
1719,1784633530.7309692,-0.00975314487626373,0.1294448375107808,0.23976598379928088,0.004470980636507938,0.927,0.004,0.894,0.994,-0.0,0.109,-0.0,0.9956447666427901,0.004216224132947279,0.8967411684550947,0.4652994456502326,0.0063746498815742715,0.5451559504419948,0.4197282952833776,-2.787337749673339e-17,0.6
1719,1784633530.7526293,-0.008637492212482282,0.1141967019502578,0.2627006707481,0.0033381873019733155,0.922,0.004,0.894,0.994,-0.0,0.109,-0.0,0.9956447666427901,0.004216224132947279,0.8967411684550947,0.45993139980966685,0.0062102341192202815,0.5453029013424963,0.4197282952833776,-2.787337749673339e-17,0.6
1721,1784633530.7753327,-0.007156965942016594,0.11351699474926881,0.2456960954509896,0.0025411991030386953,0.917,0.004,0.894,0.994,-0.0,0.11,-0.0,0.9956447666427901,0.004216224132947279,0.8967411684550947,0.4559074750975881,0.006096376022772185,0.5453920154117529,0.4197282952833776,-2.787337749673339e-17,0.6
1721,1784633530.7973769,-0.004677142305549527,0.1175713386242929,0.2591828242687384,0.001978037293284436,0.911,0.004,0.893,0.994,-0.0,0.11,-0.0,0.9956447666427901,0.004216224132947279,0.8967411684550947,0.45188290352085925,0.0059911820564867895,0.5454656083436148,0.4197282952833776,-2.787337749673339e-17,0.6
1723,1784633530.8169544,0.009659301021643986,0.07140946478546498,0.24272008931721611,0.0014941753812569578,0.902,0.004,0.893,0.994,-0.0,0.11,-0.0,0.929309027734373,0.00391273978420838,0.894278469762407,0.4398230174661908,0.005739186665269092,0.545629707459658,0.4197282952833776,-2.787337749673339e-17,0.6
1723,1784633530.8417861,0.012318207766371558,-0.03030972985947479,0.2486153882173543,0.0011623023153026412,0.897,0.004,0.892,0.994,-0.0,0.111,-0.0,0.929309027734373,0.00391273978420838,0.894278469762407,0.43447487737758195,0.005651991714395943,0.5456877253463696,0.4197282952833776,-2.787337749673339e-17,0.6
1725,1784633530.8627264,0.020153856081366998,0.07044717548498022,0.27933316860549656,-0.005577149909605503,0.891,0.004,0.892,0.994,-0.0,0.111,-0.0,0.929309027734373,0.00391273978420838,0.894278469762407,0.42780010708566174,0.00554887290860962,0.545750574206092,0.4197282952833776,-2.787337749673339e-17,0.6
1725,1784633530.8848953,0.016129226124123795,0.07471437037923852,0.23636288455816223,-0.003917540834710819,0.887,0.004,0.892,0.994,-0.0,0.112,-0.0,0.929309027734373,0.00391273978420838,0.894278469762407,0.4211391915572964,0.005450963896554576,0.545798961174465,0.4197282952833776,-2.787337749673339e-17,0.6
1728,1784633530.9000504,0.015048625608609967,0.032692987851055504,0.26089793612803025,-0.0026642846221485656,0.881,0.004,0.891,0.994,-0.0,0.113,-0.0,0.929309027734373,0.00391273978420838,0.894278469762407,0.41581653550908687,0.005373612877866115,0.5458208818314936,0.4197282952833776,-2.787337749673339e-17,0.6
1728,1784633530.917306,0.015232649846018532,0.03788123622948257,0.24301434923345652,-0.0019724567396017523,0.877,0.004,0.891,0.994,-0.0,0.113,-0.0,0.929309027734373,0.00391273978420838,0.894278469762407,0.41448550685045216,0.005355228856352459,0.54582504283073,0.4197282952833776,-2.787337749673339e-17,0.6
1729,1784633530.9366586,0.012801955137310724,-0.06295635206391119,0.24962754615419774,-0.001032599304908742,0.871,0.004,0.89,0.994,-0.0,0.114,-0.0,0.929309027734373,0.00391273978420838,0.894278469762407,0.4065121236231208,0.00524949159098784,0.5458538898235553,0.4197282952833776,-2.787337749673339e-17,0.6
1730,1784633530.956823,0.016527177925605947,0.03861746728741604,0.27998786898473593,-0.005918815208780908,0.865,0.004,0.89,0.993,-0.0,0.114,-0.0,0.929309027734373,0.00391273978420838,0.894278469762407,0.3998891306462673,0.005180325502551372,0.5459138850501356,0.34212774064757395,-2.787337749673339e-17,0.6
1731,1784633530.9775624,0.012594380119421099,0.07404045893443108,0.23725252067797406,-0.004049250794084358,0.86,0.004,0.89,0.993,-0.0,0.115,-0.0,0.929309027734373,0.00391273978420838,0.894278469762407,0.39459072072333323,0.0051493609460283455,0.5459910271388466,0.34212774064757395,-2.787337749673339e-17,0.6
1732,1784633531.009146,0.010758977500096646,0.05148979634834308,0.2611020882503542,-0.002467073600257455,0.852,0.004,0.889,0.993,-0.0,0.116,-0.0,0.929309027734373,0.00391273978420838,0.894278469762407,0.38796184133733363,0.0051381962794764076,0.5461112818635104,0.34212774064757395,-2.787337749673339e-17,0.6
1732,1784633531.0365908,0.00985434031443745,0.06284232186573424,0.2438970358388043,-0.001493270571242271,0.847,0.004,0.889,0.993,-0.0,0.116,-0.0,0.929309027734373,0.00391273978420838,0.894278469762407,0.38132985897305993,0.005138982473999272,0.5462334435287867,0.34212774064757395,-2.787337749673339e-17,0.6
1735,1784633531.051005,0.00807625287791653,0.06566057129034221,0.2568953614105483,-0.0008052466225277738,0.84,0.004,0.889,0.993,-0.0,0.117,-0.0,0.929309027734373,0.00391273978420838,0.894278469762407,0.37337480227762887,0.005145470237338472,0.5463763776506134,0.34212774064757395,-2.787337749673339e-17,0.6
1735,1784633531.0665376,0.022054558854876373,-0.027115483020791795,0.2408465799017857,-0.0005213098231104448,0.837,0.004,0.888,0.993,-0.0,0.117,-0.0,0.8679256782678499,0.004032796879660349,0.8907885058593238,0.3693964703223375,0.005151316856185747,0.5464440265921994,0.34212774064757395,-2.787337749673339e-17,0.6
1736,1784633531.0823913,0.020217931073671664,0.07356239518481228,0.2737740176559776,-0.016147727683384155,0.835,0.004,0.888,0.993,-0.0,0.117,-0.0,0.8679256782678499,0.004032796879660349,0.8907885058593238,0.3667462094711755,0.00515545265725261,0.5464879611805202,0.34212774064757395,-2.787337749673339e-17,0.6
1737,1784633531.0960994,0.021967327483135717,0.17172146021344944,0.24557483451335074,-0.017365510376716214,0.829,0.004,0.888,0.993,-0.0,0.117,-0.0,0.8679256782678499,0.004032796879660349,0.8907885058593238,0.3614497933579344,0.0051668690428469085,0.5465754043390332,0.34212774064757395,-2.787337749673339e-17,0.6
1738,1784633531.124711,0.021022936958945138,0.2674058233653488,0.2661537595273089,-0.015077732793424503,0.825,0.004,0.888,0.993,-0.0,0.117,-0.0,0.8679256782678499,0.004032796879660349,0.8907885058593238,0.35615740316166045,0.0051831857998551395,0.5466610154718615,0.34212774064757395,-2.787337749673339e-17,0.6
1738,1784633531.141691,0.023883723357540895,0.16072479275312312,0.23559006266218635,-0.008128078089206073,0.82,0.004,0.887,0.993,-0.0,0.118,-0.0,0.8679256782678499,0.004032796879660349,0.8907885058593238,0.3535143371442895,0.005191886746570485,0.5467027297483178,0.34212774064757395,-2.787337749673339e-17,0.6
1740,1784633531.1582463,0.02156608690181274,0.05670994999086777,0.25192747954177647,-0.003616284981720605,0.815,0.004,0.887,0.993,0.0,0.118,-0.0,0.8679256782678499,0.004032796879660349,0.8907885058593238,0.3469226747455874,0.005212887319100077,0.546806008260789,0.34212774064757395,-2.787337749673339e-17,0.6
1741,1784633531.1751282,0.019135423066799523,0.15529216686866693,0.27841220837918,-0.010510650612873231,0.809,0.004,0.887,0.993,0.0,0.118,-0.0,0.8679256782678499,0.004032796879660349,0.8907885058593238,0.3403533475443338,0.0052252321517264845,0.546902684324442,0.34212774064757395,-2.787337749673339e-17,0.6
1742,1784633531.2031014,0.024366492245621735,0.11887027081846444,0.23947438836841636,-0.0068968047182062595,0.805,0.005,0.886,0.993,0.0,0.119,-0.0,0.8679256782678499,0.004032796879660349,0.8907885058593238,0.3351105198802626,0.005231524608295521,0.5469778331312543,0.2685600915192671,-2.787337749673339e-17,0.6
1742,1784633531.2184713,0.017502936307136837,0.21587875668986306,0.277128422744161,-0.007597314286993437,0.798,0.005,0.886,0.993,0.0,0.12,-0.0,0.8679256782678499,0.004032796879660349,0.8907885058593238,0.3285710890075697,0.005239309624540472,0.5470495654408352,0.2685600915192671,-2.787337749673339e-17,0.6
1744,1784633531.2360392,0.023276983233929693,0.1313080061329378,0.24013589319886783,-0.004304821179829768,0.792,0.005,0.885,0.993,0.0,0.12,-0.0,0.8679256782678499,0.004032796879660349,0.8907885058593238,0.32335371426237036,0.005244646069279933,0.5470904278816368,0.2685600915192671,-2.787337749673339e-17,0.6
1745,1784633531.256731,0.010743329164000174,0.02803860667478103,0.2570285726233708,-0.0017865947020862236,0.785,0.005,0.885,0.993,0.001,0.122,-0.0,0.8679256782678499,0.004032796879660349,0.8907885058593238,0.31428010768498776,0.005223200277711991,0.5471772828359058,0.2685600915192671,-2.787337749673339e-17,0.6
1746,1784633531.272527,0.009595186490817458,0.07966098655062405,0.25069832708042356,-0.0005512631592503934,0.779,0.005,0.884,0.992,0.001,0.123,0.0,0.8679256782678499,0.004032796879660349,0.8907885058593238,0.309125397312499,0.005200758985630327,0.5472176269465036,0.2685600915192671,-2.787337749673339e-17,0.6
1747,1784633531.2961223,0.012130142746655963,-0.018461078326357017,0.25143736849925596,0.00016291766790772354,0.772,0.005,0.884,0.992,0.001,0.124,0.0,0.8057095603802715,0.004490036191601874,0.8863358470741347,0.3001718603602892,0.005139661787808164,0.5472859344927784,0.2685600915192671,-2.787337749673339e-17,0.6
1748,1784633531.3145015,0.011018574387429324,0.0819813028071647,0.25772529835686037,0.00013907175020169514,0.769,0.005,0.883,0.992,0.001,0.125,0.0,0.8057095603802715,0.004490036191601874,0.8863358470741347,0.29635833018811575,0.005100721451727654,0.5473139988483591,0.2685600915192671,-2.787337749673339e-17,0.6
1749,1784633531.3346376,0.011644053205444697,0.11621004720802132,0.2530788387298452,0.00024891840904076685,0.762,0.005,0.883,0.992,0.001,0.126,0.0,0.8057095603802715,0.004490036191601874,0.8863358470741347,0.28877928085065446,0.005009095155805234,0.5473630624919148,0.2685600915192671,-2.787337749673339e-17,0.6
1750,1784633531.3554487,0.010584952086606644,0.11566590154856024,0.25716217010460235,0.0003855170623372203,0.757,0.005,0.882,0.992,0.001,0.127,0.0,0.8057095603802715,0.004490036191601874,0.8863358470741347,0.28501371517412794,0.004958950542102375,0.5473824343156019,0.2685600915192671,-2.787337749673339e-17,0.6
1751,1784633531.3747299,0.01167042925413601,0.11607883051760531,0.2540753014006592,0.0004589973170564608,0.754,0.005,0.882,0.992,0.001,0.128,0.0,0.8057095603802715,0.004490036191601874,0.8863358470741347,0.2800194413496994,0.004887623066415662,0.5474032438796282,0.2685600915192671,-2.787337749673339e-17,0.6
1752,1784633531.3952103,0.007671166778762629,0.2131739079157048,0.2726663493949658,-0.0011863919971613886,0.749,0.005,0.882,0.992,0.001,0.129,0.0,0.8057095603802715,0.004490036191601874,0.8863358470741347,0.27506446211397334,0.004810532998988502,0.5474092351866252,0.2685600915192671,-2.787337749673339e-17,0.6
1753,1784633531.4136994,0.013557846493332984,0.13907015542585513,0.24398143756090723,-0.0007576006687913931,0.747,0.005,0.882,0.992,0.001,0.129,0.0,0.8057095603802715,0.004490036191601874,0.8863358470741347,0.27260421536005197,0.004769248786973431,0.5474038709953607,0.2685600915192671,-2.787337749673339e-17,0.6
1754,1784633531.435552,0.00930487888783783,0.2355920318922514,0.28257221075964567,-0.0025842054365664245,0.742,0.005,0.881,0.992,0.001,0.13,0.0,0.8057095603802715,0.004490036191601874,0.8863358470741347,0.2677186402070856,0.004680689376663149,0.5473793814809563,0.20090466536853308,-2.787337749673339e-17,0.6
1755,1784633531.4560287,0.009985621368675314,0.3296644365266246,0.261121772042764,-0.0034185698847008627,0.739,0.005,0.881,0.991,0.001,0.13,0.0,0.8057095603802715,0.004490036191601874,0.8863358470741347,0.2640896020690982,0.004608902056961744,0.5473524952369813,0.20090466536853308,-2.787337749673339e-17,0.6
1756,1784633531.4814014,0.004716725250943956,0.22142284575998777,0.2725018743402511,-0.006073115131814409,0.734,0.005,0.881,0.991,0.002,0.131,0.0,0.8057095603802715,0.004490036191601874,0.8863358470741347,0.2593005409947629,0.004507065761165988,0.5473107438254331,0.20090466536853308,-2.787337749673339e-17,0.6
1756,1784633531.505456,-0.0002910849076825459,0.31588618548119773,0.2619504659293006,-0.0034822099842139287,0.733,0.005,0.88,0.991,0.002,0.131,0.0,0.8057095603802715,0.004490036191601874,0.8863358470741347,0.25811349718364723,0.004481200785418097,0.5472992335950412,0.20090466536853308,-2.787337749673339e-17,0.6
1759,1784633531.5273583,0.0019342589885620563,0.20799156883116066,0.2580605293241252,-0.0036145200519087407,0.729,0.005,0.88,0.991,0.002,0.132,0.0,0.8057095603802715,0.004490036191601874,0.8863358470741347,0.25341453472854314,0.004378515566962675,0.5472516893812369,0.20090466536853308,-2.787337749673339e-17,0.6
1759,1784633531.5514436,-0.017465701349760488,0.3027901232456581,0.2694624055795484,-0.0022071915330394453,0.723,0.005,0.88,0.991,0.002,0.133,0.0,0.7444505508421428,0.005069944575475966,0.8813839657326348,0.2476471540408898,0.004244450084857162,0.5472004823721979,0.20090466536853308,-2.787337749673339e-17,0.6
1761,1784633531.5702941,-0.015038403044986964,0.19552508447598893,0.2459519097688167,-0.0025497600528893768,0.719,0.005,0.88,0.991,0.002,0.135,0.0,0.7444505508421428,0.005069944575475966,0.8813839657326348,0.2431161838736181,0.0041234533742408215,0.5471795546433388,0.20090466536853308,-2.787337749673339e-17,0.6
1761,1784633531.5860498,-0.014570189272247855,0.0974840566305826,0.2615559867479903,-0.0008916842422064762,0.715,0.005,0.88,0.991,0.002,0.136,0.0,0.7444505508421428,0.005069944575475966,0.8813839657326348,0.2397663650592654,0.004025440386167313,0.547175825716866,0.20090466536853308,-2.787337749673339e-17,0.6
1763,1784633531.6004446,-0.013950320293092344,0.08922052449859638,0.24905659141126477,4.725314743161068e-05,0.712,0.005,0.88,0.991,0.002,0.137,0.0,0.7444505508421428,0.005069944575475966,0.8813839657326348,0.23755495644689223,0.003956560641311404,0.5471780917049787,0.20090466536853308,-2.787337749673339e-17,0.6
1763,1784633531.6155171,-0.015350287077989223,0.1869886709771847,0.27514436716886415,0.0016919907247302495,0.71,0.005,0.88,0.99,0.002,0.138,0.0,0.7444505508421428,0.005069944575475966,0.8813839657326348,0.23318495396515135,0.003810424583298678,0.5471944072679513,0.20090466536853308,-2.787337749673339e-17,0.6
1764,1784633531.635391,-0.012550922697317045,0.08248068627614719,0.24124433864473613,0.0012592119751183223,0.703,0.005,0.88,0.99,0.002,0.141,0.0,0.7444505508421428,0.005069944575475966,0.8813839657326348,0.22782572819825628,0.0036215394322400662,0.5472281812389683,0.20090466536853308,-2.787337749673339e-17,0.6
1765,1784633531.668141,-0.012308183894838582,-0.01957896760243527,0.2537617099054486,0.0005432684924758427,0.7,0.005,0.88,0.99,0.002,0.142,0.0,0.7444505508421428,0.005069944575475966,0.8813839657326348,0.22465960639562665,0.0035049552320572377,0.5472526857605877,0.20090466536853308,-2.787337749673339e-17,0.6
1765,1784633531.7010882,-0.010055481236583909,0.08067908841566383,0.2712631293650073,0.002083974058643653,0.695,0.005,0.88,0.989,0.002,0.145,0.0,0.7444505508421428,0.005069944575475966,0.8813839657326348,0.21843985122232293,0.0032655990124083665,0.5473101395591394,0.20090466536853308,-2.787337749673339e-17,0.6
1768,1784633531.7311025,-0.012084749684695651,-0.02133595028492785,0.230822989533346,0.0010207876452587117,0.687,0.005,0.88,0.989,0.002,0.149,0.0,0.7444505508421428,0.005069944575475966,0.8813839657326348,0.21136741795346448,0.0029836696235968747,0.5473713555736442,0.20090466536853308,-2.787337749673339e-17,0.6
1770,1784633531.762535,-0.009529297217180452,-0.016737117731503423,0.2725192517092755,0.001327647649661705,0.682,0.005,0.88,0.989,0.002,0.151,0.0,0.7444505508421428,0.005069944575475966,0.8813839657326348,0.20740214399306592,0.002817675052659842,0.5473992257648734,0.140889749368021,-2.787337749673339e-17,0.6
1770,1784633531.792373,-0.004807649580628538,0.08368035031308556,0.2561490749078382,0.002830330040280861,0.674,0.005,0.88,0.988,0.002,0.154,0.0,0.7444505508421428,0.005069944575475966,0.8813839657326348,0.19871622074250184,0.0024362691470968846,0.5474655950939039,0.140889749368021,-2.787337749673339e-17,0.6
1773,1784633531.8256283,-0.009691255709087954,-0.0003018048750119545,0.25190235923616916,0.0016803762575066813,0.668,0.005,0.88,0.988,0.002,0.155,0.0,0.7444505508421428,0.005069944575475966,0.8813839657326348,0.19310804086392133,0.002170364267764859,0.5474943299358721,0.140889749368021,-2.787337749673339e-17,0.6
1773,1784633531.8604796,-0.011196034161112072,-0.10028783960942012,0.24758145801687317,0.001153675315827087,0.661,0.005,0.88,0.988,0.002,0.156,0.0,0.7444505508421428,0.005069944575475966,0.8813839657326348,0.18582471211909787,0.0018117807189203317,0.547500754948409,0.140889749368021,-2.787337749673339e-17,0.6
1776,1784633531.8885994,-0.01062960627515885,0.0022192593956959217,0.278369132933596,0.007052389849712657,0.652,0.005,0.881,0.988,0.001,0.157,0.0,0.6894504185864406,0.0053611568737111925,0.8802915933632687,0.17621568987129602,0.0013480986398979602,0.5475113883157808,0.140889749368021,-2.787337749673339e-17,0.6
1778,1784633531.9032698,-0.011959719680039772,0.10211476010756257,0.2529678612132806,0.00616981598089805,0.646,0.005,0.881,0.988,0.001,0.157,0.0,0.6894504185864406,0.0053611568737111925,0.8802915933632687,0.17282570639357367,0.0011901067537504,0.5475083385930846,0.140889749368021,-2.787337749673339e-17,0.6
1778,1784633531.9195127,-0.012675955016161826,0.19955344545803785,0.26580614101811145,0.004543779914804632,0.645,0.005,0.881,0.988,0.001,0.157,0.0,0.6894504185864406,0.0053611568737111925,0.8802915933632687,0.17031725744617382,0.0010748982568668634,0.5475010443020991,0.140889749368021,-2.787337749673339e-17,0.6
1778,1784633531.933643,-0.013954939162340786,0.09458767420854276,0.24331111386274384,0.0025766791866415235,0.642,0.005,0.881,0.988,0.001,0.157,0.0,0.6894504185864406,0.0053611568737111925,0.8802915933632687,0.16783638091209657,0.0009614566151352551,0.5474883755676435,0.09004845054835103,-2.787337749673339e-17,0.6
1780,1784633531.954496,-0.013475069659650677,0.02178003977776817,0.2604328235336996,0.0016663331104524387,0.635,0.005,0.881,0.988,0.001,0.157,0.0,0.6894504185864406,0.0053611568737111925,0.8802915933632687,0.1605511666686968,0.0006189630742400936,0.5474291318940934,0.09004845054835103,-2.787337749673339e-17,0.6
1781,1784633531.9746015,-0.01395633683846087,0.006472823954237712,0.24758341846922916,0.001123747680795364,0.631,0.005,0.881,0.988,0.001,0.157,0.0,0.6894504185864406,0.0053611568737111925,0.8802915933632687,0.15740443057655318,0.0004737567814636367,0.5474023017823101,0.09004845054835103,-2.787337749673339e-17,0.6
1782,1784633532.021278,-0.014859376264657654,0.10631098480866943,0.27414895744027395,0.0033236560844904653,0.629,0.005,0.881,0.988,0.001,0.156,0.0,0.6894504185864406,0.0053611568737111925,0.8802915933632687,0.154313584377228,0.0003331792504503682,0.5473727246521647,0.09004845054835103,-2.787337749673339e-17,0.6
1784,1784633532.040617,-0.02919618561580318,0.20324918894822241,0.2532530558280259,0.0026537638715829863,0.622,0.005,0.88,0.988,0.001,0.156,0.0,0.6894504185864406,0.0053611568737111925,0.8802915933632687,0.1475424247033972,3.9263925353140135e-05,0.5472891426531715,0.09004845054835103,-2.787337749673339e-17,0.6
1784,1784633532.0637448,-0.020273281705298685,0.09816801619977174,0.2356395142354105,-0.006425775890518244,0.619,0.005,0.88,0.988,0.001,0.157,0.0,0.6468361149904662,0.005184537978222707,0.8811211437226433,0.14461310094966362,-7.963384443442163e-05,0.5472475222995682,0.09004845054835103,-2.787337749673339e-17,0.6
1786,1784633532.0859585,-0.032744044715911524,0.19571184054874105,0.2623092435547938,-0.003873372460841549,0.617,0.005,0.88,0.988,0.001,0.157,0.0,0.6468361149904662,0.005184537978222707,0.8811211437226433,0.1410171615342251,-0.0002168030759017773,0.5471912391957587,0.09004845054835103,-2.787337749673339e-17,0.6
1788,1784633532.1072252,-0.02668069043814376,0.09081904503891074,0.2285590316600477,-0.0038324700674322483,0.614,0.005,0.88,0.988,0.001,0.157,0.0,0.6468361149904662,0.005184537978222707,0.8811211437226433,0.13890228011001324,-0.0002926169752080156,0.5471618710431396,0.09004845054835103,-2.787337749673339e-17,0.6
1788,1784633532.1269286,-0.020224597985943837,-0.011209977356165968,0.24656976197759714,-0.00342681027735936,0.611,0.005,0.88,0.988,0.001,0.157,0.0,0.6468361149904662,0.005184537978222707,0.8811211437226433,0.1361331841405105,-0.0003889483682534203,0.5471251935050852,0.09004845054835103,-2.787337749673339e-17,0.6
1790,1784633532.1620352,-0.023379074792429115,-0.11027415065928643,0.23863775760911327,-0.0019354616267739989,0.608,0.005,0.88,0.987,0.001,0.158,0.0,0.6468361149904662,0.005184537978222707,0.8811211437226433,0.13274219179830116,-0.0005074498720020957,0.547067263779103,0.09004845054835103,-2.787337749673339e-17,0.58
1790,1784633532.213902,-0.028327085849902314,-0.007529511410997697,0.25917120581331216,0.0002223775377007851,0.601,0.004,0.879,0.987,0.001,0.159,0.0,0.6468361149904662,0.005184537978222707,0.8811211437226433,0.1281166507503724,-0.0006733222877528523,0.5469511544633711,0.09004845054835103,-2.787337749673339e-17,0.58
1794,1784633532.2623963,-0.024437079363025336,-0.006298687980462646,0.24425918561755178,0.0008427781938972815,0.597,0.004,0.879,0.987,0.001,0.161,0.0,0.6468361149904662,0.005184537978222707,0.8811211437226433,0.12177812897865327,-0.0009070484103951878,0.5466522515346545,0.09004845054835103,-2.787337749673339e-17,0.58
1794,1784633532.2932854,-0.013022508666477924,-0.10614116618312705,0.22736749255107827,-0.0017218534699962025,0.593,0.004,0.878,0.987,0.001,0.162,0.0,0.6085783102527028,0.004538947572752617,0.8793947206723653,0.11810164201941938,-0.0010408486547271577,0.546358398563444,0.09004845054835103,-2.787337749673339e-17,0.58
1798,1784633532.3120642,-0.003401017510690652,-0.2034690283745038,0.25223653508386085,-0.0013653815147153068,0.588,0.004,0.877,0.987,0.0,0.163,0.0,0.6085783102527028,0.004538947572752617,0.8793947206723653,0.11220355390834602,-0.0012530767576631938,0.545676001409106,0.09004845054835103,-2.787337749673339e-17,0.58
1798,1784633532.329031,-0.0009444032828213175,-0.09838297908983404,0.24927598243387025,-9.555113946878801e-05,0.585,0.004,0.876,0.986,0.0,0.164,0.0,0.6085783102527028,0.004538947572752617,0.8793947206723653,0.10885048959117506,-0.0013664327456014583,0.5451789199176514,0.09004845054835103,-2.787337749673339e-17,0.58
1800,1784633532.3524518,-0.002131773716345863,-0.19589303442169909,0.237026886130723,-8.666947829293471e-05,0.581,0.003,0.874,0.986,0.0,0.164,0.0,0.6085783102527028,0.004538947572752617,0.8793947206723653,0.10512726526902781,-0.0014812882830904774,0.5445168065236248,0.09004845054835103,-2.787337749673339e-17,0.58
1800,1784633532.3712564,-0.0036046540982713265,-0.09160405670071765,0.26338290991436913,0.0006658295754676964,0.579,0.003,0.874,0.986,-0.0,0.164,0.0,0.6085783102527028,0.004538947572752617,0.8793947206723653,0.10256035599647216,-0.001550051976422597,0.5439644698877361,0.09004845054835103,-2.787337749673339e-17,0.58
1802,1784633532.386906,-0.004393788584995439,-0.1893131032959818,0.2230428559699163,0.0011287906502187636,0.578,0.003,0.873,0.986,-0.0,0.164,0.001,0.6085783102527028,0.004538947572752617,0.8793947206723653,0.10055649729229506,-0.0015978536502262043,0.5434688459341478,0.09004845054835103,-2.787337749673339e-17,0.5599999999999999
1802,1784633532.4043212,-0.003333154576041907,-0.21555970234571598,0.25933687902876895,0.0019248943958512712,0.576,0.003,0.872,0.986,-0.0,0.164,0.001,0.6085783102527028,0.004538947572752617,0.8793947206723653,0.09957271221120795,-0.0016201637802478667,0.5432047377900037,0.09004845054835103,-2.787337749673339e-17,0.5599999999999999
1804,1784633532.4305801,-0.007646923785573476,-0.11017696129160871,0.24971189891521323,0.003072692233836322,0.575,0.003,0.872,0.987,-0.0,0.164,0.001,0.6085783102527028,0.004538947572752617,0.8793947206723653,0.09763867789388175,-0.0016627916632454911,0.5426448354535267,0.09004845054835103,-2.787337749673339e-17,0.5599999999999999
1804,1784633532.4593084,0.0013430516434518713,-0.2072011971910536,0.237208472550011,0.0026882768986733465,0.574,0.003,0.871,0.987,-0.0,0.163,0.001,0.579617109268848,0.003371335654736559,0.8740062249412017,0.09528451314942013,-0.00171091187076884,0.5418851912434923,0.09004845054835103,-2.787337749673339e-17,0.5599999999999999
1806,1784633532.4840581,0.0052328530874244505,-0.10202351130482043,0.26745724222709755,0.0027757315891502573,0.572,0.003,0.869,0.987,-0.001,0.163,0.001,0.579617109268848,0.003371335654736559,0.8740062249412017,0.09345351248351536,-0.0017454692122335423,0.5412297831590868,0.09004845054835103,-2.787337749673339e-17,0.5599999999999999
1806,1784633532.5082772,0.00876792178342957,-0.19704949195567556,0.22671767084710293,0.002430625789985485,0.57,0.003,0.868,0.987,-0.001,0.161,0.001,0.579617109268848,0.003371335654736559,0.8740062249412017,0.09124205012650877,-0.001785474163571915,0.5403586306867896,0.09004845054835103,-2.787337749673339e-17,0.5599999999999999
1809,1784633532.5287142,0.0005694098274888863,-0.09212438566372588,0.27104840381259876,0.0021479614372268245,0.568,0.003,0.866,0.987,-0.001,0.16,0.001,0.579617109268848,0.003371335654736559,0.8740062249412017,0.08911321599649237,-0.0018262051038042651,0.5394331859760515,0.09004845054835103,-2.787337749673339e-17,0.5599999999999999
1809,1784633532.5529366,0.009383361845964713,-0.18981912428755476,0.21607081006966816,0.0015841843589951834,0.568,0.003,0.866,0.987,-0.001,0.16,0.001,0.579617109268848,0.003371335654736559,0.8740062249412017,0.0878740710418462,-0.0018509888978495428,0.5388490580378512,0.09004845054835103,-2.787337749673339e-17,0.5599999999999999
1811,1784633532.5758739,-0.007562888817353933,-0.08507364918904027,0.26066902489474586,0.0021314124747866332,0.565,0.002,0.863,0.988,-0.001,0.158,0.001,0.579617109268848,0.003371335654736559,0.8740062249412017,0.08474180969829417,-0.001923014052799196,0.537206277412859,0.09004845054835103,-2.787337749673339e-17,0.5599999999999999
1811,1784633532.596109,0.0009261576343773115,-0.18012970855173838,0.23414713679214083,0.0020470083350949187,0.564,0.002,0.861,0.988,-0.001,0.156,0.001,0.579617109268848,0.003371335654736559,0.8740062249412017,0.08291781301022821,-0.0019778245932986533,0.5361266808318015,0.09004845054835103,-2.787337749673339e-17,0.5599999999999999
1813,1784633532.6300492,0.006817433466554834,-0.20203792779281116,0.2475848074174058,0.001766966411339986,0.563,0.002,0.859,0.988,-0.001,0.155,0.001,0.579617109268848,0.003371335654736559,0.8740062249412017,0.08187814340293177,-0.0020142310449318144,0.5354665054276578,0.09004845054835103,-2.787337749673339e-17,0.5599999999999999
1813,1784633532.6533172,-0.010698794733583452,-0.0969881138525472,0.26826649728555363,0.0013594184802983725,0.562,0.002,0.858,0.988,-0.001,0.154,0.001,0.579617109268848,0.003371335654736559,0.8740062249412017,0.07956149356836233,-0.0021091812270307006,0.5338488900951593,0.09004845054835103,-2.787337749673339e-17,0.5399999999999999
1816,1784633532.6734383,0.003648363541923232,-0.19456193587138343,0.224608634982322,0.001237010989882232,0.56,0.002,0.856,0.988,-0.001,0.152,0.001,0.579617109268848,0.003371335654736559,0.8740062249412017,0.07830032323061623,-0.002167359590685449,0.5328719663143217,0.09004845054835103,-2.787337749673339e-17,0.5399999999999999
1816,1784633532.6914003,0.0006623807728037574,-0.13214960377960222,0.2636177307766648,0.0015848543783967312,0.56,0.002,0.854,0.989,-0.001,0.151,0.001,0.579617109268848,0.003371335654736559,0.8740062249412017,0.07738027971878768,-0.0022138811764414483,0.53211145583405,0.09004845054835103,-2.787337749673339e-17,0.5399999999999999
1818,1784633532.7063973,0.01043296845802469,-0.22198789454749296,0.22224203727412617,0.001450961805131466,0.558,0.002,0.851,0.989,-0.001,0.149,0.001,0.579617109268848,0.003371335654736559,0.8740062249412017,0.07531927054805566,-0.0023345699183116046,0.5302545875831616,0.09004845054835103,-2.787337749673339e-17,0.5399999999999999
1818,1784633532.7193923,-0.003668224206147125,-0.11683978233083411,0.26422712789570235,0.0020305328268329014,0.558,0.001,0.85,0.989,-0.001,0.148,0.001,0.5621232376097383,0.002040248953831426,0.8586122134013792,0.07447887556770397,-0.0023894414406462113,0.5294301938877253,0.09004845054835103,-2.787337749673339e-17,0.5399999999999999
1819,1784633532.7339487,0.0014728089828091907,-0.16825585831115253,0.22741075856507995,0.0019761640815811033,0.557,0.001,0.849,0.989,-0.001,0.147,0.001,0.5621232376097383,0.002040248953831426,0.8586122134013792,0.07393632571640207,-0.0024264422199291253,0.5288721307900797,0.09004845054835103,-2.787337749673339e-17,0.5399999999999999
1820,1784633532.7543576,0.00426429099110144,-0.14837155838426935,0.2516911308191806,0.0019394507030922998,0.556,0.001,0.846,0.989,-0.001,0.145,0.001,0.5621232376097383,0.002040248953831426,0.8586122134013792,0.07238248816020779,-0.002540006315183574,0.5271481251045474,0.09004845054835103,-2.787337749673339e-17,0.5399999999999999
1821,1784633532.7739778,0.0027236425243555903,-0.1337436868409816,0.23731873723632696,0.0019948065735031057,0.556,0.001,0.845,0.99,-0.001,0.144,0.001,0.5621232376097383,0.002040248953831426,0.8586122134013792,0.07140802633451186,-0.002618063299895093,0.525959163096688,0.09004845054835103,-2.787337749673339e-17,0.5399999999999999
1822,1784633532.793576,-0.02121269545150193,-0.03041486440846977,0.2781833191267292,0.0017982232681344858,0.555,0.001,0.843,0.99,-0.001,0.143,0.0,0.5621232376097383,0.002040248953831426,0.8586122134013792,0.07047727388975773,-0.002696972920550239,0.5247331262310196,0.09004845054835103,-2.787337749673339e-17,0.5399999999999999
1823,1784633532.8139784,-0.022695382990492997,0.01866502467438018,0.2530283239795003,0.0014502039582308382,0.555,0.001,0.842,0.99,-0.001,0.142,0.0,0.5621232376097383,0.002040248953831426,0.8586122134013792,0.0698062077918869,-0.002758561189526681,0.5237906829008117,0.09004845054835103,-2.787337749673339e-17,0.5399999999999999
1824,1784633532.8737354,0.0048950842504359195,-0.08162813177292517,0.22942893404359005,4.782165995617085e-05,0.555,0.001,0.841,0.99,-0.001,0.141,0.0,0.5621232376097383,0.002040248953831426,0.8586122134013792,0.06937144761652131,-0.0027994973656845002,0.5231497616226097,0.09004845054835103,-2.787337749673339e-17,0.5399999999999999
1824,1784633532.8905401,0.00612786625122105,-0.16313463651626947,0.24650888205888466,-0.0001857173846413413,0.555,0.001,0.841,0.99,-0.001,0.141,0.0,0.5621232376097383,0.002040248953831426,0.8586122134013792,0.06937144761652131,-0.0027994973656845002,0.5231497616226097,0.09004845054835103,-2.787337749673339e-17,0.5399999999999999
1828,1784633532.9085722,-0.018470942758094924,-0.05910313118602818,0.2766644023014351,0.0004851207670735155,0.553,0.001,0.833,0.991,-0.001,0.136,0.0,0.5621232376097383,0.002040248953831426,0.8586122134013792,0.06643574203266239,-0.0030628323612771563,0.517942428265046,0.09004845054835103,-2.787337749673339e-17,0.5199999999999999
1828,1784633532.9265685,-0.003626109889581442,-0.14275262562570717,0.22906610834183777,-1.8678179374822883e-05,0.553,0.0,0.831,0.991,-0.001,0.135,0.0,0.5621232376097383,0.002040248953831426,0.8586122134013792,0.06591298135242674,-0.0031168645488051363,0.5168145840475563,0.09004845054835103,-2.787337749673339e-17,0.5199999999999999
1830,1784633532.9428463,-0.006675400470835053,-0.09552284608861325,0.2681334296848683,-1.5015420437222612e-05,0.552,0.0,0.827,0.991,-0.001,0.134,0.0,0.5621232376097383,0.002040248953831426,0.8586122134013792,0.06507176402896626,-0.0032065553604525105,0.5148619245301437,0.09004845054835103,-2.787337749673339e-17,0.5199999999999999
1830,1784633532.9676619,-0.029622064401898792,-0.014001029922311836,0.25861827588462044,0.000824465813494857,0.552,0.0,0.825,0.991,-0.001,0.133,0.0,0.5539040763196736,0.0008121715119020802,0.83792270320731,0.0644189158514042,-0.003275913002688175,0.5132425237899313,0.09004845054835103,-2.787337749673339e-17,0.5199999999999999
1832,1784633532.9933488,-0.013163922956700855,-0.06854333805846052,0.23375978664105646,0.0005043567433658186,0.552,0.0,0.823,0.991,-0.001,0.133,0.0,0.5539040763196736,0.0008121715119020802,0.83792270320731,0.06394333432851164,-0.0033265050471841533,0.5120050301935446,0.09004845054835103,-2.787337749673339e-17,0.5199999999999999
1832,1784633533.0159423,-0.016185385811359972,-0.05219417359891337,0.2616833918040849,0.0004675523723714212,0.552,-0.0,0.82,0.991,-0.001,0.132,0.0,0.5539040763196736,0.0008121715119020802,0.83792270320731,0.06303743491704923,-0.0034245355412082772,0.5094726984284398,0.09004845054835103,-2.787337749673339e-17,0.5199999999999999
1834,1784633533.0408037,-0.026699565149118542,-0.049433788216965785,0.26587383239008144,0.0008214505135246918,0.551,-0.0,0.815,0.991,-0.001,0.13,0.0,0.5539040763196736,0.0008121715119020802,0.83792270320731,0.062338183251780595,-0.00348351135639239,0.5073217242580531,0.09004845054835103,-2.787337749673339e-17,0.5199999999999999
1834,1784633533.0615916,-0.014359819736428081,-0.08430896921197632,0.23917938263013055,0.0006121103414715927,0.551,-0.0,0.809,0.992,-0.001,0.129,0.0,0.5539040763196736,0.0008121715119020802,0.83792270320731,0.06101586294212433,-0.0035364933885144957,0.5025175712344881,0.09004845054835103,-2.787337749673339e-17,0.5199999999999999
1836,1784633533.0789456,-0.022558329355677576,-0.10598974567596611,0.28208312709334926,0.0008614633921787637,0.551,-0.001,0.807,0.992,-0.001,0.129,0.0,0.5539040763196736,0.0008121715119020802,0.83792270320731,0.06069021224059102,-0.003533911536668324,0.5011833077243208,0.09004845054835103,-2.787337749673339e-17,0.5199999999999999
1836,1784633533.09446,-0.015024921269104968,-0.10831422831837928,0.2375157833429507,0.0007305225882632374,0.551,-0.001,0.806,0.992,-0.001,0.129,0.0,0.5539040763196736,0.0008121715119020802,0.83792270320731,0.06047996483066012,-0.003527258383963961,0.5002874962179618,0.09004845054835103,-2.787337749673339e-17,0.4999999999999999
1838,1784633533.1154861,-0.018832553197930927,-0.11927040705608381,0.28153108321688786,0.0008617735792028235,0.551,-0.001,0.803,0.992,-0.001,0.128,0.0,0.5539040763196736,0.0008121715119020802,0.83792270320731,0.05998904081574014,-0.0034912366584131287,0.49803179759358307,0.09004845054835103,-2.787337749673339e-17,0.4999999999999999
1839,1784633533.1340563,-0.021213347121896327,-0.11559935481238366,0.2248067820121179,0.0012661793519035778,0.551,-0.001,0.801,0.992,-0.001,0.128,0.0,0.5514017040481051,-0.0006449586428406966,0.8057302275371568,0.05963974137678026,-0.0034512922964677006,0.49621588371319175,0.09004845054835103,-2.787337749673339e-17,0.4999999999999999
1840,1784633533.156525,-0.023068846431730017,-0.12552065774469867,0.26909683409438234,0.0013351539962661572,0.551,-0.001,0.798,0.992,-0.001,0.127,0.0,0.5514017040481051,-0.0006449586428406966,0.8057302275371568,0.05933063568493956,-0.0034015208907704144,0.49439687844068464,0.09004845054835103,-2.787337749673339e-17,0.4999999999999999
1841,1784633533.1762662,-0.021903769610816554,-0.11349882162070268,0.2227432990981529,0.0013182088533169709,0.551,-0.001,0.796,0.992,-0.001,0.127,0.0,0.5514017040481051,-0.0006449586428406966,0.8057302275371568,0.05919134511582171,-0.0033729104836675446,0.49348666034160155,0.09004845054835103,-2.787337749673339e-17,0.4999999999999999
1842,1784633533.1966686,-0.013285158007360555,-0.06957389119631394,0.2568863441068375,0.0010958388241974135,0.551,-0.001,0.795,0.992,-0.001,0.127,0.0,0.5514017040481051,-0.0006449586428406966,0.8057302275371568,0.05900418278713533,-0.0033266637142831054,0.4921225892938853,0.09004845054835103,-2.787337749673339e-17,0.4999999999999999
1843,1784633533.219664,-0.016767329987922665,-0.10049947799387797,0.23906526672930056,0.0009789971796282332,0.551,-0.001,0.793,0.992,-0.001,0.127,0.0,0.5514017040481051,-0.0006449586428406966,0.8057302275371568,0.05888987038236645,-0.003295008750132131,0.4912132390929767,0.09004845054835103,-2.787337749673339e-17,0.4999999999999999
1843,1784633533.238142,-0.020456266085736155,-0.12824170459339435,0.2758089681658864,0.0010793931581211487,0.551,-0.001,0.791,0.992,-0.001,0.126,0.0,0.5514017040481051,-0.0006449586428406966,0.8057302275371568,0.05873302293984854,-0.0032466133403163486,0.4898541632183483,0.09004845054835103,-2.787337749673339e-17,0.4999999999999999
1845,1784633533.2575278,-0.020345931600233822,-0.12484807388284302,0.252484907578595,0.0011368022519703137,0.552,-0.001,0.789,0.992,-0.001,0.126,0.0,0.5514017040481051,-0.0006449586428406966,0.8057302275371568,0.05854895582138985,-0.0031778270707886213,0.488049938370661,0.09004845054835103,-2.787337749673339e-17,0.4999999999999999
1846,1784633533.289693,-0.013472188345248678,-0.08321520268804765,0.2429594687435361,0.002121572609242292,0.552,-0.001,0.786,0.992,-0.001,0.125,0.001,0.5514017040481051,-0.0006449586428406966,0.8057302275371568,0.05838591024162736,-0.0030954943267080294,0.4862411181480809,0.09004845054835103,-2.787337749673339e-17,0.4999999999999999
1846,1784633533.3085616,-0.003879286949539368,-0.0882905473971807,0.25042225342792146,0.0025002570382083415,0.552,-0.002,0.783,0.992,-0.002,0.125,0.001,0.5514017040481051,-0.0006449586428406966,0.8057302275371568,0.05821677059733515,-0.0029730916208540654,0.48396037987321755,0.09004845054835103,-2.787337749673339e-17,0.4999999999999999
1849,1784633533.328176,-0.0030324792058443045,-0.06593064636844528,0.23724235490251372,0.002648081217779838,0.552,-0.002,0.781,0.992,-0.002,0.124,0.001,0.5514017040481051,-0.0006449586428406966,0.8057302275371568,0.05811416674704223,-0.0028602119653349353,0.4821245027192136,0.09004845054835103,-2.787337749673339e-17,0.4999999999999999
1849,1784633533.349641,-0.0018491958936978229,-0.1040576179361557,0.276606933305806,0.0028462894225885675,0.553,-0.002,0.777,0.992,-0.002,0.123,0.001,0.5514017040481051,-0.0006449586428406966,0.8057302275371568,0.058029914710151814,-0.0026724731366365643,0.4793672754129845,0.09004845054835103,-2.787337749673339e-17,0.4999999999999999
1851,1784633533.3730981,-0.0016660914351562866,-0.10017671307307596,0.2526763379809617,0.002915807893050718,0.553,-0.002,0.774,0.993,-0.002,0.122,0.001,0.5514017040481051,-0.0006449586428406966,0.8057302275371568,0.05801421646845844,-0.002509424024501657,0.47706022781218843,0.09004845054835103,-2.787337749673339e-17,0.47999999999999987
1851,1784633533.392567,-0.0010609190069164583,-0.05506031726555319,0.2364674627946446,0.0028669491219373267,0.554,-0.002,0.772,0.993,-0.002,0.122,0.001,0.5514017040481051,-0.0006449586428406966,0.8057302275371568,0.058025235869008894,-0.002409381530793434,0.4756690037062659,0.09004845054835103,-2.787337749673339e-17,0.47999999999999987
1853,1784633533.4122815,-0.0022045931595194327,-0.11849438666433723,0.2785698746988633,0.002920574281525753,0.554,-0.002,0.769,0.993,-0.002,0.121,0.001,0.5514017040481051,-0.0006449586428406966,0.8057302275371568,0.058067416690953576,-0.0022421719185788617,0.4733406475129796,0.09004845054835103,-2.787337749673339e-17,0.47999999999999987
1853,1784633533.4339645,0.010384786700743207,-0.15751569673631918,0.22196389466970995,0.0022345520508088865,0.554,-0.002,0.768,0.993,-0.002,0.121,0.001,0.5529751913638719,-0.0018439372632522415,0.7754749339369786,0.058105842867297086,-0.002143631268382873,0.4719471784508881,0.09004845054835103,-2.787337749673339e-17,0.47999999999999987
1855,1784633533.4581056,0.018013297936163623,-0.11554379144691052,0.2569716812614976,0.001782282550565951,0.555,-0.002,0.766,0.993,-0.002,0.12,0.001,0.5529751913638719,-0.0018439372632522415,0.7754749339369786,0.05815587831785523,-0.0020423005694373327,0.47056398518442316,0.09004845054835103,-2.787337749673339e-17,0.47999999999999987
1855,1784633533.479385,0.016372855265083877,-0.12983966897059,0.23844565427377917,0.0017119157423457958,0.555,-0.002,0.764,0.993,-0.002,0.119,0.001,0.5529751913638719,-0.0018439372632522415,0.7754749339369786,0.05823924209035432,-0.0019018357395728413,0.4687320614188779,0.09004845054835103,-2.787337749673339e-17,0.47999999999999987
1857,1784633533.4939435,0.017607493321061794,-0.11727601290353147,0.24488626013407616,0.0015336575504857606,0.555,-0.002,0.761,0.993,-0.002,0.119,0.001,0.5529751913638719,-0.0018439372632522415,0.7754749339369786,0.05834455665835972,-0.0017556123367775552,0.4669126614296293,0.09004845054835103,-2.787337749673339e-17,0.47999999999999987
1858,1784633533.5163515,0.01640666987580258,-0.11564219709436761,0.240691393867086,0.0015221641276855556,0.556,-0.002,0.758,0.993,-0.002,0.118,0.001,0.5529751913638719,-0.0018439372632522415,0.7754749339369786,0.05852685746655335,-0.0015304781717590133,0.46417798002929495,0.09004845054835103,-2.787337749673339e-17,0.47999999999999987
1859,1784633533.5395777,0.009819757281094113,-0.16179753720711648,0.27348426538189585,0.0017188105496866307,0.557,-0.002,0.756,0.993,-0.002,0.117,0.001,0.5529751913638719,-0.0018439372632522415,0.7754749339369786,0.0586305744797026,-0.0014149911729090746,0.4628019675720462,0.09004845054835103,-2.787337749673339e-17,0.47999999999999987
1859,1784633533.5612354,0.013495929444088249,-0.14082658060354597,0.23096346283047514,0.0014169457218388935,0.557,-0.002,0.755,0.993,-0.002,0.117,0.001,0.5529751913638719,-0.0018439372632522415,0.7754749339369786,0.058666541175171054,-0.0013769038142642138,0.4623422650214509,0.09004845054835103,-2.787337749673339e-17,0.47999999999999987
1861,1784633533.5802307,0.007171510711100125,-0.14821857707863623,0.2751171287364097,0.0016580146657575428,0.557,-0.002,0.753,0.993,-0.002,0.116,0.001,0.5529751913638719,-0.0018439372632522415,0.7754749339369786,0.05877819367037683,-0.0012657310999436345,0.46096099920176864,0.09004845054835103,-2.787337749673339e-17,0.47999999999999987
1861,1784633533.6031284,0.003999021334236117,-0.1519455481971282,0.25324916760026334,0.0017458890759944183,0.558,-0.003,0.751,0.993,-0.002,0.116,0.001,0.5529751913638719,-0.0018439372632522415,0.7754749339369786,0.058940545968293324,-0.0011205262528730618,0.4591071235575328,0.09004845054835103,-2.787337749673339e-17,0.47999999999999987
1863,1784633533.6193721,0.01286893240510954,-0.10040290616679698,0.23682442125454845,0.0014085570005719075,0.558,-0.003,0.748,0.993,-0.002,0.115,0.001,0.5529751913638719,-0.0018439372632522415,0.7754749339369786,0.059127927602773384,-0.0009749465361715904,0.45724470444734466,0.09004845054835103,-2.787337749673339e-17,0.47999999999999987
1864,1784633533.6350098,0.01013468524885912,-0.12298790385201631,0.2562641231474626,0.0015825623943081669,0.558,-0.003,0.747,0.993,-0.002,0.115,0.001,0.5529751913638719,-0.0018439372632522415,0.7754749339369786,0.0592284575143939,-0.0009047570153497128,0.45631456695826345,0.09004845054835103,-2.787337749673339e-17,0.47999999999999987
1865,1784633533.6553764,0.01462109346640315,-0.0865482160497312,0.22935442444952284,0.0015350071105518011,0.56,-0.003,0.743,0.994,-0.002,0.113,0.001,0.5529751913638719,-0.0018439372632522415,0.7754749339369786,0.059642021328183754,-0.0006641378218091402,0.4530461785938102,0.09004845054835103,-2.787337749673339e-17,0.45999999999999985
1866,1784633533.6868157,0.015187170013325335,-0.05044814970889008,0.2475166492459649,0.0015863347961410906,0.56,-0.003,0.741,0.994,-0.002,0.112,0.001,0.5529751913638719,-0.0018439372632522415,0.7754749339369786,0.059932696297843605,-0.0005223626836319762,0.4511697497770386,0.09004845054835103,-2.787337749673339e-17,0.45999999999999985
1866,1784633533.7151802,0.010821424476837278,-0.09072624567174412,0.24848816298974855,0.0017502977197832589,0.56,-0.003,0.74,0.994,-0.002,0.112,0.001,0.5529751913638719,-0.0018439372632522415,0.7754749339369786,0.060011195702087704,-0.00048743532914922674,0.4507002306118582,0.09004845054835103,-2.787337749673339e-17,0.45999999999999985
1869,1784633533.7468042,0.01320331308095297,-0.05446256755277622,0.23774971000799316,0.0006757813946511786,0.561,-0.003,0.736,0.994,-0.002,0.11,0.0,0.5529751913638719,-0.0018439372632522415,0.7754749339369786,0.06043384048512359,-0.000322388825433502,0.448349247798963,0.09004845054835103,-2.787337749673339e-17,0.45999999999999985
1869,1784633533.7723355,0.022948693496268407,0.025947709691542503,0.24229106147429336,-0.0004046340270044285,0.563,-0.003,0.729,0.994,-0.002,0.107,0.0,0.5592451176417221,-0.0026214154496612798,0.7449601671129841,0.06170059277118878,-2.0328225139125132e-05,0.4422041236297823,0.09004845054835103,-2.787337749673339e-17,0.45999999999999985
1872,1784633533.7870045,0.022366244124194468,-0.002228312863371537,0.2502285147877065,-0.0008628550577737234,0.564,-0.003,0.726,0.994,-0.002,0.106,0.0,0.5592451176417221,-0.0026214154496612798,0.7449601671129841,0.06247055368790604,8.416112952335452e-05,0.43884355358739646,0.09004845054835103,-2.787337749673339e-17,0.45999999999999985
1872,1784633533.8022544,0.02458012145511409,0.013972927820151776,0.2379689634021536,-0.0013193763754705547,0.565,-0.003,0.722,0.995,-0.002,0.105,0.0,0.5592451176417221,-0.0026214154496612798,0.7449601671129841,0.06330136170587694,0.00015839606337807803,0.4354590756966915,0.09004845054835103,-2.787337749673339e-17,0.45999999999999985
1873,1784633533.8162608,0.022585313070002257,0.0027886309751892283,0.2541071032453006,-0.0014689714434683108,0.566,-0.003,0.72,0.995,-0.002,0.104,0.0,0.5592451176417221,-0.0026214154496612798,0.7449601671129841,0.06367182429934634,0.00018627885984660327,0.4340141970862839,0.09004845054835103,-2.787337749673339e-17,0.45999999999999985
1874,1784633533.8351405,0.025607292986429636,0.01794553240584655,0.23593736680252786,-0.0016990056627377587,0.567,-0.003,0.717,0.995,-0.002,0.103,0.0,0.5592451176417221,-0.0026214154496612798,0.7449601671129841,0.06417620452958563,0.00020869739802527898,0.4320912245318184,0.09004845054835103,-2.787337749673339e-17,0.43999999999999984
1875,1784633533.8549798,0.024576011607493394,0.03003754931629702,0.2495498586814748,-0.0017535424706468846,0.568,-0.003,0.715,0.995,-0.002,0.102,0.0,0.5592451176417221,-0.0026214154496612798,0.7449601671129841,0.06468615827780545,0.00020420634645131427,0.43017317648004694,0.09004845054835103,-2.787337749673339e-17,0.43999999999999984
1876,1784633533.8764253,0.024703768571189742,-0.005569178046554581,0.2474518917723073,-0.001723685697461408,0.569,-0.003,0.711,0.995,-0.002,0.101,0.0,0.5592451176417221,-0.0026214154496612798,0.7449601671129841,0.06546949544992765,0.00016469070406589038,0.42728358605627254,0.09004845054835103,-2.787337749673339e-17,0.43999999999999984
1877,1784633533.8981855,0.0209194422677241,-0.09193956289220592,0.27106235475263357,-0.001549151772850489,0.569,-0.003,0.709,0.995,-0.002,0.101,0.0,0.5592451176417221,-0.0026214154496612798,0.7449601671129841,0.06600667899320983,0.00011348401958183645,0.4253527844766865,0.09004845054835103,-2.787337749673339e-17,0.43999999999999984
1878,1784633533.9171777,0.026116416607987306,-0.03787030017814981,0.23303969838423225,-0.0019356270816232222,0.569,-0.003,0.709,0.995,-0.002,0.1,0.0,0.5592451176417221,-0.0026214154496612798,0.7449601671129841,0.0661429184140811,9.779891615588366e-05,0.4248693334851704,0.09004845054835103,-2.787337749673339e-17,0.43999999999999984
1879,1784633533.937507,0.01576807022978347,-0.0027757540654109944,0.2568496572252237,-0.0019719459525265547,0.57,-0.003,0.708,0.995,-0.001,0.1,0.0,0.5661833199048585,-0.0026894166440659213,0.7195371441495533,0.06641877964245183,6.450960222834215e-05,0.4239006674573228,0.09004845054835103,-2.787337749673339e-17,0.43999999999999984
1880,1784633533.9568882,0.015323078933094147,-0.05979609296434225,0.25049084344344946,-0.0016892776850726576,0.57,-0.003,0.705,0.995,-0.001,0.1,0.0,0.5661833199048585,-0.0026894166440659213,0.7195371441495533,0.0669848786343877,-8.92919124323758e-06,0.42195436019444754,0.09004845054835103,-2.787337749673339e-17,0.43999999999999984
1881,1784633533.9771185,0.01730762553663347,-0.06679153823606301,0.25193148074676364,-0.0016324481019464672,0.571,-0.002,0.702,0.995,-0.001,0.099,0.0,0.5661833199048585,-0.0026894166440659213,0.7195371441495533,0.06771385867630605,-0.00011620587217629435,0.4195023766049967,0.09004845054835103,-2.787337749673339e-17,0.43999999999999984
1882,1784633533.99442,0.015173690585924405,-0.15265814204127892,0.2653898317859361,-0.0013396067217670128,0.572,-0.002,0.7,0.995,-0.001,0.099,0.0,0.5661833199048585,-0.0026894166440659213,0.7195371441495533,0.06816467690864557,-0.00018756853745047498,0.4180198013338935,0.09004845054835103,-2.787337749673339e-17,0.43999999999999984
1883,1784633534.0146296,0.015170005789639087,-0.14927824688301589,0.2549674908922513,-0.0010848452581805877,0.573,-0.002,0.696,0.995,-0.001,0.099,0.0,0.5661833199048585,-0.0026894166440659213,0.7195371441495533,0.06926614979176512,-0.00036433572116837645,0.41455787681260525,0.09004845054835103,-2.787337749673339e-17,0.43999999999999984
1884,1784633534.0355444,0.018142924266706842,-0.052842131055164235,0.24204655172470782,-0.0012880952761152133,0.574,-0.002,0.692,0.995,-0.001,0.099,0.0,0.5661833199048585,-0.0026894166440659213,0.7195371441495533,0.07041466555757477,-0.0005940711939948494,0.4111205019900932,0.09004845054835103,-2.787337749673339e-17,0.43999999999999984
1885,1784633534.055172,0.018579670288515163,-0.00843678911628775,0.24443762947449388,-0.0013667517028797549,0.575,-0.002,0.689,0.995,-0.001,0.099,0.0,0.5661833199048585,-0.0026894166440659213,0.7195371441495533,0.07109502230890784,-0.0007519466875562062,0.4091705688038535,0.09004845054835103,-2.787337749673339e-17,0.4199999999999998
1886,1784633534.0753002,0.018888242450687577,-0.037385052050282065,0.24914478884456906,-0.0011330422657330939,0.576,-0.002,0.686,0.995,-0.001,0.099,0.0,0.5661833199048585,-0.0026894166440659213,0.7195371441495533,0.07216023654970155,-0.0010036169209493228,0.40625131065432657,0.09004845054835103,-2.787337749673339e-17,0.4199999999999998
1887,1784633534.0964363,0.019225638337807053,-0.035062951697474753,0.24531898844634528,-0.0010455530960758134,0.577,-0.002,0.684,0.995,-0.001,0.099,0.0,0.5661833199048585,-0.0026894166440659213,0.7195371441495533,0.07291287215015861,-0.0011766457780900675,0.404303876597991,0.09004845054835103,-2.787337749673339e-17,0.4199999999999998
1888,1784633534.1178281,0.008812425498109039,-0.015532622008612183,0.24783699891109928,-0.0007634941025511346,0.578,-0.002,0.682,0.995,-0.0,0.098,0.0,0.5661833199048585,-0.0026894166440659213,0.7195371441495533,0.07350048147014067,-0.001308007555895335,0.40284297317542356,0.09004845054835103,-2.787337749673339e-17,0.4199999999999998
1889,1784633534.1333566,0.007381744415244265,-0.0017673138466497637,0.24584356345405295,-0.0005624291478958624,0.578,-0.002,0.681,0.995,-0.0,0.098,0.0,0.5661833199048585,-0.0026894166440659213,0.7195371441495533,0.07410450648008425,-0.0014427932700427964,0.40138467605672723,0.09004845054835103,-2.787337749673339e-17,0.4199999999999998
1890,1784633534.1587563,-0.006131441104206192,-0.09214430715371957,0.26041378991878394,5.1884943770742634e-05,0.58,-0.002,0.676,0.995,-0.0,0.097,0.0,0.5749056605662191,-0.00224325683217168,0.6903814976418163,0.07576396203223737,-0.001832662488393945,0.3975092381488221,0.09004845054835103,-2.787337749673339e-17,0.4199999999999998
1890,1784633534.1807334,-0.0069681868413649425,-0.10510396541016544,0.24990901851252376,0.00037783830916882305,0.58,-0.002,0.675,0.995,-0.0,0.097,0.0,0.5749056605662191,-0.00224325683217168,0.6903814976418163,0.07639795582967165,-0.001988286144382801,0.39605954762526346,0.09004845054835103,-2.787337749673339e-17,0.4199999999999998
1892,1784633534.2017565,-0.0026459222097079786,-0.007763625504903879,0.23470995886986948,0.0002959160565334715,0.581,-0.002,0.672,0.995,0.0,0.096,0.0,0.5749056605662191,-0.00224325683217168,0.6903814976418163,0.07767488204377107,-0.0023119512739682084,0.3931711247541767,0.09004845054835103,-2.787337749673339e-17,0.4199999999999998
1892,1784633534.2198482,-0.0033048261398247814,-0.031341880509887024,0.2514659939293196,0.00013068441554591172,0.582,-0.002,0.67,0.995,0.0,0.096,0.0,0.5749056605662191,-0.00224325683217168,0.6903814976418163,0.07852622717409474,-0.0025373278315503176,0.3912620272705011,0.09004845054835103,-2.787337749673339e-17,0.4199999999999998
1894,1784633534.2383113,-0.00336835922394224,-0.023619427918366027,0.2392599631223363,8.927759092973577e-05,0.583,-0.002,0.669,0.995,0.0,0.095,0.0,0.5749056605662191,-0.00224325683217168,0.6903814976418163,0.0789544429371933,-0.002649925739949018,0.3903080592682308,0.09004845054835103,-2.787337749673339e-17,0.4199999999999998
1895,1784633534.2598689,-0.002243973074018783,-0.023590870047768157,0.24789892801568109,-7.849477577106888e-06,0.584,-0.002,0.667,0.996,0.0,0.095,0.0,0.5749056605662191,-0.00224325683217168,0.6903814976418163,0.08003737162599078,-0.002923313199650452,0.3879208993557172,0.09004845054835103,-2.787337749673339e-17,0.4199999999999998
1895,1784633534.2801137,-0.0005613037729635391,-0.021458356520591117,0.2419071001444253,-0.00010111619935982894,0.584,-0.002,0.665,0.996,0.0,0.094,0.0,0.5749056605662191,-0.00224325683217168,0.6903814976418163,0.08090909593372,-0.003124203216388243,0.38600686347757457,0.09004845054835103,-2.787337749673339e-17,0.4199999999999998
1897,1784633534.3055427,0.0019455489744521263,-0.09827087062472659,0.2626056782739237,-0.00028507673100028384,0.585,-0.001,0.663,0.996,0.0,0.094,0.0,0.5749056605662191,-0.00224325683217168,0.6903814976418163,0.08200062234722842,-0.0033558463397589146,0.38360606917428064,0.09004845054835103,-2.787337749673339e-17,0.4199999999999998
1897,1784633534.3330274,-0.0069560161054071,-0.016043686807857463,0.22695599734711616,6.913309324584256e-05,0.586,-0.001,0.661,0.996,0.001,0.093,0.0,0.5749056605662191,-0.00224325683217168,0.6903814976418163,0.08286618855791428,-0.003512204349249394,0.3816895059396158,0.09004845054835103,-2.787337749673339e-17,0.4199999999999998
1900,1784633534.360782,-0.0071087940007052925,-0.027766290597486823,0.2582094403857907,7.100786208804767e-05,0.587,-0.001,0.659,0.996,0.001,0.093,0.0,0.5749056605662191,-0.00224325683217168,0.6903814976418163,0.08393634819615241,-0.00367255001718365,0.37929656295702413,0.09004845054835103,-2.787337749673339e-17,0.3999999999999998
1900,1784633534.3897927,-0.006727371457720592,-0.0036367554635207133,0.23036411949160135,0.0001341618016552992,0.588,-0.001,0.656,0.996,0.001,0.093,0.0,0.5749056605662191,-0.00224325683217168,0.6903814976418163,0.08500811642264089,-0.0037857717563259544,0.3768858022990843,0.09004845054835103,-2.787337749673339e-17,0.3999999999999998
1903,1784633534.4125793,-0.00014916019344841849,-0.10265497422650038,0.27189926082406185,-0.00014534320151457427,0.589,-0.001,0.654,0.996,0.001,0.092,0.0,0.5749056605662191,-0.00224325683217168,0.6903814976418163,0.08628929363219948,-0.0038656355289174507,0.3739948004986079,0.09004845054835103,-2.787337749673339e-17,0.3999999999999998
1903,1784633534.4340398,-0.008429034035571506,-0.12305720122512141,0.2809974370533735,0.00043095466661491246,0.59,-0.001,0.652,0.996,0.001,0.092,0.0,0.5859366016627494,-0.0014279362914287048,0.6610949615953221,0.08713014225123814,-0.0038797492513200933,0.37206887798577337,0.09004845054835103,-2.787337749673339e-17,0.3999999999999998
1905,1784633534.4554465,-0.01618076706267362,-0.020736389552648782,0.260553912890724,0.001144244679125992,0.591,-0.001,0.65,0.996,0.001,0.092,0.0,0.5859366016627494,-0.0014279362914287048,0.6610949615953221,0.0879651283096046,-0.0038778761242234355,0.37015167055582593,0.09004845054835103,-2.787337749673339e-17,0.3999999999999998
1905,1784633534.4777327,-0.007523079406510938,-0.12020339080138956,0.27998060909038125,0.0006825031409833124,0.591,-0.001,0.648,0.996,0.001,0.092,0.0,0.5859366016627494,-0.0014279362914287048,0.6610949615953221,0.08878582265291407,-0.003879307277050717,0.3682481583965983,0.09004845054835103,-2.787337749673339e-17,0.3999999999999998
1907,1784633534.5012896,-0.00661833151739177,-0.12506105199133877,0.28254496350517977,0.0005768548168981471,0.592,-0.001,0.647,0.996,0.001,0.091,0.0,0.5859366016627494,-0.0014279362914287048,0.6610949615953221,0.08939063159826512,-0.003883444612925924,0.36683050087999,0.09004845054835103,-2.787337749673339e-17,0.3999999999999998
1907,1784633534.5221064,-0.012585417628865957,-0.039389496550224015,0.2663773880819567,0.0009764764915693885,0.593,-0.001,0.645,0.996,0.001,0.091,0.0,0.5859366016627494,-0.0014279362914287048,0.6610949615953221,0.09019844457962711,-0.0038978966372673297,0.36495785121690566,0.09004845054835103,-2.787337749673339e-17,0.3999999999999998
1909,1784633534.5445426,-0.013750241984186354,-0.0348818586727037,0.2633296612016779,0.0010636531579980757,0.593,-0.001,0.644,0.996,0.001,0.091,0.0,0.5859366016627494,-0.0014279362914287048,0.6610949615953221,0.09081545077563132,-0.003916495100072289,0.3635712810431767,0.09004845054835103,-2.787337749673339e-17,0.3999999999999998
1909,1784633534.5674992,-0.01804825361134139,0.044306524860421706,0.2525853065110938,0.0012703853055167792,0.594,-0.001,0.643,0.996,0.001,0.091,0.0,0.5859366016627494,-0.0014279362914287048,0.6610949615953221,0.09166184215364523,-0.003947552095823081,0.36174392087603013,0.09004845054835103,-2.787337749673339e-17,0.3799999999999998
1911,1784633534.5889535,-0.016764217414313647,0.04962139699959106,0.25306443393877726,0.0011994648381202296,0.595,-0.001,0.641,0.996,0.001,0.09,0.0,0.5859366016627494,-0.0014279362914287048,0.6610949615953221,0.09254018658089552,-0.003979531514978936,0.35992979454857565,0.09004845054835103,-2.787337749673339e-17,0.3799999999999998
1913,1784633534.6093946,-0.002429751546151066,0.02506967211919383,0.2567101139326135,0.0007966436911589239,0.596,-0.001,0.639,0.996,0.0,0.089,0.0,0.5859366016627494,-0.0014279362914287048,0.6610949615953221,0.09417567767083207,-0.0040345526257649904,0.3568104171500522,0.09004845054835103,-2.787337749673339e-17,0.3799999999999998
1913,1784633534.6312358,-0.0013582869151538054,0.04414824558071104,0.25225163185342225,0.0005971199160050594,0.597,-0.001,0.637,0.996,0.0,0.089,0.0,0.5940305328264828,-0.0009808219204179669,0.6425981068825095,0.09570576632332696,-0.004061922943321921,0.35419188660389045,0.09004845054835103,-2.787337749673339e-17,0.3799999999999998
1915,1784633534.6528575,-0.00046035552502823917,0.05640217775247248,0.25002382727926487,0.00048442914030746213,0.598,-0.001,0.636,0.996,0.0,0.088,0.0,0.5940305328264828,-0.0009808219204179669,0.6425981068825095,0.09706215251319375,-0.0040597010863467325,0.35205229949934597,0.09004845054835103,-2.787337749673339e-17,0.3799999999999998
1915,1784633534.673621,0.008744622397422196,-0.004677442838782728,0.2540460751780627,0.0002425888729876541,0.599,-0.001,0.636,0.996,0.0,0.088,0.0,0.5940305328264828,-0.0009808219204179669,0.6425981068825095,0.09790322590619537,-0.004040973413136143,0.35079083326597504,0.09004845054835103,-2.787337749673339e-17,0.3799999999999998
1917,1784633534.6946683,-0.0014288438950407177,0.08345255396706971,0.24721911733993857,0.0002555508000317663,0.599,-0.001,0.635,0.996,0.0,0.087,0.0,0.5940305328264828,-0.0009808219204179669,0.6425981068825095,0.09904977474489123,-0.004007697720076206,0.3491299832224354,0.09004845054835103,-2.787337749673339e-17,0.3799999999999998
1917,1784633534.7153335,0.0008040354013988497,0.07188477687834685,0.24724134385942567,0.00031558944810221296,0.6,-0.001,0.635,0.996,0.0,0.087,0.0,0.5940305328264828,-0.0009808219204179669,0.6425981068825095,0.09963203783290092,-0.003990522850193089,0.3483086367274076,0.09004845054835103,-2.787337749673339e-17,0.3799999999999998
1919,1784633534.7383401,0.009301534208995441,-0.00708242224578505,0.24934634617154788,0.00012740028586501076,0.601,-0.001,0.634,0.996,0.0,0.087,0.0,0.5940305328264828,-0.0009808219204179669,0.6425981068825095,0.10111005480563916,-0.00393047897451045,0.34628329710345557,0.09004845054835103,-2.787337749673339e-17,0.3799999999999998
1919,1784633534.7664692,0.0014985273733187053,0.056086345223870473,0.2463424493874683,0.00011294619049130562,0.601,-0.001,0.634,0.996,0.0,0.087,0.0,0.5940305328264828,-0.0009808219204179669,0.6425981068825095,0.10170756892541219,-0.0038948704581961155,0.3454871725708641,0.09004845054835103,-2.787337749673339e-17,0.3799999999999998
1922,1784633534.8021386,-0.004582775894660813,0.09468340484591645,0.24421484492543666,0.0002479121126311286,0.602,-0.001,0.634,0.996,0.0,0.086,0.0,0.5940305328264828,-0.0009808219204179669,0.6425981068825095,0.10321182240247655,-0.003772378554525665,0.34353315919938104,0.09004845054835103,-2.787337749673339e-17,0.3799999999999998
1922,1784633534.831947,-0.006259735109338728,0.08943880992498618,0.243658970429786,0.0003716393780239731,0.603,-0.001,0.633,0.996,0.0,0.086,0.0,0.5940305328264828,-0.0009808219204179669,0.6425981068825095,0.10596228777511839,-0.0034661656916918386,0.3401039397954887,0.09004845054835103,-2.787337749673339e-17,0.3799999999999998
1925,1784633534.863773,-0.0052613170150534894,0.038240110337079844,0.24373829119843154,0.00039908268813553747,0.605,-0.001,0.632,0.996,-0.0,0.086,0.0,0.5940305328264828,-0.0009808219204179669,0.6425981068825095,0.10908003820762668,-0.003085044060503615,0.3363528908563749,0.09004845054835103,-2.787337749673339e-17,0.35999999999999976
1925,1784633534.8910055,-0.003195679237932274,-0.053187110546792274,0.24400088021235072,0.0003590968161888062,0.606,-0.001,0.632,0.996,-0.0,0.087,0.0,0.5940305328264828,-0.0009808219204179669,0.6425981068825095,0.11192447832790704,-0.0027759781326496054,0.33302721795749446,0.09004845054835103,-2.787337749673339e-17,0.35999999999999976
1927,1784633534.9228735,-0.0034067566572106417,-0.0923730651267443,0.24395039857594591,0.00038056459039352396,0.607,-0.001,0.632,0.996,-0.0,0.087,0.0,0.5940305328264828,-0.0009808219204179669,0.6425981068825095,0.11413437977521873,-0.0025188551774061926,0.33049501287692185,0.09004845054835103,-2.787337749673339e-17,0.35999999999999976
