step,sim_time,u0,u1,u2,u3,pose_x,pose_y,pose_z,pose_qw,pose_qx,pose_qy,pose_qz,ref_x,ref_y,ref_z
0,1784634007.8818982,0.0,0.0,0.04999999999999685,0.0,-0.217,0.375,0.504,1.0,0.0,0.0,-0.0,-0.2167771855810129,0.37546832136508995,0.5035533761562656
0,1784634007.900277,-0.09999996727955852,-0.09999979001150006,0.04999999635835636,0.0005997537032542983,-0.217,0.375,0.504,1.0,0.0,0.0,-0.0,-0.2167771855810129,0.37546832136508995,0.5035533761562656
0,1784634007.919904,-0.09999997050273521,-0.09999990031903591,0.04999999882266219,0.09999842724651056,-0.217,0.375,0.504,1.0,0.0,0.0,-0.0,-0.2167771855810129,0.37546832136508995,0.5035533761562656
0,1784634007.935857,-0.0999997726525435,-0.09999885508773046,0.04999999468967025,0.09997713539336599,-0.217,0.375,0.504,1.0,0.0,0.0,-0.0,-0.2167771855810129,0.37546832136508995,0.5035533761562656
0,1784634007.9554489,-0.09999983418527504,-0.09999955665398745,0.049999995886728064,0.09998731273087161,-0.217,0.375,0.504,1.0,0.0,0.0,-0.0,-0.2167771855810129,0.37546832136508995,0.5035533761562656
0,1784634007.977065,-0.0999999230001039,-0.09999976945179576,0.04999999904863475,0.05335178474104235,-0.217,0.375,0.504,1.0,0.0,0.0,-0.0,-0.2167771855810129,0.37546832136508995,0.5035533761562656
0,1784634008.0006373,-0.09999997705193196,-0.09999994114598632,0.04999999936411903,0.09999833809069612,-0.217,0.375,0.504,1.0,0.0,0.0,-0.0,-0.2167771855810129,0.37546832136508995,0.5035533761562656
0,1784634008.0157292,-0.0999998516586089,-0.09999983578876849,0.04999999452536448,-0.09999874121680576,-0.217,0.375,0.504,1.0,0.0,0.0,-0.0,-0.2167771855810129,0.37546832136508995,0.5035533761562656
0,1784634008.0353,-0.09999999685374535,-0.09999998468954557,0.04999999980996866,0.0999999088550355,-0.217,0.375,0.504,1.0,0.0,0.0,-0.0,-0.2167771855810129,0.37546832136508995,0.5035533761562656
0,1784634008.0585377,-0.09999993358213402,-0.09999993604277436,0.0499999975688403,-0.09999943445829608,-0.217,0.375,0.504,1.0,0.0,0.0,-0.0,-0.2167771855810129,0.37546832136508995,0.5035533761562656
0,1784634008.0762346,-0.09999999511528362,-0.09999997048142895,0.04999999947747161,0.0999998234175427,-0.217,0.375,0.504,1.0,0.0,0.0,-0.0,-0.2167771855810129,0.37546832136508995,0.5035533761562656
0,1784634008.095865,-0.09999894072678274,-0.09999898201934035,0.04999999120632139,-0.0999941217007959,-0.217,0.375,0.504,1.0,0.0,0.0,-0.0,-0.2167771855810129,0.37546832136508995,0.5035533761562656
0,1784634008.1158438,-0.09999999891576304,-0.09999999319165848,0.04999999992531726,0.0999999599385898,-0.217,0.375,0.504,1.0,0.0,0.0,-0.0,-0.2167771855810129,0.37546832136508995,0.5035533761562656
0,1784634008.1368003,-0.09999983246288832,-0.099999838631834,0.04999999881602002,-0.09999799275844228,-0.217,0.375,0.504,1.0,0.0,0.0,-0.0,-0.2167771855810129,0.37546832136508995,0.5035533761562656
0,1784634008.157025,-0.09999933714575249,-0.0999957113280716,0.049999994131104286,0.09998356740756188,-0.217,0.375,0.504,1.0,0.0,0.0,-0.0,-0.2167771855810129,0.37546832136508995,0.5035533761562656
0,1784634008.1764312,-0.09999209868915099,-0.09999270859951959,0.0499999811927367,-0.099910601392794,-0.217,0.375,0.504,1.0,0.0,0.0,-0.0,-0.2167771855810129,0.37546832136508995,0.5035533761562656
0,1784634008.2003577,-0.0999998308300929,-0.09999892407296647,0.04999999923718504,0.09999620453543946,-0.217,0.375,0.504,1.0,0.0,0.0,-0.0,-0.2167771855810129,0.37546832136508995,0.5035533761562656
0,1784634008.2239285,-0.09999999278194883,-0.09999999221714007,0.04999999963898924,-0.09999991626676762,-0.217,0.375,0.504,1.0,0.0,0.0,-0.0,-0.2167771855810129,0.37546832136508995,0.5035533761562656
0,1784634008.2476468,-0.09999754946909227,-0.09998500835289884,0.04999999545756936,0.09993692836595804,-0.217,0.375,0.504,1.0,0.0,0.0,-0.0,-0.2167771855810129,0.37546832136508995,0.5035533761562656
0,1784634008.261813,-0.09999998994514205,-0.09999998843528873,0.049999999378420326,-0.09999981883090141,-0.217,0.375,0.504,1.0,0.0,0.0,-0.0,-0.2167771855810129,0.37546832136508995,0.5035533761562656
0,1784634008.281591,-0.0999988083561329,-0.09999297395590957,0.04999999479615664,0.09996895082273406,-0.217,0.375,0.504,1.0,0.0,0.0,-0.0,-0.2167771855810129,0.37546832136508995,0.5035533761562656
0,1784634008.3056016,-0.09999996028990105,-0.09999995271952036,0.049999998050401465,-0.099999235088771,-0.217,0.375,0.504,1.0,0.0,0.0,-0.0,-0.2167771855810129,0.37546832136508995,0.5035533761562656
0,1784634008.3361309,-0.09999996132403685,-0.09999975514208807,0.049999999594741454,0.09999906980639876,-0.217,0.375,0.504,1.0,0.0,0.0,-0.0,-0.2167771855810129,0.37546832136508995,0.5035533761562656
0,1784634008.3643541,-0.09999986159680302,-0.09999984058986525,0.04999999299496577,-0.09999837042199484,-0.217,0.375,0.504,1.0,0.0,0.0,-0.0,-0.2167771855810129,0.37546832136508995,0.5035533761562656
0,1784634008.3846664,-0.09999997907496053,-0.0999998470978349,0.049999999891850125,0.0999996886835992,-0.217,0.375,0.504,1.0,0.0,0.0,-0.0,-0.2167771855810129,0.37546832136508995,0.5035533761562656
0,1784634008.3970377,-0.09999993917276413,-0.09999993336298452,0.04999999800377373,-0.09999927193376619,-0.217,0.375,0.504,1.0,0.0,0.0,-0.0,-0.2167771855810129,0.37546832136508995,0.5035533761562656
0,1784634008.4058566,-0.0999999860022826,-0.09999990555925954,0.049999999373267844,0.09999971778348253,-0.217,0.375,0.504,1.0,0.0,0.0,-0.0,-0.21677718492830494,0.3754683202339819,0.5035533748500091
0,1784634008.4165595,-0.09999968124994404,-0.0999996583925389,0.04999999237106919,-0.09999744015338942,-0.217,0.375,0.504,1.0,0.0,0.0,-0.0,-0.21677718492830494,0.3754683202339819,0.5035533748500091
0,1784634008.4357665,-0.09999989403753416,-0.09999925137608182,0.049999991753468774,0.099998467000936,-0.217,0.375,0.504,1.0,0.0,0.0,-0.0,-0.21677718492830494,0.3754683202339819,0.5035533748500091
0,1784634008.4561222,-0.09999990874339641,-0.09999989310931798,0.04999999332848534,-0.09999892350317703,-0.217,0.375,0.504,1.0,0.0,0.0,-0.0,-0.21677718492830494,0.3754683202339819,0.5035533748500091
0,1784634008.475346,-0.0999999712326442,-0.09999980153251142,0.04999999916192568,0.09999942115056563,-0.217,0.375,0.504,1.0,0.0,0.0,-0.0,-0.21677718492830494,0.3754683202339819,0.5035533748500091
0,1784634008.4947643,-0.09999735253963507,-0.09999729297476706,0.049999999937100005,-0.0999767983932698,-0.217,0.375,0.504,1.0,0.0,0.0,-0.0,-0.21677718492830494,0.3754683202339819,0.5035533748500091
0,1784634008.515751,-0.09999902195374726,-0.09999337023951028,0.04999999518899504,0.09998721613592064,-0.217,0.375,0.504,1.0,0.0,0.0,-0.0,-0.21677718492830494,0.3754683202339819,0.5035533748500091
0,1784634008.5354874,-0.09999985741901453,-0.09999984200701154,0.049999993407790495,-0.0999973139752053,-0.217,0.375,0.504,1.0,0.0,0.0,-0.0,-0.21677718492830494,0.3754683202339819,0.5035533748500091
0,1784634008.5569909,-0.099999983209893,-0.09999987626564595,0.04999999932781551,0.09999962537748476,-0.217,0.375,0.504,1.0,0.0,0.0,-0.0,-0.21677718492830494,0.3754683202339819,0.5035533748500091
0,1784634008.5765717,-0.09999997474394462,-0.09999997376582241,0.04999999942283829,-0.09999979949855185,-0.217,0.375,0.504,1.0,0.0,0.0,-0.0,-0.21677718492830494,0.3754683202339819,0.5035533748500091
0,1784634008.5976536,-0.099999957624157,-0.09999977531959009,0.04999999802787251,0.09999921363866872,-0.217,0.375,0.504,1.0,0.0,0.0,-0.0,-0.21677718492830494,0.3754683202339819,0.5035533748500091
0,1784634008.6164024,-0.09999992852795625,-0.09999992457877668,0.04999999803497161,-0.09999870586642627,-0.217,0.375,0.504,1.0,0.0,0.0,-0.0,-0.21677718492830494,0.3754683202339819,0.5035533748500091
0,1784634008.6343029,-0.09999999861141276,-0.09999998829623359,0.049999999913860387,0.09999997835568859,-0.217,0.375,0.504,1.0,0.0,0.0,-0.0,-0.21677718492830494,0.3754683202339819,0.5035533748500091
0,1784634008.65587,-0.09999455801240383,-0.09999471819032474,0.04999999990354207,-0.09994922252592912,-0.217,0.375,0.504,1.0,0.0,0.0,-0.0,-0.21677718492830494,0.3754683202339819,0.5035533748500091
0,1784634008.6761193,-0.09999995727302476,-0.09999972921974885,0.04999999963613445,0.09999942902380628,-0.217,0.375,0.504,1.0,0.0,0.0,-0.0,-0.216777184719813,0.37546831987257334,0.5035533744326077
0,1784634008.696558,-0.09999986887399981,-0.09999986170560424,0.04999999678580853,-0.09999729469940931,-0.217,0.375,0.504,1.0,0.0,0.0,-0.0,-0.216777184719813,0.37546831987257334,0.5035533744326077
0,1784634008.7169504,-0.09999983404971215,-0.09999869200801866,0.049999997784506985,0.09999536541430949,-0.217,0.375,0.504,1.0,0.0,0.0,-0.0,-0.216777184719813,0.37546831987257334,0.5035533744326077
0,1784634008.7365649,-0.09999386201173453,-0.09999398595599682,0.0499999998923953,-0.09994089385421366,-0.217,0.375,0.504,1.0,0.0,0.0,-0.0,-0.216777184719813,0.37546831987257334,0.5035533744326077
0,1784634008.7573316,-0.09999807785525237,-0.09998725795343484,0.04999998863231995,0.09997487548727528,-0.217,0.375,0.504,1.0,0.0,0.0,-0.0,-0.216777184719813,0.37546831987257334,0.5035533744326077
0,1784634008.7772439,-0.0999998457293496,-0.09999983421245044,0.04999999513657771,-0.09999651883317313,-0.217,0.375,0.504,1.0,0.0,0.0,-0.0,-0.216777184719813,0.37546831987257334,0.5035533744326077
0,1784634008.7976358,-0.09999999117108233,-0.09999993284246327,0.04999999943134742,0.0999998595101129,-0.217,0.375,0.504,1.0,0.0,0.0,-0.0,-0.216777184719813,0.37546831987257334,0.5035533744326077
0,1784634008.8168352,-0.09999204459761216,-0.0999921284834227,0.04999999985613006,-0.09992024981889554,-0.217,0.375,0.504,1.0,0.0,0.0,-0.0,-0.216777184719813,0.37546831987257334,0.5035533744326077
0,1784634008.840715,-0.09999997417589276,-0.09999986024717905,0.04999999921901087,0.09999958596604246,-0.217,0.375,0.504,1.0,0.0,0.0,-0.0,-0.216777184719813,0.37546831987257334,0.5035533744326077
0,1784634008.856081,-0.09999978650288628,-0.09999976755716886,0.04999999212616942,-0.09999583758161108,-0.217,0.375,0.504,1.0,0.0,0.0,-0.0,-0.216777184719813,0.37546831987257334,0.5035533744326077
0,1784634008.8818827,-0.09999907850744948,-0.09999309232747078,0.049999999968695974,0.09996350507734235,-0.217,0.375,0.504,1.0,0.0,0.0,-0.0,-0.216777184719813,0.37546831987257334,0.5035533744326077
0,1784634008.9019413,-0.0999926555280746,-0.09999270087321271,0.049999999873725734,-0.09992874364962202,-0.217,0.375,0.504,1.0,0.0,0.0,-0.0,-0.216777184719813,0.37546831987257334,0.5035533744326077
0,1784634008.9194844,-0.09999816172963355,-0.0999877628027046,0.049999989242080725,0.09997592313636199,-0.217,0.375,0.504,1.0,0.0,0.0,-0.0,-0.216777184719813,0.37546831987257334,0.5035533744326077
0,1784634008.936948,-0.09999981682265384,-0.09999980419170308,0.049999993537060555,-0.0999961082692878,-0.217,0.375,0.504,1.0,0.0,0.0,-0.0,-0.216777184719813,0.37546831987257334,0.5035533744326077
0,1784634008.9639187,-0.09999999117786085,-0.09999993115558761,0.049999999422336794,0.09999986228822937,-0.217,0.375,0.504,1.0,0.0,0.0,-0.0,-0.216777184719813,0.37546831987257334,0.5035533744326077
0,1784634008.981568,-0.09999194317220716,-0.09999203428574635,0.04999999985154755,-0.09991998151675315,-0.217,0.375,0.504,1.0,0.0,0.0,-0.0,-0.216777184719813,0.37546831987257334,0.5035533744326077
0,1784634009.0016088,-0.09999996934726955,-0.09999982692787897,0.04999999894707311,0.09999950376502563,-0.217,0.375,0.504,1.0,0.0,0.0,-0.0,-0.21677718425789883,0.37546831907280953,0.5035533735092075
0,1784634009.0222888,-0.09999975113029445,-0.09999972577291247,0.04999998962202743,-0.09999533971440618,-0.217,0.375,0.504,1.0,0.0,0.0,-0.0,-0.21677718425789883,0.37546831907280953,0.5035533735092075
0,1784634009.0372262,-0.09999985599930239,-0.09999888691946737,0.049999999058980095,0.0999955108997184,-0.217,0.375,0.504,1.0,0.0,0.0,-0.0,-0.21677718425789883,0.37546831907280953,0.5035533735092075
0,1784634009.06685,-0.09999508490370199,-0.09999512899575089,0.04999999991703685,-0.0999537175792204,-0.217,0.375,0.504,1.0,0.0,0.0,-0.0,-0.21677718425789883,0.37546831907280953,0.5035533735092075
0,1784634009.0902205,-0.09999814162290674,-0.09998750917578166,0.049999989246738534,0.09997572062887126,-0.217,0.375,0.504,1.0,0.0,0.0,-0.0,-0.21677718425789883,0.37546831907280953,0.5035533735092075
0,1784634009.1047416,-0.09999977735841643,-0.09999976771616559,0.0499999912321079,-0.09999600721455433,-0.217,0.375,0.504,1.0,0.0,0.0,-0.0,-0.21677718425789883,0.37546831907280953,0.5035533735092075
0,1784634009.122021,-0.09999999173528631,-0.09999993306180405,0.04999999946988926,0.09999987670187692,-0.217,0.375,0.504,1.0,0.0,0.0,-0.0,-0.21677718425789883,0.37546831907280953,0.5035533735092075
0,1784634009.1432083,-0.09999227076724873,-0.09999239596609256,0.04999999985320255,-0.09992303426256259,-0.217,0.375,0.504,1.0,0.0,0.0,-0.0,-0.21677718425789883,0.37546831907280953,0.5035533735092075
0,1784634009.1646662,-0.09999996846758921,-0.09999981392814268,0.049999998786460775,0.0999994907241006,-0.217,0.375,0.504,1.0,0.0,0.0,-0.0,-0.21677718425789883,0.37546831907280953,0.5035533735092075
0,1784634009.1812901,-0.09999999501524359,-0.09999999444061836,0.04999999976927898,-0.09999991302793844,-0.217,0.375,0.504,1.0,0.0,0.0,-0.0,-0.21677718425789883,0.37546831907280953,0.5035533735092075
0,1784634009.2016795,-0.09999986064278721,-0.09999894962306644,0.04999999779068996,0.0999961809614792,-0.217,0.375,0.504,1.0,0.0,0.0,-0.0,-0.21677718425789883,0.37546831907280953,0.5035533735092075
0,1784634009.2198505,-0.09999542141537847,-0.09999542995050623,0.04999999992380889,-0.09995710357998742,-0.217,0.375,0.504,1.0,0.0,0.0,-0.0,-0.21677718425789883,0.37546831907280953,0.5035533735092075
0,1784634009.240376,-0.09999828631508711,-0.09998823878793846,0.0499999902466838,0.09997782678107846,-0.217,0.375,0.504,1.0,0.0,0.0,-0.0,-0.21677718425789883,0.37546831907280953,0.5035533735092075
0,1784634009.2610548,-0.09999981042077052,-0.09999980869925776,0.049999992747284,-0.09999705514458736,-0.217,0.375,0.504,1.0,0.0,0.0,-0.0,-0.21677718409430616,0.3754683187897499,0.5035533731824433
0,1784634009.2802632,-0.09999999143454698,-0.09999992592121973,0.04999999947922216,0.09999987031899187,-0.217,0.375,0.504,1.0,0.0,0.0,-0.0,-0.21677718409430616,0.3754683187897499,0.5035533731824433
0,1784634009.2991562,-0.09999278777251082,-0.0999929383269906,0.049999999857755634,-0.09992912822145113,-0.217,0.375,0.504,1.0,0.0,0.0,-0.0,-0.21677718409430616,0.3754683187897499,0.5035533731824433
0,1784634009.3190968,-0.09999991914416552,-0.09999948668345081,0.04999999641610257,0.09999870253963918,-0.217,0.375,0.504,1.0,0.0,0.0,-0.0,-0.21677718409430616,0.3754683187897499,0.5035533731824433
0,1784634009.337288,-0.09999999519045348,-0.09999999456514111,0.04999999974940917,-0.09999991736596835,-0.217,0.375,0.504,1.0,0.0,0.0,-0.0,-0.21677718409430616,0.3754683187897499,0.5035533731824433
0,1784634009.3643894,-0.0999998653659757,-0.09999901456124331,0.04999999603743232,0.09999710256264373,-0.217,0.375,0.504,1.0,0.0,0.0,-0.0,-0.21677718409430616,0.3754683187897499,0.5035533731824433
0,1784634009.380156,-0.09999487316124551,-0.09999483307736404,0.049999999917269645,-0.09995163048166626,-0.217,0.375,0.504,1.0,0.0,0.0,-0.0,-0.21677718409430616,0.3754683187897499,0.5035533731824433
0,1784634009.4063509,-0.0999983537464159,-0.099988340688269,0.04999999083925454,0.09997902796793688,-0.217,0.375,0.504,1.0,0.0,0.0,-0.0,-0.21677718409430616,0.3754683187897499,0.5035533731824433
0,1784634009.4238431,-0.09999981465624444,-0.09999981817313763,0.04999999362386439,-0.09999757461680049,-0.217,0.375,0.504,1.0,0.0,0.0,-0.0,-0.21677718409430616,0.3754683187897499,0.5035533731824433
0,1784634009.448902,-0.09999993790610598,-0.09999949750878433,0.04999999566808244,0.09999918868970935,-0.217,0.375,0.504,1.0,0.0,0.0,-0.0,-0.21677718409430616,0.3754683187897499,0.5035533731824433
0,1784634009.4740138,-0.09999342019446829,-0.09999357162656158,0.049999999864947874,-0.09993606160018866,-0.217,0.375,0.504,1.0,0.0,0.0,-0.0,-0.21677718409430616,0.3754683187897499,0.5035533731824433
0,1784634009.493408,-0.0999998940575255,-0.09999931333616725,0.049999996067037165,0.09999839363615741,-0.217,0.375,0.504,1.0,0.0,0.0,-0.0,-0.21677718409430616,0.3754683187897499,0.5035533731824433
0,1784634009.5104024,-0.09999999572631581,-0.09999999517025031,0.04999999977426103,-0.09999992712178364,-0.217,0.375,0.504,1.0,0.0,0.0,-0.0,-0.21677718409430616,0.3754683187897499,0.5035533731824433
0,1784634009.52664,-0.09999987012989817,-0.09999907394618736,0.04999999492509552,0.0999976528756303,-0.217,0.375,0.504,1.0,0.0,0.0,-0.0,-0.21677718409430616,0.3754683187897499,0.5035533731824433
0,1784634009.5428383,-0.09999454117038803,-0.09999445012858818,0.04999999991327215,-0.09994865913868776,-0.217,0.375,0.504,1.0,0.0,0.0,-0.0,-0.21677718409430616,0.3754683187897499,0.5035533731824433
0,1784634009.5654259,-0.09999825814423202,-0.09998732908551985,0.04999999056379879,0.09997806824906887,-0.217,0.375,0.504,1.0,0.0,0.0,-0.0,-0.21677718388924702,0.37546831843486655,0.503553372772744
0,1784634009.5847182,-0.09999984764990542,-0.0999998466984293,0.04999999346942537,-0.09999807664104558,-0.217,0.375,0.504,1.0,0.0,0.0,-0.0,-0.21677718388924702,0.37546831843486655,0.503553372772744
0,1784634009.607526,-0.09999997720511505,-0.09999980513309795,0.04999999852210793,0.0999996907316552,-0.217,0.375,0.504,1.0,0.0,0.0,-0.0,-0.21677718388924702,0.37546831843486655,0.503553372772744
0,1784634009.6319265,-0.09999407543493619,-0.09999422148678658,0.04999999987408986,-0.09994295716612313,-0.217,0.375,0.504,1.0,0.0,0.0,-0.0,-0.21677718388924702,0.37546831843486655,0.503553372772744
0,1784634009.6550393,-0.09999993966629232,-0.09999959703505806,0.04999999914106268,0.09999919855884913,-0.217,0.375,0.504,1.0,0.0,0.0,-0.0,-0.21677718388924702,0.37546831843486655,0.503553372772744
0,1784634009.6676838,-0.09999999528843237,-0.09999999463786771,0.04999999973704092,-0.09999991970757745,-0.217,0.375,0.504,1.0,0.0,0.0,-0.0,-0.21677718388924702,0.37546831843486655,0.503553372772744
0,1784634009.6801567,-0.09999987364249374,-0.09999910969463113,0.0499999949830729,0.0999978369982195,-0.217,0.375,0.504,1.0,0.0,0.0,-0.0,-0.21677718388924702,0.37546831843486655,0.503553372772744
0,1784634009.698857,-0.09999450617149891,-0.0999943751003228,0.049999999913995376,-0.09994842864739818,-0.217,0.375,0.504,1.0,0.0,0.0,-0.0,-0.21677718388924702,0.37546831843486655,0.503553372772744
0,1784634009.722547,-0.09999810876310072,-0.09998604032974717,0.04999998999358851,0.09997628201642898,-0.217,0.375,0.504,1.0,0.0,0.0,-0.0,-0.21677718388924702,0.37546831843486655,0.503553372772744
0,1784634009.743544,-0.09999988841899855,-0.0999998858035567,0.04999999506652688,-0.09999853362763995,-0.217,0.375,0.504,1.0,0.0,0.0,-0.0,-0.21677718388924702,0.37546831843486655,0.503553372772744
0,1784634009.7628164,-0.09999997524108137,-0.09999978949455114,0.049999998365452984,0.09999967143886522,-0.217,0.375,0.504,1.0,0.0,0.0,-0.0,-0.21677718388924702,0.37546831843486655,0.503553372772744
0,1784634009.7823646,-0.09999437106900387,-0.09999451558859124,0.049999999878448484,-0.09994603235022635,-0.217,0.375,0.504,1.0,0.0,0.0,-0.0,-0.21677718388924702,0.37546831843486655,0.503553372772744
0,1784634009.8025432,-0.09999799282736206,-0.09998658717469663,0.049999988616666866,0.09997456185965399,-0.217,0.375,0.504,1.0,0.0,0.0,-0.0,-0.21677718388924702,0.37546831843486655,0.503553372772744
0,1784634009.8243382,-0.09999999560760858,-0.09999999497660414,0.049999999753886526,-0.09999992048685132,-0.217,0.375,0.504,1.0,0.0,0.0,-0.0,-0.21677718388924702,0.37546831843486655,0.503553372772744
0,1784634009.8441827,-0.09999984535425983,-0.09999892922649486,0.04999999423713657,0.0999969158712146,-0.217,0.375,0.504,1.0,0.0,0.0,-0.0,-0.21677718388924702,0.37546831843486655,0.503553372772744
0,1784634009.8604288,-0.09999482846219959,-0.09999459128203415,0.04999999992191634,-0.09995116901577013,-0.217,0.375,0.504,1.0,0.0,0.0,-0.0,-0.21677718388924702,0.37546831843486655,0.503553372772744
0,1784634009.881421,-0.09999856569724866,-0.09998924271454446,0.04999998618632607,0.0999811425003543,-0.217,0.375,0.504,1.0,0.0,0.0,-0.0,-0.21677718388924702,0.37546831843486655,0.503553372772744
0,1784634009.9038038,-0.09999988199617084,-0.09999987917344111,0.04999999406041454,-0.09999882942346731,-0.217,0.375,0.504,1.0,0.0,0.0,-0.0,-0.2167771833875852,0.37546831756567617,0.503553371769009
0,1784634009.923076,-0.0999999734464498,-0.09999976700509443,0.04999999840190133,0.09999962333908687,-0.217,0.375,0.504,1.0,0.0,0.0,-0.0,-0.2167771833875852,0.37546831756567617,0.503553371769009
0,1784634009.9443138,-0.09999424210226489,-0.09999432208907577,0.04999999986771209,-0.09994418748629978,-0.217,0.375,0.504,1.0,0.0,0.0,-0.0,-0.2167771833875852,0.37546831756567617,0.503553371769009
0,1784634009.9613435,-0.09999810454390887,-0.09998749838158472,0.0499999891323048,0.09997590697978571,-0.217,0.375,0.504,1.0,0.0,0.0,-0.0,-0.2167771833875852,0.37546831756567617,0.503553371769009
0,1784634009.9828753,-0.09999999618529952,-0.09999999563549493,0.04999999978051727,-0.09999993056778338,-0.217,0.375,0.504,1.0,0.0,0.0,-0.0,-0.2167771833875852,0.37546831756567617,0.503553371769009
0,1784634010.004161,-0.0999998826374435,-0.09999918121897462,0.04999999598978007,0.09999788046257548,-0.217,0.375,0.504,1.0,0.0,0.0,-0.0,-0.2167771833875852,0.37546831756567617,0.503553371769009
0,1784634010.0253024,-0.09999378197134141,-0.09999356371083545,0.04999999990253212,-0.09994086870956274,-0.217,0.375,0.504,1.0,0.0,0.0,-0.0,-0.2167771833875852,0.37546831756567617,0.503553371769009
0,1784634010.042941,-0.09999991492553244,-0.09999936441504167,0.049999998536949385,0.09999877538970832,-0.217,0.375,0.504,1.0,0.0,0.0,-0.0,-0.2167771833875852,0.37546831756567617,0.503553371769009
0,1784634010.067462,-0.09999988051084047,-0.09999987574922643,0.04999999370962724,-0.0999987773125718,-0.217,0.375,0.504,1.0,0.0,0.0,-0.0,-0.2167771833875852,0.37546831756567617,0.503553371769009
0,1784634010.094201,-0.0999999691689195,-0.09999973163670905,0.049999997994918145,0.09999958477532282,-0.217,0.375,0.504,1.0,0.0,0.0,-0.0,-0.2167771833875852,0.37546831756567617,0.503553371769009
0,1784634010.1149285,-0.09999431899066806,-0.09999442847882839,0.04999999987192666,-0.09994531573629313,-0.217,0.375,0.504,1.0,0.0,0.0,-0.0,-0.2167771833875852,0.37546831756567617,0.503553371769009
0,1784634010.1312532,-0.09999806076953066,-0.09998717696194342,0.04999998885060398,0.09997545343029406,-0.217,0.375,0.504,1.0,0.0,0.0,-0.0,-0.2167771833875852,0.37546831756567617,0.503553371769009
0,1784634010.147104,-0.09999999671081185,-0.09999999627126081,0.049999999822960675,-0.09999994075574566,-0.217,0.375,0.504,1.0,0.0,0.0,-0.0,-0.2167771833875852,0.37546831756567617,0.503553371769009
0,1784634010.1615443,-0.09999987840278864,-0.0999991496548848,0.049999995943045494,0.09999779535503127,-0.217,0.375,0.504,1.0,0.0,0.0,-0.0,-0.2167771833875852,0.37546831756567617,0.503553371769009
0,1784634010.183062,-0.09999381558129444,-0.09999362310482982,0.04999999990285636,-0.09994158324489737,-0.217,0.375,0.504,1.0,0.0,0.0,-0.0,-0.2167771833875852,0.37546831756567617,0.503553371769009
0,1784634010.2017772,-0.09999994228020964,-0.09999956368663475,0.049999999181867545,0.09999919886304566,-0.217,0.375,0.504,1.0,0.0,0.0,-0.0,-0.2167771833875852,0.37546831756567617,0.503553371769009
0,1784634010.2225065,-0.09999987863160188,-0.09999987444798317,0.049999993838240435,-0.09999879439016614,-0.217,0.375,0.504,1.0,0.0,0.0,-0.0,-0.21677718300709148,0.3754683169060657,0.5035533710071922
0,1784634010.2413838,-0.1974622610910759,-0.19738438022390753,0.0987498617187253,-0.0032325461588777332,-0.217,0.375,0.504,1.0,0.0,0.0,-0.0,-0.21677718300709148,0.3754683169060657,0.5035533710071922
1,1784634010.2642756,-0.2925090474903987,-0.2921763226206923,0.14628104856411256,0.03232861463635373,-0.217,0.375,0.504,1.0,0.0,0.0,-0.0,-0.21677718300709148,0.3754683169060657,0.5035533710071922
2,1784634010.2810555,-0.3724006112877969,-0.275127782093327,0.19262396960563688,0.03163341421827177,-0.217,0.375,0.504,1.0,0.0,0.0,-0.0,-0.21677718300709148,0.3754683169060657,0.5035533710071922
3,1784634010.3059838,-0.3575635938024484,-0.27389624744127,0.237808094214853,0.02637406718102685,-0.217,0.375,0.504,1.0,0.0,0.0,-0.0,-0.21677718300709148,0.3754683169060657,0.5035533710071922
5,1784634010.3261256,-0.364660776936386,-0.28495546354123946,0.2818543220537305,0.023406863866236374,-0.217,0.375,0.504,1.0,0.0,0.0,-0.0,-0.21677718300709148,0.3754683169060657,0.5035533710071922
6,1784634010.3434563,-0.37074055142723505,-0.28837434867982925,0.3087449047551028,0.023524206930794857,-0.217,0.375,0.504,1.0,0.0,0.0,-0.0,-0.21677718300709148,0.3754683169060657,0.5035533710071922
7,1784634010.3647127,-0.37121402430622474,-0.28957311200127206,0.31362346620031795,0.024519681782589217,-0.217,0.375,0.504,1.0,0.0,0.0,-0.0,-0.21677718300709148,0.3754683169060657,0.5035533710071922
7,1784634010.3907712,-0.37112715301258464,-0.2897841091684595,0.3145132381867406,0.025453947691883836,-0.217,0.375,0.504,1.0,0.0,0.0,-0.0,-0.21677718300709148,0.3754683169060657,0.5035533710071922
9,1784634010.4082346,-0.3714432363684368,-0.2881596723325275,0.31457223890186425,0.026076946464039064,-0.217,0.375,0.504,1.0,0.0,0.0,-0.0,-0.21677718300709148,0.3754683169060657,0.5035533710071922
9,1784634010.4254255,-0.37240202800220684,-0.2899135320524506,0.31458420636183443,0.02630444580620314,-0.217,0.375,0.504,1.0,0.0,0.0,-0.0,-0.21677718300709148,0.3754683169060657,0.5035533710071922
11,1784634010.448971,-0.3802857232000265,-0.28912538266733223,0.3137874421432698,0.02531422923509031,-0.217,0.375,0.504,1.0,0.0,-0.0,-0.0,-0.21677718300709148,0.3754683169060657,0.5035533710071922
11,1784634010.470914,-0.36745258548736015,-0.28021503696308847,0.31405460158120685,0.024428924393343068,-0.217,0.375,0.504,1.0,0.0,-0.0,-0.0,-0.21677718300709148,0.3754683169060657,0.5035533710071922
13,1784634010.4968314,-0.3561221673603391,-0.2653557699267554,0.31373584406138766,0.022257575223959315,-0.217,0.375,0.504,1.0,-0.0,-0.001,-0.0,-0.21677718300709148,0.3754683169060657,0.5035533710071922
13,1784634010.533686,-0.2822630665003268,-0.17383982315031105,0.30578353924543944,0.013582355302837208,-0.216,0.375,0.504,1.0,-0.003,-0.003,-0.001,-0.21677718300709148,0.3754683169060657,0.5035533710071922
16,1784634010.553103,-0.22962040912480383,-0.11346573932820611,0.2937374790362748,0.006366659811267346,-0.216,0.373,0.506,1.0,-0.007,-0.006,-0.001,-0.21677718300709148,0.3754683169060657,0.5035533710071922
16,1784634010.566186,-0.32384970405979174,-0.21048242416365137,0.3055939854430226,0.0019047023176267516,-0.215,0.373,0.508,1.0,-0.01,-0.008,-0.001,-0.21676851858281082,0.3754214225420779,0.5035620505080898
18,1784634010.5804098,-0.21575399377939725,-0.10523441792529892,0.30459760524749224,-0.08459103244046881,-0.215,0.372,0.509,1.0,-0.013,-0.01,-0.001,-0.21676851858281082,0.3754214225420779,0.5035620505080898
18,1784634010.6014235,-0.2704611535694881,-0.16734316250526188,0.2980798784321143,-0.04553818163273257,-0.214,0.371,0.511,1.0,-0.018,-0.014,-0.001,-0.21676851858281082,0.3754214225420779,0.5035620505080898
19,1784634010.6405227,-0.24966510155287103,-0.15707652026971472,0.2919141983930814,-0.027053475138692842,-0.214,0.369,0.514,1.0,-0.021,-0.016,-0.002,-0.21676851858281082,0.3754214225420779,0.5035620505080898
21,1784634010.6649837,-0.2409572976087307,-0.14610971251004196,0.28849643080360965,-0.016681054344315396,-0.213,0.369,0.516,1.0,-0.024,-0.018,-0.002,-0.21676851858281082,0.3754214225420779,0.5035620505080898
21,1784634010.6860113,-0.24122188407697373,-0.15206869219330854,0.284355964837546,-0.009770640798258278,-0.212,0.367,0.519,0.999,-0.028,-0.021,-0.002,-0.21676851858281082,0.3754214225420779,0.5035620505080898
23,1784634010.7072937,-0.2380773391766247,-0.15721856056819067,0.2801945366620339,-0.004480420342884743,-0.212,0.366,0.522,0.999,-0.032,-0.023,-0.002,-0.21676851858281082,0.3754214225420779,0.5035620505080898
25,1784634010.7317066,-0.23690013753788797,-0.159089342450218,0.2771503499256305,-0.0009521012431570326,-0.211,0.365,0.525,0.999,-0.035,-0.025,-0.002,-0.21676851858281082,0.3754214225420779,0.5035620505080898
25,1784634010.7569058,-0.2366458900644985,-0.16544449630217473,0.274286430636417,0.00279114212676643,-0.21,0.364,0.528,0.999,-0.038,-0.026,-0.001,-0.21676851858281082,0.3754214225420779,0.5035620505080898
27,1784634010.770587,-0.2387127054461911,-0.16855929989142474,0.2707544916248734,0.005965471039504762,-0.21,0.362,0.532,0.999,-0.041,-0.028,-0.001,-0.21676851858281082,0.3754214225420779,0.5035620505080898
27,1784634010.784236,-0.16374227928395027,-0.1299198869992119,0.225310641881659,0.01222477235921448,-0.209,0.36,0.536,0.999,-0.044,-0.03,-0.001,-0.21094524938176537,0.3644386052957176,0.5247439287619104
29,1784634010.8009915,-0.17388399317428446,-0.08607475560894634,0.2684813238889472,0.010108039668485712,-0.208,0.359,0.54,0.998,-0.047,-0.031,-0.001,-0.21094524938176537,0.3644386052957176,0.5247439287619104
30,1784634010.824577,-0.19759811467452304,-0.11175170949494494,0.27663670852469563,0.005656528715674207,-0.206,0.356,0.549,0.998,-0.053,-0.034,-0.001,-0.21094524938176537,0.3644386052957176,0.5247439287619104
31,1784634010.8440356,-0.18693961325806957,-0.12454304471213473,0.2617132178545908,0.003485046835904753,-0.206,0.355,0.551,0.998,-0.054,-0.034,-0.001,-0.21094524938176537,0.3644386052957176,0.5247439287619104
31,1784634010.8665032,-0.17625244745482896,-0.09023200314323518,0.2820445976900064,0.0016215222314688016,-0.205,0.352,0.557,0.998,-0.057,-0.036,-0.001,-0.21094524938176537,0.3644386052957176,0.5247439287619104
32,1784634010.8857703,-0.18435119316736842,-0.16753266240213266,0.2249972881031255,0.0025555223131862354,-0.205,0.352,0.558,0.998,-0.058,-0.036,-0.001,-0.21094524938176537,0.3644386052957176,0.5247439287619104
33,1784634010.9059007,-0.14065350394718829,-0.07888395458300992,0.26536946485873525,0.0030238005862977526,-0.204,0.35,0.564,0.997,-0.061,-0.038,-0.001,-0.21094524938176537,0.3644386052957176,0.5247439287619104
35,1784634010.9259152,-0.21349241595160867,-0.1769035079578834,0.20896016480620955,0.0018986804744184674,-0.203,0.349,0.567,0.997,-0.062,-0.039,-0.001,-0.21094524938176537,0.3644386052957176,0.5247439287619104
35,1784634010.9466052,-0.13778157493502732,-0.08921686170989113,0.2532912355075744,0.0024816144304484235,-0.201,0.346,0.576,0.997,-0.066,-0.04,-0.001,-0.21094524938176537,0.3644386052957176,0.5247439287619104
36,1784634010.9695659,-0.19126874517161369,-0.10824463854382216,0.2672281584800449,-5.569949967703389e-05,-0.201,0.344,0.58,0.997,-0.067,-0.041,-0.001,-0.21094524938176537,0.3644386052957176,0.5247439287619104
38,1784634010.989913,-0.179583777311033,-0.10134370894154711,0.2687847048956309,-0.0017540667281763858,-0.2,0.343,0.585,0.997,-0.069,-0.042,-0.001,-0.21094524938176537,0.3644386052957176,0.5247439287619104
38,1784634011.0178854,-0.21558713145576558,-0.1443959185293431,0.2518230459803,-0.0030620547562343276,-0.199,0.341,0.59,0.997,-0.07,-0.042,-0.001,-0.21094524938176537,0.3644386052957176,0.5247439287619104
40,1784634011.0488596,-0.2731895830552229,-0.2296214788772763,0.1973031180311641,0.0033655202226654966,-0.198,0.338,0.597,0.996,-0.072,-0.043,-0.001,-0.21094524938176537,0.3644386052957176,0.5247439287619104
40,1784634011.0791636,-0.1664062434358376,-0.1240364347822692,0.24230259602451054,0.007608782383112655,-0.196,0.335,0.606,0.996,-0.074,-0.044,-0.001,-0.21094524938176537,0.3644386052957176,0.5247439287619104
43,1784634011.111917,-0.06225143711264902,-0.020935907097324888,0.2789962554061355,0.005756943681591935,-0.195,0.332,0.614,0.996,-0.076,-0.045,-0.001,-0.20057990495956565,0.34392225293757495,0.5808258308608027
43,1784634011.1448367,-0.068677422354029,-0.01042875828066317,0.2684184018119938,0.0018705391159405801,-0.194,0.33,0.622,0.996,-0.077,-0.046,-0.001,-0.20057990495956565,0.34392225293757495,0.5808258308608027
46,1784634011.1749806,-0.0009583462850702301,0.03313736239378812,0.2747355838465109,-3.4511843289921056e-05,-0.192,0.327,0.629,0.996,-0.079,-0.047,-0.001,-0.20057990495956565,0.34392225293757495,0.5808258308608027
46,1784634011.2010303,0.04411503112853411,0.05736047523790046,0.28016290452070425,-0.0011381112137629776,-0.192,0.326,0.634,0.996,-0.081,-0.048,-0.001,-0.20057990495956565,0.34392225293757495,0.5808258308608027
49,1784634011.2242947,-0.056946015000625225,-0.02292683862423879,0.22316437539220604,-0.005461568100198923,-0.19,0.321,0.647,0.995,-0.085,-0.051,-0.001,-0.20057990495956565,0.34392225293757495,0.5808258308608027
49,1784634011.247803,-0.06772975840703038,0.01910551026947492,0.2036879387764796,-0.003271475595754992,-0.188,0.317,0.66,0.995,-0.088,-0.053,-0.001,-0.20057990495956565,0.34392225293757495,0.5808258308608027
52,1784634011.266548,-0.05926993014714376,0.020037740282405493,0.22293656010361254,-0.0035634567984142995,-0.187,0.316,0.663,0.995,-0.089,-0.054,-0.001,-0.1918980696730332,0.32610243240153497,0.6324339043438854
52,1784634011.2953525,-0.15747506347841184,-0.0766016338211711,0.16761011789910782,-0.006835622521660179,-0.187,0.315,0.67,0.994,-0.09,-0.054,-0.001,-0.1918980696730332,0.32610243240153497,0.6324339043438854
52,1784634011.3266535,-0.053576649592023545,0.016149863003949716,0.21341795136141742,-0.00394755042421085,-0.186,0.313,0.676,0.994,-0.091,-0.055,-0.001,-0.1918980696730332,0.32610243240153497,0.6324339043438854
55,1784634011.3498266,-0.0832444577599943,-0.0057757319045631805,0.21416091056861222,-0.004103517335147918,-0.185,0.311,0.685,0.994,-0.092,-0.055,-0.001,-0.1918980696730332,0.32610243240153497,0.6324339043438854
57,1784634011.365496,-0.1811586543512353,-0.10490375450371306,0.17532510280377872,-0.005513312028983319,-0.184,0.309,0.692,0.994,-0.093,-0.055,-0.001,-0.1918980696730332,0.32610243240153497,0.6324339043438854
58,1784634011.3824027,-0.07685170974038456,-0.016218210682005144,0.2209003998350098,-0.004602436505790728,-0.184,0.308,0.695,0.994,-0.093,-0.055,-0.001,-0.1918980696730332,0.32610243240153497,0.6324339043438854
58,1784634011.4124558,-0.0020988673178971434,0.030409988419506477,0.22604974013059914,-0.0034511387630379734,-0.183,0.307,0.699,0.994,-0.094,-0.055,-0.001,-0.1918980696730332,0.32610243240153497,0.6324339043438854
60,1784634011.4301083,-0.01320141024734059,0.01654155987289756,0.2114244734634542,-0.0033299082500947495,-0.183,0.307,0.702,0.994,-0.094,-0.055,-0.001,-0.1918980696730332,0.32610243240153497,0.6324339043438854
60,1784634011.447707,0.06603456539570098,0.05333015703308833,0.23472345434499128,-0.002914499301510077,-0.183,0.306,0.706,0.994,-0.095,-0.055,-0.001,-0.1918980696730332,0.32610243240153497,0.6324339043438854
62,1784634011.4677083,0.026505428411309262,0.03064965209987397,0.2088308322474028,-0.00282821414756441,-0.182,0.305,0.709,0.994,-0.095,-0.055,-0.001,-0.1918980696730332,0.32610243240153497,0.6324339043438854
62,1784634011.4945927,-0.07407295475403435,-0.05482656578642142,0.2103063983670828,-0.003522523541181388,-0.182,0.304,0.713,0.994,-0.096,-0.055,-0.001,-0.1833483074057733,0.30706401672276823,0.7003622220730574
62,1784634011.5183692,0.027741265317488967,0.04395279246950255,0.24798093172970512,-0.003039120004844802,-0.182,0.303,0.717,0.994,-0.096,-0.055,-0.001,-0.1833483074057733,0.30706401672276823,0.7003622220730574
65,1784634011.5394852,0.05288281412877889,0.03162365837425249,0.21332213267030004,-0.003109947799601736,-0.181,0.302,0.721,0.994,-0.097,-0.055,-0.001,-0.1833483074057733,0.30706401672276823,0.7003622220730574
65,1784634011.5576615,-0.045640176923694126,-0.022795826648357817,0.21849075932981113,-0.002966357944259515,-0.181,0.301,0.723,0.994,-0.097,-0.055,-0.001,-0.1833483074057733,0.30706401672276823,0.7003622220730574
67,1784634011.575968,-0.04045550943442395,-0.012369088963372547,0.21718993663041175,-0.002961021575448863,-0.181,0.3,0.726,0.994,-0.097,-0.055,-0.001,-0.1833483074057733,0.30706401672276823,0.7003622220730574
67,1784634011.5965006,0.059694568125170065,0.04662792953357514,0.2394261014763136,-0.0028723427372056476,-0.181,0.3,0.728,0.994,-0.097,-0.055,-0.001,-0.1833483074057733,0.30706401672276823,0.7003622220730574
69,1784634011.6218727,0.1309583129632946,0.07345878175542792,0.23225247642678148,-0.0029155688365393455,-0.181,0.299,0.73,0.994,-0.098,-0.055,-0.001,-0.1833483074057733,0.30706401672276823,0.7003622220730574
69,1784634011.6508665,0.10483430736390272,0.06196816668684092,0.2313112363451602,-0.00283967361269485,-0.18,0.299,0.732,0.994,-0.098,-0.055,-0.001,-0.1833483074057733,0.30706401672276823,0.7003622220730574
72,1784634011.680585,0.06760665656224604,0.05300257507142098,0.22220511613939536,-0.002596490887332369,-0.18,0.298,0.735,0.994,-0.098,-0.055,-0.001,-0.1833483074057733,0.30706401672276823,0.7003622220730574
72,1784634011.7035723,0.1311150545651073,0.07705349375341808,0.2426517099990316,-0.0023878597748654357,-0.18,0.298,0.737,0.994,-0.098,-0.055,-0.001,-0.1833483074057733,0.30706401672276823,0.7003622220730574
74,1784634011.72518,0.12976954776873023,0.07932744580710394,0.2281213248016625,-0.002531200545486131,-0.18,0.297,0.738,0.994,-0.098,-0.055,-0.001,-0.1833483074057733,0.30706401672276823,0.7003622220730574
74,1784634011.7503922,0.09788387638326519,0.07612223161274241,0.23200795412682376,-0.0026100031735581254,-0.181,0.297,0.739,0.994,-0.098,-0.055,-0.001,-0.1833483074057733,0.30706401672276823,0.7003622220730574
76,1784634011.788792,0.11220010693205452,0.08382466066213766,0.2314781775209916,-0.0023661268310269505,-0.181,0.297,0.74,0.994,-0.098,-0.055,-0.001,-0.1833483074057733,0.30706401672276823,0.7003622220730574
78,1784634011.8106515,0.17206625925235358,0.09221495313794255,0.2398618290587787,-0.0022065324147706976,-0.181,0.298,0.741,0.994,-0.097,-0.054,-0.001,-0.18030538166829174,0.2981013816784764,0.7333316456251033
79,1784634011.8368118,0.19088160444088317,0.09189905904574133,0.2412127263682138,-0.002519562301318292,-0.182,0.298,0.741,0.994,-0.096,-0.054,-0.001,-0.18030538166829174,0.2981013816784764,0.7333316456251033
81,1784634011.8709543,0.19060124194134884,0.10426749588359516,0.24105127964747539,-0.0036225604335864852,-0.182,0.299,0.741,0.994,-0.095,-0.053,-0.001,-0.18030538166829174,0.2981013816784764,0.7333316456251033
81,1784634011.8993542,0.18466277352288218,0.08353766192132761,0.24250704680010632,-0.0028144029243451045,-0.183,0.3,0.741,0.994,-0.094,-0.052,-0.001,-0.18030538166829174,0.2981013816784764,0.7333316456251033
84,1784634011.9207819,0.18959603538709158,0.11339493343644338,0.24605056440999717,-0.004162044844822161,-0.184,0.301,0.74,0.994,-0.092,-0.051,-0.001,-0.18030538166829174,0.2981013816784764,0.7333316456251033
84,1784634011.9428551,0.15654194716614214,0.09073210288796477,0.24292152171171608,-0.0039782685767896795,-0.185,0.302,0.739,0.995,-0.091,-0.05,-0.001,-0.18214246202745507,0.2984492048438916,0.7409496757822122
86,1784634011.963526,0.16996487556569356,0.12799889826657843,0.2508738285943023,-0.004259231129376861,-0.185,0.303,0.739,0.995,-0.09,-0.05,-0.001,-0.18214246202745507,0.2984492048438916,0.7409496757822122
86,1784634011.9839041,0.15974713147820452,0.12664221341789766,0.24628801523330457,-0.0038663066925374674,-0.186,0.303,0.738,0.995,-0.089,-0.049,-0.001,-0.18214246202745507,0.2984492048438916,0.7409496757822122
88,1784634012.004027,0.13584197450957308,0.089059129400611,0.24406920873378046,-0.0031824218009346866,-0.187,0.305,0.737,0.995,-0.087,-0.049,-0.001,-0.18214246202745507,0.2984492048438916,0.7409496757822122
88,1784634012.027774,0.14667564056466809,0.13022819403613467,0.2533907513996201,-0.0033619020046983562,-0.187,0.305,0.737,0.995,-0.086,-0.048,-0.001,-0.18214246202745507,0.2984492048438916,0.7409496757822122
91,1784634012.0464554,0.1466524491043622,0.10588757383854436,0.2414573702006968,-0.0030182692997350927,-0.188,0.306,0.736,0.995,-0.085,-0.048,-0.001,-0.18214246202745507,0.2984492048438916,0.7409496757822122
91,1784634012.0710783,0.10916833097852732,0.07277327258427338,0.24795004856854044,-0.0027831680249185173,-0.189,0.308,0.734,0.995,-0.083,-0.047,-0.001,-0.18214246202745507,0.2984492048438916,0.7409496757822122
93,1784634012.0958626,0.1876988911743973,0.1567847656197338,0.2539935242825572,-0.003087684799177654,-0.191,0.31,0.732,0.996,-0.08,-0.045,-0.001,-0.18214246202745507,0.2984492048438916,0.7409496757822122
93,1784634012.1157997,0.13421923277448064,0.09038874364070655,0.23939050417712154,-0.002747477628333718,-0.192,0.312,0.731,0.996,-0.079,-0.045,-0.001,-0.18214246202745507,0.2984492048438916,0.7409496757822122
95,1784634012.1401193,0.11157965349530075,0.09123692345902862,0.2536509493507763,-0.003220023847319143,-0.193,0.313,0.73,0.996,-0.078,-0.044,-0.001,-0.19017851653944556,0.30969388448784047,0.7329942321211844
95,1784634012.1622007,0.20878529025118264,0.1783861094851899,0.2537153769171706,-0.0019348926662435284,-0.194,0.315,0.728,0.996,-0.077,-0.043,-0.001,-0.19017851653944556,0.30969388448784047,0.7329942321211844
97,1784634012.1827283,0.11899054367179367,0.09456876974544692,0.24261402453043454,-0.0019065633198974293,-0.195,0.317,0.726,0.996,-0.076,-0.043,-0.001,-0.19017851653944556,0.30969388448784047,0.7329942321211844
97,1784634012.210946,0.21598577850578,0.18938490135579927,0.2642139703885198,-0.0012075235454233292,-0.197,0.319,0.724,0.996,-0.075,-0.042,-0.001,-0.19017851653944556,0.30969388448784047,0.7329942321211844
100,1784634012.2319674,0.12660944881361152,0.09817953058300821,0.23571879555185604,-0.0007430393360661711,-0.198,0.321,0.722,0.996,-0.074,-0.041,-0.001,-0.19017851653944556,0.30969388448784047,0.7329942321211844
100,1784634012.2538736,0.09414867223717499,0.06445083872314826,0.25866317298805624,-0.0013918306383828645,-0.199,0.323,0.721,0.997,-0.072,-0.04,-0.001,-0.19017851653944556,0.30969388448784047,0.7329942321211844
102,1784634012.2789385,0.12206619985002133,0.07157825996861382,0.24480537616196382,-0.0016693570560747514,-0.201,0.326,0.718,0.997,-0.071,-0.039,-0.001,-0.19017851653944556,0.30969388448784047,0.7329942321211844
102,1784634012.3045375,0.06518896942356198,0.03499286763857358,0.2522614611311693,-0.0019785280123148534,-0.202,0.328,0.717,0.997,-0.069,-0.038,-0.001,-0.19017851653944556,0.30969388448784047,0.7329942321211844
104,1784634012.3250961,0.10171125508564349,0.04805470200481274,0.2503757917302884,-0.0021523808698804925,-0.203,0.33,0.715,0.997,-0.068,-0.037,-0.001,-0.19017851653944556,0.30969388448784047,0.7329942321211844
105,1784634012.342527,0.1629239924077183,0.09542274422571137,0.2629187649333867,-0.0016677150761441341,-0.205,0.332,0.713,0.997,-0.066,-0.035,-0.001,-0.19017851653944556,0.30969388448784047,0.7329942321211844
105,1784634012.3588436,0.07208542487459722,0.0349285977786159,0.24710511997867424,-0.0014052294684728664,-0.206,0.333,0.712,0.997,-0.065,-0.034,-0.001,-0.20105519629961424,0.3259598187134733,0.7182704449577606
107,1784634012.3751876,0.1578871551496227,0.10242176433022873,0.270682736496036,-0.0014025955134840432,-0.207,0.335,0.71,0.997,-0.064,-0.033,-0.001,-0.20105519629961424,0.3259598187134733,0.7182704449577606
107,1784634012.3890445,0.1481159867546859,0.11773862249663883,0.25348478884883857,-0.0006309868060005337,-0.208,0.336,0.709,0.997,-0.063,-0.033,-0.001,-0.20105519629961424,0.3259598187134733,0.7182704449577606
109,1784634012.403993,0.04441474948996019,0.014851522913050932,0.25015052509069796,-0.00021569516798512198,-0.209,0.338,0.708,0.998,-0.062,-0.032,-0.001,-0.20105519629961424,0.3259598187134733,0.7182704449577606
110,1784634012.4275165,0.06999454406967909,0.04437050893355064,0.25777245944881466,-0.0016079590221577394,-0.211,0.34,0.706,0.998,-0.061,-0.031,-0.001,-0.20105519629961424,0.3259598187134733,0.7182704449577606
110,1784634012.452182,0.16806223913254226,0.14192624871465126,0.26355674876537305,-0.0020756514149270207,-0.212,0.342,0.704,0.998,-0.06,-0.031,-0.001,-0.20105519629961424,0.3259598187134733,0.7182704449577606
112,1784634012.4835274,0.1684073584327851,0.16455120657188854,0.2600715657932071,-0.0015407609046237713,-0.213,0.344,0.702,0.998,-0.059,-0.031,-0.001,-0.20105519629961424,0.3259598187134733,0.7182704449577606
112,1784634012.5121539,0.06419769062980818,0.06044251766543088,0.24865555029956604,-0.001709927656578558,-0.215,0.346,0.7,0.998,-0.058,-0.03,-0.001,-0.20105519629961424,0.3259598187134733,0.7182704449577606
115,1784634012.5461416,-0.03570928609026763,-0.036786853768480704,0.2506105174745027,-0.0017393030242335294,-0.216,0.348,0.699,0.998,-0.058,-0.03,-0.001,-0.20105519629961424,0.3259598187134733,0.7182704449577606
115,1784634012.5774002,0.06518210470286556,0.06412448377012467,0.2694796429712864,-0.0014915315954329063,-0.218,0.351,0.696,0.998,-0.056,-0.029,-0.001,-0.20105519629961424,0.3259598187134733,0.7182704449577606
118,1784634012.5999856,0.097528723076588,0.06917592553726465,0.2596564720495793,-0.0013968823870170314,-0.22,0.354,0.693,0.998,-0.055,-0.028,-0.001,-0.21511195303533598,0.34722614805354746,0.6992590369465902
118,1784634012.621768,0.08133870145391697,0.05036269558864321,0.2675387867130765,-0.0015354304506270144,-0.221,0.357,0.691,0.998,-0.054,-0.027,-0.001,-0.21511195303533598,0.34722614805354746,0.6992590369465902
120,1784634012.6422877,-0.020693581172558123,-0.050891443379800165,0.24545999576457378,-0.0004420812685081146,-0.223,0.359,0.689,0.998,-0.053,-0.026,-0.001,-0.21511195303533598,0.34722614805354746,0.6992590369465902
120,1784634012.66355,-0.1187265239074463,-0.08194939820960423,0.2630936291102355,-0.0007923792250916217,-0.224,0.36,0.687,0.998,-0.052,-0.026,-0.001,-0.21511195303533598,0.34722614805354746,0.6992590369465902
122,1784634012.6873622,-0.01578140663391618,0.009916506870670277,0.263144847757293,-0.001046720261532913,-0.225,0.362,0.686,0.998,-0.052,-0.025,-0.001,-0.21511195303533598,0.34722614805354746,0.6992590369465902
122,1784634012.7069943,-0.09625956345182518,-0.0659050104437433,0.252904185077642,-0.0008150154970954663,-0.226,0.364,0.684,0.998,-0.051,-0.025,-0.001,-0.21511195303533598,0.34722614805354746,0.6992590369465902
125,1784634012.7259645,-0.10235983725002204,-0.07153869139060824,0.260221317176094,-0.0012549573867720854,-0.227,0.366,0.682,0.998,-0.05,-0.024,-0.001,-0.21511195303533598,0.34722614805354746,0.6992590369465902
125,1784634012.7501907,-0.09334707194842483,-0.06310223013588916,0.25445786753250826,-0.001456153247397209,-0.228,0.367,0.682,0.998,-0.05,-0.024,-0.001,-0.21511195303533598,0.34722614805354746,0.6992590369465902
127,1784634012.7759995,-0.0948968053525372,-0.05784770342091435,0.25842120422615916,-0.0016712482145593724,-0.229,0.369,0.68,0.999,-0.049,-0.024,-0.001,-0.21511195303533598,0.34722614805354746,0.6992590369465902
127,1784634012.7944949,-0.08396543493970371,-0.05897272170396617,0.2551666071553775,-0.001771770639024617,-0.23,0.371,0.679,0.999,-0.049,-0.023,-0.001,-0.21511195303533598,0.34722614805354746,0.6992590369465902
129,1784634012.815401,0.017669227629419526,0.005382599888960032,0.26795907164430943,-0.0017299952590863804,-0.231,0.372,0.678,0.999,-0.049,-0.023,-0.001,-0.22661887999740382,0.36493283937366894,0.683073451364794
129,1784634012.8385868,-0.08275331956802383,-0.09448197461234849,0.24859792392379595,-0.0005368953830511575,-0.232,0.373,0.677,0.999,-0.049,-0.024,-0.001,-0.22661887999740382,0.36493283937366894,0.683073451364794
131,1784634012.863441,-0.11878286582567439,-0.08495943188697552,0.26491787910169773,-0.0006655843228161071,-0.233,0.375,0.675,0.999,-0.049,-0.024,-0.001,-0.22661887999740382,0.36493283937366894,0.683073451364794
131,1784634012.8859127,-0.15711487402422097,-0.11161874270776144,0.25022846020568196,-0.001126136326627668,-0.234,0.376,0.674,0.998,-0.05,-0.024,-0.001,-0.22661887999740382,0.36493283937366894,0.683073451364794
134,1784634012.9156084,-0.09683431276902683,-0.07410609007401484,0.263089779579547,-0.0013562150831565975,-0.234,0.378,0.673,0.998,-0.05,-0.024,-0.001,-0.22661887999740382,0.36493283937366894,0.683073451364794
134,1784634012.9492402,-0.09407886507937943,-0.06655954637121654,0.25334728548024565,-0.0014561523485530706,-0.235,0.379,0.672,0.998,-0.051,-0.025,-0.001,-0.22661887999740382,0.36493283937366894,0.683073451364794
137,1784634012.9787827,-0.13399406253078278,-0.08922969831846367,0.2583909502273304,-0.001576981833104704,-0.236,0.381,0.671,0.998,-0.052,-0.026,-0.001,-0.22661887999740382,0.36493283937366894,0.683073451364794
137,1784634013.0002105,-0.12171119908801421,-0.08024134515265763,0.2542050159932535,-0.0017269691739492474,-0.237,0.383,0.67,0.998,-0.053,-0.027,-0.001,-0.22661887999740382,0.36493283937366894,0.683073451364794
139,1784634013.015342,-0.018674471110520716,0.021694677660836575,0.2631350053203038,-0.004006631878584463,-0.238,0.383,0.669,0.998,-0.054,-0.027,-0.001,-0.22661887999740382,0.36493283937366894,0.683073451364794
139,1784634013.0286877,0.08056599168786352,0.07995540490464614,0.25451590060071044,-0.00216029597677441,-0.238,0.384,0.669,0.998,-0.054,-0.028,-0.001,-0.22661887999740382,0.36493283937366894,0.683073451364794
140,1784634013.0444136,0.13762574074811598,0.0821015400117056,0.2606821431601755,-0.0015982781515026562,-0.238,0.384,0.668,0.998,-0.055,-0.028,-0.001,-0.22661887999740382,0.36493283937366894,0.683073451364794
142,1784634013.062521,0.10708347295375704,0.0341106542512897,0.25497959711711,-0.001056811770408618,-0.239,0.386,0.667,0.998,-0.056,-0.029,-0.001,-0.23545172099699194,0.37953761347035714,0.6713476758252266
143,1784634013.082739,0.0943814553418427,0.021403304440159022,0.2581763519903627,-0.0010960185407457182,-0.239,0.387,0.667,0.998,-0.057,-0.03,-0.001,-0.23545172099699194,0.37953761347035714,0.6713476758252266
143,1784634013.1012702,0.07592222372186266,-0.0008543882145518669,0.2551987248220747,-0.0010864343981324904,-0.239,0.387,0.667,0.998,-0.057,-0.03,-0.001,-0.23545172099699194,0.37953761347035714,0.6713476758252266
144,1784634013.1221132,-0.025964559009380675,-0.0982208017156598,0.2556561878795849,3.895470352651949e-05,-0.24,0.388,0.666,0.998,-0.058,-0.03,-0.001,-0.23545172099699194,0.37953761347035714,0.6713476758252266
145,1784634013.141065,-0.10099630820472953,-0.10944794119111938,0.25466932105786055,0.0003293603560373413,-0.24,0.389,0.666,0.998,-0.059,-0.031,-0.001,-0.23545172099699194,0.37953761347035714,0.6713476758252266
146,1784634013.16296,-0.047931554874068305,-0.0746581423973868,0.2556483227047547,-0.00037268644335160413,-0.24,0.389,0.666,0.998,-0.059,-0.031,-0.001,-0.23545172099699194,0.37953761347035714,0.6713476758252266
147,1784634013.1808913,-0.1460850035773243,-0.12567657980234115,0.2540354674224893,-0.00010016973675046781,-0.24,0.39,0.666,0.998,-0.059,-0.031,-0.001,-0.23545172099699194,0.37953761347035714,0.6713476758252266
149,1784634013.202746,-0.16886045277504974,-0.12710261471093132,0.25481784482173103,-0.0004194442274427818,-0.241,0.391,0.666,0.998,-0.059,-0.031,-0.001,-0.23545172099699194,0.37953761347035714,0.6713476758252266
150,1784634013.2218504,-0.13205643216253654,-0.1079855621527776,0.25407748262529933,-0.000943801198864277,-0.241,0.391,0.666,0.998,-0.059,-0.031,-0.001,-0.23545172099699194,0.37953761347035714,0.6713476758252266
151,1784634013.244251,-0.14943032647001186,-0.11716973418040201,0.2546102900232659,-0.0011739891353147942,-0.241,0.392,0.666,0.998,-0.059,-0.031,-0.001,-0.23545172099699194,0.37953761347035714,0.6713476758252266
152,1784634013.2654164,-0.05835853005334532,-0.06274681591916584,0.2521597084677663,-0.0016468990086853567,-0.241,0.392,0.666,0.998,-0.059,-0.031,-0.001,-0.23996303140050157,0.3886610153581777,0.6662487030231616
152,1784634013.284427,-0.1229770509484378,-0.0936914885533264,0.2545801845028105,-0.0015797681696414325,-0.241,0.392,0.666,0.998,-0.059,-0.032,-0.001,-0.23996303140050157,0.3886610153581777,0.6662487030231616
153,1784634013.3043766,-0.04247029038738301,-0.03945078364528842,0.25143815060157454,-0.001742484648843351,-0.241,0.392,0.666,0.998,-0.059,-0.032,-0.001,-0.23996303140050157,0.3886610153581777,0.6662487030231616
154,1784634013.3243606,-0.1350939160492628,-0.10395957790330901,0.25516490585559515,-0.0017222033197901172,-0.241,0.393,0.666,0.998,-0.059,-0.032,-0.001,-0.23996303140050157,0.3886610153581777,0.6662487030231616
156,1784634013.3444362,-0.1173265262148713,-0.08989993462330687,0.25203974670181384,-0.0017317116623656625,-0.241,0.393,0.666,0.998,-0.06,-0.033,-0.001,-0.23996303140050157,0.3886610153581777,0.6662487030231616
156,1784634013.378293,-0.014461792324062472,0.0029794063501406287,0.25206927801137685,-0.0021837711145711925,-0.241,0.394,0.666,0.998,-0.061,-0.034,-0.001,-0.23996303140050157,0.3886610153581777,0.6662487030231616
158,1784634013.4046872,0.03532761495396499,0.014169771592717248,0.2511991244139138,-0.0024340514573374657,-0.241,0.394,0.666,0.997,-0.062,-0.035,-0.001,-0.23996303140050157,0.3886610153581777,0.6662487030231616
158,1784634013.4269354,-0.04462263915876186,-0.03236337023057609,0.25388247303548617,-0.0024376735818248648,-0.241,0.394,0.666,0.997,-0.063,-0.036,-0.001,-0.23996303140050157,0.3886610153581777,0.6662487030231616
160,1784634013.4557288,-0.05276101862814859,-0.04061520855178556,0.2516328042492556,-0.0011582962686645193,-0.241,0.394,0.667,0.997,-0.063,-0.036,-0.0,-0.23996303140050157,0.3886610153581777,0.6662487030231616
160,1784634013.4950335,-0.049200043698694226,-0.03739879198852734,0.25315783601782443,-0.0004896878760886419,-0.241,0.395,0.667,0.997,-0.064,-0.037,-0.0,-0.23996303140050157,0.3886610153581777,0.6662487030231616
164,1784634013.522412,0.03181049864043632,-0.0010258822992890992,0.24934375025099703,5.6023565958378675e-05,-0.241,0.395,0.667,0.997,-0.065,-0.037,-0.0,-0.23996303140050157,0.3886610153581777,0.6662487030231616
164,1784634013.5462904,-0.05996456807501123,-0.03750615452204141,0.25665572999457076,0.00014076808595703228,-0.241,0.395,0.667,0.997,-0.066,-0.038,-0.0,-0.24140798075806863,0.39407454447427487,0.6662315229992882
167,1784634013.5798612,-0.06975490137219689,-0.04671888115428339,0.25093803125616426,0.00022297876415725446,-0.241,0.395,0.668,0.997,-0.066,-0.038,-0.0,-0.24140798075806863,0.39407454447427487,0.6662315229992882
167,1784634013.6021357,-0.07049509330855096,-0.05041959029435933,0.2550984172077969,0.000316879027045109,-0.241,0.395,0.668,0.997,-0.068,-0.039,-0.0,-0.24140798075806863,0.39407454447427487,0.6662315229992882
169,1784634013.6225584,-0.08663101834479715,-0.05775511491271502,0.25270057063653834,0.00030952044300554846,-0.241,0.396,0.669,0.997,-0.068,-0.039,-0.0,-0.24140798075806863,0.39407454447427487,0.6662315229992882
169,1784634013.6579595,-0.04501288943121748,-0.03974003276006219,0.2505224369648868,0.0003126773190819885,-0.241,0.396,0.669,0.997,-0.068,-0.04,-0.0,-0.24140798075806863,0.39407454447427487,0.6662315229992882
172,1784634013.6843922,-0.08829813386634926,-0.052734461307940676,0.2559620622116308,0.00023311729584753782,-0.241,0.396,0.669,0.997,-0.069,-0.04,-0.0,-0.24140798075806863,0.39407454447427487,0.6662315229992882
172,1784634013.701023,-0.076899936869673,-0.056312159933861516,0.2506360083232207,0.0001488473433619391,-0.24,0.396,0.67,0.997,-0.07,-0.04,-0.0,-0.24140798075806863,0.39407454447427487,0.6662315229992882
174,1784634013.7253463,-0.06471411763641235,-0.04856975201998253,0.2513125729409291,0.00010171555672199351,-0.24,0.395,0.671,0.997,-0.07,-0.041,-0.0,-0.24140798075806863,0.39407454447427487,0.6662315229992882
174,1784634013.7437954,-0.08725656848235908,-0.04870624196516276,0.25507092139009563,5.2998739961091244e-05,-0.24,0.395,0.671,0.997,-0.07,-0.041,-0.0,-0.24140798075806863,0.39407454447427487,0.6662315229992882
176,1784634013.761787,-0.07908035788730283,-0.04871903201076658,0.2522072302587016,-1.3966097379256509e-05,-0.24,0.395,0.671,0.997,-0.071,-0.041,-0.0,-0.24140798075806863,0.39407454447427487,0.6662315229992882
176,1784634013.7778444,-0.11666129420885506,-0.044571712917752776,0.25923818718966873,-8.067738787262256e-05,-0.24,0.395,0.672,0.997,-0.071,-0.041,-0.0,-0.24075134380644025,0.3955829789072859,0.6693225287484397
178,1784634013.7931821,-0.11366793816215065,-0.04490678148622275,0.2529253290584737,-0.00033640904792469576,-0.24,0.395,0.672,0.997,-0.071,-0.041,-0.0,-0.24075134380644025,0.3955829789072859,0.6693225287484397
178,1784634013.808135,-0.10280230345627013,-0.034079619553179195,0.2576101903494675,-0.00041522186825043435,-0.24,0.395,0.672,0.997,-0.072,-0.042,-0.0,-0.24075134380644025,0.3955829789072859,0.6693225287484397
180,1784634013.8252194,-0.10473273042801873,-0.03518677848243704,0.25411336169711457,-0.0005143879784376185,-0.24,0.395,0.672,0.997,-0.072,-0.042,-0.0,-0.24075134380644025,0.3955829789072859,0.6693225287484397
180,1784634013.8449383,-0.10936669018261357,-0.03645336001134519,0.2581234482036498,-0.0005668550893370981,-0.239,0.395,0.673,0.996,-0.072,-0.042,-0.0,-0.24075134380644025,0.3955829789072859,0.6693225287484397
182,1784634013.8646514,-0.09765357155124313,-0.02812644224204283,0.25334131597523574,-0.0006847767010266366,-0.239,0.394,0.673,0.996,-0.073,-0.043,-0.0,-0.24075134380644025,0.3955829789072859,0.6693225287484397
183,1784634013.8823738,-0.09621095133868272,-0.029727296174984298,0.2566831446672523,-0.0007230572473807136,-0.239,0.394,0.674,0.996,-0.073,-0.043,-0.0,-0.24075134380644025,0.3955829789072859,0.6693225287484397
184,1784634013.9032948,-0.08619331952361187,-0.03151529273225486,0.2539609039312027,-0.0006951102144386908,-0.239,0.394,0.674,0.996,-0.074,-0.043,-0.0,-0.24075134380644025,0.3955829789072859,0.6693225287484397
185,1784634013.9217036,-0.07730103526474721,-0.033959489395558456,0.25575169432739536,-0.0005959077993288259,-0.238,0.394,0.675,0.996,-0.075,-0.043,-0.0,-0.24075134380644025,0.3955829789072859,0.6693225287484397
186,1784634013.9424353,-0.10547562756419537,-0.040819575019529444,0.25753326397188214,-0.000659007347822379,-0.238,0.393,0.675,0.996,-0.075,-0.044,-0.0,-0.23888299931029158,0.39412346866554415,0.6739355205941838
187,1784634013.9633212,-0.09975342092986034,-0.04413406280923822,0.2558459508122101,-0.0006000287808963095,-0.238,0.393,0.676,0.996,-0.076,-0.044,-0.0,-0.23888299931029158,0.39412346866554415,0.6739355205941838
188,1784634013.9823627,-0.09318086894145777,-0.04056093074474237,0.2583972911149826,-0.0004188578246598468,-0.238,0.393,0.676,0.996,-0.077,-0.044,-0.0,-0.23888299931029158,0.39412346866554415,0.6739355205941838
188,1784634014.0033407,-0.09018277119599527,-0.06368467487525202,0.25037591489911204,-0.0004863910810480175,-0.238,0.392,0.677,0.996,-0.077,-0.044,-0.0,-0.23888299931029158,0.39412346866554415,0.6739355205941838
189,1784634014.0304332,-0.08914027676632849,-0.06139062605014613,0.2558604801122306,-0.0004469583001355691,-0.237,0.392,0.678,0.996,-0.078,-0.045,-0.0,-0.23888299931029158,0.39412346866554415,0.6739355205941838
191,1784634014.0540931,-0.09452596823514853,-0.04397099736298705,0.2561525856035108,-0.00022723301528056346,-0.237,0.392,0.678,0.996,-0.078,-0.045,-0.0,-0.23888299931029158,0.39412346866554415,0.6739355205941838
191,1784634014.081405,-0.08635842245956196,-0.06254927650416688,0.25065269819236524,-0.0002863630056749539,-0.237,0.391,0.679,0.996,-0.079,-0.045,-0.0,-0.23888299931029158,0.39412346866554415,0.6739355205941838
193,1784634014.1115086,-0.07666115320208501,-0.04128504107997238,0.2595873078168421,-0.00010659181943798449,-0.236,0.391,0.68,0.996,-0.08,-0.045,-0.0,-0.23888299931029158,0.39412346866554415,0.6739355205941838
193,1784634014.1438098,-0.07185575663560155,-0.02364950697654465,0.25498254655801394,-9.267139448773497e-07,-0.236,0.39,0.682,0.996,-0.081,-0.046,-0.0,-0.23888299931029158,0.39412346866554415,0.6739355205941838
196,1784634014.1686256,-0.05311355669168588,-0.02770507237103159,0.255480054797541,1.7396680995035273e-06,-0.235,0.389,0.683,0.996,-0.083,-0.046,-0.0,-0.23888299931029158,0.39412346866554415,0.6739355205941838
198,1784634014.1957712,-0.05412048022815735,-0.01675821552507769,0.2548477158653109,-1.9674282183703435e-05,-0.235,0.389,0.684,0.995,-0.083,-0.047,-0.0,-0.23888299931029158,0.39412346866554415,0.6739355205941838
198,1784634014.2327209,-0.052250684448568036,-0.02967683710577371,0.2487274321192224,-6.86937582242598e-05,-0.235,0.388,0.685,0.995,-0.084,-0.047,-0.0,-0.23888299931029158,0.39412346866554415,0.6739355205941838
201,1784634014.2679536,-0.01857394938562254,-0.022525105332514016,0.2592286434266952,-0.0002989710335131032,-0.234,0.388,0.687,0.995,-0.085,-0.048,-0.0,-0.23616208380155188,0.3904444645617672,0.6805780879911103
201,1784634014.2944105,-0.012240027743870494,-0.024191331893035684,0.252903744194479,-9.132847702671284e-05,-0.233,0.387,0.689,0.995,-0.086,-0.048,-0.0,-0.23616208380155188,0.3904444645617672,0.6805780879911103
204,1784634014.3282342,0.0028407289821053526,-0.006763810504395548,0.25924631633252426,-1.6767374219763627e-06,-0.233,0.386,0.69,0.995,-0.087,-0.049,-0.0,-0.23616208380155188,0.3904444645617672,0.6805780879911103
204,1784634014.3596401,0.003396230715750759,-0.020152938715369002,0.24982726260352042,0.00023043735445600773,-0.233,0.386,0.692,0.995,-0.088,-0.049,-0.0,-0.23616208380155188,0.3904444645617672,0.6805780879911103
207,1784634014.4061944,0.05313314035564026,0.008826071262845726,0.26006907901024257,0.00019586666004196357,-0.232,0.386,0.693,0.995,-0.088,-0.049,-0.0,-0.2329776519445233,0.3861548915312601,0.6896998443388414
209,1784634014.4386876,0.05892575654753664,0.006325393681686043,0.2505256582961154,0.0003992278752059772,-0.232,0.385,0.695,0.995,-0.089,-0.049,-0.0,-0.2329776519445233,0.3861548915312601,0.6896998443388414
209,1784634014.4854834,0.05295499895168191,0.01690564593157455,0.25734132755709765,0.000311921753192735,-0.232,0.385,0.697,0.995,-0.089,-0.05,-0.0,-0.2329776519445233,0.3861548915312601,0.6896998443388414
214,1784634014.5166962,0.013635430723858692,-0.014136036574386505,0.240497411527205,0.000571820668907091,-0.231,0.385,0.699,0.995,-0.089,-0.05,-0.0,-0.2329776519445233,0.3861548915312601,0.6896998443388414
214,1784634014.5595696,0.046720216823564274,0.014169713086763746,0.2641794311979941,0.00039182584305058913,-0.231,0.385,0.7,0.995,-0.089,-0.05,-0.0,-0.2329776519445233,0.3861548915312601,0.6896998443388414
217,1784634014.6106257,0.045783650373141915,0.01216094232582318,0.24573732538320273,0.0003610106669395106,-0.231,0.385,0.702,0.995,-0.089,-0.05,-0.0,-0.2329776519445233,0.3861548915312601,0.6896998443388414
220,1784634014.6410272,-0.01502338483462902,-0.02102155895048821,0.2466268928206115,0.00043272073785797144,-0.231,0.385,0.705,0.995,-0.088,-0.05,-0.0,-0.2329776519445233,0.3861548915312601,0.6896998443388414
220,1784634014.6733415,-0.017909156781187485,-0.022173879434972437,0.24424964976837962,0.0004380184832001188,-0.231,0.385,0.707,0.995,-0.088,-0.05,-0.0,-0.2329776519445233,0.3861548915312601,0.6896998443388414
223,1784634014.6932533,0.0067281716538128075,0.002480557513091907,0.25573514129611086,0.0002794718373846642,-0.231,0.385,0.709,0.995,-0.087,-0.05,-0.0,-0.2329776519445233,0.3861548915312601,0.6896998443388414
223,1784634014.7102523,0.06241856722117284,0.0400029766733517,0.2530182670676821,0.00011797873741463779,-0.231,0.385,0.71,0.995,-0.087,-0.05,-0.0,-0.23111248691792552,0.38452034960504006,0.7004629935193151
225,1784634014.7318707,0.06983851443063652,0.04544261481399273,0.2550650240610926,6.965732997622974e-05,-0.231,0.385,0.711,0.995,-0.087,-0.05,-0.0,-0.23111248691792552,0.38452034960504006,0.7004629935193151
225,1784634014.7515507,0.048267222933796664,0.030497393067810775,0.24136816707841957,0.00016057498766841702,-0.231,0.385,0.712,0.995,-0.087,-0.05,-0.0,-0.23111248691792552,0.38452034960504006,0.7004629935193151
227,1784634014.7696002,0.06470243107359248,0.04798860786891121,0.2640022484190696,-8.179773184253106e-05,-0.231,0.386,0.714,0.995,-0.086,-0.05,-0.0,-0.23111248691792552,0.38452034960504006,0.7004629935193151
227,1784634014.7840466,0.07111058219763114,0.05143980174240474,0.24657099799804394,-0.00021583986994363872,-0.231,0.386,0.716,0.995,-0.086,-0.05,-0.0,-0.23111248691792552,0.38452034960504006,0.7004629935193151
228,1784634014.8028355,0.06278386747352174,0.04415726505655611,0.25647128027967303,-0.0002436514634319001,-0.231,0.386,0.717,0.995,-0.086,-0.05,-0.0,-0.23111248691792552,0.38452034960504006,0.7004629935193151
229,1784634014.8224127,0.06965641752044772,0.04962028631857443,0.2542054116274613,-0.0003308612822721567,-0.231,0.386,0.719,0.995,-0.086,-0.05,-0.0,-0.23111248691792552,0.38452034960504006,0.7004629935193151
230,1784634014.8423991,0.040504544193902425,0.01350217288247034,0.24194500062170846,-0.00019708701352335855,-0.231,0.387,0.72,0.995,-0.085,-0.049,-0.0,-0.23111248691792552,0.38452034960504006,0.7004629935193151
231,1784634014.8609552,0.054952837529381016,0.0340253153492805,0.26518631129521403,-0.0002237614642240851,-0.231,0.387,0.721,0.995,-0.085,-0.049,-0.0,-0.23111248691792552,0.38452034960504006,0.7004629935193151
232,1784634014.8828585,0.03019774683516477,0.001685828059229337,0.2339798689611877,-0.00011260827770426594,-0.231,0.387,0.722,0.995,-0.085,-0.049,-0.0,-0.23111248691792552,0.38452034960504006,0.7004629935193151
233,1784634014.9012249,-0.027070358372282204,-0.00019732412596973684,0.27095536044644214,-0.00038791847251210606,-0.231,0.387,0.723,0.995,-0.084,-0.049,-0.0,-0.23035907624554788,0.3848266035928712,0.7114077859419801
234,1784634014.9217367,-0.04144844356080134,-0.019405020594128092,0.23421734474843614,-0.00047850506202788196,-0.231,0.388,0.724,0.995,-0.084,-0.049,-0.0,-0.23035907624554788,0.3848266035928712,0.7114077859419801
235,1784634014.9422474,-0.0399488992784212,-0.028588416906868926,0.26146896999375635,-0.0002826560372709553,-0.231,0.388,0.725,0.995,-0.084,-0.048,-0.0,-0.23035907624554788,0.3848266035928712,0.7114077859419801
236,1784634014.9625235,-0.021673843367094624,0.00047308048557889726,0.2517936202580134,-0.0002765593512702748,-0.231,0.388,0.726,0.995,-0.083,-0.048,-0.0,-0.23035907624554788,0.3848266035928712,0.7114077859419801
238,1784634014.9819953,-0.01964563689760481,0.0031119442595062665,0.25909749840615687,-0.0002670670377008115,-0.231,0.388,0.727,0.995,-0.083,-0.048,-0.0,-0.23035907624554788,0.3848266035928712,0.7114077859419801
238,1784634015.001106,-0.013461030063049731,0.004932661194151357,0.25063032085034276,-0.00024015002865812411,-0.231,0.389,0.728,0.995,-0.083,-0.048,-0.0,-0.23035907624554788,0.3848266035928712,0.7114077859419801
239,1784634015.0219793,-0.0036003592862096246,0.004336781194646004,0.24841014801583575,-0.0001630248633906262,-0.232,0.389,0.729,0.995,-0.083,-0.048,-0.0,-0.23035907624554788,0.3848266035928712,0.7114077859419801
240,1784634015.0417957,0.0074865471886472225,0.010045525090348393,0.24967649110385387,-0.00012921774042207857,-0.232,0.389,0.73,0.995,-0.083,-0.048,-0.0,-0.23035907624554788,0.3848266035928712,0.7114077859419801
241,1784634015.0629015,0.015353604734668763,0.02394468289203293,0.25881562462245067,-0.00018399192823000593,-0.232,0.39,0.732,0.995,-0.083,-0.048,-0.0,-0.22751946145588337,0.38115533354709286,0.7161342545744451
243,1784634015.0826092,0.036168446911106836,0.026140123177447478,0.24338165132290876,-5.279617024772453e-05,-0.232,0.39,0.732,0.995,-0.083,-0.048,-0.0,-0.22751946145588337,0.38115533354709286,0.7161342545744451
243,1784634015.1024668,0.014113509871883534,0.02364007413166983,0.26660423304613456,-0.0001622203733744443,-0.232,0.39,0.733,0.995,-0.083,-0.048,-0.0,-0.22751946145588337,0.38115533354709286,0.7161342545744451
244,1784634015.1231344,0.015559305915600886,0.026134410194672643,0.24867885018726443,-0.0001947819917907148,-0.232,0.39,0.734,0.995,-0.083,-0.048,-0.0,-0.22751946145588337,0.38115533354709286,0.7161342545744451
245,1784634015.1422265,0.03892846336030763,0.023533895268984226,0.2505620311138321,-2.1944662427055787e-05,-0.232,0.391,0.735,0.995,-0.083,-0.048,-0.0,-0.22751946145588337,0.38115533354709286,0.7161342545744451
246,1784634015.162261,0.035640925905259496,0.019827168492491404,0.24855207639280127,3.2757198279144255e-05,-0.232,0.391,0.736,0.995,-0.083,-0.048,-0.0,-0.22751946145588337,0.38115533354709286,0.7161342545744451
247,1784634015.1823068,0.012032435055175265,0.010315537289650813,0.26141146019374223,3.849330268692171e-05,-0.232,0.391,0.738,0.995,-0.083,-0.047,-0.0,-0.22751946145588337,0.38115533354709286,0.7161342545744451
249,1784634015.2026005,0.015011517902275697,0.005797871333911185,0.24838332053878642,0.0001033168307776549,-0.232,0.392,0.739,0.995,-0.083,-0.047,-0.0,-0.22751946145588337,0.38115533354709286,0.7161342545744451
250,1784634015.2243268,-0.008335606172859472,-0.02024185773688523,0.26395550364277914,0.00029142649134683893,-0.233,0.392,0.74,0.995,-0.083,-0.047,-0.0,-0.23164606254361456,0.38958593869679586,0.7325457873993741
250,1784634015.2439559,-0.003102085258625856,-0.03591163035408348,0.23995071244340915,0.0004255789579289377,-0.233,0.392,0.741,0.995,-0.083,-0.047,-0.0,-0.23164606254361456,0.38958593869679586,0.7325457873993741
251,1784634015.2635934,-0.01611740128794819,-0.021824892516223056,0.2726645466539508,0.00041945527981485163,-0.233,0.392,0.742,0.995,-0.083,-0.047,-0.0,-0.23164606254361456,0.38958593869679586,0.7325457873993741
252,1784634015.2860622,-0.007848876661112876,-0.03800688461857934,0.23443016626524266,0.0004492637479600833,-0.233,0.393,0.743,0.995,-0.083,-0.047,-0.0,-0.23164606254361456,0.38958593869679586,0.7325457873993741
254,1784634015.304218,-0.007645689517960704,-0.03397519176278121,0.2609085961133193,0.0005243189131448318,-0.233,0.393,0.743,0.995,-0.083,-0.047,-0.0,-0.23164606254361456,0.38958593869679586,0.7325457873993741
254,1784634015.3227308,-0.01837213814260116,-0.02414610498041931,0.25027717695142027,0.00045476186425592044,-0.233,0.393,0.744,0.995,-0.082,-0.047,-0.0,-0.23164606254361456,0.38958593869679586,0.7325457873993741
256,1784634015.3454287,-0.010824819805740385,-0.020453050106625303,0.24807813550428387,0.0004091339989589259,-0.233,0.393,0.746,0.996,-0.082,-0.047,-0.0,-0.23164606254361456,0.38958593869679586,0.7325457873993741
256,1784634015.3613756,-0.006790713435607297,-0.015467533601161631,0.24975337428273137,0.00037557281289603094,-0.233,0.394,0.746,0.996,-0.082,-0.047,-0.0,-0.23164606254361456,0.38958593869679586,0.7325457873993741
258,1784634015.3837326,-0.018035337591779704,-0.01348072250442301,0.2627914913031157,0.0002964539779545453,-0.233,0.394,0.748,0.996,-0.082,-0.047,-0.0,-0.23164606254361456,0.38958593869679586,0.7325457873993741
259,1784634015.4062693,-0.011075825925600725,-0.008654925028022925,0.2481381430155293,0.00024816450765514073,-0.233,0.394,0.749,0.996,-0.082,-0.047,-0.0,-0.23164606254361456,0.38958593869679586,0.7325457873993741
259,1784634015.4355185,-0.013579265995585964,-0.008935976434521858,0.26229071699186124,0.0001997912279800171,-0.233,0.395,0.749,0.996,-0.082,-0.047,-0.0,-0.23164606254361456,0.38958593869679586,0.7325457873993741
259,1784634015.4527202,-0.0064804262234959865,-0.003654461070464852,0.24835677964889216,0.0001820043679807473,-0.234,0.395,0.75,0.996,-0.082,-0.047,-0.0,-0.23164606254361456,0.38958593869679586,0.7325457873993741
262,1784634015.4845412,-0.008559139617819234,-0.004496403897424191,0.26124808484406337,0.00014322034559308044,-0.234,0.395,0.751,0.996,-0.082,-0.047,-0.0,-0.23262064377650943,0.39253790253546206,0.7439733391746323
262,1784634015.509817,-0.009402195079129426,-0.007071885073676554,0.2528107270513139,0.0001400339156564118,-0.234,0.395,0.753,0.995,-0.082,-0.047,-0.0,-0.23262064377650943,0.39253790253546206,0.7439733391746323
265,1784634015.5249927,-0.006374392600985391,-0.005856487715203319,0.25706459887055144,0.0001460626853362595,-0.234,0.396,0.754,0.995,-0.082,-0.047,-0.0,-0.23262064377650943,0.39253790253546206,0.7439733391746323
265,1784634015.543924,0.0007912379343442697,0.006408856670004065,0.24999200233235597,3.159204385464758e-05,-0.234,0.396,0.755,0.995,-0.082,-0.048,-0.0,-0.23262064377650943,0.39253790253546206,0.7439733391746323
266,1784634015.5629904,-0.009273688473013453,0.0017190378490664106,0.2600304199151283,-8.09410015538874e-05,-0.234,0.396,0.757,0.995,-0.082,-0.048,-0.0,-0.23262064377650943,0.39253790253546206,0.7439733391746323
267,1784634015.583834,0.015599586179114201,0.009575691297748946,0.23532655065793304,-3.546849368592521e-05,-0.234,0.397,0.758,0.995,-0.082,-0.048,-0.0,-0.23262064377650943,0.39253790253546206,0.7439733391746323
269,1784634015.607976,-0.010980336859808783,0.0009236741030572322,0.2708867613290997,-0.00014357662292420508,-0.234,0.397,0.759,0.995,-0.082,-0.048,-0.0,-0.23262064377650943,0.39253790253546206,0.7439733391746323
269,1784634015.626081,0.01322435085653888,0.005590455434800058,0.22700104814275757,-8.728506142344886e-05,-0.234,0.397,0.76,0.995,-0.082,-0.048,-0.0,-0.23262064377650943,0.39253790253546206,0.7439733391746323
271,1784634015.6454217,0.008206259129720627,1.0426826751626372e-06,0.25884575750310923,-3.4874379291722235e-05,-0.234,0.397,0.761,0.995,-0.082,-0.048,-0.0,-0.23262064377650943,0.39253790253546206,0.7439733391746323
272,1784634015.666331,0.022133113985728356,-0.001762382716767278,0.23449049879998146,6.915917901336253e-05,-0.234,0.398,0.762,0.995,-0.083,-0.048,-0.0,-0.23262064377650943,0.39253790253546206,0.7439733391746323
273,1784634015.6848698,0.054378559810022736,0.020398452116752924,0.2551085797092081,2.2476584626591197e-05,-0.234,0.398,0.763,0.995,-0.083,-0.048,-0.0,-0.23404501004943107,0.39642741594012043,0.7566307296697228
273,1784634015.7172985,0.044530233155033024,0.026702834145497692,0.2557068294335823,-8.208338849999494e-05,-0.235,0.398,0.763,0.995,-0.083,-0.048,-0.0,-0.23404501004943107,0.39642741594012043,0.7566307296697228
275,1784634015.745723,0.03893551908795005,0.025592598253829167,0.25508751717082984,-0.00011318947301288971,-0.235,0.398,0.766,0.995,-0.083,-0.048,-0.0,-0.23404501004943107,0.39642741594012043,0.7566307296697228
275,1784634015.7781007,0.03697715820216968,0.020898411318568223,0.25169775794506755,-5.668148382439679e-05,-0.235,0.399,0.768,0.995,-0.083,-0.048,-0.0,-0.23404501004943107,0.39642741594012043,0.7566307296697228
278,1784634015.821282,0.019434024798481907,0.01957155403899225,0.2575017481392484,-0.00016468651135212925,-0.235,0.399,0.77,0.995,-0.082,-0.048,-0.0,-0.23404501004943107,0.39642741594012043,0.7566307296697228
278,1784634015.8632417,0.0006675070268500546,-1.635359626902394e-05,0.2381337736322313,-0.00014868044061946284,-0.235,0.399,0.771,0.995,-0.082,-0.048,-0.0,-0.23404501004943107,0.39642741594012043,0.7566307296697228
282,1784634015.9014292,-0.01889161095549196,-0.013743105665847116,0.2506935959606778,-0.00011622503392157514,-0.235,0.4,0.775,0.996,-0.082,-0.048,-0.0,-0.23404501004943107,0.39642741594012043,0.7566307296697228
282,1784634015.932704,-0.0028616469792152113,-0.007166084156458096,0.25281254851284063,-4.1015027782369774e-05,-0.235,0.4,0.777,0.996,-0.082,-0.047,-0.0,-0.23404501004943107,0.39642741594012043,0.7566307296697228
286,1784634015.972476,-0.07159642272156369,-0.030805974763775824,0.2603558755930904,-0.00010322596596452607,-0.235,0.4,0.779,0.996,-0.081,-0.047,-0.0,-0.2348752302327351,0.39905122877857097,0.7699529899175039
286,1784634016.0442665,-0.0779304497065737,-0.03556835113036045,0.25129899589520077,-0.00021204634055839016,-0.235,0.401,0.782,0.996,-0.081,-0.047,-0.0,-0.2348752302327351,0.39905122877857097,0.7699529899175039
291,1784634016.0849702,-0.07346127030498067,-0.03767536484508452,0.25297364463888306,-0.0002557388194566655,-0.235,0.401,0.786,0.996,-0.081,-0.047,-0.0,-0.2348752302327351,0.39905122877857097,0.7699529899175039
293,1784634016.1077774,-0.06083030106893711,-0.04623381868290566,0.23788285924442035,-0.00022453712867654457,-0.235,0.401,0.79,0.996,-0.082,-0.047,-0.0,-0.2348752302327351,0.39905122877857097,0.7699529899175039
295,1784634016.127124,-0.054975812596460505,-0.04345145003514369,0.24870852042527436,-0.00011460265881499187,-0.235,0.401,0.791,0.996,-0.082,-0.047,-0.0,-0.2348752302327351,0.39905122877857097,0.7699529899175039
295,1784634016.1438172,-0.05336442429957233,-0.02208979624786237,0.2573913398409393,-9.639264519154232e-05,-0.235,0.401,0.792,0.995,-0.082,-0.048,-0.0,-0.2348752302327351,0.39905122877857097,0.7699529899175039
296,1784634016.1688986,-0.04049042850748259,-0.022663614150181095,0.24642796785147128,-0.00011738378650996684,-0.235,0.401,0.794,0.995,-0.083,-0.048,-0.0,-0.2348752302327351,0.39905122877857097,0.7699529899175039
298,1784634016.1886768,-0.03990926805393785,-0.019345684531162533,0.25876413067173826,-0.000103549491190148,-0.235,0.401,0.795,0.995,-0.083,-0.048,-0.0,-0.2348752302327351,0.39905122877857097,0.7699529899175039
298,1784634016.2059383,-0.06562956544220508,-0.044915984628416214,0.24593283821119727,-0.0001316705698775758,-0.235,0.401,0.796,0.995,-0.083,-0.048,-0.0,-0.23503894092825584,0.40026528481855717,0.7841119077823393
300,1784634016.2229517,-0.05883093717749337,-0.05649556962690337,0.2429250324554603,-5.786239802677424e-05,-0.235,0.401,0.798,0.995,-0.084,-0.048,-0.0,-0.23503894092825584,0.40026528481855717,0.7841119077823393
300,1784634016.2462661,-0.057691323307882986,-0.03589803475709978,0.26155862292937265,-8.986132128925873e-05,-0.235,0.401,0.799,0.995,-0.084,-0.049,-0.0,-0.23503894092825584,0.40026528481855717,0.7841119077823393
302,1784634016.2650018,-0.05008005429620431,-0.04826026459963377,0.2318346730400052,-2.7010801975918156e-05,-0.235,0.401,0.801,0.995,-0.085,-0.049,-0.0,-0.23503894092825584,0.40026528481855717,0.7841119077823393
303,1784634016.2889626,-0.05604228686903603,-0.04685289292767317,0.2541740399059025,2.7634994746858873e-05,-0.235,0.4,0.802,0.995,-0.085,-0.049,-0.0,-0.23503894092825584,0.40026528481855717,0.7841119077823393
303,1784634016.3081014,-0.06034753898111814,-0.03918431899692962,0.2528264503965107,5.93051700410333e-05,-0.235,0.4,0.803,0.995,-0.085,-0.049,-0.0,-0.23503894092825584,0.40026528481855717,0.7841119077823393
305,1784634016.330326,-0.0550172395280361,-0.05167983399457339,0.23827373804598154,0.0001140369581497882,-0.234,0.4,0.805,0.995,-0.086,-0.049,-0.0,-0.23503894092825584,0.40026528481855717,0.7841119077823393
305,1784634016.357744,-0.04259602688527929,-0.025715512432211325,0.2646949935673613,7.7752893878447e-06,-0.234,0.4,0.806,0.995,-0.086,-0.05,-0.0,-0.23503894092825584,0.40026528481855717,0.7841119077823393
307,1784634016.3877697,-0.04532616844992485,-0.03753566494059142,0.2301996927397746,6.232463954436833e-05,-0.234,0.4,0.808,0.995,-0.087,-0.05,-0.0,-0.23503894092825584,0.40026528481855717,0.7841119077823393
307,1784634016.417534,-0.05003020314155719,-0.03789366331987955,0.2562222007063154,0.00010044126156001477,-0.234,0.4,0.809,0.995,-0.087,-0.05,-0.0,-0.23503894092825584,0.40026528481855717,0.7841119077823393
310,1784634016.4460423,-0.04705372625435275,-0.032067798277179704,0.2506604525728544,0.00011162208156054236,-0.234,0.4,0.811,0.995,-0.087,-0.05,-0.0,-0.23503894092825584,0.40026528481855717,0.7841119077823393
310,1784634016.4822805,-0.0065035322060972844,-0.007859178460991195,0.24891654800824206,6.63875000408354e-05,-0.234,0.4,0.812,0.995,-0.088,-0.051,-0.0,-0.23469931804318817,0.40048849409796017,0.7996908629307258
313,1784634016.5091593,0.0008101047816715494,-0.0018918759897230825,0.25539805101112534,2.8301083245417882e-05,-0.234,0.4,0.814,0.995,-0.088,-0.051,-0.0,-0.23469931804318817,0.40048849409796017,0.7996908629307258
313,1784634016.5317962,-0.0040008466930876365,-0.006597769158467661,0.2454112640658913,3.22699340917234e-05,-0.233,0.399,0.816,0.995,-0.088,-0.051,-0.0,-0.23469931804318817,0.40048849409796017,0.7996908629307258
316,1784634016.551164,0.008274966248300352,-0.005765341813637614,0.25602084307771983,0.00011939504736073719,-0.233,0.399,0.817,0.995,-0.089,-0.051,-0.0,-0.23469931804318817,0.40048849409796017,0.7996908629307258
316,1784634016.571363,0.011189151904179219,-0.005758872397469484,0.2331559853884295,0.00021119406217731616,-0.233,0.399,0.818,0.995,-0.089,-0.051,-0.0,-0.23362230224412756,0.3996586579107996,0.814805832013521
318,1784634016.5916364,0.026798658831867717,0.01796949580791958,0.2602313304745789,2.3202213739587904e-05,-0.233,0.399,0.819,0.995,-0.089,-0.052,-0.0,-0.23362230224412756,0.3996586579107996,0.814805832013521
318,1784634016.6254222,0.030937974716159382,0.02228436621510269,0.24322168778439698,-6.054458310633887e-05,-0.233,0.399,0.82,0.995,-0.089,-0.052,-0.0,-0.23362230224412756,0.3996586579107996,0.814805832013521
320,1784634016.65155,0.030283861412660713,0.022564747977776158,0.2572159772918184,-0.00010531787620016717,-0.233,0.399,0.822,0.995,-0.089,-0.052,-0.0,-0.23362230224412756,0.3996586579107996,0.814805832013521
322,1784634016.6782973,0.015914266170347885,0.01260230361200732,0.24156852481722843,-0.0001122628035849501,-0.233,0.399,0.825,0.995,-0.089,-0.052,-0.0,-0.23362230224412756,0.3996586579107996,0.814805832013521
322,1784634016.7046478,-0.008939556794512374,-0.014693038357652977,0.24299332486327974,3.8078884176682225e-05,-0.233,0.399,0.826,0.995,-0.09,-0.052,-0.0,-0.23362230224412756,0.3996586579107996,0.814805832013521
324,1784634016.732851,0.01709538450090108,0.011234114709774588,0.25514147929320613,-5.353773216695337e-05,-0.233,0.399,0.827,0.995,-0.089,-0.052,-0.0,-0.23362230224412756,0.3996586579107996,0.814805832013521
326,1784634016.7543335,0.006711994385908724,0.0027007351193105364,0.24283696216591294,-7.189189616032335e-05,-0.232,0.399,0.828,0.995,-0.089,-0.052,-0.0,-0.23362230224412756,0.3996586579107996,0.814805832013521
326,1784634016.7797434,0.0033005457748551577,0.0006862203717918538,0.2520121082753232,-7.846593190433343e-05,-0.232,0.399,0.829,0.995,-0.089,-0.052,-0.0,-0.23362230224412756,0.3996586579107996,0.814805832013521
328,1784634016.8109815,0.0030275252444204124,0.0005420168918358811,0.24518339576244935,-8.408214386067276e-05,-0.232,0.399,0.83,0.995,-0.089,-0.052,-0.0,-0.23362230224412756,0.3996586579107996,0.814805832013521
328,1784634016.836473,0.020311486880846344,0.014010296960733911,0.25476808058655115,-0.00011946746552974446,-0.232,0.399,0.833,0.995,-0.089,-0.052,-0.0,-0.23362230224412756,0.3996586579107996,0.814805832013521
331,1784634016.8601742,-0.00015739361672871197,0.0011622141636067947,0.2375625772829811,-0.00011524454082275086,-0.232,0.399,0.834,0.995,-0.089,-0.052,-0.0,-0.2325806233051358,0.3989271891465448,0.8280148888822386
331,1784634016.8800294,-0.0023556819972314832,-0.0005672452027005153,0.2504218933376038,-0.00011011312160072143,-0.232,0.399,0.835,0.995,-0.089,-0.052,-0.0,-0.2325806233051358,0.3989271891465448,0.8280148888822386
333,1784634016.901067,0.00031787984497311933,0.0016569600646687281,0.24134173506769557,-0.0001019727114953604,-0.232,0.399,0.835,0.995,-0.089,-0.052,-0.0,-0.2325806233051358,0.3989271891465448,0.8280148888822386
333,1784634016.9257932,0.045175432880842976,0.037866010250878344,0.26031380901049606,-0.00018135867525131478,-0.232,0.399,0.836,0.995,-0.089,-0.052,-0.0,-0.2325806233051358,0.3989271891465448,0.8280148888822386
335,1784634016.9478972,0.040337929238581025,0.03274617578864713,0.24266887030524786,-0.00016514424128901686,-0.232,0.399,0.837,0.995,-0.089,-0.052,-0.0,-0.2325806233051358,0.3989271891465448,0.8280148888822386
335,1784634016.9688258,0.034679152152988876,0.028511274573837113,0.25572776114922074,-0.00017273890146671472,-0.232,0.399,0.838,0.995,-0.089,-0.052,-0.0,-0.2325806233051358,0.3989271891465448,0.8280148888822386
338,1784634016.9878502,0.013175297409035426,0.010934026405348362,0.23899281787689203,-0.00013913856422586516,-0.232,0.399,0.839,0.995,-0.089,-0.052,-0.0,-0.2325806233051358,0.3989271891465448,0.8280148888822386
338,1784634017.0036054,0.03353126559189577,0.028004370710875026,0.25865992630531864,-0.00017565485601658273,-0.232,0.398,0.839,0.995,-0.089,-0.052,-0.0,-0.2325806233051358,0.3989271891465448,0.8280148888822386
340,1784634017.0250692,-0.04155091193055538,-0.036965217624454316,0.23953444105220928,3.2820762562211104e-05,-0.232,0.398,0.84,0.995,-0.089,-0.051,-0.0,-0.23178110755201992,0.3984863695765655,0.8391542169123096
341,1784634017.0433316,-0.01909253318581588,-0.017064588984341166,0.2628335999592272,6.440459723293887e-05,-0.232,0.398,0.841,0.995,-0.089,-0.051,-0.0,-0.23178110755201992,0.3984863695765655,0.8391542169123096
341,1784634017.0676827,-0.020921050894099954,-0.01833464072760126,0.2453967951320768,0.0001167742583131377,-0.232,0.398,0.842,0.995,-0.089,-0.051,-0.0,-0.23178110755201992,0.3984863695765655,0.8391542169123096
343,1784634017.0855162,-0.024996419156220896,-0.013597248464394491,0.2595532458983169,6.442024741262715e-05,-0.232,0.398,0.842,0.995,-0.088,-0.051,-0.0,-0.23178110755201992,0.3984863695765655,0.8391542169123096
344,1784634017.1069744,-0.022836795720115387,-0.0120197463408444,0.2495230182113404,2.3397078659148422e-05,-0.231,0.398,0.843,0.995,-0.088,-0.051,-0.0,-0.23178110755201992,0.3984863695765655,0.8391542169123096
344,1784634017.1282322,-0.022125849781767494,-0.011464693094900563,0.2569772765303758,-3.1191865579709267e-06,-0.231,0.398,0.843,0.995,-0.088,-0.051,-0.0,-0.23178110755201992,0.3984863695765655,0.8391542169123096
346,1784634017.148564,-0.022624785590629432,-0.01241010718584903,0.25080973997347344,-1.4548168069714513e-05,-0.231,0.398,0.844,0.995,-0.088,-0.051,-0.0,-0.23178110755201992,0.3984863695765655,0.8391542169123096
346,1784634017.1722074,-0.03211553818656729,-0.02018537005152922,0.252400198473013,-9.621441260905587e-06,-0.231,0.398,0.845,0.995,-0.088,-0.051,-0.0,-0.23178110755201992,0.3984863695765655,0.8391542169123096
348,1784634017.200075,-0.031347365016150264,-0.01914199010966206,0.25096442850124684,-6.171355822443784e-06,-0.231,0.398,0.846,0.995,-0.088,-0.051,-0.0,-0.23178110755201992,0.3984863695765655,0.8391542169123096
348,1784634017.232467,-0.021446325609432566,-0.010468738081337511,0.2546686134080928,-1.272911834233155e-05,-0.231,0.398,0.847,0.995,-0.088,-0.051,-0.0,-0.23178110755201992,0.3984863695765655,0.8391542169123096
351,1784634017.2649167,-0.018194565739653543,-0.009237384404279706,0.2523638288872426,-1.582801984448826e-05,-0.231,0.398,0.848,0.995,-0.088,-0.051,-0.0,-0.23178110755201992,0.3984863695765655,0.8391542169123096
351,1784634017.287146,-0.017173212435950193,-0.008299865834354617,0.2539310368583323,-2.0280894357653866e-05,-0.231,0.398,0.849,0.995,-0.088,-0.051,-0.0,-0.23178110755201992,0.3984863695765655,0.8391542169123096
354,1784634017.31184,-0.0009835883519822737,-0.012050171924982988,0.25212613175705195,7.206402590842048e-05,-0.231,0.398,0.85,0.995,-0.089,-0.051,-0.0,-0.23112142746909764,0.39817515411064275,0.8468317484231909
354,1784634017.3384337,-0.012253827352376116,-0.017830360913369203,0.24455292437475368,9.036443850506664e-05,-0.231,0.398,0.851,0.995,-0.089,-0.052,-0.0,-0.23112142746909764,0.39817515411064275,0.8468317484231909
356,1784634017.3610013,-0.003225729104238956,-0.009035153419680815,0.2558756021854486,3.8320153212519304e-05,-0.23,0.398,0.852,0.995,-0.089,-0.052,-0.0,-0.23112142746909764,0.39817515411064275,0.8468317484231909
356,1784634017.379606,-0.002526922534967802,-0.009757531327889117,0.24727033259217385,2.0004826814542993e-05,-0.23,0.398,0.853,0.995,-0.089,-0.052,-0.0,-0.23112142746909764,0.39817515411064275,0.8468317484231909
358,1784634017.410422,-0.00171565382791679,-0.022006829896009175,0.24729328545240423,0.00015531205114523747,-0.23,0.398,0.855,0.995,-0.09,-0.052,-0.0,-0.23112142746909764,0.39817515411064275,0.8468317484231909
358,1784634017.4416819,-0.004715921508335261,-0.023302382932017078,0.24739318592511186,0.00021188455233174923,-0.23,0.397,0.856,0.995,-0.09,-0.052,-0.0,-0.23112142746909764,0.39817515411064275,0.8468317484231909
362,1784634017.4651806,0.027499170294463728,0.0034941182532227458,0.2534853053083282,9.503087135701687e-05,-0.23,0.397,0.857,0.995,-0.09,-0.052,-0.0,-0.23009693451568583,0.3974954571696563,0.854718343544161
363,1784634017.483449,0.026819990996069833,0.0029605940834014806,0.24708732068954148,0.0001230252803633863,-0.23,0.397,0.858,0.995,-0.09,-0.052,-0.0,-0.23009693451568583,0.3974954571696563,0.854718343544161
364,1784634017.5024285,0.01616643516384295,-0.0044666218335801845,0.24637224708657782,0.0002291180936294855,-0.23,0.397,0.858,0.995,-0.09,-0.052,-0.0,-0.23009693451568583,0.3974954571696563,0.854718343544161
365,1784634017.5223234,0.014872741869226654,0.0077778521146646615,0.2471922791579136,9.928202070321471e-05,-0.23,0.397,0.86,0.995,-0.09,-0.053,-0.0,-0.23009693451568583,0.3974954571696563,0.854718343544161
366,1784634017.5670402,0.023871055518399596,0.01694715502677848,0.2519744510566716,-2.2287595436626097e-05,-0.23,0.397,0.86,0.995,-0.09,-0.053,-0.0,-0.23009693451568583,0.3974954571696563,0.854718343544161
366,1784634017.6049848,0.02724714929813446,0.018848021545070603,0.25028422545415213,-0.00010433096961294327,-0.229,0.397,0.861,0.995,-0.09,-0.053,-0.0,-0.23009693451568583,0.3974954571696563,0.854718343544161
369,1784634017.6429584,0.02539513577509055,0.0157399037096939,0.2501166285305245,-0.00012563250550016032,-0.229,0.398,0.862,0.995,-0.09,-0.053,-0.0,-0.23009693451568583,0.3974954571696563,0.854718343544161
369,1784634017.6812418,0.03063302773253131,0.019182682204020658,0.2530125703172747,-0.00017325604622200043,-0.229,0.398,0.863,0.995,-0.09,-0.053,-0.0,-0.23009693451568583,0.3974954571696563,0.854718343544161
373,1784634017.7129934,0.03993557763123906,0.02757230187682027,0.24753906454635213,-0.00022788746157586365,-0.229,0.398,0.864,0.995,-0.09,-0.053,-0.0,-0.22925737552167902,0.39731272623740765,0.8617848360760039
375,1784634017.7443683,0.033424194569277095,0.03039413102793325,0.2529415026668449,-0.0003643786967320291,-0.229,0.398,0.865,0.995,-0.089,-0.053,-0.0,-0.22925737552167902,0.39731272623740765,0.8617848360760039
375,1784634017.776284,0.029704552676593037,0.017244011425669073,0.24752857511632023,-0.00023840268403143395,-0.229,0.398,0.866,0.995,-0.089,-0.052,-0.0,-0.22925737552167902,0.39731272623740765,0.8617848360760039
378,1784634017.8130193,0.018007367431650396,0.0029052275718054257,0.24825939898169833,-0.00010008740777223661,-0.229,0.398,0.866,0.995,-0.089,-0.052,-0.0,-0.22925737552167902,0.39731272623740765,0.8617848360760039
378,1784634017.8360426,0.024537301850176333,0.018502946505635998,0.2523550436549898,-0.00021985438420243328,-0.229,0.399,0.867,0.995,-0.088,-0.052,-0.0,-0.22925737552167902,0.39731272623740765,0.8617848360760039
381,1784634017.8556726,0.02222118264985623,0.01732071249034452,0.2483701660186056,-0.0002737318226581205,-0.229,0.399,0.867,0.995,-0.088,-0.052,-0.0,-0.22925737552167902,0.39731272623740765,0.8617848360760039
381,1784634017.8718765,0.025860169473630318,0.02937903676754234,0.2544173079256872,-0.0004018210386277087,-0.229,0.399,0.868,0.995,-0.088,-0.052,-0.0,-0.22933749316391172,0.39842992073992434,0.8667972126902401
383,1784634017.889483,0.027828944219859042,0.03199542823149955,0.2500696079464321,-0.00043756407204856057,-0.229,0.399,0.868,0.995,-0.088,-0.052,-0.0,-0.22933749316391172,0.39842992073992434,0.8667972126902401
383,1784634017.9043798,0.024555214496480564,0.027850315347122206,0.25237246915043254,-0.0004286879115300747,-0.229,0.399,0.868,0.995,-0.088,-0.052,-0.0,-0.22933749316391172,0.39842992073992434,0.8667972126902401
384,1784634017.9221082,0.028662748256960923,0.034066748549626956,0.251636930662428,-0.00045680010375516553,-0.23,0.399,0.869,0.995,-0.088,-0.052,-0.0,-0.22933749316391172,0.39842992073992434,0.8667972126902401
386,1784634017.9480467,0.017942711850256983,0.022453786875431564,0.2515324560128849,-0.00039589033798238555,-0.23,0.399,0.869,0.995,-0.087,-0.051,-0.0,-0.22933749316391172,0.39842992073992434,0.8667972126902401
386,1784634017.9683478,0.013619588263267167,0.01594188333427411,0.2492375341012792,-0.0003248230318345391,-0.23,0.399,0.869,0.995,-0.087,-0.051,-0.0,-0.22933749316391172,0.39842992073992434,0.8667972126902401
388,1784634017.9900427,0.015581776045892151,0.01468848806295792,0.25127019626642405,-0.0002916218039525681,-0.23,0.399,0.869,0.995,-0.087,-0.051,-0.0,-0.22933749316391172,0.39842992073992434,0.8667972126902401
388,1784634018.0054934,0.019984344008711907,0.020585981399299992,0.2518616236901217,-0.000308402430427948,-0.23,0.4,0.87,0.995,-0.087,-0.051,-0.0,-0.22933749316391172,0.39842992073992434,0.8667972126902401
389,1784634018.0238588,0.020842315022764922,0.020160841649715065,0.2514967175377796,-0.0003037975735245585,-0.23,0.4,0.87,0.995,-0.087,-0.051,-0.0,-0.22933749316391172,0.39842992073992434,0.8667972126902401
390,1784634018.0474212,0.020307918417039265,0.019744721167079995,0.25186848669105494,-0.0003041127226273671,-0.23,0.4,0.87,0.995,-0.087,-0.051,-0.0,-0.22933749316391172,0.39842992073992434,0.8667972126902401
391,1784634018.0693903,0.020512907699846178,0.019874510115982697,0.2516688815280218,-0.0003034331975438643,-0.23,0.4,0.87,0.995,-0.087,-0.051,-0.0,-0.22933749316391172,0.39842992073992434,0.8667972126902401
392,1784634018.0910597,0.021109708541107178,0.01995433325186348,0.251893830996722,-0.000301381009316505,-0.23,0.4,0.87,0.995,-0.087,-0.051,-0.0,-0.22933749316391172,0.39842992073992434,0.8667972126902401
394,1784634018.1113207,-0.026163532010389803,-0.012428004718854566,0.25168945718615804,-0.0003410113771385554,-0.23,0.4,0.87,0.995,-0.086,-0.051,-0.0,-0.22981725703354822,0.3997667864336895,0.8698443763794559
394,1784634018.1362052,-0.027625995043966203,-0.013795150338219224,0.2539530720268451,-0.00027512385633105706,-0.23,0.4,0.871,0.995,-0.086,-0.05,-0.0,-0.22981725703354822,0.3997667864336895,0.8698443763794559
396,1784634018.159599,-0.032322681622841645,-0.02700413562720794,0.2503162694525542,-0.00019218099792486646,-0.23,0.4,0.871,0.995,-0.086,-0.05,-0.0,-0.22981725703354822,0.3997667864336895,0.8698443763794559
396,1784634018.1851792,-0.03437908075662284,-0.028528999400733775,0.2531392671429971,-0.00013440824809644088,-0.23,0.4,0.871,0.995,-0.086,-0.05,-0.0,-0.22981725703354822,0.3997667864336895,0.8698443763794559
398,1784634018.2023637,-0.029453030257498392,-0.01870145661427042,0.25253937497453477,-0.00011716164653944921,-0.23,0.4,0.871,0.995,-0.086,-0.05,-0.0,-0.22981725703354822,0.3997667864336895,0.8698443763794559
399,1784634018.2195148,-0.027146741149491595,-0.014836192956856106,0.25342260738188443,-0.0001135312120025093,-0.23,0.4,0.871,0.995,-0.086,-0.05,-0.0,-0.22981725703354822,0.3997667864336895,0.8698443763794559
399,1784634018.2411942,-0.025389798902674496,-0.014820165501182214,0.2523066684328484,-0.00011508494062921617,-0.23,0.401,0.871,0.995,-0.086,-0.05,-0.0,-0.22981725703354822,0.3997667864336895,0.8698443763794559
401,1784634018.2652638,-0.021826313362781437,-0.009313696746241037,0.25367208330343805,-0.00012105760496270004,-0.23,0.401,0.872,0.995,-0.086,-0.05,-0.0,-0.22981725703354822,0.3997667864336895,0.8698443763794559
401,1784634018.2877088,-0.016494609203523934,-0.00574038871564915,0.25198622154241923,-0.00011743097856715937,-0.23,0.401,0.872,0.995,-0.086,-0.05,-0.0,-0.22981725703354822,0.3997667864336895,0.8698443763794559
404,1784634018.30645,-0.014267547795564488,-0.0023024023268427255,0.25325592915994216,-0.00012111073169730096,-0.23,0.401,0.872,0.995,-0.086,-0.05,-0.0,-0.22981725703354822,0.3997667864336895,0.8698443763794559
404,1784634018.327141,-0.01280834549395848,-0.00882233522016502,0.2516871362968671,-9.280244802174757e-05,-0.23,0.401,0.872,0.995,-0.086,-0.05,-0.0,-0.23020809998328637,0.40065815115728315,0.8716245583176152
406,1784634018.3548748,0.00038370342418816636,-0.00020542731939321782,0.25136568649881974,-6.638159413858124e-05,-0.23,0.401,0.872,0.995,-0.086,-0.05,-0.0,-0.23020809998328637,0.40065815115728315,0.8716245583176152
406,1784634018.374653,-0.010162650795598653,-0.008469663060846665,0.25305707520327636,-4.9516244625104066e-05,-0.23,0.401,0.872,0.995,-0.086,-0.05,-0.0,-0.23020809998328637,0.40065815115728315,0.8716245583176152
408,1784634018.3943653,1.0125824026986988e-05,-0.0024486633379346727,0.2501562204053247,-2.8274087383412288e-05,-0.23,0.401,0.873,0.995,-0.086,-0.05,-0.0,-0.23020809998328637,0.40065815115728315,0.8716245583176152
408,1784634018.411985,-0.006819568179096083,-0.012652895953464381,0.25445957695433497,4.9042432236481134e-05,-0.23,0.401,0.873,0.995,-0.087,-0.05,-0.0,-0.23020809998328637,0.40065815115728315,0.8716245583176152
410,1784634018.4351315,-0.0028367303492131185,-0.011577618394007758,0.2505885216464148,9.944451809045196e-05,-0.23,0.401,0.873,0.995,-0.087,-0.05,-0.0,-0.23020809998328637,0.40065815115728315,0.8716245583176152
410,1784634018.4599006,0.0028598511223572242,-0.010004701418210594,0.2521144166197253,0.0001377679756588726,-0.23,0.401,0.873,0.995,-0.087,-0.05,-0.0,-0.23020809998328637,0.40065815115728315,0.8716245583176152
412,1784634018.4822583,0.0011336203302630419,-0.0008384238027222771,0.25089680604188513,1.740784703244885e-05,-0.23,0.401,0.873,0.995,-0.087,-0.051,-0.0,-0.23020809998328637,0.40065815115728315,0.8716245583176152
412,1784634018.5069895,-0.007443187876600507,-0.002657860037821501,0.2531881531357737,-6.002181283315948e-05,-0.23,0.401,0.873,0.995,-0.087,-0.051,-0.0,-0.23020809998328637,0.40065815115728315,0.8716245583176152
414,1784634018.534708,-0.009858890612532232,-0.003396017718512558,0.25132646419542554,-0.00010154249241084684,-0.23,0.401,0.874,0.995,-0.087,-0.051,-0.0,-0.23020809998328637,0.40065815115728315,0.8716245583176152
416,1784634018.557432,0.0025282602008205313,0.003169878614679382,0.25126539938175263,-0.00012939982231606283,-0.23,0.401,0.874,0.995,-0.087,-0.051,-0.0,-0.23015969576757267,0.40081257743329,0.8731948810440607
416,1784634018.5780594,0.0016867862940753387,0.0026453965661142054,0.2518183002816263,-0.0001519054311675278,-0.23,0.401,0.874,0.995,-0.087,-0.051,-0.0,-0.23015969576757267,0.40081257743329,0.8731948810440607
418,1784634018.6019201,0.0028613803193246728,0.004072467860498986,0.24956684484691147,-0.00015658510274344748,-0.23,0.401,0.874,0.995,-0.087,-0.051,-0.0,-0.23015969576757267,0.40081257743329,0.8731948810440607
418,1784634018.6189415,0.0017487653792432833,0.0024671216475474814,0.25259942408880126,-0.00016116491090200703,-0.23,0.401,0.874,0.995,-0.087,-0.051,-0.0,-0.23015969576757267,0.40081257743329,0.8731948810440607
420,1784634018.6406736,0.0013507485098834772,0.001921628027362802,0.25034172726802134,-0.00016173297986802262,-0.23,0.401,0.874,0.995,-0.087,-0.051,-0.0,-0.23015969576757267,0.40081257743329,0.8731948810440607
420,1784634018.6659951,0.0017896571477370592,0.002988784803304377,0.2507156191175946,-0.00016353421003682982,-0.23,0.401,0.874,0.995,-0.087,-0.051,-0.0,-0.23015969576757267,0.40081257743329,0.8731948810440607
422,1784634018.6884196,0.00028623141085535827,0.0017235552299483653,0.25166001384017156,-0.00017022867851462998,-0.23,0.401,0.875,0.995,-0.087,-0.051,-0.0,-0.23015969576757267,0.40081257743329,0.8731948810440607
422,1784634018.716306,-0.00014492803211972892,0.0016887567544668558,0.24981463472650248,-0.00017255687864896625,-0.23,0.401,0.875,0.995,-0.087,-0.051,-0.0,-0.23015969576757267,0.40081257743329,0.8731948810440607
425,1784634018.7379317,0.0003308385949737812,0.00050315474551808,0.25132541838955214,-0.00016601294262927495,-0.23,0.401,0.875,0.995,-0.087,-0.051,-0.0,-0.23015969576757267,0.40081257743329,0.8731948810440607
425,1784634018.7540977,0.0005334117898027572,0.00048209382909715926,0.2514206053711981,-0.00016380471663865378,-0.23,0.401,0.875,0.995,-0.087,-0.051,-0.0,-0.23015969576757267,0.40081257743329,0.8731948810440607
427,1784634018.771788,-0.00044234798340939694,0.0008351891600225283,0.2519356990156172,-0.0001716296894347658,-0.23,0.401,0.875,0.995,-0.087,-0.051,-0.0,-0.23015969576757267,0.40081257743329,0.8731948810440607
427,1784634018.7896442,0.00026110943908202425,0.00028972951479196716,0.2500505341866882,-0.0001706283894231729,-0.23,0.401,0.875,0.995,-0.087,-0.051,-0.0,-0.23015969576757267,0.40081257743329,0.8731948810440607
429,1784634018.805867,0.00034472023297521423,0.0009224556312812816,0.2525172691953721,-0.00017331455639172231,-0.23,0.401,0.875,0.995,-0.087,-0.051,-0.0,-0.23015969576757267,0.40081257743329,0.8731948810440607
430,1784634018.8363693,0.0005214592620904188,0.001044243046467691,0.25068113552756266,-0.0001751865324572564,-0.23,0.401,0.875,0.995,-0.087,-0.051,-0.0,-0.23015969576757267,0.40081257743329,0.8731948810440607
430,1784634018.8652692,-0.0007688687671462511,0.0009739236616383893,0.2525664676582539,-0.0001789121397215264,-0.23,0.401,0.875,0.995,-0.087,-0.051,-0.0,-0.23015969576757267,0.40081257743329,0.8731948810440607
432,1784634018.8868718,0.0007899062702880618,0.0012656411835924694,0.2507986749947326,-0.00017763239581277006,-0.23,0.401,0.875,0.995,-0.087,-0.051,-0.0,-0.23015969576757267,0.40081257743329,0.8731948810440607
432,1784634018.911886,0.01008048157072789,0.015558598848226513,0.2506509176347676,-0.00025461249264503434,-0.23,0.401,0.875,0.995,-0.087,-0.051,-0.0,-0.23024181640700667,0.40110904895238697,0.8749427425704793
435,1784634018.9409683,0.009363956850714367,0.016207232126225074,0.251409516776338,-0.0002932545398444305,-0.23,0.401,0.876,0.995,-0.087,-0.051,-0.0,-0.23024181640700667,0.40110904895238697,0.8749427425704793
435,1784634018.96707,0.011145321182993578,0.017936547825701223,0.2502822335671597,-0.000317804550778865,-0.23,0.401,0.876,0.995,-0.087,-0.051,-0.0,-0.23024181640700667,0.40110904895238697,0.8749427425704793
437,1784634018.9953113,0.00970217852329499,0.015835588435722588,0.2518457407987692,-0.0003216790309594019,-0.23,0.401,0.876,0.995,-0.087,-0.051,-0.0,-0.23024181640700667,0.40110904895238697,0.8749427425704793
439,1784634019.0135796,0.009742302841209052,0.016525162870420766,0.2502172612143105,-0.0003364904006341535,-0.23,0.401,0.876,0.995,-0.087,-0.051,-0.0,-0.23024181640700667,0.40110904895238697,0.8749427425704793
439,1784634019.0327833,0.008871953723173748,0.014950969119584,0.2519745654414911,-0.00033123678968033474,-0.23,0.401,0.876,0.995,-0.087,-0.051,-0.0,-0.23024181640700667,0.40110904895238697,0.8749427425704793
441,1784634019.05666,0.00888682212608779,0.015279956698543045,0.25034861139427017,-0.0003455028490994611,-0.23,0.401,0.876,0.995,-0.087,-0.051,-0.0,-0.23024181640700667,0.40110904895238697,0.8749427425704793
441,1784634019.0807388,0.007123155137598402,0.014822796674658061,0.2520308987736749,-0.00034409223878698915,-0.231,0.401,0.876,0.995,-0.087,-0.051,-0.0,-0.23024181640700667,0.40110904895238697,0.8749427425704793
443,1784634019.1020474,0.006083720294992364,0.013213930735558991,0.2506224508238894,-0.0003525688545699943,-0.231,0.401,0.876,0.995,-0.087,-0.051,-0.0,-0.23024181640700667,0.40110904895238697,0.8749427425704793
443,1784634019.1249278,-0.09406837159258984,0.1128835299822803,0.25740288824707397,-0.011362872900504518,-0.231,0.401,0.876,0.995,-0.087,-0.051,-0.0,-0.23048702695110496,0.4013928182046521,0.8758060300810551
445,1784634019.1467013,-0.19171185753331826,0.209979976636763,0.2372050839354065,-0.09605620452217654,-0.231,0.401,0.876,0.995,-0.087,-0.051,-0.0,-0.23048702695110496,0.4013928182046521,0.8758060300810551
446,1784634019.1685088,-0.28691875172776865,0.2027841279681734,0.24927695109566814,-0.1806820471055135,-0.231,0.401,0.876,0.995,-0.087,-0.05,-0.0,-0.23048702695110496,0.4013928182046521,0.8758060300810551
446,1784634019.1899335,-0.34594048623141754,0.19356839910225448,0.24560266577479767,-0.1930820521328542,-0.231,0.401,0.876,0.995,-0.087,-0.05,-0.0,-0.23048702695110496,0.4013928182046521,0.8758060300810551
449,1784634019.2109044,-0.327683089321485,0.18776531564366622,0.2490004820055794,-0.17304486864677932,-0.231,0.401,0.876,0.995,-0.087,-0.05,-0.0,-0.23048702695110496,0.4013928182046521,0.8758060300810551
449,1784634019.2331157,-0.3261776092273825,0.19332050411979018,0.246605950121155,-0.16309052681176517,-0.231,0.401,0.876,0.995,-0.087,-0.05,-0.0,-0.23048702695110496,0.4013928182046521,0.8758060300810551
451,1784634019.2551634,-0.31183306360204294,0.17142643948696612,0.2501752217643582,-0.1477658002732839,-0.231,0.401,0.876,0.995,-0.088,-0.049,-0.0,-0.23048702695110496,0.4013928182046521,0.8758060300810551
451,1784634019.2776701,-0.30026417498067853,0.16630479281859,0.24952511993913834,-0.1284593233051828,-0.231,0.401,0.876,0.995,-0.089,-0.049,0.0,-0.23048702695110496,0.4013928182046521,0.8758060300810551
453,1784634019.3012798,-0.2949473912589498,0.15914964778043705,0.2510855055737441,-0.11195387226785411,-0.231,0.401,0.876,0.995,-0.089,-0.048,0.001,-0.23048702695110496,0.4013928182046521,0.8758060300810551
453,1784634019.3241515,-0.2009448337822238,0.07990124196032941,0.257512064037166,-0.036028102743423523,-0.231,0.401,0.875,0.995,-0.093,-0.046,0.002,-0.23048702695110496,0.4013928182046521,0.8758060300810551
455,1784634019.346254,-0.2643922853604306,0.13739740869426578,0.25183885540348633,-0.016797979946121158,-0.231,0.401,0.875,0.994,-0.095,-0.044,0.003,-0.23048702695110496,0.4013928182046521,0.8758060300810551
457,1784634019.3674319,-0.23321261543870242,0.11559702768263272,0.25604864623004214,0.0034492871287426473,-0.231,0.401,0.875,0.994,-0.098,-0.042,0.005,-0.23048702695110496,0.4013928182046521,0.8758060300810551
457,1784634019.387096,-0.2541195861963387,0.13493433599656174,0.2525575363405762,0.0049649367648045475,-0.231,0.401,0.875,0.994,-0.101,-0.041,0.005,-0.23048702695110496,0.4013928182046521,0.8758060300810551
459,1784634019.4165692,-0.21597243805957866,0.04809504684524757,0.2626537169321489,-0.017834385906661837,-0.231,0.402,0.874,0.994,-0.103,-0.04,0.006,-0.2307620505793263,0.4014706199558133,0.8756296447526839
459,1784634019.441005,-0.21268712975948234,0.06174058820407337,0.2563455617675175,-0.016222013790985666,-0.231,0.402,0.874,0.994,-0.107,-0.038,0.008,-0.2307620505793263,0.4014706199558133,0.8756296447526839
461,1784634019.463148,-0.204391403228406,0.05139882369397811,0.2617292594579848,-0.010128407059307775,-0.23,0.402,0.874,0.993,-0.111,-0.036,0.008,-0.2307620505793263,0.4014706199558133,0.8756296447526839
461,1784634019.483922,-0.20170569965725982,0.056246919662765474,0.25792016101457976,-0.005315428091981137,-0.23,0.402,0.874,0.993,-0.114,-0.035,0.009,-0.2307620505793263,0.4014706199558133,0.8756296447526839
463,1784634019.5048168,-0.22947554252631508,0.07249412310304075,0.25985203205904267,-0.014703581899798241,-0.23,0.402,0.873,0.992,-0.117,-0.033,0.009,-0.2307620505793263,0.4014706199558133,0.8756296447526839
463,1784634019.526504,-0.12374019363650096,-0.009965377382006216,0.274881622635476,-0.11393320227669118,-0.23,0.402,0.873,0.992,-0.12,-0.033,0.009,-0.2307620505793263,0.4014706199558133,0.8756296447526839
465,1784634019.5491154,-0.09280607579452305,-0.0018694407238777494,0.25313061906138307,-0.06495264504349267,-0.23,0.403,0.873,0.992,-0.121,-0.032,0.009,-0.2307620505793263,0.4014706199558133,0.8756296447526839
465,1784634019.5705526,-0.08061031041720056,-0.008211989274714074,0.26580744319132127,-0.012077753345604597,-0.229,0.403,0.873,0.992,-0.123,-0.032,0.009,-0.2307620505793263,0.4014706199558133,0.8756296447526839
468,1784634019.599238,-0.17858743583449577,0.06894095437561473,0.25499653088376234,0.026346284885972814,-0.229,0.403,0.873,0.992,-0.126,-0.031,0.008,-0.2307620505793263,0.4014706199558133,0.8756296447526839
468,1784634019.6265423,-0.19442382441099543,0.04855399402398396,0.26215569163269914,0.014174127044393109,-0.229,0.404,0.873,0.991,-0.127,-0.031,0.008,-0.2307620505793263,0.4014706199558133,0.8756296447526839
471,1784634019.6572359,-0.08957010404402203,0.01706667759120195,0.25535567471332965,0.009765802798135284,-0.228,0.405,0.872,0.991,-0.13,-0.031,0.008,-0.2307620505793263,0.4014706199558133,0.8756296447526839
471,1784634019.680197,-0.18440519667792604,-0.04048018466942993,0.2676724066738075,0.016386486839317344,-0.227,0.406,0.872,0.991,-0.133,-0.03,0.008,-0.22976996979005945,0.402426255013244,0.8731244389038324
473,1784634019.7023222,-0.20527433416328006,-0.017896095298014406,0.2574864697423214,0.020998206160612168,-0.226,0.407,0.872,0.99,-0.134,-0.03,0.008,-0.22976996979005945,0.402426255013244,0.8731244389038324
473,1784634019.736367,-0.10014637710307711,-0.11705322796189313,0.2663407403857311,-0.0785687100428156,-0.225,0.408,0.872,0.99,-0.136,-0.03,0.007,-0.22976996979005945,0.402426255013244,0.8731244389038324
476,1784634019.7731898,-0.0335411872771328,-0.15392066096273888,0.2514081394023944,-0.034646251748219586,-0.224,0.41,0.872,0.99,-0.139,-0.03,0.007,-0.22976996979005945,0.402426255013244,0.8731244389038324
476,1784634019.80918,-0.1326127011316653,-0.0611086636196794,0.2683180125181258,0.01937442231940943,-0.223,0.412,0.873,0.99,-0.141,-0.03,0.007,-0.22976996979005945,0.402426255013244,0.8731244389038324
480,1784634019.832035,-0.029312737935950933,-0.15675312904332617,0.24589506171555647,0.00518746306060754,-0.221,0.415,0.873,0.989,-0.143,-0.03,0.007,-0.22976996979005945,0.402426255013244,0.8731244389038324
480,1784634019.8527105,0.06295505439307181,-0.15419208818679772,0.26183429364466926,0.03555493592063663,-0.22,0.416,0.873,0.989,-0.144,-0.03,0.007,-0.22976996979005945,0.402426255013244,0.8731244389038324
482,1784634019.8805845,-0.03861756176270037,-0.08022250873749258,0.2709463062479964,0.07702950141405832,-0.218,0.419,0.873,0.989,-0.146,-0.031,0.008,-0.22432296842968671,0.4088529142878002,0.8720397345382196
482,1784634019.914193,0.062186497742070385,-0.17803806853886217,0.2446472821658131,0.06464668267639709,-0.217,0.421,0.874,0.989,-0.146,-0.031,0.008,-0.22432296842968671,0.4088529142878002,0.8720397345382196
485,1784634019.9390004,-0.03920318204221186,-0.09273834481970808,0.28096732043099343,0.10007074500442471,-0.215,0.425,0.874,0.988,-0.148,-0.032,0.008,-0.22432296842968671,0.4088529142878002,0.8720397345382196
485,1784634019.9641604,-0.1381826164086044,-0.09977371910223594,0.25605160474545563,0.09139686821458415,-0.213,0.428,0.875,0.988,-0.148,-0.033,0.008,-0.22432296842968671,0.4088529142878002,0.8720397345382196
487,1784634019.9880166,-0.034738123657742426,-0.19650052185013983,0.25209543027311665,-0.009698356145022083,-0.211,0.431,0.875,0.988,-0.149,-0.035,0.008,-0.22432296842968671,0.4088529142878002,0.8720397345382196
487,1784634020.0082223,-0.11861916521946672,-0.10588512670186928,0.265099415262264,0.029549972769473805,-0.209,0.434,0.876,0.988,-0.149,-0.036,0.008,-0.22432296842968671,0.4088529142878002,0.8720397345382196
490,1784634020.0469995,-0.11009356026082714,-0.12472434374096195,0.25343335088572505,0.039839083493183845,-0.208,0.435,0.876,0.988,-0.149,-0.036,0.008,-0.22432296842968671,0.4088529142878002,0.8720397345382196
490,1784634020.0854073,-0.13656449946666355,-0.07919384501166106,0.26597195221970354,0.048752858792208704,-0.206,0.44,0.877,0.988,-0.149,-0.038,0.007,-0.22432296842968671,0.4088529142878002,0.8720397345382196
493,1784634020.1239896,-0.03315255027383729,-0.17717856258307746,0.24656883033871088,-0.0523372767206167,-0.202,0.446,0.878,0.988,-0.15,-0.04,0.007,-0.21156529403965296,0.4295376974014549,0.8749360162194172
495,1784634020.1640327,0.06763778264232341,-0.2722015901642704,0.2509837957100127,-0.1319290747579878,-0.199,0.452,0.879,0.988,-0.15,-0.042,0.006,-0.21156529403965296,0.4295376974014549,0.8749360162194172
495,1784634020.2022133,-0.03400851948463951,-0.16559726393577517,0.28218576141235896,-0.030589000356368412,-0.196,0.458,0.88,0.988,-0.151,-0.043,0.006,-0.21156529403965296,0.4295376974014549,0.8749360162194172
499,1784634020.2336037,0.03416227229260227,-0.20898154527311913,0.25115753150986486,0.0037361647516580485,-0.193,0.465,0.881,0.987,-0.152,-0.045,0.006,-0.21156529403965296,0.4295376974014549,0.8749360162194172
499,1784634020.2740972,-0.06480939056624153,-0.13145061483374307,0.2712778069036906,0.03618946594797761,-0.188,0.473,0.882,0.987,-0.153,-0.047,0.006,-0.21156529403965296,0.4295376974014549,0.8749360162194172
503,1784634020.309526,-0.08863667355486259,-0.18927199787583154,0.26861053776398097,0.04954985787254477,-0.183,0.483,0.883,0.987,-0.154,-0.051,0.008,-0.19402274892836124,0.45937018177360056,0.8792942428348762
503,1784634020.3473165,0.013568094676826417,-0.21630023342979568,0.2546111783228852,0.024906223156829513,-0.177,0.496,0.885,0.986,-0.155,-0.056,0.01,-0.19402274892836124,0.45937018177360056,0.8792942428348762
507,1784634020.383985,0.10123770383226846,-0.19111438371603978,0.2635136116785517,0.04637008986889665,-0.172,0.507,0.887,0.986,-0.155,-0.06,0.011,-0.19402274892836124,0.45937018177360056,0.8792942428348762
507,1784634020.4125736,0.005065018466497984,-0.15148854641615567,0.26332506326407473,0.061592663873353035,-0.17,0.513,0.888,0.986,-0.155,-0.062,0.011,-0.19402274892836124,0.45937018177360056,0.8792942428348762
510,1784634020.4394631,-0.036240009091032754,-0.11959631139973854,0.26570024405343057,0.0660732879281787,-0.166,0.521,0.889,0.986,-0.155,-0.065,0.011,-0.19402274892836124,0.45937018177360056,0.8792942428348762
510,1784634020.4661996,0.06466579220365586,-0.21659512999288927,0.21666098807614562,-0.03556165978842299,-0.163,0.528,0.89,0.986,-0.155,-0.067,0.011,-0.19402274892836124,0.45937018177360056,0.8792942428348762
512,1784634020.4930005,-0.03689407365633056,-0.11189833251507403,0.261243939127653,-0.006532611044171188,-0.161,0.533,0.891,0.985,-0.156,-0.069,0.011,-0.16791641537307286,0.5087784276293665,0.8848054161606074
514,1784634020.522797,0.06402827330083147,-0.20910076344601297,0.22544916198168974,-0.1063449593198443,-0.158,0.543,0.893,0.985,-0.155,-0.072,0.011,-0.16791641537307286,0.5087784276293665,0.8848054161606074
514,1784634020.5520198,-0.037534388148700665,-0.1039426218144435,0.26981153397958824,-0.038673312693474016,-0.154,0.552,0.894,0.985,-0.155,-0.074,0.011,-0.16791641537307286,0.5087784276293665,0.8848054161606074
517,1784634020.580692,0.04690248706240213,-0.14868384762283365,0.26032120299023276,-0.0007081766171010001,-0.151,0.562,0.895,0.985,-0.155,-0.077,0.011,-0.16791641537307286,0.5087784276293665,0.8848054161606074
517,1784634020.6122773,0.07351903431266595,-0.15055844163471815,0.2678724564222623,0.025575266907968394,-0.148,0.571,0.896,0.985,-0.155,-0.079,0.011,-0.16791641537307286,0.5087784276293665,0.8848054161606074
520,1784634020.6500711,0.1716799522687916,-0.24474567393702992,0.21119278545263112,-0.07458023392754229,-0.144,0.582,0.897,0.984,-0.155,-0.082,0.012,-0.16791641537307286,0.5087784276293665,0.8848054161606074
520,1784634020.6804404,0.2602871786227712,-0.13862883889535868,0.2559129068214915,-0.06626305308864533,-0.139,0.6,0.898,0.984,-0.155,-0.085,0.013,-0.16791641537307286,0.5087784276293665,0.8848054161606074
523,1784634020.7132375,0.3182952090636013,-0.155679213468396,0.26147058418535635,-0.0016472097956786724,-0.136,0.61,0.898,0.984,-0.154,-0.087,0.014,-0.16791641537307286,0.5087784276293665,0.8848054161606074
523,1784634020.7378554,0.2103606241997899,-0.05640544355838231,0.2740856265645661,0.0409506043557042,-0.133,0.622,0.898,0.984,-0.154,-0.089,0.014,-0.16791641537307286,0.5087784276293665,0.8848054161606074
526,1784634020.7657979,0.17229408549666558,-0.07372397565846969,0.25695664853134226,0.05533174029849484,-0.132,0.629,0.898,0.984,-0.153,-0.09,0.015,-0.16791641537307286,0.5087784276293665,0.8848054161606074
526,1784634020.7909226,0.2679426242192885,-0.07813844283385303,0.2590364400279673,0.06853899338986129,-0.129,0.638,0.898,0.984,-0.152,-0.092,0.016,-0.16791641537307286,0.5087784276293665,0.8848054161606074
529,1784634020.8379698,0.32722664251742917,-0.16837413860705278,0.26559352929316943,0.08490674037666163,-0.128,0.646,0.898,0.984,-0.151,-0.093,0.016,-0.14722788325972258,0.5742841026201405,0.8967253125059824
529,1784634020.8783176,0.2921142510955962,-0.1621412705738165,0.25943996027741867,0.08775197744797925,-0.125,0.661,0.898,0.984,-0.148,-0.095,0.017,-0.14722788325972258,0.5742841026201405,0.8967253125059824
533,1784634020.9100177,0.2648868069633664,-0.130099945652133,0.26332352708261736,0.08270732143913977,-0.121,0.68,0.897,0.985,-0.143,-0.098,0.018,-0.14722788325972258,0.5742841026201405,0.8967253125059824
533,1784634020.945281,0.15846522985263764,-0.09165190583246972,0.27432325045229805,0.08822304466312261,-0.12,0.691,0.897,0.985,-0.139,-0.099,0.018,-0.1262963659866708,0.6530473463831761,0.897862901180331
536,1784634020.9922051,0.054545424057641345,-0.07463253262669303,0.26467587612398497,0.07739689242095217,-0.118,0.705,0.897,0.986,-0.134,-0.1,0.018,-0.1262963659866708,0.6530473463831761,0.897862901180331
536,1784634021.0294893,0.15308674620946175,-0.07058562690509602,0.2545989441766304,0.060434639853811326,-0.116,0.723,0.897,0.986,-0.127,-0.103,0.017,-0.1262963659866708,0.6530473463831761,0.897862901180331
541,1784634021.0765321,0.056981319033500316,-0.03484531113837781,0.27016187599791364,0.06187302019831644,-0.115,0.739,0.897,0.987,-0.121,-0.104,0.017,-0.1262963659866708,0.6530473463831761,0.897862901180331
541,1784634021.1177413,0.07777796334512235,-0.0123830814009003,0.2554348045955949,0.05686413407695843,-0.114,0.756,0.897,0.987,-0.116,-0.106,0.016,-0.1262963659866708,0.6530473463831761,0.897862901180331
545,1784634021.1457372,0.17563097775359376,-0.004727783606526547,0.25215083952504996,0.04741535508897364,-0.113,0.781,0.898,0.988,-0.111,-0.108,0.015,-0.1262963659866708,0.6530473463831761,0.897862901180331
545,1784634021.170733,0.07128984805118266,0.03189386315159358,0.28061716257493646,0.06455133072973901,-0.112,0.796,0.899,0.988,-0.109,-0.109,0.015,-0.1262963659866708,0.6530473463831761,0.897862901180331
548,1784634021.1922774,0.1611544233949781,0.05523022923230167,0.25450767398157054,0.054108931897635146,-0.113,0.809,0.899,0.988,-0.108,-0.109,0.015,-0.11260337823618137,0.7363648772677123,0.8943382395958563
548,1784634021.215395,0.2571189389522116,0.056448784275740335,0.24694548827111032,0.04613981595314118,-0.113,0.828,0.9,0.988,-0.107,-0.11,0.014,-0.11260337823618137,0.7363648772677123,0.8943382395958563
550,1784634021.2570345,0.1507163790965756,0.06764021416065374,0.2699810358604876,0.050662923300860196,-0.113,0.836,0.901,0.988,-0.106,-0.11,0.014,-0.11260337823618137,0.7363648772677123,0.8943382395958563
550,1784634021.282689,0.06156171080720191,0.07666351281592863,0.2572816347516038,0.05194467481926924,-0.115,0.857,0.902,0.988,-0.105,-0.11,0.013,-0.11260337823618137,0.7363648772677123,0.8943382395958563
553,1784634021.3102992,0.1600221803754248,0.060301224378116476,0.2334749053022717,0.08859566477595887,-0.116,0.872,0.903,0.988,-0.104,-0.11,0.013,-0.11260337823618137,0.7363648772677123,0.8943382395958563
553,1784634021.3376927,0.2560133186341273,-0.03976510198506455,0.17889601657734056,0.028159610959801316,-0.117,0.88,0.903,0.989,-0.103,-0.11,0.012,-0.10901323103733077,0.8236444649228385,0.8947145628283257
556,1784634021.3601646,0.3496101033960948,-0.11521458460142064,0.22442336996784978,-0.07192156473156619,-0.118,0.889,0.904,0.989,-0.102,-0.11,0.012,-0.10901323103733077,0.8236444649228385,0.8947145628283257
556,1784634021.384409,0.44083023041509445,-0.10033682848493918,0.22475326059617087,-0.1669058809133787,-0.119,0.903,0.904,0.989,-0.1,-0.109,0.012,-0.10901323103733077,0.8236444649228385,0.8947145628283257
558,1784634021.4132795,0.3298100723910443,-0.12797142564801664,0.2691328706557995,-0.21564134445149502,-0.12,0.91,0.905,0.989,-0.099,-0.109,0.012,-0.10901323103733077,0.8236444649228385,0.8947145628283257
558,1784634021.4383337,0.23879833696491143,-0.09616018073347522,0.2560844322623761,-0.12167615862915276,-0.122,0.92,0.905,0.989,-0.097,-0.108,0.012,-0.10901323103733077,0.8236444649228385,0.8947145628283257
561,1784634021.462477,0.13286076654410284,-0.08546147275882765,0.2716252817588262,-0.0402518187301462,-0.124,0.934,0.905,0.99,-0.095,-0.108,0.011,-0.10901323103733077,0.8236444649228385,0.8947145628283257
561,1784634021.4855886,0.22953702609117724,0.01293319433004754,0.2148533206654999,-0.05949779026311615,-0.125,0.943,0.905,0.99,-0.093,-0.108,0.011,-0.10901323103733077,0.8236444649228385,0.8947145628283257
563,1784634021.5018537,0.12391092579797369,-0.055375540219650146,0.25947975177283694,-0.029177604349117515,-0.127,0.955,0.904,0.99,-0.09,-0.108,0.012,-0.10901323103733077,0.8236444649228385,0.8947145628283257
564,1784634021.5213518,0.22081259002181453,0.025579695951570683,0.26046591815534736,0.005264080865049828,-0.128,0.963,0.904,0.99,-0.088,-0.108,0.013,-0.10901323103733077,0.8236444649228385,0.8947145628283257
564,1784634021.5424218,0.13625130317158501,0.005680510280613178,0.265842625510997,0.03413796271392392,-0.129,0.968,0.903,0.99,-0.086,-0.108,0.013,-0.10901323103733077,0.8236444649228385,0.8947145628283257
566,1784634021.5636866,0.23284215968225913,0.10542419301839945,0.21368219069640357,0.04236418447955339,-0.132,0.982,0.902,0.991,-0.082,-0.108,0.015,-0.10901323103733077,0.8236444649228385,0.8947145628283257
566,1784634021.58927,0.3161842259782851,0.092261481878342,0.25833704236475663,0.0563199024079415,-0.134,0.991,0.901,0.991,-0.078,-0.108,0.016,-0.12385694734327096,0.9294456492096046,0.9068077385909132
568,1784634021.6106367,0.33442093693913655,0.12211287671918032,0.25983408250842716,0.07108225163098347,-0.136,1.001,0.9,0.991,-0.075,-0.109,0.018,-0.12385694734327096,0.9294456492096046,0.9068077385909132
570,1784634021.6332161,0.22606254961502106,0.055586925938386544,0.27104525055709683,0.05481053933796705,-0.138,1.01,0.899,0.991,-0.072,-0.109,0.019,-0.12385694734327096,0.9294456492096046,0.9068077385909132
570,1784634021.6537755,0.3204103308043518,0.15418827215172293,0.21427422651341485,0.14762581555004173,-0.14,1.016,0.899,0.991,-0.07,-0.109,0.019,-0.12385694734327096,0.9294456492096046,0.9068077385909132
572,1784634021.6755197,0.38785403273183666,0.24617844861728966,0.2588258966827776,0.07518596126962912,-0.142,1.024,0.898,0.991,-0.068,-0.109,0.02,-0.12385694734327096,0.9294456492096046,0.9068077385909132
572,1784634021.703912,0.27836291447286265,0.14423321583896762,0.26395641787426766,0.07379412755537493,-0.146,1.038,0.896,0.992,-0.063,-0.109,0.021,-0.12385694734327096,0.9294456492096046,0.9068077385909132
574,1784634021.7259827,0.3713969803325995,0.2405718816224645,0.21718206734283127,0.11741670288386973,-0.148,1.046,0.895,0.992,-0.06,-0.109,0.021,-0.12385694734327096,0.9294456492096046,0.9068077385909132
574,1784634021.7519777,0.3355784786627945,0.30448074900025845,0.2617477110198291,0.13921972022971882,-0.149,1.051,0.894,0.992,-0.058,-0.109,0.022,-0.12385694734327096,0.9294456492096046,0.9068077385909132
577,1784634021.778342,0.2281760101385497,0.1969767496463833,0.26158300005997,0.1441389289142282,-0.152,1.061,0.893,0.992,-0.055,-0.108,0.022,-0.1426165918654237,1.0261555282543111,0.898248219616991
577,1784634021.803037,0.12247500314799725,0.0923515976869441,0.2605714753389645,0.10487416612119632,-0.155,1.07,0.891,0.993,-0.051,-0.108,0.022,-0.1426165918654237,1.0261555282543111,0.898248219616991
579,1784634021.825952,0.21940427783574137,0.18985392657219544,0.23337792577451041,0.11946416056174601,-0.16,1.084,0.889,0.993,-0.045,-0.106,0.021,-0.1426165918654237,1.0261555282543111,0.898248219616991
579,1784634021.8450365,0.29584256473097986,0.2385025711733833,0.2654219069251849,0.11892386450008861,-0.163,1.093,0.888,0.994,-0.041,-0.104,0.021,-0.1426165918654237,1.0261555282543111,0.898248219616991
581,1784634021.8641167,0.2789185380831955,0.23970113306648905,0.24364863440019663,0.12221095254718364,-0.166,1.1,0.887,0.994,-0.037,-0.103,0.02,-0.1426165918654237,1.0261555282543111,0.898248219616991
581,1784634021.881143,0.1727048276239824,0.13427857681915323,0.2731639505020345,0.10286652832292315,-0.169,1.107,0.886,0.994,-0.034,-0.101,0.02,-0.1426165918654237,1.0261555282543111,0.898248219616991
583,1784634021.9008303,0.18990839363328807,0.07427651876775124,0.251181443073594,0.07226119696081129,-0.171,1.112,0.885,0.994,-0.032,-0.1,0.019,-0.1426165918654237,1.0261555282543111,0.898248219616991
583,1784634021.918263,0.16057334288119113,0.06287932096329041,0.2650439057770671,0.05551378981355054,-0.173,1.117,0.885,0.995,-0.03,-0.099,0.019,-0.1426165918654237,1.0261555282543111,0.898248219616991
585,1784634021.9464853,0.056559195676067875,-0.03868880187818853,0.25951346336635317,0.024431735642503807,-0.176,1.124,0.884,0.995,-0.027,-0.097,0.018,-0.1426165918654237,1.0261555282543111,0.898248219616991
585,1784634021.9788918,-0.04206567969834059,-0.0048459528208236735,0.2592206298161098,0.03122723826056107,-0.181,1.135,0.882,0.995,-0.022,-0.094,0.017,-0.1426165918654237,1.0261555282543111,0.898248219616991
588,1784634021.9973056,-0.037367739136290816,-0.01654493846782812,0.2589112353244088,0.03711842754955799,-0.186,1.145,0.88,0.995,-0.019,-0.092,0.016,-0.1426165918654237,1.0261555282543111,0.898248219616991
588,1784634022.0113957,0.06343558371529667,0.04283356456405171,0.26433177910322336,0.03504227393213153,-0.188,1.149,0.88,0.996,-0.018,-0.091,0.016,-0.17295258563357607,1.1168723643747236,0.8845806559775249
590,1784634022.0306325,0.021909696479377405,-0.032795279994890375,0.2612409341193284,0.03775345734684477,-0.19,1.154,0.879,0.996,-0.017,-0.09,0.016,-0.17295258563357607,1.1168723643747236,0.8845806559775249
590,1784634022.0471945,-0.004876379513436321,-0.02753991285479286,0.26267472264013414,0.03584520475362901,-0.194,1.16,0.878,0.996,-0.015,-0.089,0.015,-0.17295258563357607,1.1168723643747236,0.8845806559775249
592,1784634022.0655172,0.09524470371961809,0.07314639660540262,0.25151638415878647,0.13481344720647792,-0.197,1.166,0.877,0.996,-0.014,-0.089,0.015,-0.17295258563357607,1.1168723643747236,0.8845806559775249
593,1784634022.0867422,0.19225815011340602,0.11940522328062217,0.26853676441414615,0.08642899648899745,-0.203,1.176,0.876,0.996,-0.012,-0.088,0.015,-0.17295258563357607,1.1168723643747236,0.8845806559775249
593,1784634022.1040905,0.19447449711154557,0.14097062352247478,0.2551399476987908,0.06319723232522097,-0.207,1.183,0.875,0.996,-0.012,-0.087,0.015,-0.17295258563357607,1.1168723643747236,0.8845806559775249
594,1784634022.1220326,0.08961479136294032,0.037551434527581876,0.27200356522675273,-0.0286080906924812,-0.211,1.188,0.874,0.996,-0.011,-0.087,0.015,-0.17295258563357607,1.1168723643747236,0.8845806559775249
595,1784634022.1433897,0.18674437362805796,0.13502315398776782,0.2525109623902067,-0.00444232470403591,-0.213,1.192,0.873,0.996,-0.011,-0.087,0.014,-0.17295258563357607,1.1168723643747236,0.8845806559775249
596,1784634022.1658366,0.08211502729108022,0.050222001138972475,0.2683446044484489,-0.005684796255865102,-0.216,1.196,0.873,0.996,-0.01,-0.087,0.014,-0.17295258563357607,1.1168723643747236,0.8845806559775249
597,1784634022.184694,0.003225706234814399,0.054479776024376286,0.2547753227574278,0.010168881159225842,-0.217,1.198,0.873,0.996,-0.01,-0.087,0.014,-0.17295258563357607,1.1168723643747236,0.8845806559775249
598,1784634022.2068505,0.10314495299401026,0.15311768294441142,0.2484482012323215,0.10990459626697849,-0.221,1.203,0.872,0.996,-0.01,-0.086,0.014,-0.17295258563357607,1.1168723643747236,0.8845806559775249
599,1784634022.2343009,0.1880266764103012,0.18588256938111486,0.26761505744165004,0.07386181066285329,-0.224,1.208,0.872,0.996,-0.009,-0.086,0.014,-0.17295258563357607,1.1168723643747236,0.8845806559775249
599,1784634022.2574904,0.2833248960805214,0.28123130708858657,0.23636609954126303,0.08809048644736349,-0.228,1.213,0.871,0.996,-0.009,-0.086,0.014,-0.17295258563357607,1.1168723643747236,0.8845806559775249
602,1784634022.2792387,0.1762419319413548,0.17420513578676808,0.28045570236960715,-0.014108327500571977,-0.233,1.218,0.871,0.996,-0.008,-0.086,0.013,-0.2133698298833131,1.1924451966618586,0.8734677541884006
602,1784634022.3047752,0.17111608084844235,0.18808228879257827,0.2502014647648102,-0.007568665756506554,-0.238,1.224,0.87,0.996,-0.007,-0.085,0.013,-0.2133698298833131,1.1924451966618586,0.8734677541884006
604,1784634022.3327756,0.06683987832901177,0.08340620433629643,0.26751386352414286,-0.008183060155110644,-0.244,1.232,0.87,0.996,-0.006,-0.084,0.013,-0.2133698298833131,1.1924451966618586,0.8734677541884006
604,1784634022.3492925,-0.03476825982585312,-0.015740671553985314,0.25390295302171917,0.00824474174206903,-0.25,1.238,0.869,0.996,-0.005,-0.083,0.013,-0.2133698298833131,1.1924451966618586,0.8734677541884006
607,1784634022.3640852,0.059928297984785564,0.08457699423137327,0.2573684841505402,0.02567196687119147,-0.256,1.243,0.869,0.997,-0.004,-0.082,0.012,-0.2133698298833131,1.1924451966618586,0.8734677541884006
607,1784634022.3835838,0.15834891576207044,0.1824439262344578,0.2353840545069255,0.02000306755499537,-0.261,1.248,0.869,0.997,-0.003,-0.081,0.012,-0.2133698298833131,1.1924451966618586,0.8734677541884006
608,1784634022.4037561,0.20880280153233904,0.2777915705727142,0.25695710420325985,-0.005220443852614123,-0.265,1.251,0.869,0.997,-0.002,-0.08,0.012,-0.2133698298833131,1.1924451966618586,0.8734677541884006
609,1784634022.423582,0.19276064295110273,0.36759918824124427,0.2446446185875544,0.0035034053882206408,-0.268,1.254,0.869,0.997,-0.001,-0.079,0.012,-0.2133698298833131,1.1924451966618586,0.8734677541884006
610,1784634022.443001,0.08799153556762192,0.2584445715618565,0.28057493948898066,-0.04598130041555816,-0.272,1.257,0.869,0.997,-0.0,-0.078,0.012,-0.2133698298833131,1.1924451966618586,0.8734677541884006
612,1784634022.4628456,0.00961796477570058,0.1893320877525496,0.24549153381967145,-0.009310750616984859,-0.278,1.261,0.869,0.997,0.001,-0.076,0.012,-0.2133698298833131,1.1924451966618586,0.8734677541884006
613,1784634022.4833288,0.03069718092225676,0.0851426375547023,0.26165641489403035,0.017475768725330135,-0.284,1.266,0.869,0.997,0.002,-0.075,0.012,-0.26069979693679074,1.2476525786224812,0.8687535121913792
613,1784634022.5021694,0.12991699029758286,0.18301287850308012,0.22354021457226403,0.016020574344591816,-0.287,1.268,0.869,0.997,0.002,-0.074,0.012,-0.26069979693679074,1.2476525786224812,0.8687535121913792
614,1784634022.5235898,0.026702006368814868,0.07844478342819827,0.2679490995557041,0.017956317573814266,-0.294,1.272,0.869,0.997,0.004,-0.072,0.013,-0.26069979693679074,1.2476525786224812,0.8687535121913792
615,1784634022.543038,0.07235963977982261,0.09700493550849006,0.23987555117847248,0.028819012128654446,-0.3,1.275,0.869,0.997,0.004,-0.07,0.013,-0.26069979693679074,1.2476525786224812,0.8687535121913792
617,1784634022.5618622,0.07248782470725734,0.11979306066670405,0.258933542398988,0.036540126803968134,-0.305,1.278,0.869,0.998,0.005,-0.068,0.013,-0.26069979693679074,1.2476525786224812,0.8687535121913792
618,1784634022.582931,0.170675135396397,0.21679819762589786,0.22419935668050645,0.020096359569279423,-0.309,1.28,0.869,0.998,0.006,-0.067,0.013,-0.26069979693679074,1.2476525786224812,0.8687535121913792
619,1784634022.6086032,0.06643371722574204,0.1114285209398304,0.26855084483499614,-0.053743609305963044,-0.313,1.282,0.87,0.998,0.006,-0.066,0.013,-0.26069979693679074,1.2476525786224812,0.8687535121913792
619,1784634022.631025,0.029627887988012566,0.10563865896082598,0.23850943408849543,-0.011161712283301359,-0.316,1.283,0.87,0.998,0.007,-0.065,0.013,-0.26069979693679074,1.2476525786224812,0.8687535121913792
621,1784634022.6501286,0.007521965612128933,0.13285296186636636,0.25896250639502727,0.011028607141279147,-0.32,1.285,0.87,0.998,0.007,-0.064,0.013,-0.26069979693679074,1.2476525786224812,0.8687535121913792
621,1784634022.6725438,-0.02257159837845718,0.12070306576867723,0.2445017500486765,0.02456362489605281,-0.325,1.287,0.87,0.998,0.008,-0.062,0.013,-0.26069979693679074,1.2476525786224812,0.8687535121913792
623,1784634022.697483,-0.11921630784798909,0.01787546632420138,0.26163644634978583,0.03717776137811676,-0.332,1.289,0.87,0.998,0.008,-0.061,0.013,-0.26069979693679074,1.2476525786224812,0.8687535121913792
623,1784634022.7332501,-0.016243147195611915,0.11742855774120867,0.22630484970304449,0.13624399496648812,-0.337,1.291,0.871,0.998,0.009,-0.059,0.013,-0.26069979693679074,1.2476525786224812,0.8687535121913792
626,1784634022.7556567,0.021898191137162987,0.2144866992954817,0.2345852860091473,0.03467006498455247,-0.351,1.294,0.871,0.998,0.01,-0.056,0.013,-0.3164755854070233,1.2831805522424617,0.8692913321277514
626,1784634022.7768915,-0.07792397985415352,0.10919024469710402,0.2657342721455628,0.025563816521147087,-0.357,1.295,0.872,0.998,0.011,-0.054,0.013,-0.3164755854070233,1.2831805522424617,0.8692913321277514
628,1784634022.8407993,-0.1153873145313146,0.012657756390515126,0.24069306121195921,0.031197206186116405,-0.361,1.296,0.872,0.998,0.011,-0.053,0.013,-0.3164755854070233,1.2831805522424617,0.8692913321277514
628,1784634022.8570387,-0.042744007003076595,0.11234110692902831,0.22830284813771815,0.13041094998042702,-0.378,1.298,0.873,0.999,0.012,-0.05,0.012,-0.3164755854070233,1.2831805522424617,0.8692913321277514
632,1784634022.8732748,-0.12286210589801347,0.09354466994629905,0.26655003525660154,0.08950272331760248,-0.38,1.298,0.873,0.999,0.012,-0.05,0.012,-0.3164755854070233,1.2831805522424617,0.8692913321277514
632,1784634022.892502,-0.13354554885026487,0.10914159399952401,0.2382648063457452,0.060385069256637426,-0.386,1.298,0.873,0.999,0.011,-0.049,0.012,-0.3164755854070233,1.2831805522424617,0.8692913321277514
634,1784634022.9078832,-0.12965431111907144,0.20641237309744298,0.25477224038727,0.044377083734030306,-0.39,1.298,0.873,0.999,0.011,-0.048,0.012,-0.3164755854070233,1.2831805522424617,0.8692913321277514
634,1784634022.952384,-0.1378916199532125,0.28398376473023373,0.24394072443866896,0.032754112274595876,-0.393,1.298,0.873,0.999,0.011,-0.048,0.011,-0.3164755854070233,1.2831805522424617,0.8692913321277514
637,1784634022.9805408,-0.1479078821408763,0.17689967897703418,0.25635032160720145,0.022315023209624637,-0.405,1.297,0.874,0.999,0.01,-0.046,0.01,-0.3164755854070233,1.2831805522424617,0.8692913321277514
637,1784634023.007482,-0.09172655562102663,0.27247716549389966,0.2147444019407479,0.12175705671759271,-0.412,1.296,0.874,0.999,0.01,-0.045,0.01,-0.37550837192638475,1.296872830884114,0.8719892703722283
640,1784634023.038835,-0.1257103607152497,0.3655979787838083,0.244558134618668,0.048348368303882144,-0.42,1.295,0.874,0.999,0.009,-0.044,0.009,-0.37550837192638475,1.296872830884114,0.8719892703722283
640,1784634023.0716915,-0.05411545878706166,0.25646212090233356,0.2740980188925645,-0.05211614491771098,-0.428,1.293,0.874,0.999,0.008,-0.042,0.008,-0.37550837192638475,1.296872830884114,0.8719892703722283
643,1784634023.0979118,-0.09798584584034041,0.24946864688324227,0.23078073747853134,-0.03802307854270538,-0.437,1.29,0.874,0.999,0.006,-0.04,0.008,-0.37550837192638475,1.296872830884114,0.8719892703722283
643,1784634023.1254768,-0.05119801829218201,0.14323198178077415,0.26855790828975656,-0.05068201910702945,-0.445,1.288,0.874,0.999,0.005,-0.036,0.007,-0.37550837192638475,1.296872830884114,0.8719892703722283
645,1784634023.1476564,-0.14991558351558723,0.23965093509011792,0.22459026572653212,-0.05195261939616143,-0.453,1.285,0.874,0.999,0.003,-0.033,0.006,-0.37550837192638475,1.296872830884114,0.8719892703722283
645,1784634023.1711335,-0.12331922417031277,0.1356576042147693,0.26680283517083514,-0.0262915581754015,-0.456,1.284,0.874,0.999,0.003,-0.031,0.006,-0.37550837192638475,1.296872830884114,0.8719892703722283
648,1784634023.2001178,-0.16914686784035785,0.17621485100743128,0.23434975267218705,-0.009117841370458242,-0.462,1.281,0.874,1.0,0.002,-0.028,0.006,-0.37550837192638475,1.296872830884114,0.8719892703722283
648,1784634023.220505,-0.26482353903679706,0.27180942554245324,0.24394772248226293,0.02849025877778215,-0.467,1.279,0.875,1.0,0.001,-0.026,0.006,-0.43557371211806295,1.2907672680402598,0.8743899905708612
650,1784634023.2358768,-0.15832488264171296,0.19234656875825623,0.2489609095344478,0.03850924673343487,-0.471,1.278,0.875,1.0,0.0,-0.024,0.006,-0.43557371211806295,1.2907672680402598,0.8743899905708612
650,1784634023.2496266,-0.2543334728382648,0.27091364114655836,0.2386457729943346,-0.003077845365174907,-0.474,1.276,0.875,1.0,-0.0,-0.022,0.006,-0.43557371211806295,1.2907672680402598,0.8743899905708612
652,1784634023.2620394,-0.1490371064041552,0.16762964180108514,0.25325763540532914,0.015665507574244203,-0.476,1.275,0.875,1.0,-0.0,-0.022,0.006,-0.43557371211806295,1.2907672680402598,0.8743899905708612
652,1784634023.2836034,-0.0489365654759204,0.06358719926162297,0.24318258661798411,0.021580626101916862,-0.482,1.272,0.875,1.0,-0.001,-0.019,0.006,-0.43557371211806295,1.2907672680402598,0.8743899905708612
654,1784634023.3057568,-0.014971591624668178,-0.021566657863369518,0.24935480237321508,0.02592490989274813,-0.488,1.269,0.875,1.0,-0.002,-0.017,0.006,-0.43557371211806295,1.2907672680402598,0.8743899905708612
655,1784634023.3284516,-0.0038144586974693875,-0.030522359529486166,0.24501222040347978,0.030290077510706597,-0.491,1.267,0.875,1.0,-0.003,-0.015,0.006,-0.43557371211806295,1.2907672680402598,0.8743899905708612
655,1784634023.3504205,-0.1037091225081323,0.07022097565483652,0.24682276531257816,0.03464805759569911,-0.493,1.265,0.875,1.0,-0.003,-0.014,0.006,-0.43557371211806295,1.2907672680402598,0.8743899905708612
657,1784634023.3752832,-0.021641679160038993,-0.024827381495124076,0.24722726607473644,0.03419789291349798,-0.501,1.26,0.875,1.0,-0.005,-0.011,0.006,-0.43557371211806295,1.2907672680402598,0.8743899905708612
657,1784634023.4013188,-0.1211005481183618,0.07579327575802139,0.23989778293945574,0.13332917388400112,-0.509,1.255,0.875,1.0,-0.007,-0.009,0.006,-0.43557371211806295,1.2907672680402598,0.8743899905708612
659,1784634023.4231696,-0.08164192888940792,0.04879845769678007,0.25212638768764495,0.088791350647446,-0.515,1.25,0.875,1.0,-0.008,-0.008,0.006,-0.43557371211806295,1.2907672680402598,0.8743899905708612
659,1784634023.4470024,-0.029216241095661705,-0.03616941728590631,0.24294445607065887,0.06117586662609101,-0.518,1.248,0.875,1.0,-0.009,-0.007,0.006,-0.43557371211806295,1.2907672680402598,0.8743899905708612
661,1784634023.469536,-0.12847202656014267,0.06471969039254305,0.24903296911247136,0.05253265067039513,-0.522,1.245,0.875,1.0,-0.01,-0.006,0.006,-0.43557371211806295,1.2907672680402598,0.8743899905708612
661,1784634023.4888666,-0.049753677942408425,-0.022523290895440917,0.24565942667520882,0.04188824936244191,-0.527,1.241,0.875,1.0,-0.011,-0.005,0.006,-0.43557371211806295,1.2907672680402598,0.8743899905708612
664,1784634023.5062068,-0.14850970763442797,0.07803968872233713,0.2407719277012599,0.14083308132032768,-0.529,1.239,0.875,1.0,-0.011,-0.005,0.006,-0.43557371211806295,1.2907672680402598,0.8743899905708612
665,1784634023.534203,-0.1914857294748351,0.1759442931549252,0.24952580299697452,0.09787172128401578,-0.535,1.233,0.875,1.0,-0.012,-0.004,0.005,-0.49798826312085864,1.2623806585420294,0.8749765381434648
665,1784634023.5514622,-0.20298116632883073,0.23693943597148004,0.24384247688411387,0.0576987341568205,-0.54,1.229,0.875,1.0,-0.013,-0.004,0.005,-0.49798826312085864,1.2623806585420294,0.8749765381434648
667,1784634023.5709913,-0.09807654634527882,0.1310171286972968,0.24868808563795647,0.03736887359609722,-0.547,1.222,0.876,1.0,-0.014,-0.003,0.004,-0.49798826312085864,1.2623806585420294,0.8749765381434648
667,1784634023.588069,-0.1955443461581469,0.22765407934535917,0.24469359734830465,0.01938793875781166,-0.55,1.219,0.876,1.0,-0.015,-0.003,0.004,-0.49798826312085864,1.2623806585420294,0.8749765381434648
669,1784634023.606111,-0.24155418960262712,0.22227330831800757,0.2479782080168012,0.0115491798604218,-0.552,1.216,0.876,1.0,-0.015,-0.003,0.004,-0.49798826312085864,1.2623806585420294,0.8749765381434648
669,1784634023.629229,-0.1355438643125943,0.11671727146829508,0.24832143319111744,-0.003422309321327142,-0.558,1.21,0.876,1.0,-0.016,-0.002,0.003,-0.49798826312085864,1.2623806585420294,0.8749765381434648
671,1784634023.6532836,-0.044971325027639605,0.0199903025872369,0.24476894195045132,0.0015792173471972024,-0.563,1.204,0.876,1.0,-0.017,-0.002,0.002,-0.49798826312085864,1.2623806585420294,0.8749765381434648
671,1784634023.6773186,-0.14384703814738375,0.11949053570309384,0.23469445503205275,0.0634561756142451,-0.565,1.201,0.876,1.0,-0.018,-0.001,0.002,-0.49798826312085864,1.2623806585420294,0.8749765381434648
673,1784634023.6979642,-0.24024778886484233,0.21649112335568538,0.23785492091927643,-0.03504223732225309,-0.574,1.19,0.876,1.0,-0.02,0.0,0.0,-0.5509367143180974,1.217702985339572,0.8758263686801062
673,1784634023.7151337,-0.13475363187267667,0.11132947904807255,0.25375010167785916,-0.047036759231720446,-0.577,1.185,0.875,1.0,-0.021,0.001,-0.0,-0.5509367143180974,1.217702985339572,0.8758263686801062
675,1784634023.7384536,-0.18450568354853447,0.10215063161404507,0.2424154453591924,-0.026944376018561672,-0.579,1.182,0.875,1.0,-0.022,0.002,-0.0,-0.5509367143180974,1.217702985339572,0.8758263686801062
675,1784634023.7538512,-0.08182818178909576,0.003547291200116251,0.2501966786505475,-0.011201034859490751,-0.583,1.176,0.875,1.0,-0.023,0.003,-0.001,-0.5509367143180974,1.217702985339572,0.8758263686801062
677,1784634023.7697878,-0.1767850907294089,0.06352774673708941,0.24545096395646213,-0.004681428465699752,-0.587,1.171,0.875,1.0,-0.024,0.004,-0.001,-0.5509367143180974,1.217702985339572,0.8758263686801062
677,1784634023.7849565,-0.07411124660900785,-0.027603693785428957,0.24801101513769375,0.0027047162523631194,-0.589,1.168,0.875,1.0,-0.025,0.005,-0.001,-0.5509367143180974,1.217702985339572,0.8758263686801062
678,1784634023.8045032,-0.054624145368188104,-0.07366912785894356,0.24552768412546935,0.007600334077717818,-0.592,1.163,0.875,1.0,-0.026,0.006,-0.001,-0.5509367143180974,1.217702985339572,0.8758263686801062
680,1784634023.8233345,-0.15325132473943587,0.019555092019755527,0.24877079586268447,0.01072695869452663,-0.595,1.157,0.875,1.0,-0.027,0.007,-0.001,-0.5509367143180974,1.217702985339572,0.8758263686801062
680,1784634023.8438635,-0.2358878061571249,0.028066938585529527,0.24763430838772835,0.016612911974966567,-0.6,1.149,0.875,1.0,-0.029,0.008,-0.001,-0.5509367143180974,1.217702985339572,0.8758263686801062
682,1784634023.8679385,-0.23931886230747243,0.03701753648573777,0.24891376085224604,0.020552508948614694,-0.603,1.144,0.875,1.0,-0.03,0.009,-0.001,-0.5509367143180974,1.217702985339572,0.8758263686801062
682,1784634023.8861184,-0.3333348725920478,0.136081027678847,0.23735681488771904,-0.00327038684616909,-0.604,1.142,0.875,0.999,-0.03,0.009,-0.001,-0.5509367143180974,1.217702985339572,0.8758263686801062
684,1784634023.9156318,-0.22507065710777677,0.1151100535981884,0.25491818627791146,0.0002839738265441767,-0.608,1.135,0.875,0.999,-0.032,0.01,-0.001,-0.5942205968795143,1.1582961968823633,0.8747350257558353
684,1784634023.9345753,-0.11957189334106859,0.012237520301879981,0.2392289833615216,0.01179034374651907,-0.611,1.128,0.875,0.999,-0.033,0.011,-0.001,-0.5942205968795143,1.1582961968823633,0.8747350257558353
686,1784634023.955118,-0.21457530178880962,0.09720983865645037,0.25393684539098205,0.013675491279881278,-0.615,1.12,0.874,0.999,-0.035,0.011,-0.001,-0.5942205968795143,1.1582961968823633,0.8747350257558353
686,1784634023.9748406,-0.3092047053546084,0.19473756516356913,0.23398192140554153,-0.03273295731551386,-0.617,1.116,0.874,0.999,-0.036,0.012,-0.001,-0.5942205968795143,1.1582961968823633,0.8747350257558353
688,1784634023.996784,-0.4003477232168023,0.20874725226003116,0.26026652373058967,-0.06359354986806268,-0.62,1.11,0.874,0.999,-0.037,0.012,-0.001,-0.5942205968795143,1.1582961968823633,0.8747350257558353
688,1784634024.0135362,-0.29033905757796447,0.10352869211857305,0.2782547930560621,-0.16192473366136573,-0.621,1.105,0.874,0.999,-0.038,0.012,-0.001,-0.5942205968795143,1.1582961968823633,0.8747350257558353
690,1784634024.0357437,-0.18308088450451854,0.000946681103614011,0.23327254427454408,-0.08392280396320902,-0.627,1.093,0.874,0.999,-0.042,0.013,-0.001,-0.5942205968795143,1.1582961968823633,0.8747350257558353
690,1784634024.060178,-0.2255051908024933,0.04578078329665952,0.260997314242819,-0.039667420060809644,-0.628,1.088,0.873,0.999,-0.043,0.013,-0.001,-0.5942205968795143,1.1582961968823633,0.8747350257558353
692,1784634024.0812805,-0.3198672150171559,0.14463000665306966,0.2419173980118861,-0.05750804965231942,-0.631,1.08,0.873,0.999,-0.046,0.014,-0.001,-0.5942205968795143,1.1582961968823633,0.8747350257558353
692,1784634024.1060781,-0.21187728122555835,0.04103185559136971,0.2556311040223551,-0.04012331430058054,-0.634,1.072,0.873,0.999,-0.048,0.015,-0.001,-0.5942205968795143,1.1582961968823633,0.8747350257558353
695,1784634024.1278827,-0.30657819180128143,0.13931520375501727,0.25085882784564245,-0.049984392894317504,-0.637,1.063,0.873,0.999,-0.052,0.016,-0.0,-0.5942205968795143,1.1582961968823633,0.8747350257558353
695,1784634024.1454575,-0.3188128345344174,0.13737570440502023,0.25455114622544905,-0.053291182881286495,-0.64,1.055,0.872,0.998,-0.055,0.017,-0.0,-0.6297489111924384,1.0829657669459036,0.8726165606712719
697,1784634024.1678858,-0.21085221820059974,0.06804838695163468,0.2468468185388994,-0.015046538849478874,-0.641,1.05,0.872,0.998,-0.057,0.017,0.0,-0.6297489111924384,1.0829657669459036,0.8726165606712719
697,1784634024.1910114,-0.1337749471883201,0.06108558856399732,0.24699175055997222,0.012057460412401855,-0.643,1.043,0.872,0.998,-0.06,0.018,0.0,-0.6297489111924384,1.0829657669459036,0.8726165606712719
699,1784634024.2102227,-0.030444920005538112,-0.003622169592742752,0.240702877749986,0.029685705912165555,-0.645,1.035,0.872,0.998,-0.063,0.019,0.001,-0.6297489111924384,1.0829657669459036,0.8726165606712719
699,1784634024.237146,0.06718286978772707,0.0048974686421176805,0.24591543856126422,0.033111102921918455,-0.646,1.03,0.872,0.998,-0.065,0.019,0.001,-0.6297489111924384,1.0829657669459036,0.8726165606712719
701,1784634024.2684376,-0.034441369885016934,0.03138100232912269,0.24769723868099022,0.03510233196760121,-0.649,1.018,0.872,0.997,-0.069,0.02,0.002,-0.6297489111924384,1.0829657669459036,0.8726165606712719
701,1784634024.2984767,-0.1335737235897298,0.07543474405260481,0.2514523550766379,0.05378822716839454,-0.651,1.006,0.872,0.997,-0.073,0.021,0.002,-0.6297489111924384,1.0829657669459036,0.8726165606712719
704,1784634024.3254302,-0.20943365529255223,0.006934232671647861,0.24656873499454734,0.03504028931156484,-0.654,0.991,0.872,0.997,-0.077,0.022,0.002,-0.6297489111924384,1.0829657669459036,0.8726165606712719
704,1784634024.3621137,-0.10420312758649722,-0.05571556091061994,0.24716367312070925,-0.022781750593412697,-0.654,0.986,0.872,0.997,-0.078,0.023,0.002,-0.6297489111924384,1.0829657669459036,0.8726165606712719
707,1784634024.3894665,-0.001618722760701144,-0.0768460609572879,0.2391196983018307,-0.016052095298284576,-0.656,0.97,0.871,0.996,-0.081,0.023,0.002,-0.6297489111924384,1.0829657669459036,0.8726165606712719
707,1784634024.415991,0.09841512723353457,-0.09124739707814797,0.24445759670834527,0.003548718982565858,-0.657,0.958,0.871,0.996,-0.082,0.023,0.002,-0.6506715073290592,1.0055128189984202,0.871182270360153
710,1784634024.4457426,0.05514280592471135,-0.09097687463186704,0.24699743667820245,0.013432199867942505,-0.658,0.946,0.871,0.996,-0.084,0.024,0.001,-0.6506715073290592,1.0055128189984202,0.871182270360153
710,1784634024.4678478,-0.04623396261843743,-0.08686138783882108,0.2518543776486737,0.06021552878271917,-0.658,0.938,0.87,0.996,-0.084,0.024,0.001,-0.6506715073290592,1.0055128189984202,0.871182270360153
713,1784634024.4882052,-0.14504042755606533,-0.09970800073999542,0.24899733396623297,0.04704329006290935,-0.659,0.926,0.87,0.996,-0.085,0.024,0.001,-0.6506715073290592,1.0055128189984202,0.871182270360153
713,1784634024.5068073,-0.2386152063145877,-0.10155396063910702,0.25226839369929466,0.03548878513684023,-0.659,0.919,0.869,0.996,-0.086,0.023,0.001,-0.6506715073290592,1.0055128189984202,0.871182270360153
715,1784634024.5265522,-0.13265061831714695,-0.10624839191748298,0.2449554576827984,0.02508486796411291,-0.659,0.914,0.869,0.996,-0.086,0.023,0.001,-0.6506715073290592,1.0055128189984202,0.871182270360153
716,1784634024.5582433,-0.029334934155476916,-0.11337519322287193,0.2465331094181936,0.02268835399587972,-0.658,0.902,0.868,0.996,-0.087,0.023,0.001,-0.6506715073290592,1.0055128189984202,0.871182270360153
716,1784634024.577429,-0.054721119021509584,-0.11446913716520929,0.24939699021935,0.025218591173901617,-0.658,0.893,0.868,0.996,-0.087,0.022,0.001,-0.6506715073290592,1.0055128189984202,0.871182270360153
718,1784634024.5944638,0.04421885190380148,-0.11823632140070627,0.24428500875944234,0.02437476218867624,-0.657,0.884,0.867,0.996,-0.087,0.022,0.001,-0.6577356019024477,0.9154734009509538,0.8676505251739862
718,1784634024.6093483,-0.05688575207347871,-0.13314847564577598,0.26062785868535676,0.12161625615666569,-0.656,0.874,0.867,0.996,-0.088,0.021,0.001,-0.6577356019024477,0.9154734009509538,0.8676505251739862
720,1784634024.6255286,-0.15542833100991987,-0.14229040147040128,0.2466293078659746,0.09325000630601232,-0.655,0.865,0.866,0.996,-0.088,0.02,0.001,-0.6577356019024477,0.9154734009509538,0.8676505251739862
721,1784634024.643564,-0.2515425986098021,-0.17713854968665926,0.2516895570307673,0.1909181351229982,-0.654,0.857,0.865,0.996,-0.089,0.019,0.001,-0.6577356019024477,0.9154734009509538,0.8676505251739862
722,1784634024.669342,-0.14533529916259674,-0.13515954248948925,0.2482048233465574,0.11179898270584215,-0.653,0.85,0.865,0.996,-0.089,0.019,0.0,-0.6577356019024477,0.9154734009509538,0.8676505251739862
722,1784634024.691153,-0.24170140508230645,-0.21595437209577212,0.2677417587497844,0.20897543869838375,-0.652,0.846,0.864,0.996,-0.09,0.018,0.0,-0.6577356019024477,0.9154734009509538,0.8676505251739862
724,1784634024.7079883,-0.13812764148818088,-0.1458993914105261,0.23722449092866826,0.12022268226130416,-0.651,0.84,0.864,0.996,-0.09,0.017,0.0,-0.6577356019024477,0.9154734009509538,0.8676505251739862
724,1784634024.7250042,-0.23466883679817402,-0.18218810342857863,0.26782313053876866,0.07029560805258148,-0.648,0.826,0.863,0.996,-0.091,0.016,-0.0,-0.6577356019024477,0.9154734009509538,0.8676505251739862
725,1784634024.744978,-0.1297401474972982,-0.14816906274888986,0.23842496340550592,0.03902400275121237,-0.647,0.817,0.862,0.996,-0.092,0.015,-0.001,-0.6577356019024477,0.9154734009509538,0.8676505251739862
726,1784634024.7632942,-0.226496144073434,-0.1884544097462802,0.2675614446093183,0.021822076569985818,-0.645,0.81,0.862,0.996,-0.093,0.014,-0.002,-0.6577356019024477,0.9154734009509538,0.8676505251739862
727,1784634024.7826722,-0.24454531553290104,-0.18716434111863475,0.24593973551481857,0.005534726655024896,-0.643,0.802,0.861,0.995,-0.094,0.012,-0.002,-0.6577356019024477,0.9154734009509538,0.8676505251739862
729,1784634024.803942,-0.33843161670522265,-0.2824708579896522,0.269211964494506,0.08321653691744804,-0.641,0.795,0.861,0.995,-0.095,0.011,-0.003,-0.6577356019024477,0.9154734009509538,0.8676505251739862
730,1784634024.8221467,-0.23088018574958083,-0.21597388733583267,0.24560118784754947,0.042985457873600585,-0.639,0.787,0.86,0.995,-0.097,0.01,-0.004,-0.6577356019024477,0.9154734009509538,0.8676505251739862
730,1784634024.8434684,-0.32510651428613657,-0.30571106732000947,0.27645134675774613,0.09246713972020552,-0.636,0.778,0.86,0.995,-0.099,0.008,-0.005,-0.6577356019024477,0.9154734009509538,0.8676505251739862
731,1784634024.8688605,-0.2916488908961018,-0.2786892784821023,0.2575322085880045,0.1080672644199167,-0.634,0.771,0.859,0.995,-0.1,0.007,-0.005,-0.6493737520437562,0.8284896340534551,0.8638901431635213
731,1784634024.888784,-0.28617822062347736,-0.2706623794872625,0.2722434604949349,0.10139086231682772,-0.634,0.771,0.859,0.995,-0.1,0.007,-0.005,-0.6493737520437562,0.8284896340534551,0.8638901431635213
734,1784634024.9087143,-0.17903636872344492,-0.1914979631460254,0.24745806463239353,0.021018050441324307,-0.632,0.766,0.859,0.995,-0.101,0.006,-0.006,-0.6493737520437562,0.8284896340534551,0.8638901431635213
734,1784634024.9299877,-0.12006467276740271,-0.1538403167774334,0.2600985233545874,0.010859059356507154,-0.629,0.758,0.859,0.995,-0.103,0.004,-0.006,-0.6493737520437562,0.8284896340534551,0.8638901431635213
736,1784634024.9526782,-0.01706332305828777,-0.09538450399150533,0.2432944670649878,-0.012498091350895676,-0.626,0.748,0.858,0.994,-0.106,0.002,-0.007,-0.6493737520437562,0.8284896340534551,0.8638901431635213
736,1784634024.9727082,-0.07884531910016766,-0.13780180702553654,0.26240769972081535,-0.010126429660537532,-0.623,0.741,0.858,0.994,-0.109,-0.0,-0.007,-0.6493737520437562,0.8284896340534551,0.8638901431635213
738,1784634024.9913952,-0.05118614435080737,-0.11971863368810934,0.24917574513278387,-0.009400947261787002,-0.62,0.733,0.858,0.994,-0.111,-0.003,-0.007,-0.6493737520437562,0.8284896340534551,0.8638901431635213
738,1784634025.0106864,-0.030832845818312762,-0.11092608510809639,0.2590610629031518,-0.007311674652016241,-0.617,0.727,0.858,0.993,-0.114,-0.005,-0.007,-0.6493737520437562,0.8284896340534551,0.8638901431635213
740,1784634025.0295758,0.06984515709651494,-0.0564106587295914,0.24376588640412922,-0.011387526473802178,-0.615,0.722,0.858,0.993,-0.115,-0.007,-0.007,-0.6493737520437562,0.8284896340534551,0.8638901431635213
740,1784634025.047544,0.16354643814665043,-0.05566096414629257,0.25474162096652,-0.007324269333313104,-0.613,0.717,0.858,0.993,-0.117,-0.008,-0.007,-0.6493737520437562,0.8284896340534551,0.8638901431635213
741,1784634025.0673544,0.05985911587499107,-0.1209496589257549,0.2559938602648007,-0.003814991598393905,-0.61,0.711,0.858,0.993,-0.119,-0.01,-0.007,-0.6493737520437562,0.8284896340534551,0.8638901431635213
743,1784634025.0889342,0.15835653861778093,-0.034257552028412366,0.2426336932419365,-0.010895344435697653,-0.607,0.704,0.858,0.993,-0.12,-0.011,-0.007,-0.6493737520437562,0.8284896340534551,0.8638901431635213
743,1784634025.1092978,0.05439763026987128,-0.13340109840803538,0.28656783877536984,0.08937335102384011,-0.603,0.697,0.858,0.992,-0.122,-0.013,-0.007,-0.6493737520437562,0.8284896340534551,0.8638901431635213
745,1784634025.1293888,0.08789224069680945,-0.13338672088248554,0.23973290522661528,0.05304661983562979,-0.601,0.692,0.858,0.992,-0.123,-0.014,-0.007,-0.6493737520437562,0.8284896340534551,0.8638901431635213
745,1784634025.1473331,0.18569145699683934,-0.03226486680133947,0.2553499032535491,0.025909387338014334,-0.597,0.684,0.858,0.992,-0.124,-0.015,-0.006,-0.6493737520437562,0.8284896340534551,0.8638901431635213
747,1784634025.1655412,0.08106394693780519,-0.13141487567272872,0.25520061568421154,0.04182344586130278,-0.592,0.676,0.858,0.992,-0.125,-0.017,-0.006,-0.6255200322423723,0.7480894817175188,0.8584404650933498
748,1784634025.184193,0.17903590036758235,-0.08555594167479466,0.2424395966366371,0.01869973000125059,-0.586,0.664,0.857,0.992,-0.125,-0.018,-0.006,-0.6255200322423723,0.7480894817175188,0.8584404650933498
748,1784634025.2035205,0.07456001068017301,-0.1834169572532739,0.2863785282544217,0.11823187386102112,-0.582,0.658,0.857,0.992,-0.125,-0.019,-0.006,-0.6255200322423723,0.7480894817175188,0.8584404650933498
749,1784634025.226215,-0.027303961382332487,-0.2788312390198983,0.2560895835334496,0.21527564112890835,-0.581,0.656,0.857,0.992,-0.125,-0.019,-0.006,-0.6255200322423723,0.7480894817175188,0.8584404650933498
750,1784634025.2517323,-0.008912536347035802,-0.1752422469168532,0.2471251703083075,0.13865491480827713,-0.574,0.645,0.857,0.992,-0.124,-0.02,-0.006,-0.6255200322423723,0.7480894817175188,0.8584404650933498
752,1784634025.2723844,0.02817172058336053,-0.16410665045941614,0.25401488183829635,0.07367283681986528,-0.568,0.635,0.857,0.992,-0.123,-0.021,-0.006,-0.6255200322423723,0.7480894817175188,0.8584404650933498
752,1784634025.287727,-0.07253255484131596,-0.2600038589171447,0.2896341844687711,0.1718307241632776,-0.565,0.631,0.857,0.992,-0.122,-0.021,-0.006,-0.6255200322423723,0.7480894817175188,0.8584404650933498
754,1784634025.302747,-0.0469637346269505,-0.1954914751130571,0.23932169325491437,0.10259266206666305,-0.562,0.625,0.857,0.992,-0.121,-0.022,-0.007,-0.6255200322423723,0.7480894817175188,0.8584404650933498
754,1784634025.321893,-0.1457889324135315,-0.24724237445455938,0.26606481429809997,0.05105627942250197,-0.556,0.617,0.857,0.992,-0.12,-0.023,-0.007,-0.5926095592886101,0.6763281924642461,0.8618260672719109
756,1784634025.3639288,-0.190847794705064,-0.23445940386241124,0.24536165581080294,0.017077418076515583,-0.553,0.613,0.857,0.993,-0.119,-0.024,-0.008,-0.5926095592886101,0.6763281924642461,0.8618260672719109
756,1784634025.395333,-0.14932741276733424,-0.19561888602037605,0.2605304953808126,-0.006526726304154469,-0.545,0.602,0.857,0.993,-0.118,-0.027,-0.009,-0.5926095592886101,0.6763281924642461,0.8618260672719109
759,1784634025.411666,-0.14554094329212047,-0.19715563052515686,0.2493821536550145,-0.02160125040797673,-0.539,0.594,0.857,0.993,-0.118,-0.03,-0.01,-0.5926095592886101,0.6763281924642461,0.8618260672719109
759,1784634025.4295433,-0.14178547747799253,-0.19030617229310262,0.25778270948145227,-0.030183202566136526,-0.536,0.59,0.857,0.993,-0.117,-0.031,-0.011,-0.5926095592886101,0.6763281924642461,0.8618260672719109
761,1784634025.449096,-0.13450925591254206,-0.1836847391140377,0.25167764741598353,-0.03387217009028868,-0.533,0.586,0.857,0.992,-0.117,-0.033,-0.011,-0.5926095592886101,0.6763281924642461,0.8618260672719109
761,1784634025.4663472,-0.2311438291106211,-0.2790879561151393,0.27361143431358753,0.015353720798706352,-0.527,0.578,0.857,0.992,-0.118,-0.035,-0.012,-0.5926095592886101,0.6763281924642461,0.8618260672719109
761,1784634025.4851525,-0.125373745902477,-0.17557487030560848,0.2451718104437548,-0.028841365777465704,-0.525,0.576,0.857,0.992,-0.118,-0.036,-0.012,-0.5390317958878379,0.5939643712708746,0.8567245122376681
764,1784634025.5107753,-0.022267562609367658,-0.12041176533824813,0.2629135756514287,-0.029570406556589882,-0.521,0.572,0.857,0.992,-0.119,-0.038,-0.012,-0.5390317958878379,0.5939643712708746,0.8567245122376681
764,1784634025.5322068,-0.12163912237186912,-0.21555508731947498,0.25695169881348673,-0.02432369680277695,-0.518,0.568,0.857,0.992,-0.119,-0.039,-0.012,-0.5390317958878379,0.5939643712708746,0.8567245122376681
766,1784634025.55115,-0.018622278256967092,-0.12146652655411284,0.2542117306830884,-0.026040150961904884,-0.513,0.561,0.858,0.992,-0.12,-0.041,-0.012,-0.5390317958878379,0.5939643712708746,0.8567245122376681
766,1784634025.566405,-0.1181398894651016,-0.21825598312377895,0.26383685854149885,-0.02091194007839467,-0.512,0.56,0.858,0.992,-0.12,-0.042,-0.012,-0.5390317958878379,0.5939643712708746,0.8567245122376681
768,1784634025.5822392,-0.14628336859449054,-0.21547937509284615,0.2561385533220284,-0.016432944240757426,-0.507,0.554,0.858,0.992,-0.121,-0.044,-0.011,-0.5390317958878379,0.5939643712708746,0.8567245122376681
769,1784634025.6055052,-0.12053911657910531,-0.20933059520468994,0.2624553594561985,-0.013871082308628936,-0.5,0.546,0.858,0.991,-0.123,-0.046,-0.011,-0.5390317958878379,0.5939643712708746,0.8567245122376681
770,1784634025.6226685,-0.017633346117412532,-0.12177678461437522,0.2506596547887565,-0.018418478863921096,-0.498,0.544,0.858,0.991,-0.123,-0.047,-0.011,-0.5390317958878379,0.5939643712708746,0.8567245122376681
771,1784634025.6526308,-0.11359438538070234,-0.21872344685150774,0.26708684586451004,-0.012340905455431365,-0.493,0.538,0.859,0.991,-0.124,-0.049,-0.011,-0.5390317958878379,0.5939643712708746,0.8567245122376681
771,1784634025.6832483,-0.01109599775237917,-0.13617109552740186,0.24761366533859683,-0.016333422223775717,-0.488,0.533,0.859,0.991,-0.125,-0.05,-0.01,-0.5390317958878379,0.5939643712708746,0.8567245122376681
773,1784634025.6995847,-0.11081810364396555,-0.23276652655511165,0.29133949486648997,0.0562507349316253,-0.483,0.527,0.859,0.991,-0.126,-0.052,-0.01,-0.5390317958878379,0.5939643712708746,0.8567245122376681
773,1784634025.7163568,-0.022603584001260738,-0.17392809473551687,0.24713417779137442,0.029065932785083792,-0.479,0.524,0.859,0.991,-0.126,-0.052,-0.01,-0.5390317958878379,0.5939643712708746,0.8567245122376681
775,1784634025.7399638,-0.12203846031095508,-0.26957980508103463,0.2909349538448275,0.08118107235660692,-0.476,0.52,0.86,0.99,-0.127,-0.053,-0.009,-0.5390317958878379,0.5939643712708746,0.8567245122376681
775,1784634025.7588704,-0.12792912522527256,-0.214675985594859,0.250992747410469,0.05166989574190884,-0.471,0.514,0.86,0.99,-0.128,-0.055,-0.009,-0.489628704428283,0.5355515860108921,0.8612186634381258
777,1784634025.7774146,-0.06031066945135019,-0.17422164861941125,0.26452706615817895,0.02612836960777609,-0.468,0.512,0.86,0.99,-0.128,-0.055,-0.009,-0.489628704428283,0.5355515860108921,0.8612186634381258
777,1784634025.795464,-0.06595092105225825,-0.18116687535752718,0.25399678334664993,0.011253977536542321,-0.464,0.508,0.861,0.99,-0.129,-0.057,-0.009,-0.489628704428283,0.5355515860108921,0.8612186634381258
779,1784634025.8110073,0.034318327094533835,-0.07835125597046397,0.2546775517521897,-0.004965376597816712,-0.46,0.503,0.861,0.99,-0.129,-0.058,-0.009,-0.489628704428283,0.5355515860108921,0.8612186634381258
779,1784634025.8296008,0.10814187305119544,-0.05049927207401392,0.2542572512117484,-0.009168962544803008,-0.456,0.5,0.861,0.99,-0.129,-0.059,-0.008,-0.489628704428283,0.5355515860108921,0.8612186634381258
781,1784634025.8520033,0.005438433632705075,-0.14923660679752662,0.2880782977626665,0.06541177187062631,-0.454,0.498,0.862,0.99,-0.13,-0.06,-0.008,-0.489628704428283,0.5355515860108921,0.8612186634381258
781,1784634025.88023,0.10528513028286542,-0.045621619454511375,0.23833902768808546,0.019262856708178823,-0.449,0.492,0.862,0.989,-0.13,-0.062,-0.008,-0.489628704428283,0.5355515860108921,0.8612186634381258
783,1784634025.9099042,0.0026547659942467577,-0.1444787231887774,0.2823778142926619,0.07326237660026483,-0.442,0.486,0.863,0.989,-0.131,-0.064,-0.008,-0.489628704428283,0.5355515860108921,0.8612186634381258
783,1784634025.9385476,-0.0973913204490136,-0.24081780495144145,0.2559205983266821,0.11387175482122562,-0.433,0.478,0.864,0.989,-0.132,-0.068,-0.008,-0.489628704428283,0.5355515860108921,0.8612186634381258
786,1784634025.9612167,0.00503460946291906,-0.13479797476708916,0.27132795202733684,0.18813073505502642,-0.427,0.472,0.866,0.989,-0.133,-0.07,-0.008,-0.489628704428283,0.5355515860108921,0.8612186634381258
786,1784634025.9776762,0.09600944478842817,-0.03431652556194448,0.24078010208969153,0.10107122215648995,-0.423,0.468,0.866,0.989,-0.133,-0.071,-0.009,-0.489628704428283,0.5355515860108921,0.8612186634381258
788,1784634025.992549,-0.006388676140386587,-0.13345028284390012,0.2847556149198961,0.0933329536766598,-0.417,0.464,0.868,0.988,-0.133,-0.073,-0.009,-0.4333548291529267,0.47807634122501086,0.8644658045048212
788,1784634026.0074575,-0.10621875686631582,-0.23007935764874754,0.25496635583872124,0.17028237303178323,-0.415,0.462,0.868,0.988,-0.133,-0.074,-0.009,-0.4333548291529267,0.47807634122501086,0.8644658045048212
790,1784634026.0244021,-0.14128099654547382,-0.12434312278539099,0.2614653001904736,0.10258080636585759,-0.412,0.459,0.869,0.988,-0.133,-0.075,-0.009,-0.4333548291529267,0.47807634122501086,0.8644658045048212
791,1784634026.0445871,-0.23769630917187334,-0.22117548498451411,0.2672694041990959,0.03094072860482633,-0.406,0.454,0.87,0.988,-0.133,-0.077,-0.01,-0.4333548291529267,0.47807634122501086,0.8644658045048212
792,1784634026.0653186,-0.26403491761412334,-0.24011597928226153,0.25830911148323926,0.0030638707742580637,-0.4,0.449,0.872,0.988,-0.133,-0.079,-0.01,-0.4333548291529267,0.47807634122501086,0.8644658045048212
793,1784634026.0839725,-0.1574445811828825,-0.13412349530691198,0.26707919380207484,-0.009903636965421332,-0.398,0.448,0.872,0.988,-0.133,-0.08,-0.01,-0.4333548291529267,0.47807634122501086,0.8644658045048212
794,1784634026.104389,-0.2534851245209555,-0.2307254970569652,0.2594187135827245,-0.039763219492940614,-0.394,0.444,0.873,0.988,-0.133,-0.081,-0.011,-0.4333548291529267,0.47807634122501086,0.8644658045048212
794,1784634026.1246634,-0.1471485475867996,-0.12495828096906954,0.2639080345486698,-0.054006881048777995,-0.389,0.44,0.875,0.987,-0.134,-0.083,-0.012,-0.4333548291529267,0.47807634122501086,0.8644658045048212
796,1784634026.1454263,-0.04350621251086034,-0.021878382866266505,0.2456190586454274,-0.04457934015194968,-0.384,0.436,0.876,0.987,-0.134,-0.085,-0.013,-0.4333548291529267,0.47807634122501086,0.8644658045048212
797,1784634026.1632898,0.05292696776569772,0.0774910456084936,0.26049773928553316,-0.04618072818993766,-0.382,0.435,0.877,0.987,-0.135,-0.086,-0.013,-0.4333548291529267,0.47807634122501086,0.8644658045048212
798,1784634026.1831605,0.14990571452903512,0.17533285421860395,0.24664559957753304,-0.04527481167984173,-0.377,0.431,0.879,0.987,-0.136,-0.087,-0.013,-0.4333548291529267,0.47807634122501086,0.8644658045048212
798,1784634026.2039587,0.06733320040371737,0.0717995006616828,0.2628663606846565,-0.044081272869148064,-0.371,0.426,0.881,0.986,-0.138,-0.09,-0.014,-0.4333548291529267,0.47807634122501086,0.8644658045048212
799,1784634026.2229068,0.0842366889012662,0.06529835283440266,0.2490225040676779,-0.04138095336012521,-0.368,0.423,0.882,0.986,-0.139,-0.091,-0.014,-0.4333548291529267,0.47807634122501086,0.8644658045048212
801,1784634026.2427278,0.18177020813140446,0.12207606256391562,0.2498379042114212,-0.037257042257875496,-0.364,0.421,0.883,0.986,-0.14,-0.092,-0.014,-0.38097126805150494,0.43498656847961714,0.8806784396725948
802,1784634026.264899,0.21769082019255726,0.10806123019133858,0.24962456466231714,-0.03131660494072567,-0.359,0.417,0.885,0.985,-0.141,-0.094,-0.013,-0.38097126805150494,0.43498656847961714,0.8806784396725948
803,1784634026.2883687,0.20609265380978214,0.08212609817308428,0.25007807510478386,-0.026072905574719578,-0.353,0.413,0.887,0.985,-0.142,-0.094,-0.013,-0.38097126805150494,0.43498656847961714,0.8806784396725948
803,1784634026.308627,0.2776353954584617,0.1767568300972512,0.246364633556878,-0.029948392636891898,-0.351,0.412,0.888,0.985,-0.143,-0.094,-0.013,-0.38097126805150494,0.43498656847961714,0.8806784396725948
805,1784634026.3273962,0.3016433781365352,0.27223207528963755,0.24679761638442801,-0.03501627950166834,-0.348,0.409,0.889,0.985,-0.143,-0.095,-0.012,-0.38097126805150494,0.43498656847961714,0.8806784396725948
805,1784634026.3443816,0.24635252694292017,0.1856412779278738,0.2506955313864776,-0.028638949744743878,-0.345,0.407,0.89,0.985,-0.143,-0.094,-0.012,-0.38097126805150494,0.43498656847961714,0.8806784396725948
807,1784634026.3636806,0.17038014181489575,0.08201768143927099,0.2509220132747848,-0.01944443847836559,-0.34,0.404,0.891,0.985,-0.143,-0.094,-0.012,-0.38097126805150494,0.43498656847961714,0.8806784396725948
808,1784634026.3830974,0.265480829724569,0.1797354048395842,0.2452817186111193,-0.02780325927514165,-0.337,0.402,0.892,0.985,-0.143,-0.094,-0.011,-0.38097126805150494,0.43498656847961714,0.8806784396725948
808,1784634026.4023404,0.2321609326340315,0.1641885638981712,0.2525768286050568,-0.02598328953603052,-0.335,0.4,0.893,0.985,-0.142,-0.093,-0.011,-0.38097126805150494,0.43498656847961714,0.8806784396725948
810,1784634026.424218,0.13341917967631908,0.06151850850142718,0.2509779073682881,-0.01796353921041388,-0.331,0.398,0.894,0.986,-0.142,-0.093,-0.011,-0.38097126805150494,0.43498656847961714,0.8806784396725948
810,1784634026.4438715,0.21996342965683502,0.1453974812831648,0.2484821890578252,-0.022016215544544124,-0.329,0.396,0.895,0.986,-0.141,-0.092,-0.011,-0.38097126805150494,0.43498656847961714,0.8806784396725948
812,1784634026.4635415,0.11447465613887846,0.04178203267935937,0.247057401027235,-0.016222690307301536,-0.327,0.395,0.895,0.986,-0.14,-0.091,-0.011,-0.33514561334183546,0.4002261658949901,0.8923916971257448
812,1784634026.483114,0.03731147790617097,-0.05314582028182509,0.24575056417641938,-0.016876512715557155,-0.324,0.394,0.896,0.986,-0.139,-0.091,-0.011,-0.33514561334183546,0.4002261658949901,0.8923916971257448
814,1784634026.5046792,0.016327091092525503,-0.0861414150668246,0.24703618581038692,-0.01772127777879745,-0.322,0.392,0.896,0.986,-0.138,-0.09,-0.011,-0.33514561334183546,0.4002261658949901,0.8923916971257448
814,1784634026.5268629,-0.004184565145985697,-0.0967564673049411,0.24617905336178517,-0.01727968836706645,-0.32,0.391,0.897,0.987,-0.137,-0.089,-0.01,-0.33514561334183546,0.4002261658949901,0.8923916971257448
814,1784634026.5489452,-0.017027669445821153,-0.09403948463456197,0.24694059039556163,-0.017275166228032223,-0.32,0.391,0.897,0.987,-0.136,-0.089,-0.01,-0.33514561334183546,0.4002261658949901,0.8923916971257448
817,1784634026.5661814,0.08324314998738644,0.00830508105516585,0.24380123305013945,-0.021156833563284783,-0.316,0.389,0.898,0.987,-0.134,-0.088,-0.01,-0.33514561334183546,0.4002261658949901,0.8923916971257448
817,1784634026.5833068,0.004056251253053589,-0.08330345795724091,0.2504872297025953,-0.019226441761171043,-0.313,0.387,0.898,0.987,-0.133,-0.087,-0.01,-0.33514561334183546,0.4002261658949901,0.8923916971257448
818,1784634026.603981,-0.012348540645232605,-0.08429005571786538,0.24543628751449473,-0.019573308468648614,-0.308,0.384,0.899,0.988,-0.13,-0.086,-0.01,-0.33514561334183546,0.4002261658949901,0.8923916971257448
819,1784634026.6233299,0.08718269813395452,0.01780990945663652,0.24647886869425303,-0.022729016112292517,-0.306,0.383,0.899,0.988,-0.129,-0.085,-0.01,-0.33514561334183546,0.4002261658949901,0.8923916971257448
820,1784634026.6434965,0.14987553031041598,0.11721292796160626,0.24416154402634405,-0.025522311658940464,-0.304,0.382,0.9,0.988,-0.128,-0.085,-0.01,-0.33514561334183546,0.4002261658949901,0.8923916971257448
821,1784634026.6632516,0.14574568307829622,0.17096957048748396,0.24678442825945734,-0.026700574678015048,-0.301,0.38,0.9,0.988,-0.127,-0.085,-0.01,-0.33514561334183546,0.4002261658949901,0.8923916971257448
822,1784634026.6918216,0.1858936151330807,0.20798269075381096,0.2431435618574132,-0.026340304447142034,-0.297,0.379,0.9,0.988,-0.126,-0.084,-0.009,-0.33514561334183546,0.4002261658949901,0.8923916971257448
822,1784634026.7160861,0.18523749922232102,0.1993519975665917,0.24628574708475098,-0.025792206561813334,-0.297,0.379,0.9,0.988,-0.126,-0.084,-0.009,-0.33514561334183546,0.4002261658949901,0.8923916971257448
825,1784634026.7421248,0.12021424728120622,0.11591275566482538,0.24849827316870374,-0.024061995751978902,-0.291,0.376,0.901,0.989,-0.125,-0.085,-0.009,-0.33514561334183546,0.4002261658949901,0.8923916971257448
825,1784634026.773953,0.01721622778260029,0.013015252892188675,0.2671374693176112,0.01944272317067244,-0.288,0.374,0.901,0.989,-0.124,-0.085,-0.009,-0.33514561334183546,0.4002261658949901,0.8923916971257448
828,1784634026.8301308,0.06381633113409785,-0.0722503021229975,0.2334913227472531,0.0018820407781787937,-0.284,0.372,0.901,0.989,-0.124,-0.084,-0.009,-0.2983895260129764,0.37899144595609713,0.8998798059809443
828,1784634026.8488128,0.11138679909862628,0.01439883423939324,0.2561255113088102,-0.008906869565769443,-0.277,0.369,0.9,0.989,-0.122,-0.083,-0.009,-0.2983895260129764,0.37899144595609713,0.8998798059809443
832,1784634026.870609,0.058402267949562436,-0.08557901590019022,0.24331205203013218,-0.011602736793411693,-0.275,0.368,0.9,0.989,-0.121,-0.082,-0.009,-0.2983895260129764,0.37899144595609713,0.8998798059809443
832,1784634026.8994434,-0.04302152144915561,-0.1834366938301642,0.2639459805472148,0.0014349216374600314,-0.272,0.367,0.9,0.989,-0.12,-0.082,-0.009,-0.2983895260129764,0.37899144595609713,0.8998798059809443
834,1784634026.917126,0.04337063736202591,-0.1357888319239577,0.23782666401670832,-0.010626101134287644,-0.269,0.366,0.899,0.989,-0.12,-0.081,-0.009,-0.2983895260129764,0.37899144595609713,0.8998798059809443
834,1784634026.9327724,0.1033928707991941,-0.033337749629512664,0.25393536250771603,-0.018704922382991894,-0.267,0.365,0.899,0.99,-0.119,-0.081,-0.009,-0.2983895260129764,0.37899144595609713,0.8998798059809443
836,1784634026.9464395,0.0009368491375260496,-0.13249739120070633,0.26023027520688785,-0.0005461268268780566,-0.265,0.365,0.899,0.99,-0.119,-0.081,-0.009,-0.2983895260129764,0.37899144595609713,0.8998798059809443
836,1784634026.9613163,-0.054376820416922364,-0.2291610616723495,0.25188599334476625,-0.009203952775637039,-0.263,0.364,0.898,0.99,-0.118,-0.081,-0.009,-0.2983895260129764,0.37899144595609713,0.8998798059809443
837,1784634026.980737,0.04505266982937005,-0.12344005988726839,0.24380961967819573,-0.022217629301459114,-0.261,0.363,0.898,0.99,-0.118,-0.08,-0.009,-0.26683233192278943,0.3651315699854378,0.8984536002503783
838,1784634027.0180752,0.12907627504322275,-0.020383047459806194,0.2422749636929774,-0.03347340585548723,-0.256,0.362,0.897,0.99,-0.117,-0.081,-0.009,-0.26683233192278943,0.3651315699854378,0.8984536002503783
840,1784634027.0442162,0.039501000045386314,-0.11838780433041682,0.2632934540541315,-0.021809909135000596,-0.254,0.361,0.896,0.99,-0.116,-0.081,-0.008,-0.26683233192278943,0.3651315699854378,0.8984536002503783
840,1784634027.0740867,0.13261366497327684,-0.015428972622829176,0.23149495657789237,-0.026320836329483805,-0.251,0.361,0.895,0.99,-0.116,-0.083,-0.008,-0.26683233192278943,0.3651315699854378,0.8984536002503783
843,1784634027.1046884,0.11502809510179368,0.07996269169496519,0.25979406552942674,-0.02506470736384635,-0.248,0.36,0.894,0.99,-0.116,-0.084,-0.008,-0.26683233192278943,0.3651315699854378,0.8984536002503783
843,1784634027.1307335,0.12649388175424098,0.17041139307056086,0.23439253671293148,-0.024760988809595326,-0.245,0.359,0.893,0.99,-0.115,-0.086,-0.008,-0.26683233192278943,0.3651315699854378,0.8984536002503783
846,1784634027.1533074,0.12022506489457825,0.17706125486373211,0.2543203698498214,-0.022536067151031566,-0.242,0.359,0.892,0.99,-0.115,-0.087,-0.007,-0.26683233192278943,0.3651315699854378,0.8984536002503783
846,1784634027.174669,0.10730970186838844,0.14671066093544302,0.244152061908018,-0.01965792078900808,-0.241,0.359,0.891,0.99,-0.114,-0.088,-0.007,-0.26683233192278943,0.3651315699854378,0.8984536002503783
848,1784634027.2078063,0.10461020305939081,0.14001106884809775,0.2519258638665546,-0.018128868030215944,-0.24,0.359,0.891,0.99,-0.114,-0.088,-0.007,-0.26683233192278943,0.3651315699854378,0.8984536002503783
848,1784634027.2425468,0.10134739206406511,0.13159067187266396,0.24765336697937626,-0.01644755804437998,-0.237,0.358,0.888,0.99,-0.113,-0.09,-0.006,-0.26683233192278943,0.3651315699854378,0.8984536002503783
851,1784634027.2824202,0.06031347238217252,0.02832070163576922,0.2678129182696447,-0.009376828872072203,-0.234,0.358,0.887,0.99,-0.112,-0.09,-0.006,-0.26683233192278943,0.3651315699854378,0.8984536002503783
853,1784634027.3130112,0.12034433369828988,0.12687680152761746,0.23272059615471494,-0.013948365873759794,-0.231,0.358,0.884,0.99,-0.111,-0.089,-0.006,-0.26683233192278943,0.3651315699854378,0.8984536002503783
853,1784634027.3343985,0.1490439870413613,0.12918775392886409,0.25912187463565817,-0.014719904867659417,-0.23,0.358,0.883,0.99,-0.11,-0.088,-0.006,-0.24118724381993467,0.35901071150549757,0.8913389418576665
856,1784634027.3605816,0.1474683977904914,0.1142541125255356,0.24002781738902249,-0.015812330112826258,-0.228,0.358,0.88,0.99,-0.109,-0.087,-0.006,-0.24118724381993467,0.35901071150549757,0.8913389418576665
856,1784634027.381619,0.14053890957956267,0.10241386742487121,0.2544439303185995,-0.016296834377213163,-0.226,0.358,0.879,0.99,-0.109,-0.086,-0.006,-0.24118724381993467,0.35901071150549757,0.8913389418576665
858,1784634027.4042053,0.13111282871967234,-0.0001152795724869149,0.26044427005227416,-0.008987990750648042,-0.225,0.358,0.878,0.99,-0.108,-0.086,-0.005,-0.24118724381993467,0.35901071150549757,0.8913389418576665
858,1784634027.4230769,0.15738470083681932,0.0998859940072083,0.23178524629531114,-0.01949906678570939,-0.225,0.358,0.877,0.991,-0.108,-0.085,-0.005,-0.24118724381993467,0.35901071150549757,0.8913389418576665
861,1784634027.4451196,0.12837331831613988,-0.0025481793596136976,0.2759840413987711,-0.013642686106299366,-0.222,0.359,0.873,0.991,-0.106,-0.083,-0.005,-0.24118724381993467,0.35901071150549757,0.8913389418576665
862,1784634027.4680588,0.12563284763331778,-0.060750049645544583,0.25161793948733313,-0.010039530352974542,-0.221,0.359,0.871,0.991,-0.105,-0.082,-0.005,-0.24118724381993467,0.35901071150549757,0.8913389418576665
862,1784634027.48601,0.12710187241051119,0.040764412534370416,0.23934898299709212,-0.025023068248230192,-0.221,0.359,0.871,0.991,-0.105,-0.082,-0.005,-0.24118724381993467,0.35901071150549757,0.8913389418576665
863,1784634027.5017304,0.11064450514718366,-0.02016760275456552,0.27604691692644256,-0.01959473508123314,-0.22,0.359,0.869,0.991,-0.104,-0.081,-0.005,-0.24118724381993467,0.35901071150549757,0.8913389418576665
865,1784634027.5225923,0.03344307792037339,-0.0016259460418521499,0.250238024151919,-0.015408604327634962,-0.219,0.359,0.867,0.991,-0.103,-0.08,-0.005,-0.22411127980878823,0.35795167220698165,0.8761231351439455
866,1784634027.5420833,0.01562881483450379,0.09837229968322411,0.24844906167036465,-0.01717588360939881,-0.218,0.36,0.865,0.992,-0.101,-0.079,-0.005,-0.22411127980878823,0.35795167220698165,0.8761231351439455
866,1784634027.5623455,0.01885839371108068,0.19542893148075668,0.2389924786376484,-0.018675705209215427,-0.217,0.36,0.862,0.992,-0.1,-0.078,-0.005,-0.22411127980878823,0.35795167220698165,0.8761231351439455
868,1784634027.5802307,0.011302331773053256,0.17775251371174364,0.2522766241012167,-0.01805940094788918,-0.216,0.361,0.861,0.992,-0.099,-0.078,-0.005,-0.22411127980878823,0.35795167220698165,0.8761231351439455
869,1784634027.6013186,0.007630400152508245,0.15598415623264122,0.24808686778568353,-0.016939177500981256,-0.216,0.361,0.859,0.992,-0.098,-0.078,-0.005,-0.22411127980878823,0.35795167220698165,0.8761231351439455
869,1784634027.6224,0.011145459505542757,0.17092653251033638,0.24595002903640525,-0.017359983013571455,-0.215,0.361,0.858,0.992,-0.098,-0.077,-0.005,-0.22411127980878823,0.35795167220698165,0.8761231351439455
871,1784634027.6440043,0.020693686335445927,0.1465776021347724,0.2536832463411744,-0.015093179253192954,-0.215,0.362,0.856,0.992,-0.097,-0.077,-0.004,-0.22411127980878823,0.35795167220698165,0.8761231351439455
872,1784634027.6613176,0.019455056813865664,0.13935295223625493,0.24824013259403152,-0.014080123255550093,-0.214,0.362,0.855,0.992,-0.096,-0.076,-0.004,-0.22411127980878823,0.35795167220698165,0.8761231351439455
872,1784634027.693103,0.02620158866638384,0.13417267329279536,0.25283131295543826,-0.013425485178613656,-0.214,0.362,0.853,0.992,-0.096,-0.076,-0.004,-0.22411127980878823,0.35795167220698165,0.8761231351439455
874,1784634027.7283208,0.03117261439471722,0.13666506682527685,0.24934409485495512,-0.013037976225112128,-0.214,0.363,0.853,0.992,-0.096,-0.076,-0.004,-0.22411127980878823,0.35795167220698165,0.8761231351439455
874,1784634027.7537792,0.03401576008999484,0.12173144082682287,0.2526622985198228,-0.012732759194847138,-0.213,0.363,0.851,0.993,-0.095,-0.075,-0.004,-0.22411127980878823,0.35795167220698165,0.8761231351439455
877,1784634027.7758136,0.13224483870821918,0.01880886405034203,0.2672541405901556,-0.007030947922719939,-0.213,0.364,0.846,0.993,-0.095,-0.073,-0.004,-0.2146373967319402,0.36163288680868677,0.8556471304740099
877,1784634027.7968588,0.08957139925376555,0.09205965882715973,0.23927832914948266,-0.009692800309880345,-0.213,0.364,0.845,0.993,-0.094,-0.072,-0.004,-0.2146373967319402,0.36163288680868677,0.8556471304740099
879,1784634027.8164845,0.07268521365359701,0.08278565443459265,0.2603850327892613,-0.010569532676869572,-0.212,0.365,0.843,0.993,-0.094,-0.072,-0.004,-0.2146373967319402,0.36163288680868677,0.8556471304740099
879,1784634027.8343692,0.08344028985444804,0.06872060887975878,0.2450481405088164,-0.01063616622516352,-0.212,0.365,0.841,0.993,-0.094,-0.07,-0.004,-0.2146373967319402,0.36163288680868677,0.8556471304740099
881,1784634027.8532596,0.08188690950873043,0.0676378017797657,0.2564598683609819,-0.010892213956520666,-0.212,0.366,0.84,0.993,-0.094,-0.07,-0.004,-0.2146373967319402,0.36163288680868677,0.8556471304740099
881,1784634027.8842561,0.07631108077098737,0.06638747220763015,0.2486878999674739,-0.011096669671018987,-0.212,0.366,0.837,0.993,-0.093,-0.068,-0.004,-0.2146373967319402,0.36163288680868677,0.8556471304740099
883,1784634027.908958,0.07558772208626782,0.0723651912419071,0.2550877893083029,-0.011381540939495527,-0.212,0.367,0.834,0.993,-0.093,-0.067,-0.004,-0.2146373967319402,0.36163288680868677,0.8556471304740099
883,1784634027.9326928,0.07627899572588653,0.07610688745773968,0.2507530062068938,-0.011516073610096213,-0.211,0.367,0.832,0.993,-0.093,-0.066,-0.004,-0.2146373967319402,0.36163288680868677,0.8556471304740099
886,1784634027.9558797,0.14111313421932944,0.03707810156382601,0.27297665629283685,-0.009400944175869333,-0.211,0.368,0.83,0.994,-0.092,-0.066,-0.004,-0.2146373967319402,0.36163288680868677,0.8556471304740099
886,1784634027.9807568,0.08570408248606554,0.10167645205691206,0.24053830639876378,-0.011534837849607628,-0.211,0.369,0.827,0.994,-0.092,-0.065,-0.004,-0.2146373967319402,0.36163288680868677,0.8556471304740099
888,1784634028.0202792,0.036989749521177104,0.07339417179797542,0.2526414189135612,-0.012170781889221811,-0.211,0.369,0.826,0.994,-0.092,-0.065,-0.004,-0.21147503535746667,0.3672470475244094,0.8327127798029106
888,1784634028.0615065,0.1188729575713807,0.06088406981056098,0.2690329483153906,-0.009983381869712451,-0.211,0.37,0.821,0.994,-0.091,-0.064,-0.004,-0.21147503535746667,0.3672470475244094,0.8327127798029106
892,1784634028.096779,0.04039892980266219,0.0835306968339826,0.23039076921762122,-0.01195496913462157,-0.211,0.371,0.817,0.994,-0.09,-0.063,-0.004,-0.21147503535746667,0.3672470475244094,0.8327127798029106
892,1784634028.1360002,0.04956417305205231,0.07104257179160733,0.26914866939167614,-0.011506790610643605,-0.212,0.372,0.812,0.994,-0.089,-0.062,-0.004,-0.21147503535746667,0.3672470475244094,0.8327127798029106
896,1784634028.1668694,0.015797752812622114,0.071251931408219,0.2344869253310372,-0.011975754748840614,-0.212,0.373,0.808,0.994,-0.088,-0.061,-0.004,-0.21147503535746667,0.3672470475244094,0.8327127798029106
896,1784634028.195132,0.11045380649799932,0.07975294020147777,0.278622425114647,-0.009455342765739316,-0.212,0.374,0.804,0.994,-0.087,-0.06,-0.004,-0.21147503535746667,0.3672470475244094,0.8327127798029106
899,1784634028.2287302,0.11842740780216271,0.0886391777548777,0.26115518574619034,-0.008978298102277021,-0.213,0.376,0.799,0.994,-0.086,-0.06,-0.004,-0.21147503535746667,0.3672470475244094,0.8327127798029106
899,1784634028.2615025,0.03484349416405634,0.06287821891119819,0.24899171372017026,-0.010276797499498684,-0.213,0.376,0.797,0.995,-0.086,-0.059,-0.004,-0.21147503535746667,0.3672470475244094,0.8327127798029106
902,1784634028.2872162,0.05070930276370997,0.06559021091991821,0.2526730048882373,-0.0103709565536064,-0.213,0.377,0.794,0.995,-0.085,-0.059,-0.004,-0.21187272156963796,0.3735743795795693,0.8073192904157122
902,1784634028.3073375,0.04377908676749878,0.056756517868869885,0.2500023975219841,-0.010512707033333759,-0.213,0.378,0.791,0.995,-0.085,-0.058,-0.004,-0.21187272156963796,0.3735743795795693,0.8073192904157122
904,1784634028.328149,0.0418206571800174,0.058882076331524785,0.2520741768178213,-0.009556977005741329,-0.214,0.378,0.789,0.995,-0.085,-0.058,-0.003,-0.21187272156963796,0.3735743795795693,0.8073192904157122
906,1784634028.3502896,0.1092154646386099,0.0738578636214111,0.26981382083477184,-0.007567635927280312,-0.214,0.379,0.786,0.995,-0.084,-0.057,-0.003,-0.21187272156963796,0.3735743795795693,0.8073192904157122
906,1784634028.371561,0.12224296443516135,0.08131950316944737,0.25713139514387945,-0.006794884417432416,-0.214,0.38,0.784,0.995,-0.084,-0.057,-0.003,-0.21187272156963796,0.3735743795795693,0.8073192904157122
908,1784634028.3925118,0.10687830099450579,0.07673807795298124,0.26682998664055735,-0.006710526352612309,-0.215,0.38,0.782,0.995,-0.083,-0.056,-0.003,-0.21187272156963796,0.3735743795795693,0.8073192904157122
908,1784634028.4128783,0.01466717870031313,0.052291753097552185,0.232084001953634,-0.008238287156381323,-0.215,0.381,0.779,0.995,-0.083,-0.056,-0.003,-0.21187272156963796,0.3735743795795693,0.8073192904157122
910,1784634028.4332209,0.04041211989731086,0.05046429252290685,0.26715460913106076,-0.008063442562653083,-0.215,0.381,0.777,0.995,-0.083,-0.055,-0.003,-0.21187272156963796,0.3735743795795693,0.8073192904157122
910,1784634028.4534779,0.10217068013965752,0.08787937281734352,0.2590077961640927,-0.007322572653921328,-0.216,0.382,0.776,0.995,-0.082,-0.055,-0.003,-0.21187272156963796,0.3735743795795693,0.8073192904157122
912,1784634028.4817495,0.011650851679542162,0.048962626099745714,0.24082625987560902,-0.008558630073420939,-0.216,0.382,0.774,0.995,-0.082,-0.055,-0.003,-0.21187272156963796,0.3735743795795693,0.8073192904157122
912,1784634028.5128124,-0.01906623591383963,0.0386471960308199,0.24530324665216302,-0.009121090421675788,-0.217,0.383,0.771,0.995,-0.082,-0.054,-0.003,-0.21553337355283245,0.38155900101011925,0.7802980362304169
915,1784634028.5373116,0.0035766566107027185,0.0624583534811076,0.2517604106773423,-0.008918884955125389,-0.217,0.384,0.767,0.995,-0.081,-0.054,-0.003,-0.21553337355283245,0.38155900101011925,0.7802980362304169
915,1784634028.5649397,-0.03179986793527327,0.03740255009429318,0.2383650993593821,-0.009442592221236046,-0.218,0.384,0.764,0.995,-0.081,-0.053,-0.003,-0.21553337355283245,0.38155900101011925,0.7802980362304169
917,1784634028.5926862,-0.0511407152654484,0.028541705766795183,0.24666480978339497,-0.009693520046768178,-0.218,0.385,0.762,0.995,-0.08,-0.053,-0.003,-0.21553337355283245,0.38155900101011925,0.7802980362304169
917,1784634028.6180785,0.004960045495420735,0.0670486282037067,0.2525681573709137,-0.009066701222155131,-0.219,0.386,0.759,0.995,-0.08,-0.053,-0.003,-0.21553337355283245,0.38155900101011925,0.7802980362304169
920,1784634028.6439123,0.017389301057760154,0.06470984539819406,0.2492368180073112,-0.008893544715614354,-0.219,0.387,0.755,0.995,-0.08,-0.052,-0.003,-0.21553337355283245,0.38155900101011925,0.7802980362304169
920,1784634028.6776762,-0.006647277331709965,0.046710055396032235,0.24575773744030657,-0.009130587500192215,-0.22,0.387,0.753,0.995,-0.08,-0.052,-0.003,-0.21553337355283245,0.38155900101011925,0.7802980362304169
923,1784634028.704103,0.024105736466868317,0.06104591218462011,0.255864876757485,-0.008689955269216811,-0.221,0.388,0.749,0.996,-0.079,-0.051,-0.003,-0.21553337355283245,0.38155900101011925,0.7802980362304169
923,1784634028.7335129,-0.00500747415373172,0.0424244079250803,0.24229862118766018,-0.008924415361639366,-0.221,0.389,0.746,0.996,-0.079,-0.051,-0.003,-0.21553337355283245,0.38155900101011925,0.7802980362304169
926,1784634028.753395,0.028413873129861503,0.06305959683319978,0.2598037030078977,-0.008520284355265155,-0.222,0.389,0.743,0.996,-0.079,-0.051,-0.003,-0.21553337355283245,0.38155900101011925,0.7802980362304169
926,1784634028.7738383,-0.05708318843708664,0.0354004574469121,0.23201385425390006,-0.00972299079391451,-0.222,0.389,0.741,0.996,-0.079,-0.051,-0.003,-0.2198375287326842,0.3870688263283187,0.7532262472380137
928,1784634028.794499,0.006158876771024141,0.06346878424202496,0.2670379163187046,-0.008778911086771974,-0.223,0.39,0.738,0.996,-0.08,-0.05,-0.003,-0.2198375287326842,0.3870688263283187,0.7532262472380137
928,1784634028.8139427,0.01176706627903235,0.06741068156917035,0.24158797787793518,-0.008457382910779247,-0.224,0.391,0.734,0.996,-0.08,-0.05,-0.003,-0.2198375287326842,0.3870688263283187,0.7532262472380137
930,1784634028.8363378,0.10972369517658116,0.12214131748931668,0.2818457883604634,-0.006793512560696125,-0.224,0.391,0.732,0.996,-0.08,-0.05,-0.003,-0.2198375287326842,0.3870688263283187,0.7532262472380137
930,1784634028.85979,0.04750439742928394,0.07496619507638527,0.2410513903941569,-0.007113351940469262,-0.224,0.391,0.73,0.996,-0.08,-0.049,-0.003,-0.2198375287326842,0.3870688263283187,0.7532262472380137
932,1784634028.8797357,-0.03226991648389623,0.02163057026326505,0.25117333162345523,-0.008123181919179788,-0.225,0.392,0.728,0.996,-0.08,-0.049,-0.003,-0.2198375287326842,0.3870688263283187,0.7532262472380137
932,1784634028.9002907,-0.04507315508142769,0.020151384126395833,0.24176489423334913,-0.008538381374192642,-0.225,0.392,0.726,0.996,-0.08,-0.049,-0.003,-0.2198375287326842,0.3870688263283187,0.7532262472380137
934,1784634028.9183264,0.05602622636891989,0.10026454218454645,0.28354677921228383,-0.00674615225574547,-0.226,0.392,0.723,0.996,-0.08,-0.048,-0.003,-0.2198375287326842,0.3870688263283187,0.7532262472380137
934,1784634028.9363544,0.026702624929821187,0.06345741061383006,0.24296551046856016,-0.006807949683519166,-0.226,0.393,0.719,0.996,-0.08,-0.048,-0.003,-0.2198375287326842,0.3870688263283187,0.7532262472380137
936,1784634028.9565582,-0.027567081686259695,0.01832064886060953,0.25518480092541085,-0.007619344293251964,-0.227,0.393,0.717,0.996,-0.08,-0.048,-0.003,-0.2198375287326842,0.3870688263283187,0.7532262472380137
936,1784634028.978801,-0.018640681991219425,0.03698725441269678,0.2723119637332217,-0.007281163126202061,-0.227,0.394,0.714,0.996,-0.079,-0.047,-0.003,-0.2250086834784542,0.3918656647012331,0.7256374497782903
938,1784634028.998877,-0.11681062318276991,-0.015290965818629876,0.23237544082519207,-0.008914806337366608,-0.228,0.394,0.711,0.996,-0.079,-0.047,-0.003,-0.2250086834784542,0.3918656647012331,0.7256374497782903
938,1784634029.0225697,-0.1277688513758734,-0.04066625410303307,0.26127208727156787,-0.00911756057200808,-0.228,0.394,0.708,0.996,-0.079,-0.046,-0.003,-0.2250086834784542,0.3918656647012331,0.7256374497782903
940,1784634029.0443606,-0.09998803715940874,-0.025406224208227274,0.24669234665558573,-0.00859898190309666,-0.229,0.395,0.706,0.996,-0.079,-0.046,-0.003,-0.2250086834784542,0.3918656647012331,0.7256374497782903
940,1784634029.0631535,-0.01732477470648343,0.03384943382593958,0.27952419219021735,-0.007269286042192611,-0.229,0.395,0.702,0.996,-0.079,-0.046,-0.003,-0.2250086834784542,0.3918656647012331,0.7256374497782903
942,1784634029.0921285,-0.09820602375332965,-0.01526201216234821,0.241296130452841,-0.007943889510106016,-0.23,0.395,0.701,0.996,-0.079,-0.045,-0.003,-0.2250086834784542,0.3918656647012331,0.7256374497782903
942,1784634029.1163354,-0.007125276978591652,0.035665099461358984,0.28401888212583726,-0.006966971376518704,-0.23,0.396,0.698,0.996,-0.079,-0.045,-0.003,-0.2250086834784542,0.3918656647012331,0.7256374497782903
945,1784634029.1363802,-0.10393833388362166,-0.022109141121221622,0.23536551116556,-0.007896996802075307,-0.23,0.396,0.695,0.996,-0.079,-0.045,-0.003,-0.2250086834784542,0.3918656647012331,0.7256374497782903
945,1784634029.1542609,-0.104790016874088,-0.03725077598115838,0.26037231697393315,-0.008074030524775852,-0.231,0.396,0.693,0.996,-0.08,-0.045,-0.003,-0.2250086834784542,0.3918656647012331,0.7256374497782903
947,1784634029.1717398,-0.06605069502428917,-0.01701358896853493,0.24838786103321134,-0.00760274912236214,-0.231,0.396,0.692,0.996,-0.08,-0.045,-0.003,-0.2250086834784542,0.3918656647012331,0.7256374497782903
947,1784634029.193066,-0.0600770465264022,-0.013549957453893785,0.25742996166112336,-0.007350557365070287,-0.231,0.396,0.69,0.996,-0.08,-0.045,-0.003,-0.2250086834784542,0.3918656647012331,0.7256374497782903
949,1784634029.2124386,0.03704001131106913,0.054980990087261344,0.27102683511826264,-0.006244552866461078,-0.232,0.397,0.687,0.996,-0.08,-0.045,-0.003,-0.2250086834784542,0.3918656647012331,0.7256374497782903
949,1784634029.2309265,0.12897047438167408,0.05548674598799777,0.2569166615909067,-0.004570947029789949,-0.232,0.397,0.685,0.996,-0.081,-0.045,-0.003,-0.23027888993266787,0.39577448967337747,0.6960796323996741
950,1784634029.250166,0.04537857945786711,-0.013626260967078849,0.24768125419188908,-0.004427623144382154,-0.232,0.397,0.684,0.996,-0.081,-0.045,-0.003,-0.23027888993266787,0.39577448967337747,0.6960796323996741
952,1784634029.2733593,0.009394067676608116,-0.03690015678316576,0.24776687198935812,-0.005075340905704164,-0.232,0.397,0.681,0.996,-0.082,-0.045,-0.003,-0.23027888993266787,0.39577448967337747,0.6960796323996741
952,1784634029.2934923,0.1091231224690199,0.04274877843749783,0.2730185366671774,-0.0055472032158310775,-0.233,0.397,0.678,0.996,-0.082,-0.045,-0.003,-0.23027888993266787,0.39577448967337747,0.6960796323996741
954,1784634029.309135,0.06340176662661937,-0.01306664716057819,0.2375812392741616,-0.00496369274127807,-0.233,0.398,0.676,0.996,-0.083,-0.045,-0.003,-0.23027888993266787,0.39577448967337747,0.6960796323996741
954,1784634029.3269029,0.1280512425182897,0.040623517924993156,0.2800591172866419,-0.004053666351383685,-0.233,0.398,0.675,0.996,-0.083,-0.045,-0.002,-0.23027888993266787,0.39577448967337747,0.6960796323996741
955,1784634029.348201,0.045764797970688165,-0.010145197249757335,0.23833837211674508,-0.0034579983318379264,-0.234,0.398,0.673,0.996,-0.083,-0.045,-0.002,-0.23027888993266787,0.39577448967337747,0.6960796323996741
955,1784634029.3683798,0.022435299441705178,-0.024526756356230427,0.2610365349956762,-0.0033706151888711947,-0.234,0.398,0.672,0.996,-0.083,-0.045,-0.002,-0.23027888993266787,0.39577448967337747,0.6960796323996741
958,1784634029.3901777,0.0110657688263607,-0.027817796146032577,0.244321849557935,-0.003345178913939364,-0.234,0.398,0.67,0.996,-0.083,-0.045,-0.002,-0.23027888993266787,0.39577448967337747,0.6960796323996741
958,1784634029.4107609,-0.005463934576246459,-0.03027078404682119,0.2564483128417505,-0.0034093129385449894,-0.234,0.398,0.668,0.996,-0.083,-0.045,-0.002,-0.23027888993266787,0.39577448967337747,0.6960796323996741
960,1784634029.432102,0.04811619175133087,0.018703032321729752,0.26466065385484216,-0.003494200637198239,-0.234,0.399,0.667,0.996,-0.083,-0.045,-0.002,-0.23027888993266787,0.39577448967337747,0.6960796323996741
960,1784634029.4525852,-0.018052397467276902,-0.04510434445769372,0.23626461485206027,-0.0034094770136982905,-0.234,0.399,0.666,0.996,-0.083,-0.045,-0.002,-0.23027888993266787,0.39577448967337747,0.6960796323996741
962,1784634029.4777966,0.002590398412683638,-0.041346801838285686,0.25783238210778997,-0.003480210382513348,-0.235,0.399,0.665,0.996,-0.083,-0.045,-0.002,-0.23415690641599468,0.39849099244415664,0.6695987349855927
962,1784634029.4957952,-0.025234974237598778,-0.06398281426353913,0.23362488624101746,-0.0033902806044914364,-0.235,0.399,0.662,0.996,-0.083,-0.045,-0.002,-0.23415690641599468,0.39849099244415664,0.6695987349855927
964,1784634029.519734,-0.03923476035228081,-0.06411080819800455,0.25179198878669223,-0.0034529446586379063,-0.235,0.399,0.659,0.996,-0.082,-0.045,-0.002,-0.23415690641599468,0.39849099244415664,0.6695987349855927
964,1784634029.5425303,-0.01815749822689174,-0.0405479998369881,0.24713848983317963,-0.0036585975412633423,-0.235,0.4,0.657,0.996,-0.082,-0.045,-0.002,-0.23415690641599468,0.39849099244415664,0.6695987349855927
966,1784634029.5590878,0.028521637345561384,0.016592411801557946,0.26795592608056856,-0.003878775467222558,-0.236,0.4,0.656,0.996,-0.082,-0.045,-0.002,-0.23415690641599468,0.39849099244415664,0.6695987349855927
966,1784634029.5762768,0.029376978379909418,0.021625547960553472,0.31125696214466936,-0.003861217616945394,-0.236,0.4,0.653,0.996,-0.082,-0.045,-0.002,-0.23415690641599468,0.39849099244415664,0.6695987349855927
968,1784634029.593217,-0.015251308960105337,-0.042218557400809396,0.3204023764100075,-0.0036383588510326965,-0.236,0.4,0.652,0.996,-0.082,-0.045,-0.002,-0.23415690641599468,0.39849099244415664,0.6695987349855927
968,1784634029.6128433,-0.00045156373989696866,-0.028040275782901518,0.32908063140048016,-0.0037162826914147245,-0.236,0.4,0.649,0.996,-0.082,-0.045,-0.002,-0.23415690641599468,0.39849099244415664,0.6695987349855927
970,1784634029.6300845,-0.007355970984020493,-0.02618858109146195,0.330794443152412,-0.003747304452295171,-0.236,0.401,0.647,0.996,-0.081,-0.045,-0.002,-0.23415690641599468,0.39849099244415664,0.6695987349855927
970,1784634029.6495333,-0.02561283640219945,-0.04874744725186708,0.32399927824137603,-0.003693169643069822,-0.236,0.401,0.646,0.996,-0.081,-0.045,-0.002,-0.23415690641599468,0.39849099244415664,0.6695987349855927
972,1784634029.6674173,-0.012412442432888467,-0.024263581898062436,0.32684323145625593,-0.0038485920962523443,-0.237,0.401,0.644,0.996,-0.081,-0.046,-0.002,-0.23415690641599468,0.39849099244415664,0.6695987349855927
972,1784634029.6844263,-0.03162390378012698,-0.044640656170922235,0.3201230197717152,-0.0039110865750982835,-0.237,0.401,0.643,0.996,-0.081,-0.046,-0.002,-0.23415690641599468,0.39849099244415664,0.6695987349855927
973,1784634029.702821,-0.036996415611052255,-0.05038111597953452,0.31582767364673825,-0.003936945492827007,-0.237,0.401,0.642,0.996,-0.081,-0.046,-0.002,-0.23415690641599468,0.39849099244415664,0.6695987349855927
974,1784634029.722542,-0.05042947500028902,-0.06290538328452387,0.31103023073755365,-0.003981469144257457,-0.237,0.401,0.641,0.996,-0.081,-0.046,-0.002,-0.23415690641599468,0.39849099244415664,0.6695987349855927
975,1784634029.743984,-0.041389834401217414,-0.05270023358742545,0.3063162537354871,-0.003943812673480464,-0.237,0.402,0.641,0.996,-0.081,-0.046,-0.002,-0.23415690641599468,0.39849099244415664,0.6695987349855927
977,1784634029.7611494,-0.047497341844319606,-0.042874920930833865,0.30101237690654514,-0.0041724865496582855,-0.237,0.402,0.641,0.996,-0.081,-0.046,-0.002,-0.23646682024365429,0.40080010757921475,0.6467230674158513
977,1784634029.7817428,-0.05236338918838499,-0.03782129951924465,0.29896117971874797,-0.004464521053371085,-0.237,0.402,0.642,0.996,-0.081,-0.047,-0.002,-0.23646682024365429,0.40080010757921475,0.6467230674158513
978,1784634029.8056717,-0.05036427577258677,-0.03549691672157622,0.28589714223812346,-0.0044768622422129735,-0.237,0.402,0.644,0.996,-0.082,-0.047,-0.002,-0.23646682024365429,0.40080010757921475,0.6467230674158513
980,1784634029.833809,-0.07366594577795699,-0.04082074823927949,0.25795881676765825,-0.004248521133717374,-0.237,0.402,0.646,0.996,-0.082,-0.047,-0.002,-0.23646682024365429,0.40080010757921475,0.6467230674158513
980,1784634029.8707945,-0.07056974704169464,-0.04813608111347084,0.2684401055930387,-0.004379193399089293,-0.237,0.402,0.649,0.996,-0.082,-0.047,-0.002,-0.23646682024365429,0.40080010757921475,0.6467230674158513
983,1784634029.904148,-0.10855396809139779,-0.06827062301679776,0.21172994444832827,-0.004265555234490929,-0.237,0.402,0.657,0.995,-0.083,-0.048,-0.002,-0.23646682024365429,0.40080010757921475,0.6467230674158513
983,1784634029.9407449,-0.02199815192656114,0.004147933927984598,0.23882895727129239,-0.004550090766855544,-0.237,0.402,0.661,0.995,-0.083,-0.048,-0.002,-0.2372764499452258,0.40209699946695376,0.6480166570322682
986,1784634029.9660025,-0.055929869661403786,-0.018833365838488755,0.20556552079183812,-0.0047734238489433554,-0.237,0.402,0.668,0.995,-0.084,-0.049,-0.002,-0.2372764499452258,0.40209699946695376,0.6480166570322682
986,1784634029.9878244,-0.0520939461303363,-0.019070275957875478,0.22913011434317038,-0.004939566104748165,-0.237,0.402,0.674,0.995,-0.084,-0.049,-0.002,-0.2372764499452258,0.40209699946695376,0.6480166570322682
988,1784634030.0067935,-0.07603255480985335,-0.04117996929964732,0.18067967929876533,-0.004667057037914594,-0.237,0.402,0.678,0.995,-0.085,-0.049,-0.002,-0.2372764499452258,0.40209699946695376,0.6480166570322682
989,1784634030.0312629,-0.014929094823113512,0.003025013503825884,0.22616266134246535,-0.004882278177739117,-0.237,0.402,0.682,0.995,-0.085,-0.05,-0.002,-0.2372764499452258,0.40209699946695376,0.6480166570322682
991,1784634030.054133,-0.009808767422144697,0.004849044712871321,0.23054250859685899,-0.004961383651133654,-0.237,0.402,0.684,0.995,-0.086,-0.05,-0.002,-0.2372764499452258,0.40209699946695376,0.6480166570322682
991,1784634030.077893,-0.003578278442040391,0.006554120432706962,0.22314851246246534,-0.004996872289416141,-0.237,0.402,0.688,0.995,-0.086,-0.05,-0.002,-0.2372764499452258,0.40209699946695376,0.6480166570322682
993,1784634030.0995286,0.012111784005761458,0.019526280605826687,0.23378555087659136,-0.0051326870949930156,-0.237,0.402,0.69,0.995,-0.087,-0.051,-0.002,-0.2372764499452258,0.40209699946695376,0.6480166570322682
993,1784634030.1190896,0.004161602378718963,0.011259362080570032,0.2147185055790501,-0.003918249563998912,-0.237,0.402,0.693,0.995,-0.087,-0.051,-0.001,-0.2372764499452258,0.40209699946695376,0.6480166570322682
995,1784634030.1387153,0.0217733681833833,0.017172491957029547,0.23823012127435902,-0.0032224501017773972,-0.237,0.402,0.696,0.995,-0.088,-0.051,-0.001,-0.2372764499452258,0.40209699946695376,0.6480166570322682
995,1784634030.1560202,0.01601385442866367,0.00928800077500574,0.21477273278198247,-0.002681973133759513,-0.237,0.402,0.698,0.995,-0.088,-0.051,-0.001,-0.2372764499452258,0.40209699946695376,0.6480166570322682
997,1784634030.1742,0.03534377848316548,0.028663167080811812,0.24436465385726192,-0.002675205158084771,-0.236,0.402,0.701,0.995,-0.089,-0.052,-0.001,-0.2372764499452258,0.40209699946695376,0.6480166570322682
997,1784634030.1935155,0.07269841557859957,0.06745348156015343,0.20450927071124764,-0.002054174809846961,-0.236,0.401,0.703,0.995,-0.089,-0.052,-0.001,-0.23642791012574518,0.4012302330492289,0.686060756100791
999,1784634030.2158644,0.11442980147435097,0.10652996214212243,0.2491529123647409,-0.002379474698389587,-0.236,0.401,0.705,0.995,-0.09,-0.052,-0.001,-0.23642791012574518,0.4012302330492289,0.686060756100791
999,1784634030.2357326,0.10612256660558957,0.10611928767168569,0.22273610270485136,-0.0023363337316373435,-0.236,0.401,0.706,0.995,-0.09,-0.052,-0.001,-0.23642791012574518,0.4012302330492289,0.686060756100791
1001,1784634030.2501223,0.10064916808028902,0.09499238414117492,0.24109431188906882,-0.0023888467691210247,-0.236,0.401,0.707,0.995,-0.09,-0.052,-0.001,-0.23642791012574518,0.4012302330492289,0.686060756100791
1001,1784634030.26733,0.1036743830477314,0.09987481672845758,0.2290919595252393,-0.0025217470630623977,-0.236,0.401,0.708,0.995,-0.09,-0.052,-0.001,-0.23642791012574518,0.4012302330492289,0.686060756100791
1003,1784634030.2813292,0.10102162557425412,0.09558052405747763,0.23783462288625223,-0.002600570111327676,-0.236,0.401,0.708,0.995,-0.09,-0.052,-0.001,-0.23642791012574518,0.4012302330492289,0.686060756100791
1003,1784634030.3063645,0.09917398074014723,0.09362273971178338,0.23272041892563233,-0.002697344015130932,-0.236,0.401,0.71,0.995,-0.09,-0.052,-0.001,-0.23642791012574518,0.4012302330492289,0.686060756100791
1005,1784634030.3200788,0.0911289262290526,0.07857485725896113,0.23475887563840978,-0.0026021242329774333,-0.236,0.401,0.71,0.995,-0.09,-0.052,-0.001,-0.23642791012574518,0.4012302330492289,0.686060756100791
1005,1784634030.3447673,0.09599868699056878,0.0768902873678354,0.23640595406735845,-0.002607253361065152,-0.235,0.401,0.711,0.995,-0.09,-0.051,-0.001,-0.23642791012574518,0.4012302330492289,0.686060756100791
1007,1784634030.362777,0.09495799159205262,0.08720597287958562,0.23683468003932207,-0.0029610655869778462,-0.235,0.401,0.711,0.995,-0.089,-0.051,-0.001,-0.23642791012574518,0.4012302330492289,0.686060756100791
1008,1784634030.3827522,0.051686345884766886,0.0027691536407603023,0.23280379052376857,-0.0017196154369444156,-0.235,0.401,0.712,0.995,-0.089,-0.05,-0.001,-0.23642791012574518,0.4012302330492289,0.686060756100791
1008,1784634030.4040775,0.0735593339368693,0.04521328778447369,0.23887086284335232,-0.0027703739644522043,-0.235,0.402,0.712,0.995,-0.088,-0.05,-0.001,-0.23642791012574518,0.4012302330492289,0.686060756100791
1010,1784634030.423068,0.11164033701038371,-0.03198023328666156,0.22267807759943042,-0.00017956650982842203,-0.235,0.402,0.712,0.995,-0.088,-0.049,-0.001,-0.23562888097959372,0.40096183492563764,0.7084028136981636
1010,1784634030.4436433,0.11413021739763947,-0.040781624110121095,0.23501583801443934,0.00040987643087657974,-0.235,0.402,0.712,0.995,-0.088,-0.049,-0.001,-0.23562888097959372,0.40096183492563764,0.7084028136981636
1012,1784634030.464838,0.15486822358430258,0.030448274062092426,0.22789444022128122,-0.0010786436452770052,-0.235,0.402,0.712,0.995,-0.087,-0.048,-0.001,-0.23562888097959372,0.40096183492563764,0.7084028136981636
1013,1784634030.4845033,0.140840270940694,0.03908776070192659,0.23318680962643493,-0.0018148602660131223,-0.235,0.402,0.712,0.995,-0.086,-0.048,-0.001,-0.23562888097959372,0.40096183492563764,0.7084028136981636
1013,1784634030.502888,0.1138556392139739,0.001591005450135373,0.23403432584970502,-0.0010805456606781576,-0.235,0.402,0.712,0.995,-0.085,-0.047,-0.001,-0.23562888097959372,0.40096183492563764,0.7084028136981636
1014,1784634030.5417569,0.14134490091470747,0.04125463510636619,0.23098310347226417,-0.0019012936630654416,-0.235,0.403,0.711,0.995,-0.085,-0.047,-0.001,-0.23562888097959372,0.40096183492563764,0.7084028136981636
1016,1784634030.5700567,0.12437126126490462,0.04666424052668538,0.235665727907408,-0.0023629232188408693,-0.235,0.403,0.711,0.995,-0.084,-0.047,-0.001,-0.23562888097959372,0.40096183492563764,0.7084028136981636
1018,1784634030.6006532,0.1242423091408962,0.055036752932087145,0.23059800334337258,-0.0027709969594872787,-0.235,0.403,0.71,0.995,-0.083,-0.047,-0.001,-0.23562888097959372,0.40096183492563764,0.7084028136981636
1018,1784634030.635298,0.11230053268139308,0.04796940627161038,0.23604979940308995,-0.0026855894196359783,-0.235,0.404,0.709,0.996,-0.082,-0.046,-0.001,-0.23562888097959372,0.40096183492563764,0.7084028136981636
1021,1784634030.6678772,0.07247462200525397,0.028499287767509422,0.2389530418447071,-0.0018277026359286557,-0.235,0.404,0.707,0.996,-0.081,-0.046,-0.001,-0.23512612345130912,0.4021540345724768,0.7119806552411463
1021,1784634030.7037618,0.10525121715970306,0.025701788802606436,0.22643866184081984,-0.0022094756660453936,-0.235,0.405,0.705,0.996,-0.079,-0.046,-0.001,-0.23512612345130912,0.4021540345724768,0.7119806552411463
1024,1784634030.7308197,0.058624396694282946,0.01625603130823426,0.25213394554574475,-0.0020694851527067815,-0.235,0.405,0.704,0.996,-0.078,-0.046,-0.001,-0.23512612345130912,0.4021540345724768,0.7119806552411463
1024,1784634030.7488081,0.0813544538856831,0.020638724894905442,0.22380123187864803,-0.0025512000867830586,-0.235,0.405,0.702,0.996,-0.077,-0.046,-0.001,-0.23512612345130912,0.4021540345724768,0.7119806552411463
1027,1784634030.7662377,0.05482942388967425,0.014003554468932047,0.24487607719299287,-0.002611173440386011,-0.235,0.405,0.701,0.996,-0.076,-0.046,-0.001,-0.23512612345130912,0.4021540345724768,0.7119806552411463
1028,1784634030.7845907,0.06816435394196141,0.016749669091848423,0.2305028770583622,-0.0026910802405323902,-0.235,0.406,0.7,0.996,-0.076,-0.046,-0.001,-0.23512612345130912,0.4021540345724768,0.7119806552411463
1029,1784634030.8059788,-0.031833000726626204,-0.08125562974810796,0.25415939209229377,-0.0011469570379638956,-0.235,0.406,0.697,0.996,-0.075,-0.045,-0.001,-0.23506455634917903,0.40569206150576975,0.7019719719849271
1030,1784634030.8266249,-0.06356069698395184,-0.09758269492188695,0.2519122192886952,-0.00017308542799854602,-0.235,0.406,0.697,0.996,-0.074,-0.045,-0.001,-0.23506455634917903,0.40569206150576975,0.7019719719849271
1030,1784634030.8436384,-0.03916951709396008,-0.08125284390329426,0.23930122416129798,-6.047657445633917e-05,-0.235,0.406,0.695,0.996,-0.074,-0.045,-0.001,-0.23506455634917903,0.40569206150576975,0.7019719719849271
1031,1784634030.8664787,-0.049928353420721265,-0.08071989091489631,0.2494031418417122,-0.00035715881192423845,-0.234,0.406,0.693,0.996,-0.073,-0.045,-0.001,-0.23506455634917903,0.40569206150576975,0.7019719719849271
1032,1784634030.884315,-0.05274436301730277,-0.07920004506714276,0.24223688837955804,-0.0006063532912757094,-0.234,0.406,0.692,0.996,-0.072,-0.045,-0.001,-0.23506455634917903,0.40569206150576975,0.7019719719849271
1033,1784634030.903804,-0.05121982079150135,-0.07344973000213295,0.24805265676207555,-0.0008130349624110646,-0.234,0.406,0.691,0.996,-0.072,-0.045,-0.001,-0.23506455634917903,0.40569206150576975,0.7019719719849271
1034,1784634030.9280534,-0.0506614112244347,-0.0675514152931417,0.24445380437085276,-0.001100939962325814,-0.234,0.406,0.689,0.996,-0.071,-0.045,-0.001,-0.23506455634917903,0.40569206150576975,0.7019719719849271
1034,1784634030.94844,-0.047808002109583345,-0.067618697302514,0.24156372719125746,-0.0014210385397991935,-0.234,0.406,0.688,0.996,-0.071,-0.045,-0.001,-0.23506455634917903,0.40569206150576975,0.7019719719849271
1037,1784634030.9723377,-0.04469713828961232,-0.0635928636752595,0.24414538977096387,-0.0016170271471842932,-0.234,0.406,0.686,0.996,-0.071,-0.045,-0.001,-0.23506455634917903,0.40569206150576975,0.7019719719849271
1037,1784634030.997112,-0.0462007332588264,-0.05712164051757965,0.24292211879941414,-0.0018178891701696204,-0.234,0.406,0.683,0.997,-0.07,-0.045,-0.001,-0.23506455634917903,0.40569206150576975,0.7019719719849271
1039,1784634031.0430171,-0.0451499859238167,-0.05057157873502606,0.2414988756437144,-0.0021787190969080705,-0.233,0.406,0.68,0.996,-0.07,-0.046,-0.001,-0.23506455634917903,0.40569206150576975,0.7019719719849271
1039,1784634031.068131,-0.03332901711727412,-0.018474913535479275,0.2535432447106402,-0.0024427058648586746,-0.233,0.405,0.675,0.996,-0.07,-0.047,-0.001,-0.23506455634917903,0.40569206150576975,0.7019719719849271
1043,1784634031.083366,0.0014801472320641884,0.04703984139455337,0.26589550705429627,-0.0016348360868242908,-0.232,0.405,0.67,0.996,-0.071,-0.048,-0.0,-0.23506455634917903,0.40569206150576975,0.7019719719849271
1044,1784634031.1031206,-0.09852465011953612,-0.01951601227544588,0.22911517793326108,-0.002851668485840261,-0.232,0.404,0.666,0.996,-0.071,-0.049,-0.0,-0.2336352043641161,0.4062177078369995,0.681292838657839
1044,1784634031.121635,-0.18423584138187338,-0.007857689177573943,0.2629670014803708,-0.0018625133236386483,-0.232,0.404,0.664,0.996,-0.072,-0.049,-0.0,-0.2336352043641161,0.4062177078369995,0.681292838657839
1045,1784634031.1435342,-0.18782745659449196,-0.019381021237349437,0.23860756201761096,-0.0020985783527666577,-0.232,0.403,0.662,0.996,-0.072,-0.049,-0.0,-0.2336352043641161,0.4062177078369995,0.681292838657839
1047,1784634031.177199,-0.167346492947051,-0.013563539091523576,0.25677563146096366,-0.0023346068907323585,-0.232,0.403,0.659,0.996,-0.072,-0.05,-0.0,-0.2336352043641161,0.4062177078369995,0.681292838657839
1047,1784634031.2186668,-0.18254656374041156,-0.03977707861382099,0.23159005823242007,-0.0029265799468354186,-0.231,0.402,0.656,0.996,-0.073,-0.05,-0.0,-0.2336352043641161,0.4062177078369995,0.681292838657839
1050,1784634031.2529936,-0.14143530309458496,-0.0354861144830471,0.2757996767737503,-0.002938827112491886,-0.231,0.401,0.651,0.996,-0.074,-0.05,-0.0,-0.2336352043641161,0.4062177078369995,0.681292838657839
1050,1784634031.2696464,-0.14511188407675218,-0.03343142806029956,0.30904065936081626,-0.002901644291840215,-0.23,0.4,0.647,0.996,-0.075,-0.051,-0.0,-0.2336352043641161,0.4062177078369995,0.681292838657839
1053,1784634031.2872922,-0.16120772109145043,-0.012464632402992955,0.30566932582428985,-0.0024487162156008415,-0.23,0.399,0.645,0.996,-0.076,-0.051,-0.0,-0.23126825717772317,0.4023972474723355,0.6566499274331673
1053,1784634031.3165839,-0.0816808961251426,0.007689653635981786,0.34343612113013466,-0.001940238990879288,-0.23,0.399,0.643,0.996,-0.077,-0.051,-0.0,-0.23126825717772317,0.4023972474723355,0.6566499274331673
1055,1784634031.351106,-0.1409472927859905,0.000916552162940832,0.3251062883771329,-0.0023317469070088057,-0.23,0.398,0.639,0.996,-0.078,-0.051,-0.0,-0.23126825717772317,0.4023972474723355,0.6566499274331673
1055,1784634031.373739,-0.11381264357638297,-0.005747309345195219,0.3167962833691226,-0.003476172885546477,-0.229,0.397,0.636,0.995,-0.081,-0.051,-0.001,-0.23126825717772317,0.4023972474723355,0.6566499274331673
1058,1784634031.3983538,-0.13357053748899453,-0.01320304157919086,0.3058860364605448,-0.004241894157858691,-0.229,0.396,0.634,0.995,-0.082,-0.051,-0.001,-0.23126825717772317,0.4023972474723355,0.6566499274331673
1058,1784634031.4169388,-0.13165819096358183,-0.01743236489675325,0.30012712126644175,-0.00461978067785687,-0.229,0.395,0.633,0.995,-0.083,-0.051,-0.001,-0.23126825717772317,0.4023972474723355,0.6566499274331673
1060,1784634031.4355206,-0.12805460357887344,-0.023888482958943604,0.2973638317990832,-0.004875851619075532,-0.229,0.394,0.633,0.995,-0.084,-0.051,-0.001,-0.23126825717772317,0.4023972474723355,0.6566499274331673
1060,1784634031.458034,-0.13173466724055793,-0.029915137782103994,0.29251135923782595,-0.0050925925481507765,-0.229,0.394,0.633,0.995,-0.085,-0.051,-0.001,-0.23126825717772317,0.4023972474723355,0.6566499274331673
1062,1784634031.4812691,-0.130555888085702,-0.028410380059662302,0.2891980251117186,-0.005017400129634475,-0.229,0.393,0.633,0.995,-0.086,-0.051,-0.001,-0.23126825717772317,0.4023972474723355,0.6566499274331673
1062,1784634031.5076063,-0.13621386349112502,-0.038728520492765706,0.2794965814259972,-0.004870422500343544,-0.229,0.392,0.635,0.995,-0.087,-0.051,-0.001,-0.23126825717772317,0.4023972474723355,0.6566499274331673
1065,1784634031.5379143,-0.03282592779221227,0.03771520165856017,0.2679951396533656,-0.0031644373107858545,-0.229,0.391,0.638,0.995,-0.089,-0.051,-0.001,-0.22946521306738424,0.3958580313294003,0.6337873823285776
1065,1784634031.5568995,0.04711535145389113,0.03934206732375779,0.2602801786424365,-0.0021084050696753864,-0.228,0.391,0.641,0.995,-0.09,-0.051,-0.001,-0.22946521306738424,0.3958580313294003,0.6337873823285776
1067,1784634031.5719402,0.07494080832197719,0.05318213808530414,0.2602604180457178,-0.0021558975858856763,-0.228,0.39,0.644,0.995,-0.091,-0.052,-0.001,-0.22946521306738424,0.3958580313294003,0.6337873823285776
1067,1784634031.593826,0.05768688742553067,0.04137536198523172,0.24721643077171454,-0.002200417097170229,-0.228,0.39,0.645,0.995,-0.091,-0.052,-0.001,-0.22946521306738424,0.3958580313294003,0.6337873823285776
1069,1784634031.6214402,0.055298321262467996,0.036322321688001015,0.24296700373210922,-0.0020874503906514372,-0.228,0.389,0.647,0.994,-0.092,-0.052,-0.001,-0.22946521306738424,0.3958580313294003,0.6337873823285776
1069,1784634031.6575048,0.0014388067207227531,0.0025576671748475874,0.21292804712684976,-0.0019702747191892144,-0.228,0.389,0.65,0.994,-0.093,-0.052,-0.001,-0.22946521306738424,0.3958580313294003,0.6337873823285776
1072,1784634031.6883898,0.02969795837805965,0.01776903655129071,0.20765607603028036,-0.001866924015129214,-0.228,0.388,0.657,0.994,-0.094,-0.052,-0.001,-0.22946521306738424,0.3958580313294003,0.6337873823285776
1072,1784634031.7180443,0.1270682340626188,0.07916183976872335,0.21741269819490944,-0.0021668286637917624,-0.228,0.388,0.66,0.994,-0.094,-0.052,-0.001,-0.22768277434363635,0.3879223910010702,0.6487288926782819
1075,1784634031.737816,0.13481600771595767,0.07995723573504089,0.21132624542006703,-0.00223771204042738,-0.228,0.387,0.665,0.994,-0.095,-0.052,-0.001,-0.22768277434363635,0.3879223910010702,0.6487288926782819
1075,1784634031.758258,0.12719158091134197,0.06950617732900213,0.21782717468429322,-0.0021558122652228276,-0.228,0.387,0.668,0.994,-0.095,-0.051,-0.001,-0.22768277434363635,0.3879223910010702,0.6487288926782819
1077,1784634031.7778487,0.06200281140504435,0.038214771886349835,0.1929234996176983,-0.002193948770698593,-0.228,0.387,0.67,0.994,-0.095,-0.051,-0.001,-0.22768277434363635,0.3879223910010702,0.6487288926782819
1077,1784634031.7995503,0.13814115024772627,0.07025760229802848,0.23554846874741184,-0.0020889810965110714,-0.228,0.386,0.672,0.994,-0.095,-0.051,-0.001,-0.22768277434363635,0.3879223910010702,0.6487288926782819
1079,1784634031.8174744,0.07393431479885985,0.04291165060894394,0.1875858646831543,-0.002054960254290561,-0.228,0.386,0.674,0.994,-0.095,-0.051,-0.001,-0.22768277434363635,0.3879223910010702,0.6487288926782819
1079,1784634031.8410625,0.04894243547680087,0.031684791462898654,0.2261494812087576,-0.0022133672131115626,-0.228,0.386,0.675,0.994,-0.094,-0.051,-0.001,-0.22768277434363635,0.3879223910010702,0.6487288926782819
1081,1784634031.867816,0.12013862901216761,0.06998003283641624,0.21510389929633536,-0.0021735740748505994,-0.228,0.386,0.677,0.994,-0.094,-0.051,-0.001,-0.22768277434363635,0.3879223910010702,0.6487288926782819
1081,1784634031.8883786,0.12363860683933507,0.06414116944147003,0.22539601265411494,-0.0020107714774996992,-0.228,0.385,0.679,0.994,-0.094,-0.05,-0.001,-0.22768277434363635,0.3879223910010702,0.6487288926782819
1084,1784634031.907105,0.11485946053812286,0.06431686638186049,0.21894923176416173,-0.0021241666561531043,-0.228,0.385,0.68,0.994,-0.093,-0.05,-0.001,-0.22768277434363635,0.3879223910010702,0.6487288926782819
1084,1784634031.9238412,0.1485172896135113,0.08014737087349019,0.2291743702267467,-0.002186373916276981,-0.228,0.385,0.681,0.994,-0.093,-0.05,-0.001,-0.22768277434363635,0.3879223910010702,0.6487288926782819
1086,1784634031.9444122,0.14456201577856675,0.08305244253579677,0.22268301687669578,-0.002380207435023041,-0.228,0.385,0.682,0.995,-0.092,-0.05,-0.001,-0.22768277434363635,0.3879223910010702,0.6487288926782819
1087,1784634031.9642758,0.11073449672445855,0.057814151802745496,0.22659501548339303,-0.0021678257440285297,-0.228,0.385,0.682,0.995,-0.092,-0.049,-0.001,-0.22768277434363635,0.3879223910010702,0.6487288926782819
1087,1784634031.9898446,0.06758094213983407,-0.024315684023402166,0.23435548934266248,-0.0007083923953201973,-0.228,0.385,0.682,0.995,-0.092,-0.049,-0.001,-0.22817630445453882,0.38559178037117003,0.6778131239039371
1089,1784634032.0165942,-0.028685448326136245,-0.07687168981257958,0.23004448420200335,9.635380578096417e-05,-0.228,0.384,0.682,0.995,-0.091,-0.049,-0.001,-0.22817630445453882,0.38559178037117003,0.6778131239039371
1089,1784634032.0364861,-0.05568176848608906,-0.09377512705575944,0.2373911939690191,0.00023083717863383444,-0.228,0.384,0.682,0.995,-0.09,-0.048,-0.001,-0.22817630445453882,0.38559178037117003,0.6778131239039371
1091,1784634032.054459,-0.07000090239757524,-0.09104881625312805,0.23477543297013848,0.0002083566527170166,-0.228,0.384,0.682,0.995,-0.089,-0.048,-0.001,-0.22817630445453882,0.38559178037117003,0.6778131239039371
1091,1784634032.0747266,-0.002042794511689816,-0.05954276246455088,0.234369760048699,-0.00015824150041278368,-0.228,0.384,0.682,0.995,-0.089,-0.048,-0.001,-0.22817630445453882,0.38559178037117003,0.6778131239039371
1093,1784634032.0936437,-0.0026653132061268577,-0.06384867579171855,0.23560822440910753,-0.00023666926089082284,-0.228,0.384,0.682,0.995,-0.088,-0.047,-0.001,-0.22817630445453882,0.38559178037117003,0.6778131239039371
1093,1784634032.1162362,0.0021670972962515977,-0.05622294660017166,0.23596543507067236,-0.00033089808166777984,-0.228,0.384,0.681,0.995,-0.087,-0.047,-0.001,-0.22817630445453882,0.38559178037117003,0.6778131239039371
1095,1784634032.1384647,0.03237347149819394,-0.04351654509612245,0.23441008647478204,-0.0005342237131242113,-0.228,0.384,0.68,0.995,-0.087,-0.047,-0.001,-0.22817630445453882,0.38559178037117003,0.6778131239039371
1095,1784634032.161333,0.046634312757279625,-0.03388222764073303,0.2344815781627916,-0.0007826059346752038,-0.228,0.384,0.679,0.995,-0.086,-0.047,-0.001,-0.22817630445453882,0.38559178037117003,0.6778131239039371
1097,1784634032.1844735,0.08250224820506007,0.024666422256496276,0.24554869086426673,-0.0017293642147871114,-0.228,0.384,0.678,0.995,-0.086,-0.047,-0.001,-0.22787712782550407,0.3839499034240845,0.6808534772515988
1097,1784634032.207716,0.07584508340652361,0.06959767464565159,0.25291067367152287,-0.0023833010540612763,-0.228,0.384,0.676,0.995,-0.085,-0.047,-0.001,-0.22787712782550407,0.3839499034240845,0.6808534772515988
1099,1784634032.2283294,0.0986821176177037,0.05956879161333001,0.23828363648349843,-0.002569303579911399,-0.228,0.384,0.675,0.995,-0.085,-0.047,-0.001,-0.22787712782550407,0.3839499034240845,0.6808534772515988
1101,1784634032.2479002,0.09012350490507515,0.0988186963597922,0.2617571853595942,-0.003047161463866334,-0.228,0.384,0.674,0.995,-0.084,-0.048,-0.001,-0.22787712782550407,0.3839499034240845,0.6808534772515988
1101,1784634032.2697837,0.10294933784592311,0.1050341523671654,0.24577153584372347,-0.003448622185951322,-0.228,0.384,0.673,0.995,-0.084,-0.048,-0.001,-0.22787712782550407,0.3839499034240845,0.6808534772515988
1103,1784634032.3018503,0.0911197366069363,0.052683169786008434,0.23892492686479644,-0.0031483897973117346,-0.228,0.384,0.671,0.995,-0.084,-0.048,-0.001,-0.22787712782550407,0.3839499034240845,0.6808534772515988
1103,1784634032.327728,0.08997658925348885,0.05392052920068387,0.24654737160810136,-0.0027704875718283007,-0.228,0.384,0.669,0.995,-0.084,-0.048,-0.001,-0.22787712782550407,0.3839499034240845,0.6808534772515988
1106,1784634032.3490644,0.08008624226231043,0.04628983774574437,0.24599683701642905,-0.0016276295521201506,-0.228,0.384,0.666,0.995,-0.083,-0.048,-0.0,-0.22787712782550407,0.3839499034240845,0.6808534772515988
1106,1784634032.3731737,0.07897944207909169,0.04104667485201641,0.2467479162847412,-0.0008470181112022693,-0.228,0.384,0.665,0.995,-0.083,-0.048,-0.0,-0.22787712782550407,0.3839499034240845,0.6808534772515988
1108,1784634032.3962748,0.0671067384268506,0.03235549851795498,0.24691702906381632,-0.0004122785798244802,-0.228,0.384,0.663,0.996,-0.082,-0.048,-0.0,-0.22787712782550407,0.3839499034240845,0.6808534772515988
1108,1784634032.437976,0.06199386546457674,0.02431479541777472,0.24035905583760106,-0.00013351755465975589,-0.228,0.384,0.661,0.996,-0.081,-0.047,-0.0,-0.22787712782550407,0.3839499034240845,0.6808534772515988
1111,1784634032.4740264,0.04376908107481128,0.004573637772777677,0.2675330479381488,0.00038163101421130244,-0.228,0.384,0.658,0.996,-0.08,-0.047,-0.0,-0.22787712782550407,0.3839499034240845,0.6808534772515988
1111,1784634032.4932334,-0.020281227060330843,0.016897614449703117,0.30314167305576845,-0.0004921827419514151,-0.228,0.385,0.653,0.996,-0.079,-0.046,-0.0,-0.22749321096565442,0.3836476579922339,0.6673905928931634
1114,1784634032.5105417,-0.013783013440933127,0.0168519523144051,0.3325231996934406,-0.0005630913164875024,-0.228,0.385,0.652,0.996,-0.078,-0.046,-0.0,-0.22749321096565442,0.3836476579922339,0.6673905928931634
1114,1784634032.5345705,-0.01190719717680963,0.018761211309820242,0.32145617574282204,-0.0006594242468889661,-0.228,0.385,0.652,0.996,-0.078,-0.045,-0.0,-0.22749321096565442,0.3836476579922339,0.6673905928931634
1116,1784634032.554291,-0.018706562675307552,0.014848015164861367,0.33649773103945124,-0.0005354661233636943,-0.228,0.385,0.649,0.996,-0.077,-0.045,-0.0,-0.22749321096565442,0.3836476579922339,0.6673905928931634
1116,1784634032.5735636,-0.016882037067827493,0.025805336659108197,0.31364669003047824,-0.0009244373142810239,-0.228,0.385,0.648,0.996,-0.077,-0.045,-0.0,-0.22749321096565442,0.3836476579922339,0.6673905928931634
1118,1784634032.5965748,-0.014279817080152371,0.01846039072032172,0.3292825666129168,-0.0007190147056369202,-0.228,0.385,0.647,0.996,-0.077,-0.045,-0.0,-0.22749321096565442,0.3836476579922339,0.6673905928931634
1118,1784634032.6219504,-0.024516023860755864,0.012986030842888189,0.3147005018093676,-0.0008891411829231547,-0.228,0.385,0.645,0.996,-0.076,-0.044,-0.0,-0.22749321096565442,0.3836476579922339,0.6673905928931634
1121,1784634032.6514707,-0.02906639736541065,0.008090621735305541,0.3045223661503323,-0.0009094161868489592,-0.228,0.386,0.645,0.996,-0.076,-0.044,-0.0,-0.22749321096565442,0.3836476579922339,0.6673905928931634
1121,1784634032.6671422,-0.03311574086841688,0.004030189795445411,0.2991590360864366,-0.0008686834610079381,-0.228,0.386,0.644,0.996,-0.076,-0.044,-0.0,-0.22749321096565442,0.3836476579922339,0.6673905928931634
1123,1784634032.6837964,-0.03569681389061094,0.0005912120136016309,0.29579272051435335,-0.0008237589422583109,-0.228,0.386,0.645,0.996,-0.076,-0.044,-0.0,-0.22749321096565442,0.3836476579922339,0.6673905928931634
1124,1784634032.7051213,-0.1251751656490324,-0.03899758094490993,0.28933325315987674,-0.0011536513936345491,-0.228,0.386,0.647,0.996,-0.076,-0.044,-0.0,-0.22790594256341898,0.38527695913282184,0.6485567816868556
1124,1784634032.723704,-0.1375693658503593,-0.04623362656684511,0.28508026174673473,-0.0014626050777537553,-0.228,0.386,0.648,0.996,-0.076,-0.044,-0.0,-0.22790594256341898,0.38527695913282184,0.6485567816868556
1126,1784634032.7511663,-0.1343400585651488,-0.05069351768951628,0.2816330481654692,-0.0015487936437262601,-0.227,0.386,0.649,0.996,-0.076,-0.044,-0.0,-0.22790594256341898,0.38527695913282184,0.6485567816868556
1126,1784634032.7801793,-0.13689242033456445,-0.0533262399503929,0.279171179097143,-0.0015030744559241063,-0.227,0.386,0.65,0.996,-0.076,-0.044,-0.0,-0.22790594256341898,0.38527695913282184,0.6485567816868556
1128,1784634032.8049552,-0.14314858311065584,-0.05996259119330111,0.2738407534334943,-0.001544059389496268,-0.227,0.386,0.653,0.996,-0.076,-0.044,-0.0,-0.22790594256341898,0.38527695913282184,0.6485567816868556
1128,1784634032.8276236,-0.13613702470319355,-0.048795448125964834,0.2169947354862128,-0.0013779731985330002,-0.227,0.385,0.656,0.996,-0.077,-0.044,-0.0,-0.22790594256341898,0.38527695913282184,0.6485567816868556
1131,1784634032.8467212,-0.12016107902333356,-0.04840164256317724,0.23334011082371822,-0.0013109984121768403,-0.227,0.385,0.661,0.996,-0.077,-0.044,-0.0,-0.22790594256341898,0.38527695913282184,0.6485567816868556
1131,1784634032.8622458,-0.131325925125764,-0.0685410045005066,0.208889376599245,-0.0013538613489879755,-0.226,0.385,0.664,0.996,-0.078,-0.044,-0.0,-0.22790594256341898,0.38527695913282184,0.6485567816868556
1133,1784634032.8845625,-0.09721021844406214,-0.03501053782619089,0.2414404650089924,-0.001005754608776863,-0.226,0.385,0.67,0.996,-0.079,-0.045,-0.0,-0.22790594256341898,0.38527695913282184,0.6485567816868556
1133,1784634032.9020042,-0.10750765759638833,-0.05943024380476102,0.20048892773990046,-0.001068656199201469,-0.226,0.385,0.672,0.996,-0.08,-0.045,-0.0,-0.22790594256341898,0.38527695913282184,0.6485567816868556
1135,1784634032.9277945,-0.09305491121015845,-0.06183031006086732,0.23145763751867024,-0.0008670732666560311,-0.225,0.384,0.677,0.996,-0.081,-0.045,-0.0,-0.22790594256341898,0.38527695913282184,0.6485567816868556
1135,1784634032.9430308,-0.09198181057762891,-0.06242955692834697,0.2077221602089311,-0.000565285648348898,-0.225,0.384,0.679,0.996,-0.082,-0.045,-0.0,-0.22790594256341898,0.38527695913282184,0.6485567816868556
1137,1784634032.9635727,-0.035506888429866046,-0.07700606150531084,0.2425254509872095,-0.000960830573292203,-0.225,0.384,0.683,0.996,-0.083,-0.046,-0.0,-0.22679637120938007,0.3850844118353386,0.6541075179799645
1138,1784634032.9830391,-0.04113150722102747,-0.10400144942048505,0.2085190596198072,-0.0003446016832989102,-0.224,0.384,0.686,0.995,-0.084,-0.046,-0.0,-0.22679637120938007,0.3850844118353386,0.6541075179799645
1139,1784634033.0066025,-0.026033431024530554,-0.08784149176358423,0.23467187171343656,0.00014972611360864765,-0.224,0.383,0.689,0.995,-0.085,-0.047,-0.0,-0.22679637120938007,0.3850844118353386,0.6541075179799645
1140,1784634033.0280497,-0.030703118447001035,-0.08169854263881415,0.2240235446915685,0.0004076202732956153,-0.224,0.383,0.69,0.995,-0.085,-0.047,-0.0,-0.22679637120938007,0.3850844118353386,0.6541075179799645
1140,1784634033.0454633,-0.024573854205941652,-0.09245591013470605,0.22438155514910868,0.0009319990130890333,-0.223,0.383,0.693,0.995,-0.086,-0.047,-0.0,-0.22679637120938007,0.3850844118353386,0.6541075179799645
1142,1784634033.0628867,-0.018946704434880383,-0.09140834894120095,0.22541900786013588,0.0010635490911116985,-0.223,0.383,0.695,0.995,-0.087,-0.047,-0.0,-0.22679637120938007,0.3850844118353386,0.6541075179799645
1143,1784634033.0813823,-0.019299620820609847,-0.08025108320500753,0.22649352936403985,0.001176629911560447,-0.223,0.382,0.698,0.995,-0.088,-0.048,-0.0,-0.22679637120938007,0.3850844118353386,0.6541075179799645
1144,1784634033.1029541,-0.0037587053053846423,-0.06516017739310928,0.23296838024374422,0.0011955730156684337,-0.222,0.382,0.7,0.995,-0.089,-0.048,-0.0,-0.22679637120938007,0.3850844118353386,0.6541075179799645
1145,1784634033.1248894,-0.03464039856233182,-0.11452559818381053,0.21243879271536392,0.001776327633626672,-0.222,0.382,0.701,0.995,-0.089,-0.049,-0.0,-0.2238446961391936,0.38313814715238154,0.6901109405538421
1145,1784634033.145276,-0.006602970941076647,-0.07649847880830624,0.24491147271447053,0.0008986652861840092,-0.222,0.382,0.702,0.995,-0.089,-0.049,-0.0,-0.2238446961391936,0.38313814715238154,0.6901109405538421
1146,1784634033.1629217,-0.017350029658378133,-0.08822874770323233,0.22180440267310175,0.0007853327690082955,-0.222,0.381,0.703,0.995,-0.089,-0.049,-0.0,-0.2238446961391936,0.38313814715238154,0.6901109405538421
1147,1784634033.1858766,-0.009556232746073992,-0.06874418775311218,0.2398232627812432,0.0007237017918802608,-0.221,0.381,0.705,0.995,-0.09,-0.05,-0.0,-0.2238446961391936,0.38313814715238154,0.6901109405538421
1147,1784634033.2049909,-0.016316450759778695,-0.07278670026643318,0.2283805685151612,0.0006863041509745241,-0.221,0.381,0.706,0.995,-0.09,-0.05,-0.0,-0.2238446961391936,0.38313814715238154,0.6901109405538421
1149,1784634033.2330432,0.006270067180204127,-0.04648012928274637,0.24160871116022287,0.0004358123495475978,-0.22,0.38,0.708,0.995,-0.091,-0.051,-0.0,-0.2238446961391936,0.38313814715238154,0.6901109405538421
1149,1784634033.2518675,0.0007625035636607339,-0.03690641664040808,0.23175099252408937,0.0002840597741022074,-0.219,0.38,0.71,0.994,-0.091,-0.052,-0.0,-0.2238446961391936,0.38313814715238154,0.6901109405538421
1151,1784634033.2719517,-0.04036179580813033,-0.05245576760020327,0.23459872222642789,0.0006475933110102472,-0.219,0.38,0.71,0.994,-0.091,-0.052,-0.0,-0.2238446961391936,0.38313814715238154,0.6901109405538421
1153,1784634033.2931075,0.0017645926645451088,-0.02865453470019018,0.23905153500608092,0.0007999700275751844,-0.219,0.379,0.711,0.994,-0.092,-0.053,-0.0,-0.2238446961391936,0.38313814715238154,0.6901109405538421
1153,1784634033.3201118,0.01995829321726511,-0.018906686691052256,0.23799387399899302,0.0005809274358578277,-0.218,0.379,0.711,0.994,-0.092,-0.053,-0.0,-0.2238446961391936,0.38313814715238154,0.6901109405538421
1155,1784634033.341315,0.024137979075509165,-0.008022366999422513,0.23974340694332485,0.00023533031610241373,-0.218,0.379,0.712,0.994,-0.092,-0.054,-0.0,-0.2238446961391936,0.38313814715238154,0.6901109405538421
1155,1784634033.3650515,0.026004367489848475,-0.008448841967546132,0.23909561562186948,0.00012336528961936555,-0.217,0.379,0.712,0.994,-0.092,-0.054,-0.0,-0.2238446961391936,0.38313814715238154,0.6901109405538421
1157,1784634033.3873749,0.017031923181085755,-0.001965963552748508,0.2399906917633834,-0.00013383153444975187,-0.217,0.378,0.712,0.994,-0.092,-0.055,-0.0,-0.2238446961391936,0.38313814715238154,0.6901109405538421
1157,1784634033.4051445,0.02590476350012616,-0.0004314975095209145,0.2398404612622847,-4.0140914590330206e-05,-0.217,0.378,0.712,0.994,-0.092,-0.055,-0.0,-0.2238446961391936,0.38313814715238154,0.6901109405538421
1159,1784634033.4349792,0.08070539863102741,0.06172886775697294,0.23443714581487898,-0.0009639343888472322,-0.216,0.378,0.712,0.994,-0.092,-0.056,-0.0,-0.218761592349833,0.379249628450954,0.7102866860561523
1161,1784634033.4556782,0.08890371218156574,0.07047252751653517,0.23833197218159338,-0.0009126982158302352,-0.216,0.378,0.712,0.994,-0.092,-0.056,0.0,-0.218761592349833,0.379249628450954,0.7102866860561523
1161,1784634033.4796948,0.09267632809255304,0.06723975423136669,0.23718432362666875,-0.0007091727642025761,-0.216,0.378,0.711,0.994,-0.092,-0.056,0.0,-0.218761592349833,0.379249628450954,0.7102866860561523
1163,1784634033.509425,0.11276995429870718,0.0773414270331973,0.24432143753758107,-0.0005380268225595183,-0.216,0.378,0.711,0.994,-0.092,-0.057,0.0,-0.218761592349833,0.379249628450954,0.7102866860561523
1164,1784634033.5405848,0.08877073790435157,0.07505647191887392,0.23317787396420078,-0.0010248656866257708,-0.215,0.378,0.71,0.994,-0.091,-0.057,0.0,-0.218761592349833,0.379249628450954,0.7102866860561523
1166,1784634033.5633802,0.09289395976614391,0.07292151041369689,0.24298899526567438,-0.0009769235623938474,-0.215,0.379,0.709,0.994,-0.091,-0.057,0.0,-0.218761592349833,0.379249628450954,0.7102866860561523
1166,1784634033.5866592,0.10204672373332083,0.06499519545871542,0.2383799024588187,-0.0007302464139751722,-0.215,0.379,0.708,0.994,-0.091,-0.056,0.0,-0.218761592349833,0.379249628450954,0.7102866860561523
1168,1784634033.6070213,0.11943324198943045,0.060594404056897005,0.2506565982858173,-0.0005075567236595203,-0.215,0.38,0.706,0.994,-0.09,-0.056,0.0,-0.218761592349833,0.379249628450954,0.7102866860561523
1169,1784634033.626081,0.09682914219688614,0.07040160880034808,0.23204264882385908,-0.0010218013803414505,-0.216,0.38,0.705,0.994,-0.09,-0.056,0.0,-0.218761592349833,0.379249628450954,0.7102866860561523
1170,1784634033.647457,0.1942578773484969,0.15889220339886656,0.23569683815269243,-0.0012967348146275385,-0.216,0.381,0.703,0.995,-0.089,-0.055,0.0,-0.21559788137290717,0.378135992875955,0.7110295971977659
1172,1784634033.668571,0.19038678235327233,0.16566748201860784,0.23423433335543514,-0.0010974974733119235,-0.216,0.381,0.702,0.995,-0.088,-0.055,0.0,-0.21559788137290717,0.378135992875955,0.7110295971977659
1172,1784634033.6920009,0.1772927238373468,0.14991833138706792,0.23105951320058432,-0.0008701397603473088,-0.216,0.382,0.701,0.995,-0.088,-0.054,0.0,-0.21559788137290717,0.378135992875955,0.7110295971977659
1174,1784634033.7178996,0.17214914832608344,0.15028788919532,0.23286392360422245,-0.0011801553726553452,-0.217,0.382,0.699,0.995,-0.087,-0.054,0.0,-0.21559788137290717,0.378135992875955,0.7110295971977659
1174,1784634033.7344322,0.16398670527293446,0.13438707396696084,0.2395107212504857,-0.0008953002331195104,-0.217,0.383,0.697,0.995,-0.086,-0.053,0.0,-0.21559788137290717,0.378135992875955,0.7110295971977659
1176,1784634033.7527993,0.15290739882155036,0.11483335919092734,0.24834977109674036,6.022843358706139e-05,-0.217,0.384,0.696,0.995,-0.085,-0.052,0.0,-0.21559788137290717,0.378135992875955,0.7110295971977659
1176,1784634033.7722154,0.16893964202363132,0.14082145171460775,0.2229938926670929,-0.0004240472656515655,-0.218,0.384,0.694,0.995,-0.084,-0.051,0.0,-0.21559788137290717,0.378135992875955,0.7110295971977659
1178,1784634033.7928076,0.14222328034836992,0.09966541020930395,0.2633868973431191,0.00033903758353818006,-0.218,0.385,0.693,0.995,-0.084,-0.051,0.0,-0.21559788137290717,0.378135992875955,0.7110295971977659
1178,1784634033.8107793,0.17401862452825687,0.15005712381905204,0.21584928236212814,7.657930601592306e-05,-0.218,0.385,0.69,0.995,-0.082,-0.05,0.0,-0.21559788137290717,0.378135992875955,0.7110295971977659
1180,1784634033.8318102,0.0912816544245254,0.07070234811734309,0.25958392450180906,-0.000297342311766781,-0.218,0.386,0.689,0.995,-0.081,-0.049,0.0,-0.2161714740264792,0.38151068552743206,0.702081843544439
1180,1784634033.8483732,0.12674346139403894,0.09720218638904461,0.22295050099191566,-0.0007203193489227736,-0.219,0.386,0.687,0.996,-0.08,-0.048,0.0,-0.2161714740264792,0.38151068552743206,0.702081843544439
1182,1784634033.8648934,0.08679216509088714,0.0710205512361115,0.2504072835651982,-0.001023719931609875,-0.219,0.387,0.685,0.996,-0.079,-0.048,0.0,-0.2161714740264792,0.38151068552743206,0.702081843544439
1183,1784634033.8849409,0.08255698318647162,0.05883294582221119,0.23744350720199078,-0.0011267285141373397,-0.219,0.387,0.683,0.996,-0.078,-0.047,0.0,-0.2161714740264792,0.38151068552743206,0.702081843544439
1184,1784634033.9046037,0.07249266539759598,0.05386306912222967,0.24162462120046804,-0.001242854435490306,-0.219,0.388,0.681,0.996,-0.077,-0.046,0.0,-0.2161714740264792,0.38151068552743206,0.702081843544439
1184,1784634033.9271178,0.042197478616406374,0.03129812126764052,0.2470143267867826,-0.0012252501093615359,-0.22,0.388,0.678,0.996,-0.075,-0.045,0.0,-0.2161714740264792,0.38151068552743206,0.702081843544439
1186,1784634033.9472523,0.024326933796749016,-0.012161876535832408,0.2658686141328263,-0.0007133112961656351,-0.22,0.388,0.677,0.996,-0.075,-0.044,-0.0,-0.2161714740264792,0.38151068552743206,0.702081843544439
1186,1784634033.9702947,0.06829586410883831,0.0390912084224696,0.22451433694051148,-0.0007794860084263779,-0.22,0.389,0.675,0.996,-0.074,-0.043,-0.0,-0.2161714740264792,0.38151068552743206,0.702081843544439
1188,1784634033.997297,0.01478711593414394,-0.01562885064314888,0.2688837050738559,-0.0005471064987660051,-0.22,0.389,0.671,0.997,-0.072,-0.042,-0.0,-0.2161714740264792,0.38151068552743206,0.702081843544439
1188,1784634034.0193748,0.02922041506649433,-0.0029440605595575653,0.25515801199905197,-0.00030049572927588265,-0.22,0.39,0.668,0.997,-0.071,-0.041,-0.0,-0.2161714740264792,0.38151068552743206,0.702081843544439
1190,1784634034.0415142,-0.07148427996344373,-0.09098123288958423,0.25798618884071034,0.0003568619030819396,-0.22,0.39,0.666,0.997,-0.07,-0.041,-0.0,-0.21929554266811638,0.3877464076488145,0.6796368260937026
1190,1784634034.0602438,-0.16034523787020247,-0.0952007661880687,0.24819909768180512,0.0003265063023443843,-0.221,0.39,0.663,0.997,-0.069,-0.04,-0.0,-0.21929554266811638,0.3877464076488145,0.6796368260937026
1192,1784634034.0782063,-0.15169364386341885,-0.08495888360801884,0.26365290370545386,-2.1692499907203058e-05,-0.221,0.39,0.661,0.997,-0.069,-0.04,-0.0,-0.21929554266811638,0.3877464076488145,0.6796368260937026
1192,1784634034.0986419,-0.15264550678096944,-0.08304017956305018,0.2525124935781262,-0.0002757346874804531,-0.221,0.39,0.659,0.997,-0.068,-0.04,-0.0,-0.21929554266811638,0.3877464076488145,0.6796368260937026
1194,1784634034.1285713,-0.1453281198013028,-0.0848671450886011,0.26076531971732314,-0.0003994427566192606,-0.221,0.391,0.656,0.997,-0.068,-0.039,-0.0,-0.21929554266811638,0.3877464076488145,0.6796368260937026
1194,1784634034.1507268,-0.1343549538059448,-0.07148546568484548,0.30424618586529534,-0.0004562702006654353,-0.221,0.391,0.653,0.997,-0.067,-0.039,-0.0,-0.21929554266811638,0.3877464076488145,0.6796368260937026
1197,1784634034.1740868,-0.12885393459935557,-0.0634776476072327,0.339873217312265,-0.0005014980942365611,-0.221,0.391,0.65,0.997,-0.067,-0.039,-0.0,-0.21929554266811638,0.3877464076488145,0.6796368260937026
1197,1784634034.1990778,-0.11896134576035164,-0.0574039323178291,0.3462976209356024,-0.000621492883582304,-0.221,0.391,0.648,0.997,-0.067,-0.039,-0.0,-0.21929554266811638,0.3877464076488145,0.6796368260937026
1199,1784634034.2201936,-0.10747278038404173,-0.05057657809582912,0.3466488675082082,-0.0006653803064456002,-0.221,0.391,0.645,0.997,-0.067,-0.039,-0.0,-0.21929554266811638,0.3877464076488145,0.6796368260937026
1199,1784634034.239373,-0.102576115320548,-0.04785722645886786,0.34533516362457556,-0.0006780737642196623,-0.221,0.391,0.644,0.997,-0.067,-0.039,-0.0,-0.21929554266811638,0.3877464076488145,0.6796368260937026
1201,1784634034.2592638,-0.09107237649614217,-0.038439929804080855,0.3432520017964687,-0.0006893482779415738,-0.221,0.391,0.642,0.997,-0.068,-0.04,-0.0,-0.21929554266811638,0.3877464076488145,0.6796368260937026
1201,1784634034.2788742,-0.18861691581016476,-0.13185668605545542,0.3262538013044727,-0.0010933544120397929,-0.221,0.391,0.641,0.997,-0.068,-0.04,-0.0,-0.22090570669629261,0.39095413118910005,0.6494228165147996
1203,1784634034.2974558,-0.10701267770663786,-0.08278211703088836,0.33697299207328546,-0.0011656141615344524,-0.221,0.391,0.64,0.997,-0.069,-0.041,-0.0,-0.22090570669629261,0.39095413118910005,0.6494228165147996
1203,1784634034.3142755,-0.12641951170632376,-0.09886824264071521,0.32660063518625965,-0.001006881676600489,-0.22,0.391,0.639,0.997,-0.07,-0.041,-0.0,-0.22090570669629261,0.39095413118910005,0.6494228165147996
1205,1784634034.3281803,-0.12985461097952872,-0.10323306480021567,0.31646134014232286,-0.0010187713482354625,-0.22,0.391,0.639,0.997,-0.071,-0.042,-0.0,-0.22090570669629261,0.39095413118910005,0.6494228165147996
1205,1784634034.342794,-0.1920353787018803,-0.12955064640130837,0.3126589115961843,-0.000600828576819407,-0.22,0.39,0.639,0.997,-0.071,-0.042,-0.0,-0.22090570669629261,0.39095413118910005,0.6494228165147996
1207,1784634034.361697,-0.16029555260468423,-0.12285093451557666,0.3026575429240167,-0.0003938215269063671,-0.22,0.39,0.64,0.996,-0.073,-0.043,-0.0,-0.22090570669629261,0.39095413118910005,0.6494228165147996
1207,1784634034.3812008,-0.17845000848814313,-0.13081537788363104,0.3028872688404537,-0.00020729700183405039,-0.22,0.39,0.642,0.996,-0.074,-0.043,-0.0,-0.22090570669629261,0.39095413118910005,0.6494228165147996
1209,1784634034.4035048,-0.16387127874282284,-0.12690109625352172,0.2888305147530753,-0.0001976490525135379,-0.219,0.389,0.644,0.996,-0.075,-0.044,-0.0,-0.22090570669629261,0.39095413118910005,0.6494228165147996
1210,1784634034.4240108,-0.17012537819523849,-0.13619951018390972,0.2832895999650543,-1.2147176087272534e-05,-0.219,0.389,0.646,0.996,-0.076,-0.044,-0.0,-0.22090570669629261,0.39095413118910005,0.6494228165147996
