step,sim_time,u0,u1,u2,u3,pose_x,pose_y,pose_z,pose_qw,pose_qx,pose_qy,pose_qz,ref_x,ref_y,ref_z
0,1784635170.72284,0.0,0.0,0.04999999999999971,0.0,-0.434,-0.0,0.504,1.0,0.0,0.0,0.0,-0.4335535244594594,2.4374481648669903e-13,0.5035535294647367
0,1784635170.7419605,7.151044111395831e-08,-0.0999999953137824,0.04999999984057177,2.7297516062191315e-09,-0.434,-0.0,0.504,1.0,0.0,0.0,0.0,-0.4335535244594594,2.4374481648669903e-13,0.5035535294647367
0,1784635170.7642484,-5.448005221730984e-07,-0.09999962284368741,0.049999997166243634,-3.1577448012299625e-07,-0.434,-0.0,0.504,1.0,0.0,0.0,0.0,-0.4335535244594594,2.4374481648669903e-13,0.5035535294647367
0,1784635170.7823036,1.4463336858777387e-06,-0.09999999418699237,0.04999999960999593,-5.8818335176543e-07,-0.434,-0.0,0.504,1.0,0.0,0.0,0.0,-0.4335535244594594,2.4374481648669903e-13,0.5035535294647367
0,1784635170.80136,-4.512875292752612e-06,-0.09999922308990129,0.04999999048610508,1.30595948601142e-06,-0.434,-0.0,0.504,1.0,0.0,0.0,0.0,-0.4335535244594594,2.4374481648669903e-13,0.5035535294647367
0,1784635170.8197691,1.4240741686523974e-05,-0.09999998301660581,0.04999999886768218,-6.005857613617991e-06,-0.434,-0.0,0.504,1.0,0.0,0.0,0.0,-0.4335535244594594,2.4374481648669903e-13,0.5035535294647367
0,1784635170.8416598,-4.4669092003995163e-05,-0.09999653416839598,0.04999999989991445,1.9254634727491757e-05,-0.434,-0.0,0.504,1.0,0.0,0.0,0.0,-0.4335535244594594,2.4374481648669903e-13,0.5035535294647367
0,1784635170.8595896,0.0001431974994474847,-0.09999909602718046,0.0499999991517904,-7.03262325975226e-05,-0.434,-0.0,0.504,1.0,0.0,0.0,0.0,-0.4335535244594594,2.4374481648669903e-13,0.5035535294647367
0,1784635170.879343,-0.00047813419744202184,-0.0999999791164375,0.049999999919751625,0.0002559263920579722,-0.434,-0.0,0.504,1.0,0.0,0.0,0.0,-0.4335535244594594,2.4374481648669903e-13,0.5035535294647367
0,1784635170.8993037,0.001616401196784582,-0.09999955711920683,0.04999999994815955,-0.0008917280234721129,-0.434,-0.0,0.504,1.0,0.0,0.0,0.0,-0.4335535244594594,2.4374481648669903e-13,0.5035535294647367
0,1784635170.9194682,-0.005682277582951234,-0.09999994492494113,0.0499999951733567,0.003282110054349696,-0.434,-0.0,0.504,1.0,0.0,0.0,0.0,-0.4335535244594594,2.4374481648669903e-13,0.5035535294647367
0,1784635170.9394495,0.019761549678070464,-0.09999834223698598,0.049999985565451495,-0.011311153588987646,-0.434,-0.0,0.504,1.0,0.0,0.0,0.0,-0.4335535244594594,2.4374481648669903e-13,0.5035535294647367
0,1784635170.9606347,-0.06591926644288287,-0.09999842410248848,0.049999985524432584,0.042027022515518424,-0.434,-0.0,0.504,1.0,0.0,0.0,0.0,-0.4335535244594594,2.4374481648669903e-13,0.5035535294647367
0,1784635170.983424,0.09998229572214853,-0.09999992643004034,0.04999999414687267,-0.09991169153018847,-0.434,-0.0,0.504,1.0,0.0,0.0,0.0,-0.4335535244594594,2.4374481648669903e-13,0.5035535294647367
0,1784635171.0098376,-0.09999568790393185,-0.09999989395269673,0.049999993907978636,0.09999560347753711,-0.434,-0.0,0.504,1.0,0.0,0.0,0.0,-0.4335535244594594,2.4374481648669903e-13,0.5035535294647367
0,1784635171.0275896,0.09999976576626415,-0.09999997516414694,0.049999996561896264,-0.09999891441845718,-0.434,-0.0,0.504,1.0,0.0,0.0,0.0,-0.4335535244594594,2.4374481648669903e-13,0.5035535294647367
0,1784635171.0451784,-0.09999996852410306,-0.09999999744426913,0.049999999746064186,0.09999993870703358,-0.434,-0.0,0.504,1.0,0.0,0.0,0.0,-0.4335535244594594,2.4374481648669903e-13,0.5035535294647367
0,1784635171.0607636,0.09999995146994567,-0.09999999107046945,0.04999999934248558,-0.09999974133357245,-0.434,-0.0,0.504,1.0,0.0,0.0,0.0,-0.4335535244594594,2.4374481648669903e-13,0.5035535294647367
0,1784635171.0846827,-0.09999945420882672,-0.0999999247125057,0.04999999999227645,0.0999976420745411,-0.434,-0.0,0.504,1.0,0.0,0.0,0.0,-0.4335535244594594,2.4374481648669903e-13,0.5035535294647367
0,1784635171.1022234,0.09999331098346192,-0.09999917629573445,0.04999999991737958,-0.09997780668765474,-0.434,-0.0,0.504,1.0,0.0,0.0,0.0,-0.4335535244594594,2.4374481648669903e-13,0.5035535294647367
0,1784635171.1243193,-0.09999992116163667,-0.0999999904762218,0.049999999190592274,0.09999970048681098,-0.434,-0.0,0.504,1.0,0.0,0.0,0.0,-0.4335535244594594,2.4374481648669903e-13,0.5035535294647367
0,1784635171.1436431,0.09999792894727424,-0.09999975135550819,0.049999999974839435,-0.09999242224930074,-0.434,-0.0,0.504,1.0,0.0,0.0,0.0,-0.4335535244594594,2.4374481648669903e-13,0.5035535294647367
0,1784635171.1644816,-0.09998837880280786,-0.0999987265994935,0.049999999874688644,0.09996612741605457,-0.434,-0.0,0.504,1.0,0.0,0.0,0.0,-0.4335535244594594,2.4374481648669903e-13,0.5035535294647367
0,1784635171.1878889,0.09999995094093322,-0.09999999450702124,0.049999999562834144,-0.09999987841128269,-0.434,-0.0,0.504,1.0,0.0,0.0,0.0,-0.4335535244594594,2.4374481648669903e-13,0.5035535294647367
0,1784635171.2049797,-0.09999998878039096,-0.09999999875249611,0.04999999992234722,0.0999999655895642,-0.434,-0.0,0.504,1.0,0.0,0.0,0.0,-0.4335535244594594,2.4374481648669903e-13,0.5035535294647367
0,1784635171.2223208,0.0999993324564099,-0.0999999302289557,0.049999999703937335,-0.0999983325781548,-0.434,-0.0,0.504,1.0,0.0,0.0,0.0,-0.4335535244594594,2.4374481648669903e-13,0.5035535294647367
0,1784635171.2434485,-0.09999910343829635,-0.0999999023105282,0.04999999994150856,0.09999777072683935,-0.434,-0.0,0.504,1.0,0.0,0.0,0.0,-0.433553520351183,3.089492916935632e-14,0.5035535253564849
0,1784635171.2653923,0.09999991824011945,-0.09999999023566652,0.04999999964271399,-0.09999984483957453,-0.434,-0.0,0.504,1.0,0.0,0.0,0.0,-0.433553520351183,3.089492916935632e-14,0.5035535253564849
0,1784635171.2826715,-0.09999538339946679,-0.09999954794193995,0.049999998946271246,0.09998943863128729,-0.434,-0.0,0.504,1.0,0.0,0.0,0.0,-0.433553520351183,3.089492916935632e-14,0.5035535253564849
0,1784635171.301147,0.09999992656513759,-0.09999999135296571,0.049999999598279436,-0.09999991002919434,-0.434,-0.0,0.504,1.0,0.0,0.0,0.0,-0.433553520351183,3.089492916935632e-14,0.5035535253564849
0,1784635171.320963,-0.09999976400705274,-0.09999997974066221,0.04999999941728524,0.0999995315620466,-0.434,-0.0,0.504,1.0,0.0,0.0,0.0,-0.433553520351183,3.089492916935632e-14,0.5035535253564849
0,1784635171.3424497,0.09999988930266937,-0.09999998936639018,0.04999999968090852,-0.09999978222109018,-0.434,-0.0,0.504,1.0,0.0,0.0,0.0,-0.433553520351183,3.089492916935632e-14,0.5035535253564849
0,1784635171.3617525,-0.09999920885541783,-0.09999993243355317,0.04999999772884095,0.09999852760153594,-0.434,-0.0,0.504,1.0,0.0,0.0,0.0,-0.433553520351183,3.089492916935632e-14,0.5035535253564849
0,1784635171.3819098,0.0999955648596634,-0.09999962664864322,0.04999999614892127,-0.0999909308581805,-0.434,-0.0,0.504,1.0,0.0,0.0,0.0,-0.433553520351183,3.089492916935632e-14,0.5035535253564849
0,1784635171.4018579,-0.09999994177560811,-0.09999999521162656,0.04999999994280561,0.09999989457082478,-0.434,-0.0,0.504,1.0,0.0,0.0,0.0,-0.433553520351183,3.089492916935632e-14,0.5035535253564849
0,1784635171.4211195,0.09999944822118831,-0.09999997748922991,0.049999998970330646,-0.09999930813580596,-0.434,-0.0,0.504,1.0,0.0,0.0,0.0,-0.433553520351183,3.089492916935632e-14,0.5035535253564849
0,1784635171.4412985,-0.09999844249968712,-0.09999987330161046,0.04999999890668205,0.0999971499546509,-0.434,-0.0,0.504,1.0,0.0,0.0,0.0,-0.433553520351183,3.089492916935632e-14,0.5035535253564849
0,1784635171.4603047,0.09994567105919022,-0.09999933099069143,0.0499999999326204,-0.09997754678335882,-0.434,-0.0,0.504,1.0,0.0,0.0,0.0,-0.433553520351183,3.089492916935632e-14,0.5035535253564849
0,1784635171.4804852,-0.09999802856193685,-0.0999998386662059,0.049999993058549366,0.09999652890947211,-0.434,-0.0,0.504,1.0,0.0,0.0,0.0,-0.433553520351183,3.089492916935632e-14,0.5035535253564849
0,1784635171.5017884,0.09993947176193857,-0.09999830769000799,0.049999999832511695,-0.09994955727579372,-0.434,-0.0,0.504,1.0,0.0,0.0,0.0,-0.433553520351183,3.089492916935632e-14,0.5035535253564849
0,1784635171.5228279,-0.09999778248371546,-0.09999982679752425,0.04999999801236405,0.0999957258669936,-0.434,-0.0,0.504,1.0,0.0,0.0,0.0,-0.433553520351183,3.089492916935632e-14,0.5035535253564849
0,1784635171.5423262,0.09999981355352852,-0.09999999586467909,0.049999999667693196,-0.09999986299970187,-0.434,-0.0,0.504,1.0,0.0,0.0,0.0,-0.433553520351183,3.089492916935632e-14,0.5035535253564849
0,1784635171.5646975,-0.09999803893117223,-0.09999984936906436,0.049999998264089754,0.09999631163626357,-0.434,-0.0,0.504,1.0,0.0,0.0,0.0,-0.433553520351183,3.089492916935632e-14,0.5035535253564849
0,1784635171.58412,0.09999883607110574,-0.0999999733458436,0.04999999733391703,-0.09999918959947021,-0.434,-0.0,0.504,1.0,0.0,0.0,0.0,-0.433553520351183,3.089492916935632e-14,0.5035535253564849
0,1784635171.602001,-0.099998076035158,-0.09999985495488693,0.049999998343927474,0.09999619915346383,-0.434,-0.0,0.504,1.0,0.0,0.0,0.0,-0.433553520351183,3.089492916935632e-14,0.5035535253564849
0,1784635171.6245618,0.0999984801036222,-0.09999996428971768,0.04999999522774558,-0.09999880630966931,-0.434,-0.0,0.504,1.0,0.0,0.0,0.0,-0.433553520351183,3.089492916935632e-14,0.5035535253564849
0,1784635171.642268,-0.09999981186977067,-0.09999998461704468,0.04999999878250645,0.09999961645661054,-0.434,-0.0,0.504,1.0,0.0,0.0,0.0,-0.433553520351183,3.089492916935632e-14,0.5035535253564849
0,1784635171.663502,0.09999876651904258,-0.09999997699655346,0.04999999751930547,-0.09999899359165673,-0.434,-0.0,0.504,1.0,0.0,0.0,0.0,-0.433553520351183,3.089492916935632e-14,0.5035535253564849
0,1784635171.685755,-0.09999994789256356,-0.09999999585458369,0.049999999791687864,0.09999988960888709,-0.434,-0.0,0.504,1.0,0.0,0.0,0.0,-0.433553520351183,3.089492916935632e-14,0.5035535253564849
0,1784635171.7040708,0.09999864921750035,-0.09999997559895156,0.04999999725011238,-0.09999895875555281,-0.434,-0.0,0.504,1.0,0.0,0.0,0.0,-0.433553520351183,3.089492916935632e-14,0.5035535253564849
0,1784635171.7230895,-0.09999977037168739,-0.0999999808259036,0.04999999800066572,0.09999953064003389,-0.434,-0.0,0.504,1.0,0.0,0.0,0.0,-0.433553520351183,3.089492916935632e-14,0.5035535253564849
0,1784635171.7435377,0.09999855656346981,-0.09999997215050446,0.04999999721605266,-0.09999903553388967,-0.434,-0.0,0.504,1.0,0.0,0.0,0.0,-0.433553520351183,3.089492916935632e-14,0.5035535253564849
0,1784635171.771236,-0.0999998241664696,-0.09999998535606436,0.04999999863670212,0.09999962170418342,-0.434,-0.0,0.504,1.0,0.0,0.0,0.0,-0.433553520351183,3.089492916935632e-14,0.5035535253564849
0,1784635171.7913077,0.09999187334869525,-0.09999984547628556,0.04999999998241097,-0.09999413692230238,-0.434,-0.0,0.504,1.0,0.0,0.0,0.0,-0.43355351738772185,2.0547669656620017e-13,0.5035535223930446
0,1784635171.8090723,-0.09999988369324597,-0.09999999039256405,0.04999999915414262,0.09999974664074732,-0.434,-0.0,0.504,1.0,0.0,0.0,0.0,-0.43355351738772185,2.0547669656620017e-13,0.5035535223930446
0,1784635171.828383,0.09999896249213733,-0.09999998270202133,0.04999999957415139,-0.09999931603536713,-0.434,-0.0,0.504,1.0,0.0,0.0,0.0,-0.43355351738772185,2.0547669656620017e-13,0.5035535223930446
0,1784635171.8488102,-0.09999989900226366,-0.09999999166546862,0.04999999927659611,0.09999978092977488,-0.434,-0.0,0.504,1.0,0.0,0.0,0.0,-0.43355351738772185,2.0547669656620017e-13,0.5035535223930446
0,1784635171.8681605,0.09999903024625353,-0.09999998088462045,0.04999999897405995,-0.09999924084012121,-0.434,-0.0,0.504,1.0,0.0,0.0,0.0,-0.43355351738772185,2.0547669656620017e-13,0.5035535223930446
0,1784635171.887473,-0.09999991753353951,-0.0999999931342147,0.04999999937804252,0.09999982422879525,-0.434,-0.0,0.504,1.0,0.0,0.0,0.0,-0.43355351738772185,2.0547669656620017e-13,0.5035535223930446
0,1784635171.9053316,0.09999876221573606,-0.09999997756055021,0.04999999891797303,-0.0999991050614161,-0.434,-0.0,0.504,1.0,0.0,0.0,0.0,-0.43355351738772185,2.0547669656620017e-13,0.5035535223930446
0,1784635171.9226515,-0.09999991876379183,-0.09999999315595438,0.04999999934128242,0.09999983121715567,-0.434,-0.0,0.504,1.0,0.0,0.0,0.0,-0.43355351738772185,2.0547669656620017e-13,0.5035535223930446
0,1784635171.943586,0.09999890033501205,-0.09999998248356526,0.049999999089919867,-0.0999992954111992,-0.434,-0.0,0.504,1.0,0.0,0.0,0.0,-0.43355351738772185,2.0547669656620017e-13,0.5035535223930446
0,1784635171.962875,-0.09999990819397311,-0.09999999219089092,0.04999999921308305,0.09999981449575429,-0.434,-0.0,0.504,1.0,0.0,0.0,0.0,-0.43355351738772185,2.0547669656620017e-13,0.5035535223930446
0,1784635171.9843183,0.09999895444788073,-0.09999998321574405,0.04999999869669352,-0.09999936925145975,-0.434,-0.0,0.504,1.0,0.0,0.0,0.0,-0.43355351738772185,2.0547669656620017e-13,0.5035535223930446
0,1784635172.0105913,-0.09999990298507455,-0.0999999917210945,0.04999999916105257,0.0999998034707375,-0.434,-0.0,0.504,1.0,0.0,0.0,0.0,-0.43355351738772185,2.0547669656620017e-13,0.5035535223930446
0,1784635172.0302699,0.0999990539832461,-0.09999998485004617,0.04999999856843356,-0.09999945928440568,-0.434,-0.0,0.504,1.0,0.0,0.0,0.0,-0.43355351738772185,2.0547669656620017e-13,0.5035535223930446
0,1784635172.0431042,-0.09999988752266603,-0.09999999043594363,0.04999999904231859,0.09999976952860828,-0.434,-0.0,0.504,1.0,0.0,0.0,0.0,-0.43355351738772185,2.0547669656620017e-13,0.5035535223930446
0,1784635172.0622869,0.09999907715865067,-0.09999998514058239,0.04999999854227744,-0.09999947345238458,-0.434,-0.0,0.504,1.0,0.0,0.0,0.0,-0.43355351738772185,2.0547669656620017e-13,0.5035535223930446
0,1784635172.0833442,-0.09999986050686724,-0.09999998816514158,0.04999999880116688,0.09999971253035506,-0.434,-0.0,0.504,1.0,0.0,0.0,0.0,-0.43355351738772185,2.0547669656620017e-13,0.5035535223930446
0,1784635172.1033375,0.0999990819012769,-0.09999998516517354,0.04999999851803946,-0.0999994747178285,-0.434,-0.0,0.504,1.0,0.0,0.0,0.0,-0.43355351738772185,2.0547669656620017e-13,0.5035535223930446
0,1784635172.1261725,-0.09999985980060486,-0.09999998809869594,0.049999998792040166,0.09999971087807322,-0.434,-0.0,0.504,1.0,0.0,0.0,0.0,-0.43355351738772185,2.0547669656620017e-13,0.5035535223930446
0,1784635172.1445298,0.0999990939914685,-0.099999985318379,0.04999999851661995,-0.0999994804367482,-0.434,-0.0,0.504,1.0,0.0,0.0,0.0,-0.43355351738772185,2.0547669656620017e-13,0.5035535223930446
0,1784635172.1658206,-0.09999984966889885,-0.09999998726890306,0.04999999870903613,0.09999968902647291,-0.434,-0.0,0.504,1.0,0.0,0.0,0.0,-0.43355351738772185,2.0547669656620017e-13,0.5035535223930446
0,1784635172.1827176,0.0999990971160733,-0.09999998535384706,0.049999998509412925,-0.09999948113335663,-0.434,-0.0,0.504,1.0,0.0,0.0,0.0,-0.43355351738772185,2.0547669656620017e-13,0.5035535223930446
0,1784635172.2029827,-0.09999984505712087,-0.099999986900995,0.04999999867697871,0.09999967875341934,-0.434,-0.0,0.504,1.0,0.0,0.0,0.0,-0.43355351738772185,2.0547669656620017e-13,0.5035535223930446
0,1784635172.2336369,0.09999909898742379,-0.09999998538486736,0.049999998502997585,-0.09999948207821954,-0.434,-0.0,0.504,1.0,0.0,0.0,0.0,-0.43355351738772185,2.0547669656620017e-13,0.5035535223930446
0,1784635172.2614508,-0.09999984379834856,-0.09999998680943782,0.049999998671175994,0.0999996758480223,-0.434,-0.0,0.504,1.0,0.0,0.0,0.0,-0.43355351738772185,2.0547669656620017e-13,0.5035535223930446
0,1784635172.279398,0.09999910101843654,-0.09999998542067938,0.049999998501400716,-0.09999948309351403,-0.434,-0.0,0.504,1.0,0.0,0.0,0.0,-0.43355351738772185,2.0547669656620017e-13,0.5035535223930446
0,1784635172.288829,-0.09999984085804003,-0.09999998657804357,0.04999999865011474,0.09999966940491975,-0.434,-0.0,0.504,1.0,0.0,0.0,0.0,-0.43355351738772185,2.0547669656620017e-13,0.5035535223930446
0,1784635172.3021617,0.09999910013966218,-0.09999998541533342,0.0499999984969826,-0.09999948263965938,-0.434,-0.0,0.504,1.0,0.0,0.0,0.0,-0.43355351738772185,2.0547669656620017e-13,0.5035535223930446
0,1784635172.3301027,-0.09999984024181574,-0.09999998653545776,0.04999999864802349,0.09999966797952417,-0.434,-0.0,0.504,1.0,0.0,0.0,0.0,-0.43355351738772185,2.0547669656620017e-13,0.5035535223930446
0,1784635172.353592,0.09999909998543977,-0.0999999854211539,0.04999999849499687,-0.09999948271414141,-0.434,-0.0,0.504,1.0,0.0,0.0,0.0,-0.43355351738772185,2.0547669656620017e-13,0.5035535223930446
0,1784635172.3702848,-0.09999983954430619,-0.0999999864843598,0.049999998644031464,0.09999966644485367,-0.434,-0.0,0.504,1.0,0.0,0.0,0.0,-0.43355351738772185,2.0547669656620017e-13,0.5035535223930446
0,1784635172.388914,0.09999909950093347,-0.09999998542046705,0.04999999849348091,-0.0999994825456699,-0.434,-0.0,0.504,1.0,0.0,0.0,0.0,-0.43355351738772185,2.0547669656620017e-13,0.5035535223930446
0,1784635172.409709,-0.0999998389234677,-0.0999999864379084,0.0499999986402572,0.09999966508363481,-0.434,-0.0,0.504,1.0,0.0,0.0,0.0,-0.43355351738772185,2.0547669656620017e-13,0.5035535223930446
0,1784635172.4337428,0.09999909883832442,-0.09999998541621272,0.04999999849196484,-0.09999948230525119,-0.434,-0.0,0.504,1.0,0.0,0.0,0.0,-0.43355351738772185,2.0547669656620017e-13,0.5035535223930446
0,1784635172.4591906,-0.0999998388037883,-0.09999998643125425,0.04999999864021904,0.09999966481456513,-0.434,-0.0,0.504,1.0,0.0,0.0,0.0,-0.43355351738772185,2.0547669656620017e-13,0.5035535223930446
0,1784635172.4830716,0.09999909851210487,-0.09999998541571016,0.0499999984912823,-0.09999948222829205,-0.434,-0.0,0.504,1.0,0.0,0.0,0.0,-0.43355351738772185,2.0547669656620017e-13,0.5035535223930446
0,1784635172.5025516,-0.09999983855835273,-0.09999998641339665,0.04999999863877181,0.09999966428544776,-0.434,-0.0,0.504,1.0,0.0,0.0,0.0,-0.43355351738772185,2.0547669656620017e-13,0.5035535223930446
0,1784635172.5233498,0.09999909812683183,-0.09999998541319684,0.04999999849062844,-0.0999994820892734,-0.434,-0.0,0.504,1.0,0.0,0.0,0.0,-0.43355351738772185,2.0547669656620017e-13,0.5035535223930446
0,1784635172.5471835,-0.09999983845285981,-0.09999998640630489,0.04999999863833954,0.09999966405669988,-0.434,-0.0,0.504,1.0,0.0,0.0,0.0,-0.43355351738772185,2.0547669656620017e-13,0.5035535223930446
0,1784635172.567803,0.09999909786206426,-0.09999998541170968,0.049999998490193695,-0.09999948200818204,-0.434,-0.0,0.504,1.0,0.0,0.0,0.0,-0.43355351738772185,2.0547669656620017e-13,0.5035535223930446
0,1784635172.5893228,-0.0999998384056962,-0.09999998640351812,0.04999999863822693,0.09999966395674384,-0.434,-0.0,0.504,1.0,0.0,0.0,0.0,-0.43355351738772185,2.0547669656620017e-13,0.5035535223930446
0,1784635172.6123095,0.09999909768866472,-0.09999998541087475,0.049999998489946684,-0.09999948195692673,-0.434,-0.0,0.504,1.0,0.0,0.0,0.0,-0.43355351738772185,2.0547669656620017e-13,0.5035535223930446
0,1784635172.6343977,-0.09999983833995274,-0.09999998639887818,0.04999999863786907,0.0999996638168735,-0.434,-0.0,0.504,1.0,0.0,0.0,0.0,-0.43355351738772185,2.0547669656620017e-13,0.5035535223930446
0,1784635172.6530232,0.09999909753599512,-0.09999998540985663,0.04999999848972815,-0.09999948190565919,-0.434,-0.0,0.504,1.0,0.0,0.0,0.0,-0.43355351738772185,2.0547669656620017e-13,0.5035535223930446
0,1784635172.6717207,-0.09999983832061132,-0.09999998639778938,0.04999999863784091,0.09999966377620248,-0.434,-0.0,0.504,1.0,0.0,0.0,0.0,-0.43355351323719404,1.2583481371958212e-13,0.5035535182425415
0,1784635172.693489,0.099999097433071,-0.0999999854092517,0.049999998489591316,-0.09999948187574711,-0.434,-0.0,0.504,1.0,0.0,0.0,0.0,-0.43355351323719404,1.2583481371958212e-13,0.5035535182425415
0,1784635172.7108195,-0.09999983829696785,-0.09999998639620056,0.04999999863772291,0.09999966372715832,-0.434,-0.0,0.504,1.0,0.0,0.0,0.0,-0.43355351323719404,1.2583481371958212e-13,0.5035535182425415
0,1784635172.7318625,0.09999909736479878,-0.09999998540884823,0.049999998489501526,-0.09999948185457297,-0.434,-0.0,0.504,1.0,0.0,0.0,0.0,-0.43355351323719404,1.2583481371958212e-13,0.5035535182425415
0,1784635172.7505238,-0.0999998382831018,-0.0999999863953049,0.049999998637666666,0.09999966369824662,-0.434,-0.0,0.504,1.0,0.0,0.0,0.0,-0.43355351323719404,1.2583481371958212e-13,0.5035535182425415
0,1784635172.7662022,0.09999909731641729,-0.09999998540856729,0.04999999848943889,-0.09999948183991333,-0.434,-0.0,0.504,1.0,0.0,0.0,0.0,-0.43355351323719404,1.2583481371958212e-13,0.5035535182425415
0,1784635172.7849278,-0.09999983827621303,-0.09999998639490583,0.04999999863765058,0.09999966368403304,-0.434,-0.0,0.504,1.0,0.0,0.0,0.0,-0.43355351323719404,1.2583481371958212e-13,0.5035535182425415
0,1784635172.802011,0.09999909728463396,-0.09999998540839976,0.04999999848939914,-0.09999948183081472,-0.434,-0.0,0.504,1.0,0.0,0.0,0.0,-0.43355351323719404,1.2583481371958212e-13,0.5035535182425415
0,1784635172.823713,-0.09999983826993916,-0.09999998639450593,0.04999999863762599,0.09999966367102278,-0.434,-0.0,0.504,1.0,0.0,0.0,0.0,-0.43355351323719404,1.2583481371958212e-13,0.5035535182425415
0,1784635172.8451583,0.09999909726238648,-0.09999998540827507,0.04999999848937147,-0.09999948182414792,-0.434,-0.0,0.504,1.0,0.0,0.0,0.0,-0.43355351323719404,1.2583481371958212e-13,0.5035535182425415
0,1784635172.8640828,-0.09999983826637304,-0.09999998639429115,0.04999999863761559,0.09999966366364268,-0.434,-0.0,0.504,1.0,0.0,0.0,0.0,-0.43355351323719404,1.2583481371958212e-13,0.5035535182425415
0,1784635172.884171,0.09999909724653372,-0.0999999854081863,0.04999999848935156,-0.09999948181950274,-0.434,-0.0,0.504,1.0,0.0,0.0,0.0,-0.43355351323719404,1.2583481371958212e-13,0.5035535182425415
0,1784635172.9019449,-0.09999983826387965,-0.0999999863941401,0.049999998637607845,0.09999966365850571,-0.434,-0.0,0.504,1.0,0.0,0.0,0.0,-0.43355351323719404,1.2583481371958212e-13,0.5035535182425415
0,1784635172.9239118,0.09999909723587622,-0.09999998540812821,0.049999998489338164,-0.09999948181642376,-0.434,-0.0,0.504,1.0,0.0,0.0,0.0,-0.43355351323719404,1.2583481371958212e-13,0.5035535182425415
0,1784635172.9430962,-0.09999983826205047,-0.0999999863940269,0.04999999863760154,0.09999966365473054,-0.434,-0.0,0.504,1.0,0.0,0.0,0.0,-0.43355351323719404,1.2583481371958212e-13,0.5035535182425415
0,1784635172.964094,0.0999990972285544,-0.0999999854080885,0.049999998489328915,-0.09999948181430629,-0.434,-0.0,0.504,1.0,0.0,0.0,0.0,-0.43355351323719404,1.2583481371958212e-13,0.5035535182425415
0,1784635172.984042,-0.09999983826075895,-0.09999998639394657,0.049999998637597014,0.09999966365206206,-0.434,-0.0,0.504,1.0,0.0,0.0,0.0,-0.43355351323719404,1.2583481371958212e-13,0.5035535182425415
0,1784635173.0036275,0.0999990972238228,-0.09999998540806417,0.04999999848932299,-0.09999948181295495,-0.434,-0.0,0.504,1.0,0.0,0.0,0.0,-0.43355351323719404,1.2583481371958212e-13,0.5035535182425415
0,1784635173.0237155,-0.09999983826000192,-0.09999998639390188,0.04999999863759501,0.0999996636504997,-0.434,-0.0,0.504,1.0,0.0,0.0,0.0,-0.43355351323719404,1.2583481371958212e-13,0.5035535182425415
0,1784635173.0457916,0.09999909722040462,-0.09999998540804625,0.04999999848931871,-0.09999948181197574,-0.434,-0.0,0.504,1.0,0.0,0.0,0.0,-0.43355351323719404,1.2583481371958212e-13,0.5035535182425415
0,1784635173.0629778,-0.0999998382593382,-0.09999998639385953,0.04999999863759246,0.09999966364911855,-0.434,-0.0,0.504,1.0,0.0,0.0,0.0,-0.43355351323719404,1.2583481371958212e-13,0.5035535182425415
0,1784635173.085839,0.09999909721800385,-0.09999998540803315,0.0499999984893156,-0.09999948181127985,-0.434,-0.0,0.504,1.0,0.0,0.0,0.0,-0.43355351323719404,1.2583481371958212e-13,0.5035535182425415
0,1784635173.1066613,-0.09999983825898459,-0.09999998639383885,0.04999999863759158,0.09999966364839044,-0.434,-0.0,0.504,1.0,0.0,0.0,0.0,-0.43355351323719404,1.2583481371958212e-13,0.5035535182425415
0,1784635173.1236203,0.0999990972164369,-0.0999999854080254,0.04999999848931361,-0.09999948181084764,-0.434,-0.0,0.504,1.0,0.0,0.0,0.0,-0.43355351323719404,1.2583481371958212e-13,0.5035535182425415
0,1784635173.146007,-0.09999983825391012,-0.09999998639344233,0.049999998637552175,0.09999966363793114,-0.434,-0.0,0.504,1.0,0.0,0.0,0.0,-0.43355351010862847,1.4775087173581823e-13,0.5035535151139972
0,1784635173.169937,0.09999909722221231,-0.09999998540806262,0.04999999848932491,-0.09999948181261423,-0.434,-0.0,0.504,1.0,0.0,0.0,0.0,-0.43355351010862847,1.4775087173581823e-13,0.5035535151139972
0,1784635173.1904411,-0.09999983825928999,-0.09999998639387968,0.04999999863759522,0.09999966364956708,-0.434,-0.0,0.504,1.0,0.0,0.0,0.0,-0.43355351010862847,1.4775087173581823e-13,0.5035535151139972
0,1784635173.2094398,0.0999990972210803,-0.09999998540805442,0.049999998489326035,-0.0999994818120386,-0.434,-0.0,0.504,1.0,0.0,0.0,0.0,-0.43355351010862847,1.4775087173581823e-13,0.5035535151139972
0,1784635173.2306051,-0.09999983825423164,-0.09999998639346157,0.04999999863755137,0.09999966363876944,-0.434,-0.0,0.504,1.0,0.0,0.0,0.0,-0.43355351010862847,1.4775087173581823e-13,0.5035535151139972
0,1784635173.252129,0.09999909721677269,-0.0999999854079889,0.049999998489316966,-0.09999948180989687,-0.434,-0.0,0.504,1.0,0.0,0.0,0.0,-0.43355351010862847,1.4775087173581823e-13,0.5035535151139972
0,1784635173.2703958,-0.09999983825814729,-0.09999998639377909,0.049999998637583476,0.09999966364721505,-0.434,-0.0,0.504,1.0,0.0,0.0,0.0,-0.43355351010862847,1.4775087173581823e-13,0.5035535151139972
0,1784635173.2952135,0.09999909721952843,-0.09999998540803068,0.04999999848932099,-0.09999948181158466,-0.434,-0.0,0.504,1.0,0.0,0.0,0.0,-0.43355351010862847,1.4775087173581823e-13,0.5035535151139972
0,1784635173.3164976,-0.09999983825661171,-0.09999998639365298,0.049999998637569494,0.09999966364398685,-0.434,-0.0,0.504,1.0,0.0,0.0,0.0,-0.43355351010862847,1.4775087173581823e-13,0.5035535151139972
0,1784635173.3374784,0.09999909721886732,-0.09999998540802368,0.04999999848932051,-0.09999948181124382,-0.434,-0.0,0.504,1.0,0.0,0.0,0.0,-0.43355351010862847,1.4775087173581823e-13,0.5035535151139972
0,1784635173.3602118,-0.09999983825648617,-0.09999998639364224,0.049999998637569015,0.09999966364366294,-0.434,-0.0,0.504,1.0,0.0,0.0,0.0,-0.43355351010862847,1.4775087173581823e-13,0.5035535151139972
0,1784635173.3819592,0.09999909721831973,-0.0999999854080167,0.04999999848931877,-0.09999948181105253,-0.434,-0.0,0.504,1.0,0.0,0.0,0.0,-0.43355351010862847,1.4775087173581823e-13,0.5035535151139972
0,1784635173.4050143,-0.09999983825705813,-0.09999998639368918,0.04999999863757368,0.09999966364491183,-0.434,-0.0,0.504,1.0,0.0,0.0,0.0,-0.43355351010862847,1.4775087173581823e-13,0.5035535151139972
0,1784635173.4262426,0.09999909721910927,-0.09999998540802829,0.049999998489319686,-0.09999948181148838,-0.434,-0.0,0.504,1.0,0.0,0.0,0.0,-0.43355351010862847,1.4775087173581823e-13,0.5035535151139972
0,1784635173.4473212,-0.09999983825643377,-0.09999998639363845,0.0499999986375684,0.0999996636435786,-0.434,-0.0,0.504,1.0,0.0,0.0,0.0,-0.43355351010862847,1.4775087173581823e-13,0.5035535151139972
0,1784635173.4689023,0.09999909721896849,-0.09999998540802611,0.049999998489319214,-0.09999948181137647,-0.434,-0.0,0.504,1.0,0.0,0.0,0.0,-0.43355351010862847,1.4775087173581823e-13,0.5035535151139972
0,1784635173.487104,-0.09999983825652942,-0.09999998639364652,0.049999998637569515,0.09999966364376367,-0.434,-0.0,0.504,1.0,0.0,0.0,0.0,-0.43355351010862847,1.4775087173581823e-13,0.5035535151139972
0,1784635173.5057566,0.09999909721883085,-0.09999998540802688,0.0499999984893188,-0.09999948181141907,-0.434,-0.0,0.504,1.0,0.0,0.0,0.0,-0.43355351010862847,1.4775087173581823e-13,0.5035535151139972
0,1784635173.523028,-0.09999983825648512,-0.09999998639364341,0.049999998637569244,0.09999966364367172,-0.434,-0.0,0.504,1.0,0.0,0.0,0.0,-0.43355351010862847,1.4775087173581823e-13,0.5035535151139972
0,1784635173.5406845,0.099999097218892,-0.09999998540802835,0.04999999848931877,-0.09999948181146665,-0.434,-0.0,0.504,1.0,0.0,0.0,0.0,-0.43355351010862847,1.4775087173581823e-13,0.5035535151139972
0,1784635173.5635927,-0.09999983825633663,-0.09999998639363161,0.0499999986375681,0.0999996636433512,-0.434,-0.0,0.504,1.0,0.0,0.0,0.0,-0.43355351010862847,1.4775087173581823e-13,0.5035535151139972
0,1784635173.5897927,0.09999909721883538,-0.09999998540802794,0.04999999848931855,-0.09999948181144416,-0.434,-0.0,0.504,1.0,0.0,0.0,0.0,-0.43355351010862847,1.4775087173581823e-13,0.5035535151139972
0,1784635173.6083822,-0.09999983825633449,-0.09999998639363174,0.049999998637568197,0.09999966364334326,-0.434,-0.0,0.504,1.0,0.0,0.0,0.0,-0.43355351010862847,1.4775087173581823e-13,0.5035535151139972
0,1784635173.6251974,0.0999990972188686,-0.09999998540802875,0.049999998489318506,-0.09999948181147067,-0.434,-0.0,0.504,1.0,0.0,0.0,0.0,-0.43355351010862847,1.4775087173581823e-13,0.5035535151139972
0,1784635173.6439972,-0.09999983825631506,-0.09999998639363034,0.049999998637568106,0.09999966364329899,-0.434,-0.0,0.504,1.0,0.0,0.0,0.0,-0.43355351010862847,1.4775087173581823e-13,0.5035535151139972
0,1784635173.6663527,0.0999990972187553,-0.09999998540802825,0.049999998489318326,-0.09999948181144769,-0.434,-0.0,0.504,1.0,0.0,0.0,0.0,-0.43355351010862847,1.4775087173581823e-13,0.5035535151139972
0,1784635173.697461,-0.09999983825625727,-0.09999998639362581,0.049999998637567704,0.09999966364317481,-0.434,-0.0,0.504,1.0,0.0,0.0,0.0,-0.43355351010862847,1.4775087173581823e-13,0.5035535151139972
0,1784635173.7187994,0.09999909721869452,-0.09999998540802782,0.04999999848931819,-0.09999948181143281,-0.434,-0.0,0.504,1.0,0.0,0.0,0.0,-0.43355351010862847,1.4775087173581823e-13,0.5035535151139972
0,1784635173.7398973,-0.09999983825625997,-0.0999999863936262,0.04999999863756775,0.09999966364318133,-0.434,-0.0,0.504,1.0,0.0,0.0,0.0,-0.43355351010862847,1.4775087173581823e-13,0.5035535151139972
0,1784635173.7640505,0.09999909721869299,-0.09999998540802806,0.04999999848931814,-0.0999994818114393,-0.434,-0.0,0.504,1.0,0.0,0.0,0.0,-0.43355351010862847,1.4775087173581823e-13,0.5035535151139972
0,1784635173.7895043,-0.09999983825622447,-0.09999998639362344,0.049999998637567496,0.0999996636431052,-0.434,-0.0,0.504,1.0,0.0,0.0,0.0,-0.43355351010862847,1.4775087173581823e-13,0.5035535151139972
0,1784635173.8128743,0.09999909721867384,-0.09999998540802794,0.0499999984893181,-0.09999948181143228,-0.434,-0.0,0.504,1.0,0.0,0.0,0.0,-0.43355351010862847,1.4775087173581823e-13,0.5035535151139972
0,1784635173.8271701,-0.09999983825622014,-0.09999998639362319,0.04999999863756749,0.09999966364309523,-0.434,-0.0,0.504,1.0,0.0,0.0,0.0,-0.43355351010862847,1.4775087173581823e-13,0.5035535151139972
0,1784635173.8456352,0.09999909721865649,-0.09999998540802806,0.049999998489318076,-0.09999948181143609,-0.434,-0.0,0.504,1.0,0.0,0.0,0.0,-0.43355351010862847,1.4775087173581823e-13,0.5035535151139972
0,1784635173.8687115,-0.099999838256215,-0.09999998639362281,0.04999999863756747,0.0999996636430833,-0.434,-0.0,0.504,1.0,0.0,0.0,0.0,-0.43355351010862847,1.4775087173581823e-13,0.5035535151139972
0,1784635173.886233,0.0999990972185999,-0.0999999854080275,0.04999999848931797,-0.09999948181141521,-0.434,-0.0,0.504,1.0,0.0,0.0,0.0,-0.43355351010862847,1.4775087173581823e-13,0.5035535151139972
0,1784635173.910496,-0.0999998382562064,-0.09999998639362216,0.04999999863756741,0.09999966364306553,-0.434,-0.0,0.504,1.0,0.0,0.0,0.0,-0.43355351010862847,1.4775087173581823e-13,0.5035535151139972
0,1784635173.9291794,0.09999909721858488,-0.09999998540802746,0.04999999848931794,-0.09999948181141394,-0.434,-0.0,0.504,1.0,0.0,0.0,0.0,-0.43355351010862847,1.4775087173581823e-13,0.5035535151139972
0,1784635173.9447377,-0.0999998382562026,-0.0999999863936219,0.049999998637567385,0.09999966364305818,-0.434,-0.0,0.504,1.0,0.0,0.0,0.0,-0.43355351010862847,1.4775087173581823e-13,0.5035535151139972
0,1784635173.9655735,0.09999909721858449,-0.0999999854080275,0.04999999848931792,-0.09999948181141552,-0.434,-0.0,0.504,1.0,0.0,0.0,0.0,-0.43355351010862847,1.4775087173581823e-13,0.5035535151139972
0,1784635173.9882674,-0.09999983825618977,-0.0999999863936209,0.04999999863756729,0.09999966364303042,-0.434,-0.0,0.504,1.0,0.0,0.0,0.0,-0.43355351010862847,1.4775087173581823e-13,0.5035535151139972
0,1784635174.0080528,0.09999909721857772,-0.0999999854080275,0.0499999984893179,-0.0999994818114136,-0.434,-0.0,0.504,1.0,0.0,0.0,0.0,-0.43355351010862847,1.4775087173581823e-13,0.5035535151139972
0,1784635174.0223644,-0.0999998382551738,-0.099999986393527,0.049999998637557753,0.09999966364076529,-0.434,-0.0,0.504,1.0,0.0,0.0,0.0,-0.4335535058780593,4.0844264710749736e-14,0.5035535108834521
0,1784635174.0449767,0.09999909720740488,-0.09999998540788917,0.04999999848930488,-0.09999948180732807,-0.434,-0.0,0.504,1.0,0.0,0.0,0.0,-0.4335535058780593,4.0844264710749736e-14,0.5035535108834521
0,1784635174.0664492,-0.09999983825142092,-0.09999998639321696,0.049999998637520575,0.09999966363318749,-0.434,-0.0,0.504,1.0,0.0,0.0,0.0,-0.4335535058780593,4.0844264710749736e-14,0.5035535108834521
0,1784635174.0877259,0.09999909720724948,-0.09999998540787977,0.049999998489302595,-0.09999948180729296,-0.434,-0.0,0.504,1.0,0.0,0.0,0.0,-0.4335535058780593,4.0844264710749736e-14,0.5035535108834521
0,1784635174.1063054,-0.09999983825256753,-0.09999998639331166,0.049999998637529,0.09999966363578563,-0.434,-0.0,0.504,1.0,0.0,0.0,0.0,-0.4335535058780593,4.0844264710749736e-14,0.5035535108834521
0,1784635174.1267128,0.09999909720850242,-0.0999999854078998,0.049999998489305544,-0.0999994818078764,-0.434,-0.0,0.504,1.0,0.0,0.0,0.0,-0.4335535058780593,4.0844264710749736e-14,0.5035535108834521
0,1784635174.151487,-0.09999983825110714,-0.09999998639319366,0.04999999863751736,0.09999966363263066,-0.434,-0.0,0.504,1.0,0.0,0.0,0.0,-0.4335535058780593,4.0844264710749736e-14,0.5035535108834521
0,1784635174.1733732,0.09999909720780534,-0.09999998540788661,0.04999999848930394,-0.09999948180734561,-0.434,-0.0,0.504,1.0,0.0,0.0,0.0,-0.4335535058780593,4.0844264710749736e-14,0.5035535108834521
0,1784635174.1976707,-0.09999983825196157,-0.09999998639326459,0.04999999863752495,0.09999966363446647,-0.434,-0.0,0.504,1.0,0.0,0.0,0.0,-0.4335535058780593,4.0844264710749736e-14,0.5035535108834521
0,1784635174.2214785,0.0999990972086578,-0.0999999854079023,0.04999999848930577,-0.09999948180793888,-0.434,-0.0,0.504,1.0,0.0,0.0,0.0,-0.4335535058780593,4.0844264710749736e-14,0.5035535108834521
0,1784635174.2475333,-0.09999983825165676,-0.09999998639324001,0.049999998637522414,0.09999966363380858,-0.434,-0.0,0.504,1.0,0.0,0.0,0.0,-0.4335535058780593,4.0844264710749736e-14,0.5035535108834521
0,1784635174.2698343,0.09999909720818512,-0.09999998540789604,0.049999998489305426,-0.09999948180765572,-0.434,-0.0,0.504,1.0,0.0,0.0,0.0,-0.4335535058780593,4.0844264710749736e-14,0.5035535108834521
0,1784635174.2906013,-0.09999983825162437,-0.09999998639323744,0.049999998637522365,0.09999966363372453,-0.434,-0.0,0.504,1.0,0.0,0.0,0.0,-0.4335535058780593,4.0844264710749736e-14,0.5035535108834521
0,1784635174.3134477,0.09999909720791808,-0.09999998540789277,0.04999999848930497,-0.09999948180756396,-0.434,-0.0,0.504,1.0,0.0,0.0,0.0,-0.4335535058780593,4.0844264710749736e-14,0.5035535108834521
0,1784635174.3295884,-0.09999983825189943,-0.09999998639325992,0.049999998637524565,0.09999966363432453,-0.434,-0.0,0.504,1.0,0.0,0.0,0.0,-0.4335535058780593,4.0844264710749736e-14,0.5035535108834521
0,1784635174.3539991,0.09999909720814379,-0.09999998540789459,0.04999999848930526,-0.09999948180762233,-0.434,-0.0,0.504,1.0,0.0,0.0,0.0,-0.4335535058780593,4.0844264710749736e-14,0.5035535108834521
0,1784635174.3765507,-0.09999983825169423,-0.09999998639324327,0.049999998637522775,0.09999966363389418,-0.434,-0.0,0.504,1.0,0.0,0.0,0.0,-0.4335535058780593,4.0844264710749736e-14,0.5035535108834521
0,1784635174.3963587,0.09999909720814662,-0.09999998540789473,0.049999998489305385,-0.09999948180762458,-0.434,-0.0,0.504,1.0,0.0,0.0,0.0,-0.4335535058780593,4.0844264710749736e-14,0.5035535108834521
0,1784635174.41673,-0.09999983825179412,-0.09999998639325133,0.04999999863752366,0.09999966363410154,-0.434,-0.0,0.504,1.0,0.0,0.0,0.0,-0.4335535058780593,4.0844264710749736e-14,0.5035535108834521
0,1784635174.4367554,0.09999909720813269,-0.09999998540789459,0.04999999848930547,-0.09999948180761772,-0.434,-0.0,0.504,1.0,0.0,0.0,0.0,-0.4335535058780593,4.0844264710749736e-14,0.5035535108834521
0,1784635174.4568808,-0.09999983825181516,-0.09999998639325297,0.049999998637523815,0.09999966363414622,-0.434,-0.0,0.504,1.0,0.0,0.0,0.0,-0.4335535058780593,4.0844264710749736e-14,0.5035535108834521
0,1784635174.4778697,0.09999909720810127,-0.09999998540789402,0.04999999848930546,-0.09999948180760115,-0.434,-0.0,0.504,1.0,0.0,0.0,0.0,-0.4335535058780593,4.0844264710749736e-14,0.5035535108834521
0,1784635174.4960265,-0.09999983825183201,-0.09999998639325425,0.04999999863752392,0.09999966363418406,-0.434,-0.0,0.504,1.0,0.0,0.0,0.0,-0.4335535058780593,4.0844264710749736e-14,0.5035535108834521
0,1784635174.515065,0.09999909720808783,-0.09999998540789375,0.04999999848930547,-0.09999948180759255,-0.434,-0.0,0.504,1.0,0.0,0.0,0.0,-0.4335535058780593,4.0844264710749736e-14,0.5035535108834521
0,1784635174.5382054,-0.09999983824976685,-0.09999998639309057,0.04999999863750747,0.09999966362998033,-0.434,-0.0,0.504,1.0,0.0,0.0,0.0,-0.43355350292094386,2.1718353980370458e-13,0.5035535079263482
0,1784635174.5586376,0.09999909720818728,-0.099999985407858,0.04999999848930555,-0.09999948180676729,-0.434,-0.0,0.504,1.0,0.0,0.0,0.0,-0.43355350292094386,2.1718353980370458e-13,0.5035535079263482
0,1784635174.5810657,-0.0999998382503704,-0.09999998639313543,0.04999999863750852,0.09999966363145055,-0.434,-0.0,0.504,1.0,0.0,0.0,0.0,-0.43355350292094386,2.1718353980370458e-13,0.5035535079263482
0,1784635174.5944583,0.09999909720829775,-0.09999998540785791,0.049999998489306925,-0.09999948180668536,-0.434,-0.0,0.504,1.0,0.0,0.0,0.0,-0.43355350292094386,2.1718353980370458e-13,0.5035535079263482
0,1784635174.606587,-0.09999983824885353,-0.09999998639301161,0.04999999863749553,0.09999966362822749,-0.434,-0.0,0.504,1.0,0.0,0.0,0.0,-0.43355350292094386,2.1718353980370458e-13,0.5035535079263482
0,1784635174.6257954,0.09999909720654973,-0.0999999854078328,0.04999999848930491,-0.09999948180573487,-0.434,-0.0,0.504,1.0,0.0,0.0,0.0,-0.43355350292094386,2.1718353980370458e-13,0.5035535079263482
0,1784635174.6595452,-0.09999983825013509,-0.09999998639311643,0.04999999863750644,0.09999966363097859,-0.434,-0.0,0.504,1.0,0.0,0.0,0.0,-0.43355350292094386,2.1718353980370458e-13,0.5035535079263482
0,1784635174.6866593,0.09999909720674807,-0.09999998540783768,0.04999999848930598,-0.0999994818059605,-0.434,-0.0,0.504,1.0,0.0,0.0,0.0,-0.43355350292094386,2.1718353980370458e-13,0.5035535079263482
0,1784635174.71198,-0.09999983825020956,-0.0999999863931217,0.04999999863750649,0.0999996636311635,-0.434,-0.0,0.504,1.0,0.0,0.0,0.0,-0.43355350292094386,2.1718353980370458e-13,0.5035535079263482
0,1784635174.7363417,0.09999909720581676,-0.0999999854078265,0.04999999848930501,-0.09999948180552268,-0.434,-0.0,0.504,1.0,0.0,0.0,0.0,-0.43355350292094386,2.1718353980370458e-13,0.5035535079263482
0,1784635174.7617693,-0.09999983824979183,-0.09999998639308744,0.049999998637502846,0.0999996636302859,-0.434,-0.0,0.504,1.0,0.0,0.0,0.0,-0.43355350292094386,2.1718353980370458e-13,0.5035535079263482
0,1784635174.7857304,0.09999909720589106,-0.09999998540782584,0.04999999848930506,-0.09999948180553031,-0.434,-0.0,0.504,1.0,0.0,0.0,0.0,-0.43355350292094386,2.1718353980370458e-13,0.5035535079263482
0,1784635174.8130133,-0.09999983825035777,-0.09999998639313369,0.049999998637507495,0.09999966363150803,-0.434,-0.0,0.504,1.0,0.0,0.0,0.0,-0.43355350292094386,2.1718353980370458e-13,0.5035535079263482
0,1784635174.8375309,0.0999990972063006,-0.09999998540783167,0.049999998489306134,-0.09999948180572596,-0.434,-0.0,0.504,1.0,0.0,0.0,0.0,-0.43355350292094386,2.1718353980370458e-13,0.5035535079263482
0,1784635174.8607044,-0.0999998382501033,-0.09999998639311256,0.04999999863750526,0.09999966363095811,-0.434,-0.0,0.504,1.0,0.0,0.0,0.0,-0.43355350292094386,2.1718353980370458e-13,0.5035535079263482
0,1784635174.8839886,0.09999909720584535,-0.09999998540782551,0.04999999848930555,-0.09999948180549198,-0.434,-0.0,0.504,1.0,0.0,0.0,0.0,-0.43355350292094386,2.1718353980370458e-13,0.5035535079263482
0,1784635174.9058206,-0.09999983825019282,-0.09999998639311976,0.049999998637506,0.0999996636311519,-0.434,-0.0,0.504,1.0,0.0,0.0,0.0,-0.43355350292094386,2.1718353980370458e-13,0.5035535079263482
0,1784635174.9299247,0.09999909720600195,-0.09999998540782716,0.0499999984893058,-0.09999948180557108,-0.434,-0.0,0.504,1.0,0.0,0.0,0.0,-0.43355350292094386,2.1718353980370458e-13,0.5035535079263482
0,1784635174.949887,-0.09999983825030109,-0.0999999863931285,0.049999998637506815,0.09999966363138982,-0.434,-0.0,0.504,1.0,0.0,0.0,0.0,-0.43355350292094386,2.1718353980370458e-13,0.5035535079263482
0,1784635174.9707818,0.09999909720608893,-0.09999998540782815,0.049999998489306106,-0.09999948180559734,-0.434,-0.0,0.504,1.0,0.0,0.0,0.0,-0.43355350292094386,2.1718353980370458e-13,0.5035535079263482
0,1784635174.9941983,-0.09999983825020026,-0.09999998639312016,0.04999999863750595,0.09999966363117235,-0.434,-0.0,0.504,1.0,0.0,0.0,0.0,-0.43355350292094386,2.1718353980370458e-13,0.5035535079263482
0,1784635175.0167627,0.0999990972059874,-0.09999998540782645,0.04999999848930599,-0.09999948180553869,-0.434,-0.0,0.504,1.0,0.0,0.0,0.0,-0.43355350292094386,2.1718353980370458e-13,0.5035535079263482
0,1784635175.0362391,-0.09999983825032224,-0.09999998639312994,0.04999999863750694,0.09999966363143234,-0.434,-0.0,0.504,1.0,0.0,0.0,0.0,-0.43355350292094386,2.1718353980370458e-13,0.5035535079263482
0,1784635175.0525923,0.09999909720597669,-0.0999999854078265,0.049999998489305995,-0.09999948180554599,-0.434,-0.0,0.504,1.0,0.0,0.0,0.0,-0.43355350292094386,2.1718353980370458e-13,0.5035535079263482
1,1784635175.0700736,-0.0023483298292123617,-0.19748710429341124,0.10362475196104097,0.0021477605960393276,-0.434,-0.0,0.504,1.0,0.0,0.0,0.0,-0.43355350292094386,2.1718353980370458e-13,0.5035535079263482
2,1784635175.086561,-0.060502443699356104,-0.2925497737372308,0.16113310947785714,-0.09187519220525842,-0.434,-0.0,0.504,1.0,0.0,0.0,0.0,-0.43355350292094386,2.1718353980370458e-13,0.5035535079263482
3,1784635175.114689,0.0004835815200942631,-0.38521714164919374,0.22278506636132792,-0.03083241617530895,-0.434,-0.0,0.504,1.0,0.0,0.0,0.0,-0.43355350292094386,2.1718353980370458e-13,0.5035535079263482
3,1784635175.1382573,-0.007313710471306627,-0.46241430431653635,0.2660980378487102,-0.02243725254361805,-0.434,-0.0,0.504,1.0,0.0,0.0,0.0,-0.43355350292094386,2.1718353980370458e-13,0.5035535079263482
5,1784635175.1598518,-0.003152456860007491,-0.44804681655759926,0.27486034448711427,-0.010685674241566478,-0.434,-0.0,0.504,1.0,0.0,0.0,0.0,-0.43355350292094386,2.1718353980370458e-13,0.5035535079263482
5,1784635175.1836982,-0.0017289545818091685,-0.44627268989130536,0.2766572122494816,-0.007070386287090142,-0.434,-0.0,0.504,1.0,-0.0,-0.0,0.0,-0.43355350292094386,2.1718353980370458e-13,0.5035535079263482
7,1784635175.205849,-0.001703827414886845,-0.44615424631130723,0.27599364544730964,-0.004235685718625235,-0.433,0.0,0.504,1.0,0.0,-0.0,0.0,-0.43355350292094386,2.1718353980370458e-13,0.5035535079263482
7,1784635175.2287657,-0.0010225924123622486,-0.4272598075650814,0.279018768157825,-0.002443094923291179,-0.432,0.0,0.504,1.0,0.0,-0.003,0.0,-0.4335534988321876,3.249235608560466e-14,0.5035535038376139
9,1784635175.249737,-0.0007939746485224748,-0.38488721064563114,0.28225562103931207,-0.0008068398052793421,-0.431,0.0,0.505,1.0,0.0,-0.009,0.0,-0.4335534988321876,3.249235608560466e-14,0.5035535038376139
11,1784635175.2763598,-0.002843653552088483,-0.27526503719858597,0.35175284680965613,0.004410382555405271,-0.429,0.0,0.507,1.0,-0.0,-0.018,0.0,-0.4335534988321876,3.249235608560466e-14,0.5035535038376139
11,1784635175.2987177,0.0021135630900625028,-0.29076421931542173,0.32577263280245466,0.0028635923267978066,-0.425,0.0,0.51,1.0,-0.0,-0.032,0.0,-0.4335534988321876,3.249235608560466e-14,0.5035535038376139
13,1784635175.3195748,0.0019483498746392823,-0.32035731035868,0.29773963907639583,0.0017902750513859144,-0.423,0.0,0.513,0.999,-0.0,-0.041,0.0,-0.4335534988321876,3.249235608560466e-14,0.5035535038376139
13,1784635175.342619,0.002326496472386926,-0.31532224932046404,0.2795714781416027,0.0007816147592562177,-0.418,0.0,0.519,0.999,-0.0,-0.054,0.0,-0.4335534988321876,3.249235608560466e-14,0.5035535038376139
15,1784635175.3579357,0.005252221487189082,-0.2953836425617821,0.24787158709219878,-0.0008431937778762637,-0.412,0.0,0.528,0.998,-0.0,-0.063,0.0,-0.42650212609773425,8.084682195179584e-06,0.5087315917699757
15,1784635175.369277,0.0020632058739974463,-0.3278081802027281,0.24489023369927107,-0.0008117274622876857,-0.41,0.0,0.533,0.998,-0.0,-0.066,0.0,-0.42650212609773425,8.084682195179584e-06,0.5087315917699757
17,1784635175.3870509,0.0005191438276110605,-0.3287900362594028,0.2539224508300866,-0.0006493151411916603,-0.405,0.0,0.542,0.997,-0.0,-0.071,0.0,-0.42650212609773425,8.084682195179584e-06,0.5087315917699757
18,1784635175.4074044,-0.00021038004294571808,-0.3237389784102661,0.25168158558388176,-0.0005103869110356317,-0.4,0.0,0.552,0.997,-0.0,-0.075,0.0,-0.42650212609773425,8.084682195179584e-06,0.5087315917699757
19,1784635175.4292657,-0.0002673146653306128,-0.333108840535005,0.2169469675539169,-0.0005932047855333005,-0.395,0.0,0.563,0.997,-0.0,-0.08,0.0,-0.42650212609773425,8.084682195179584e-06,0.5087315917699757
20,1784635175.4472828,-0.0007324976279857714,-0.27829347748750205,0.25438150998920556,-0.0002567131281960647,-0.39,0.0,0.574,0.996,-0.0,-0.084,0.0,-0.42650212609773425,8.084682195179584e-06,0.5087315917699757
21,1784635175.4695795,-0.0005769098540423833,-0.2964945809147563,0.24815596571975687,-9.083843158187298e-05,-0.386,0.0,0.582,0.996,-0.0,-0.088,0.0,-0.42650212609773425,8.084682195179584e-06,0.5087315917699757
22,1784635175.4887636,-0.0009165814774909821,-0.2869881594483857,0.21216294044865508,0.00014369945755853523,-0.381,0.0,0.593,0.996,-0.0,-0.093,0.0,-0.42650212609773425,8.084682195179584e-06,0.5087315917699757
23,1784635175.5085747,-0.0016224547505561929,-0.2802665120330008,0.17379494950727445,0.0008953001698536885,-0.376,0.0,0.603,0.995,-0.0,-0.098,0.0,-0.42650212609773425,8.084682195179584e-06,0.5087315917699757
24,1784635175.527842,-0.00021583385139549134,-0.19912117490544717,0.2192078488747234,0.0009257691561772069,-0.373,0.0,0.609,0.995,-0.0,-0.101,0.0,-0.3965976929433802,3.847332918302207e-05,0.5598795478064367
25,1784635175.5490818,-5.885954789113429e-05,-0.20393686918064846,0.22530260395028362,0.001013057512280713,-0.369,0.0,0.619,0.994,-0.0,-0.106,0.0,-0.3965976929433802,3.847332918302207e-05,0.5598795478064367
26,1784635175.568823,-0.0005860391658590047,-0.15720662512677136,0.25322320040491325,0.0008620202670876621,-0.367,0.0,0.623,0.994,-0.0,-0.109,0.0,-0.3965976929433802,3.847332918302207e-05,0.5598795478064367
27,1784635175.5891614,-0.0006504450783909515,-0.15951455995735325,0.24921016294625895,0.0007366325838491158,-0.362,0.0,0.634,0.993,-0.0,-0.115,0.0,-0.3965976929433802,3.847332918302207e-05,0.5598795478064367
28,1784635175.6100807,0.0003407696473818523,-0.1834514861867493,0.2108065359861386,0.0007665066988976179,-0.355,0.0,0.647,0.993,-0.0,-0.122,0.0,-0.3965976929433802,3.847332918302207e-05,0.5598795478064367
29,1784635175.6396956,0.0011059124933759353,-0.14972192267457374,0.22714571214116,0.0004733667647717521,-0.35,0.0,0.656,0.992,-0.0,-0.126,0.0,-0.3965976929433802,3.847332918302207e-05,0.5598795478064367
29,1784635175.6681845,0.0012539309469916872,-0.21562555221127983,0.18686420381778307,0.00037555539613850304,-0.348,0.0,0.662,0.992,-0.0,-0.129,0.0,-0.3965976929433802,3.847332918302207e-05,0.5598795478064367
32,1784635175.695371,0.0010038837738617077,-0.11023499600719255,0.235848292859391,7.555970382354437e-05,-0.344,0.0,0.669,0.991,-0.0,-0.132,0.0,-0.3640127098218868,9.249651802029283e-05,0.6271501491989139
32,1784635175.724126,-9.578836129979268e-05,-0.06029066011347837,0.22292969564889084,6.880673420633617e-06,-0.339,0.0,0.678,0.991,-0.0,-0.135,0.0,-0.3640127098218868,9.249651802029283e-05,0.6271501491989139
34,1784635175.7567508,0.0009124518643943698,-0.09329698568574996,0.22217193911664157,-5.566190499012613e-05,-0.334,0.0,0.69,0.99,-0.0,-0.138,0.0,-0.3640127098218868,9.249651802029283e-05,0.6271501491989139
34,1784635175.78055,0.0010555664664180279,-0.17890566537097788,0.1929059559927656,-0.00013306887623477936,-0.328,0.0,0.701,0.99,-0.0,-0.141,0.0,-0.3640127098218868,9.249651802029283e-05,0.6271501491989139
37,1784635175.7999449,0.0006286543991494871,-0.15398008051801998,0.2042859787845555,-0.0001313220170912592,-0.324,0.0,0.71,0.99,-0.0,-0.144,0.0,-0.3640127098218868,9.249651802029283e-05,0.6271501491989139
37,1784635175.8181818,-0.0002975351973771959,-0.05013086833993764,0.24894539492987555,-7.058429606469556e-05,-0.323,0.0,0.714,0.989,-0.0,-0.145,0.0,-0.3640127098218868,9.249651802029283e-05,0.6271501491989139
39,1784635175.8370109,0.0007510682494194727,-0.011498244967047627,0.20987775497437217,-4.838863959331899e-05,-0.32,0.0,0.719,0.989,-0.0,-0.146,0.0,-0.3640127098218868,9.249651802029283e-05,0.6271501491989139
39,1784635175.8561475,0.0005147099330430718,0.08878768297277095,0.23754771972135288,-6.210433772551975e-05,-0.319,0.0,0.722,0.989,-0.0,-0.147,0.0,-0.32809855919982095,0.00016465108728924902,0.7004241327914067
41,1784635175.8748128,-0.000615013244103183,0.18655945309330435,0.2277583529974461,-4.974130375345064e-05,-0.316,0.0,0.728,0.989,-0.0,-0.148,0.0,-0.32809855919982095,0.00016465108728924902,0.7004241327914067
41,1784635175.8915927,-0.000790897658377977,0.20497937972778066,0.22923360559945546,-3.448990724038615e-05,-0.315,0.0,0.73,0.989,-0.0,-0.149,0.0,-0.32809855919982095,0.00016465108728924902,0.7004241327914067
43,1784635175.913285,-0.005105818397034533,0.22173305661421344,0.22959146867012836,-0.00024426942245611786,-0.314,0.0,0.734,0.989,0.0,-0.15,0.0,-0.32809855919982095,0.00016465108728924902,0.7004241327914067
43,1784635175.9275222,-0.017035548745399788,0.12987981786184907,0.21277537751109138,-0.0008685521032308051,-0.313,0.0,0.737,0.989,0.0,-0.151,0.0,-0.32809855919982095,0.00016465108728924902,0.7004241327914067
45,1784635175.9574559,-0.013432853974299809,0.22658883042750294,0.24448715159116466,-0.0003782369108267605,-0.312,0.0,0.741,0.989,0.0,-0.151,0.0,-0.32809855919982095,0.00016465108728924902,0.7004241327914067
45,1784635175.9764483,-0.02225362942597035,0.14009677491182637,0.20814656910887647,-0.0010009622780404667,-0.311,0.0,0.743,0.989,0.0,-0.151,0.0,-0.32809855919982095,0.00016465108728924902,0.7004241327914067
47,1784635175.9969783,-0.02106964016395678,0.1449601267700983,0.23155892317567983,-0.0008200409788771192,-0.311,0.0,0.745,0.989,0.0,-0.151,0.0,-0.32809855919982095,0.00016465108728924902,0.7004241327914067
47,1784635176.0191505,-0.016272578360241055,0.24124227370229814,0.24034730447949207,-0.0003945654233799811,-0.31,0.0,0.747,0.989,0.001,-0.15,0.0,-0.32809855919982095,0.00016465108728924902,0.7004241327914067
49,1784635176.0460467,-0.01764415897182734,0.23370812872616717,0.2315267860232107,-0.000608083459798497,-0.31,0.0,0.749,0.989,0.001,-0.149,0.0,-0.3115641605065853,0.0002160026495766481,0.7390578664896577
49,1784635176.0687723,-0.01294885731061662,0.2615937451711616,0.2461388343498931,-0.0004905672238732291,-0.311,0.0,0.751,0.989,0.001,-0.146,0.0,-0.3115641605065853,0.0002160026495766481,0.7390578664896577
52,1784635176.0915885,-0.012274685397535278,0.21442398034544002,0.23149941764543194,-0.0006359984280503779,-0.311,0.0,0.752,0.99,0.001,-0.144,0.0,-0.3115641605065853,0.0002160026495766481,0.7390578664896577
52,1784635176.111737,-0.00874925523218507,0.15731770225907238,0.23752174392892605,-0.0006285322478987924,-0.312,0.0,0.753,0.99,0.001,-0.142,0.0,-0.3115641605065853,0.0002160026495766481,0.7390578664896577
54,1784635176.1282232,-0.009794965067812505,0.2512633976941857,0.24312743179524265,-0.0006171659302715169,-0.313,0.0,0.753,0.99,0.001,-0.14,0.0,-0.3115641605065853,0.0002160026495766481,0.7390578664896577
55,1784635176.1541426,-0.006690236060916231,0.20699676740261042,0.2383515402194596,-0.00041990805551958164,-0.316,0.0,0.754,0.991,0.001,-0.135,0.0,-0.3115641605065853,0.0002160026495766481,0.7390578664896577
55,1784635176.1744063,0.0015887060510922577,0.2148703592212007,0.24423793721895098,-4.1423560818604406e-05,-0.317,0.0,0.754,0.991,0.0,-0.133,0.0,-0.3115641605065853,0.0002160026495766481,0.7390578664896577
57,1784635176.192284,0.009147031661665597,0.17320301283760614,0.23925442029923571,0.00042711556383071497,-0.32,0.0,0.753,0.992,0.0,-0.129,0.0,-0.3133648856300514,0.00019454825438923858,0.7536762593237308
57,1784635176.207771,0.0045513315684048835,0.19887321573092445,0.24570976434048597,0.00031555145162315523,-0.322,0.0,0.752,0.992,0.0,-0.127,0.0,-0.3133648856300514,0.00019454825438923858,0.7536762593237308
59,1784635176.2328053,0.0010721146955020907,0.1923910162934081,0.24133016874623964,0.00010693036814126517,-0.324,0.0,0.752,0.992,0.0,-0.124,0.0,-0.3133648856300514,0.00019454825438923858,0.7536762593237308
59,1784635176.2498753,0.0017001236672219261,0.1907633405621947,0.24598861975788971,7.349405490424005e-05,-0.326,0.0,0.751,0.993,0.0,-0.122,0.0,-0.3133648856300514,0.00019454825438923858,0.7536762593237308
61,1784635176.2681496,-0.0002680272068306213,0.19484268991074322,0.24539808017971626,-2.8027918185059595e-05,-0.331,0.0,0.748,0.993,0.0,-0.118,0.0,-0.3133648856300514,0.00019454825438923858,0.7536762593237308
62,1784635176.2930152,-0.0017799229495294978,0.1909745611205781,0.2479459595345656,-0.00011314509004002376,-0.335,0.0,0.746,0.993,0.0,-0.115,0.0,-0.3133648856300514,0.00019454825438923858,0.7536762593237308
62,1784635176.3119555,-0.002369753790139412,0.18523541285624162,0.24762409825096524,-0.0001553544712321106,-0.338,-0.0,0.745,0.994,0.0,-0.112,0.0,-0.3133648856300514,0.00019454825438923858,0.7536762593237308
64,1784635176.3274925,-0.0009517178836790144,0.09736993656618845,0.2458482139934524,-9.362604804423088e-05,-0.34,-0.0,0.743,0.994,0.0,-0.11,0.0,-0.3331588953490726,2.5762005356783e-05,0.7473616808522889
65,1784635176.348502,-0.0012605505290770621,0.1241090967662146,0.2506796352876688,-7.016344016635063e-05,-0.345,-0.0,0.74,0.994,0.0,-0.107,0.0,-0.3331588953490726,2.5762005356783e-05,0.7473616808522889
66,1784635176.371076,-0.002441024012003433,0.158323127858714,0.2517230341018726,-0.0002393007585628405,-0.349,-0.0,0.737,0.995,0.0,-0.104,0.0,-0.3331588953490726,2.5762005356783e-05,0.7473616808522889
67,1784635176.3929477,-0.002591877623374223,0.1640776485380361,0.25287678774106004,-0.000411747643129986,-0.353,-0.0,0.734,0.995,0.0,-0.102,0.0,-0.3331588953490726,2.5762005356783e-05,0.7473616808522889
67,1784635176.4205737,-0.002132643370687801,0.15669216786861617,0.2535579947503597,-0.0005570102595125461,-0.357,-0.0,0.731,0.995,0.0,-0.1,0.0,-0.3331588953490726,2.5762005356783e-05,0.7473616808522889
69,1784635176.443461,-0.002106780398913921,0.16169624772055272,0.25457312587821684,-0.0005863189461632922,-0.361,-0.0,0.728,0.995,0.0,-0.098,0.0,-0.3331588953490726,2.5762005356783e-05,0.7473616808522889
69,1784635176.4714208,-0.0034715712281856376,0.2163206051509526,0.2697531711212483,-0.0007152165260704748,-0.367,-0.0,0.723,0.995,0.0,-0.095,0.0,-0.3331588953490726,2.5762005356783e-05,0.7473616808522889
72,1784635176.4988673,-0.001854107263162888,0.15569810262277065,0.24652390582252917,-0.0004568622140646048,-0.372,-0.0,0.719,0.996,0.0,-0.093,0.0,-0.3331588953490726,2.5762005356783e-05,0.7473616808522889
72,1784635176.5172336,0.00020558335756344203,0.07441122133327394,0.26888812832396775,-0.00022032116245933434,-0.378,-0.0,0.714,0.996,0.0,-0.091,0.0,-0.36349098142910935,-0.00016215636253483825,0.72625023707486
74,1784635176.5323262,0.0008089910498020776,0.017934305137708696,0.24652030169128455,-9.726823296161711e-05,-0.382,-0.0,0.71,0.996,0.0,-0.089,0.0,-0.36349098142910935,-0.00016215636253483825,0.72625023707486
75,1784635176.5471835,-5.858798034517594e-05,0.11746971974540965,0.2900635120903462,-1.031166477022833e-05,-0.386,-0.0,0.706,0.996,0.0,-0.087,0.0,-0.36349098142910935,-0.00016215636253483825,0.72625023707486
76,1784635176.565083,3.842743033126489e-05,0.0935000921532623,0.25669797753914003,8.035782265642362e-05,-0.392,-0.0,0.7,0.996,-0.0,-0.084,0.0,-0.36349098142910935,-0.00016215636253483825,0.72625023707486
77,1784635176.5899773,0.0002524433112517535,0.05603744086022881,0.26634300972416247,0.00011484506255177492,-0.396,-0.0,0.696,0.997,-0.0,-0.083,0.0,-0.36349098142910935,-0.00016215636253483825,0.72625023707486
78,1784635176.609758,-0.00023589055105019928,0.06793579784417529,0.2593522525098546,0.00012508475747385623,-0.398,-0.0,0.694,0.997,-0.0,-0.082,0.0,-0.36349098142910935,-0.00016215636253483825,0.72625023707486
79,1784635176.6288722,-0.000322618933065628,0.15577271849127305,0.2881381691395597,0.00013742169090976997,-0.402,-0.0,0.69,0.997,-0.0,-0.081,0.0,-0.39682818244509965,-0.0003397293574991846,0.6950387058469311
80,1784635176.6487627,-0.0008240462974553214,0.15085344623466773,0.2819888455920722,6.295883280080738e-05,-0.406,-0.0,0.685,0.997,-0.0,-0.08,0.0,-0.39682818244509965,-0.0003397293574991846,0.6950387058469311
81,1784635176.6674187,0.0008914386989696183,0.04708228728059562,0.2630706575473379,5.47018786010293e-05,-0.409,-0.0,0.682,0.997,-0.0,-0.079,0.0,-0.39682818244509965,-0.0003397293574991846,0.6950387058469311
82,1784635176.6908193,-0.001289600640155692,0.14584276582816902,0.2876684560400056,-2.7734200911564928e-05,-0.413,-0.0,0.676,0.997,-0.0,-0.078,0.0,-0.39682818244509965,-0.0003397293574991846,0.6950387058469311
83,1784635176.7082982,0.0008306503420494687,0.042204340938875914,0.26340792262860985,-0.00011348228498025961,-0.416,-0.0,0.673,0.997,-0.0,-0.078,0.0,-0.39682818244509965,-0.0003397293574991846,0.6950387058469311
84,1784635176.7280395,0.001042994841640404,-0.05885075833685245,0.265061981856123,6.40749171815366e-05,-0.42,-0.0,0.669,0.997,-0.0,-0.077,0.0,-0.39682818244509965,-0.0003397293574991846,0.6950387058469311
85,1784635176.7451377,-9.695745809264211e-05,0.04260678258231,0.2835029917649826,0.00016305074568216262,-0.424,-0.0,0.664,0.997,-0.0,-0.076,0.0,-0.39682818244509965,-0.0003397293574991846,0.6950387058469311
86,1784635176.7688649,0.0009417153963515649,-0.05837604128859973,0.26077538353002394,0.0002003083212264903,-0.428,-0.0,0.66,0.997,-0.0,-0.075,0.0,-0.39682818244509965,-0.0003397293574991846,0.6950387058469311
87,1784635176.786999,-0.0006084742773120209,0.04227485074364977,0.2859225632995744,0.0002641587587176447,-0.43,-0.0,0.657,0.997,-0.0,-0.074,0.0,-0.39682818244509965,-0.0003397293574991846,0.6950387058469311
88,1784635176.8081155,-0.002206494450678978,0.04562555139680197,0.3263598145042214,0.0001365558032279385,-0.433,-0.001,0.653,0.997,-0.0,-0.073,0.0,-0.39682818244509965,-0.0003397293574991846,0.6950387058469311
89,1784635176.8268752,-0.0007174277206492827,-0.0555127575646998,0.3142221849119396,-1.9787769274278778e-05,-0.435,-0.001,0.65,0.997,-0.0,-0.073,0.0,-0.39682818244509965,-0.0003397293574991846,0.6950387058469311
90,1784635176.846961,-0.0004724539160038489,-0.15411271614620303,0.3079091586706839,-2.9263888464892993e-05,-0.438,-0.001,0.647,0.997,-0.0,-0.073,0.0,-0.42563753654057435,-0.00047908572284659977,0.6618347679065784
91,1784635176.8676338,-0.00045589913006432667,-0.25021660781281074,0.2989677417652293,-3.102871443697875e-05,-0.441,-0.001,0.644,0.997,-0.0,-0.073,0.0,-0.42563753654057435,-0.00047908572284659977,0.6618347679065784
92,1784635176.8982468,-0.0011194028536293166,-0.14405924829491187,0.3085016688114927,1.1997836607315604e-05,-0.443,-0.001,0.642,0.997,-0.0,-0.073,0.0,-0.42563753654057435,-0.00047908572284659977,0.6618347679065784
92,1784635176.925428,0.0006099240513793309,-0.24045472068529505,0.29545475437076263,-1.7454935247120287e-05,-0.444,-0.001,0.641,0.997,-0.0,-0.073,0.0,-0.42563753654057435,-0.00047908572284659977,0.6618347679065784
94,1784635176.9608433,0.00010613958301459406,-0.1344486234160041,0.29269564309046636,-4.386139311719145e-06,-0.446,-0.001,0.64,0.997,-0.0,-0.074,0.0,-0.42563753654057435,-0.00047908572284659977,0.6618347679065784
96,1784635176.9872162,4.362873908643483e-05,-0.03201198272856172,0.2748535407483297,2.459868258483204e-06,-0.449,-0.001,0.64,0.997,-0.0,-0.078,0.0,-0.42563753654057435,-0.00047908572284659977,0.6618347679065784
96,1784635177.0159607,-0.0009046036376802689,0.011110894833162431,0.26177615238237273,-1.8157824811452728e-07,-0.45,-0.001,0.642,0.997,-0.0,-0.081,0.0,-0.4447111012394478,-0.0005685434148458377,0.6399437230616554
99,1784635177.0420256,0.00017607699824231363,-0.08907751260756894,0.26781361962748107,-4.766969753352592e-05,-0.451,-0.001,0.644,0.996,-0.0,-0.085,0.0,-0.4447111012394478,-0.0005685434148458377,0.6399437230616554
99,1784635177.066428,0.00030528735333442097,-0.183647257465717,0.2663277254722817,-0.00015575147298097102,-0.452,-0.001,0.646,0.996,-0.0,-0.088,0.0,-0.4447111012394478,-0.0005685434148458377,0.6399437230616554
101,1784635177.0935621,-0.0006258006386108818,-0.12796246572698142,0.24767686613919265,-0.0007333665330599493,-0.452,-0.001,0.649,0.996,-0.0,-0.091,0.0,-0.4447111012394478,-0.0005685434148458377,0.6399437230616554
101,1784635177.1163397,0.00036699146838011843,-0.2153372449225585,0.2612195899826636,-0.0008695055999723208,-0.452,-0.001,0.652,0.996,-0.0,-0.093,0.0,-0.4447111012394478,-0.0005685434148458377,0.6399437230616554
104,1784635177.1405153,0.0004125386814644123,-0.22248778433456617,0.22619301378837542,-0.0008690308540498742,-0.452,-0.001,0.654,0.996,-0.0,-0.095,0.0,-0.4447111012394478,-0.0005685434148458377,0.6399437230616554
104,1784635177.1675918,0.0003380018452476262,-0.19934508414989432,0.25268857011264856,-0.000797293340255257,-0.452,-0.001,0.657,0.995,-0.0,-0.096,0.0,-0.4447111012394478,-0.0005685434148458377,0.6399437230616554
107,1784635177.194861,-0.0006176621650653016,-0.18985001456733008,0.2338623625871218,-0.0005947866433865848,-0.452,-0.001,0.661,0.995,-0.0,-0.098,0.0,-0.45184919343965047,-0.0006132538713419805,0.6494909335192309
107,1784635177.2221472,-0.0008237919185545588,-0.15431888736650703,0.24951029197366745,-0.0003559733692596516,-0.452,-0.001,0.664,0.995,-0.0,-0.101,0.0,-0.45184919343965047,-0.0006132538713419805,0.6494909335192309
109,1784635177.2450297,-0.0004217714665023148,-0.0855056974316209,0.2274336068259233,-0.00015735579340168097,-0.451,-0.001,0.667,0.995,-0.0,-0.104,0.0,-0.45184919343965047,-0.0006132538713419805,0.6494909335192309
109,1784635177.2709825,-0.0003835877823034563,-0.07272308003774453,0.2471915474084682,3.05323111791688e-05,-0.451,-0.001,0.669,0.994,-0.0,-0.106,0.0,-0.45184919343965047,-0.0006132538713419805,0.6494909335192309
112,1784635177.3028066,-0.0004020045981325903,-0.04892350369733297,0.23770389322653854,0.00021225002326189516,-0.449,-0.001,0.672,0.994,-0.0,-0.11,0.0,-0.45184919343965047,-0.0006132538713419805,0.6494909335192309
112,1784635177.335452,-0.0007658094276484753,-0.09299421739175143,0.2566671035822028,0.00019176026880581628,-0.448,-0.001,0.673,0.994,-0.0,-0.113,0.0,-0.45184919343965047,-0.0006132538713419805,0.6494909335192309
115,1784635177.369092,-0.0015697724794750388,-0.10321093705956458,0.24756300872287337,0.00012025524562638752,-0.447,-0.001,0.675,0.993,-0.0,-0.116,0.0,-0.4504572503081442,-0.0006262645908320038,0.6690845471769155
115,1784635177.3956556,-0.0012297391690041539,-0.12463418597257346,0.2592349151217691,6.246959055075495e-05,-0.445,-0.001,0.675,0.993,-0.0,-0.118,0.0,-0.4504572503081442,-0.0006262645908320038,0.6690845471769155
118,1784635177.425838,-0.001209463817520317,-0.10482537003701951,0.25030923843796243,3.480960569767564e-05,-0.443,-0.001,0.675,0.993,-0.0,-0.119,0.0,-0.4504572503081442,-0.0006262645908320038,0.6690845471769155
118,1784635177.4564867,-0.0011873584001215332,-0.07970479402719137,0.25846943480573553,1.4731115643948714e-05,-0.442,-0.001,0.674,0.993,-0.0,-0.121,0.0,-0.4504572503081442,-0.0006262645908320038,0.6690845471769155
121,1784635177.479667,-0.0011984356293603584,-0.06813265908107344,0.25383595793114083,-4.2548319331556965e-07,-0.44,-0.001,0.673,0.992,-0.0,-0.122,0.0,-0.4504572503081442,-0.0006262645908320038,0.6690845471769155
121,1784635177.5051756,-0.0008625642154912567,-0.10104293747920445,0.25915719515826735,-1.2269828598285397e-06,-0.438,-0.001,0.672,0.992,-0.0,-0.124,0.0,-0.4442068917873909,-0.0006250869209695065,0.6749829396129988
123,1784635177.5326986,7.309340219007908e-05,-0.0930965292425709,0.26372924527520575,5.9644276482958476e-05,-0.437,-0.001,0.671,0.992,-0.0,-0.125,0.0,-0.4442068917873909,-0.0006250869209695065,0.6749829396129988
123,1784635177.5737407,-0.00035167474668308825,-0.08449195944983993,0.25339800212918473,0.00010875309979194159,-0.436,-0.001,0.67,0.992,-0.0,-0.126,0.0,-0.4442068917873909,-0.0006250869209695065,0.6749829396129988
127,1784635177.6108415,-0.0008047345634105249,-0.04304679744272179,0.2622746138240249,7.298728743118074e-05,-0.433,-0.001,0.667,0.992,-0.0,-0.129,0.0,-0.4442068917873909,-0.0006250869209695065,0.6749829396129988
127,1784635177.643285,-0.0008649428319127534,-0.019307613605479928,0.2569334053130566,4.740752686244076e-05,-0.431,-0.001,0.664,0.991,-0.0,-0.131,0.0,-0.4442068917873909,-0.0006250869209695065,0.6749829396129988
130,1784635177.6754017,-0.0013255084186627904,-0.010534809867023667,0.25860446537733506,2.835625042215243e-05,-0.43,-0.001,0.661,0.991,-0.0,-0.132,0.0,-0.4442068917873909,-0.0006250869209695065,0.6749829396129988
130,1784635177.7114131,-0.0012779207480560102,0.03505154118717392,0.2714903488295012,1.9966398804351767e-05,-0.429,-0.001,0.659,0.991,-0.0,-0.133,0.0,-0.4354551015388557,-0.0006170101168345223,0.6694898494562274
134,1784635177.7403946,-0.0018191903771238248,0.018235183136218514,0.24912617949276275,7.951501201830988e-06,-0.427,-0.001,0.656,0.991,-0.0,-0.134,0.0,-0.4354551015388557,-0.0006170101168345223,0.6694898494562274
134,1784635177.7748015,-0.0012918323738577613,0.014381104273764938,0.269877637252652,2.735554264319852e-07,-0.427,-0.001,0.654,0.991,-0.0,-0.134,0.0,-0.4354551015388557,-0.0006170101168345223,0.6694898494562274
137,1784635177.8091688,-0.0009835453774767813,-0.04142824491583702,0.31260588866832023,-2.8799533881769675e-05,-0.425,-0.001,0.65,0.991,-0.0,-0.134,0.0,-0.42858206331109316,-0.0006038557617612436,0.6592905202547281
137,1784635177.852688,-0.0014891011052131386,-0.03335248173948868,0.3054558428755407,-3.419567579996957e-05,-0.425,-0.001,0.646,0.991,-0.0,-0.134,0.0,-0.42858206331109316,-0.0006038557617612436,0.6592905202547281
141,1784635177.888073,-0.001515573844145773,-0.02060543720250066,0.30471809210314316,-3.7255368827352484e-05,-0.424,-0.001,0.642,0.991,-0.0,-0.134,0.0,-0.42858206331109316,-0.0006038557617612436,0.6592905202547281
141,1784635177.9141054,0.0005295385403874205,0.004937751058558423,0.2974761052678174,-2.9556749887456346e-05,-0.424,-0.001,0.641,0.991,-0.0,-0.134,0.0,-0.42858206331109316,-0.0006038557617612436,0.6592905202547281
144,1784635177.9405963,-0.002067850098275936,-0.0258967849793134,0.2965008128979642,-5.528106794943636e-05,-0.424,-0.001,0.642,0.991,-0.0,-0.134,0.0,-0.4247626873608946,-0.0005871233938006867,0.6466763188607506
144,1784635177.9669483,-0.000889857812438506,-0.015301491342533915,0.2878599840981806,0.00020645785556081746,-0.425,-0.001,0.644,0.991,-0.0,-0.135,0.0,-0.4247626873608946,-0.0005871233938006867,0.6466763188607506
146,1784635177.991811,-0.0008188548686776716,-0.022506692943898086,0.28378325797560655,0.0004252363658495389,-0.425,-0.001,0.645,0.991,-0.0,-0.135,0.0,-0.4247626873608946,-0.0005871233938006867,0.6466763188607506
148,1784635178.014693,0.0002988066447520627,-0.030392758633126602,0.2789581922577629,0.000497786132989977,-0.426,-0.001,0.649,0.991,-0.0,-0.135,0.0,-0.4247626873608946,-0.0005871233938006867,0.6466763188607506
148,1784635178.0374224,-0.0011719832010788037,-0.03487621904269079,0.2814935833621656,0.0004060829659121217,-0.426,-0.001,0.653,0.991,-0.0,-0.135,0.0,-0.4247626873608946,-0.0005871233938006867,0.6466763188607506
150,1784635178.062085,-0.00024044984185676735,0.030684189980613112,0.229989441110549,0.00036804935292678536,-0.427,-0.001,0.655,0.991,-0.0,-0.135,0.0,-0.4247382690319244,-0.0005564726927657168,0.6436885984713756
150,1784635178.0864575,-0.0002995419931966565,0.05361112420896571,0.2570065535562445,0.00021114513868989495,-0.428,-0.001,0.661,0.991,-0.0,-0.136,0.0,-0.4247382690319244,-0.0005564726927657168,0.6436885984713756
153,1784635178.11817,0.0005504795818948103,0.05674641121560803,0.23530117701385814,4.6847978705845405e-05,-0.429,-0.0,0.664,0.991,-0.0,-0.136,0.0,-0.4247382690319244,-0.0005564726927657168,0.6436885984713756
153,1784635178.146148,0.0006698993884625696,0.05646660802512234,0.25249487404001225,-5.5715404156832815e-05,-0.429,-0.0,0.668,0.991,-0.0,-0.136,0.0,-0.4247382690319244,-0.0005564726927657168,0.6436885984713756
155,1784635178.170727,0.0002677779481314226,0.05958561256853626,0.2403578033125323,-0.00012385773404444687,-0.431,-0.0,0.674,0.991,-0.0,-0.136,0.0,-0.4247382690319244,-0.0005564726927657168,0.6436885984713756
157,1784635178.1933706,0.0008350959293866431,0.15758796825800644,0.2515650071709393,-8.499730359375616e-05,-0.432,-0.0,0.677,0.991,-0.0,-0.136,0.0,-0.4292610732740336,-0.0004841213247441466,0.6671472522527184
157,1784635178.215366,0.0009221555532243983,0.1662952030512157,0.24987650402035227,-5.2743779433273816e-05,-0.433,-0.0,0.68,0.991,-0.0,-0.135,0.0,-0.4292610732740336,-0.0004841213247441466,0.6671472522527184
159,1784635178.2388442,0.00046304955662792994,0.16314548412665758,0.2472059114852814,-3.926915053958704e-05,-0.434,-0.0,0.682,0.991,-0.0,-0.135,0.0,-0.4292610732740336,-0.0004841213247441466,0.6671472522527184
159,1784635178.2611432,0.002316168567113947,0.16143617363418894,0.23786268300642732,6.105808822323136e-05,-0.435,-0.0,0.684,0.991,-0.0,-0.134,0.0,-0.4292610732740336,-0.0004841213247441466,0.6671472522527184
161,1784635178.2838988,0.0016449900517764848,0.1338288512715767,0.2584130697010475,6.409897632682173e-05,-0.436,-0.0,0.686,0.991,-0.0,-0.133,0.0,-0.4292610732740336,-0.0004841213247441466,0.6671472522527184
161,1784635178.3059397,0.000622340517404353,0.1343879151028589,0.24756378572992774,2.5909570615557557e-05,-0.437,-0.0,0.687,0.991,-0.0,-0.132,0.0,-0.4292610732740336,-0.0004841213247441466,0.6671472522527184
163,1784635178.3270018,0.0020791956131382258,0.05515265815130309,0.24349726148979442,7.543203545424233e-05,-0.439,-0.0,0.689,0.991,-0.0,-0.131,0.0,-0.4342973500133751,-0.00036024573640027087,0.6840247493707869
164,1784635178.3484082,0.00023300235011322785,0.05247570239994541,0.25877342091328615,5.970134833054151e-05,-0.44,-0.0,0.69,0.992,-0.0,-0.129,0.0,-0.4342973500133751,-0.00036024573640027087,0.6840247493707869
165,1784635178.3719053,0.0012904763940686443,0.0330266453952715,0.24566752184135354,5.7175483765191406e-05,-0.442,-0.0,0.69,0.992,-0.0,-0.127,0.0,-0.4342973500133751,-0.00036024573640027087,0.6840247493707869
167,1784635178.397388,0.00017910321498510666,0.01984148869548965,0.25825247356739683,3.945765980530899e-05,-0.443,-0.0,0.691,0.992,-0.0,-0.125,0.0,-0.4342973500133751,-0.00036024573640027087,0.6840247493707869
167,1784635178.4153504,0.0012854969863226344,0.030584840683446336,0.24825375248582643,4.493559477503867e-05,-0.445,-0.0,0.691,0.992,-0.0,-0.123,0.0,-0.4342973500133751,-0.00036024573640027087,0.6840247493707869
169,1784635178.4315124,0.00018998645369541073,0.026612094771668537,0.2578242983285154,2.999104326713263e-05,-0.446,-0.0,0.691,0.993,-0.0,-0.122,0.0,-0.4342973500133751,-0.00036024573640027087,0.6840247493707869
170,1784635178.446588,0.0012855730665365516,0.05812537598553277,0.25020470683148643,3.797311780256333e-05,-0.448,-0.0,0.691,0.993,-0.0,-0.121,0.0,-0.4342973500133751,-0.00036024573640027087,0.6840247493707869
171,1784635178.4687445,-0.0007093045537707764,-0.029353233738981868,0.2634623942095891,9.810789260035548e-06,-0.45,-0.0,0.691,0.993,-0.0,-0.12,0.0,-0.4460264512910312,-0.0001844439028806347,0.6912587099926903
172,1784635178.488648,-0.0003363334671715244,-0.024024273782423104,0.2535442961243454,1.5015932892673336e-06,-0.451,-0.0,0.691,0.993,-0.0,-0.12,0.0,-0.4460264512910312,-0.0001844439028806347,0.6912587099926903
173,1784635178.5079186,0.0003769078741041379,0.001287893617005105,0.26210361410508626,1.2614367711844399e-05,-0.452,-0.0,0.69,0.993,-0.0,-0.12,0.0,-0.4460264512910312,-0.0001844439028806347,0.6912587099926903
174,1784635178.5282905,-0.00023377576424784543,-0.05486438654727111,0.2551827988470492,8.824172071447103e-06,-0.453,-0.0,0.69,0.993,-0.0,-0.119,0.0,-0.4460264512910312,-0.0001844439028806347,0.6912587099926903
175,1784635178.5625634,0.0008353720744929875,-0.007211238100028827,0.26230922475239854,1.3654450561316394e-05,-0.454,-0.0,0.689,0.993,-0.0,-0.119,0.0,-0.4460264512910312,-0.0001844439028806347,0.6912587099926903
175,1784635178.5958393,0.0009143681023241578,-0.0033341277606258202,0.25758553191917166,2.2656278350031302e-05,-0.455,0.0,0.688,0.993,-0.0,-0.119,0.0,-0.4460264512910312,-0.0001844439028806347,0.6912587099926903
178,1784635178.6240716,-0.00024167230743822414,-0.03379133915008358,0.26024749643971173,1.573974294436714e-05,-0.457,0.0,0.686,0.993,-0.0,-0.12,0.0,-0.4460264512910312,-0.0001844439028806347,0.6912587099926903
178,1784635178.6494577,-0.0009111040225689196,-0.08300125154181237,0.2681189434629877,1.6886026095291984e-05,-0.458,0.0,0.684,0.993,-0.0,-0.12,0.0,-0.4548148937516491,1.3174709303972456e-05,0.6878756632011066
181,1784635178.6766267,-0.0014473835213305094,-0.08884214244251097,0.2624118159175685,2.9655253136429352e-05,-0.458,0.0,0.684,0.993,-0.0,-0.12,0.0,-0.4548148937516491,1.3174709303972456e-05,0.6878756632011066
181,1784635178.7032351,-0.002131278224928055,-0.10900448483632227,0.2658463357044361,3.252233774434612e-05,-0.459,0.0,0.682,0.993,-0.0,-0.12,0.0,-0.4548148937516491,1.3174709303972456e-05,0.6878756632011066
183,1784635178.7257597,-0.0021907615242975215,-0.10701894234036138,0.26253459646945076,3.51807151433153e-05,-0.459,0.0,0.68,0.993,-0.0,-0.121,0.0,-0.4548148937516491,1.3174709303972456e-05,0.6878756632011066
183,1784635178.7500775,-0.0010145370724304386,-0.08065916437192636,0.26782721166461704,3.86897388352047e-05,-0.459,0.0,0.679,0.993,-0.0,-0.121,0.0,-0.4548148937516491,1.3174709303972456e-05,0.6878756632011066
186,1784635178.78001,-0.003976036414153058,-0.15296069266795692,0.258609611966154,3.368519152066187e-05,-0.459,0.0,0.678,0.993,-0.0,-0.122,0.0,-0.458926361557077,0.0002291160861990508,0.6806088615546393
186,1784635178.807891,-0.0036676604068671065,-0.13474764504763131,0.26554811570483994,4.370523772652439e-05,-0.459,0.0,0.676,0.992,-0.0,-0.124,0.0,-0.458926361557077,0.0002291160861990508,0.6806088615546393
189,1784635178.8415732,-0.0037394602110293104,-0.11861168231710004,0.2601600286230606,6.0294874141573595e-05,-0.459,0.0,0.675,0.992,-0.0,-0.125,0.0,-0.458926361557077,0.0002291160861990508,0.6806088615546393
189,1784635178.8819025,-0.0020193155530027797,-0.06512781251522459,0.2653962510540709,2.762003279409918e-07,-0.459,0.0,0.674,0.992,-0.0,-0.127,0.0,-0.458926361557077,0.0002291160861990508,0.6806088615546393
192,1784635178.92348,-3.519536695283706e-05,-0.029981007548081813,0.26123504259996866,1.2990761568159327e-05,-0.459,0.001,0.673,0.991,-0.0,-0.13,0.0,-0.458926361557077,0.0002291160861990508,0.6806088615546393
192,1784635178.9525843,0.003575088828669187,0.07022623816437601,0.25830691828860763,2.8864911848838827e-05,-0.458,0.001,0.671,0.991,-0.0,-0.134,0.0,-0.45880799980262993,0.00046229817474349353,0.674249375897576
196,1784635178.9830697,0.019346330775829174,0.16432891931264654,0.26331805466336083,0.000436447272936902,-0.458,0.001,0.671,0.991,-0.001,-0.135,0.0,-0.45880799980262993,0.00046229817474349353,0.674249375897576
196,1784635179.010726,0.020141965943062494,0.13866594394062162,0.2605617392269863,0.0006564731119117534,-0.458,0.001,0.67,0.991,-0.001,-0.136,0.0,-0.45880799980262993,0.00046229817474349353,0.674249375897576
199,1784635179.0442395,0.01794775583651103,0.0883421152291875,0.2639207618455072,0.0007490976793689886,-0.458,0.001,0.669,0.991,-0.001,-0.137,0.0,-0.45880799980262993,0.00046229817474349353,0.674249375897576
199,1784635179.0767803,0.011181881693055128,-0.013668079849617251,0.26316218694775717,0.0008340219689288829,-0.458,0.001,0.668,0.991,-0.001,-0.136,0.0,-0.45880799980262993,0.00046229817474349353,0.674249375897576
202,1784635179.1083994,-0.0021919974336439205,-0.08706180821811936,0.2668545346454605,0.0006430822827974084,-0.458,0.001,0.666,0.991,-0.0,-0.135,0.0,-0.4583386184497956,0.0007426445290303222,0.6697343016422215
202,1784635179.1431236,-0.005630441874965043,-0.13820578662629565,0.2661162142523859,0.00034105525464548297,-0.458,0.001,0.665,0.991,-0.0,-0.133,0.0,-0.4583386184497956,0.0007426445290303222,0.6697343016422215
205,1784635179.1747496,-0.0072802395795841125,-0.1612797321660213,0.27235117986077456,0.0001085920577383959,-0.457,0.001,0.664,0.991,-0.0,-0.131,0.0,-0.4583386184497956,0.0007426445290303222,0.6697343016422215
205,1784635179.2025394,-0.001967113171685209,-0.08480566498923064,0.2607661313869554,-3.8615176683849607e-07,-0.457,0.001,0.662,0.991,0.0,-0.131,0.0,-0.4583386184497956,0.0007426445290303222,0.6697343016422215
208,1784635179.2284095,0.002711022235948795,-0.07957928379076648,0.27304683428720505,-9.879053557329464e-05,-0.456,0.001,0.661,0.991,0.0,-0.131,0.0,-0.45741094374118507,0.0011252633474653467,0.6638794222743647
208,1784635179.249429,0.005436221943330789,-0.03182676012248324,0.2651617550623375,-6.801643958845272e-05,-0.455,0.001,0.66,0.991,0.0,-0.133,0.0,-0.45741094374118507,0.0011252633474653467,0.6638794222743647
211,1784635179.2679293,0.004855473971186924,-0.022014911935310078,0.2694231300945664,-2.906250567912212e-05,-0.455,0.001,0.66,0.991,0.0,-0.134,0.0,-0.45741094374118507,0.0011252633474653467,0.6638794222743647
211,1784635179.2873662,0.005347322470371102,-0.01376177697660047,0.26612091661888176,1.0597248123229042e-06,-0.454,0.001,0.659,0.991,0.0,-0.135,0.0,-0.45741094374118507,0.0011252633474653467,0.6638794222743647
212,1784635179.3064835,0.0048689936286584025,-0.014007381829562703,0.26849563202514254,2.0041478373597184e-05,-0.454,0.001,0.659,0.991,0.0,-0.136,0.0,-0.45741094374118507,0.0011252633474653467,0.6638794222743647
212,1784635179.324658,0.005387069641048803,-0.017925836420035896,0.2665451238138731,2.0547709116632786e-05,-0.453,0.002,0.658,0.991,0.0,-0.137,0.0,-0.45741094374118507,0.0011252633474653467,0.6638794222743647
214,1784635179.3421662,0.00381292827084839,-0.023390259124575062,0.26661674298525406,2.419025031808634e-05,-0.453,0.002,0.658,0.99,0.0,-0.138,0.0,-0.45741094374118507,0.0011252633474653467,0.6638794222743647
214,1784635179.36059,0.004372222716838521,-0.017999685363690926,0.2678033832095865,3.46836411162117e-05,-0.452,0.002,0.657,0.99,0.0,-0.139,0.0,-0.45741094374118507,0.0011252633474653467,0.6638794222743647
216,1784635179.3809953,0.004752461096550363,0.008696815995107701,0.26329831523763375,2.1561518298769015e-05,-0.452,0.002,0.657,0.99,0.0,-0.139,0.0,-0.4544287492479526,0.001492143266027728,0.6591274679481265
216,1784635179.402533,0.003785729532260661,0.0032463741085040215,0.26645734877680566,2.9657399032874916e-05,-0.451,0.002,0.657,0.99,0.0,-0.139,0.0,-0.4544287492479526,0.001492143266027728,0.6591274679481265
218,1784635179.429246,0.0037675123629040273,0.00182772643817012,0.2637748220683958,-2.4149403448695908e-05,-0.451,0.002,0.656,0.99,0.0,-0.139,0.0,-0.4544287492479526,0.001492143266027728,0.6591274679481265
218,1784635179.4547958,0.0030705691412038693,0.014413711458708976,0.26456406078979056,-0.00013646725221312493,-0.451,0.002,0.656,0.99,0.0,-0.14,0.0,-0.4544287492479526,0.001492143266027728,0.6591274679481265
221,1784635179.4863162,0.0021613085557557928,0.0027920964483722256,0.2660627082201852,-0.00038163354960534055,-0.45,0.002,0.656,0.99,0.0,-0.14,0.0,-0.4544287492479526,0.001492143266027728,0.6591274679481265
221,1784635179.5163763,0.0015945605723972638,0.016686551192643666,0.2629010383470734,-0.0003479430203500662,-0.45,0.002,0.655,0.99,0.0,-0.14,0.0,-0.4544287492479526,0.001492143266027728,0.6591274679481265
224,1784635179.5317113,0.0016617270256530415,0.09558562926892958,0.2609735719134862,-0.0003081055331766987,-0.45,0.002,0.655,0.99,0.0,-0.14,0.0,-0.45057597106705205,0.001777541028895573,0.6558492167911076
225,1784635179.5474656,0.0015920158596050913,0.10358665946708363,0.26336056213105985,-0.0002316268551524343,-0.45,0.002,0.655,0.99,0.0,-0.14,0.0,-0.45057597106705205,0.001777541028895573,0.6558492167911076
226,1784635179.5649407,0.001419994885083777,0.09049332132056635,0.2617902640020221,-0.0001322245856937642,-0.45,0.002,0.655,0.99,0.0,-0.139,0.0,-0.45057597106705205,0.001777541028895573,0.6558492167911076
227,1784635179.5859952,0.0018528066074161313,0.07797231857024053,0.2636535440515301,1.2416591960633924e-05,-0.45,0.002,0.654,0.99,0.0,-0.139,0.0,-0.45057597106705205,0.001777541028895573,0.6558492167911076
228,1784635179.6078253,-0.009546204867936687,0.07557989957783864,0.26116745878798664,-0.00028922490788278515,-0.45,0.002,0.654,0.99,0.001,-0.139,0.0,-0.45057597106705205,0.001777541028895573,0.6558492167911076
229,1784635179.6271703,-0.00979287125201933,0.07480921487765357,0.26272701611892557,-0.000423553933082523,-0.451,0.002,0.654,0.99,0.001,-0.139,0.0,-0.45057597106705205,0.001777541028895573,0.6558492167911076
230,1784635179.6496592,-0.010337848316146998,0.06441546466493499,0.26139461541784936,-0.0005005441096952705,-0.451,0.002,0.654,0.99,0.001,-0.138,0.0,-0.45057597106705205,0.001777541028895573,0.6558492167911076
231,1784635179.6685424,-0.009461578340905556,0.047747635207652205,0.30184399409898754,-0.0005271357232606294,-0.451,0.002,0.653,0.991,0.001,-0.137,0.0,-0.45057597106705205,0.001777541028895573,0.6558492167911076
232,1784635179.6870036,-0.008464060465682552,0.026166736360415783,0.31025001406433295,-0.0005374496810903784,-0.451,0.002,0.653,0.991,0.001,-0.136,0.0,-0.45057597106705205,0.001777541028895573,0.6558492167911076
233,1784635179.7067199,-0.006005792071084221,-0.06744269295901734,0.3242640402153777,-0.0006053652710745966,-0.451,0.002,0.652,0.991,0.001,-0.135,0.0,-0.4505207183866334,0.0019705875949876496,0.6540600024766784
234,1784635179.7294557,0.0019246850683286819,-0.038502193061936904,0.32149199162241104,-0.00043412654057811917,-0.451,0.002,0.652,0.991,0.0,-0.135,0.0,-0.4505207183866334,0.0019705875949876496,0.6540600024766784
235,1784635179.7506785,0.003436378575010698,-0.04324391438140661,0.3192914876110246,-0.00019486958912295573,-0.451,0.002,0.652,0.991,0.0,-0.134,0.0,-0.4505207183866334,0.0019705875949876496,0.6540600024766784
236,1784635179.7675502,0.009556071163456841,-0.08490120262750955,0.30635545731073227,0.0001519373622682989,-0.452,0.002,0.653,0.991,0.0,-0.133,0.0,-0.4505207183866334,0.0019705875949876496,0.6540600024766784
237,1784635179.7883506,0.0020441031248881886,-0.03619121945240418,0.26224688061164353,0.00017556389523849672,-0.452,0.002,0.654,0.991,0.0,-0.133,0.0,-0.4505207183866334,0.0019705875949876496,0.6540600024766784
238,1784635179.8091962,0.002093295317095977,-0.039170192840873815,0.2622112777657281,0.0001595449543826416,-0.452,0.002,0.656,0.991,0.0,-0.133,0.0,-0.4505207183866334,0.0019705875949876496,0.6540600024766784
239,1784635179.8287683,0.0011329324734512133,-0.04821503267588444,0.2585236451426698,0.00015089645811302232,-0.452,0.002,0.659,0.991,0.0,-0.134,0.0,-0.4512587146754079,0.002009007411638874,0.651709544160568
240,1784635179.8471215,-0.00013973485704296337,-0.0688781836161893,0.23224665527578853,0.00020672123245738831,-0.452,0.002,0.663,0.991,0.0,-0.134,0.0,-0.4512587146754079,0.002009007411638874,0.651709544160568
241,1784635179.8685868,-0.0007019866173448028,-0.03772170850082535,0.2724309656839594,0.00010226674372980834,-0.452,0.002,0.666,0.991,0.0,-0.135,0.0,-0.4512587146754079,0.002009007411638874,0.651709544160568
242,1784635179.8866873,-0.001900594841415421,-0.04023951283485584,0.24231989620952774,4.355194047811198e-05,-0.452,0.002,0.67,0.991,0.0,-0.136,0.0,-0.4512587146754079,0.002009007411638874,0.651709544160568
243,1784635179.906788,-0.001955598042585104,-0.026655169798717227,0.2651011837714332,9.045874320937677e-06,-0.453,0.002,0.674,0.991,0.0,-0.137,0.0,-0.4512587146754079,0.002009007411638874,0.651709544160568
244,1784635179.9281516,-0.0019867931731628085,-0.0323999876606933,0.24783906148161897,-1.5181494080095012e-05,-0.453,0.002,0.676,0.991,0.0,-0.137,0.0,-0.4512587146754079,0.002009007411638874,0.651709544160568
245,1784635179.9462888,-0.0047307899951435604,-0.051108939267190165,0.2440688559450412,-0.00010722221297474535,-0.453,0.002,0.679,0.99,0.0,-0.138,0.0,-0.4512587146754079,0.002009007411638874,0.651709544160568
246,1784635179.967812,-0.0012519099596767116,-0.026150842343230955,0.2653357921986408,-8.154467434285761e-05,-0.453,0.002,0.682,0.99,0.0,-0.138,0.0,-0.4512587146754079,0.002009007411638874,0.651709544160568
247,1784635179.9889317,-0.0014427203764279112,0.05616607809693211,0.24946877796094202,-7.303208396709192e-05,-0.453,0.002,0.686,0.99,0.0,-0.139,0.0,-0.45264099069489133,0.0019173887633686351,0.674437080168655
248,1784635180.0069602,-0.0114251241476138,0.05472175065290873,0.24735026402984375,-0.00019925847782014072,-0.453,0.002,0.688,0.99,0.0,-0.139,0.0,-0.45264099069489133,0.0019173887633686351,0.674437080168655
249,1784635180.0265887,-0.00651586458155611,0.07624338757603147,0.26871249702113886,-7.831746790411616e-05,-0.454,0.002,0.69,0.99,0.0,-0.139,0.0,-0.45264099069489133,0.0019173887633686351,0.674437080168655
250,1784635180.0480356,-0.029662463195201987,0.06585984255906856,0.2367508387029241,-0.0005444235012636576,-0.454,0.002,0.693,0.99,0.001,-0.139,0.0,-0.45264099069489133,0.0019173887633686351,0.674437080168655
251,1784635180.070937,-0.019695456048041897,0.06623010757238333,0.27395948368041334,-0.00045091577929596405,-0.454,0.002,0.695,0.99,0.001,-0.139,0.0,-0.45264099069489133,0.0019173887633686351,0.674437080168655
252,1784635180.0872698,-0.015113777233761082,0.07385679476726942,0.2515935077853066,-0.00043917480990053533,-0.455,0.002,0.696,0.99,0.001,-0.139,0.0,-0.45264099069489133,0.0019173887633686351,0.674437080168655
253,1784635180.1066818,-0.013240247834808,0.06470991151589847,0.2631435282576588,-0.00048566443359461227,-0.455,0.002,0.698,0.99,0.001,-0.139,0.0,-0.45264099069489133,0.0019173887633686351,0.674437080168655
254,1784635180.128698,-0.010316354150944918,0.09883844521161157,0.25269661850408787,-0.0004600813845501378,-0.456,0.002,0.7,0.99,0.001,-0.138,0.0,-0.45407296463877667,0.0017680448989217277,0.6939990677046084
255,1784635180.145862,-0.008105972731915018,0.09844744113565836,0.2611638704076146,-0.00048079201771029895,-0.456,0.002,0.701,0.99,0.001,-0.138,0.0,-0.45407296463877667,0.0017680448989217277,0.6939990677046084
256,1784635180.1726365,0.004431209054601908,0.0927357502825531,0.2551691927658931,-0.0001739789989054469,-0.457,0.002,0.702,0.991,0.0,-0.137,0.0,-0.45407296463877667,0.0017680448989217277,0.6939990677046084
256,1784635180.1880062,0.005817469478022685,0.09244728521492784,0.26010388926245626,-4.6777590678528106e-05,-0.458,0.002,0.703,0.991,0.0,-0.137,0.0,-0.45407296463877667,0.0017680448989217277,0.6939990677046084
258,1784635180.2062232,0.006995087617691104,0.0658613483699743,0.25047710209068674,-4.76902370701066e-05,-0.459,0.001,0.705,0.991,0.0,-0.136,0.0,-0.45407296463877667,0.0017680448989217277,0.6939990677046084
259,1784635180.2285705,0.005163837188040538,0.05114600814862196,0.2595833108686259,-4.751988910521091e-05,-0.459,0.001,0.706,0.991,0.0,-0.135,0.0,-0.45407296463877667,0.0017680448989217277,0.6939990677046084
260,1784635180.2476876,0.0003103855855020772,0.02701520871504126,0.2664370314757905,-6.719463497625503e-05,-0.46,0.001,0.706,0.991,0.0,-0.134,0.0,-0.458380229406831,0.0014873907612098895,0.7045173770749322
261,1784635180.2710068,-0.002038685226218806,0.021625612065493335,0.2620071529345415,-0.00010028476275436492,-0.461,0.001,0.707,0.991,0.0,-0.133,0.0,-0.458380229406831,0.0014873907612098895,0.7045173770749322
262,1784635180.2913575,-0.0017949198774236804,0.02230831594276784,0.2676937768298255,-2.1531222295771872e-05,-0.462,0.001,0.707,0.991,0.0,-0.132,0.0,-0.458380229406831,0.0014873907612098895,0.7045173770749322
263,1784635180.3099978,-0.004557943708603765,0.014137510493249178,0.26233502908660555,-1.1823200720242075e-05,-0.462,0.001,0.707,0.991,0.0,-0.131,0.0,-0.458380229406831,0.0014873907612098895,0.7045173770749322
264,1784635180.3340268,-0.01018463836515579,0.026195243726132224,0.26522675476949853,-6.348712958208934e-06,-0.463,0.001,0.708,0.991,0.0,-0.13,0.0,-0.458380229406831,0.0014873907612098895,0.7045173770749322
264,1784635180.3543994,-0.005612025156603875,0.024619402225289768,0.26487581613618966,-2.706714328664661e-06,-0.463,0.001,0.708,0.992,0.0,-0.13,0.0,-0.458380229406831,0.0014873907612098895,0.7045173770749322
266,1784635180.370643,-0.00976574658265008,0.0515367828102177,0.2641390391733293,-4.1028986540143144e-05,-0.464,0.001,0.708,0.992,0.0,-0.13,0.0,-0.458380229406831,0.0014873907612098895,0.7045173770749322
267,1784635180.3865325,-0.0034579840343021626,0.01714125339262671,0.2666438391963492,-6.873058581118736e-05,-0.464,0.001,0.708,0.992,0.0,-0.129,0.0,-0.458380229406831,0.0014873907612098895,0.7045173770749322
268,1784635180.4087002,-5.7303965263742936e-05,-0.03573972135682209,0.2702600781864039,-6.855131479837952e-05,-0.465,0.001,0.708,0.992,0.0,-0.129,0.0,-0.4632404736107517,0.0010844240513309634,0.7073340324575407
269,1784635180.4295228,-0.0006304290773825254,-0.03119665953255285,0.267329298623607,-8.296202270197196e-05,-0.465,0.001,0.708,0.992,-0.0,-0.129,0.0,-0.4632404736107517,0.0010844240513309634,0.7073340324575407
270,1784635180.4497674,-0.00019482346864098247,-0.03151422040946773,0.26995341340402146,-9.664789896795278e-05,-0.466,0.001,0.707,0.992,-0.0,-0.129,0.0,-0.4632404736107517,0.0010844240513309634,0.7073340324575407
271,1784635180.4731593,0.00016123780228982176,-0.04082966330334008,0.2679046458843758,-9.38420788329821e-05,-0.466,0.001,0.707,0.992,-0.0,-0.129,0.0,-0.4632404736107517,0.0010844240513309634,0.7073340324575407
271,1784635180.4861443,-0.0017823380764057152,-0.027875711049792883,0.2694841824367903,-0.0001067128044058952,-0.466,0.001,0.707,0.992,-0.0,-0.129,0.0,-0.4632404736107517,0.0010844240513309634,0.7073340324575407
273,1784635180.508565,-0.0028501060926837017,-0.024527214059516345,0.2681914723697896,-0.0001260481726307407,-0.466,0.001,0.707,0.992,-0.0,-0.129,0.0,-0.4632404736107517,0.0010844240513309634,0.7073340324575407
274,1784635180.5252354,-0.0011196999423038457,-0.031120423721826045,0.2692251703056196,-0.00012464497918001312,-0.466,0.001,0.707,0.992,-0.0,-0.129,0.0,-0.4632404736107517,0.0010844240513309634,0.7073340324575407
275,1784635180.5471625,-0.003621646558529055,-0.030087913344076494,0.26511596864376025,-0.00012328989850842107,-0.467,0.001,0.707,0.992,-0.0,-0.129,0.0,-0.46624484649730547,0.0006437274679454057,0.7071122143381205
276,1784635180.5659943,-0.009315985542473223,-0.0027624012729859405,0.2677376630056102,-0.00014701011899737453,-0.467,0.0,0.707,0.992,-0.0,-0.129,0.0,-0.46624484649730547,0.0006437274679454057,0.7071122143381205
277,1784635180.586664,-0.003917837978909393,-0.02791559764043373,0.266196960003278,-0.00014378798209811435,-0.467,0.0,0.707,0.992,-0.0,-0.13,0.0,-0.46624484649730547,0.0006437274679454057,0.7071122143381205
278,1784635180.607864,-0.008885235619239613,0.008344268472539568,0.26644392930786703,-0.0001636215143034779,-0.467,0.0,0.707,0.992,-0.0,-0.13,0.0,-0.46624484649730547,0.0006437274679454057,0.7071122143381205
279,1784635180.6268506,-0.008193047447822439,0.007461387353428953,0.2659499030620745,-0.00017939081411817023,-0.467,0.0,0.707,0.992,-0.0,-0.13,0.0,-0.46624484649730547,0.0006437274679454057,0.7071122143381205
280,1784635180.6457074,-0.0034318729823522003,-0.021324351181993707,0.26706842112792967,-0.0001678739990279984,-0.467,0.0,0.707,0.991,-0.0,-0.13,0.0,-0.46624484649730547,0.0006437274679454057,0.7071122143381205
281,1784635180.6693459,-0.005990693683433909,-0.0006072937460172775,0.2648273510647935,-0.00017613193854423465,-0.468,0.0,0.707,0.991,-0.0,-0.13,0.0,-0.46624484649730547,0.0006437274679454057,0.7071122143381205
282,1784635180.6902335,-0.005166931313883172,-0.00042423197086934733,0.26629024054073847,-0.0001827113248699082,-0.468,0.0,0.707,0.991,-0.0,-0.13,0.0,-0.46624484649730547,0.0006437274679454057,0.7071122143381205
283,1784635180.7069108,-0.0019836039668135004,0.014675789649523714,0.26399709317584974,-0.00011160165212955144,-0.468,0.0,0.708,0.991,-0.0,-0.131,0.0,-0.46742366900548266,0.0001966126397970847,0.7072406014600097
284,1784635180.7277231,-0.0036711955571206416,0.0447599017754394,0.2638142280024903,-0.00013438453305010545,-0.468,0.0,0.708,0.991,-0.0,-0.131,0.0,-0.46742366900548266,0.0001966126397970847,0.7072406014600097
285,1784635180.747772,-0.0020538485131622428,0.023885222538275595,0.2654832338202971,-0.00010989419391514055,-0.468,-0.0,0.708,0.991,-0.0,-0.131,0.0,-0.46742366900548266,0.0001966126397970847,0.7072406014600097
286,1784635180.7679062,-0.0024550413000849784,0.022182409343275915,0.2641764547439315,-0.00010485010283153106,-0.469,-0.0,0.708,0.991,-0.0,-0.131,0.0,-0.46742366900548266,0.0001966126397970847,0.7072406014600097
287,1784635180.7920098,0.008846442433105717,0.011433604343209423,0.26579158975291106,0.00013502213929881255,-0.469,-0.0,0.708,0.991,-0.001,-0.131,0.0,-0.46742366900548266,0.0001966126397970847,0.7072406014600097
287,1784635180.8118598,0.010687153478537157,0.00812110264533784,0.2646247771177555,0.0002964693892129654,-0.469,-0.0,0.708,0.991,-0.001,-0.131,0.0,-0.46742366900548266,0.0001966126397970847,0.7072406014600097
289,1784635180.8306057,0.01083507625786833,-0.03552456179883666,0.27092956810648894,0.00040594159948468937,-0.469,-0.0,0.708,0.991,-0.001,-0.13,0.0,-0.46919849022050564,-0.00019926445836805252,0.7083121763949716
290,1784635180.8492033,0.009542259597801118,-0.0384709697191056,0.26610048156451716,0.0004255385717620333,-0.47,-0.0,0.708,0.991,-0.001,-0.13,0.0,-0.46919849022050564,-0.00019926445836805252,0.7083121763949716
291,1784635180.8692691,0.007966838672252933,-0.03727272081235113,0.27008178838256547,0.0004232750378596893,-0.47,-0.0,0.708,0.992,-0.001,-0.13,0.0,-0.46919849022050564,-0.00019926445836805252,0.7083121763949716
292,1784635180.887565,0.0060641968199216,-0.034955268717639175,0.26676132641089983,0.0004146527672280364,-0.47,-0.0,0.709,0.992,-0.001,-0.13,0.0,-0.46919849022050564,-0.00019926445836805252,0.7083121763949716
293,1784635180.9072309,0.00495126591913198,-0.03290545864613965,0.2693569858659027,0.00040321228251109933,-0.47,-0.0,0.709,0.992,-0.001,-0.13,0.0,-0.46919849022050564,-0.00019926445836805252,0.7083121763949716
294,1784635180.926282,-0.0067735297196111245,-0.0307701262945649,0.2672730375820788,0.00021633452212956814,-0.47,-0.0,0.709,0.992,-0.0,-0.13,0.0,-0.46919849022050564,-0.00019926445836805252,0.7083121763949716
295,1784635180.9510264,-0.014428593358693176,-0.027363861984150365,0.26829762262953083,5.0396210390250547e-05,-0.47,-0.0,0.709,0.991,-0.0,-0.13,0.0,-0.46919849022050564,-0.00019926445836805252,0.7083121763949716
296,1784635180.972142,-0.015844414896020877,-0.027784614982787302,0.267404138726708,-5.395335641865829e-05,-0.47,-0.001,0.709,0.991,-0.0,-0.13,0.0,-0.46919849022050564,-0.00019926445836805252,0.7083121763949716
296,1784635180.9987993,-0.008395399554947133,-0.056646781937220676,0.2713170542819886,-0.00011893204515072094,-0.469,-0.001,0.709,0.991,-0.0,-0.131,0.0,-0.46963990398869443,-0.0005065995218633042,0.7088521343031722
298,1784635181.0188215,-0.0071218460759398415,-0.059061765626493665,0.268546131979042,-0.0001208129789972434,-0.469,-0.001,0.709,0.991,-0.0,-0.131,0.0,-0.46963990398869443,-0.0005065995218633042,0.7088521343031722
298,1784635181.033431,-0.006012727395398426,-0.057825853723571206,0.27060495436284693,-0.00010612999617754662,-0.469,-0.001,0.709,0.991,-0.0,-0.131,0.0,-0.46963990398869443,-0.0005065995218633042,0.7088521343031722
300,1784635181.0505033,-0.003421519703530762,-0.05935281916406799,0.2691501020699914,-9.526231404565088e-05,-0.469,-0.001,0.709,0.991,-0.0,-0.131,0.0,-0.46963990398869443,-0.0005065995218633042,0.7088521343031722
300,1784635181.0702572,-0.00199332102944562,-0.05189206383060441,0.2694190056722853,-8.74500824719933e-05,-0.469,-0.001,0.71,0.991,-0.0,-0.132,0.0,-0.46963990398869443,-0.0005065995218633042,0.7088521343031722
302,1784635181.08908,-0.0009323525735647023,-0.052241048720490076,0.2691897329557316,-8.337749547279595e-05,-0.469,-0.001,0.71,0.991,-0.0,-0.132,0.0,-0.46963990398869443,-0.0005065995218633042,0.7088521343031722
303,1784635181.108864,0.0011976495612243307,-0.05480095052373986,0.2679395024992424,-8.778109142971442e-05,-0.468,-0.001,0.71,0.991,-0.0,-0.132,0.0,-0.46963990398869443,-0.0005065995218633042,0.7088521343031722
303,1784635181.127971,0.002292278283179369,-0.041779246984114365,0.2683107341080786,-9.976525927631028e-05,-0.468,-0.001,0.711,0.991,-0.0,-0.133,0.0,-0.46963990398869443,-0.0005065995218633042,0.7088521343031722
305,1784635181.148397,0.0003353847892037442,-0.04149681110161259,0.2692184936598816,-9.7980992194242e-05,-0.468,-0.001,0.711,0.991,-0.0,-0.133,0.0,-0.46963990398869443,-0.0005065995218633042,0.7088521343031722
306,1784635181.16693,-0.0010185950122848454,-6.129608059621955e-05,0.26487687548070704,-9.949155483280191e-05,-0.467,-0.001,0.711,0.991,-0.0,-0.134,0.0,-0.46789626363154113,-0.0007345698720535446,0.7107068295953075
307,1784635181.1907182,-0.0019954038266663462,0.005105407150039997,0.26544407975880063,-0.00012240096463442528,-0.467,-0.001,0.712,0.991,-0.0,-0.134,0.0,-0.46789626363154113,-0.0007345698720535446,0.7107068295953075
308,1784635181.2132566,0.009211122272093504,0.015754021170334816,0.26788818357711974,9.599009177703775e-05,-0.467,-0.001,0.712,0.991,-0.001,-0.135,0.0,-0.46789626363154113,-0.0007345698720535446,0.7107068295953075
308,1784635181.2284057,0.009562036585025902,0.015244764219309155,0.2662059036840144,0.0002088693028733915,-0.467,-0.001,0.713,0.991,-0.001,-0.135,0.0,-0.46789626363154113,-0.0007345698720535446,0.7107068295953075
310,1784635181.2499895,0.008755363846476183,0.014208637673951289,0.2658761343557877,0.0002748249048888078,-0.467,-0.001,0.713,0.991,-0.001,-0.135,0.0,-0.46789626363154113,-0.0007345698720535446,0.7107068295953075
311,1784635181.269664,0.008001290318977344,0.0205798119849185,0.262791953672182,0.00030310430468123657,-0.466,-0.001,0.714,0.991,-0.001,-0.136,0.0,-0.46789626363154113,-0.0007345698720535446,0.7107068295953075
312,1784635181.3077843,0.008377378929162033,0.01858990746624703,0.2680690615560453,0.0003235084065750448,-0.466,-0.001,0.714,0.991,-0.001,-0.136,0.0,-0.46789626363154113,-0.0007345698720535446,0.7107068295953075
312,1784635181.333987,0.0065872291485461094,0.011301510113872374,0.2646116615820315,0.00033571828709752445,-0.466,-0.001,0.716,0.991,-0.001,-0.136,0.0,-0.46789626363154113,-0.0007345698720535446,0.7107068295953075
315,1784635181.3563094,-0.00510119898135877,0.008154204496878259,0.26700875831660936,0.00011797655916591547,-0.466,-0.001,0.717,0.991,-0.0,-0.136,0.0,-0.46789626363154113,-0.0007345698720535446,0.7107068295953075
315,1784635181.3815684,-0.005136456714802604,0.0425227811119321,0.26433816544916405,3.7861647524603526e-05,-0.466,-0.001,0.717,0.991,-0.0,-0.136,0.0,-0.4662890032979331,-0.0008932827899920922,0.7146114043953984
317,1784635181.404368,-0.004232817431865559,0.048795944858815506,0.2669588159060135,-9.398789766054665e-06,-0.466,-0.001,0.718,0.991,-0.0,-0.136,0.0,-0.4662890032979331,-0.0008932827899920922,0.7146114043953984
317,1784635181.4248993,-0.004194860074142049,0.043642792658966756,0.26420214909936546,-4.495217921268167e-05,-0.466,-0.001,0.719,0.991,-0.0,-0.136,0.0,-0.4662890032979331,-0.0008932827899920922,0.7146114043953984
319,1784635181.4459114,-0.00625793507887756,0.010546390413049021,0.2612755127990016,-0.00010147442155968097,-0.466,-0.001,0.72,0.991,-0.0,-0.136,0.0,-0.4662890032979331,-0.0008932827899920922,0.7146114043953984
319,1784635181.4750872,-0.00289621604395334,0.026527938944431093,0.26867332580398606,-8.293018584801324e-05,-0.466,-0.001,0.72,0.991,-0.0,-0.135,0.0,-0.4662890032979331,-0.0008932827899920922,0.7146114043953984
322,1784635181.4954398,-0.0009620080622348862,-0.018212357353614827,0.2585000450323825,-7.98003457000324e-05,-0.466,-0.001,0.722,0.991,-0.0,-0.135,0.0,-0.4662890032979331,-0.0008932827899920922,0.7146114043953984
322,1784635181.5118384,0.0007244076681785833,-0.03589593640797785,0.2738540490243268,-8.148979461609603e-05,-0.466,-0.001,0.722,0.991,-0.0,-0.135,0.0,-0.4660837504688542,-0.0009761142459381668,0.7198998978076241
324,1784635181.530108,-0.0010682450733813333,-0.016171170177570617,0.26738751668178373,-8.322130408932425e-05,-0.466,-0.001,0.723,0.991,-0.0,-0.134,0.0,-0.4660837504688542,-0.0009761142459381668,0.7198998978076241
325,1784635181.5501049,-0.0011713358545882937,-0.012547135650092847,0.2700599870419042,-9.409033639433536e-05,-0.466,-0.001,0.723,0.991,-0.0,-0.134,0.0,-0.4660837504688542,-0.0009761142459381668,0.7198998978076241
326,1784635181.5722039,0.0002529278694339077,-0.03245213256938961,0.2647097202764025,-9.734893435461855e-05,-0.466,-0.001,0.724,0.991,-0.0,-0.134,0.0,-0.4660837504688542,-0.0009761142459381668,0.7198998978076241
327,1784635181.5880032,-0.0020155860032305996,-0.005584176617326644,0.27156421434173955,-0.00016247155749664436,-0.466,-0.001,0.725,0.991,-0.0,-0.134,0.0,-0.4660837504688542,-0.0009761142459381668,0.7198998978076241
328,1784635181.606573,-0.002685417827943597,-0.0021108656477009397,0.2666393780828594,-0.00021746693636768403,-0.466,-0.001,0.725,0.991,-0.0,-0.134,0.0,-0.4660837504688542,-0.0009761142459381668,0.7198998978076241
329,1784635181.6269448,-0.0013504627101870144,-0.019689438624697762,0.2725442964718608,-0.00022277158798924326,-0.466,-0.001,0.726,0.991,-0.0,-0.134,0.0,-0.4657585554547952,-0.0010325821111087994,0.7243973611371906
330,1784635181.6470814,-0.0019441913307329662,-0.04792328627845044,0.26364548007267774,-0.00036627907012943655,-0.466,-0.001,0.727,0.991,-0.0,-0.134,0.0,-0.4657585554547952,-0.0010325821111087994,0.7243973611371906
331,1784635181.6700115,-0.0008235439731220143,-0.03516453148002959,0.27268378400944226,-0.0003099928361533073,-0.465,-0.001,0.727,0.991,-0.0,-0.134,0.0,-0.4657585554547952,-0.0010325821111087994,0.7243973611371906
332,1784635181.6917257,-0.0012563135148372945,-0.029055910228252768,0.2681848764431807,-0.00027817007497513146,-0.465,-0.001,0.728,0.991,-0.0,-0.134,0.0,-0.4657585554547952,-0.0010325821111087994,0.7243973611371906
333,1784635181.705872,-0.0008073605560584161,-0.021913155513604645,0.2683606863985683,-0.0002551011032434173,-0.465,-0.001,0.729,0.991,-0.0,-0.135,0.0,-0.4657585554547952,-0.0010325821111087994,0.7243973611371906
334,1784635181.7285848,-0.001445717375270748,-0.03788862423912523,0.26298403018463806,-0.0002516598309290695,-0.465,-0.001,0.73,0.991,-0.0,-0.135,0.0,-0.4657585554547952,-0.0010325821111087994,0.7243973611371906
335,1784635181.7484143,-0.0007878990576121361,-0.014903006456152935,0.2733199581396425,-0.0001730626772633058,-0.465,-0.001,0.73,0.991,-0.0,-0.135,0.0,-0.4657585554547952,-0.0010325821111087994,0.7243973611371906
336,1784635181.765783,-0.0007707278647283176,-0.013736375512444204,0.2669549839026301,-0.00012919321205367474,-0.465,-0.001,0.731,0.991,-0.0,-0.135,0.0,-0.4657585554547952,-0.0010325821111087994,0.7243973611371906
337,1784635181.7872944,-0.0020517617280618123,0.021542460476109946,0.2665656361097732,-9.548975242371854e-05,-0.464,-0.001,0.733,0.991,-0.0,-0.136,0.0,-0.4647056898975689,-0.0010752313269509614,0.7302201930296542
338,1784635181.805088,-0.0021341282304084093,0.023395080137397075,0.2667323838885284,-8.121892202475743e-05,-0.464,-0.001,0.733,0.991,-0.0,-0.136,0.0,-0.4647056898975689,-0.0010752313269509614,0.7302201930296542
339,1784635181.8274126,-0.0021468216775388078,0.01818687555845623,0.2639895446590583,-7.43127797756609e-05,-0.464,-0.001,0.735,0.991,-0.0,-0.136,0.0,-0.4647056898975689,-0.0010752313269509614,0.7302201930296542
340,1784635181.8471854,-0.0021368822294125698,0.014147577287940541,0.26570988766258075,-6.872715023363637e-05,-0.464,-0.001,0.736,0.991,-0.0,-0.136,0.0,-0.4647056898975689,-0.0010752313269509614,0.7302201930296542
341,1784635181.8660386,-0.0021375252812388524,0.01829859197457501,0.2663139131592515,-6.30079886230655e-05,-0.464,-0.001,0.737,0.991,-0.0,-0.136,0.0,-0.4647056898975689,-0.0010752313269509614,0.7302201930296542
342,1784635181.8869452,-0.002139456262724268,0.015957425094198778,0.26558269184237615,-6.18213479351873e-05,-0.464,-0.001,0.738,0.991,-0.0,-0.136,0.0,-0.4647056898975689,-0.0010752313269509614,0.7302201930296542
343,1784635181.9069164,-0.001668757968675907,0.006932217166101637,0.2636356808916289,-6.040823261676367e-05,-0.464,-0.001,0.739,0.991,-0.0,-0.136,0.0,-0.4647056898975689,-0.0010752313269509614,0.7302201930296542
344,1784635181.928305,-0.0007158877616451794,-0.0216871962711011,0.2578494868673485,-5.9863598449836506e-05,-0.464,-0.001,0.74,0.991,-0.0,-0.136,0.0,-0.4647056898975689,-0.0010752313269509614,0.7302201930296542
345,1784635181.9501853,-0.0020298424508120552,0.04244061909234085,0.27088829818926446,-3.642349666498544e-05,-0.464,-0.001,0.741,0.991,-0.0,-0.136,0.0,-0.4643208632381761,-0.0010982404797497277,0.7386859713627205
346,1784635181.9678211,-0.00268743557674846,0.056822231110713925,0.2630160731400648,-4.191564458365935e-05,-0.464,-0.001,0.742,0.991,-0.0,-0.136,0.0,-0.4643208632381761,-0.0010982404797497277,0.7386859713627205
347,1784635181.9864082,0.008935151757917134,0.04982941324538606,0.2667499619172816,0.00023018123364815864,-0.465,-0.001,0.744,0.991,-0.001,-0.136,0.0,-0.4643208632381761,-0.0010982404797497277,0.7386859713627205
348,1784635182.0079794,0.00971667722471513,0.04784233684168408,0.26370045666179875,0.0003771026108876278,-0.465,-0.001,0.745,0.991,-0.001,-0.136,0.0,-0.4643208632381761,-0.0010982404797497277,0.7386859713627205
349,1784635182.0272095,0.00914630352401303,0.04301266518156335,0.26596878750694375,0.0004355429922803142,-0.465,-0.001,0.746,0.991,-0.001,-0.136,0.0,-0.4643208632381761,-0.0010982404797497277,0.7386859713627205
350,1784635182.0489902,0.008280534129980732,0.049892757372324535,0.26859481445506034,0.00045582953561746525,-0.465,-0.001,0.747,0.991,-0.001,-0.135,0.0,-0.4643208632381761,-0.0010982404797497277,0.7386859713627205
351,1784635182.0694196,-0.0070146884406319665,-0.0202801098679515,0.2559242942550739,0.00021762620500165972,-0.465,-0.001,0.749,0.991,-0.0,-0.135,0.0,-0.4643208632381761,-0.0010982404797497277,0.7386859713627205
352,1784635182.0907774,-0.00586125894154792,0.023956010224065565,0.2741282207340937,9.758630733038953e-05,-0.465,-0.001,0.75,0.991,-0.0,-0.135,0.0,-0.4643208632381761,-0.0010982404797497277,0.7386859713627205
353,1784635182.108375,-0.011011818462424761,-0.05348625532918986,0.2546582780967795,-4.2143818449835756e-05,-0.465,-0.001,0.751,0.991,-0.0,-0.134,0.0,-0.4643208632381761,-0.0010982404797497277,0.7386859713627205
354,1784635182.125695,-0.0071506508601225805,-0.028227002767988625,0.28131765762071936,-7.505525971980558e-05,-0.465,-0.001,0.752,0.991,-0.0,-0.134,0.0,-0.4646785502810149,-0.0010852471617235912,0.7472565898888026
355,1784635182.1469939,-0.0049680768826660445,-0.028116257770658012,0.2691834312795367,-6.637780209931858e-05,-0.465,-0.001,0.754,0.991,-0.0,-0.133,0.0,-0.4646785502810149,-0.0010852471617235912,0.7472565898888026
356,1784635182.1677165,-0.0030844490433991284,-0.03916032487369021,0.26736758924914816,-5.828312681265238e-05,-0.465,-0.001,0.755,0.991,-0.0,-0.133,0.0,-0.4646785502810149,-0.0010852471617235912,0.7472565898888026
357,1784635182.19036,-0.002016611221120899,-0.03546216956239686,0.26818035464111445,-4.238442470891624e-05,-0.465,-0.001,0.756,0.991,-0.0,-0.133,0.0,-0.4646785502810149,-0.0010852471617235912,0.7472565898888026
358,1784635182.2102547,-0.0009961135865798776,-0.034198279965423004,0.2671413305700033,-2.7948394228787572e-05,-0.464,-0.001,0.757,0.991,-0.0,-0.133,0.0,-0.4646785502810149,-0.0010852471617235912,0.7472565898888026
359,1784635182.233351,-0.00044295480638080606,-0.030999893303859865,0.26747120411902914,-1.577182628657323e-05,-0.464,-0.001,0.758,0.991,-0.0,-0.133,0.0,-0.4646785502810149,-0.0010852471617235912,0.7472565898888026
359,1784635182.2477937,-0.0008768019535666343,-0.020142904323467867,0.2692208225191158,-4.349650662299906e-06,-0.464,-0.001,0.759,0.991,-0.0,-0.133,0.0,-0.4646785502810149,-0.0010852471617235912,0.7472565898888026
361,1784635182.26741,-0.0005228219075878017,-0.03692074226093501,0.26562979396040476,-6.652705665896441e-06,-0.464,-0.001,0.761,0.991,-0.0,-0.134,0.0,-0.4638490195199063,-0.0010214739069517391,0.7556865808950768
362,1784635182.288921,-0.0004649212227754017,-0.03782324666688724,0.2680393910718976,-7.561108159903232e-08,-0.464,-0.001,0.762,0.991,-0.0,-0.134,0.0,-0.4638490195199063,-0.0010214739069517391,0.7556865808950768
363,1784635182.3114142,-0.0009691382114662389,-0.040961236493454914,0.2657354043723339,5.770969612922205e-06,-0.463,-0.001,0.764,0.991,-0.0,-0.134,0.0,-0.4638490195199063,-0.0010214739069517391,0.7556865808950768
364,1784635182.328139,-0.00192494538133475,-0.02259392103843956,0.2697469663554679,1.4310019712588727e-05,-0.463,-0.001,0.765,0.991,-0.0,-0.135,0.0,-0.4638490195199063,-0.0010214739069517391,0.7556865808950768
365,1784635182.34712,0.0011655401036716237,-0.05869038424570622,0.25541502572511254,1.8275771369595013e-05,-0.463,-0.001,0.767,0.991,-0.0,-0.135,0.0,-0.4638490195199063,-0.0010214739069517391,0.7556865808950768
366,1784635182.3697686,0.008595558762288246,-0.02274029399830315,0.27710711234411206,0.00017964201546372355,-0.463,-0.001,0.768,0.991,-0.001,-0.135,0.0,-0.4638490195199063,-0.0010214739069517391,0.7556865808950768
367,1784635182.3883247,0.010492292655599294,-0.021240107004996737,0.2623030699779998,0.00030986603954484315,-0.463,-0.001,0.77,0.991,-0.001,-0.136,0.0,-0.4638490195199063,-0.0010214739069517391,0.7556865808950768
368,1784635182.4070296,0.009961505723196422,-0.017530755068042407,0.26828415117038,0.000389710116193133,-0.462,-0.001,0.772,0.991,-0.001,-0.136,0.0,-0.4638490195199063,-0.0010214739069517391,0.7556865808950768
369,1784635182.433731,0.01161503178070786,0.009369399627947514,0.2610199830189996,0.00043145874998820084,-0.462,-0.001,0.773,0.991,-0.001,-0.136,0.0,-0.4626799418198866,-0.0009192269257856303,0.7665272755224029
369,1784635182.4490867,0.010645729208301926,0.020581903704597358,0.2662379687248618,0.0004705840566838496,-0.462,-0.001,0.775,0.991,-0.001,-0.137,0.0,-0.4626799418198866,-0.0009192269257856303,0.7665272755224029
371,1784635182.4669988,0.00031082139974305915,0.0020063154971843473,0.2529147264079461,0.00032516951000247714,-0.462,-0.001,0.776,0.991,-0.0,-0.137,0.0,-0.4626799418198866,-0.0009192269257856303,0.7665272755224029
372,1784635182.4901974,-0.0030536151845644175,-0.007292870446475384,0.2629448352077729,0.0002309778152328332,-0.462,-0.001,0.778,0.991,-0.0,-0.137,0.0,-0.4626799418198866,-0.0009192269257856303,0.7665272755224029
373,1784635182.5082855,-0.002921837298469752,0.011179811470784146,0.264038594696534,0.00016607867050363558,-0.462,-0.001,0.779,0.991,-0.0,-0.137,0.0,-0.4626799418198866,-0.0009192269257856303,0.7665272755224029
374,1784635182.5271773,-0.00419601870690341,-0.019179480387425462,0.2550252369566694,0.00012843707765168366,-0.462,-0.001,0.781,0.991,-0.0,-0.137,0.0,-0.4626799418198866,-0.0009192269257856303,0.7665272755224029
375,1784635182.5478804,-0.0028509457777224512,-0.026384150912309313,0.2625349435487223,0.00012137978756697994,-0.462,-0.001,0.783,0.991,-0.0,-0.137,0.0,-0.4626799418198866,-0.0009192269257856303,0.7665272755224029
376,1784635182.568159,-0.0009870725605463542,0.04679214621269535,0.27175211663547594,0.00010367461769503704,-0.462,-0.001,0.784,0.991,-0.0,-0.137,0.0,-0.46193526313599537,-0.0007160102854300491,0.7785688035084014
377,1784635182.5883896,0.0003415728422054517,0.048143120905066526,0.2642900239604892,0.00012135397456069094,-0.462,-0.001,0.785,0.991,-0.0,-0.137,0.0,-0.46193526313599537,-0.0007160102854300491,0.7785688035084014
378,1784635182.6083195,0.002115240265137183,0.03850791831533823,0.26695101766116397,0.0001412420104284275,-0.462,-0.001,0.787,0.991,-0.0,-0.137,0.0,-0.46193526313599537,-0.0007160102854300491,0.7785688035084014
379,1784635182.626551,0.007597009069354001,0.0018226089963403816,0.25803208870937966,0.00021918048147629096,-0.462,-0.0,0.788,0.991,-0.0,-0.137,0.0,-0.46193526313599537,-0.0007160102854300491,0.7785688035084014
380,1784635182.648839,0.004871580536196991,0.027712656825771204,0.2715953217700114,0.0001745429302062359,-0.462,-0.0,0.789,0.991,-0.0,-0.137,0.0,-0.46193526313599537,-0.0007160102854300491,0.7785688035084014
381,1784635182.6710558,0.004858520231182734,0.02694868489937927,0.26160299771522477,0.00016613237936189703,-0.462,-0.0,0.79,0.991,-0.0,-0.137,0.0,-0.46193526313599537,-0.0007160102854300491,0.7785688035084014
382,1784635182.689153,0.004303254184858591,0.021387631729974765,0.26880915953621504,0.00016177603138322797,-0.462,-0.0,0.791,0.991,-0.0,-0.137,0.0,-0.46193526313599537,-0.0007160102854300491,0.7785688035084014
383,1784635182.7079973,0.007872243253807656,-0.0749308768612943,0.26031190858374353,0.00025590204979009746,-0.462,-0.0,0.792,0.991,-0.0,-0.137,0.0,-0.46178296974236843,-0.0004214600785304396,0.7888990239102754
384,1784635182.7306066,0.003352682667484174,-0.059215189579094156,0.2731452583095152,0.00021825042071763133,-0.462,-0.0,0.793,0.991,-0.0,-0.137,0.0,-0.46178296974236843,-0.0004214600785304396,0.7888990239102754
385,1784635182.7498553,0.0021746796982038837,-0.0417240299433788,0.2680867866779323,0.00015656667707886681,-0.462,-0.0,0.794,0.991,-0.0,-0.136,0.0,-0.46178296974236843,-0.0004214600785304396,0.7888990239102754
386,1784635182.7747593,0.0015408235355795965,-0.04635926266473731,0.2691258570128829,0.00011726806530034135,-0.461,-0.0,0.795,0.991,-0.0,-0.136,0.0,-0.46178296974236843,-0.0004214600785304396,0.7888990239102754
386,1784635182.7955635,0.0028326850434766005,-0.052053553667697997,0.2660559488255954,0.00010294776141785306,-0.461,-0.0,0.796,0.991,-0.0,-0.136,0.0,-0.46178296974236843,-0.0004214600785304396,0.7888990239102754
388,1784635182.8122027,0.0029036139124059383,-0.0453841108828269,0.26811622120369744,9.598659255984501e-05,-0.461,-0.0,0.797,0.991,-0.0,-0.136,0.0,-0.46178296974236843,-0.0004214600785304396,0.7888990239102754
388,1784635182.8288128,0.003999899285270331,-0.06202565902318828,0.25979474293104043,0.00011303916994673693,-0.461,-0.0,0.798,0.991,-0.0,-0.136,0.0,-0.46178296974236843,-0.0004214600785304396,0.7888990239102754
390,1784635182.8468895,0.0032486753621859023,-0.02569632473192606,0.272407650982003,9.577458150788908e-05,-0.461,-0.0,0.799,0.991,-0.0,-0.137,0.0,-0.46178296974236843,-0.0004214600785304396,0.7888990239102754
391,1784635182.8679636,0.0034769030447278316,-0.023325505288732326,0.2634150541870303,9.090825204407085e-05,-0.461,0.0,0.801,0.991,0.0,-0.137,0.0,-0.46178296974236843,-0.0004214600785304396,0.7888990239102754
392,1784635182.8902857,0.0034380596650264348,-0.0011853475233013916,0.26790641992403347,9.349504047861177e-05,-0.461,0.0,0.802,0.991,0.0,-0.137,0.0,-0.46124460119118876,-8.708203298347697e-05,0.7977084524078679
393,1784635182.9112818,0.001672389430508616,0.014523741186367144,0.26752899206206776,7.74062569555205e-05,-0.461,0.0,0.803,0.99,0.0,-0.138,0.0,-0.46124460119118876,-8.708203298347697e-05,0.7977084524078679
394,1784635182.928756,0.003368436071730977,0.00900723778699384,0.2642473855741528,0.00010094740468526042,-0.46,0.0,0.804,0.99,0.0,-0.138,0.0,-0.46124460119118876,-8.708203298347697e-05,0.7977084524078679
395,1784635182.9503765,0.00346097895444934,0.00358154430243263,0.2661896891075825,0.0001083044975149186,-0.46,0.0,0.806,0.99,0.0,-0.138,0.0,-0.46124460119118876,-8.708203298347697e-05,0.7977084524078679
396,1784635182.9739702,0.003480445442598468,0.01045284931710018,0.26428479875939964,0.00010998726671748447,-0.46,0.0,0.807,0.99,0.0,-0.139,0.0,-0.46124460119118876,-8.708203298347697e-05,0.7977084524078679
396,1784635183.0073383,0.003465204372214252,0.007865113475956935,0.2655042777671153,0.00011434107465803427,-0.46,0.0,0.808,0.99,0.0,-0.139,0.0,-0.46124460119118876,-8.708203298347697e-05,0.7977084524078679
399,1784635183.0319524,0.0016567028147383039,0.010735621362242915,0.2664603705415263,0.00015941904570673993,-0.46,0.0,0.811,0.99,0.0,-0.139,0.0,-0.46124460119118876,-8.708203298347697e-05,0.7977084524078679
399,1784635183.0669367,0.005880584090390536,-0.021901178946884987,0.25480889523828304,0.0003214644613619127,-0.46,0.0,0.812,0.99,0.0,-0.139,0.0,-0.46124460119118876,-8.708203298347697e-05,0.7977084524078679
402,1784635183.1017053,0.0053015283970763135,0.03386572299964695,0.2595185727216046,0.0003705090228488245,-0.461,0.001,0.815,0.99,0.0,-0.139,0.0,-0.4602270264397675,0.0002751016430203495,0.8071846770873385
402,1784635183.1355038,0.001575646190617147,0.06186776133608225,0.26434536125855357,0.00029260413839477466,-0.461,0.001,0.817,0.99,0.0,-0.139,0.0,-0.4602270264397675,0.0002751016430203495,0.8071846770873385
405,1784635183.1616273,0.0006440862372243085,0.07185209058665937,0.26339297392596994,0.0001967259896833482,-0.461,0.001,0.82,0.99,0.0,-0.139,0.0,-0.4602270264397675,0.0002751016430203495,0.8071846770873385
405,1784635183.1795475,0.0023567686097324654,0.03667697243917055,0.2552679337634954,0.0002159945508281079,-0.461,0.001,0.821,0.99,0.0,-0.138,0.0,-0.4602270264397675,0.0002751016430203495,0.8071846770873385
407,1784635183.198648,0.0004814620340258765,0.055829152653132506,0.27064571020686307,0.0001357035289489364,-0.462,0.001,0.822,0.99,0.0,-0.138,0.0,-0.4602270264397675,0.0002751016430203495,0.8071846770873385
407,1784635183.2179692,0.002661000415688819,0.019119008024156836,0.2594565414310764,0.0001560057678264512,-0.462,0.001,0.823,0.99,0.0,-0.138,0.0,-0.4610496204606508,0.0006281163535284619,0.8180770039932627
409,1784635183.2411106,0.0025717397000328914,0.019368853989600504,0.27036145286549196,0.00013749073284697683,-0.462,0.001,0.824,0.99,0.0,-0.138,0.0,-0.4610496204606508,0.0006281163535284619,0.8180770039932627
409,1784635183.2575498,0.003309623035613925,0.005527495825642693,0.25993800986091853,0.00014189490580963134,-0.462,0.001,0.825,0.99,0.0,-0.138,0.0,-0.4610496204606508,0.0006281163535284619,0.8180770039932627
411,1784635183.2748187,0.005884772475590116,-0.04193899810334237,0.26251661412851157,0.00019522212066252071,-0.462,0.001,0.825,0.991,0.0,-0.137,0.0,-0.4610496204606508,0.0006281163535284619,0.8180770039932627
411,1784635183.2929149,0.003510963602642743,-0.012365409126216705,0.26608626102101485,0.00016833422634576856,-0.462,0.001,0.826,0.991,0.0,-0.137,0.0,-0.4610496204606508,0.0006281163535284619,0.8180770039932627
413,1784635183.3082047,0.003376196781891395,-0.006257420863049428,0.2632137950691322,0.0001514808721143541,-0.462,0.001,0.827,0.991,0.0,-0.137,0.0,-0.4610496204606508,0.0006281163535284619,0.8180770039932627
414,1784635183.328497,0.0017204513832195087,-0.009318424432833717,0.2654287836654631,0.00012999000194963904,-0.462,0.001,0.828,0.991,0.0,-0.136,0.0,-0.4610496204606508,0.0006281163535284619,0.8180770039932627
415,1784635183.3480086,-0.010361032299536901,-0.02335183766132122,0.25819720136859425,-0.00013765616463630898,-0.463,0.001,0.829,0.991,0.001,-0.136,0.0,-0.4610496204606508,0.0006281163535284619,0.8180770039932627
416,1784635183.3680882,-0.011490456638503552,-0.03404335852510548,0.27103866500428514,-0.0002538348831341239,-0.463,0.001,0.83,0.991,0.001,-0.136,0.0,-0.46225547401107814,0.000924394668378706,0.8262440294260572
417,1784635183.3900542,-0.010964069839851005,-0.030434143511584487,0.26109136885000905,-0.0003123270079446332,-0.463,0.001,0.831,0.991,0.001,-0.136,0.0,-0.46225547401107814,0.000924394668378706,0.8262440294260572
418,1784635183.4093976,-0.010507136023156102,-0.024240650590487012,0.2703829296552318,-0.000349490026720851,-0.463,0.001,0.832,0.991,0.001,-0.136,0.0,-0.46225547401107814,0.000924394668378706,0.8262440294260572
419,1784635183.4274807,-0.008578149634320693,-0.025346504107114733,0.2611893224713087,-0.0003718563109622137,-0.463,0.001,0.833,0.991,0.001,-0.136,0.0,-0.46225547401107814,0.000924394668378706,0.8262440294260572
420,1784635183.4472039,-0.007560339993333517,-0.011589723465641974,0.26792739814323063,-0.00037698704535527315,-0.463,0.001,0.834,0.991,0.001,-0.137,0.0,-0.46225547401107814,0.000924394668378706,0.8262440294260572
421,1784635183.4660215,-0.006659603094899878,-0.010353026078167427,0.26242839187512723,-0.00038467755235571655,-0.463,0.001,0.835,0.991,0.001,-0.137,0.0,-0.46225547401107814,0.000924394668378706,0.8262440294260572
422,1784635183.49266,-0.005197559401776634,0.007254589074321022,0.26443920039226804,-0.00037395991284163474,-0.463,0.001,0.836,0.991,0.001,-0.137,0.0,-0.4627111069011178,0.0011442905240283798,0.8333056681875102
422,1784635183.5074234,0.0012283933504782015,0.0018202325057703646,0.2568182230082035,-0.00034987538441710577,-0.463,0.001,0.837,0.991,0.001,-0.137,0.0,-0.4627111069011178,0.0011442905240283798,0.8333056681875102
424,1784635183.528384,0.007193387448527265,0.004843865130386801,0.2683533072935986,-0.00016192625201426274,-0.463,0.001,0.838,0.991,0.0,-0.137,0.0,-0.4627111069011178,0.0011442905240283798,0.8333056681875102
425,1784635183.5476556,0.0072857723957861845,0.012712605224963366,0.2592390615908269,-5.660380509205162e-05,-0.463,0.001,0.839,0.99,0.0,-0.138,0.0,-0.4627111069011178,0.0011442905240283798,0.8333056681875102
426,1784635183.5672371,0.008550733704293748,-0.0007282710363219237,0.2605916017648589,2.766341460398417e-05,-0.463,0.001,0.841,0.99,0.0,-0.138,0.0,-0.4627111069011178,0.0011442905240283798,0.8333056681875102
427,1784635183.5882008,0.002950073626964621,0.011063300313349473,0.26691236057089046,2.75289267680833e-05,-0.463,0.001,0.842,0.99,0.0,-0.138,0.0,-0.4627111069011178,0.0011442905240283798,0.8333056681875102
428,1784635183.6065695,0.0015960388677868191,0.013506954128834132,0.2628882312597692,3.635252568971411e-05,-0.463,0.001,0.843,0.99,0.0,-0.138,0.0,-0.4627111069011178,0.0011442905240283798,0.8333056681875102
429,1784635183.627474,0.0005383850238818439,0.011465365979828175,0.26527353274561416,4.013357014044069e-05,-0.463,0.001,0.843,0.99,0.0,-0.138,0.0,-0.4627111069011178,0.0011442905240283798,0.8333056681875102
430,1784635183.6561334,0.0011126577179902222,0.04812254516032299,0.2597099959148974,4.627663024978485e-05,-0.463,0.001,0.844,0.99,0.0,-0.138,0.0,-0.4630933935622805,0.0012487008942871942,0.8406573696316815
430,1784635183.672179,0.0006820301316507484,0.04939140526112649,0.26401106615963615,4.836499260083993e-05,-0.463,0.001,0.845,0.99,0.0,-0.138,0.0,-0.4630933935622805,0.0012487008942871942,0.8406573696316815
432,1784635183.689317,0.0006645481470372049,0.0491481532223276,0.2605008209379857,5.043206298141725e-05,-0.464,0.001,0.846,0.99,0.0,-0.138,0.0,-0.4630933935622805,0.0012487008942871942,0.8406573696316815
433,1784635183.7095926,-3.5874421924440565e-05,0.037887246799932085,0.2632495293269116,3.773634027720361e-05,-0.464,0.001,0.847,0.991,0.0,-0.137,0.0,-0.4630933935622805,0.0012487008942871942,0.8406573696316815
434,1784635183.7313097,-0.0008050890189984376,0.019397251917040687,0.25644294607311613,3.833025369537889e-05,-0.464,0.001,0.847,0.991,0.0,-0.137,0.0,-0.4630933935622805,0.0012487008942871942,0.8406573696316815
435,1784635183.7506936,7.282057478123262e-05,0.008029594418090823,0.262057350832319,4.354405314199047e-05,-0.464,0.001,0.848,0.991,0.0,-0.137,0.0,-0.4630933935622805,0.0012487008942871942,0.8406573696316815
436,1784635183.7678235,0.0011268739841063355,-0.03811652046910635,0.2607127821608208,6.322669199225884e-05,-0.464,0.001,0.849,0.991,0.0,-0.137,0.0,-0.46391485991368514,0.001312084728302959,0.8474843839510204
437,1784635183.785946,0.0019083836752142246,-0.021288939334561316,0.26640929543648795,5.318155593605179e-05,-0.464,0.001,0.85,0.991,0.0,-0.137,0.0,-0.46391485991368514,0.001312084728302959,0.8474843839510204
438,1784635183.8107903,0.0015427672546363485,-0.047814381916196684,0.2590519985952145,5.253691362472979e-05,-0.464,0.001,0.85,0.991,0.0,-0.136,0.0,-0.46391485991368514,0.001312084728302959,0.8474843839510204
439,1784635183.8287418,0.0019358765661959406,-0.02547855621034005,0.2683218728085692,4.347366819254191e-05,-0.464,0.001,0.85,0.991,0.0,-0.136,0.0,-0.46391485991368514,0.001312084728302959,0.8474843839510204
440,1784635183.84904,0.0024948237097541493,-0.01323883761901342,0.2622361454710176,4.1095144622548006e-05,-0.464,0.001,0.851,0.991,0.0,-0.136,0.0,-0.46391485991368514,0.001312084728302959,0.8474843839510204
441,1784635183.8729606,0.0020208248972401854,-0.011669778485273492,0.26601107507690247,4.052671973331322e-05,-0.464,0.001,0.852,0.991,0.0,-0.136,0.0,-0.46391485991368514,0.001312084728302959,0.8474843839510204
441,1784635183.8920376,0.0020038948166383698,-0.005243247291114478,0.26458385381088967,3.8392264635253396e-05,-0.464,0.001,0.852,0.991,0.0,-0.136,0.0,-0.46391485991368514,0.001312084728302959,0.8474843839510204
443,1784635183.908177,0.0019936030969193675,-0.0041480943640463,0.2653488443109761,3.8893267361675986e-05,-0.464,0.001,0.852,0.991,0.0,-0.136,0.0,-0.46391485991368514,0.001312084728302959,0.8474843839510204
444,1784635183.9330275,0.0024792408936180703,-0.0061830068433165524,0.26618632877030013,3.934335783086949e-05,-0.464,0.001,0.853,0.991,0.0,-0.137,0.0,-0.4642353473197728,0.0013167367109761397,0.8521565527647311
444,1784635183.9631834,-4.005682707620148e-05,-0.012084467027584103,0.2620688550209817,2.600103061066647e-05,-0.464,0.001,0.853,0.991,0.0,-0.137,0.0,-0.4642353473197728,0.0013167367109761397,0.8521565527647311
446,1784635183.9939852,-0.0087318331516391,-0.011010247484100481,0.2686547002439397,-0.00016873464300639512,-0.464,0.001,0.854,0.991,0.001,-0.137,0.0,-0.4642353473197728,0.0013167367109761397,0.8521565527647311
446,1784635184.023848,-0.010998977796200874,-0.018223028227844357,0.2623536979201042,-0.00030068660475065536,-0.464,0.001,0.855,0.991,0.001,-0.137,0.0,-0.4642353473197728,0.0013167367109761397,0.8521565527647311
449,1784635184.0550117,-0.012688482358614816,-0.03399370987347109,0.26503152352374953,-0.0004087799551551888,-0.464,0.001,0.855,0.991,0.001,-0.137,0.0,-0.4642353473197728,0.0013167367109761397,0.8521565527647311
451,1784635184.0896325,-0.010344168370885462,-0.022964661310850645,0.265030931149717,-0.00043536726463294455,-0.463,0.001,0.856,0.991,0.001,-0.137,0.0,-0.4642353473197728,0.0013167367109761397,0.8521565527647311
451,1784635184.106723,0.003571335040330968,-0.029531442532695858,0.26280042784765834,-0.0002819083269242137,-0.463,0.001,0.857,0.991,0.0,-0.137,0.0,-0.4642353473197728,0.0013167367109761397,0.8521565527647311
453,1784635184.121845,0.00342371105460305,0.012854767443742664,0.2656482594879169,-0.00019233595855151515,-0.463,0.001,0.857,0.99,0.0,-0.138,0.0,-0.463617902302104,0.0012297755876722184,0.8555336527764459
454,1784635184.1361444,0.003959953619096552,0.015721030797514714,0.26349045676619903,-0.00010495173460728175,-0.463,0.001,0.857,0.99,0.0,-0.138,0.0,-0.463617902302104,0.0012297755876722184,0.8555336527764459
454,1784635184.149405,0.005194248914074903,0.01622318769733316,0.26387191158916856,-5.0419247185312054e-05,-0.463,0.001,0.858,0.99,0.0,-0.138,0.0,-0.463617902302104,0.0012297755876722184,0.8555336527764459
456,1784635184.16665,0.00528335192870985,0.01867769784248162,0.2635386764385193,-2.2570826412615134e-05,-0.463,0.001,0.858,0.99,0.0,-0.138,0.0,-0.463617902302104,0.0012297755876722184,0.8555336527764459
457,1784635184.1871731,0.00375686007997762,0.01749308538114284,0.2614361938578414,-3.2833320606865345e-05,-0.463,0.001,0.859,0.99,0.0,-0.138,0.0,-0.463617902302104,0.0012297755876722184,0.8555336527764459
458,1784635184.2058392,0.002886485590400488,0.016326479607397533,0.2653629585241817,-2.236995385992477e-05,-0.463,0.001,0.859,0.99,0.0,-0.138,0.0,-0.463617902302104,0.0012297755876722184,0.8555336527764459
459,1784635184.2268598,0.0008848644958715317,0.015179465852373387,0.2631184090984128,-2.295471596350289e-05,-0.463,0.001,0.859,0.99,0.0,-0.138,0.0,-0.463617902302104,0.0012297755876722184,0.8555336527764459
460,1784635184.2495432,-0.0002055103949069033,0.009657188046802156,0.26417758665370733,-2.418493662317202e-05,-0.463,0.001,0.86,0.99,0.0,-0.138,0.0,-0.463617902302104,0.0012297755876722184,0.8555336527764459
461,1784635184.2662756,-0.002332305833330278,0.02108487114355318,0.26274985020648256,-4.4104362916983415e-05,-0.463,0.001,0.86,0.99,0.0,-0.138,0.0,-0.4629600418193873,0.001037283213046555,0.858649096371969
462,1784635184.2886715,-0.0029479466879840464,0.0201398792794969,0.2641060538753086,-5.745983330750964e-05,-0.463,0.001,0.86,0.99,0.0,-0.138,0.0,-0.4629600418193873,0.001037283213046555,0.858649096371969
463,1784635184.3230429,-0.0013824584929711965,0.024102311260725408,0.26349029047277633,-4.492667648851198e-05,-0.463,0.001,0.861,0.99,0.0,-0.138,0.0,-0.4629600418193873,0.001037283213046555,0.858649096371969
463,1784635184.3503456,-0.0019386442437468326,0.018438417822298124,0.26362189496702837,-0.00011902782827682317,-0.463,0.001,0.861,0.99,0.0,-0.138,0.0,-0.4629600418193873,0.001037283213046555,0.858649096371969
466,1784635184.3771086,-0.0014989202642990357,0.01848603083762416,0.26373698476376395,-0.0001603437457963854,-0.463,0.001,0.861,0.99,0.0,-0.138,0.0,-0.4629600418193873,0.001037283213046555,0.858649096371969
466,1784635184.4030247,-0.001431875469624656,0.0005930202729754301,0.2663160278108391,-0.0001279347371387597,-0.463,0.001,0.862,0.991,0.0,-0.137,0.0,-0.4629170181784477,0.0007858021108326428,0.8609968785077815
468,1784635184.4278655,-0.0009453626954947459,-0.0011831847035202875,0.2644682130158998,-0.00010495619697284408,-0.463,0.001,0.862,0.991,0.0,-0.137,0.0,-0.4629170181784477,0.0007858021108326428,0.8609968785077815
468,1784635184.4468758,-0.000912790593209639,-0.0024602865889532476,0.2660814162809404,-9.172203558672407e-05,-0.463,0.001,0.862,0.991,0.0,-0.137,0.0,-0.4629170181784477,0.0007858021108326428,0.8609968785077815
470,1784635184.4669337,-0.0002546001648778924,0.00411541844504606,0.2650251382480121,-7.341241531989315e-05,-0.463,0.001,0.862,0.991,0.0,-0.137,0.0,-0.4629170181784477,0.0007858021108326428,0.8609968785077815
470,1784635184.4837997,-0.003816506793275055,-0.012064895599900335,0.26533356389716034,-0.00010972926671384181,-0.463,0.001,0.862,0.991,0.0,-0.137,0.0,-0.4629170181784477,0.0007858021108326428,0.8609968785077815
472,1784635184.497655,-0.0026034527052283297,0.0011857271822384129,0.26553380630347884,-9.363024238804098e-05,-0.463,0.0,0.862,0.991,0.0,-0.137,0.0,-0.4629170181784477,0.0007858021108326428,0.8609968785077815
472,1784635184.5121236,-0.0025075061991582524,0.003224971370406542,0.2653894578739516,-8.615858564245215e-05,-0.463,0.0,0.862,0.991,0.0,-0.137,0.0,-0.4629170181784477,0.0007858021108326428,0.8609968785077815
474,1784635184.5667284,-0.002973884844762924,-0.011038867919973182,0.265839630218105,-9.162531386263939e-05,-0.463,0.0,0.862,0.991,0.0,-0.137,0.0,-0.4629033483712433,0.00048281579858806074,0.8621913578194391
474,1784635184.5809925,-0.0018705845207671362,-0.0076618823027948015,0.2654270392980122,-7.826843284982183e-05,-0.463,0.0,0.863,0.991,0.0,-0.137,0.0,-0.4629033483712433,0.00048281579858806074,0.8621913578194391
477,1784635184.5948737,-0.0017954458883445274,-0.00883214918762846,0.2657460690889743,-7.082518860733553e-05,-0.462,0.0,0.863,0.991,0.0,-0.137,0.0,-0.4629033483712433,0.00048281579858806074,0.8621913578194391
477,1784635184.608551,-0.0017928135922299195,-0.007360856653867983,0.2654638571273115,-6.536639297897976e-05,-0.462,0.0,0.863,0.991,0.0,-0.137,0.0,-0.4629033483712433,0.00048281579858806074,0.8621913578194391
479,1784635184.627298,-0.002454867932070421,-0.00777414788528444,0.26544219707093186,-7.087703997939864e-05,-0.462,0.0,0.863,0.991,0.0,-0.137,0.0,-0.4629033483712433,0.00048281579858806074,0.8621913578194391
480,1784635184.6483104,-0.0018344718469071558,-0.005130095062871792,0.26559019501842074,-6.521465752767834e-05,-0.462,0.0,0.863,0.991,0.0,-0.137,0.0,-0.4629033483712433,0.00048281579858806074,0.8621913578194391
481,1784635184.665716,-0.0013180561265389577,0.0132888220302382,0.2637725973457239,-5.37612020447918e-05,-0.462,0.0,0.863,0.991,0.0,-0.137,0.0,-0.4622773886432965,0.00015432804124991062,0.8629781050437142
482,1784635184.6952202,-0.005568257486613838,0.012894542615705823,0.2637705029266458,-0.00011126379729527525,-0.462,0.0,0.864,0.991,0.0,-0.137,0.0,-0.4622773886432965,0.00015432804124991062,0.8629781050437142
482,1784635184.7124095,-0.0033747970391570436,0.014543004116281398,0.26465709081744043,-0.00010075779487775933,-0.462,-0.0,0.864,0.991,0.0,-0.137,0.0,-0.4622773886432965,0.00015432804124991062,0.8629781050437142
484,1784635184.7287967,-0.0036956767926831983,0.013965496055122102,0.26394812580405586,-0.00010206509578077711,-0.462,-0.0,0.864,0.991,-0.0,-0.137,0.0,-0.4622773886432965,0.00015432804124991062,0.8629781050437142
485,1784635184.748571,-0.005700112086765678,0.01132191742777769,0.2635520055846977,-0.0001363466687486382,-0.462,-0.0,0.864,0.991,-0.0,-0.137,0.0,-0.4622773886432965,0.00015432804124991062,0.8629781050437142
486,1784635184.7681215,-0.0022217854688623556,0.012594993250345823,0.26479861943172484,-0.00010354037481715943,-0.462,-0.0,0.864,0.991,-0.0,-0.137,0.0,-0.4622773886432965,0.00015432804124991062,0.8629781050437142
487,1784635184.7877944,-0.0020170060086622055,0.011860979323608026,0.2638849481493863,-9.0018475858557e-05,-0.462,-0.0,0.864,0.991,-0.0,-0.137,0.0,-0.4622773886432965,0.00015432804124991062,0.8629781050437142
488,1784635184.8063393,-0.0013196338436338797,0.01262485596278001,0.2649169889378906,-7.23972799144056e-05,-0.462,-0.0,0.864,0.991,-0.0,-0.137,0.0,-0.4622773886432965,0.00015432804124991062,0.8629781050437142
489,1784635184.8280878,-0.0012834877744261365,0.012285430922791541,0.26404740382505953,-6.32738918239545e-05,-0.462,-0.0,0.865,0.991,-0.0,-0.137,0.0,-0.4622773886432965,0.00015432804124991062,0.8629781050437142
490,1784635184.8453355,-0.0005976577282024608,0.019554419984647235,0.26481530332152725,-5.44333663262193e-05,-0.462,-0.0,0.865,0.991,-0.0,-0.137,0.0,-0.46209576504065536,-0.00020230247655068738,0.8642095526375457
491,1784635184.867855,-0.0005548002277865264,0.02044599627481474,0.2644044678687674,-5.1691233665517535e-05,-0.462,-0.0,0.865,0.991,-0.0,-0.137,0.0,-0.46209576504065536,-0.00020230247655068738,0.8642095526375457
492,1784635184.8910582,-0.0012148752305734,0.007007608796752569,0.26459005724546353,-6.314971822060224e-05,-0.462,-0.0,0.865,0.991,-0.0,-0.136,0.0,-0.46209576504065536,-0.00020230247655068738,0.8642095526375457
493,1784635184.9079425,-0.0012581387607757022,0.006135518594551434,0.2644333098487343,-6.741530068825905e-05,-0.462,-0.0,0.865,0.991,-0.0,-0.136,0.0,-0.46209576504065536,-0.00020230247655068738,0.8642095526375457
494,1784635184.9307225,-0.004198436701845222,-0.0019387285269920913,0.2642286125522521,-0.00010741120159380443,-0.462,-0.0,0.865,0.991,-0.0,-0.136,0.0,-0.46209576504065536,-0.00020230247655068738,0.8642095526375457
495,1784635184.9491525,-0.003419003768453676,0.0036106487966846472,0.26491539199046327,-9.83238059251087e-05,-0.462,-0.001,0.865,0.991,-0.0,-0.136,0.0,-0.46209576504065536,-0.00020230247655068738,0.8642095526375457
496,1784635184.9682178,-0.002705881103806221,0.006891310074063966,0.2645527116175284,-7.973487808176076e-05,-0.462,-0.001,0.865,0.991,-0.0,-0.136,0.0,-0.46209576504065536,-0.00020230247655068738,0.8642095526375457
497,1784635184.9893858,-0.003318028778759561,0.0061783546966422765,0.26484159951814173,-8.096053558965936e-05,-0.462,-0.001,0.865,0.991,-0.0,-0.136,0.0,-0.46209576504065536,-0.00020230247655068738,0.8642095526375457
498,1784635185.0103464,-0.0033577891197041475,0.006731613189243195,0.26471666247776593,-8.144825535823581e-05,-0.462,-0.001,0.865,0.991,-0.0,-0.136,0.0,-0.46209576504065536,-0.00020230247655068738,0.8642095526375457
499,1784635185.0340748,0.0008869612575383582,-0.006542729227922782,0.26728557449256435,-6.080122317616456e-05,-0.462,-0.001,0.865,0.991,-0.0,-0.136,0.0,-0.4624409543266346,-0.000537491310377852,0.8649567274974743
499,1784635185.048912,-0.00015991191486356034,-0.008923690342372814,0.26537689308575496,-6.589793933552132e-05,-0.462,-0.001,0.865,0.991,-0.0,-0.136,0.0,-0.4624409543266346,-0.000537491310377852,0.8649567274974743
501,1784635185.0673225,-0.00023318479012804242,-0.011054766742034762,0.26691640786440546,-7.219765879756145e-05,-0.462,-0.001,0.865,0.991,-0.0,-0.136,0.0,-0.4624409543266346,-0.000537491310377852,0.8649567274974743
502,1784635185.0877993,-0.0015468099556643763,-0.01667789027962832,0.2657986490471965,-9.279730788589533e-05,-0.462,-0.001,0.865,0.991,-0.0,-0.136,0.0,-0.4624409543266346,-0.000537491310377852,0.8649567274974743
503,1784635185.1078386,-0.0021158908468211154,-0.0159230396977735,0.2665311160122198,-0.00010836010352150247,-0.462,-0.001,0.865,0.991,-0.0,-0.136,0.0,-0.4624409543266346,-0.000537491310377852,0.8649567274974743
504,1784635185.1288462,-0.0008406357736092773,-0.009119171038679208,0.26580270441704684,-0.00010106263308019684,-0.462,-0.001,0.865,0.991,-0.0,-0.136,0.0,-0.4624409543266346,-0.000537491310377852,0.8649567274974743
505,1784635185.1498551,-0.002936824176518629,-0.014698786433662797,0.265863427319903,-9.392458292504679e-05,-0.462,-0.001,0.865,0.991,-0.0,-0.136,0.0,-0.4623849683821095,-0.0008233813600229438,0.8650337755336919
506,1784635185.1665335,-0.0019423484350712733,-0.013485533456457657,0.2657279912180425,-8.055667689838774e-05,-0.462,-0.001,0.865,0.991,-0.0,-0.136,0.0,-0.4623849683821095,-0.0008233813600229438,0.8650337755336919
507,1784635185.1884413,-0.0018691902626652038,-0.012587605774502722,0.2656817465816867,-7.262557898359814e-05,-0.462,-0.001,0.865,0.991,-0.0,-0.136,0.0,-0.4623849683821095,-0.0008233813600229438,0.8650337755336919
508,1784635185.2129183,-0.001387645868375045,-0.011616335964400286,0.2657156120343446,-6.572777174738337e-05,-0.462,-0.001,0.865,0.991,-0.0,-0.136,0.0,-0.4623849683821095,-0.0008233813600229438,0.8650337755336919
508,1784635185.2306662,-0.0006928696007184366,-0.0109638045618379,0.2657089325613153,-5.439530942702268e-05,-0.462,-0.001,0.865,0.991,-0.0,-0.136,0.0,-0.4623849683821095,-0.0008233813600229438,0.8650337755336919
510,1784635185.2485185,-0.0013119274217607197,-0.010519174643221713,0.26551645062639595,-5.4547075092589466e-05,-0.462,-0.001,0.865,0.991,-0.0,-0.136,0.0,-0.4623849683821095,-0.0008233813600229438,0.8650337755336919
511,1784635185.2687736,-0.0006896220289790375,-0.010911919921136893,0.26561612077337926,-4.7327629344776437e-05,-0.462,-0.001,0.866,0.991,-0.0,-0.136,0.0,-0.4623849683821095,-0.0008233813600229438,0.8650337755336919
512,1784635185.2873702,-0.00263829644825584,-0.007489720200663709,0.26460697006320927,-6.602805415210448e-05,-0.462,-0.001,0.866,0.991,-0.0,-0.136,0.0,-0.4623849683821095,-0.0008233813600229438,0.8650337755336919
513,1784635185.3072093,-0.0021022138100116566,-0.006220822601707304,0.265184872311497,-7.075019965901575e-05,-0.462,-0.001,0.866,0.991,-0.0,-0.136,0.0,-0.4623849683821095,-0.0008233813600229438,0.8650337755336919
514,1784635185.33059,-0.0023579035458547795,0.021634321689157163,0.2635504394917929,-5.928860453212864e-05,-0.462,-0.001,0.866,0.991,-0.0,-0.137,0.0,-0.461828750382583,-0.0010771810359300796,0.865440417981085
515,1784635185.3509681,-0.0016985513522125202,0.023342388358236932,0.2651226864912302,-4.949834338101104e-05,-0.462,-0.001,0.866,0.991,-0.0,-0.137,0.0,-0.461828750382583,-0.0010771810359300796,0.865440417981085
516,1784635185.3725064,-0.0025147451924907435,0.027745640111510324,0.2627117857794394,-6.652586959412237e-05,-0.462,-0.001,0.866,0.991,-0.0,-0.137,0.0,-0.461828750382583,-0.0010771810359300796,0.865440417981085
516,1784635185.3895679,-0.0016882224389100418,0.02184618575508467,0.2659431012540091,-5.46382087543394e-05,-0.462,-0.001,0.866,0.991,-0.0,-0.137,0.0,-0.461828750382583,-0.0010771810359300796,0.865440417981085
518,1784635185.4099805,0.009966587453318309,0.020872009486799868,0.26300443247706945,0.0001857475928646628,-0.462,-0.001,0.866,0.991,-0.001,-0.137,0.0,-0.461828750382583,-0.0010771810359300796,0.865440417981085
519,1784635185.4265902,0.010690770189100866,0.016965615637329498,0.2654745104889601,0.0003138639331464994,-0.462,-0.001,0.867,0.991,-0.001,-0.137,0.0,-0.461828750382583,-0.0010771810359300796,0.865440417981085
520,1784635185.4525163,0.009351761937717768,0.01381794921942343,0.264603530867018,0.0003812823529805256,-0.462,-0.001,0.867,0.991,-0.001,-0.137,0.0,-0.4618129624255457,-0.0012327324025212514,0.866473334205734
520,1784635185.4731572,0.009254988379260524,0.0016470487015047101,0.2649691543202092,0.00042936829689192355,-0.462,-0.001,0.867,0.991,-0.001,-0.137,0.0,-0.4618129624255457,-0.0012327324025212514,0.866473334205734
522,1784635185.4923658,0.008988198208855776,-0.0022167603290503884,0.26523064681092684,0.00046367729039557067,-0.462,-0.001,0.867,0.991,-0.001,-0.136,0.0,-0.4618129624255457,-0.0012327324025212514,0.866473334205734
522,1784635185.5064745,0.008508590177123942,0.0026451706704830767,0.2652565722721196,0.0004747103466150157,-0.462,-0.001,0.867,0.991,-0.001,-0.136,0.0,-0.4618129624255457,-0.0012327324025212514,0.866473334205734
524,1784635185.5298016,-0.004797166980602724,-0.002050219557128647,0.26521472340305485,0.00025835750907096184,-0.462,-0.001,0.867,0.991,-0.0,-0.136,0.0,-0.4618129624255457,-0.0012327324025212514,0.866473334205734
525,1784635185.5466335,-0.006189394009868256,-0.0010149233130768002,0.26523493024903116,0.00012576700536331043,-0.462,-0.001,0.867,0.991,-0.0,-0.136,0.0,-0.4618129624255457,-0.0012327324025212514,0.866473334205734
526,1784635185.5663998,-0.005446834796672965,0.0029545715204856043,0.26530779184675196,5.806390498823217e-05,-0.462,-0.001,0.867,0.991,-0.0,-0.136,0.0,-0.4618129624255457,-0.0012327324025212514,0.866473334205734
527,1784635185.586994,-0.004785590410493557,-0.011799252210910419,0.2665691768504829,1.7151634459128043e-05,-0.462,-0.001,0.867,0.991,-0.0,-0.136,0.0,-0.46201591755081445,-0.0012766370998827286,0.8670429261924637
528,1784635185.6061482,-0.004278098689050454,-0.0123237916635191,0.2655663761203915,2.880785245521065e-06,-0.462,-0.001,0.867,0.991,-0.0,-0.136,0.0,-0.46201591755081445,-0.0012766370998827286,0.8670429261924637
529,1784635185.6279604,-0.0026239820388325374,-0.02030206518806226,0.2663375404952756,3.5815054584216115e-06,-0.462,-0.001,0.867,0.991,-0.0,-0.136,0.0,-0.46201591755081445,-0.0012766370998827286,0.8670429261924637
530,1784635185.6490822,-0.0010970966887101383,-0.014360174937416873,0.26567052438645106,1.3626212103701635e-05,-0.462,-0.001,0.867,0.991,-0.0,-0.136,0.0,-0.46201591755081445,-0.0012766370998827286,0.8670429261924637
531,1784635185.6685266,-3.406071070329248e-05,-0.012796334970801022,0.26621864106793874,2.228874938728032e-05,-0.462,-0.001,0.867,0.991,-0.0,-0.136,0.0,-0.46201591755081445,-0.0012766370998827286,0.8670429261924637
532,1784635185.6891851,0.0005163379226249055,-0.010618373913335718,0.2657136013797278,2.8656739788120345e-05,-0.462,-0.001,0.867,0.991,-0.0,-0.136,0.0,-0.46201591755081445,-0.0012766370998827286,0.8670429261924637
533,1784635185.707704,0.000555407994128059,-0.010943589516461346,0.26606217596579645,3.221701408714716e-05,-0.462,-0.001,0.867,0.991,-0.0,-0.136,0.0,-0.46201591755081445,-0.0012766370998827286,0.8670429261924637
534,1784635185.7277424,0.0003888054569171598,-0.010842261737494157,0.2645756884421283,3.7048577534806276e-05,-0.461,-0.001,0.867,0.991,-0.0,-0.136,0.0,-0.46168383732899526,-0.0012205936364555528,0.8672956378308966
535,1784635185.74668,0.004099946535626299,-0.012895751337137686,0.2651566878321623,6.589632973299763e-05,-0.461,-0.001,0.868,0.991,-0.0,-0.136,0.0,-0.46168383732899526,-0.0012205936364555528,0.8672956378308966
536,1784635185.767899,0.0006662613922216462,-0.011668119271086986,0.2649576352830016,5.802438585167574e-05,-0.461,-0.001,0.868,0.991,-0.0,-0.136,0.0,-0.46168383732899526,-0.0012205936364555528,0.8672956378308966
537,1784635185.7965405,0.0010760339236540475,-0.011822744790935886,0.2650391512438126,6.317066714526639e-05,-0.461,-0.001,0.868,0.991,-0.0,-0.136,0.0,-0.46168383732899526,-0.0012205936364555528,0.8672956378308966
537,1784635185.8199117,0.002419926948920726,-0.012852535111164399,0.2644896041063965,8.160170574465048e-05,-0.461,-0.001,0.868,0.991,-0.0,-0.136,0.0,-0.46168383732899526,-0.0012205936364555528,0.8672956378308966
539,1784635185.8428118,0.001559612190409159,-0.012034620535884059,0.2647801338834858,9.11761867498966e-05,-0.461,-0.001,0.868,0.991,-0.0,-0.136,0.0,-0.46168383732899526,-0.0012205936364555528,0.8672956378308966
539,1784635185.864567,-0.0009755787366516116,0.0004641809226069195,0.26515622179194703,7.30058180260756e-05,-0.461,-0.001,0.868,0.991,-0.0,-0.137,0.0,-0.46168383732899526,-0.0012205936364555528,0.8672956378308966
541,1784635185.8871,-0.00047908553492995447,0.002694219002451143,0.26472872467919417,6.991257888039825e-05,-0.461,-0.001,0.868,0.991,-0.0,-0.137,0.0,-0.46168383732899526,-0.0012205936364555528,0.8672956378308966
541,1784635185.9101224,0.00295860959530904,0.021856606891364518,0.263247749820059,9.942087036736688e-05,-0.461,-0.001,0.868,0.991,-0.0,-0.137,0.0,-0.46108237695265425,-0.0010786561011416318,0.8679712736466711
544,1784635185.9324281,0.0031739169875926554,0.023407907708519738,0.2643645289450282,0.00011360045714011357,-0.461,-0.001,0.868,0.991,-0.0,-0.137,0.0,-0.46108237695265425,-0.0010786561011416318,0.8679712736466711
544,1784635185.957055,0.002339095759297319,0.020078159151801157,0.2640168474881441,0.00010274628230894024,-0.461,-0.001,0.869,0.991,-0.0,-0.137,0.0,-0.46108237695265425,-0.0010786561011416318,0.8679712736466711
546,1784635185.9842691,0.001141540502611093,0.01732903488366853,0.26459377840406983,8.462197347072406e-05,-0.461,-0.001,0.869,0.991,-0.0,-0.137,0.0,-0.46108237695265425,-0.0010786561011416318,0.8679712736466711
546,1784635186.0120413,0.001066945314729987,0.015280318912983263,0.2642256224222711,7.620982063998408e-05,-0.461,-0.001,0.869,0.991,-0.0,-0.137,0.0,-0.46108237695265425,-0.0010786561011416318,0.8679712736466711
549,1784635186.0386178,0.0017240127037260597,0.010153228159938334,0.26452854131963416,8.329066186420356e-05,-0.461,-0.001,0.869,0.991,-0.0,-0.137,0.0,-0.46108237695265425,-0.0010786561011416318,0.8679712736466711
549,1784635186.064472,0.0019208207380397514,-0.00886437691633548,0.26556815344700574,8.779266818476731e-05,-0.461,-0.001,0.869,0.991,-0.0,-0.136,0.0,-0.4609543621777866,-0.0008383705749860335,0.8687415178142404
551,1784635186.0891428,0.0019360433579121321,-0.010641584662628201,0.2649143613999004,8.659290153923376e-05,-0.461,-0.001,0.869,0.991,-0.0,-0.136,0.0,-0.4609543621777866,-0.0008383705749860335,0.8687415178142404
551,1784635186.1152532,0.0019323317210932012,-0.009970969686926127,0.26551824037853106,8.514462806712763e-05,-0.461,-0.001,0.869,0.991,-0.0,-0.136,0.0,-0.4609543621777866,-0.0008383705749860335,0.8687415178142404
554,1784635186.1469986,0.0019354328849236356,-0.006639672757350176,0.2650381503679733,8.369554731189192e-05,-0.461,-0.001,0.869,0.991,-0.0,-0.136,0.0,-0.4609543621777866,-0.0008383705749860335,0.8687415178142404
554,1784635186.1761382,0.0012717424573195106,-0.002577079041237604,0.2653254637794667,7.348828092395342e-05,-0.461,-0.001,0.869,0.991,-0.0,-0.136,0.0,-0.4609543621777866,-0.0008383705749860335,0.8687415178142404
557,1784635186.203987,0.0069778308588585225,-0.004012721409812178,0.26560448338051207,0.00012029498577366185,-0.461,-0.0,0.869,0.991,-0.0,-0.136,0.0,-0.4609543621777866,-0.0008383705749860335,0.8687415178142404
557,1784635186.2221177,-0.09316314813081764,0.09608457914753626,0.24572180742873817,-0.009049967183330301,-0.461,-0.0,0.869,0.991,-0.0,-0.136,0.0,-0.46088827166265545,-0.0005182940560531663,0.8687882156086325
559,1784635186.2358804,-0.1899275818041037,0.19358299852775587,0.2580761528353686,0.0033816078811583633,-0.461,-0.0,0.869,0.991,-0.0,-0.136,0.0,-0.46088827166265545,-0.0005182940560531663,0.8687882156086325
559,1784635186.2517326,-0.21029382671295094,0.288743352905091,0.2507127803553869,0.013065000105489666,-0.461,-0.0,0.869,0.991,-0.0,-0.136,0.0,-0.46088827166265545,-0.0005182940560531663,0.8687882156086325
561,1784635186.2695959,-0.19014118780211364,0.2629523465747521,0.25871726297200615,0.009844153399979436,-0.46,-0.0,0.869,0.991,-0.0,-0.136,0.0,-0.46088827166265545,-0.0005182940560531663,0.8687882156086325
562,1784635186.286803,-0.1916652619809679,0.2563195354009678,0.25249149554579753,0.006425839803514717,-0.46,-0.0,0.868,0.991,-0.0,-0.136,0.0,-0.46088827166265545,-0.0005182940560531663,0.8687882156086325
563,1784635186.3063426,-0.1549030597068521,0.23111612689302352,0.25944059810507336,0.004310300838726139,-0.46,-0.0,0.868,0.991,-0.001,-0.135,0.0,-0.46088827166265545,-0.0005182940560531663,0.8687882156086325
564,1784635186.327313,-0.1498214431263507,0.22515801121359497,0.25452972791558803,0.0013795152406554626,-0.46,-0.0,0.868,0.991,-0.002,-0.133,-0.0,-0.46088827166265545,-0.0005182940560531663,0.8687882156086325
565,1784635186.348859,-0.1352538440524928,0.2198751194525721,0.2586055264143649,-0.0003287910796422268,-0.46,0.0,0.867,0.991,-0.004,-0.131,-0.0,-0.46088827166265545,-0.0005182940560531663,0.8687882156086325
566,1784635186.3685167,-0.06379131728914895,0.14844707322700726,0.2601523170651684,-0.0022919739311509724,-0.459,0.0,0.866,0.992,-0.006,-0.127,-0.001,-0.46088827166265545,-0.0005182940560531663,0.8687882156086325
567,1784635186.3877537,-0.12621089959162612,0.19395388342274736,0.25466536673522233,-0.007052003838510041,-0.459,0.0,0.866,0.992,-0.007,-0.125,-0.001,-0.46022477205235557,-0.00014531726462044953,0.8682608514622105
568,1784635186.409233,-0.11886462897638228,0.1890969713151193,0.25820998100934367,-0.0076166408464879935,-0.459,0.0,0.865,0.992,-0.009,-0.122,-0.001,-0.46022477205235557,-0.00014531726462044953,0.8682608514622105
569,1784635186.4286637,-0.07431652454585075,0.14072927472824714,0.2579770217701585,-0.0068630291458918,-0.459,0.001,0.864,0.993,-0.011,-0.118,-0.001,-0.46022477205235557,-0.00014531726462044953,0.8682608514622105
570,1784635186.4439273,-0.07957691356780025,0.152513835204871,0.2578250599070371,-0.008109187141844418,-0.458,0.001,0.863,0.993,-0.013,-0.114,-0.002,-0.46022477205235557,-0.00014531726462044953,0.8682608514622105
571,1784635186.4657013,0.006857263803985186,0.04918204509358681,0.26375078306519484,-0.007139493548365212,-0.457,0.001,0.861,0.994,-0.015,-0.109,-0.002,-0.46022477205235557,-0.00014531726462044953,0.8682608514622105
572,1784635186.4879222,-0.007567810029290592,0.08442120674043105,0.2571343846597118,-0.006198008149274238,-0.456,0.002,0.86,0.994,-0.018,-0.104,-0.002,-0.46022477205235557,-0.00014531726462044953,0.8682608514622105
573,1784635186.5081296,0.00815713171260151,0.06402303936591806,0.2623938691976235,-0.006186879147785459,-0.456,0.002,0.859,0.995,-0.019,-0.102,-0.003,-0.46022477205235557,-0.00014531726462044953,0.8682608514622105
574,1784635186.5303307,0.10775998249068441,-0.03757609119279891,0.26758670905953486,-0.0007383636507627082,-0.455,0.003,0.858,0.995,-0.021,-0.1,-0.003,-0.458374158591327,0.0005634971559898181,0.8635029379317782
575,1784635186.5492587,0.03577119065315339,0.02106841494193007,0.2550100452518766,-0.000792449480871594,-0.454,0.003,0.857,0.995,-0.021,-0.098,-0.003,-0.458374158591327,0.0005634971559898181,0.8635029379317782
576,1784635186.5689857,-0.04974733078356655,0.10662075364207599,0.25875007543572953,-0.004279127288915185,-0.453,0.004,0.856,0.995,-0.022,-0.097,-0.003,-0.458374158591327,0.0005634971559898181,0.8635029379317782
577,1784635186.5940154,-0.005007469172218809,0.022699360251514727,0.26143238214839387,-0.0035525778881246514,-0.452,0.004,0.855,0.995,-0.022,-0.095,-0.003,-0.458374158591327,0.0005634971559898181,0.8635029379317782
577,1784635186.6188583,-0.04625959021917129,0.09178790741407075,0.2556896788127273,-0.004691697131082158,-0.451,0.005,0.854,0.995,-0.023,-0.095,-0.003,-0.458374158591327,0.0005634971559898181,0.8635029379317782
579,1784635186.6391864,0.0504536072427793,-0.010492810286480622,0.27231200655558135,-0.0018141853859660099,-0.45,0.006,0.853,0.995,-0.023,-0.094,-0.003,-0.458374158591327,0.0005634971559898181,0.8635029379317782
579,1784635186.6567333,-0.019713989204545944,0.030717962039929422,0.25329860440495117,-0.0006299735072668317,-0.448,0.007,0.852,0.995,-0.022,-0.094,-0.002,-0.458374158591327,0.0005634971559898181,0.8635029379317782
581,1784635186.6768253,-0.1019694642483423,0.07559180057704859,0.26064129939027897,-0.004155228103413145,-0.446,0.008,0.851,0.995,-0.022,-0.094,-0.002,-0.451993173381778,0.003907510569741526,0.8548784659263078
581,1784635186.6937132,-0.09468025132491303,0.051582183445198965,0.25672979795585005,-0.00505833676936983,-0.444,0.009,0.85,0.995,-0.022,-0.094,-0.002,-0.451993173381778,0.003907510569741526,0.8548784659263078
583,1784635186.7137287,-0.05789201486058578,-0.010114872074827468,0.2628142470323109,-0.004205145037505458,-0.442,0.011,0.849,0.995,-0.021,-0.094,-0.002,-0.451993173381778,0.003907510569741526,0.8548784659263078
583,1784635186.732951,0.04055398376072209,-0.10985042786306565,0.2663535602240592,-0.0015613060564735417,-0.44,0.012,0.849,0.995,-0.021,-0.094,-0.002,-0.451993173381778,0.003907510569741526,0.8548784659263078
585,1784635186.751719,-0.032643170507364976,-0.06476569301180074,0.2562277333089433,0.0005004673025741234,-0.437,0.013,0.848,0.995,-0.021,-0.094,-0.002,-0.451993173381778,0.003907510569741526,0.8548784659263078
585,1784635186.7758758,0.06812766326528377,-0.16313934181858247,0.2722573244899111,0.0003665293255845669,-0.433,0.015,0.847,0.995,-0.021,-0.094,-0.002,-0.451993173381778,0.003907510569741526,0.8548784659263078
587,1784635186.7958245,-0.030732676246958524,-0.1233649689695747,0.25392502780304343,0.003998650571437825,-0.43,0.017,0.846,0.995,-0.021,-0.094,-0.002,-0.4365534061550147,0.012393606307711072,0.8468200692764426
587,1784635186.8157256,0.0698660845844427,-0.2202668698742817,0.273752419371546,-0.0028521251730541323,-0.426,0.019,0.845,0.995,-0.021,-0.094,-0.002,-0.4365534061550147,0.012393606307711072,0.8468200692764426
589,1784635186.831014,0.13139606959089545,-0.3104965862590166,0.26091112718212267,0.00042411593288380674,-0.424,0.02,0.845,0.995,-0.022,-0.094,-0.002,-0.4365534061550147,0.012393606307711072,0.8468200692764426
590,1784635186.8496768,0.13088543564636196,-0.2837614746245853,0.2680691779942641,0.0021372280845334346,-0.42,0.023,0.844,0.995,-0.022,-0.094,-0.002,-0.4365534061550147,0.012393606307711072,0.8468200692764426
591,1784635186.8718605,0.027618025866423104,-0.17666822964734788,0.25558036118610017,0.020848842359091256,-0.416,0.024,0.844,0.995,-0.022,-0.095,-0.002,-0.4365534061550147,0.012393606307711072,0.8468200692764426
592,1784635186.8911314,-0.03221815122035508,-0.10096008043342793,0.2644536027084664,0.010936520181166608,-0.412,0.027,0.843,0.995,-0.022,-0.097,-0.002,-0.4365534061550147,0.012393606307711072,0.8468200692764426
593,1784635186.907956,-0.05095092947452336,-0.06491741776797223,0.25728301372282014,0.006230300384625864,-0.408,0.029,0.843,0.995,-0.022,-0.099,-0.002,-0.4365534061550147,0.012393606307711072,0.8468200692764426
594,1784635186.9301653,-0.1265007918459356,0.004092682309724066,0.25870851698496955,0.002719811739035647,-0.402,0.032,0.843,0.994,-0.021,-0.103,-0.002,-0.4127369813414992,0.026947377562984234,0.8442283887838734
595,1784635186.9512446,-0.12135161628304393,0.009569476988643168,0.25746914707443763,-0.0002837498748252186,-0.399,0.033,0.843,0.994,-0.021,-0.105,-0.002,-0.4127369813414992,0.026947377562984234,0.8442283887838734
596,1784635186.9698198,-0.16159367670026126,0.06857256975817047,0.25611380225605473,-0.0019724495110475014,-0.396,0.035,0.843,0.994,-0.02,-0.107,-0.002,-0.4127369813414992,0.026947377562984234,0.8442283887838734
597,1784635186.9893866,-0.057554025742711845,-0.03314164012198419,0.26781983794921965,-0.01835128208503373,-0.392,0.037,0.843,0.994,-0.02,-0.109,-0.002,-0.4127369813414992,0.026947377562984234,0.8442283887838734
598,1784635187.0102007,0.043861209917047214,-0.1323021135116043,0.25672612898167124,-0.01211404782063319,-0.386,0.04,0.844,0.994,-0.02,-0.111,-0.002,-0.4127369813414992,0.026947377562984234,0.8442283887838734
599,1784635187.0308127,-0.022403234264552693,-0.1007010038227439,0.25983521782726243,-0.005787600659581603,-0.382,0.042,0.844,0.993,-0.02,-0.112,-0.002,-0.4127369813414992,0.026947377562984234,0.8442283887838734
600,1784635187.0545824,-0.009375454653241317,-0.12323785443235967,0.257411396321976,-0.004091598884508088,-0.378,0.044,0.844,0.993,-0.021,-0.112,-0.002,-0.4127369813414992,0.026947377562984234,0.8442283887838734
600,1784635187.0769262,0.0069600742413496765,-0.1315254293734909,0.25925071041119113,-0.0023218267403822233,-0.375,0.046,0.844,0.993,-0.022,-0.113,-0.002,-0.4127369813414992,0.026947377562984234,0.8442283887838734
602,1784635187.0979755,0.014746921792288321,-0.14879231992809805,0.25813634683150194,-0.0008056973521298465,-0.368,0.049,0.844,0.993,-0.022,-0.113,-0.002,-0.4127369813414992,0.026947377562984234,0.8442283887838734
602,1784635187.1189122,-0.08528103870242679,-0.04507851341209476,0.2560072741246443,0.0007297373339081325,-0.365,0.051,0.845,0.993,-0.023,-0.113,-0.002,-0.4127369813414992,0.026947377562984234,0.8442283887838734
604,1784635187.1385522,0.0168325345411586,-0.14394714011840942,0.26824704644076935,-0.034708062087840004,-0.356,0.056,0.845,0.993,-0.024,-0.114,-0.002,-0.37840224498094954,0.044614088172597696,0.844524019780039
604,1784635187.1557388,-0.03264100196740852,-0.1502721735694742,0.25150313525264256,-0.018202755159106666,-0.353,0.058,0.845,0.993,-0.024,-0.115,-0.002,-0.37840224498094954,0.044614088172597696,0.844524019780039
606,1784635187.1714983,-0.129124209879658,-0.046742411816199175,0.26207649205079697,-0.008128625705208179,-0.345,0.062,0.846,0.993,-0.024,-0.116,-0.002,-0.37840224498094954,0.044614088172597696,0.844524019780039
607,1784635187.1874692,-0.13203199750619235,-0.03414257507822037,0.2540274333501997,-0.006216387377099235,-0.34,0.064,0.846,0.993,-0.024,-0.117,-0.002,-0.37840224498094954,0.044614088172597696,0.844524019780039
608,1784635187.2073336,-0.03071905066336153,-0.12886796285034013,0.26291538953629284,-0.00448681063870124,-0.333,0.068,0.847,0.993,-0.025,-0.119,-0.002,-0.37840224498094954,0.044614088172597696,0.844524019780039
609,1784635187.2264903,-0.0005777413091074546,-0.14969245218267632,0.2565242745799069,-0.0015457828360628386,-0.327,0.072,0.847,0.992,-0.025,-0.12,-0.002,-0.37840224498094954,0.044614088172597696,0.844524019780039
610,1784635187.2578342,0.09940335266004999,-0.24590562474987548,0.26751850286215967,-0.025216871437222687,-0.321,0.075,0.847,0.992,-0.025,-0.121,-0.002,-0.37840224498094954,0.044614088172597696,0.844524019780039
610,1784635187.285764,0.19691810734644383,-0.30747323613501276,0.25935881490305934,-0.03226960229962476,-0.316,0.078,0.848,0.992,-0.026,-0.122,-0.002,-0.37840224498094954,0.044614088172597696,0.844524019780039
612,1784635187.315172,0.09199557127015998,-0.19978670081478908,0.27776363174475155,-0.011769635986023042,-0.309,0.082,0.848,0.992,-0.027,-0.124,-0.002,-0.3371088498704302,0.0658267772219578,0.8459975151427214
612,1784635187.350201,-0.010288184645820875,-0.09482733367517585,0.2538102702137871,0.007659546178397161,-0.3,0.087,0.849,0.992,-0.027,-0.126,-0.001,-0.3371088498704302,0.0658267772219578,0.8459975151427214
616,1784635187.3805373,-0.09858301907576925,-0.1108611586627827,0.2689690273027496,0.006535651407907139,-0.288,0.094,0.85,0.991,-0.026,-0.131,-0.001,-0.3371088498704302,0.0658267772219578,0.8459975151427214
616,1784635187.4106848,-0.13594828743251008,-0.0593343080798239,0.25643677758298034,0.009459857900923846,-0.28,0.099,0.851,0.99,-0.025,-0.135,-0.0,-0.3371088498704302,0.0658267772219578,0.8459975151427214
619,1784635187.4398608,-0.1509269629095134,-0.05012093645581936,0.2658870489229438,0.010897196616246269,-0.271,0.105,0.852,0.99,-0.024,-0.14,0.0,-0.29190427671557373,0.09194337817676532,0.8495255218678384
619,1784635187.4700875,-0.12512343256257225,-0.05226132824691299,0.2583914744376022,0.010085492646808544,-0.264,0.11,0.853,0.989,-0.023,-0.144,0.0,-0.29190427671557373,0.09194337817676532,0.8495255218678384
622,1784635187.4969258,-0.02199538209581761,-0.15095466484497252,0.27451578228059764,-0.03865484094998514,-0.255,0.115,0.854,0.989,-0.023,-0.147,0.001,-0.29190427671557373,0.09194337817676532,0.8495255218678384
622,1784635187.5278063,0.07854907653288093,-0.24717004522085836,0.2608354275052504,-0.07695783596890629,-0.249,0.12,0.855,0.989,-0.023,-0.148,0.001,-0.29190427671557373,0.09194337817676532,0.8495255218678384
625,1784635187.548108,0.02204087204215678,-0.14147923433176923,0.26355310166255136,-0.04216388396426131,-0.237,0.128,0.856,0.988,-0.025,-0.15,0.0,-0.29190427671557373,0.09194337817676532,0.8495255218678384
625,1784635187.5635602,-0.02682558556117931,-0.10987174319536794,0.2608372517952049,-0.016933762755621695,-0.232,0.132,0.857,0.988,-0.025,-0.151,0.0,-0.24477446289207572,0.1223372291064511,0.8554077144740624
626,1784635187.578457,-0.02085534220156185,-0.08573957288514408,0.2628844373148897,-0.0030072667280076296,-0.227,0.135,0.858,0.988,-0.026,-0.152,0.0,-0.24477446289207572,0.1223372291064511,0.8554077144740624
626,1784635187.5931828,-0.020427353624825242,-0.0709959082954955,0.26145708609763313,0.0062846929738066964,-0.224,0.137,0.858,0.988,-0.026,-0.153,0.0,-0.24477446289207572,0.1223372291064511,0.8554077144740624
628,1784635187.6089957,-0.015461635578353117,-0.05305373449670464,0.2625621179191961,0.01384722942839781,-0.219,0.141,0.859,0.988,-0.027,-0.154,0.001,-0.24477446289207572,0.1223372291064511,0.8554077144740624
629,1784635187.6291237,0.08492319320158585,-0.1517127422809449,0.2672717794898332,-0.0030569695524480522,-0.214,0.146,0.86,0.987,-0.027,-0.155,0.001,-0.24477446289207572,0.1223372291064511,0.8554077144740624
630,1784635187.652722,-0.017124570053034208,-0.04796281230106454,0.2564532058410562,0.008338733664687594,-0.208,0.15,0.86,0.987,-0.028,-0.157,0.001,-0.24477446289207572,0.1223372291064511,0.8554077144740624
630,1784635187.669981,0.03341497639411404,-0.04040632123189529,0.26705041262434875,0.014567363809079123,-0.203,0.154,0.861,0.987,-0.028,-0.158,0.001,-0.24477446289207572,0.1223372291064511,0.8554077144740624
632,1784635187.6904857,0.13253653899658463,-0.13930006422958202,0.2644364614379206,0.023542768046994705,-0.197,0.16,0.862,0.987,-0.028,-0.16,0.002,-0.24477446289207572,0.1223372291064511,0.8554077144740624
633,1784635187.7112973,0.029825726095334015,-0.035870431348177245,0.2591786548485487,0.019911271572898962,-0.192,0.164,0.863,0.987,-0.028,-0.161,0.002,-0.24477446289207572,0.1223372291064511,0.8554077144740624
634,1784635187.7355587,-0.0709159045722633,0.0648888444325956,0.2587518480464431,0.018181299896306617,-0.185,0.171,0.863,0.986,-0.028,-0.162,0.002,-0.2001198603564992,0.158262933846425,0.8628154651466678
634,1784635187.7568219,-0.011318629774055441,0.04396141022348253,0.26568496962282545,0.018926786803453013,-0.178,0.178,0.864,0.986,-0.027,-0.164,0.002,-0.2001198603564992,0.158262933846425,0.8628154651466678
636,1784635187.7745602,-0.10645264434226186,0.1371197413403032,0.2577026343936184,0.0182914182906607,-0.171,0.185,0.865,0.986,-0.027,-0.165,0.002,-0.2001198603564992,0.158262933846425,0.8628154651466678
636,1784635187.7935648,-0.003898468539649147,0.035224550142338426,0.26745334647545305,0.0183357173856373,-0.167,0.19,0.865,0.986,-0.026,-0.165,0.002,-0.2001198603564992,0.158262933846425,0.8628154651466678
638,1784635187.8127432,0.09619803028761162,-0.06565246995864502,0.26512950335027125,0.027723711099504517,-0.162,0.195,0.866,0.986,-0.026,-0.165,0.001,-0.2001198603564992,0.158262933846425,0.8628154651466678
638,1784635187.8341184,-0.005952557807297615,0.03464365409476773,0.2600193165730559,0.019667763960959518,-0.156,0.202,0.866,0.986,-0.026,-0.165,0.001,-0.2001198603564992,0.158262933846425,0.8628154651466678
640,1784635187.8566992,-0.049828922749542946,0.08373895202853626,0.2635554606943593,0.01732884258916487,-0.151,0.207,0.866,0.986,-0.026,-0.165,0.001,-0.2001198603564992,0.158262933846425,0.8628154651466678
640,1784635187.8777769,-0.043096132557950494,0.081716048720232,0.261261244544525,0.015691136814944537,-0.145,0.215,0.867,0.986,-0.026,-0.164,0.001,-0.2001198603564992,0.158262933846425,0.8628154651466678
642,1784635187.899704,0.05798096558292085,-0.020326061940628026,0.27748079768200573,0.08606166748016693,-0.139,0.223,0.867,0.986,-0.026,-0.164,0.001,-0.16216880993693572,0.19755490030989067,0.8679346751836761
642,1784635187.9199915,0.1565308560793782,-0.11981641439082076,0.2603237905077733,0.03568034302720967,-0.133,0.23,0.867,0.986,-0.026,-0.163,0.0,-0.16216880993693572,0.19755490030989067,0.8679346751836761
644,1784635187.9461653,0.05263766941839859,-0.016862107439210072,0.2664886725354544,0.021377284529658508,-0.128,0.238,0.867,0.986,-0.026,-0.163,0.0,-0.16216880993693572,0.19755490030989067,0.8679346751836761
644,1784635187.97608,-0.048544487070594444,0.08226324469604214,0.25842167956639306,0.015611533935398603,-0.123,0.245,0.867,0.986,-0.026,-0.162,-0.0,-0.16216880993693572,0.19755490030989067,0.8679346751836761
647,1784635188.0044985,0.05266747925327907,-0.018807373619739456,0.270070230681268,0.01780087327290319,-0.117,0.254,0.867,0.986,-0.026,-0.162,-0.001,-0.16216880993693572,0.19755490030989067,0.8679346751836761
647,1784635188.0203056,-0.00540446733795788,0.06228419204032282,0.2583846456861211,0.014086552975474339,-0.11,0.265,0.867,0.986,-0.025,-0.162,-0.001,-0.16216880993693572,0.19755490030989067,0.8679346751836761
649,1784635188.0338588,0.09471078085529876,-0.022010463656510895,0.2704387375357971,0.015974054431858585,-0.107,0.27,0.866,0.986,-0.025,-0.162,-0.001,-0.16216880993693572,0.19755490030989067,0.8679346751836761
649,1784635188.048178,0.19191674316888405,-0.025452964770310303,0.2605449052664278,0.013317979517534367,-0.105,0.275,0.866,0.986,-0.025,-0.162,-0.001,-0.12486852263550824,0.24498001277593714,0.8679650492396432
651,1784635188.0680935,0.2035025569381481,-0.031472529331232124,0.26875453372291624,0.012560145947202476,-0.1,0.283,0.866,0.986,-0.024,-0.162,-0.001,-0.12486852263550824,0.24498001277593714,0.8679650492396432
652,1784635188.0906832,0.09854008239281545,0.05839724010631256,0.2598940707186322,0.008270643248127575,-0.096,0.292,0.866,0.986,-0.024,-0.162,-0.001,-0.12486852263550824,0.24498001277593714,0.8679650492396432
653,1784635188.1069868,0.05810819026793215,0.07106842734269606,0.26666462860703305,0.007245816572911227,-0.093,0.297,0.866,0.987,-0.023,-0.162,-0.001,-0.12486852263550824,0.24498001277593714,0.8679650492396432
654,1784635188.1266968,0.15560585223261694,-0.00939645822059229,0.26444705736029817,0.010818040664637797,-0.088,0.306,0.865,0.987,-0.022,-0.162,-0.001,-0.12486852263550824,0.24498001277593714,0.8679650492396432
655,1784635188.1491103,0.1959255044260167,-0.012270418939743864,0.2663905219727881,0.011209976901001496,-0.086,0.312,0.865,0.987,-0.021,-0.162,-0.001,-0.12486852263550824,0.24498001277593714,0.8679650492396432
656,1784635188.1689875,0.17378192337545917,-0.023730866429134426,0.26531793683488664,0.011325581199472237,-0.082,0.32,0.865,0.987,-0.02,-0.162,-0.001,-0.12486852263550824,0.24498001277593714,0.8679650492396432
657,1784635188.1902673,0.26938373254368553,-0.12298948807287843,0.27129867957295545,0.030497218710960672,-0.078,0.328,0.864,0.987,-0.018,-0.162,-0.001,-0.12486852263550824,0.24498001277593714,0.8679650492396432
658,1784635188.2080622,0.16279522829062426,-0.07648602906674566,0.263194162007401,0.027836746636589874,-0.074,0.337,0.864,0.987,-0.016,-0.162,-0.001,-0.09409407174399903,0.29747449952966865,0.866765113980981
659,1784635188.2311616,0.25872206629454164,-0.17455510724015771,0.2758201410249318,0.03227056757965113,-0.071,0.346,0.863,0.987,-0.014,-0.161,-0.0,-0.09409407174399903,0.29747449952966865,0.866765113980981
660,1784635188.248171,0.15225409485249702,-0.07019384468618858,0.2747993649920371,0.07715165218843206,-0.068,0.352,0.863,0.987,-0.013,-0.161,-0.0,-0.09409407174399903,0.29747449952966865,0.866765113980981
661,1784635188.269604,0.08613278122369541,-0.0034092634389283893,0.26269974205288477,0.044743534317762124,-0.064,0.363,0.863,0.987,-0.009,-0.162,0.0,-0.09409407174399903,0.29747449952966865,0.866765113980981
662,1784635188.2939622,0.06967893094252862,0.018699128885469634,0.2689771973857253,0.027407802066539255,-0.062,0.367,0.862,0.987,-0.008,-0.162,0.0,-0.09409407174399903,0.29747449952966865,0.866765113980981
662,1784635188.3222394,-0.03190005340804715,0.11058010744844149,0.25954342096370225,0.00925776661296903,-0.059,0.375,0.862,0.987,-0.005,-0.163,0.0,-0.09409407174399903,0.29747449952966865,0.866765113980981
664,1784635188.3479733,-0.1311023875163207,0.10974191835415427,0.2649941345042015,-0.009409967778293348,-0.056,0.384,0.862,0.986,-0.003,-0.164,0.001,-0.06929050493717365,0.3551756247765808,0.8648430315744471
664,1784635188.378171,-0.14233648667394128,0.03164732733582305,0.2658569253536342,-0.00900194918950579,-0.052,0.397,0.862,0.986,0.001,-0.165,0.001,-0.06929050493717365,0.3551756247765808,0.8648430315744471
667,1784635188.4057484,-0.10529245796868665,0.012939657793880462,0.26551957671727505,-0.004462202470794027,-0.049,0.407,0.861,0.986,0.003,-0.165,0.0,-0.06929050493717365,0.3551756247765808,0.8648430315744471
667,1784635188.4354553,-0.002660297691825436,-0.08736585060094168,0.27734345742814404,-0.004340123644418111,-0.045,0.417,0.861,0.986,0.004,-0.165,0.0,-0.06929050493717365,0.3551756247765808,0.8648430315744471
670,1784635188.4708931,-0.028627708301802737,-0.05670071242796025,0.26333321950312133,-0.0002455368836528672,-0.042,0.428,0.86,0.986,0.004,-0.164,0.0,-0.06929050493717365,0.3551756247765808,0.8648430315744471
670,1784635188.4997663,-0.12780987354613588,0.00010910369075969872,0.2683892889824138,0.0005242089526467869,-0.04,0.438,0.86,0.986,0.003,-0.164,0.0,-0.04566181626263005,0.4173852005178837,0.8609552888693537
673,1784635188.5214717,-0.024615022711517595,-0.09986899438629859,0.308748945787502,0.06198701404509835,-0.035,0.453,0.859,0.987,0.002,-0.163,0.0,-0.04566181626263005,0.4173852005178837,0.8609552888693537
673,1784635188.5388424,0.07595577081448598,-0.07439758503655218,0.269248022300831,0.035177256697627154,-0.033,0.464,0.859,0.987,0.001,-0.164,-0.0,-0.04566181626263005,0.4173852005178837,0.8609552888693537
675,1784635188.554831,0.1740568607079927,-0.15420691817698806,0.26293651930487555,0.019568901126060995,-0.031,0.471,0.859,0.986,0.0,-0.164,-0.0,-0.04566181626263005,0.4173852005178837,0.8609552888693537
675,1784635188.569774,0.19905278072071633,-0.05935394919478473,0.27077107167710196,0.005874163168820952,-0.03,0.477,0.859,0.986,-0.0,-0.164,-0.0,-0.04566181626263005,0.4173852005178837,0.8609552888693537
677,1784635188.5870142,0.17135747636539916,-0.03035913565759933,0.2631654813956637,0.005096416686496168,-0.028,0.485,0.859,0.986,-0.001,-0.165,-0.0,-0.04566181626263005,0.4173852005178837,0.8609552888693537
678,1784635188.6090524,0.1508035217613508,0.012145315756305113,0.26788112473726244,0.00305087313598236,-0.026,0.497,0.859,0.986,-0.001,-0.166,-0.001,-0.04566181626263005,0.4173852005178837,0.8609552888693537
679,1784635188.62634,0.2470328145315957,-0.029245630341549853,0.26117602470517515,0.007426261420745017,-0.025,0.503,0.859,0.986,-0.001,-0.166,-0.001,-0.04566181626263005,0.4173852005178837,0.8609552888693537
680,1784635188.6462815,0.2960166727968565,-0.014082208869503388,0.26527442718321786,-0.007163751606388102,-0.023,0.512,0.86,0.986,-0.0,-0.167,-0.001,-0.04566181626263005,0.4173852005178837,0.8609552888693537
681,1784635188.6706343,0.18861645430777166,-0.018294049893522745,0.28959741401880457,-0.0471844895079889,-0.022,0.521,0.86,0.986,0.001,-0.168,-0.001,-0.030498111683689433,0.4742107652263839,0.858665985057375
682,1784635188.6985788,0.08391229732019553,-0.008527031765977435,0.2642806093487786,-0.026534189291368068,-0.022,0.523,0.86,0.986,0.002,-0.168,-0.001,-0.030498111683689433,0.4742107652263839,0.858665985057375
682,1784635188.7227097,0.18180963155725485,-0.0502607142689825,0.26777089727654024,-0.006689257516517014,-0.02,0.534,0.861,0.986,0.005,-0.169,-0.0,-0.030498111683689433,0.4742107652263839,0.858665985057375
684,1784635188.747234,0.07726443739740405,0.006458003094534287,0.2734310345531427,-0.010632713602424326,-0.02,0.542,0.861,0.986,0.008,-0.169,0.0,-0.030498111683689433,0.4742107652263839,0.858665985057375
684,1784635188.7692893,-0.024583634817329156,0.0015858673678694896,0.2598882965186048,-0.00198670826956647,-0.018,0.555,0.862,0.985,0.012,-0.169,0.001,-0.030498111683689433,0.4742107652263839,0.858665985057375
687,1784635188.7952673,0.07601957641648195,-0.030201111435413812,0.2698271607111069,0.014588403746223316,-0.018,0.565,0.863,0.985,0.015,-0.17,0.002,-0.020563531797958667,0.5324853921352999,0.8606494973909404
687,1784635188.8197443,-0.025880276984682454,0.011359374761555373,0.2599375871536106,0.014496438766267508,-0.018,0.576,0.864,0.985,0.018,-0.17,0.003,-0.020563531797958667,0.5324853921352999,0.8606494973909404
689,1784635188.846439,-0.11232611234076281,0.0245595548950807,0.26719794366593447,0.013781495206284277,-0.017,0.586,0.864,0.985,0.019,-0.17,0.003,-0.020563531797958667,0.5324853921352999,0.8606494973909404
689,1784635188.8761039,-0.009520171029740399,0.046818179395643304,0.2636554737885017,0.043001975789170636,-0.018,0.596,0.865,0.985,0.021,-0.17,0.003,-0.020563531797958667,0.5324853921352999,0.8606494973909404
692,1784635188.9058237,-0.05657134308695602,0.05638312538461114,0.2637620631873134,0.027868449358142835,-0.018,0.608,0.866,0.985,0.022,-0.17,0.004,-0.020563531797958667,0.5324853921352999,0.8606494973909404
692,1784635188.9347541,-0.05547536072690834,0.037047057383687465,0.2657282091418323,0.016992023839394424,-0.019,0.622,0.867,0.985,0.022,-0.17,0.003,-0.017281298634149178,0.5936872084480289,0.8649148109415596
695,1784635188.964157,0.04591080853323941,0.08205710336137717,0.26582045587681646,0.05980314805264251,-0.02,0.633,0.868,0.985,0.022,-0.17,0.003,-0.017281298634149178,0.5936872084480289,0.8649148109415596
695,1784635188.9934568,-0.054991443431087764,0.02090568587657888,0.2663954734876472,0.026069028059598577,-0.022,0.644,0.868,0.985,0.021,-0.169,0.002,-0.017281298634149178,0.5936872084480289,0.8649148109415596
698,1784635189.0209067,0.0035332060622234457,0.04726221641580096,0.2628054274049278,0.013113625641263546,-0.023,0.655,0.869,0.986,0.02,-0.168,0.001,-0.017281298634149178,0.5936872084480289,0.8649148109415596
698,1784635189.050216,0.10341916066151831,0.05751876884006153,0.26439349284762853,0.04110582713441081,-0.026,0.667,0.869,0.986,0.019,-0.167,0.0,-0.021313497488675448,0.6476148582682841,0.8676659912923838
701,1784635189.0797968,0.10154617772590917,-0.0034727257210924387,0.2670942036805786,0.023116226330054675,-0.028,0.677,0.869,0.986,0.019,-0.166,-0.0,-0.021313497488675448,0.6476148582682841,0.8676659912923838
701,1784635189.1092548,0.05401915331155341,0.01853431608415794,0.264104927409759,0.010967509688475001,-0.031,0.69,0.87,0.986,0.019,-0.165,-0.001,-0.021313497488675448,0.6476148582682841,0.8676659912923838
704,1784635189.1399205,0.032991207802045376,0.051508466665809965,0.2656923206483919,0.00434849041243547,-0.035,0.702,0.87,0.986,0.019,-0.165,-0.001,-0.021313497488675448,0.6476148582682841,0.8676659912923838
704,1784635189.1674383,0.017281754175666457,0.0672680069329259,0.26406730469676765,0.00027898529160706904,-0.038,0.711,0.87,0.986,0.02,-0.164,-0.001,-0.021313497488675448,0.6476148582682841,0.8676659912923838
707,1784635189.1968188,0.008735901179520028,0.08072124835704851,0.2647653824024071,-0.002196051682674153,-0.041,0.719,0.871,0.986,0.021,-0.164,-0.001,-0.021313497488675448,0.6476148582682841,0.8676659912923838
707,1784635189.225235,0.10851687386952938,0.17860917299018794,0.26164279569301496,0.016759067433597067,-0.045,0.73,0.871,0.986,0.022,-0.164,-0.001,-0.032767108136236844,0.6988291442522291,0.8690064159859867
709,1784635189.2518108,0.08347199972847406,0.07526726146313883,0.26859757698044534,0.014175579544026724,-0.048,0.736,0.871,0.986,0.023,-0.164,-0.001,-0.032767108136236844,0.6988291442522291,0.8690064159859867
709,1784635189.2874203,-0.018580641096528072,-0.01692208928669174,0.2637568255199069,0.006109680445012124,-0.053,0.747,0.871,0.986,0.023,-0.163,-0.001,-0.032767108136236844,0.6988291442522291,0.8690064159859867
713,1784635189.3263702,0.03455596210472091,0.0075551958351371615,0.2654187127082218,0.0003607675590102215,-0.059,0.76,0.871,0.987,0.024,-0.161,-0.001,-0.032767108136236844,0.6988291442522291,0.8690064159859867
713,1784635189.3553445,0.029644498059554804,0.013699793880031766,0.26341647328290635,-0.002149930062998693,-0.065,0.77,0.871,0.987,0.025,-0.159,-0.0,-0.032767108136236844,0.6988291442522291,0.8690064159859867
716,1784635189.3752968,0.1288352268252142,0.11320828854679704,0.2590211423712325,0.008456193932113843,-0.071,0.78,0.871,0.987,0.026,-0.158,-0.0,-0.05253311962620111,0.7474096045904702,0.8704191845266441
716,1784635189.3949623,0.027293037755394073,0.055925369212008566,0.268566372294333,0.0038713634274720795,-0.074,0.785,0.871,0.987,0.026,-0.157,-0.0,-0.05253311962620111,0.7474096045904702,0.8704191845266441
718,1784635189.4120524,0.12660080695720116,0.15449159513616462,0.2546050182596321,0.01137104317217236,-0.077,0.79,0.871,0.987,0.026,-0.157,-0.0,-0.05253311962620111,0.7474096045904702,0.8704191845266441
719,1784635189.4285936,0.03056275835909132,0.08004591528688985,0.2717675128471577,0.00587676052671525,-0.08,0.795,0.87,0.987,0.026,-0.157,-0.0,-0.05253311962620111,0.7474096045904702,0.8704191845266441
720,1784635189.4474971,0.129795776783498,0.17799705981287162,0.2523624741077404,0.01078170984229854,-0.083,0.799,0.87,0.987,0.027,-0.156,-0.0,-0.05253311962620111,0.7474096045904702,0.8704191845266441
721,1784635189.4692917,0.22650406752504015,0.23208259317115576,0.2654067892672335,0.01738300514882571,-0.087,0.805,0.87,0.987,0.027,-0.156,-0.0,-0.05253311962620111,0.7474096045904702,0.8704191845266441
722,1784635189.4866009,0.12084160609537946,0.12628084187700597,0.27991577401442436,-0.03643644760404381,-0.091,0.809,0.87,0.987,0.028,-0.156,-0.0,-0.0777398159489488,0.7905234290862762,0.8707317659550233
723,1784635189.507213,0.1548825193862038,0.15882199891556797,0.2564861419268555,-0.018090630171669363,-0.097,0.817,0.87,0.988,0.029,-0.154,-0.0,-0.0777398159489488,0.7905234290862762,0.8707317659550233
724,1784635189.5270014,0.051028091099893744,0.05493953419369056,0.2910745054569242,-0.04070945242141191,-0.1,0.821,0.87,0.988,0.03,-0.153,0.0,-0.0777398159489488,0.7905234290862762,0.8707317659550233
725,1784635189.5472133,-0.05024535475462963,-0.0464239462988615,0.2613913006887721,-0.01905750375127461,-0.106,0.828,0.869,0.988,0.032,-0.15,0.0,-0.0777398159489488,0.7905234290862762,0.8707317659550233
726,1784635189.5662553,-0.14886635202404291,-0.13803087496950803,0.2657012823178455,-0.010083766364691812,-0.11,0.833,0.869,0.988,0.034,-0.148,0.001,-0.0777398159489488,0.7905234290862762,0.8707317659550233
727,1784635189.5858748,-0.23911186768753406,-0.13636023765462524,0.2616079293580933,-0.006164863581027087,-0.114,0.837,0.869,0.989,0.035,-0.146,0.001,-0.0777398159489488,0.7905234290862762,0.8707317659550233
728,1784635189.6116984,-0.13314255535283015,-0.033005600732323406,0.258676861539961,0.009593005232471134,-0.118,0.841,0.869,0.989,0.037,-0.144,0.002,-0.0777398159489488,0.7905234290862762,0.8707317659550233
728,1784635189.634782,-0.02981815189607094,0.06762369292903299,0.25811236584037467,0.016417271329166032,-0.121,0.844,0.87,0.989,0.037,-0.144,0.002,-0.0777398159489488,0.7905234290862762,0.8707317659550233
730,1784635189.650869,-0.12907211740490704,-0.034065937285906664,0.26899351958986867,-0.017528221417708552,-0.127,0.849,0.87,0.989,0.038,-0.143,0.002,-0.10642125805349573,0.8284478354341127,0.8693596452407648
731,1784635189.6692708,-0.22584325863047677,-0.13320121378135108,0.2601954918055326,-0.007718898768788174,-0.13,0.852,0.87,0.989,0.037,-0.143,0.002,-0.10642125805349573,0.8284478354341127,0.8693596452407648
732,1784635189.6874335,-0.24955986645896677,-0.190623168727948,0.2680447135395584,0.00024620958578115,-0.135,0.857,0.87,0.989,0.036,-0.144,0.002,-0.10642125805349573,0.8284478354341127,0.8693596452407648
732,1784635189.7070224,-0.1930639150094518,-0.08805113029418433,0.2605241446913268,0.008539267686119307,-0.139,0.861,0.87,0.989,0.035,-0.144,0.002,-0.10642125805349573,0.8284478354341127,0.8693596452407648
734,1784635189.7293975,-0.1862853635471188,-0.05588635147660369,0.26655429646475115,0.008595872943380038,-0.144,0.864,0.87,0.989,0.034,-0.145,0.002,-0.10642125805349573,0.8284478354341127,0.8693596452407648
735,1784635189.7484453,-0.17651038840816266,-0.0326383049356697,0.2619179984472126,0.006000265650609646,-0.146,0.867,0.87,0.989,0.033,-0.145,0.001,-0.10642125805349573,0.8284478354341127,0.8693596452407648
736,1784635189.7703004,-0.16928249731648382,-0.13180214677973873,0.2721943598143447,-0.005344812829376309,-0.152,0.871,0.871,0.989,0.03,-0.147,0.001,-0.13526510447704598,0.8597659365752802,0.8681394057996117
737,1784635189.7977333,-0.2003131650687047,-0.20834198653262206,0.2661830463079452,-0.007685239561375568,-0.154,0.873,0.871,0.989,0.029,-0.147,0.001,-0.13526510447704598,0.8597659365752802,0.8681394057996117
737,1784635189.8195462,-0.13754135683953086,-0.12711178686354674,0.2677287652230609,-0.005803405254592783,-0.159,0.876,0.871,0.989,0.026,-0.149,0.0,-0.13526510447704598,0.8597659365752802,0.8681394057996117
739,1784635189.8437886,-0.18017535410962612,-0.16965872867818116,0.26808433618799954,-0.005066768455545406,-0.164,0.88,0.871,0.988,0.024,-0.15,-0.0,-0.13526510447704598,0.8597659365752802,0.8681394057996117
739,1784635189.866368,-0.07567585387430197,-0.06542254058780049,0.26330100001448636,0.0018918598605363662,-0.17,0.884,0.871,0.988,0.021,-0.151,-0.001,-0.13526510447704598,0.8597659365752802,0.8681394057996117
741,1784635189.8932915,-0.15595312495949035,-0.1251791537144027,0.27064315576311826,0.0006896426589170566,-0.176,0.887,0.872,0.988,0.018,-0.153,-0.001,-0.13526510447704598,0.8597659365752802,0.8681394057996117
743,1784635189.9209502,-0.052145978055270895,-0.022140160799586694,0.25839788603807046,0.006731679435432068,-0.181,0.891,0.872,0.988,0.016,-0.155,-0.001,-0.13526510447704598,0.8597659365752802,0.8681394057996117
743,1784635189.9492455,0.04915647963646261,0.07841184678423442,0.24658192085527242,0.04100366128621242,-0.188,0.895,0.873,0.988,0.013,-0.157,-0.002,-0.16877675884200694,0.8844484316111053,0.8697286442119945
746,1784635189.980823,0.14784780455840177,0.17638131454874884,0.24872830483401207,0.04839355839222722,-0.194,0.899,0.873,0.987,0.01,-0.159,-0.002,-0.16877675884200694,0.8844484316111053,0.8697286442119945
746,1784635190.0107336,0.19775452774873875,0.1760005935292531,0.27391893803870054,0.03213924357794925,-0.203,0.904,0.874,0.987,0.008,-0.161,-0.003,-0.16877675884200694,0.8844484316111053,0.8697286442119945
749,1784635190.0448396,0.1646727330291386,0.14941282748610857,0.2573097591730576,0.01863395881274218,-0.21,0.908,0.874,0.987,0.007,-0.162,-0.003,-0.16877675884200694,0.8844484316111053,0.8697286442119945
749,1784635190.069435,0.11483866719788136,0.106060801630991,0.2686260594660774,0.007748244250241983,-0.22,0.914,0.873,0.987,0.007,-0.161,-0.004,-0.16877675884200694,0.8844484316111053,0.8697286442119945
752,1784635190.0975325,0.08481537135127773,0.003975687834410782,0.2684960358328346,0.00457398751806845,-0.226,0.917,0.873,0.987,0.007,-0.16,-0.004,-0.20308254958074845,0.9067402713511337,0.8704746518003932
752,1784635190.1256022,0.1826875371387709,0.1038757451984625,0.25100454323757293,-0.010847530798141547,-0.232,0.92,0.873,0.987,0.009,-0.158,-0.004,-0.20308254958074845,0.9067402713511337,0.8704746518003932
754,1784635190.150724,0.1727567255149887,0.20127861548147646,0.2650206532528414,-0.019726294399357285,-0.24,0.925,0.872,0.988,0.011,-0.155,-0.004,-0.20308254958074845,0.9067402713511337,0.8704746518003932
756,1784635190.1725564,0.14238596365660716,0.2321173761166196,0.25496542414841233,-0.020978454665176467,-0.248,0.929,0.872,0.988,0.013,-0.153,-0.004,-0.20308254958074845,0.9067402713511337,0.8704746518003932
756,1784635190.1958232,0.1307311000724694,0.22247478841886306,0.2642157847058133,-0.018954645227742324,-0.253,0.931,0.872,0.988,0.015,-0.152,-0.004,-0.20308254958074845,0.9067402713511337,0.8704746518003932
758,1784635190.2159913,0.1510495094989177,0.20412016527132412,0.2635450387824189,-0.00785452349604875,-0.261,0.935,0.871,0.988,0.017,-0.15,-0.003,-0.24335270119199842,0.9282944044438732,0.8692673884869604
758,1784635190.234495,0.049762045202916966,0.09902313329105815,0.280406819901544,0.009466608871045157,-0.267,0.938,0.87,0.989,0.019,-0.149,-0.003,-0.24335270119199842,0.9282944044438732,0.8692673884869604
760,1784635190.249512,0.03356848866018411,-0.0034520230484470227,0.26908057859791423,0.009518567240026966,-0.272,0.941,0.87,0.989,0.021,-0.147,-0.002,-0.24335270119199842,0.9282944044438732,0.8692673884869604
761,1784635190.2684515,-0.0013498992191557993,-0.10308810088051441,0.26910134062075713,0.008186388650007476,-0.279,0.944,0.869,0.989,0.023,-0.144,-0.002,-0.24335270119199842,0.9282944044438732,0.8692673884869604
762,1784635190.2868712,-0.006949079783219979,-0.14731009488117852,0.2683469769482121,0.006994319551424532,-0.285,0.947,0.868,0.99,0.024,-0.142,-0.001,-0.24335270119199842,0.9282944044438732,0.8692673884869604
763,1784635190.3104792,-0.056258188737987457,-0.21644404178938598,0.27081631251782373,0.0050444004296069786,-0.291,0.949,0.867,0.99,0.026,-0.14,-0.001,-0.24335270119199842,0.9282944044438732,0.8692673884869604
764,1784635190.327597,0.045125700235872486,-0.11103311449054788,0.26364104968568985,0.02775506384046151,-0.296,0.951,0.867,0.99,0.026,-0.139,-0.001,-0.24335270119199842,0.9282944044438732,0.8692673884869604
765,1784635190.35164,0.14354407090142604,-0.008257350380154446,0.2565339757746795,-0.020462975191857663,-0.303,0.954,0.866,0.99,0.027,-0.138,-0.001,-0.29197955813136856,0.9495954676553956,0.867361448772423
765,1784635190.36872,0.1553074162530861,0.09194810354350719,0.2575852441323037,-0.04449114096876285,-0.308,0.956,0.866,0.99,0.028,-0.138,-0.001,-0.29197955813136856,0.9495954676553956,0.867361448772423
767,1784635190.3911436,0.0514879400144109,-0.010169942475862281,0.2821098858775269,-0.05575598392768157,-0.314,0.958,0.866,0.99,0.028,-0.139,-0.001,-0.29197955813136856,0.9495954676553956,0.867361448772423
768,1784635190.4087968,0.1286025992996891,0.090074445897113,0.25918652008662574,0.03331649673123114,-0.32,0.96,0.866,0.99,0.028,-0.14,-0.001,-0.29197955813136856,0.9495954676553956,0.867361448772423
769,1784635190.430675,0.08036726820896928,0.18777281892148548,0.251237755911702,0.00035795552185006324,-0.328,0.963,0.865,0.989,0.028,-0.142,-0.001,-0.29197955813136856,0.9495954676553956,0.867361448772423
770,1784635190.449582,-0.021532534418999202,0.11302790906945169,0.2767682673360031,-0.010447538514454416,-0.335,0.964,0.865,0.989,0.029,-0.143,-0.001,-0.29197955813136856,0.9495954676553956,0.867361448772423
771,1784635190.472213,-0.020853902507571687,0.21020162056916003,0.24579642076989613,0.00680347369484469,-0.341,0.966,0.865,0.989,0.03,-0.143,-0.0,-0.29197955813136856,0.9495954676553956,0.867361448772423
771,1784635190.4942992,-0.10397176367992209,0.10706303262019055,0.2811045353823819,-0.0010385302574865592,-0.345,0.967,0.864,0.989,0.03,-0.143,-0.0,-0.29197955813136856,0.9495954676553956,0.867361448772423
773,1784635190.5131786,-0.1667446521135319,0.009932210801434666,0.261995187530838,-0.001959440223989978,-0.35,0.968,0.864,0.989,0.031,-0.143,0.0,-0.3366622923549226,0.9654202098292576,0.863376428745531
773,1784635190.5282052,-0.16048993141466092,-0.02208468199244562,0.2677069957917898,-0.0017374306031314522,-0.357,0.97,0.864,0.989,0.032,-0.142,0.0,-0.3366622923549226,0.9654202098292576,0.863376428745531
775,1784635190.5478704,-0.08561648680576639,0.07846634273737418,0.24892617933306982,0.01632941228485472,-0.364,0.971,0.864,0.99,0.032,-0.14,0.0,-0.3366622923549226,0.9654202098292576,0.863376428745531
776,1784635190.5699503,-0.1439390744254886,-0.022878578380624875,0.2774477741978808,0.006816100827944505,-0.37,0.972,0.863,0.99,0.032,-0.139,0.0,-0.3366622923549226,0.9654202098292576,0.863376428745531
777,1784635190.585349,-0.16330459993442492,-0.12221263142413276,0.263945241654844,-0.0026929812278796844,-0.372,0.972,0.863,0.99,0.032,-0.138,0.0,-0.3366622923549226,0.9654202098292576,0.863376428745531
778,1784635190.607705,-0.09587382388931377,-0.0560958179330045,0.2638382367605825,-0.0032859618490734565,-0.384,0.974,0.863,0.99,0.031,-0.136,0.0,-0.3366622923549226,0.9654202098292576,0.863376428745531
779,1784635190.6272874,-0.0872140374593772,-0.04517813572564973,0.2637096499330191,-0.003356616501206856,-0.388,0.974,0.863,0.99,0.03,-0.135,0.0,-0.3366622923549226,0.9654202098292576,0.863376428745531
780,1784635190.6464736,-0.0665629689907726,-0.006394078788426932,0.2630105550255751,-0.003213931841568149,-0.395,0.975,0.863,0.99,0.029,-0.135,-0.0,-0.3366622923549226,0.9654202098292576,0.863376428745531
781,1784635190.6675475,0.0016550670391318606,-0.07275188865483435,0.2687330858721346,-0.0031971438416124615,-0.4,0.975,0.863,0.99,0.028,-0.135,-0.0,-0.38109766112107907,0.9739690700640495,0.8613567196199072
782,1784635190.6876066,0.006506616205223907,-0.057558237124509214,0.26367581567261483,-0.0021037746674061955,-0.404,0.976,0.863,0.991,0.027,-0.135,-0.0,-0.38109766112107907,0.9739690700640495,0.8613567196199072
783,1784635190.708313,0.10489246991408627,0.0438803995681511,0.25243435746812126,-0.006893424355722497,-0.41,0.976,0.863,0.991,0.026,-0.135,-0.001,-0.38109766112107907,0.9739690700640495,0.8613567196199072
784,1784635190.735036,0.027050659117668338,0.007771620658586449,0.27616659086196815,-0.004515710625741283,-0.415,0.976,0.863,0.99,0.025,-0.135,-0.001,-0.38109766112107907,0.9739690700640495,0.8613567196199072
784,1784635190.7544372,0.0034918480664303114,0.003648200514755686,0.2609381331396605,-0.0031293614185920037,-0.42,0.977,0.863,0.99,0.024,-0.136,-0.001,-0.38109766112107907,0.9739690700640495,0.8613567196199072
786,1784635190.7727053,0.032123129949814186,0.10355696511560065,0.25165079164936244,-0.0040961425820236295,-0.426,0.977,0.863,0.99,0.023,-0.136,-0.001,-0.38109766112107907,0.9739690700640495,0.8613567196199072
786,1784635190.797608,-0.03433017406952783,0.05939115013385757,0.2756491049075867,-0.002592535280922808,-0.431,0.977,0.863,0.99,0.023,-0.137,-0.001,-0.38109766112107907,0.9739690700640495,0.8613567196199072
788,1784635190.8180373,-0.05616840770317898,0.15790497190847733,0.24362011912928777,0.006130087830961955,-0.439,0.977,0.863,0.99,0.023,-0.137,-0.001,-0.38109766112107907,0.9739690700640495,0.8613567196199072
788,1784635190.841053,-0.08138003914333367,0.2539518876639377,0.2631425499370427,0.007990060358080659,-0.445,0.977,0.863,0.99,0.023,-0.137,-0.001,-0.38109766112107907,0.9739690700640495,0.8613567196199072
790,1784635190.858298,-0.08533776152973711,0.1476031264962837,0.27224095331211945,-0.003113591349786494,-0.452,0.977,0.863,0.99,0.023,-0.137,-0.001,-0.38109766112107907,0.9739690700640495,0.8613567196199072
790,1784635190.8932395,-0.042165190578382805,0.04393121648772154,0.2631782531832954,-0.005060474293997355,-0.457,0.977,0.863,0.99,0.023,-0.136,-0.001,-0.43170998241334996,0.9768968366907771,0.8625781277698235
793,1784635190.9202945,-0.030546236435818934,-0.057021069676339506,0.2678215416189996,-0.0041607161614892006,-0.469,0.977,0.863,0.991,0.023,-0.134,-0.001,-0.43170998241334996,0.9768968366907771,0.8625781277698235
793,1784635190.9468007,-0.02390511727783831,-0.14233385117548553,0.26308354212239005,-0.003630500735914123,-0.477,0.976,0.863,0.991,0.023,-0.132,-0.001,-0.43170998241334996,0.9768968366907771,0.8625781277698235
795,1784635190.97499,-0.012293721632363128,-0.13926842820103918,0.2656925800999012,-0.0028243206851135978,-0.484,0.976,0.864,0.991,0.022,-0.13,-0.001,-0.43170998241334996,0.9768968366907771,0.8625781277698235
797,1784635191.0016923,-0.01684008453460791,-0.11351621524050033,0.26268754388392135,-0.0017680881935555333,-0.492,0.976,0.864,0.991,0.022,-0.128,-0.001,-0.43170998241334996,0.9768968366907771,0.8625781277698235
797,1784635191.0284054,0.06514267037516092,-0.08357139313770962,0.264438260769989,-0.0021849717696617007,-0.502,0.975,0.865,0.992,0.021,-0.128,-0.001,-0.47829302033651566,0.9762738282998277,0.8630547968014342
800,1784635191.0568821,0.06539845716904251,-0.17991230153606214,0.2673597918624981,-0.0005850871439393405,-0.51,0.974,0.865,0.992,0.021,-0.128,-0.001,-0.47829302033651566,0.9762738282998277,0.8630547968014342
800,1784635191.084531,0.034924228924562664,-0.07541462310440768,0.26503024110210277,-0.0790967173050709,-0.518,0.973,0.866,0.991,0.02,-0.13,-0.001,-0.47829302033651566,0.9762738282998277,0.8630547968014342
802,1784635191.1118932,0.04492181100706499,0.023057821471409987,0.2591975474662643,-0.04731219140542159,-0.526,0.973,0.867,0.991,0.02,-0.131,-0.001,-0.47829302033651566,0.9762738282998277,0.8630547968014342
802,1784635191.1394002,-0.033752740653782615,0.12248072307543977,0.2390729051882049,-0.050495647058440216,-0.534,0.972,0.868,0.991,0.02,-0.133,-0.001,-0.47829302033651566,0.9762738282998277,0.8630547968014342
805,1784635191.159663,0.005060246986359131,0.13603966601742462,0.2780111965975446,-0.023093960026133453,-0.544,0.971,0.869,0.991,0.02,-0.136,-0.001,-0.47829302033651566,0.9762738282998277,0.8630547968014342
805,1784635191.1779885,0.10491578718350997,0.032649754265165434,0.2680093316515303,-0.003995968763042968,-0.549,0.97,0.87,0.99,0.021,-0.137,-0.0,-0.5238835392257015,0.9729112005612885,0.8665973838177694
807,1784635191.1975203,0.20207986594678262,-0.0338023435935466,0.2653171518403649,0.00037419902291545987,-0.553,0.969,0.87,0.99,0.021,-0.137,-0.0,-0.5238835392257015,0.9729112005612885,0.8665973838177694
807,1784635191.2146738,0.1832686330454782,-0.04857392768027098,0.2673802308896661,0.0038123771579074857,-0.559,0.968,0.871,0.99,0.021,-0.138,0.0,-0.5238835392257015,0.9729112005612885,0.8665973838177694
809,1784635191.230394,0.09135323234019216,0.052639879101015793,0.23917609654214,-0.038530783381252376,-0.565,0.967,0.871,0.99,0.021,-0.137,0.001,-0.5238835392257015,0.9729112005612885,0.8665973838177694
810,1784635191.2551873,0.1421572373561397,0.06739938572254821,0.2813661132123144,-0.02092102926717787,-0.57,0.967,0.872,0.99,0.022,-0.137,0.001,-0.5238835392257015,0.9729112005612885,0.8665973838177694
810,1784635191.2697134,0.03860770985973841,0.16571428008737638,0.23686689348717585,-0.03239709791167046,-0.575,0.966,0.872,0.99,0.022,-0.137,0.001,-0.5238835392257015,0.9729112005612885,0.8665973838177694
812,1784635191.3026962,-0.06226654751088173,0.2615625719802487,0.2687702476989333,-0.02841222797969991,-0.582,0.964,0.873,0.99,0.023,-0.136,0.002,-0.5691002764535891,0.9666394648766551,0.8712203310252028
812,1784635191.3238711,-0.1606824521387582,0.2467680498690429,0.2448737977228131,-0.02526018030310377,-0.589,0.963,0.874,0.99,0.025,-0.136,0.002,-0.5691002764535891,0.9666394648766551,0.8712203310252028
814,1784635191.351353,-0.05849950828433324,0.14060454908381975,0.28870920447595005,-0.11852340368273699,-0.596,0.961,0.874,0.991,0.026,-0.135,0.002,-0.5691002764535891,0.9666394648766551,0.8712203310252028
816,1784635191.3768103,-0.043854747483277126,0.037089529469549604,0.263588168014018,-0.06192091703030023,-0.603,0.959,0.874,0.991,0.028,-0.133,0.003,-0.5691002764535891,0.9666394648766551,0.8712203310252028
816,1784635191.401286,0.020223654528744126,-0.06383732957190366,0.2718937334584346,-0.03363154467074119,-0.609,0.957,0.875,0.991,0.028,-0.131,0.003,-0.5691002764535891,0.9666394648766551,0.8712203310252028
818,1784635191.4250433,-0.007824868386219319,-0.15909068222675854,0.2601794963309426,-0.012232322866757735,-0.617,0.955,0.875,0.991,0.028,-0.127,0.003,-0.5691002764535891,0.9666394648766551,0.8712203310252028
818,1784635191.4472246,-0.007788947824645485,-0.17162539290464845,0.26759413421156686,0.0009438052358622002,-0.623,0.953,0.875,0.992,0.028,-0.125,0.004,-0.5691002764535891,0.9666394648766551,0.8712203310252028
821,1784635191.472355,-0.013896942779318069,-0.17734157672277495,0.2620681950325479,0.008961685462276894,-0.631,0.95,0.876,0.992,0.027,-0.122,0.004,-0.6128726977923838,0.9564258764631143,0.8746341209662073
821,1784635191.494677,-0.021033479000020804,-0.13251561760706415,0.2655791507585228,0.013885515977459706,-0.637,0.948,0.876,0.992,0.026,-0.122,0.005,-0.6128726977923838,0.9564258764631143,0.8746341209662073
823,1784635191.5168872,-0.12047884383746113,-0.02920292199967861,0.24898854573580326,0.036800439920717146,-0.642,0.945,0.877,0.992,0.026,-0.122,0.005,-0.6128726977923838,0.9564258764631143,0.8746341209662073
823,1784635191.5421352,-0.06309674741043066,-0.032140372255691566,0.2746005671299654,0.02975319327083463,-0.65,0.942,0.878,0.992,0.025,-0.123,0.006,-0.6128726977923838,0.9564258764631143,0.8746341209662073
825,1784635191.5647304,-0.16151832312155778,0.06866312488318736,0.24015899404837907,0.028078019248317362,-0.656,0.939,0.878,0.992,0.025,-0.125,0.006,-0.6128726977923838,0.9564258764631143,0.8746341209662073
825,1784635191.5869176,-0.07202854083718241,0.06767685335139606,0.2810586465017016,0.024435014151535275,-0.661,0.936,0.879,0.992,0.025,-0.126,0.005,-0.6128726977923838,0.9564258764631143,0.8746341209662073
828,1784635191.610123,0.0023263211142066087,-0.033543226842229476,0.26557200486273996,0.01742075552118875,-0.665,0.934,0.879,0.992,0.025,-0.127,0.005,-0.6128726977923838,0.9564258764631143,0.8746341209662073
828,1784635191.6316543,-0.04297848690776104,0.046335442021939746,0.26065060226382264,0.012482385319182488,-0.671,0.93,0.88,0.991,0.024,-0.129,0.005,-0.6515184362935421,0.9399368917093751,0.8763217017521623
830,1784635191.6549287,0.031057253843458837,-0.054529237699108765,0.2696604544938224,0.00872481845476437,-0.676,0.927,0.881,0.991,0.023,-0.13,0.004,-0.6515184362935421,0.9399368917093751,0.8763217017521623
830,1784635191.6774094,0.031022432185886267,-0.10273415434645677,0.26111463175579336,0.007043031368597991,-0.683,0.923,0.882,0.991,0.022,-0.131,0.004,-0.6515184362935421,0.9399368917093751,0.8763217017521623
832,1784635191.700227,-0.05909554853349966,-0.009003436984992313,0.26190091326074855,0.006856949440167286,-0.689,0.919,0.882,0.991,0.022,-0.13,0.004,-0.6515184362935421,0.9399368917093751,0.8763217017521623
832,1784635191.72305,-0.15718266404933828,0.09111712813644715,0.24126827728078068,0.013494569680305421,-0.696,0.914,0.883,0.991,0.021,-0.13,0.003,-0.6515184362935421,0.9399368917093751,0.8763217017521623
834,1784635191.7451222,-0.05588616873305077,-0.010823809797537595,0.28305098660615147,0.009097015955709522,-0.702,0.91,0.884,0.991,0.021,-0.13,0.003,-0.6515184362935421,0.9399368917093751,0.8763217017521623
834,1784635191.7673404,-0.12365535195803255,0.02428586890174813,0.25401497159667574,0.008212536151178043,-0.706,0.907,0.885,0.991,0.021,-0.13,0.003,-0.6515184362935421,0.9399368917093751,0.8763217017521623
837,1784635191.7898886,-0.11196213194750625,0.027529627892428143,0.27068067617750624,0.007444435958088102,-0.713,0.901,0.886,0.991,0.02,-0.13,0.003,-0.6932538984020433,0.916028500891246,0.8828653648536179
837,1784635191.8115933,-0.031415748571659255,-0.06713386539148103,0.26263102678498385,0.005732206866375592,-0.719,0.896,0.886,0.991,0.02,-0.13,0.003,-0.6932538984020433,0.916028500891246,0.8828653648536179
839,1784635191.8331695,-0.10829901822227939,0.016657007575939464,0.2632013831762606,0.007211542347019335,-0.724,0.892,0.887,0.991,0.019,-0.13,0.003,-0.6932538984020433,0.916028500891246,0.8828653648536179
839,1784635191.8584418,-0.20552839260955164,0.11621922769455888,0.24449947145104844,0.014755980459944366,-0.73,0.887,0.888,0.991,0.018,-0.13,0.003,-0.6932538984020433,0.916028500891246,0.8828653648536179
841,1784635191.889244,-0.23011454138931164,0.21331326635264458,0.25985021395457686,0.025218311702937486,-0.737,0.882,0.888,0.991,0.017,-0.13,0.003,-0.6932538984020433,0.916028500891246,0.8828653648536179
841,1784635191.9184198,-0.12439172833190365,0.10864878260685942,0.26657257569503484,0.027060170702074563,-0.745,0.875,0.889,0.991,0.016,-0.13,0.002,-0.6932538984020433,0.916028500891246,0.8828653648536179
844,1784635191.9472077,-0.049325046678808576,0.03131014260055408,0.26370831664934136,0.015597692484961841,-0.75,0.869,0.89,0.991,0.014,-0.13,0.002,-0.7309949319855883,0.8866346739749841,0.8877128478037634
844,1784635191.976351,0.008203110364158689,-0.023277282051933995,0.26648584404280445,0.009369241447308215,-0.757,0.863,0.89,0.992,0.012,-0.128,0.001,-0.7309949319855883,0.8866346739749841,0.8877128478037634
847,1784635192.0082252,0.10754132295422342,-0.12258756994002737,0.26778042583254763,0.0063749239257271115,-0.763,0.858,0.89,0.992,0.009,-0.127,0.001,-0.7309949319855883,0.8866346739749841,0.8877128478037634
847,1784635192.0410178,0.0409515117001569,-0.0808374021470004,0.26276257672100173,0.0040103542105312945,-0.771,0.849,0.89,0.992,0.006,-0.124,0.0,-0.7309949319855883,0.8866346739749841,0.8877128478037634
850,1784635192.0739691,-0.006901424627068636,-0.02780859422760229,0.2655359625398428,0.00320690388663305,-0.78,0.841,0.891,0.992,0.004,-0.123,-0.0,-0.7309949319855883,0.8866346739749841,0.8877128478037634
850,1784635192.1000724,-0.1065857039162482,0.07288084715031101,0.24719634581385438,-0.031707265742837845,-0.786,0.835,0.891,0.992,0.003,-0.123,-0.0,-0.7650637529321447,0.8556519760828329,0.8905243145708848
853,1784635192.1275141,-0.0039396207195671745,0.11221397994943058,0.274455919821884,-0.014380490904866101,-0.791,0.83,0.891,0.992,0.003,-0.124,-0.0,-0.7650637529321447,0.8556519760828329,0.8905243145708848
853,1784635192.1517618,0.03289660377782,0.13325663720980832,0.25570900719068884,-0.008340807776783175,-0.798,0.823,0.892,0.992,0.004,-0.125,-0.0,-0.7650637529321447,0.8556519760828329,0.8905243145708848
856,1784635192.172889,0.04132008873808623,0.12086092625047214,0.26717686625283404,-0.0038347876000925894,-0.802,0.819,0.892,0.992,0.004,-0.125,-0.0,-0.7650637529321447,0.8556519760828329,0.8905243145708848
856,1784635192.19407,-0.05968131780793647,0.21775282560242862,0.24554349003534132,-0.030359527377109213,-0.807,0.814,0.893,0.992,0.004,-0.126,-0.0,-0.7650637529321447,0.8556519760828329,0.8905243145708848
858,1784635192.2169247,-0.1581855378080061,0.2440210674186837,0.26490539625310805,-0.03178868973407667,-0.811,0.81,0.893,0.992,0.004,-0.126,-0.0,-0.7970286398734159,0.8218217962368806,0.8903256124967894
858,1784635192.2378318,-0.05423159279114932,0.1379227713900371,0.2675219908118877,-0.022224325002736377,-0.815,0.806,0.893,0.992,0.004,-0.125,0.0,-0.7970286398734159,0.8218217962368806,0.8903256124967894
860,1784635192.2601779,0.04632841587607045,0.03447789849716891,0.2606620558019133,-0.007542101654116716,-0.82,0.8,0.893,0.992,0.004,-0.124,0.0,-0.7970286398734159,0.8218217962368806,0.8903256124967894
860,1784635192.2814481,0.14509449791326842,-0.06636867000927234,0.2699267461355463,0.0025607045897925035,-0.825,0.795,0.893,0.993,0.004,-0.122,0.0,-0.7970286398734159,0.8218217962368806,0.8903256124967894
862,1784635192.3070507,0.04151349129097026,-0.0059491850106327265,0.25366954645453427,0.011985285661425298,-0.829,0.79,0.893,0.993,0.004,-0.119,0.001,-0.7970286398734159,0.8218217962368806,0.8903256124967894
862,1784635192.3438206,0.10440182306403636,-0.10575339923078175,0.27247384324358237,0.004265119935996948,-0.834,0.785,0.893,0.993,0.003,-0.116,0.001,-0.7970286398734159,0.8218217962368806,0.8903256124967894
865,1784635192.3762329,0.0018398716247910868,-0.003149521112654277,0.25371099828908605,0.00568736605440083,-0.842,0.777,0.893,0.994,0.002,-0.113,0.001,-0.8297216705484469,0.7898301448322758,0.8928492930275875
867,1784635192.4077237,0.10179381374527997,-0.10307021481905296,0.2775275356373522,0.012942750157726082,-0.849,0.769,0.893,0.994,0.003,-0.111,0.001,-0.8297216705484469,0.7898301448322758,0.8928492930275875
867,1784635192.4324293,0.19813040536787485,-0.16279372204869502,0.2614715810686641,0.0066305057676038165,-0.853,0.763,0.893,0.994,0.004,-0.11,0.001,-0.8297216705484469,0.7898301448322758,0.8928492930275875
870,1784635192.456853,0.20409913738621932,-0.12445185550877837,0.26840479576679455,0.004506667815886445,-0.857,0.758,0.894,0.994,0.005,-0.111,0.001,-0.8297216705484469,0.7898301448322758,0.8928492930275875
870,1784635192.4819772,0.09899674273993816,-0.021340947165068902,0.2728641476495758,-0.03782674213566492,-0.861,0.754,0.894,0.994,0.006,-0.112,0.001,-0.8297216705484469,0.7898301448322758,0.8928492930275875
872,1784635192.5070403,-0.003478058773519352,0.07919247063653409,0.24787633583606314,-0.06095398018862325,-0.865,0.748,0.894,0.993,0.007,-0.114,0.001,-0.8569052243585525,0.7581178322749872,0.8932928565728633
872,1784635192.5333512,0.06138663870246508,0.08373001462847907,0.27561347591896806,-0.03506121461299647,-0.868,0.743,0.895,0.993,0.009,-0.115,0.001,-0.8569052243585525,0.7581178322749872,0.8932928565728633
875,1784635192.5574107,-0.04014802683005085,0.1816367398188624,0.25091658776932285,-0.0849445282084196,-0.872,0.737,0.895,0.993,0.011,-0.117,0.002,-0.8569052243585525,0.7581178322749872,0.8932928565728633
875,1784635192.5813794,-0.012949031281536821,0.08633420738870434,0.27293766905622724,-0.04563193393305202,-0.875,0.732,0.896,0.993,0.013,-0.119,0.002,-0.8569052243585525,0.7581178322749872,0.8932928565728633
877,1784635192.602188,0.006271375232868737,0.03321508409230856,0.2569239004476554,-0.02052893214795293,-0.879,0.726,0.896,0.993,0.014,-0.119,0.002,-0.8569052243585525,0.7581178322749872,0.8932928565728633
877,1784635192.622968,-0.09388512127478643,0.12453839350829807,0.25825575943115314,-0.016862915346459256,-0.882,0.72,0.897,0.993,0.015,-0.119,0.003,-0.8569052243585525,0.7581178322749872,0.8932928565728633
879,1784635192.6461072,-0.041492169422188405,0.021782458828452977,0.2672903328704825,-0.008422105345827907,-0.884,0.716,0.897,0.993,0.016,-0.118,0.003,-0.8569052243585525,0.7581178322749872,0.8932928565728633
879,1784635192.67017,-0.1404547011947032,0.08143045522340056,0.24720283446584315,0.013454000003402834,-0.886,0.712,0.898,0.993,0.016,-0.117,0.004,-0.8790570353761848,0.7248118805313385,0.8964122409032953
882,1784635192.692459,-0.23694325121652698,0.040329665937705594,0.26174985381273125,0.008145643321898748,-0.889,0.704,0.898,0.993,0.016,-0.115,0.005,-0.8790570353761848,0.7248118805313385,0.8964122409032953
882,1784635192.7147627,-0.13102524940420954,-0.055813222673586474,0.2623646987892319,0.007820066254780853,-0.891,0.7,0.899,0.993,0.015,-0.114,0.005,-0.8790570353761848,0.7248118805313385,0.8964122409032953
884,1784635192.7365491,-0.03455625607394995,-0.07336837825401793,0.2604000992421735,0.00893633518680041,-0.894,0.694,0.899,0.993,0.015,-0.113,0.005,-0.8790570353761848,0.7248118805313385,0.8964122409032953
884,1784635192.759784,-0.13369228756006607,0.017252068522929778,0.2544164082952459,0.009752949545326729,-0.896,0.689,0.9,0.994,0.014,-0.112,0.005,-0.8790570353761848,0.7248118805313385,0.8964122409032953
886,1784635192.7833772,-0.23029951993930148,0.024582258051362983,0.2596275802039388,0.002105729313660934,-0.897,0.685,0.9,0.994,0.013,-0.112,0.005,-0.8790570353761848,0.7248118805313385,0.8964122409032953
886,1784635192.8077574,-0.12456876080507867,-0.06202545545542369,0.26972540733717815,0.002941279907285702,-0.899,0.679,0.901,0.994,0.012,-0.111,0.005,-0.8790570353761848,0.7248118805313385,0.8964122409032953
888,1784635192.8300087,-0.021475814128914708,-0.07889012593253676,0.2582089698001042,0.00015866028144731698,-0.901,0.672,0.901,0.994,0.01,-0.111,0.005,-0.8960182561840648,0.6869389129871638,0.8996841844133278
890,1784635192.8531349,0.03306437735301213,-0.0467880274100687,0.26489500708270103,0.0011279497310659418,-0.903,0.666,0.901,0.994,0.008,-0.11,0.004,-0.8960182561840648,0.6869389129871638,0.8996841844133278
890,1784635192.8771434,0.06716088777430887,-0.04640156340182682,0.25966472723006684,0.00312941795510432,-0.905,0.659,0.902,0.994,0.005,-0.11,0.004,-0.8960182561840648,0.6869389129871638,0.8996841844133278
892,1784635192.9039786,0.06623851805127695,-0.02854555662309665,0.2637911001840331,0.003958604904969617,-0.907,0.652,0.902,0.994,0.002,-0.111,0.003,-0.8960182561840648,0.6869389129871638,0.8996841844133278
892,1784635192.9318967,0.04058473530976592,-0.02566775390980545,0.2607263502978804,0.0052460348428718965,-0.909,0.645,0.902,0.994,0.0,-0.111,0.003,-0.8960182561840648,0.6869389129871638,0.8996841844133278
895,1784635192.9633992,0.13720369464787918,-0.06995604561029098,0.2642956208274852,0.007030256913990996,-0.91,0.639,0.903,0.994,-0.001,-0.111,0.003,-0.8960182561840648,0.6869389129871638,0.8996841844133278
895,1784635192.994975,0.03507668015472369,-0.03147724728052888,0.263036844178408,0.0074338855449911315,-0.911,0.631,0.903,0.994,-0.001,-0.112,0.003,-0.9086077562394081,0.6448410347385061,0.9023202702587156
898,1784635193.0233896,-0.06574907215753646,-0.031056012190469925,0.26380264999394465,0.007296483735503987,-0.912,0.623,0.903,0.994,-0.001,-0.113,0.003,-0.9086077562394081,0.6448410347385061,0.9023202702587156
898,1784635193.0512726,-0.1641032585947586,0.036846927958447226,0.2565124005094827,-0.004080307506722891,-0.914,0.612,0.904,0.994,0.0,-0.113,0.003,-0.9086077562394081,0.6448410347385061,0.9023202702587156
901,1784635193.080741,-0.20527546794678997,-0.03465479546899211,0.26898928419998047,-0.0008015158593059468,-0.915,0.604,0.905,0.993,0.002,-0.114,0.003,-0.9086077562394081,0.6448410347385061,0.9023202702587156
901,1784635193.106916,-0.1463609435277433,-0.054094567927361586,0.2596308507202209,-0.0004124905958378857,-0.916,0.592,0.905,0.993,0.003,-0.115,0.003,-0.9086077562394081,0.6448410347385061,0.9023202702587156
903,1784635193.13317,-0.061745346920441785,-0.024147778961006602,0.2659049524316991,0.0024395338739224013,-0.916,0.582,0.906,0.993,0.002,-0.115,0.003,-0.9145839567768954,0.6045190719842289,0.904398203394666
905,1784635193.1589408,0.03969614010117016,-0.0372529898739691,0.262564045846394,0.0077723575788433445,-0.916,0.576,0.906,0.993,0.001,-0.115,0.003,-0.9145839567768954,0.6045190719842289,0.904398203394666
905,1784635193.182242,0.019666730302275684,-0.03658121612187578,0.26414321620920334,0.007128546248152434,-0.916,0.568,0.906,0.993,-0.001,-0.115,0.003,-0.9145839567768954,0.6045190719842289,0.904398203394666
907,1784635193.2060258,-0.08080450448638492,-0.042115026805165386,0.2626167150012208,0.004845695548641344,-0.916,0.562,0.907,0.993,-0.003,-0.115,0.003,-0.9145839567768954,0.6045190719842289,0.904398203394666
907,1784635193.23195,0.021215335296598414,-0.032664328022006375,0.2653808818327956,0.006552263201020515,-0.916,0.556,0.907,0.993,-0.004,-0.116,0.002,-0.9145839567768954,0.6045190719842289,0.904398203394666
910,1784635193.2563682,0.12065489414613857,-0.03674356998287646,0.2623942156963329,0.007405443341218706,-0.915,0.546,0.907,0.993,-0.006,-0.116,0.002,-0.9145839567768954,0.6045190719842289,0.904398203394666
910,1784635193.2814107,0.018230139541305437,-0.0390635407136713,0.2652061973404549,0.007477558136461072,-0.914,0.538,0.908,0.993,-0.007,-0.117,0.002,-0.9145839567768954,0.6045190719842289,0.904398203394666
912,1784635193.310438,-0.08222519351082148,-0.06951158549013081,0.26349105394845446,0.0030111030438745197,-0.914,0.53,0.908,0.993,-0.008,-0.117,0.002,-0.9145839567768954,0.6045190719842289,0.904398203394666
912,1784635193.338039,0.019754907946427022,0.02917863653509556,0.26050180159062825,0.007677149744505804,-0.913,0.522,0.909,0.993,-0.008,-0.118,0.002,-0.9157536123747045,0.5595923228625564,0.9067776205805029
915,1784635193.3682885,0.06395787058165114,0.026626679760519988,0.26277645705838465,0.007170908631902245,-0.912,0.516,0.909,0.993,-0.008,-0.118,0.002,-0.9157536123747045,0.5595923228625564,0.9067776205805029
915,1784635193.3998556,0.05488560104747941,0.031998774716871764,0.26152958291869544,0.00684415166280902,-0.91,0.507,0.909,0.993,-0.007,-0.119,0.002,-0.9157536123747045,0.5595923228625564,0.9067776205805029
918,1784635193.4299433,-0.04648604129243592,-0.04689371043950083,0.26613545764827795,-0.014985180511852558,-0.909,0.498,0.91,0.993,-0.006,-0.12,0.002,-0.9157536123747045,0.5595923228625564,0.9067776205805029
918,1784635193.4556215,0.0539608848033794,0.03787425653256278,0.2612409866629379,-0.0037117420519743125,-0.907,0.491,0.91,0.993,-0.006,-0.12,0.002,-0.9125421069644601,0.5221937001481645,0.908670438012045
921,1784635193.4721358,-0.04738732287019367,-0.05585019001063153,0.26985799684837564,-0.01561099686926101,-0.906,0.484,0.91,0.993,-0.006,-0.12,0.002,-0.9125421069644601,0.5221937001481645,0.908670438012045
922,1784635193.4893174,0.04868711658620529,0.01619187396925252,0.2591912120315595,-0.004080031941275149,-0.905,0.48,0.91,0.993,-0.005,-0.12,0.002,-0.9125421069644601,0.5221937001481645,0.908670438012045
923,1784635193.5086615,0.14704440079512363,0.007889131769635939,0.2719407908373473,0.004534274470921954,-0.903,0.475,0.91,0.993,-0.005,-0.12,0.002,-0.9052270920491734,0.48142669370334323,0.9106390633724981
924,1784635193.5301037,0.04337568472169043,-0.08964980386151136,0.2689451331613711,0.006452229413214706,-0.902,0.47,0.911,0.993,-0.005,-0.119,0.002,-0.9052270920491734,0.48142669370334323,0.9106390633724981
925,1784635193.547986,0.14224549488223748,-0.0009763281117031591,0.26755128785398136,0.0017602445771548224,-0.901,0.467,0.911,0.993,-0.005,-0.119,0.002,-0.9052270920491734,0.48142669370334323,0.9106390633724981
926,1784635193.5686073,0.1781789243584869,-0.026243100130338037,0.2665525993051808,0.005982003547574573,-0.899,0.459,0.911,0.993,-0.004,-0.119,0.002,-0.9052270920491734,0.48142669370334323,0.9106390633724981
927,1784635193.5859983,0.07372451432506855,-0.11870695938383302,0.281372761013608,0.030762703189903356,-0.898,0.455,0.911,0.993,-0.004,-0.12,0.002,-0.9052270920491734,0.48142669370334323,0.9106390633724981
928,1784635193.6069398,-0.0280514234472259,-0.1316123569290988,0.26837857620800953,0.032600417801422636,-0.895,0.448,0.911,0.993,-0.003,-0.12,0.002,-0.9052270920491734,0.48142669370334323,0.9106390633724981
929,1784635193.6292906,0.07264862300102658,-0.028869759433136633,0.2684923552489657,0.020932188275064385,-0.894,0.442,0.911,0.993,-0.002,-0.12,0.002,-0.9052270920491734,0.48142669370334323,0.9106390633724981
930,1784635193.6490524,0.1306189587889416,-0.025097054395341295,0.26660092868185786,0.013239873486771674,-0.893,0.439,0.911,0.993,-0.001,-0.12,0.002,-0.9052270920491734,0.48142669370334323,0.9106390633724981
931,1784635193.6683426,0.11997624309537533,0.004481179264073262,0.26768867691896614,0.008165343342106243,-0.89,0.431,0.912,0.993,0.0,-0.121,0.002,-0.9052270920491734,0.48142669370334323,0.9106390633724981
932,1784635193.6934905,0.14100579129696772,0.10336874280778119,0.2577768441283489,-0.0008727412972050191,-0.888,0.427,0.912,0.993,0.001,-0.122,0.002,-0.8942677467637586,0.44246465805598484,0.911522395732753
932,1784635193.711495,0.04071112129234587,0.0862129827366799,0.2658315591538808,-0.005887777838256738,-0.887,0.423,0.912,0.993,0.002,-0.122,0.002,-0.8942677467637586,0.44246465805598484,0.911522395732753
934,1784635193.7300282,0.13103968890240858,0.10910643053832067,0.2599346392549293,-0.002215103802925597,-0.885,0.416,0.913,0.992,0.003,-0.123,0.002,-0.8942677467637586,0.44246465805598484,0.911522395732753
935,1784635193.748066,0.11206565371600286,0.09400216664237274,0.2642705265263677,-0.0005369891452343771,-0.883,0.411,0.913,0.992,0.004,-0.123,0.002,-0.8942677467637586,0.44246465805598484,0.911522395732753
936,1784635193.774869,0.0988539034804788,0.07345484803543517,0.2613345975955865,0.0006963044996284621,-0.88,0.404,0.914,0.992,0.005,-0.123,0.002,-0.8942677467637586,0.44246465805598484,0.911522395732753
936,1784635193.7941158,-0.0036010628256487875,-0.008207425094818532,0.26464163064874974,-0.0016456498826443167,-0.878,0.399,0.914,0.992,0.006,-0.123,0.002,-0.8942677467637586,0.44246465805598484,0.911522395732753
938,1784635193.81117,-0.034229760080328464,-0.02180678884754974,0.26232702606803676,-0.0013135359269561048,-0.877,0.395,0.914,0.992,0.007,-0.123,0.002,-0.8942677467637586,0.44246465805598484,0.911522395732753
939,1784635193.8378034,-0.1333700644519941,-0.10852262490944822,0.24497863157860097,-0.007939039258570738,-0.874,0.388,0.914,0.993,0.008,-0.122,0.002,-0.8814125388855388,0.4037169021604294,0.9149071588883665
939,1784635193.8600996,-0.22742744090979933,-0.007288062918642146,0.26857020537781306,-0.00138802796292818,-0.873,0.384,0.915,0.993,0.009,-0.121,0.003,-0.8814125388855388,0.4037169021604294,0.9149071588883665
941,1784635193.8823068,-0.14613206385426245,0.09277575603088016,0.25055472728413164,0.008838808594843522,-0.87,0.376,0.915,0.993,0.01,-0.12,0.003,-0.8814125388855388,0.4037169021604294,0.9149071588883665
941,1784635193.904695,-0.24247871783294095,-0.009541538452393791,0.2612615333238136,-0.08604823481284633,-0.867,0.369,0.915,0.993,0.011,-0.119,0.003,-0.8814125388855388,0.4037169021604294,0.9149071588883665
943,1784635193.9261417,-0.25673186739247295,0.07272602694106318,0.2586232381426683,-0.05365172472846433,-0.865,0.364,0.915,0.993,0.011,-0.119,0.003,-0.8814125388855388,0.4037169021604294,0.9149071588883665
943,1784635193.9486957,-0.150318592011434,0.17051211840278624,0.2638833474049776,-0.009625034821589176,-0.863,0.357,0.915,0.993,0.01,-0.119,0.003,-0.8814125388855388,0.4037169021604294,0.9149071588883665
946,1784635193.9762723,-0.05617421699290867,0.171907814061273,0.25565499644870443,0.001743427767843933,-0.861,0.351,0.915,0.993,0.009,-0.119,0.003,-0.8814125388855388,0.4037169021604294,0.9149071588883665
946,1784635194.0019007,-0.07122688311442693,0.09724799100191853,0.2787780195416877,0.0020105850436879583,-0.857,0.341,0.914,0.993,0.006,-0.119,0.003,-0.8635409754078627,0.3581163907519519,0.9152264030541104
948,1784635194.0258102,-0.16944243723705563,-0.005180163307527824,0.2767765877460781,-0.04613207752794474,-0.854,0.333,0.914,0.993,0.003,-0.118,0.003,-0.8635409754078627,0.3581163907519519,0.9152264030541104
948,1784635194.044175,-0.0653304481538467,0.04990032452625286,0.26871545409749936,-0.021224228964384993,-0.85,0.325,0.914,0.993,-0.0,-0.117,0.003,-0.8635409754078627,0.3581163907519519,0.9152264030541104
950,1784635194.0602224,-0.14128691444270444,-0.05094669614744958,0.27277653419458675,-0.011160970203947927,-0.847,0.318,0.913,0.993,-0.003,-0.116,0.003,-0.8635409754078627,0.3581163907519519,0.9152264030541104
950,1784635194.0809112,-0.03844889724974024,0.0022156257483164216,0.26849637832951556,0.00010413549280365378,-0.845,0.312,0.913,0.993,-0.004,-0.115,0.003,-0.8635409754078627,0.3581163907519519,0.9152264030541104
952,1784635194.10092,-0.02162758256236021,-0.009285516105100873,0.2699052702228402,0.005891010087886217,-0.842,0.307,0.913,0.993,-0.006,-0.114,0.003,-0.8635409754078627,0.3581163907519519,0.9152264030541104
952,1784635194.1238883,-0.12108630585818367,-0.10905060960861035,0.27603436016711297,0.01641311009527533,-0.84,0.302,0.912,0.994,-0.007,-0.113,0.003,-0.8635409754078627,0.3581163907519519,0.9152264030541104
954,1784635194.1421459,-0.05064347913239667,-0.00636556945580119,0.25389317090059943,0.013395438998537974,-0.836,0.293,0.912,0.994,-0.009,-0.112,0.003,-0.8433617477427863,0.30954212075909443,0.9124269749333128
954,1784635194.1601942,-0.054850055817128415,-0.00759463949509114,0.2669525542040431,0.011345419206919637,-0.833,0.288,0.912,0.994,-0.01,-0.112,0.003,-0.8433617477427863,0.30954212075909443,0.9124269749333128
956,1784635194.1770988,-0.04845983683828843,-0.002255723951106346,0.2567818871899636,0.010728098226616214,-0.829,0.28,0.913,0.994,-0.012,-0.111,0.003,-0.8433617477427863,0.30954212075909443,0.9124269749333128
956,1784635194.1968029,-0.0494654713923859,-0.005005993519076988,0.26459522000865293,0.010597622310712766,-0.828,0.278,0.913,0.994,-0.012,-0.111,0.003,-0.8433617477427863,0.30954212075909443,0.9124269749333128
958,1784635194.2153456,-0.053376729530331485,0.003133717943321764,0.258874673080343,0.009185665136581941,-0.824,0.271,0.913,0.994,-0.013,-0.112,0.002,-0.8433617477427863,0.30954212075909443,0.9124269749333128
958,1784635194.2339375,-0.05068938068911868,-0.001692398568723592,0.26345809390537045,0.008472857581961249,-0.822,0.266,0.913,0.994,-0.014,-0.112,0.002,-0.8433617477427863,0.30954212075909443,0.9124269749333128
960,1784635194.248256,-0.14935220659361126,-0.0926778649881035,0.26276254265124155,0.004144482703755508,-0.819,0.262,0.913,0.994,-0.014,-0.112,0.002,-0.8433617477427863,0.30954212075909443,0.9124269749333128
961,1784635194.2672935,-0.07222949280987657,-0.0334807172493001,0.26121180603553196,0.006854509632477456,-0.815,0.255,0.914,0.994,-0.015,-0.112,0.002,-0.8433617477427863,0.30954212075909443,0.9124269749333128
962,1784635194.2879376,-0.17042026922735792,-0.13264116096155912,0.2658091950847462,-0.0011422564464542585,-0.81,0.247,0.914,0.994,-0.015,-0.113,0.002,-0.8199218318876146,0.2617623927483505,0.9142726407835686
963,1784635194.3210435,-0.1272496088751669,-0.10377073473437959,0.2541250521539493,-0.000769499245648779,-0.807,0.243,0.914,0.993,-0.016,-0.113,0.002,-0.8199218318876146,0.2617623927483505,0.9142726407835686
963,1784635194.3501716,-0.024073134354441222,-0.009914519996974652,0.26086946821722673,0.0027838341828747048,-0.803,0.237,0.914,0.993,-0.016,-0.113,0.002,-0.8199218318876146,0.2617623927483505,0.9142726407835686
966,1784635194.378073,-0.12346968113009033,-0.1096654615069033,0.2701712397427404,0.008430483881012078,-0.796,0.228,0.914,0.993,-0.018,-0.114,0.001,-0.8199218318876146,0.2617623927483505,0.9142726407835686
966,1784635194.4094677,-0.07604704562440674,-0.10582692610679825,0.2535187278680648,0.00479878100587613,-0.791,0.221,0.914,0.993,-0.019,-0.115,0.001,-0.8199218318876146,0.2617623927483505,0.9142726407835686
969,1784635194.4432487,-0.021318048433269517,-0.08799282968290495,0.2668536661840578,0.006382599546231294,-0.785,0.214,0.914,0.993,-0.02,-0.116,0.001,-0.8199218318876146,0.2617623927483505,0.9142726407835686
969,1784635194.4745588,-0.12076087733316973,-0.18571980458707504,0.2687225909536984,0.005889006480004309,-0.777,0.205,0.914,0.993,-0.022,-0.117,0.001,-0.8199218318876146,0.2617623927483505,0.9142726407835686
972,1784635194.5058832,-0.01774229850314632,-0.08107815673183986,0.2588129762118598,-0.03770343408271562,-0.77,0.198,0.914,0.993,-0.024,-0.119,0.001,-0.7896689292540418,0.21766083859774887,0.9157213162037552
972,1784635194.5323198,0.08269986656908963,-0.0034907576692351644,0.2663271185944909,-0.010796359527994865,-0.763,0.19,0.914,0.992,-0.025,-0.12,0.001,-0.7896689292540418,0.21766083859774887,0.9157213162037552
975,1784635194.5625057,0.18018938388363956,0.02475957340194905,0.2610056151460397,-0.002491979050373634,-0.756,0.184,0.914,0.992,-0.026,-0.122,0.0,-0.7896689292540418,0.21766083859774887,0.9157213162037552
975,1784635194.5922742,0.18468416780758007,0.03358598335574994,0.2661233450098905,0.0030170897811603392,-0.75,0.178,0.913,0.992,-0.027,-0.124,0.0,-0.7896689292540418,0.21766083859774887,0.9157213162037552
978,1784635194.620435,0.15235609707800368,0.01151421299448057,0.2630109977632518,0.006956153359760737,-0.743,0.172,0.913,0.992,-0.027,-0.125,0.001,-0.7896689292540418,0.21766083859774887,0.9157213162037552
978,1784635194.6481452,0.09738213065622656,0.01828315850648303,0.2806670423917585,0.006443077499873603,-0.736,0.166,0.913,0.992,-0.027,-0.126,0.001,-0.7533546719022681,0.1810428791731673,0.913485584738686
981,1784635194.6756785,-0.0050514576617785995,-0.08217129374664774,0.292438448504659,0.07096527150901073,-0.727,0.16,0.912,0.992,-0.025,-0.127,0.001,-0.7533546719022681,0.1810428791731673,0.913485584738686
981,1784635194.7034645,0.09502067738395338,0.01983751296097533,0.2728886932559597,0.0359140674950689,-0.721,0.156,0.912,0.992,-0.023,-0.127,0.001,-0.7533546719022681,0.1810428791731673,0.913485584738686
983,1784635194.7332113,0.03092578714970662,-0.04954432321707329,0.2758033669634866,0.026029230755276217,-0.716,0.152,0.912,0.992,-0.022,-0.127,0.002,-0.7533546719022681,0.1810428791731673,0.913485584738686
983,1784635194.7657833,0.12902563712611417,0.05167098842145609,0.2716650593800216,0.013564593206057223,-0.709,0.148,0.912,0.992,-0.02,-0.127,0.002,-0.7533546719022681,0.1810428791731673,0.913485584738686
986,1784635194.786397,0.03157672655552085,-0.0482355583021338,0.2737919410948489,0.008034902359970335,-0.698,0.141,0.913,0.992,-0.017,-0.127,0.001,-0.7533546719022681,0.1810428791731673,0.913485584738686
986,1784635194.8001883,-0.06920565521104555,-0.14702835926482472,0.27565202054977406,-0.0014925631757212003,-0.694,0.139,0.913,0.992,-0.016,-0.127,0.001,-0.716159304331357,0.1520499959869739,0.9122670212913055
988,1784635194.8149564,0.016478091305357073,-0.12348995835547792,0.2705321065362376,-0.005463857189832624,-0.687,0.135,0.914,0.992,-0.015,-0.127,0.001,-0.716159304331357,0.1520499959869739,0.9122670212913055
988,1784635194.8289747,0.022962341553031604,-0.12874299910534243,0.26965680792474594,-0.0062023314158504515,-0.683,0.133,0.915,0.992,-0.014,-0.127,0.001,-0.716159304331357,0.1520499959869739,0.9122670212913055
990,1784635194.8476212,-0.07743926529040769,-0.22545602492477793,0.27385809055158294,0.021350688999371578,-0.677,0.13,0.916,0.992,-0.013,-0.127,0.001,-0.716159304331357,0.1520499959869739,0.9122670212913055
991,1784635194.868861,-0.17550185532673493,-0.3142614219129086,0.2725635937733302,0.02073778623321168,-0.67,0.126,0.917,0.992,-0.012,-0.127,0.0,-0.716159304331357,0.1520499959869739,0.9122670212913055
992,1784635194.8891795,-0.07111488047976569,-0.20640491487906223,0.2927473300057818,0.12019371023418861,-0.666,0.124,0.918,0.992,-0.012,-0.128,0.001,-0.716159304331357,0.1520499959869739,0.9122670212913055
993,1784635194.9098618,0.01818949756234882,-0.10280774777838801,0.2699772047684185,0.06457903350601141,-0.661,0.121,0.919,0.992,-0.011,-0.129,0.001,-0.716159304331357,0.1520499959869739,0.9122670212913055
994,1784635194.93008,0.1175796135311963,-0.056326820024516576,0.24715161269485253,0.036885465754590833,-0.657,0.119,0.92,0.991,-0.011,-0.13,0.001,-0.6792779394584352,0.13041537933643793,0.9160241902156663
995,1784635194.9490488,0.12879635377084864,-0.08611151435247105,0.2647292689691597,0.020947932607266365,-0.649,0.116,0.922,0.991,-0.011,-0.133,0.0,-0.6792779394584352,0.13041537933643793,0.9160241902156663
996,1784635194.9692535,0.18601420269902158,0.013950781325556272,0.2494259053067319,0.007597897911260235,-0.644,0.113,0.923,0.991,-0.012,-0.136,-0.0,-0.6792779394584352,0.13041537933643793,0.9160241902156663
997,1784635194.9870448,0.12933073512535076,-0.05248958040684962,0.26293064315821335,0.0012262919621141071,-0.641,0.112,0.924,0.99,-0.012,-0.138,-0.001,-0.6792779394584352,0.13041537933643793,0.9160241902156663
998,1784635195.0106318,0.17118848252031751,0.027811614505780707,0.25126587274527734,-0.0036968378801978613,-0.635,0.109,0.926,0.99,-0.012,-0.14,-0.001,-0.6792779394584352,0.13041537933643793,0.9160241902156663
999,1784635195.0295522,0.15382735313364285,0.028010941854567276,0.26086263196005727,-0.005635482864620873,-0.631,0.107,0.927,0.99,-0.012,-0.141,-0.002,-0.6792779394584352,0.13041537933643793,0.9160241902156663
1000,1784635195.0473182,0.07574290416151329,-0.06747011767358586,0.2562304919324108,-0.004057335386513448,-0.625,0.104,0.929,0.99,-0.012,-0.143,-0.002,-0.6792779394584352,0.13041537933643793,0.9160241902156663
1001,1784635195.0669057,0.035975537555673266,-0.10875959008681221,0.26082769583105947,-0.004541842565213743,-0.619,0.101,0.93,0.99,-0.01,-0.144,-0.002,-0.6792779394584352,0.13041537933643793,0.9160241902156663
1002,1784635195.0891514,-0.0649147139424752,-0.20598607754626214,0.2709502936618027,0.01646900543773778,-0.613,0.099,0.931,0.989,-0.009,-0.145,-0.002,-0.6357502147089513,0.10922479347059366,0.9257255437337804
1003,1784635195.1126711,-0.11487748129777507,-0.12676492278530005,0.2549029960681258,0.015761061213079422,-0.611,0.098,0.931,0.989,-0.008,-0.145,-0.002,-0.6357502147089513,0.10922479347059366,0.9257255437337804
1003,1784635195.1293278,-0.03831199890977893,-0.02398726729127547,0.2656200249978229,0.0106367629934238,-0.606,0.095,0.932,0.989,-0.007,-0.145,-0.002,-0.6357502147089513,0.10922479347059366,0.9257255437337804
1005,1784635195.1512876,-0.11560245354580628,-0.07215385747394897,0.261007682077775,0.005793783892557889,-0.6,0.092,0.933,0.989,-0.006,-0.146,-0.001,-0.6357502147089513,0.10922479347059366,0.9257255437337804
1006,1784635195.168667,-0.2127084573396075,-0.1703485146564583,0.2744537393579283,-0.004504644326270187,-0.597,0.091,0.933,0.989,-0.005,-0.146,-0.001,-0.6357502147089513,0.10922479347059366,0.9257255437337804
1007,1784635195.1903033,-0.15395976643226666,-0.09143335148435539,0.26169597779253473,-0.0014991959900294456,-0.591,0.088,0.934,0.989,-0.005,-0.147,-0.001,-0.5980490763649875,0.09132299973249211,0.9338279838591366
1008,1784635195.209417,-0.22966123840962233,-0.18913258514609588,0.2802862067843763,-0.008853220513948984,-0.587,0.086,0.934,0.989,-0.004,-0.148,-0.001,-0.5980490763649875,0.09132299973249211,0.9338279838591366
1009,1784635195.2293942,-0.12413558042829644,-0.08450871022181279,0.2642607895328006,-0.005707211296339326,-0.582,0.084,0.934,0.989,-0.005,-0.149,-0.001,-0.5980490763649875,0.09132299973249211,0.9338279838591366
1010,1784635195.255465,-0.03043856836425335,0.01757229439253244,0.2612513382717908,-0.00025438487329520164,-0.579,0.083,0.934,0.989,-0.005,-0.15,-0.001,-0.5980490763649875,0.09132299973249211,0.9338279838591366
1010,1784635195.275248,-0.056521720363801556,0.012267208489898054,0.2708758734283028,-0.0010562597720374617,-0.575,0.081,0.934,0.989,-0.006,-0.151,-0.001,-0.5980490763649875,0.09132299973249211,0.9338279838591366
1012,1784635195.2958767,-0.01773086446558944,0.02978494954284416,0.2634248409349288,-0.0015904171299805298,-0.571,0.079,0.935,0.988,-0.007,-0.152,-0.002,-0.5980490763649875,0.09132299973249211,0.9338279838591366
1012,1784635195.3150387,0.01032753104681608,0.04538717761689218,0.2698930514712067,-0.0014390871130868434,-0.566,0.076,0.935,0.988,-0.009,-0.154,-0.002,-0.5980490763649875,0.09132299973249211,0.9338279838591366
1014,1784635195.3345675,0.03729943227885123,0.11678001939827803,0.26132676266178534,-0.00030990735327994794,-0.563,0.075,0.935,0.988,-0.01,-0.154,-0.002,-0.5980490763649875,0.09132299973249211,0.9338279838591366
1014,1784635195.3516333,0.049504294561129245,0.11415726764300937,0.26865812011893697,0.0004310355738446161,-0.558,0.072,0.935,0.988,-0.012,-0.155,-0.002,-0.5980490763649875,0.09132299973249211,0.9338279838591366
1016,1784635195.3732512,0.045213911927307865,0.07608644188106012,0.2727361476654719,0.0013086413918870624,-0.554,0.07,0.934,0.988,-0.013,-0.156,-0.002,-0.5629998546537793,0.07474946781040916,0.9346764700267114
1016,1784635195.3881893,0.021706652864394993,-0.01735929856116132,0.2753035376972577,0.00011219188731810851,-0.551,0.069,0.934,0.988,-0.014,-0.156,-0.003,-0.5629998546537793,0.07474946781040916,0.9346764700267114
1018,1784635195.4070349,-0.07488395346797658,-0.11691950390802551,0.2886345759898532,-0.00026307406477855754,-0.546,0.067,0.934,0.988,-0.015,-0.156,-0.003,-0.5629998546537793,0.07474946781040916,0.9346764700267114
1019,1784635195.4318967,-0.003133518669420965,-0.08689364644167023,0.2771170765745286,-0.0022706336771660695,-0.544,0.065,0.934,0.988,-0.015,-0.155,-0.003,-0.5629998546537793,0.07474946781040916,0.9346764700267114
1020,1784635195.4471667,-0.09436372985661105,-0.18425416054327315,0.28793491731645127,-0.003851054744620809,-0.54,0.064,0.933,0.988,-0.015,-0.155,-0.003,-0.5629998546537793,0.07474946781040916,0.9346764700267114
1021,1784635195.4733076,0.0028452758655467536,-0.07975921387169964,0.2733135738302003,-0.0022588634628137737,-0.537,0.063,0.933,0.988,-0.015,-0.154,-0.003,-0.5629998546537793,0.07474946781040916,0.9346764700267114
1021,1784635195.4939318,-0.09507589749639374,-0.17776515280049798,0.285493636891408,-0.0025636803433212924,-0.535,0.062,0.933,0.988,-0.016,-0.154,-0.003,-0.5629998546537793,0.07474946781040916,0.9346764700267114
1023,1784635195.5122085,0.006906980664011589,-0.07332448897231415,0.27243717906122245,-0.0015736956644820871,-0.533,0.061,0.933,0.988,-0.016,-0.154,-0.003,-0.5629998546537793,0.07474946781040916,0.9346764700267114
1023,1784635195.5284703,0.08689960002940511,0.028503810718827904,0.2544908886232429,-0.004348017070920481,-0.529,0.059,0.933,0.988,-0.016,-0.155,-0.003,-0.5348880098963478,0.06142119723355626,0.9331979091639218
1025,1784635195.548279,0.08445630738063406,0.11726147843144372,0.269246165120574,-0.004263705368878645,-0.525,0.058,0.933,0.988,-0.016,-0.156,-0.003,-0.5348880098963478,0.06142119723355626,0.9331979091639218
1026,1784635195.5675464,0.04072377336610439,0.03886752389737372,0.2627948761096483,-0.00325064845968733,-0.522,0.056,0.934,0.987,-0.017,-0.157,-0.003,-0.5348880098963478,0.06142119723355626,0.9331979091639218
1027,1784635195.5867538,0.11742966412395173,0.13787316451420029,0.2597576881234504,-0.0035154082239665535,-0.519,0.055,0.934,0.987,-0.017,-0.158,-0.003,-0.5348880098963478,0.06142119723355626,0.9331979091639218
1028,1784635195.60905,0.09222662740346897,0.15023006376504952,0.2647859039184053,-0.003070112496337308,-0.517,0.055,0.934,0.987,-0.017,-0.159,-0.003,-0.5348880098963478,0.06142119723355626,0.9331979091639218
1029,1784635195.6274161,0.08396500326618189,0.1412836769602527,0.2611827354657207,-0.0025434527534463776,-0.515,0.054,0.934,0.987,-0.017,-0.16,-0.003,-0.5348880098963478,0.06142119723355626,0.9331979091639218
1030,1784635195.65025,0.0045343041402123585,0.03776953143574424,0.2718198809690668,-0.0014657376531860501,-0.512,0.053,0.934,0.987,-0.017,-0.16,-0.003,-0.5348880098963478,0.06142119723355626,0.9331979091639218
1031,1784635195.6704667,0.10395482592919333,0.0955598602602188,0.2552319204866287,-0.004269755691543128,-0.511,0.052,0.934,0.987,-0.016,-0.16,-0.003,-0.5131954216431711,0.05326557985080415,0.9343919885542245
1032,1784635195.690893,0.13941764321323646,0.06848854274698125,0.2682585531624898,-0.0032203293125157104,-0.508,0.052,0.934,0.987,-0.016,-0.159,-0.003,-0.5131954216431711,0.05326557985080415,0.9343919885542245
1033,1784635195.7084837,0.1214635419136286,0.04793003640873466,0.25882878116865915,-0.002110099393709459,-0.506,0.051,0.934,0.987,-0.015,-0.158,-0.002,-0.5131954216431711,0.05326557985080415,0.9343919885542245
1034,1784635195.7276514,0.13341103996274772,0.11129069081772766,0.26416161262388854,-0.0026766842391590267,-0.504,0.05,0.934,0.988,-0.014,-0.157,-0.002,-0.5131954216431711,0.05326557985080415,0.9343919885542245
1035,1784635195.7523735,0.030421819627108077,0.008518798679663986,0.27424100543713803,0.004916653041273339,-0.502,0.05,0.933,0.988,-0.013,-0.155,-0.002,-0.5131954216431711,0.05326557985080415,0.9343919885542245
1036,1784635195.7707245,0.08290716455431366,0.02464223495634009,0.2594558033485739,0.0023650673559491835,-0.499,0.049,0.933,0.988,-0.012,-0.154,-0.002,-0.5131954216431711,0.05326557985080415,0.9343919885542245
1037,1784635195.7899227,0.06503045896229469,0.03240827614141089,0.2684375617118515,0.0001590806425502125,-0.498,0.049,0.932,0.988,-0.011,-0.153,-0.002,-0.5131954216431711,0.05326557985080415,0.9343919885542245
1038,1784635195.813064,0.05464079507522119,0.03365319147872321,0.261952764991512,-0.0013215804210622508,-0.497,0.049,0.931,0.988,-0.01,-0.152,-0.002,-0.5131954216431711,0.05326557985080415,0.9343919885542245
1038,1784635195.832758,-0.04644139608381825,-0.06709115687855545,0.2766354229177745,-0.0010008534960781934,-0.495,0.048,0.931,0.988,-0.009,-0.152,-0.001,-0.5131954216431711,0.05326557985080415,0.9343919885542245
1040,1784635195.8553257,0.051064703401628365,0.03137360496620732,0.2587104482736733,-0.0020888726677579465,-0.493,0.048,0.93,0.989,-0.008,-0.151,-0.001,-0.4989660058505545,0.04898678579179329,0.9329875788100199
1040,1784635195.8744252,0.06704850809644916,0.06768219866349377,0.27073986071660133,-0.0030805737735637795,-0.492,0.047,0.929,0.989,-0.007,-0.15,-0.001,-0.4989660058505545,0.04898678579179329,0.9329875788100199
1042,1784635195.8913326,0.07084467955256642,0.08476195372019489,0.2617242954682524,-0.0038169040742004876,-0.491,0.047,0.928,0.989,-0.006,-0.15,-0.001,-0.4989660058505545,0.04898678579179329,0.9329875788100199
1042,1784635195.9124918,-0.0073557704780195104,0.014971310323696016,0.2781907818399167,-0.004178646124859261,-0.49,0.046,0.927,0.989,-0.006,-0.15,-0.001,-0.4989660058505545,0.04898678579179329,0.9329875788100199
1044,1784635195.930733,-0.00937821491914774,0.035740077327322047,0.2718531452179838,-0.004817657905613908,-0.489,0.046,0.926,0.989,-0.005,-0.15,-0.001,-0.4989660058505545,0.04898678579179329,0.9329875788100199
1045,1784635195.951824,0.07741958561318192,0.1220006924151357,0.2594484435378867,-0.004547874366528227,-0.488,0.045,0.925,0.989,-0.005,-0.15,-0.001,-0.4989660058505545,0.04898678579179329,0.9329875788100199
1046,1784635195.9736867,0.1027213440737027,0.1363891461371427,0.2667915808897122,-0.004245917128701419,-0.487,0.045,0.924,0.989,-0.005,-0.15,-0.001,-0.4989660058505545,0.04898678579179329,0.9329875788100199
1046,1784635195.9886012,0.053385586195506776,0.07454239510471206,0.255088662594253,-0.003634184809736419,-0.485,0.044,0.923,0.989,-0.004,-0.15,-0.001,-0.487346281686566,0.04517177715480811,0.9248017262396808
1048,1784635196.0079963,0.04702973495476151,0.06210487256715053,0.26428664421369746,-0.0033222457002014204,-0.484,0.043,0.922,0.989,-0.004,-0.149,-0.001,-0.487346281686566,0.04517177715480811,0.9248017262396808
1049,1784635196.0315716,0.05463636901694889,0.07591993122130986,0.2547260960101109,-0.003352944267886882,-0.483,0.042,0.92,0.989,-0.003,-0.149,-0.001,-0.487346281686566,0.04517177715480811,0.9248017262396808
1049,1784635196.047064,0.011262154790465995,0.03820430240221857,0.26590597293739254,-0.0024685671382073974,-0.483,0.041,0.919,0.989,-0.003,-0.148,-0.0,-0.487346281686566,0.04517177715480811,0.9248017262396808
1051,1784635196.0755923,-0.007663468245115934,0.03437336367319994,0.25819209890927164,-0.002163469853231551,-0.482,0.04,0.917,0.989,-0.002,-0.147,-0.0,-0.487346281686566,0.04517177715480811,0.9248017262396808
1051,1784635196.0970128,-0.015447770656468764,0.02297068427673994,0.2646894193615449,-0.0019270672579678096,-0.481,0.04,0.916,0.989,-0.002,-0.146,-0.0,-0.487346281686566,0.04517177715480811,0.9248017262396808
1053,1784635196.1187844,0.03632697536027796,0.057860582430974174,0.25509910676814374,-0.0013403930213762264,-0.481,0.039,0.914,0.989,-0.002,-0.145,-0.0,-0.487346281686566,0.04517177715480811,0.9248017262396808
1053,1784635196.1403193,-0.027650595782344384,0.029011188937191842,0.268721081440515,-0.002161046546266927,-0.48,0.038,0.913,0.99,-0.001,-0.144,-0.0,-0.487346281686566,0.04517177715480811,0.9248017262396808
1055,1784635196.160142,-0.09867780230493692,0.07676756133365571,0.2559307372358081,-0.0023758150488223063,-0.479,0.036,0.91,0.99,-0.001,-0.144,0.0,-0.4807676008337146,0.039362255333886174,0.915260548820646
1055,1784635196.1775193,-0.1908138348291351,0.05115211519674594,0.27911236370931264,-0.00403515877248478,-0.479,0.035,0.908,0.99,-0.001,-0.143,0.0,-0.4807676008337146,0.039362255333886174,0.915260548820646
1057,1784635196.195285,-0.10980548622015088,0.08433517232282489,0.2564926434786982,-0.00208104226344912,-0.479,0.034,0.907,0.99,-0.001,-0.143,0.0,-0.4807676008337146,0.039362255333886174,0.915260548820646
1057,1784635196.2146966,-0.09670605319389904,0.0819586518981077,0.2676755397482298,-0.001441947562628769,-0.478,0.033,0.905,0.99,-0.001,-0.143,0.0,-0.4807676008337146,0.039362255333886174,0.915260548820646
1059,1784635196.2297475,-0.08356913253246345,0.07466727305272669,0.25950416096334555,-0.001215987505341677,-0.478,0.032,0.903,0.99,-0.001,-0.142,0.0,-0.4807676008337146,0.039362255333886174,0.915260548820646
1060,1784635196.2487845,-0.03044618461099142,0.08079794213418559,0.2584304354174355,-0.00018462338240997356,-0.477,0.031,0.901,0.99,-0.001,-0.142,0.0,-0.4807676008337146,0.039362255333886174,0.915260548820646
1061,1784635196.2678816,-0.03285161952793875,0.06551219337919217,0.2633380853824543,-9.676239166860046e-05,-0.477,0.029,0.899,0.99,-0.002,-0.141,-0.0,-0.4807676008337146,0.039362255333886174,0.915260548820646
1062,1784635196.287139,-0.07038460292312089,0.03248787645543101,0.27871143423085704,-0.0013581678036187596,-0.476,0.028,0.896,0.99,-0.003,-0.141,-0.0,-0.4807676008337146,0.039362255333886174,0.915260548820646
1063,1784635196.3080902,-0.035195091345104554,0.05244034121405182,0.26088018715258887,-0.0002807870940508329,-0.476,0.026,0.893,0.99,-0.004,-0.14,-0.0,-0.4807676008337146,0.039362255333886174,0.915260548820646
1064,1784635196.327494,-0.08622730497175453,-0.009466865921192613,0.2848666062066975,-0.0011423889324780833,-0.476,0.025,0.892,0.99,-0.005,-0.139,-0.0,-0.47711393280840253,0.030917978309689086,0.901076549635828
1065,1784635196.347429,-0.024379797933761292,0.026702163798713895,0.2554798187306868,-0.0006091859020647158,-0.475,0.024,0.888,0.99,-0.006,-0.138,-0.001,-0.47711393280840253,0.030917978309689086,0.901076549635828
1066,1784635196.3760476,-0.044752372511569966,0.01673189338230917,0.274857389245189,-0.0007735538708241626,-0.475,0.022,0.886,0.99,-0.006,-0.138,-0.001,-0.47711393280840253,0.030917978309689086,0.901076549635828
1066,1784635196.402809,-0.01623677429059423,0.015516982116387967,0.25844626155505834,-0.00033568160203256085,-0.475,0.022,0.885,0.99,-0.007,-0.137,-0.001,-0.47711393280840253,0.030917978309689086,0.901076549635828
1068,1784635196.4311073,-0.020234286359122874,0.019572079441389216,0.2725394594273049,-5.686286874769512e-05,-0.474,0.021,0.882,0.991,-0.008,-0.137,-0.001,-0.47711393280840253,0.030917978309689086,0.901076549635828
1068,1784635196.4578092,-0.0403691118261819,-0.016896177898771618,0.25624138177764566,-4.6793140812309726e-05,-0.474,0.019,0.879,0.991,-0.008,-0.137,-0.001,-0.4744818471311685,0.02121723463944821,0.8834545529469622
1071,1784635196.4829545,-0.10115282935596104,-0.010744085458836029,0.2855237960644948,-0.00012229269246654073,-0.474,0.018,0.876,0.991,-0.009,-0.136,-0.001,-0.4744818471311685,0.02121723463944821,0.8834545529469622
1071,1784635196.506338,-0.1044203105001141,-0.004108440302366215,0.27537942049676034,-1.254122967681259e-05,-0.473,0.017,0.874,0.991,-0.009,-0.136,-0.001,-0.4744818471311685,0.02121723463944821,0.8834545529469622
1074,1784635196.5281608,-0.026537329564577036,-0.020768289016435536,0.2576368894814548,0.0005434663188015531,-0.473,0.016,0.871,0.991,-0.01,-0.136,-0.001,-0.4744818471311685,0.02121723463944821,0.8834545529469622
1074,1784635196.5520296,-0.023338478450162056,-0.013001058450709879,0.27129714226825014,0.0013123373200580526,-0.473,0.015,0.869,0.991,-0.01,-0.136,-0.001,-0.4744818471311685,0.02121723463944821,0.8834545529469622
1076,1784635196.5779736,-0.02752377099382785,0.02073574731103037,0.272252226930386,0.001795526818566263,-0.473,0.014,0.867,0.991,-0.01,-0.136,-0.001,-0.4744818471311685,0.02121723463944821,0.8834545529469622
1076,1784635196.6017094,0.005115064072748435,-0.0018393620178455243,0.26082047091763033,0.0023187948355245114,-0.472,0.014,0.866,0.991,-0.011,-0.136,-0.001,-0.4744818471311685,0.02121723463944821,0.8834545529469622
1078,1784635196.6301346,0.00834023455590701,0.03403877305069693,0.2793760402087018,0.0025861941436455217,-0.472,0.013,0.864,0.991,-0.011,-0.136,-0.001,-0.4744818471311685,0.02121723463944821,0.8834545529469622
1078,1784635196.6519325,0.022838109733343395,-0.005064058291203051,0.2578448843211177,0.003098226253741736,-0.472,0.013,0.862,0.991,-0.012,-0.136,-0.001,-0.4744818471311685,0.02121723463944821,0.8834545529469622
1081,1784635196.673364,0.06100099873252713,0.009264888135688779,0.2591427021299255,0.0030267100615111496,-0.472,0.012,0.86,0.991,-0.012,-0.136,-0.001,-0.4725808160567928,0.014032875468258012,0.8667328043983321
1081,1784635196.6976204,0.07159279995549286,0.016590747149034496,0.2614514595076968,0.002318674605140068,-0.472,0.012,0.858,0.991,-0.013,-0.136,-0.002,-0.4725808160567928,0.014032875468258012,0.8667328043983321
1083,1784635196.7274973,0.07138067074517888,0.003452220951687089,0.25494740430472246,0.002082477225938153,-0.472,0.012,0.856,0.991,-0.013,-0.136,-0.002,-0.4725808160567928,0.014032875468258012,0.8667328043983321
1083,1784635196.760608,0.06987257204332033,0.018193058740005354,0.26559707741465766,0.0016664801122114378,-0.472,0.012,0.854,0.991,-0.013,-0.136,-0.002,-0.4725808160567928,0.014032875468258012,0.8667328043983321
1086,1784635196.790566,0.054264273787625175,0.05385045749989015,0.26931652998011313,0.0010441381561770156,-0.472,0.012,0.85,0.991,-0.012,-0.136,-0.002,-0.4725808160567928,0.014032875468258012,0.8667328043983321
1086,1784635196.8167486,0.0613228120572543,0.03050102697519328,0.256744637156417,0.002287906862147672,-0.472,0.012,0.848,0.991,-0.012,-0.136,-0.001,-0.4725808160567928,0.014032875468258012,0.8667328043983321
1089,1784635196.8476899,0.14438286058711552,0.041483639766118297,0.2644689361419514,0.002679471793310211,-0.472,0.013,0.845,0.991,-0.011,-0.136,-0.001,-0.47203540559633295,0.01189134799019605,0.8530365715541941
1089,1784635196.8745964,0.14117678103289227,0.023124219842812238,0.25597865910276413,0.0027196207577285915,-0.472,0.014,0.842,0.991,-0.01,-0.135,-0.001,-0.47203540559633295,0.01189134799019605,0.8530365715541941
1092,1784635196.9043686,0.12918724966219886,0.029582668394571042,0.2670039281405445,0.0021275284919373074,-0.472,0.015,0.838,0.991,-0.009,-0.135,-0.001,-0.47203540559633295,0.01189134799019605,0.8530365715541941
1092,1784635196.9303477,0.1213003700849628,0.03303660347243856,0.25935523267928356,0.0016078548700839152,-0.472,0.015,0.835,0.991,-0.008,-0.135,-0.001,-0.47203540559633295,0.01189134799019605,0.8530365715541941
1095,1784635196.9578283,0.10609839670917984,0.035999697656942053,0.27102103996642224,0.0009579690848612913,-0.472,0.016,0.832,0.991,-0.007,-0.134,-0.001,-0.47203540559633295,0.01189134799019605,0.8530365715541941
1095,1784635196.9715016,0.08603042372937766,0.04044478958176016,0.2630731685417659,0.00017126050440405196,-0.472,0.017,0.829,0.991,-0.005,-0.134,-0.001,-0.47203540559633295,0.01189134799019605,0.8530365715541941
1097,1784635196.9874706,0.11025495470810406,0.02397764036506209,0.26951941440460764,0.00025444995205627335,-0.472,0.018,0.826,0.991,-0.004,-0.134,-0.001,-0.4722463288606584,0.01467309875994059,0.8381142868009734
1098,1784635197.0060487,0.09440943339992736,0.05681949791345273,0.28038338904079607,6.192877139550069e-05,-0.472,0.019,0.822,0.991,-0.003,-0.133,-0.0,-0.4722463288606584,0.01467309875994059,0.8381142868009734
1099,1784635197.0269182,0.10690991878342156,0.02350232370563904,0.2655738110643633,0.000948670200183978,-0.472,0.02,0.82,0.991,-0.002,-0.133,-0.0,-0.4722463288606584,0.01467309875994059,0.8381142868009734
1100,1784635197.0471203,0.08449109752201281,0.019992489641223778,0.2688440506636452,0.0007771075588044954,-0.472,0.021,0.817,0.991,-0.0,-0.133,-0.0,-0.4722463288606584,0.01467309875994059,0.8381142868009734
1101,1784635197.0675297,0.09026302711435291,0.018775903772434144,0.26625896978415464,0.0007082389091946356,-0.472,0.022,0.815,0.991,0.0,-0.133,-0.0,-0.4722463288606584,0.01467309875994059,0.8381142868009734
1102,1784635197.0897772,0.06545100882903834,0.05056945400944346,0.28247971389346876,-0.00031811997848992565,-0.472,0.023,0.812,0.991,0.002,-0.132,0.0,-0.4722463288606584,0.01467309875994059,0.8381142868009734
1103,1784635197.1158826,0.1548054963771785,-0.04178244103324136,0.26152156413930694,0.0022539919957657384,-0.473,0.023,0.81,0.991,0.002,-0.132,0.0,-0.47324528472491956,0.020706746286636518,0.8188369731784529
1103,1784635197.1396313,0.14009503176314314,-0.05129330949536779,0.26740410337922554,0.002242772658516425,-0.473,0.024,0.807,0.991,0.003,-0.132,0.0,-0.47324528472491956,0.020706746286636518,0.8188369731784529
1105,1784635197.1565316,0.12445357261991462,-0.0676382600475838,0.2582505201027958,0.0020708448857244587,-0.473,0.025,0.805,0.991,0.004,-0.132,0.0,-0.47324528472491956,0.020706746286636518,0.8188369731784529
1105,1784635197.1730878,0.10669662690434575,-0.060083684197345666,0.2697831160834217,0.0019736288379149846,-0.473,0.025,0.803,0.991,0.005,-0.131,0.001,-0.47324528472491956,0.020706746286636518,0.8188369731784529
1107,1784635197.1894972,0.09629259754968221,-0.052425512603225935,0.26115222832281765,0.0017228812635724459,-0.473,0.026,0.801,0.991,0.006,-0.131,0.001,-0.47324528472491956,0.020706746286636518,0.8188369731784529
1108,1784635197.2084394,0.06312774806580113,-0.03729393879501537,0.2683870361745197,0.0008615031102393764,-0.473,0.026,0.798,0.991,0.008,-0.131,0.001,-0.47324528472491956,0.020706746286636518,0.8188369731784529
1109,1784635197.2268968,0.05002234653187297,-0.01692493211602969,0.26305133966073424,-0.00011756341746091306,-0.474,0.027,0.796,0.991,0.009,-0.132,0.001,-0.47324528472491956,0.020706746286636518,0.8188369731784529
1110,1784635197.255786,-0.05078111705146096,0.07574305893353396,0.2594217562850385,-0.0023291611900577843,-0.474,0.027,0.793,0.991,0.01,-0.132,0.001,-0.47378449926160604,0.02597772228773096,0.8000195515128327
1110,1784635197.2766223,-0.08835137826055017,0.09129329697296962,0.26253144778777177,-0.0035581634232095694,-0.474,0.027,0.791,0.991,0.012,-0.132,0.001,-0.47378449926160604,0.02597772228773096,0.8000195515128327
1112,1784635197.301713,-0.07634501597262275,0.06833145834374112,0.2564977775570594,-0.003854310156353972,-0.474,0.028,0.788,0.991,0.013,-0.133,0.001,-0.47378449926160604,0.02597772228773096,0.8000195515128327
1112,1784635197.322375,-0.0797008915585688,0.06079523707522761,0.2615434401322798,-0.0029269636066357714,-0.474,0.028,0.786,0.991,0.014,-0.133,0.002,-0.47378449926160604,0.02597772228773096,0.8000195515128327
1114,1784635197.346795,-0.08853294726285613,0.06878885314446034,0.26282189936679146,-0.0024641075188552982,-0.475,0.028,0.783,0.991,0.015,-0.133,0.002,-0.47378449926160604,0.02597772228773096,0.8000195515128327
1114,1784635197.367897,-0.07156300149680485,0.04416387328021608,0.25811946993386936,-0.0020280211975919906,-0.475,0.027,0.78,0.991,0.015,-0.133,0.002,-0.47378449926160604,0.02597772228773096,0.8000195515128327
1117,1784635197.3949866,-0.07096732274838045,0.049254725246604326,0.26707101269362565,-0.0015476744433753943,-0.475,0.027,0.778,0.991,0.015,-0.133,0.002,-0.47378449926160604,0.02597772228773096,0.8000195515128327
1117,1784635197.4235425,-0.05519744030920442,0.03233436223932186,0.26135011639979355,-0.0011493535014995475,-0.475,0.027,0.774,0.991,0.014,-0.132,0.002,-0.47378449926160604,0.02597772228773096,0.8000195515128327
1119,1784635197.4508314,-0.1537402885318758,-0.06117637993930937,0.2626760016969837,-0.0029776356777550883,-0.475,0.026,0.77,0.991,0.013,-0.131,0.002,-0.4747315039959191,0.027514414053833734,0.7815592862600795
1119,1784635197.4764233,-0.17589035114926171,-0.05890323253745018,0.2703048426342907,-0.0022079509596725348,-0.475,0.025,0.766,0.991,0.012,-0.13,0.002,-0.4747315039959191,0.027514414053833734,0.7815592862600795
1122,1784635197.5010817,-0.15867797636265787,-0.060657929659757144,0.2599812092225784,-0.0021497350988592054,-0.475,0.024,0.763,0.991,0.011,-0.13,0.002,-0.4747315039959191,0.027514414053833734,0.7815592862600795
1122,1784635197.5232763,-0.1424305988744065,-0.044297320063364926,0.27401966394138116,-0.0022884622161212513,-0.476,0.023,0.76,0.992,0.01,-0.129,0.001,-0.4747315039959191,0.027514414053833734,0.7815592862600795
1124,1784635197.5471077,-0.13111983715701697,-0.03072696788184335,0.26639640930300823,-0.002285101016019844,-0.476,0.023,0.756,0.992,0.009,-0.129,0.001,-0.4747315039959191,0.027514414053833734,0.7815592862600795
1124,1784635197.568526,-0.12737116178295593,0.03589486575010075,0.28349251814987586,-0.001033898459717792,-0.475,0.021,0.753,0.992,0.007,-0.129,0.001,-0.4766048901368656,0.02355564713829656,0.7608909715293141
1127,1784635197.5892663,-0.1527162234874221,-0.007374914517111551,0.26537804030218787,-0.002119473728835578,-0.475,0.021,0.75,0.992,0.006,-0.13,0.001,-0.4766048901368656,0.02355564713829656,0.7608909715293141
1127,1784635197.6095598,-0.12022949872202551,-0.010787937638014939,0.26839627304600017,-0.0018293543404517328,-0.475,0.02,0.747,0.991,0.004,-0.13,0.001,-0.4766048901368656,0.02355564713829656,0.7608909715293141
1129,1784635197.6331441,-0.07445955716170313,0.061718073785667286,0.2809937684566285,-0.0003303744994196899,-0.475,0.019,0.744,0.991,0.002,-0.131,0.0,-0.4766048901368656,0.02355564713829656,0.7608909715293141
1129,1784635197.654593,-0.10443231928240097,-0.0033542259821567957,0.2652394371859562,-0.0013852466788240722,-0.475,0.018,0.741,0.991,0.0,-0.131,0.0,-0.4766048901368656,0.02355564713829656,0.7608909715293141
1131,1784635197.6759803,-0.0416573087653926,0.03294954150990097,0.2824176266190817,-0.0002844386896630137,-0.475,0.017,0.738,0.991,-0.002,-0.131,-0.0,-0.4766048901368656,0.02355564713829656,0.7608909715293141
1131,1784635197.6967225,-0.036531854216097864,0.0033408208072453413,0.27779908175560003,0.0001340557859725671,-0.475,0.016,0.735,0.991,-0.003,-0.131,-0.0,-0.4766048901368656,0.02355564713829656,0.7608909715293141
1133,1784635197.717431,-0.04928747345663827,-0.029959645904950268,0.27217752361360353,0.0009200394479639653,-0.475,0.015,0.734,0.991,-0.004,-0.131,-0.0,-0.47512011015950306,0.017069883076358223,0.7397959368474682
1133,1784635197.7371843,-0.07395391833539307,-0.06953509519461706,0.25824086006109365,-0.00044414765791544607,-0.475,0.014,0.732,0.991,-0.006,-0.131,-0.001,-0.47512011015950306,0.017069883076358223,0.7397959368474682
1135,1784635197.7610478,-0.06215849328077505,-0.07187324505291377,0.26745787560708667,-0.0006245553486920001,-0.475,0.014,0.731,0.991,-0.007,-0.131,-0.001,-0.47512011015950306,0.017069883076358223,0.7397959368474682
1135,1784635197.7795258,-0.07310234775475323,-0.07731667926018979,0.25612034438973663,-0.000467989628158655,-0.475,0.013,0.728,0.991,-0.008,-0.131,-0.001,-0.47512011015950306,0.017069883076358223,0.7397959368474682
1137,1784635197.7982347,-0.05728074728095699,-0.06796923751966723,0.26785944075139523,4.80777811018607e-05,-0.474,0.012,0.727,0.991,-0.009,-0.131,-0.001,-0.47512011015950306,0.017069883076358223,0.7397959368474682
1137,1784635197.8162463,-0.051022585937045686,-0.06172286664316444,0.2588057689541268,0.0006219547124595898,-0.474,0.012,0.725,0.991,-0.01,-0.131,-0.001,-0.47512011015950306,0.017069883076358223,0.7397959368474682
1139,1784635197.8353915,-0.027769604889621095,-0.014504222752657926,0.2750399634560311,0.0014574826030208047,-0.474,0.012,0.723,0.991,-0.01,-0.131,-0.001,-0.47512011015950306,0.017069883076358223,0.7397959368474682
1139,1784635197.8531487,-0.008046650188832188,0.0034478338514517537,0.26600376711416573,0.002411535566425863,-0.474,0.012,0.722,0.991,-0.011,-0.131,-0.001,-0.47512011015950306,0.017069883076358223,0.7397959368474682
1141,1784635197.866667,0.09111698901373,0.02056274014426204,0.25094972873240184,0.0030468752347113624,-0.474,0.011,0.721,0.991,-0.011,-0.132,-0.001,-0.47421410299840494,0.012003465589962282,0.7245340104296152
1141,1784635197.8895922,0.16347075677201817,0.09995862966221054,0.27400919927741635,0.002837118535391402,-0.474,0.011,0.719,0.991,-0.012,-0.133,-0.001,-0.47421410299840494,0.012003465589962282,0.7245340104296152
1143,1784635197.9109135,0.1619553002688335,0.09825088153481946,0.2587141646654739,0.0035508468588271273,-0.474,0.011,0.718,0.991,-0.012,-0.133,-0.001,-0.47421410299840494,0.012003465589962282,0.7245340104296152
1144,1784635197.9328823,0.13281239087131155,0.04837395729162414,0.25997041901198903,0.004354161840168121,-0.473,0.011,0.716,0.991,-0.013,-0.134,-0.001,-0.47421410299840494,0.012003465589962282,0.7245340104296152
1144,1784635197.9522505,0.14916494788613388,0.06730532219121,0.2673845212592096,0.004378809871994287,-0.473,0.012,0.715,0.991,-0.013,-0.134,-0.001,-0.47421410299840494,0.012003465589962282,0.7245340104296152
1146,1784635197.9740798,0.11144502599787186,0.015052365622511998,0.2508563753902573,0.00478639896523899,-0.473,0.012,0.714,0.991,-0.013,-0.134,-0.001,-0.47421410299840494,0.012003465589962282,0.7245340104296152
1146,1784635197.9930956,0.08928751146155993,-0.0014357883864611967,0.266842484334011,0.004456342658991615,-0.473,0.012,0.712,0.991,-0.012,-0.134,-0.001,-0.47421410299840494,0.012003465589962282,0.7245340104296152
1148,1784635198.0121102,0.07015776750844546,-0.030568773447596936,0.25487978277380063,0.004141117410614528,-0.473,0.013,0.711,0.991,-0.011,-0.133,-0.001,-0.47421410299840494,0.012003465589962282,0.7245340104296152
1148,1784635198.0314307,0.16829748135124975,-0.08954777967083039,0.2684321246932274,0.004731269249603352,-0.472,0.013,0.71,0.991,-0.01,-0.133,-0.001,-0.4742104216357939,0.011946747450100176,0.7143299604277518
1150,1784635198.050808,0.14487349671116467,-0.1282247490856691,0.2681525320010695,0.005281488466299519,-0.472,0.014,0.708,0.991,-0.009,-0.132,-0.001,-0.4742104216357939,0.011946747450100176,0.7143299604277518
1151,1784635198.0715923,0.12769509634910767,-0.10965072974371741,0.26967641956681887,0.0051371219451314286,-0.472,0.014,0.707,0.991,-0.007,-0.132,-0.001,-0.4742104216357939,0.011946747450100176,0.7143299604277518
1152,1784635198.0894947,0.16555100931237765,-0.07608023732114273,0.2591666306927157,0.004599391253075522,-0.471,0.015,0.705,0.991,-0.006,-0.132,-0.001,-0.4742104216357939,0.011946747450100176,0.7143299604277518
1153,1784635198.107929,0.1322423352592501,-0.051462142125770244,0.26725917160275225,0.003379467927865494,-0.471,0.016,0.703,0.991,-0.004,-0.132,-0.001,-0.4742104216357939,0.011946747450100176,0.7143299604277518
1154,1784635198.1264853,0.14514328081146866,-0.05110409668809876,0.25803692378021614,0.003944519237101252,-0.47,0.016,0.702,0.991,-0.003,-0.132,-0.0,-0.4742104216357939,0.011946747450100176,0.7143299604277518
1155,1784635198.1470518,0.16610674612704202,-0.09535917003600386,0.2674123848176192,0.0038207647917713203,-0.47,0.017,0.699,0.991,-0.001,-0.133,-0.0,-0.4712132808039805,0.016320619585387677,0.7025317683353778
1156,1784635198.16784,0.13791208234896743,-0.07123346036507791,0.263540453781469,0.0029592062787092695,-0.469,0.018,0.698,0.991,0.001,-0.134,-0.0,-0.4712132808039805,0.016320619585387677,0.7025317683353778
1157,1784635198.193321,0.07815310296259012,-0.020962714504967714,0.27625256656913183,0.0009109697752022875,-0.469,0.018,0.697,0.991,0.002,-0.134,0.0,-0.4712132808039805,0.016320619585387677,0.7025317683353778
1157,1784635198.218583,0.17404092301763366,-0.08785038465884551,0.25766667110510855,0.0018624584392304489,-0.468,0.019,0.696,0.991,0.003,-0.135,0.0,-0.4712132808039805,0.016320619585387677,0.7025317683353778
1159,1784635198.2425225,0.06969057622564886,-0.0065629213579259105,0.28122095852950646,0.001044939700732419,-0.468,0.019,0.694,0.991,0.005,-0.136,0.0,-0.4712132808039805,0.016320619585387677,0.7025317683353778
1159,1784635198.2655692,0.10983570513152363,-0.046304444908619666,0.2628169346126675,0.0017368690228620914,-0.467,0.02,0.692,0.991,0.007,-0.137,0.001,-0.4712132808039805,0.016320619585387677,0.7025317683353778
1161,1784635198.2911026,0.007185570016256554,0.0016752487035886637,0.2756019512809447,0.0005664737931192435,-0.467,0.02,0.691,0.99,0.009,-0.138,0.001,-0.4712132808039805,0.016320619585387677,0.7025317683353778
1161,1784635198.3182306,0.061006884708809744,-0.03745395208531027,0.2617035296535554,0.0003362396192141087,-0.466,0.021,0.689,0.99,0.011,-0.139,0.001,-0.4712132808039805,0.016320619585387677,0.7025317683353778
1164,1784635198.3423426,0.03854480112868743,-0.047819726831630785,0.26725536900851665,-0.00027938787114258545,-0.466,0.021,0.688,0.99,0.013,-0.139,0.001,-0.4712132808039805,0.016320619585387677,0.7025317683353778
1164,1784635198.3677216,-0.062384808865934276,0.05223907003459459,0.2574333110614927,-0.0021757638075361064,-0.465,0.021,0.687,0.99,0.014,-0.14,0.002,-0.4670412157840802,0.02043828362763997,0.6911353596865396
1167,1784635198.3951235,-0.0970483028369584,0.05416578745070124,0.259218902228088,-0.0038019878061834296,-0.465,0.021,0.686,0.99,0.015,-0.14,0.002,-0.4670412157840802,0.02043828362763997,0.6911353596865396
1167,1784635198.413153,-0.102803585647859,0.05721044856628284,0.25784225150611084,-0.004321897217542661,-0.465,0.02,0.684,0.99,0.016,-0.14,0.002,-0.4670412157840802,0.02043828362763997,0.6911353596865396
1169,1784635198.4299085,-0.09984082882548813,0.053927260082736746,0.25903924609499257,-0.004553728301370203,-0.465,0.02,0.684,0.99,0.016,-0.14,0.002,-0.4670412157840802,0.02043828362763997,0.6911353596865396
1170,1784635198.4483404,-0.09664466035383742,0.04961127878659388,0.2585648078781492,-0.004646032223557072,-0.465,0.019,0.683,0.99,0.016,-0.14,0.002,-0.4670412157840802,0.02043828362763997,0.6911353596865396
1171,1784635198.4689312,-0.09247473406542464,0.04474109559154767,0.2594634121770611,-0.004608569264496202,-0.464,0.018,0.682,0.99,0.016,-0.14,0.002,-0.4670412157840802,0.02043828362763997,0.6911353596865396
1172,1784635198.4889202,-0.1901579309151567,0.027694816585326167,0.26371251178870414,-0.006459110002431619,-0.464,0.018,0.681,0.99,0.016,-0.14,0.002,-0.4647717376079612,0.019481251980654674,0.6834944915990115
1173,1784635198.5110173,-0.23204535328203035,0.027477753829463398,0.2612302840711253,-0.005750692969450175,-0.464,0.017,0.68,0.99,0.015,-0.14,0.002,-0.4647717376079612,0.019481251980654674,0.6834944915990115
1174,1784635198.5290766,-0.20148480992474577,0.012428010525172811,0.2664681367368134,-0.005223174926821453,-0.464,0.016,0.678,0.99,0.014,-0.139,0.002,-0.4647717376079612,0.019481251980654674,0.6834944915990115
1175,1784635198.5492685,-0.19755809176515354,0.016975826585971646,0.2605386532620344,-0.004397401154530247,-0.464,0.015,0.677,0.99,0.013,-0.139,0.002,-0.4647717376079612,0.019481251980654674,0.6834944915990115
1176,1784635198.5705757,-0.17610192947827863,0.004302956759664403,0.26821273908064763,-0.004789333900380157,-0.464,0.013,0.676,0.99,0.012,-0.138,0.001,-0.4647717376079612,0.019481251980654674,0.6834944915990115
1177,1784635198.5879633,-0.18183438666704393,0.008551915221216922,0.25994476656232435,-0.004859507799266199,-0.464,0.013,0.675,0.99,0.011,-0.138,0.001,-0.4647717376079612,0.019481251980654674,0.6834944915990115
1178,1784635198.6099496,-0.14630647029145993,0.010986988252550716,0.2697882993354729,-0.0041940564954223315,-0.464,0.011,0.673,0.99,0.009,-0.138,0.001,-0.4647717376079612,0.019481251980654674,0.6834944915990115
1179,1784635198.6318104,-0.13610534429142307,0.016954292788871814,0.2627112044122242,-0.003379867764547949,-0.464,0.01,0.672,0.99,0.007,-0.138,0.001,-0.4647717376079612,0.019481251980654674,0.6834944915990115
1180,1784635198.6507108,-0.12570224233157007,0.007948617913203133,0.26594485719916633,-0.002602085704404215,-0.463,0.008,0.67,0.991,0.004,-0.137,0.001,-0.4647717376079612,0.019481251980654674,0.6834944915990115
1181,1784635198.672997,-0.06494422725069725,0.011480614521340827,0.26310283352756453,-0.0018562443862454965,-0.463,0.007,0.669,0.991,0.002,-0.137,0.0,-0.4638393063375301,0.012331977769582187,0.6746082127442097
1181,1784635198.6913512,-0.056262947088992946,0.013073054027296206,0.26566419803131264,-0.0013919042863279698,-0.463,0.006,0.668,0.991,0.0,-0.137,0.0,-0.4638393063375301,0.012331977769582187,0.6746082127442097
1183,1784635198.7127957,-0.03918977691862589,0.015597904089774127,0.2640688491714956,-0.0007295990016751752,-0.463,0.005,0.666,0.991,-0.002,-0.137,-0.0,-0.4638393063375301,0.012331977769582187,0.6746082127442097
1183,1784635198.7313433,-0.046392991200207276,0.01246809235607178,0.26238187488253284,-0.00032487970394479366,-0.463,0.004,0.665,0.991,-0.003,-0.137,-0.0,-0.4638393063375301,0.012331977769582187,0.6746082127442097
1185,1784635198.7494009,-0.03656752881807749,0.01802617296683555,0.2670840470605734,-0.0007484378742041002,-0.463,0.002,0.663,0.991,-0.005,-0.137,-0.001,-0.4638393063375301,0.012331977769582187,0.6746082127442097
1185,1784635198.7687428,-0.03788470457011968,0.02061503358640215,0.2637482668464084,-0.0007022916759535405,-0.463,0.001,0.662,0.991,-0.007,-0.137,-0.001,-0.4638393063375301,0.012331977769582187,0.6746082127442097
1187,1784635198.788309,-0.014715199152122483,0.032335615317019235,0.2599553682610652,0.0006067221743256312,-0.462,-0.0,0.66,0.991,-0.008,-0.137,-0.001,-0.46285521279923114,0.0019389432403646434,0.6629740980645632
1188,1784635198.8113055,-0.026482206467254302,0.03910427270915554,0.2663068851131635,0.0011841329451613635,-0.462,-0.002,0.658,0.991,-0.009,-0.137,-0.001,-0.46285521279923114,0.0019389432403646434,0.6629740980645632
1188,1784635198.8294764,-0.07866746557114174,0.057094043867214665,0.2710099129333458,0.0009269440053010423,-0.462,-0.002,0.657,0.991,-0.009,-0.137,-0.001,-0.46285521279923114,0.0019389432403646434,0.6629740980645632
1190,1784635198.8514397,-0.03452685925532791,0.03377378680249763,0.2584972100699735,0.0017046564397722648,-0.462,-0.003,0.655,0.991,-0.01,-0.136,-0.001,-0.46285521279923114,0.0019389432403646434,0.6629740980645632
1191,1784635198.8676348,-0.028361196090351294,0.029864910538134712,0.26813547536471827,0.0021133183652585555,-0.462,-0.004,0.654,0.991,-0.01,-0.136,-0.001,-0.46285521279923114,0.0019389432403646434,0.6629740980645632
1192,1784635198.8902817,-0.014126997816645559,0.023728898431717448,0.30597741072309964,0.0023807902055016034,-0.462,-0.005,0.652,0.991,-0.01,-0.136,-0.001,-0.46285521279923114,0.0019389432403646434,0.6629740980645632
1193,1784635198.9081032,-0.03413010460341996,0.034688239351368194,0.32157174283807877,0.002223710968946099,-0.462,-0.006,0.65,0.991,-0.01,-0.136,-0.001,-0.46285521279923114,0.0019389432403646434,0.6629740980645632
1194,1784635198.9263246,0.01686061263223164,0.011855228806150114,0.3092080664960117,0.0029135190444323986,-0.462,-0.006,0.649,0.991,-0.011,-0.135,-0.001,-0.46285521279923114,0.0019389432403646434,0.6629740980645632
1195,1784635198.9485743,0.018840699479906707,0.01146276115856524,0.31056468805039916,0.003212836125005695,-0.462,-0.006,0.647,0.991,-0.011,-0.135,-0.001,-0.46285521279923114,0.0019389432403646434,0.6629740980645632
1196,1784635198.9689696,0.026742536901173144,0.0051034976239127975,0.3060912221070945,0.003448159782171051,-0.462,-0.007,0.646,0.991,-0.011,-0.135,-0.001,-0.46285521279923114,0.0019389432403646434,0.6629740980645632
1197,1784635198.9883828,0.06039418633293228,0.008909800881283163,0.2948660399868467,0.0024476168008434763,-0.462,-0.007,0.646,0.991,-0.011,-0.135,-0.002,-0.4620116874560024,-0.005177899781692613,0.650985535188254
1198,1784635199.0100598,0.06677727342768922,-0.009406584344651029,0.28872983039984595,0.002000496752490657,-0.462,-0.007,0.646,0.991,-0.011,-0.134,-0.002,-0.4620116874560024,-0.005177899781692613,0.650985535188254
1199,1784635199.0312388,0.06681122275503223,-0.012251105721995737,0.28635767602590173,0.0016198445305544366,-0.463,-0.007,0.647,0.991,-0.011,-0.134,-0.002,-0.4620116874560024,-0.005177899781692613,0.650985535188254
1200,1784635199.0495448,0.0677328842661333,-0.015773159039893635,0.2848889332179315,0.0014240069684377395,-0.463,-0.007,0.648,0.991,-0.011,-0.134,-0.002,-0.4620116874560024,-0.005177899781692613,0.650985535188254
1201,1784635199.0676198,0.07623854016798383,-0.04515811513047392,0.2749369109659355,0.001562967082220849,-0.463,-0.006,0.652,0.991,-0.011,-0.134,-0.002,-0.4620116874560024,-0.005177899781692613,0.650985535188254
1202,1784635199.0876215,0.07210286066052926,-0.037009946775293505,0.2770897658305914,0.0014829135857470695,-0.463,-0.006,0.653,0.991,-0.011,-0.134,-0.002,-0.4620116874560024,-0.005177899781692613,0.650985535188254
1203,1784635199.1095552,0.16413981902034636,-0.021408132543861955,0.23372845080137378,0.0002997721719809154,-0.463,-0.005,0.656,0.991,-0.01,-0.134,-0.002,-0.4627832405090716,-0.006643792481416229,0.6487776844320625
1204,1784635199.131363,0.16647808287216562,0.015936947545179773,0.27149941378525894,-0.0008360106764812895,-0.463,-0.005,0.657,0.991,-0.01,-0.134,-0.002,-0.4627832405090716,-0.006643792481416229,0.6487776844320625
1205,1784635199.1526823,0.17210242294638056,0.0020691647042907386,0.23690659924950805,0.0008052065150898154,-0.463,-0.004,0.66,0.991,-0.01,-0.134,-0.001,-0.4627832405090716,-0.006643792481416229,0.6487776844320625
1205,1784635199.1707482,0.15263129044428525,-0.025669405536811005,0.2569040319532555,0.0024022078414117328,-0.463,-0.004,0.663,0.991,-0.009,-0.134,-0.001,-0.4627832405090716,-0.006643792481416229,0.6487776844320625
1207,1784635199.1905074,0.14601444709673128,-0.026633374757227712,0.2417650073511508,0.0026847370535257784,-0.463,-0.003,0.665,0.991,-0.008,-0.134,-0.001,-0.4627832405090716,-0.006643792481416229,0.6487776844320625
1208,1784635199.211439,0.13103299556275502,-0.0005119550294524836,0.2591772368364163,0.0018074031783392017,-0.463,-0.002,0.668,0.991,-0.007,-0.135,-0.001,-0.4627832405090716,-0.006643792481416229,0.6487776844320625
1209,1784635199.229502,0.1163492766112,-0.020107607046822434,0.2418009519377928,0.001946617708555308,-0.462,-0.002,0.67,0.991,-0.006,-0.135,-0.001,-0.4627832405090716,-0.006643792481416229,0.6487776844320625
1210,1784635199.2550693,0.07021266476073468,-0.08185827050098224,0.24314103871819487,0.0032541361697011003,-0.462,-0.001,0.672,0.991,-0.004,-0.135,-0.001,-0.4627832405090716,-0.006643792481416229,0.6487776844320625
1210,1784635199.2673829,0.08359189282053804,-0.03057727319696041,0.25563446541129126,0.0016865357415035745,-0.462,-0.0,0.674,0.991,-0.003,-0.135,-0.001,-0.4627832405090716,-0.006643792481416229,0.6487776844320625
1212,1784635199.2877975,0.030154371202972596,-0.05950616087502092,0.250991823088322,0.0005732123739724971,-0.461,0.001,0.678,0.991,-0.0,-0.135,-0.0,-0.46139201420649123,-0.002393428198537483,0.6667895963874736
1213,1784635199.3073478,0.069252748326155,0.015221133540501128,0.2690975703982952,-0.001992104534571823,-0.461,0.002,0.679,0.991,0.001,-0.135,-0.0,-0.46139201420649123,-0.002393428198537483,0.6667895963874736
1214,1784635199.3318012,0.07469823762923983,0.02748529690976722,0.25457210125723106,-0.002958236970106092,-0.461,0.002,0.68,0.991,0.002,-0.136,0.0,-0.46139201420649123,-0.002393428198537483,0.6667895963874736
1215,1784635199.3480272,0.06867998410886053,0.034634156618942646,0.2656585816351223,-0.0037639429234573103,-0.461,0.003,0.682,0.991,0.003,-0.136,0.0,-0.46139201420649123,-0.002393428198537483,0.6667895963874736
1216,1784635199.3707337,0.06935415998521141,0.03498044217876748,0.2574553074854379,-0.004413993020827078,-0.46,0.004,0.683,0.991,0.004,-0.136,0.0,-0.46139201420649123,-0.002393428198537483,0.6667895963874736
1217,1784635199.40489,0.053155236696750284,0.005082145357288813,0.2555824698018393,-0.0036751167671730377,-0.46,0.004,0.684,0.991,0.005,-0.137,0.0,-0.46139201420649123,-0.002393428198537483,0.6667895963874736
1217,1784635199.4321163,0.03154406271785073,0.022622327307145532,0.2629350730526801,-0.0040876605049957266,-0.46,0.005,0.686,0.991,0.007,-0.137,0.001,-0.46139201420649123,-0.002393428198537483,0.6667895963874736
1220,1784635199.4598734,0.01400569670693013,-0.009208076107553208,0.2525641069977169,-0.0031062976990348153,-0.459,0.006,0.688,0.991,0.007,-0.137,0.001,-0.46139201420649123,-0.002393428198537483,0.6667895963874736
1220,1784635199.4853706,-0.0002654756109346304,0.0031560731134867223,0.25661830197648455,-0.0040428605329158466,-0.459,0.006,0.689,0.991,0.008,-0.136,0.001,-0.4599984881208243,0.003223134037802163,0.6817645315947667
1222,1784635199.5164413,-0.011079335887760004,0.0060997848301533025,0.25356812333796713,-0.00469819689959371,-0.459,0.006,0.69,0.991,0.009,-0.136,0.001,-0.4599984881208243,0.003223134037802163,0.6817645315947667
1222,1784635199.549591,-0.015314003788548788,0.014214426787802858,0.2563018007381714,-0.005182179105145613,-0.459,0.006,0.691,0.991,0.009,-0.136,0.001,-0.4599984881208243,0.003223134037802163,0.6817645315947667
1226,1784635199.5794787,-0.04297172839562986,0.010851287113806342,0.2518341296848453,-0.005522911059082372,-0.459,0.006,0.692,0.991,0.009,-0.136,0.001,-0.4599984881208243,0.003223134037802163,0.6817645315947667
1226,1784635199.6115723,-0.05395450127834341,0.07566545030092621,0.2421780578113599,-0.004208681229229546,-0.46,0.005,0.692,0.991,0.01,-0.136,0.001,-0.4588873094229273,0.005900395203926118,0.6898779270447335
1229,1784635199.6350138,-0.09941634894498916,0.07479636440447429,0.24844526896308922,-0.004003697976205835,-0.46,0.005,0.693,0.991,0.01,-0.136,0.001,-0.4588873094229273,0.005900395203926118,0.6898779270447335
1229,1784635199.657807,-0.10448493681440091,0.07449922569171322,0.24577557374060924,-0.0035175773019151544,-0.46,0.004,0.693,0.991,0.01,-0.136,0.001,-0.4588873094229273,0.005900395203926118,0.6898779270447335
1231,1784635199.6835334,-0.062133198255545766,0.06324011492096966,0.25003517758596916,-0.0025560765714304047,-0.46,0.004,0.693,0.991,0.009,-0.135,0.001,-0.4588873094229273,0.005900395203926118,0.6898779270447335
1231,1784635199.7053475,-0.061959411117620176,0.058335720922358676,0.248882169880395,-0.0022332646135386548,-0.46,0.003,0.692,0.991,0.009,-0.135,0.001,-0.4588873094229273,0.005900395203926118,0.6898779270447335
1233,1784635199.730196,-0.03996113938318491,0.04858699442940312,0.2502248360129898,-0.0018012993463321246,-0.46,0.002,0.691,0.991,0.008,-0.134,0.001,-0.4588873094229273,0.005900395203926118,0.6898779270447335
1233,1784635199.7516506,-0.1373972660229363,-0.00016088910521687427,0.2828271911468466,-0.001791784255679694,-0.459,0.001,0.69,0.991,0.008,-0.134,0.001,-0.4596679484965944,0.0036378201449522134,0.6927826267135642
1236,1784635199.772473,-0.14329707068750602,-0.004991879698049918,0.2689225591629622,-0.0003215383158665377,-0.459,-0.0,0.688,0.991,0.007,-0.133,0.001,-0.4596679484965944,0.0036378201449522134,0.6927826267135642
1236,1784635199.799729,-0.13995076176408316,-0.04266945713413382,0.28353035975657953,0.00011274638996600582,-0.459,-0.001,0.687,0.991,0.006,-0.133,0.001,-0.4596679484965944,0.0036378201449522134,0.6927826267135642
1238,1784635199.8253274,-0.1170888238438661,-0.01826830449393912,0.27067305880007475,0.0012218882183673296,-0.459,-0.002,0.685,0.991,0.005,-0.132,0.001,-0.4596679484965944,0.0036378201449522134,0.6927826267135642
1238,1784635199.8481693,-0.10343584549278935,-0.023124226271080964,0.2732725013454148,0.0022626061595903317,-0.458,-0.003,0.683,0.991,0.004,-0.132,0.001,-0.4596679484965944,0.0036378201449522134,0.6927826267135642
1241,1784635199.8736703,-0.08994875830877185,-0.0222687300492007,0.2699742084746023,0.0031735621180706136,-0.458,-0.004,0.681,0.991,0.003,-0.131,0.001,-0.4596679484965944,0.0036378201449522134,0.6927826267135642
1241,1784635199.8973303,-0.0924018392406667,-0.06745785919091762,0.2818304406649619,0.002353770437306018,-0.458,-0.006,0.679,0.991,0.001,-0.131,0.001,-0.458449990167736,-0.0025821520651776874,0.6837322804041186
1243,1784635199.917465,-0.0830258880564911,-0.06613826344740156,0.28197239954489495,0.0017054179350778009,-0.457,-0.006,0.678,0.991,-0.0,-0.131,0.0,-0.458449990167736,-0.0025821520651776874,0.6837322804041186
1243,1784635199.9334776,-0.07453416146389778,-0.06104767739086972,0.27896630147119983,0.002109802986822268,-0.457,-0.007,0.677,0.991,-0.002,-0.131,0.0,-0.458449990167736,-0.0025821520651776874,0.6837322804041186
1245,1784635199.9479785,-0.0511492941358334,-0.05510517397072531,0.28846734579348177,0.002002143865299579,-0.456,-0.008,0.676,0.991,-0.002,-0.131,0.0,-0.458449990167736,-0.0025821520651776874,0.6837322804041186
1246,1784635199.9689384,-0.030750471165166743,-0.0329022258605949,0.28735500168637745,0.002163928552211932,-0.456,-0.009,0.675,0.991,-0.004,-0.132,-0.0,-0.458449990167736,-0.0025821520651776874,0.6837322804041186
1247,1784635199.9904704,-0.0419170546016025,-0.0457505860750218,0.2784209260610567,0.0031265904559344138,-0.456,-0.01,0.674,0.991,-0.005,-0.132,-0.0,-0.458449990167736,-0.0025821520651776874,0.6837322804041186
1248,1784635200.0114985,-0.029217838027095114,-0.04094781659722682,0.27846035900926486,0.003826019625322199,-0.455,-0.01,0.673,0.991,-0.006,-0.132,-0.0,-0.458449990167736,-0.0025821520651776874,0.6837322804041186
1249,1784635200.0278137,-0.035747111963028474,0.010752237883650581,0.24031858473919543,0.0024815422955109623,-0.455,-0.011,0.673,0.991,-0.007,-0.133,-0.001,-0.4558211730794345,-0.009545560661693049,0.6740868244112108
1250,1784635200.0473986,-0.027091974378930024,0.009669804488232493,0.25814726407985716,0.0023075483291773212,-0.454,-0.012,0.673,0.991,-0.008,-0.134,-0.001,-0.4558211730794345,-0.009545560661693049,0.6740868244112108
1251,1784635200.0718436,-0.03698600740983308,0.006300358119857295,0.24411795225296992,0.0015941561440865628,-0.454,-0.012,0.673,0.991,-0.008,-0.134,-0.001,-0.4558211730794345,-0.009545560661693049,0.6740868244112108
1252,1784635200.0904844,-0.022993148453147656,0.0005133578999266045,0.2554567951228289,0.0014868527458705607,-0.454,-0.012,0.672,0.991,-0.009,-0.134,-0.001,-0.4558211730794345,-0.009545560661693049,0.6740868244112108
1253,1784635200.1188257,-0.025390741679570228,0.004565069999549123,0.24718942783883638,0.0014462438763918842,-0.453,-0.013,0.672,0.991,-0.009,-0.135,-0.001,-0.4558211730794345,-0.009545560661693049,0.6740868244112108
1253,1784635200.1407,-0.011381030145278501,0.005132110498905636,0.2539415560980801,0.0018600655848963591,-0.453,-0.013,0.672,0.991,-0.01,-0.135,-0.001,-0.4558211730794345,-0.009545560661693049,0.6740868244112108
1255,1784635200.1606083,-0.00404812273905035,-0.0032971983923415025,0.25090441395530605,0.0019489345351298127,-0.452,-0.013,0.672,0.991,-0.01,-0.135,-0.001,-0.4558211730794345,-0.009545560661693049,0.6740868244112108
1255,1784635200.1795096,0.02635405078814662,-0.024151307282558578,0.26054697030813234,0.002079256596335066,-0.452,-0.013,0.671,0.991,-0.01,-0.135,-0.001,-0.4558211730794345,-0.009545560661693049,0.6740868244112108
1257,1784635200.2001226,0.05201751458827108,0.02092727812699801,0.24232560941258138,0.00160330319260466,-0.451,-0.013,0.67,0.991,-0.01,-0.135,-0.001,-0.4528192973891688,-0.012777149392287069,0.6721293812993603
1257,1784635200.218364,0.06961176731455385,0.026124443870719924,0.25760889633804834,0.0017421975014364846,-0.451,-0.012,0.669,0.991,-0.011,-0.135,-0.001,-0.4528192973891688,-0.012777149392287069,0.6721293812993603
1259,1784635200.2355072,0.061295619585441254,0.035468016400558265,0.2438016866871778,0.0016952774721491792,-0.451,-0.012,0.668,0.991,-0.011,-0.135,-0.001,-0.4528192973891688,-0.012777149392287069,0.6721293812993603
1259,1784635200.2526302,0.057061983211441514,0.03646414744251762,0.253778269199474,0.0016584632754800858,-0.45,-0.012,0.667,0.991,-0.011,-0.135,-0.001,-0.4528192973891688,-0.012777149392287069,0.6721293812993603
1261,1784635200.2697766,0.07393897735147037,0.031221518323376676,0.25207117012868135,0.001900989651845019,-0.45,-0.012,0.666,0.991,-0.011,-0.135,-0.001,-0.4528192973891688,-0.012777149392287069,0.6721293812993603
1262,1784635200.2902997,0.07410194619236155,0.029457484123813514,0.2559102401608712,0.0020121861105795347,-0.449,-0.011,0.663,0.991,-0.011,-0.135,-0.001,-0.4528192973891688,-0.012777149392287069,0.6721293812993603
1263,1784635200.3117309,0.05513850688308127,0.033936123776498656,0.24958148285836873,0.0016401963274579455,-0.448,-0.011,0.662,0.991,-0.01,-0.135,-0.001,-0.4528192973891688,-0.012777149392287069,0.6721293812993603
1264,1784635200.3310554,0.054757531381722686,0.031211348702522495,0.25593309687253024,0.0015354315382578388,-0.447,-0.01,0.659,0.991,-0.01,-0.135,-0.001,-0.4528192973891688,-0.012777149392287069,0.6721293812993603
1265,1784635200.3468447,0.05534765467206436,0.03235590474097652,0.25212664675309365,0.0014850078744161823,-0.447,-0.009,0.656,0.991,-0.01,-0.135,-0.001,-0.4528192973891688,-0.012777149392287069,0.6721293812993603
1266,1784635200.3675508,0.15391286866426412,-0.06466462714106719,0.2958212866423235,0.004536236054030552,-0.446,-0.008,0.653,0.991,-0.009,-0.134,-0.001,-0.4500945468810168,-0.010974564885804759,0.6637666613778076
1267,1784635200.3863432,0.15718957136703027,-0.039823581193639504,0.29278296653128544,0.003766574159229889,-0.445,-0.008,0.65,0.991,-0.008,-0.134,-0.001,-0.4500945468810168,-0.010974564885804759,0.6637666613778076
1268,1784635200.4075503,0.15724368557821652,-0.04546309611455292,0.3042702030380121,0.003499662402020683,-0.444,-0.007,0.647,0.991,-0.008,-0.134,-0.001,-0.4500945468810168,-0.010974564885804759,0.6637666613778076
1269,1784635200.4267757,0.13617042270316312,-0.03370827814245501,0.29424723445013545,0.0029537515728161757,-0.444,-0.006,0.644,0.991,-0.007,-0.134,-0.001,-0.4500945468810168,-0.010974564885804759,0.6637666613778076
1270,1784635200.4504583,0.11977704275854725,-0.03876885316128981,0.30084928698972885,0.0025864738424444715,-0.443,-0.005,0.642,0.991,-0.006,-0.134,-0.001,-0.4500945468810168,-0.010974564885804759,0.6637666613778076
1271,1784635200.4694135,0.10560744551738334,-0.040623192635912936,0.300029595988859,0.002241287397380328,-0.442,-0.004,0.64,0.991,-0.005,-0.134,-0.001,-0.4500945468810168,-0.010974564885804759,0.6637666613778076
1272,1784635200.4885416,0.10288481317255428,-0.03661943905131856,0.29302271286073595,0.0015312029298111653,-0.442,-0.004,0.639,0.991,-0.004,-0.134,-0.001,-0.4500945468810168,-0.010974564885804759,0.6637666613778076
1273,1784635200.5109277,0.12991196212588896,-0.1289745014471161,0.29664286391316746,0.004440042254680622,-0.441,-0.003,0.638,0.991,-0.002,-0.135,-0.0,-0.445926820347184,-0.005419942237253247,0.64558934843826
1274,1784635200.5300019,0.1320908842451979,-0.16269708595538918,0.29303577550291005,0.00616831743384039,-0.44,-0.002,0.638,0.991,-0.001,-0.135,-0.0,-0.445926820347184,-0.005419942237253247,0.64558934843826
1275,1784635200.548426,0.15723648051912004,-0.13932665904203512,0.28526356344324105,0.005109123459476661,-0.439,-0.001,0.638,0.991,0.0,-0.135,0.0,-0.445926820347184,-0.005419942237253247,0.64558934843826
1276,1784635200.568148,0.14296223026927762,-0.12202929029519645,0.2807786796291702,0.0036123099466455586,-0.438,-0.001,0.638,0.991,0.002,-0.136,0.0,-0.445926820347184,-0.005419942237253247,0.64558934843826
1277,1784635200.5894294,0.11959581293578601,-0.1148372760138387,0.27651476878864806,0.003059097128109727,-0.438,0.0,0.639,0.991,0.003,-0.137,0.0,-0.445926820347184,-0.005419942237253247,0.64558934843826
1278,1784635200.6103559,0.10428127447641283,-0.10619716763441532,0.2735968260841012,0.0031852235353799045,-0.437,0.001,0.64,0.99,0.005,-0.138,0.001,-0.445926820347184,-0.005419942237253247,0.64558934843826
1279,1784635200.6306255,0.05002608856880529,-0.12216009721808203,0.2628549685618644,0.00393642816418963,-0.436,0.001,0.642,0.99,0.006,-0.138,0.001,-0.445926820347184,-0.005419942237253247,0.64558934843826
1280,1784635200.6488159,0.051973300190623975,-0.06976689242466658,0.26830362626147947,0.0013311814483863613,-0.436,0.001,0.643,0.99,0.007,-0.139,0.001,-0.4375049400058916,0.00017419855970471354,0.6391592819033709
1281,1784635200.6697886,-0.034841568181314994,-0.08564565624454866,0.25279887426640546,0.00045224984355850175,-0.435,0.001,0.646,0.99,0.008,-0.141,0.001,-0.4375049400058916,0.00017419855970471354,0.6391592819033709
1282,1784635200.688199,-0.0014468584168590565,-0.05564004753081159,0.26142000929460024,-0.000905575007071022,-0.434,0.001,0.648,0.99,0.009,-0.142,0.001,-0.4375049400058916,0.00017419855970471354,0.6391592819033709
1283,1784635200.7078881,-0.015463293801515635,-0.052306690217030105,0.2620262187719179,-0.0021516467789521355,-0.434,0.001,0.65,0.99,0.011,-0.143,0.001,-0.4375049400058916,0.00017419855970471354,0.6391592819033709
1284,1784635200.7287493,0.005941176517689224,-0.035857474691515505,0.2660014294921589,-0.002757704418694377,-0.433,0.001,0.652,0.989,0.011,-0.144,0.001,-0.4375049400058916,0.00017419855970471354,0.6391592819033709
1285,1784635200.7509174,-0.06830994776150584,-0.06709181408249044,0.21326291173222597,-0.0027677813044375095,-0.432,0.001,0.654,0.989,0.012,-0.146,0.001,-0.4375049400058916,0.00017419855970471354,0.6391592819033709
1286,1784635200.7703872,-0.028491127500582865,-0.027672454972775443,0.2555490948614545,-0.0033465475385209367,-0.432,0.001,0.655,0.989,0.012,-0.146,0.001,-0.4375049400058916,0.00017419855970471354,0.6391592819033709
1287,1784635200.7929966,-0.07237718460263409,-0.09513920730627999,0.22203434512696904,-0.0038216867144631878,-0.431,0.0,0.657,0.989,0.013,-0.147,0.001,-0.4375049400058916,0.00017419855970471354,0.6391592819033709
1287,1784635200.812165,-0.02789864827495485,-0.036708563576597596,0.2584188762323389,-0.004318363559899237,-0.431,-0.0,0.659,0.989,0.013,-0.147,0.001,-0.4375049400058916,0.00017419855970471354,0.6391592819033709
1289,1784635200.8320155,-0.12720065599941346,0.040478730094565464,0.2337412829400827,-0.003647859696799827,-0.43,-0.001,0.66,0.989,0.013,-0.148,0.001,-0.4318301435824045,0.00090252836833523,0.6541075710087731
1290,1784635200.8528328,-0.2240187542925846,0.048282688495246966,0.2522955594724394,-0.004613831114992848,-0.429,-0.001,0.661,0.989,0.013,-0.148,0.001,-0.4318301435824045,0.00090252836833523,0.6541075710087731
1290,1784635200.8727653,-0.22418956486743577,0.06349858756335985,0.2401360041378348,-0.004026700654380945,-0.429,-0.002,0.662,0.989,0.013,-0.149,0.001,-0.4318301435824045,0.00090252836833523,0.6541075710087731
1292,1784635200.889662,-0.21746541457167357,0.031326939222762105,0.2522765242669146,-0.005908311955088582,-0.428,-0.003,0.662,0.989,0.012,-0.149,0.001,-0.4318301435824045,0.00090252836833523,0.6541075710087731
1293,1784635200.9098182,-0.1900277807781764,0.0727696359682784,0.24473191871236766,-0.0036033791775980754,-0.427,-0.004,0.662,0.989,0.011,-0.15,0.001,-0.4318301435824045,0.00090252836833523,0.6541075710087731
1294,1784635200.9292083,-0.14819695919234765,0.04104295690314158,0.2577125763449059,-0.004555444004378613,-0.426,-0.006,0.662,0.989,0.01,-0.15,0.001,-0.4318301435824045,0.00090252836833523,0.6541075710087731
1295,1784635200.948778,-0.1692902770945024,0.08888040115003094,0.24256933126986333,-0.0033167647103018293,-0.426,-0.007,0.661,0.989,0.008,-0.15,0.001,-0.4318301435824045,0.00090252836833523,0.6541075710087731
1296,1784635200.9715476,-0.13641179286939203,-0.012715904559019872,0.27700198639789564,-0.007697290707590966,-0.425,-0.008,0.66,0.989,0.006,-0.149,0.001,-0.4270227231196713,-0.004189993054643446,0.6623153225750288
1297,1784635200.9913752,-0.18389587923326672,-0.05247426399405105,0.2497717466354174,-0.009024263921616309,-0.425,-0.009,0.659,0.989,0.004,-0.149,0.0,-0.4270227231196713,-0.004189993054643446,0.6623153225750288
1298,1784635201.0122874,-0.0968909683170525,-0.08318374242097423,0.2756087553984207,-0.008431631091234024,-0.424,-0.009,0.658,0.989,0.002,-0.149,0.0,-0.4270227231196713,-0.004189993054643446,0.6623153225750288
1298,1784635201.0295582,-0.18325911905127593,-0.05037903910947599,0.24892514203929533,-0.006943644275159521,-0.424,-0.011,0.656,0.989,-0.001,-0.148,-0.0,-0.4270227231196713,-0.004189993054643446,0.6623153225750288
1300,1784635201.0515213,-0.15872875358667282,-0.043304857378058954,0.2652661877170601,-0.00495866296964986,-0.424,-0.012,0.655,0.989,-0.002,-0.148,-0.0,-0.4270227231196713,-0.004189993054643446,0.6623153225750288
1301,1784635201.074905,-0.1419419136492357,-0.03449504355125488,0.2951637745347309,-0.004461039466102436,-0.423,-0.012,0.653,0.989,-0.004,-0.148,-0.001,-0.4270227231196713,-0.004189993054643446,0.6623153225750288
1301,1784635201.0946307,-0.12223181362388247,-0.027094858255082833,0.30453022924350254,-0.003463276608355621,-0.423,-0.013,0.652,0.989,-0.006,-0.147,-0.001,-0.4270227231196713,-0.004189993054643446,0.6623153225750288
1303,1784635201.1104884,-0.11338505566427533,-0.011799056985825155,0.3066910465204993,-0.0023398226999124735,-0.423,-0.014,0.65,0.989,-0.008,-0.147,-0.001,-0.4270227231196713,-0.004189993054643446,0.6623153225750288
1304,1784635201.1296954,-0.07495615917686531,0.0030543271890924716,0.3041600548571625,3.237735913299688e-05,-0.423,-0.015,0.648,0.989,-0.01,-0.148,-0.001,-0.4238221546419634,-0.012300380719023818,0.6538806270649529
1305,1784635201.1467752,-0.08724159964282877,-0.004162560739774659,0.2983714408859624,0.0005201993143370818,-0.423,-0.015,0.646,0.989,-0.012,-0.148,-0.002,-0.4238221546419634,-0.012300380719023818,0.6538806270649529
1306,1784635201.1661544,-0.039298875388305385,0.007608404308738496,0.2982763193469177,0.0016456550428058621,-0.422,-0.016,0.645,0.989,-0.014,-0.148,-0.002,-0.4238221546419634,-0.012300380719023818,0.6538806270649529
1307,1784635201.1912875,-0.06600416551505452,-0.007427759915206528,0.2922493016757652,0.002308482819556877,-0.423,-0.016,0.644,0.989,-0.016,-0.149,-0.002,-0.4238221546419634,-0.012300380719023818,0.6538806270649529
1307,1784635201.2128506,-0.027101108952376232,0.00047088921232603734,0.2902009735378213,0.0033281195712721806,-0.423,-0.016,0.644,0.989,-0.017,-0.149,-0.002,-0.4238221546419634,-0.012300380719023818,0.6538806270649529
1309,1784635201.2320569,-0.03636439226729192,-0.011409727077114103,0.28798777875546705,0.003862920747994679,-0.423,-0.016,0.644,0.989,-0.018,-0.149,-0.002,-0.4238221546419634,-0.012300380719023818,0.6538806270649529
1309,1784635201.2556586,-0.013031036326675474,-0.01674000246952194,0.2825302290586216,0.0030554800502531516,-0.423,-0.016,0.645,0.989,-0.018,-0.149,-0.003,-0.4238221546419634,-0.012300380719023818,0.6538806270649529
1311,1784635201.2825387,-0.01634294570567836,-0.023178745770712182,0.2818956294702509,0.002893174479986871,-0.424,-0.015,0.646,0.989,-0.019,-0.149,-0.003,-0.4238221546419634,-0.012300380719023818,0.6538806270649529
1311,1784635201.3059063,0.015135505198733322,-0.025848799817753156,0.2750860393702599,0.002915430476760626,-0.424,-0.015,0.648,0.989,-0.019,-0.149,-0.003,-0.4238221546419634,-0.012300380719023818,0.6538806270649529
1313,1784635201.3338811,0.11474024803698979,0.07397251837610663,0.25162337236453686,0.0013906407705854135,-0.425,-0.014,0.65,0.989,-0.02,-0.149,-0.003,-0.42263238988391616,-0.016297019601511413,0.6435220396105035
1315,1784635201.362904,0.20756563673288533,0.09802815218797986,0.24605536771674946,0.0029945249420205815,-0.426,-0.012,0.653,0.989,-0.02,-0.149,-0.003,-0.42263238988391616,-0.016297019601511413,0.6435220396105035
1315,1784635201.3847027,0.2772289495720518,0.09827385342540573,0.20391426691726824,0.005137620461558477,-0.427,-0.011,0.656,0.989,-0.02,-0.149,-0.003,-0.42263238988391616,-0.016297019601511413,0.6435220396105035
1317,1784635201.4012158,0.1902365878979941,0.08251206308303338,0.23793623148510806,0.004723270650231001,-0.427,-0.01,0.658,0.989,-0.02,-0.149,-0.003,-0.42263238988391616,-0.016297019601511413,0.6435220396105035
1317,1784635201.4205503,0.20725156499321395,0.0859923884801178,0.22790993983885205,0.004907927859487328,-0.428,-0.009,0.66,0.989,-0.02,-0.149,-0.003,-0.42263238988391616,-0.016297019601511413,0.6435220396105035
1319,1784635201.4479446,0.2691661867021578,0.10981057665494937,0.2340298577331176,0.0063365125960679865,-0.428,-0.007,0.662,0.989,-0.02,-0.149,-0.003,-0.42655832955953843,-0.010413604355101764,0.6566464828712415
1319,1784635201.4719424,0.21656217778923453,0.09730684915653058,0.2390253050885206,0.006478902741296762,-0.429,-0.005,0.665,0.989,-0.017,-0.148,-0.003,-0.42655832955953843,-0.010413604355101764,0.6566464828712415
1322,1784635201.4880185,0.19726450423794542,0.10632504348389561,0.25020242462962294,0.005231982593348206,-0.43,-0.002,0.666,0.989,-0.015,-0.148,-0.002,-0.42655832955953843,-0.010413604355101764,0.6566464828712415
1322,1784635201.5031915,0.1827460591381314,0.1016222731587996,0.24385771047292842,0.004312145333578404,-0.431,-0.001,0.667,0.989,-0.013,-0.147,-0.002,-0.42655832955953843,-0.010413604355101764,0.6566464828712415
1323,1784635201.5196068,0.17309241012399035,0.09381978833385354,0.25179635279426327,0.0032880396800924524,-0.431,0.001,0.667,0.989,-0.011,-0.146,-0.002,-0.42655832955953843,-0.010413604355101764,0.6566464828712415
1323,1784635201.5341837,0.14519896903263768,0.08751188112248952,0.24641198414174775,0.003292484942398103,-0.432,0.002,0.667,0.989,-0.009,-0.145,-0.001,-0.42655832955953843,-0.010413604355101764,0.6566464828712415
1325,1784635201.5500433,0.12997476636685634,0.08974357976785899,0.2521950835650494,0.0027364176588968647,-0.432,0.004,0.667,0.989,-0.006,-0.145,-0.001,-0.42655832955953843,-0.010413604355101764,0.6566464828712415
1326,1784635201.5702653,0.11445286634940387,0.0902439555772798,0.24954464104611981,0.0017554467194939032,-0.433,0.006,0.667,0.99,-0.003,-0.144,-0.001,-0.42655832955953843,-0.010413604355101764,0.6566464828712415
1327,1784635201.5903647,0.11098813701247284,0.08643084471307558,0.25185890413657386,0.0018709795769055381,-0.434,0.008,0.666,0.99,-0.0,-0.143,-0.0,-0.42655832955953843,-0.010413604355101764,0.6566464828712415
1328,1784635201.6083872,0.05290275635786422,0.17375900521659968,0.27148428225033944,-0.0023097700845272793,-0.434,0.009,0.665,0.99,0.002,-0.142,-0.0,-0.431479536532005,0.00280056516272509,0.666924415189522
1329,1784635201.6274884,0.08417464094569316,0.18755248215080886,0.26077261789509953,-0.004264082226251985,-0.435,0.011,0.664,0.99,0.005,-0.141,0.0,-0.431479536532005,0.00280056516272509,0.666924415189522
1330,1784635201.6485875,0.07984878088406236,0.17141333852766413,0.2701680257916752,-0.003204546679021685,-0.436,0.013,0.663,0.99,0.007,-0.14,0.001,-0.431479536532005,0.00280056516272509,0.666924415189522
1331,1784635201.669891,0.08937794387888764,0.15557370040015303,0.257442229772024,-0.0028371565084037913,-0.437,0.015,0.662,0.99,0.009,-0.139,0.001,-0.431479536532005,0.00280056516272509,0.666924415189522
1332,1784635201.6878016,0.06889738457089102,0.12210666836399282,0.2674560720438924,-0.002236308741731566,-0.438,0.016,0.66,0.99,0.01,-0.137,0.001,-0.431479536532005,0.00280056516272509,0.666924415189522
1333,1784635201.7086675,0.09907790204453686,0.11312932211565098,0.26762103523575037,-0.0007360488410754124,-0.439,0.017,0.659,0.991,0.011,-0.136,0.001,-0.431479536532005,0.00280056516272509,0.666924415189522
1334,1784635201.7289078,0.06537959213415817,0.09831074948915629,0.2613037245594773,-0.0012888185925784192,-0.44,0.019,0.657,0.991,0.013,-0.134,0.001,-0.431479536532005,0.00280056516272509,0.666924415189522
1335,1784635201.7494843,0.01894263141825067,0.12771886076776795,0.2507271578377909,-0.0028140607040725296,-0.441,0.021,0.655,0.991,0.013,-0.132,0.002,-0.4380447784765506,0.016171708273876206,0.6603278286528301
1336,1784635201.7724993,-0.013446288779439639,0.12380015143893296,0.25646354845951774,-0.003533679809325105,-0.442,0.021,0.654,0.991,0.014,-0.131,0.002,-0.4380447784765506,0.016171708273876206,0.6603278286528301
1336,1784635201.7913969,-0.02966032593113796,0.10783364480594113,0.28644849277456497,-0.003607952388432082,-0.443,0.023,0.652,0.992,0.015,-0.129,0.002,-0.4380447784765506,0.016171708273876206,0.6603278286528301
1338,1784635201.8073611,-0.03408911855581542,0.11176834888677105,0.2898164875146608,-0.0037930297470800444,-0.444,0.023,0.651,0.992,0.015,-0.128,0.002,-0.4380447784765506,0.016171708273876206,0.6603278286528301
1339,1784635201.8287995,-0.031311759652111734,0.10615855227673292,0.29641169750194307,-0.003693080096598511,-0.445,0.024,0.648,0.992,0.016,-0.126,0.002,-0.4380447784765506,0.016171708273876206,0.6603278286528301
1340,1784635201.8462732,-0.04175537421653985,0.09391961013848865,0.29230083020087083,-0.0038292447492056275,-0.445,0.025,0.647,0.992,0.016,-0.125,0.002,-0.4380447784765506,0.016171708273876206,0.6603278286528301
1341,1784635201.8690062,-0.02207570858688304,0.10488400961559746,0.30413513608646536,-0.0034629869878094106,-0.446,0.025,0.645,0.992,0.017,-0.124,0.002,-0.4380447784765506,0.016171708273876206,0.6603278286528301
1342,1784635201.8909607,-0.11013273971864522,0.08173482692385951,0.29240582156272477,-0.004393595999355486,-0.447,0.025,0.643,0.992,0.016,-0.123,0.002,-0.44533228401827196,0.024612426441722172,0.6470927121705007
1343,1784635201.9100919,-0.10773829912290674,0.06106379190767538,0.2940466974830838,-0.003016848134888844,-0.448,0.026,0.642,0.992,0.016,-0.122,0.002,-0.44533228401827196,0.024612426441722172,0.6470927121705007
1344,1784635201.9300358,-0.11857903053331091,0.04374889406862272,0.28658140407031274,-0.002778200601687368,-0.448,0.026,0.642,0.993,0.016,-0.121,0.002,-0.44533228401827196,0.024612426441722172,0.6470927121705007
1345,1784635201.9531796,-0.12290894898815591,0.028577490476161697,0.28271859850122805,-0.002675914344986719,-0.449,0.025,0.641,0.993,0.016,-0.12,0.002,-0.44533228401827196,0.024612426441722172,0.6470927121705007
1345,1784635201.970019,-0.11508769043263575,0.01187983125778265,0.2809530716289632,-0.0022651889200634486,-0.449,0.025,0.641,0.993,0.015,-0.119,0.002,-0.44533228401827196,0.024612426441722172,0.6470927121705007
1347,1784635201.998214,-0.11226551531277368,-0.03192429326678891,0.2722300391258673,-0.0025260973430736053,-0.449,0.024,0.642,0.993,0.015,-0.119,0.002,-0.44533228401827196,0.024612426441722172,0.6470927121705007
1347,1784635202.0190961,-0.09733564863144495,-0.029411618552560536,0.27369271237236475,-0.002054217505992589,-0.45,0.024,0.643,0.993,0.013,-0.118,0.002,-0.44533228401827196,0.024612426441722172,0.6470927121705007
1349,1784635202.0403843,-0.09150771833109411,-0.02114977996186996,0.27531203785616365,-0.0012347682562496125,-0.45,0.023,0.645,0.993,0.012,-0.118,0.002,-0.44533228401827196,0.024612426441722172,0.6470927121705007
1349,1784635202.0659213,-0.15337110536208715,-0.12055552758554497,0.2981116184044724,-0.0020355073893796255,-0.45,0.022,0.646,0.993,0.011,-0.118,0.002,-0.4495437106252326,0.024256674880107465,0.6423205932721014
1351,1784635202.0925307,-0.15425902495710714,-0.1415943764388643,0.30539201973993774,-0.0013080701797989628,-0.449,0.021,0.648,0.993,0.01,-0.117,0.002,-0.4495437106252326,0.024256674880107465,0.6423205932721014
1353,1784635202.114188,-0.12449722877306976,-0.19462719757801747,0.2879685792453074,-0.0019802003788361756,-0.449,0.02,0.651,0.993,0.008,-0.118,0.002,-0.4495437106252326,0.024256674880107465,0.6423205932721014
1353,1784635202.135201,-0.12971721287169108,-0.15074648712180166,0.29520787238428026,-0.0011329070165127346,-0.448,0.019,0.653,0.993,0.007,-0.118,0.001,-0.4495437106252326,0.024256674880107465,0.6423205932721014
1355,1784635202.1569216,-0.13382741061860393,-0.14238441156257178,0.251142944598185,2.8516684653103006e-05,-0.448,0.018,0.655,0.993,0.006,-0.118,0.001,-0.4495437106252326,0.024256674880107465,0.6423205932721014
1355,1784635202.1825297,-0.0967762201889629,-0.1169645101925452,0.2618255382023326,0.0009049394160249385,-0.447,0.017,0.658,0.993,0.004,-0.119,0.001,-0.4495437106252326,0.024256674880107465,0.6423205932721014
1357,1784635202.210073,-0.08191928745605317,-0.10645794200944825,0.24550773217462146,0.0015399149455457774,-0.446,0.015,0.662,0.993,0.002,-0.121,0.001,-0.4495437106252326,0.024256674880107465,0.6423205932721014
1357,1784635202.2330422,-0.06326990052156725,-0.09114414779877705,0.2808948552411875,0.003834413507661236,-0.445,0.014,0.667,0.992,-0.0,-0.124,0.001,-0.4475406222274083,0.01743363468108988,0.6559771149801468
1360,1784635202.2613058,-0.07029579258944937,-0.08533579198116122,0.26269466360848376,0.003905582994013207,-0.444,0.013,0.67,0.992,-0.001,-0.126,0.0,-0.4475406222274083,0.01743363468108988,0.6559771149801468
1360,1784635202.2963781,-0.04483451906345356,-0.05274431542212421,0.2763764806033767,0.005116673732056238,-0.443,0.012,0.676,0.992,-0.004,-0.128,0.0,-0.4475406222274083,0.01743363468108988,0.6559771149801468
1363,1784635202.3408804,-0.03405820015589472,-0.04757038806647526,0.267090813974491,0.005327993463440728,-0.441,0.011,0.682,0.991,-0.006,-0.131,-0.0,-0.4475406222274083,0.01743363468108988,0.6559771149801468
1363,1784635202.3560452,-0.016103386602004832,-0.05897716037381499,0.2612831853956716,0.005538401229690313,-0.439,0.009,0.691,0.991,-0.008,-0.134,-0.0,-0.4475406222274083,0.01743363468108988,0.6559771149801468
1366,1784635202.3725612,-0.00868824667107003,-0.06463464391808922,0.26442165792064853,0.00504181452101468,-0.439,0.009,0.695,0.991,-0.008,-0.134,-0.001,-0.4475406222274083,0.01743363468108988,0.6559771149801468
1366,1784635202.3878067,-0.007745411043564403,0.03697149416033403,0.2142684399273363,0.0005082805956716967,-0.438,0.008,0.698,0.991,-0.009,-0.135,-0.001,-0.44094715802117623,0.010575118825310904,0.6818334540696738
1368,1784635202.4100034,0.015794720016720394,0.13596003051663372,0.2445853913193208,0.0028003632729957655,-0.437,0.008,0.703,0.991,-0.01,-0.136,-0.001,-0.44094715802117623,0.010575118825310904,0.6818334540696738
1369,1784635202.4284763,0.013836332584745308,0.1749601735537911,0.22775533588682925,0.0026804973622524394,-0.437,0.008,0.707,0.991,-0.01,-0.136,-0.001,-0.44094715802117623,0.010575118825310904,0.6818334540696738
1370,1784635202.4491744,0.021035756709401287,0.16310182810803062,0.2428787813716452,0.0025737937201419383,-0.436,0.008,0.712,0.991,-0.01,-0.137,-0.001,-0.44094715802117623,0.010575118825310904,0.6818334540696738
1371,1784635202.4690602,0.021570267741913868,0.1588273631297041,0.23239880487687004,0.002473935367711937,-0.436,0.008,0.715,0.991,-0.01,-0.137,-0.001,-0.44094715802117623,0.010575118825310904,0.6818334540696738
1372,1784635202.4897602,0.025841552684355954,0.1417712252588353,0.24245937770956363,0.002428773266593293,-0.436,0.008,0.717,0.991,-0.01,-0.137,-0.001,-0.44094715802117623,0.010575118825310904,0.6818334540696738
1373,1784635202.5078897,0.0404026163747503,0.23822687276214058,0.24726150720640658,0.0025031690509846926,-0.435,0.009,0.719,0.991,-0.01,-0.136,-0.001,-0.4349756316476346,0.008084437001532732,0.707688339705909
1374,1784635202.527525,0.05069403043601818,0.25692184310479976,0.24264129344257657,0.001798160713110394,-0.435,0.009,0.721,0.991,-0.01,-0.135,-0.001,-0.4349756316476346,0.008084437001532732,0.707688339705909
1375,1784635202.5529656,0.05352112513783367,0.2322355273335205,0.2491932176709374,0.0015985637798070374,-0.435,0.009,0.722,0.991,-0.01,-0.134,-0.001,-0.4349756316476346,0.008084437001532732,0.707688339705909
1375,1784635202.5798838,0.04848400562048873,0.23912722729520194,0.24821242480194305,0.0005995732093117064,-0.434,0.01,0.724,0.991,-0.01,-0.132,-0.001,-0.4349756316476346,0.008084437001532732,0.707688339705909
1377,1784635202.6045785,0.051556108151656566,0.2100027837952927,0.2516103093847751,0.0008307807385658012,-0.433,0.011,0.725,0.992,-0.01,-0.128,-0.001,-0.4349756316476346,0.008084437001532732,0.707688339705909
1377,1784635202.630987,0.04402030374334412,0.19290231049303036,0.251440725588788,0.0005823334944446213,-0.433,0.012,0.725,0.992,-0.009,-0.125,-0.001,-0.4349756316476346,0.008084437001532732,0.707688339705909
1380,1784635202.6579347,0.046116104560832774,0.15784020382995806,0.25397293370431606,0.0006946369647898067,-0.432,0.013,0.725,0.993,-0.009,-0.12,-0.001,-0.4349756316476346,0.008084437001532732,0.707688339705909
1380,1784635202.692716,0.14455578768825894,0.053894928804882655,0.2908528304080297,0.026415421810294267,-0.431,0.014,0.725,0.993,-0.008,-0.114,-0.001,-0.43364599971284756,0.010426215978246549,0.7246711253303025
1383,1784635202.7261457,0.1622087711442181,-0.04744638296277884,0.26671980413507024,0.037733057983663665,-0.429,0.015,0.723,0.994,-0.007,-0.107,-0.001,-0.43364599971284756,0.010426215978246549,0.7246711253303025
1383,1784635202.7591896,0.13870956336961476,-0.14625729976528729,0.26711317648244515,0.03241920248124865,-0.428,0.017,0.721,0.995,-0.006,-0.102,-0.001,-0.43364599971284756,0.010426215978246549,0.7246711253303025
1386,1784635202.7846832,0.11749073970542682,-0.24046953129454718,0.26808158015042727,0.02337583671411541,-0.426,0.018,0.72,0.995,-0.005,-0.099,-0.001,-0.43364599971284756,0.010426215978246549,0.7246711253303025
1386,1784635202.809139,0.09739173057547724,-0.18938868928519512,0.26348940104623786,0.012412734466053395,-0.424,0.019,0.719,0.995,-0.003,-0.097,-0.001,-0.43364599971284756,0.010426215978246549,0.7246711253303025
1389,1784635202.8239114,0.11700542014556638,-0.24887372321886211,0.26195159821511654,0.003835048572057787,-0.422,0.021,0.718,0.995,-0.001,-0.098,-0.001,-0.4292351202510196,0.015879337490568312,0.7230300492865551
1389,1784635202.8375628,0.09347175052009642,-0.20312535877602966,0.2633140341349904,-0.002760376436900837,-0.42,0.021,0.718,0.995,0.001,-0.1,-0.002,-0.4292351202510196,0.015879337490568312,0.7230300492865551
1389,1784635202.851684,0.09843342726467161,-0.19489734897414632,0.26088690276327237,-0.007421117253922326,-0.419,0.022,0.717,0.995,0.002,-0.101,-0.002,-0.4292351202510196,0.015879337490568312,0.7230300492865551
1391,1784635202.871117,0.06081141478929887,-0.14059893043380367,0.264766658577163,-0.01140818096802802,-0.417,0.023,0.717,0.995,0.004,-0.104,-0.002,-0.4292351202510196,0.015879337490568312,0.7230300492865551
1392,1784635202.889362,0.04792027020315186,-0.11263303922616058,0.26252045554663356,-0.01432560934470185,-0.416,0.023,0.716,0.994,0.005,-0.107,-0.002,-0.4292351202510196,0.015879337490568312,0.7230300492865551
1393,1784635202.9106388,0.02524962448954001,-0.04975957455949155,0.26464042418688205,-0.015215570706436903,-0.413,0.024,0.716,0.994,0.008,-0.113,-0.002,-0.4292351202510196,0.015879337490568312,0.7230300492865551
1394,1784635202.928799,0.0509101071330093,0.0320196486344541,0.23119501160502526,-0.01484692047668589,-0.412,0.024,0.715,0.993,0.009,-0.117,-0.002,-0.41785023004756233,0.022314621774833454,0.7169387140961909
1395,1784635202.9500766,0.04282718911536602,0.050297009759685526,0.25772557548308433,-0.012151393906969343,-0.409,0.025,0.714,0.993,0.01,-0.121,-0.002,-0.41785023004756233,0.022314621774833454,0.7169387140961909
1396,1784635202.9710386,0.05127624960935391,0.035252080473492584,0.23724295915698462,-0.008455407848664286,-0.408,0.025,0.714,0.992,0.011,-0.124,-0.001,-0.41785023004756233,0.022314621774833454,0.7169387140961909
1397,1784635202.9893909,0.02666137916266491,-0.01021974816309553,0.26396099414499186,-0.002056951957297921,-0.406,0.025,0.713,0.992,0.011,-0.126,-0.001,-0.41785023004756233,0.022314621774833454,0.7169387140961909
1398,1784635203.0129483,0.05425805940923756,-0.057416686280438854,0.23570895428634325,-0.0029047103106716763,-0.405,0.025,0.712,0.992,0.012,-0.127,-0.001,-0.41785023004756233,0.022314621774833454,0.7169387140961909
1398,1784635203.032117,0.03170579465365056,-0.15597414208716798,0.27165614699886337,-0.00033128343703438213,-0.403,0.025,0.711,0.992,0.012,-0.127,-0.001,-0.41785023004756233,0.022314621774833454,0.7169387140961909
1400,1784635203.0535727,-0.006850777833794522,-0.25201855148210395,0.2602927737813383,0.005474942480368223,-0.402,0.025,0.71,0.992,0.012,-0.126,-0.001,-0.40453279296920647,0.02515113120561545,0.7118522073638289
1400,1784635203.0848818,0.0008236990004943032,-0.16753491668786266,0.2535747468030944,0.006158861427714553,-0.4,0.025,0.708,0.992,0.012,-0.125,-0.0,-0.40453279296920647,0.02515113120561545,0.7118522073638289
1402,1784635203.1042454,-0.01644072031683356,-0.20220753114925832,0.2654735715749722,0.0048153748886461175,-0.398,0.025,0.705,0.992,0.012,-0.124,-0.0,-0.40453279296920647,0.02515113120561545,0.7118522073638289
1402,1784635203.121187,0.002102551284309917,-0.1230614661267185,0.24573514732963603,0.003067863667278681,-0.397,0.024,0.704,0.992,0.012,-0.124,-0.001,-0.40453279296920647,0.02515113120561545,0.7118522073638289
1404,1784635203.1401849,-0.07878750742580162,-0.16304622287429538,0.28950101334107,0.0009893938135425717,-0.394,0.024,0.701,0.992,0.012,-0.125,-0.001,-0.40453279296920647,0.02515113120561545,0.7118522073638289
1404,1784635203.163323,-0.08971732214167524,-0.07885899370332602,0.2749672597255915,-0.0002645888310644287,-0.392,0.023,0.698,0.992,0.012,-0.126,-0.001,-0.40453279296920647,0.02515113120561545,0.7118522073638289
1406,1784635203.1796558,-0.04520456757895475,-0.06106526632525778,0.25693740581016955,-0.0010708391205028552,-0.391,0.022,0.696,0.992,0.012,-0.128,-0.001,-0.40453279296920647,0.02515113120561545,0.7118522073638289
1406,1784635203.1933293,-0.019154659171531127,-0.056503995195300576,0.25865193922999075,-0.0007006045943087057,-0.389,0.022,0.694,0.992,0.012,-0.129,-0.001,-0.40453279296920647,0.02515113120561545,0.7118522073638289
1408,1784635203.20952,-0.11867447756840575,-0.15508542447084692,0.302122291202011,0.003910362553101703,-0.388,0.021,0.692,0.991,0.012,-0.131,-0.001,-0.3916146948702548,0.022760830271608423,0.6967945235617241
1409,1784635203.233936,-0.2154992785301546,-0.19340056356903243,0.2966259598931612,0.006355628688750176,-0.386,0.021,0.689,0.991,0.011,-0.133,-0.001,-0.3916146948702548,0.022760830271608423,0.6967945235617241
1409,1784635203.250512,-0.19459119847296408,-0.1762696566198793,0.2969738067290133,0.005202402290145037,-0.385,0.02,0.687,0.991,0.011,-0.134,-0.001,-0.3916146948702548,0.022760830271608423,0.6967945235617241
1411,1784635203.2721639,-0.18586231852518256,-0.17635364096876538,0.29708173034519275,0.0037847457684197817,-0.383,0.019,0.685,0.991,0.011,-0.136,-0.001,-0.3916146948702548,0.022760830271608423,0.6967945235617241
1412,1784635203.2946033,-0.16819407586959806,-0.17301848443236184,0.29549016565484226,0.002306614023157203,-0.38,0.018,0.681,0.99,0.01,-0.138,-0.001,-0.3916146948702548,0.022760830271608423,0.6967945235617241
1412,1784635203.316116,-0.15401217947394447,-0.1684264987725617,0.2941796206494587,0.0013185820015772147,-0.379,0.018,0.68,0.99,0.009,-0.139,-0.001,-0.3916146948702548,0.022760830271608423,0.6967945235617241
1414,1784635203.337327,-0.12243231776413042,-0.14657165091938654,0.2918204504689712,-0.00012977942436451727,-0.377,0.017,0.678,0.99,0.007,-0.141,-0.002,-0.3916146948702548,0.022760830271608423,0.6967945235617241
1414,1784635203.3532422,-0.12102359773723871,-0.13366909166542518,0.28643731421069935,-0.00025908450579105447,-0.375,0.016,0.677,0.99,0.005,-0.143,-0.002,-0.3916146948702548,0.022760830271608423,0.6967945235617241
1416,1784635203.3814657,-0.09232611743796863,-0.03131020946498701,0.25144111664722213,0.0013520677321150203,-0.374,0.015,0.677,0.99,0.004,-0.144,-0.002,-0.37775499825323144,0.017060217461342134,0.6789920336007031
1416,1784635203.4162612,-0.02431028862536909,0.06942793516777339,0.2638857658206151,0.0020036162423095858,-0.372,0.014,0.676,0.989,0.001,-0.147,-0.003,-0.37775499825323144,0.017060217461342134,0.6789920336007031
1419,1784635203.44564,0.05772492244025165,0.1328394109395747,0.2536684834504068,0.0015474095745239443,-0.37,0.013,0.676,0.989,-0.003,-0.151,-0.003,-0.37775499825323144,0.017060217461342134,0.6789920336007031
1419,1784635203.4708698,0.06095284563460939,0.09889294550704156,0.26144392214033985,-2.7778243318674675e-05,-0.369,0.013,0.676,0.988,-0.005,-0.152,-0.004,-0.37775499825323144,0.017060217461342134,0.6789920336007031
1422,1784635203.5015025,0.0003527876402381197,0.09691604781337096,0.2532215245140279,-0.0005976263176164047,-0.367,0.012,0.676,0.988,-0.007,-0.153,-0.004,-0.37775499825323144,0.017060217461342134,0.6789920336007031
1422,1784635203.5287423,-0.007924733021733993,0.0767244541250611,0.25994242725061534,-0.001082050273161529,-0.366,0.011,0.676,0.988,-0.008,-0.153,-0.004,-0.37775499825323144,0.017060217461342134,0.6789920336007031
1425,1784635203.5573492,0.007943205413416483,0.11292811365896772,0.22818527373950037,-0.003136244258940547,-0.366,0.011,0.676,0.988,-0.008,-0.152,-0.004,-0.36765531385640965,0.012162957352896103,0.6761943650683371
1425,1784635203.583658,0.01131547287455351,0.04104443916327989,0.2571728280599552,-0.00477503951538181,-0.365,0.011,0.676,0.989,-0.008,-0.151,-0.004,-0.36765531385640965,0.012162957352896103,0.6761943650683371
1427,1784635203.6105983,0.011363557634992815,0.11868404493738156,0.2321200909255613,-0.0058764946616204775,-0.365,0.012,0.675,0.989,-0.007,-0.149,-0.004,-0.36765531385640965,0.012162957352896103,0.6761943650683371
1427,1784635203.635812,0.03470045884607684,0.0771343457435072,0.2609039161668224,-0.005418764705013512,-0.365,0.012,0.674,0.989,-0.007,-0.147,-0.004,-0.36765531385640965,0.012162957352896103,0.6761943650683371
1430,1784635203.6565173,0.03418424465761948,0.1277425991473104,0.23414969696775662,-0.005952747993171661,-0.365,0.012,0.672,0.989,-0.007,-0.146,-0.004,-0.36765531385640965,0.012162957352896103,0.6761943650683371
1430,1784635203.6794508,0.13332946821846034,0.024549090698684023,0.2775113003610619,0.01101394604479444,-0.365,0.013,0.67,0.989,-0.007,-0.145,-0.004,-0.3647805979499878,0.011921341192968175,0.6732839277775771
1432,1784635203.7011619,0.22999297155881165,-0.07606201994106211,0.2525775057865045,0.013543403049038156,-0.365,0.013,0.667,0.99,-0.006,-0.143,-0.004,-0.3647805979499878,0.011921341192968175,0.6732839277775771
1432,1784635203.726559,0.21059156589213768,-0.16969047251342273,0.26872942972435665,0.010856470663273471,-0.366,0.014,0.664,0.99,-0.006,-0.142,-0.004,-0.3647805979499878,0.011921341192968175,0.6732839277775771
1435,1784635203.7505121,0.19611530473643204,-0.1451856106043348,0.27486905584016547,0.004270414243480598,-0.366,0.015,0.66,0.99,-0.006,-0.141,-0.004,-0.3647805979499878,0.011921341192968175,0.6732839277775771
1435,1784635203.7723467,0.1899919802533806,-0.14388097941472824,0.25370428588726035,0.0037910042743141284,-0.366,0.015,0.657,0.99,-0.005,-0.14,-0.004,-0.3647805979499878,0.011921341192968175,0.6732839277775771
1437,1784635203.796577,0.12194632323781929,-0.042752035863780444,0.2926247178544393,-0.0039182142081694874,-0.366,0.016,0.654,0.99,-0.004,-0.14,-0.004,-0.3647805979499878,0.011921341192968175,0.6732839277775771
1437,1784635203.8215039,0.042665263562981004,0.047396551332648376,0.3335745953653271,-0.007060847531170229,-0.366,0.017,0.648,0.99,-0.0,-0.141,-0.003,-0.3647805979499878,0.011921341192968175,0.6732839277775771
1439,1784635203.843959,0.00823600275029962,0.12178802556862316,0.3447090033592436,-0.008998843553178721,-0.366,0.018,0.644,0.99,0.002,-0.143,-0.003,-0.3647805979499878,0.011921341192968175,0.6732839277775771
1439,1784635203.8688018,0.09100123421511078,0.018779850878999804,0.3255453318292417,-0.005156574371251984,-0.366,0.018,0.64,0.99,0.005,-0.144,-0.003,-0.36627379554555933,0.015551294878477482,0.6563571033597355
1442,1784635203.9064465,0.09674802052582634,-0.08168961007921507,0.31360418686660335,0.003983022805536115,-0.365,0.019,0.636,0.989,0.007,-0.146,-0.002,-0.36627379554555933,0.015551294878477482,0.6563571033597355
1442,1784635203.9320736,0.03190602091179351,-0.1793050282323118,0.30406658514803553,0.013254264642778853,-0.365,0.019,0.633,0.989,0.01,-0.146,-0.002,-0.36627379554555933,0.015551294878477482,0.6563571033597355
1445,1784635203.957681,0.030331130421141606,-0.27113967004053163,0.2920082955672464,0.016204270070121676,-0.366,0.019,0.633,0.989,0.011,-0.146,-0.002,-0.36627379554555933,0.015551294878477482,0.6563571033597355
1445,1784635203.9974756,-0.0024376435075368144,-0.24996764383710768,0.27386673719561855,0.017388634709934077,-0.366,0.018,0.635,0.989,0.012,-0.145,-0.001,-0.36627379554555933,0.015551294878477482,0.6563571033597355
1448,1784635204.0320315,-0.03368642957463543,-0.14371939067772002,0.2487902281148029,0.11027176372503106,-0.367,0.017,0.639,0.989,0.013,-0.147,-0.001,-0.3654768387736625,0.018962301629602055,0.6335864642507723
1448,1784635204.0634587,0.008799832240346812,-0.04032536992253517,0.24607456032614372,0.06602035803414798,-0.368,0.016,0.645,0.989,0.014,-0.15,-0.001,-0.3654768387736625,0.018962301629602055,0.6335864642507723
1451,1784635204.0897212,0.00665593996689379,0.060672336631799315,0.24102067787145143,0.027378826486275695,-0.369,0.014,0.652,0.988,0.014,-0.157,-0.002,-0.3654768387736625,0.018962301629602055,0.6335864642507723
1451,1784635204.1305163,0.04232014343583021,0.10577777623062018,0.23525305219242362,0.007493881583343298,-0.37,0.012,0.657,0.987,0.015,-0.161,-0.002,-0.3654768387736625,0.018962301629602055,0.6335864642507723
1455,1784635204.1634943,-0.058737230001229226,0.2031290869230247,0.20174465498610672,-0.07021826132231676,-0.373,0.008,0.666,0.986,0.015,-0.167,-0.004,-0.36845310346367877,0.01472213284963629,0.6485427092099469
1455,1784635204.1912057,-0.1572481593954409,0.26846910329747337,0.24623309917605668,-0.06340389504242658,-0.375,0.005,0.671,0.986,0.015,-0.169,-0.005,-0.36845310346367877,0.01472213284963629,0.6485427092099469
1458,1784635204.2222443,-0.25327832141848355,0.23755054682612253,0.22450034543498806,-0.057067004572486486,-0.376,0.003,0.675,0.986,0.015,-0.169,-0.005,-0.36845310346367877,0.01472213284963629,0.6485427092099469
1458,1784635204.2466912,-0.289739280561903,0.18354946864087973,0.23418379833751324,-0.051387227840499955,-0.378,-0.0,0.678,0.986,0.015,-0.167,-0.005,-0.36845310346367877,0.01472213284963629,0.6485427092099469
1460,1784635204.268379,-0.2349202855465023,0.10098742775479773,0.268100264111807,-0.04755155131414962,-0.38,-0.003,0.679,0.986,0.014,-0.164,-0.005,-0.37500396561071025,0.00310069014326839,0.6736930716669034
1461,1784635204.289761,-0.22675889603214155,0.11772068137784766,0.24703735730375814,-0.03560370168234893,-0.382,-0.005,0.68,0.987,0.013,-0.162,-0.005,-0.37500396561071025,0.00310069014326839,0.6736930716669034
1463,1784635204.31174,-0.21086242837562647,0.05568117777968731,0.2638747096221241,-0.026412707688721594,-0.383,-0.007,0.68,0.987,0.012,-0.159,-0.004,-0.37500396561071025,0.00310069014326839,0.6736930716669034
1463,1784635204.3363445,-0.18914593919880307,0.044934398836056356,0.25336758946436055,-0.02011060109068781,-0.384,-0.009,0.679,0.988,0.01,-0.156,-0.004,-0.37500396561071025,0.00310069014326839,0.6736930716669034
1465,1784635204.358442,-0.15402448609654767,0.024677373347560858,0.2630945634549376,-0.015089209097286001,-0.386,-0.012,0.679,0.988,0.006,-0.153,-0.004,-0.37500396561071025,0.00310069014326839,0.6736930716669034
1465,1784635204.3796625,-0.13511763889256345,0.02011190297128318,0.25688834251293774,-0.011429964417258267,-0.387,-0.014,0.678,0.989,0.003,-0.15,-0.004,-0.37500396561071025,0.00310069014326839,0.6736930716669034
1467,1784635204.3996744,-0.061424079550988914,0.005140459159054053,0.2584607301964369,-0.006319527904569519,-0.388,-0.015,0.678,0.989,0.001,-0.149,-0.004,-0.38566266177836483,-0.011735339232142594,0.6787209147917537
1467,1784635204.4202473,-0.07193228985500252,0.02075605420940814,0.25643346911197873,-0.005466782142741281,-0.389,-0.017,0.677,0.989,-0.003,-0.147,-0.004,-0.38566266177836483,-0.011735339232142594,0.6787209147917537
1469,1784635204.4410954,-0.03101274253897454,0.02248761161261193,0.2585152866204121,-0.0032861676618045847,-0.391,-0.019,0.676,0.989,-0.006,-0.145,-0.004,-0.38566266177836483,-0.011735339232142594,0.6787209147917537
1469,1784635204.4608688,0.0020563175802679953,0.05352895936513641,0.2582563150042949,-0.0009107982314437561,-0.392,-0.021,0.675,0.989,-0.009,-0.144,-0.004,-0.38566266177836483,-0.011735339232142594,0.6787209147917537
1471,1784635204.4814982,0.0005193414666149823,0.0819603664987176,0.2589101638681394,0.0004376260387695787,-0.394,-0.023,0.673,0.99,-0.012,-0.143,-0.004,-0.38566266177836483,-0.011735339232142594,0.6787209147917537
1471,1784635204.505541,-0.008055564404390418,0.10172738063755032,0.25859332200869195,-0.00010074155023586328,-0.395,-0.025,0.672,0.99,-0.014,-0.143,-0.005,-0.38566266177836483,-0.011735339232142594,0.6787209147917537
1473,1784635204.5266337,0.0021028692464079846,0.06426291313051002,0.25792897507283197,-0.0009046269829514654,-0.397,-0.026,0.671,0.99,-0.016,-0.142,-0.005,-0.38566266177836483,-0.011735339232142594,0.6787209147917537
1473,1784635204.546734,-0.00010811871822448416,0.06935771374752266,0.25836755650985466,-0.0013252455805766968,-0.399,-0.028,0.67,0.99,-0.017,-0.142,-0.005,-0.38566266177836483,-0.011735339232142594,0.6787209147917537
1475,1784635204.57175,0.005693117447354068,0.1402962937260576,0.2442742267377076,-0.0009905757573523961,-0.401,-0.029,0.669,0.99,-0.017,-0.142,-0.005,-0.3963643339641442,-0.02592956224724276,0.6712781200911042
1475,1784635204.5938168,0.01633138165449656,0.13041852771806386,0.2555289486409179,-0.0009291121551244844,-0.403,-0.03,0.667,0.99,-0.018,-0.141,-0.005,-0.3963643339641442,-0.02592956224724276,0.6712781200911042
1478,1784635204.6146998,0.017792894901896138,0.12921981492906243,0.24727215047771336,-0.0011603787646366085,-0.404,-0.031,0.666,0.99,-0.018,-0.141,-0.005,-0.3963643339641442,-0.02592956224724276,0.6712781200911042
1478,1784635204.6367495,0.023398009679082073,0.11706456675983451,0.2540907098735685,-0.0014220260483757618,-0.406,-0.032,0.665,0.99,-0.018,-0.14,-0.005,-0.3963643339641442,-0.02592956224724276,0.6712781200911042
1480,1784635204.666875,0.04478644947611167,0.08451589303370359,0.24802069664213347,-0.0013089451663388868,-0.407,-0.032,0.664,0.99,-0.018,-0.14,-0.005,-0.3963643339641442,-0.02592956224724276,0.6712781200911042
1480,1784635204.698177,0.020029524695844375,0.17638943932322182,0.26103661747588014,-0.0004997754835985695,-0.41,-0.033,0.661,0.99,-0.018,-0.138,-0.005,-0.3963643339641442,-0.02592956224724276,0.6712781200911042
1483,1784635204.7254057,0.05369048382935398,0.0963354992938331,0.2477204148483839,-0.0007292250628241761,-0.413,-0.033,0.658,0.991,-0.017,-0.136,-0.005,-0.3963643339641442,-0.02592956224724276,0.6712781200911042
1483,1784635204.7494154,0.1441814311631335,0.08662572283431566,0.25551756793777325,-8.797023159531881e-05,-0.414,-0.033,0.657,0.991,-0.017,-0.135,-0.005,-0.4089412787722113,-0.032457652786112096,0.6624105844111221
1486,1784635204.772929,0.1808574905162902,0.07657746638601809,0.2504238343186255,-0.0006993500291558123,-0.416,-0.033,0.655,0.991,-0.017,-0.134,-0.005,-0.4089412787722113,-0.032457652786112096,0.6624105844111221
1486,1784635204.7947872,0.16295019764628324,0.017551091582581092,0.28156425121980383,-0.0009764072845498312,-0.418,-0.032,0.651,0.991,-0.016,-0.132,-0.005,-0.4089412787722113,-0.032457652786112096,0.6624105844111221
1488,1784635204.8166254,0.1660780265233024,0.014619506784378303,0.2872275665852281,-0.0021646063119972517,-0.421,-0.031,0.648,0.991,-0.016,-0.13,-0.005,-0.4089412787722113,-0.032457652786112096,0.6624105844111221
1488,1784635204.8383858,0.15605047971368685,0.03990767987121581,0.2933182779285502,-0.003916221236074996,-0.422,-0.03,0.645,0.992,-0.015,-0.129,-0.005,-0.4089412787722113,-0.032457652786112096,0.6624105844111221
1490,1784635204.8610663,0.13503651485718915,0.03989331707315747,0.2943749815418809,-0.004744013875428383,-0.424,-0.029,0.642,0.992,-0.013,-0.128,-0.005,-0.4089412787722113,-0.032457652786112096,0.6624105844111221
1490,1784635204.8819466,0.12315775305428561,0.03313023618107477,0.29381869928375964,-0.005100944277095296,-0.425,-0.028,0.639,0.992,-0.012,-0.127,-0.005,-0.4089412787722113,-0.032457652786112096,0.6624105844111221
1492,1784635204.903964,0.09371842542911471,0.11326616934585595,0.30116686958380734,-0.00595548276667058,-0.426,-0.027,0.637,0.992,-0.01,-0.126,-0.004,-0.4089412787722113,-0.032457652786112096,0.6624105844111221
1492,1784635204.9358246,0.17330979903452723,0.011568071394712415,0.32098554093617876,0.0007793846213917646,-0.427,-0.025,0.635,0.992,-0.008,-0.126,-0.004,-0.42157199019810415,-0.030665496784871665,0.6458434231840217
1495,1784635204.9584482,0.18884744882554266,-0.08813923107982216,0.3123436230218408,0.006932264038127348,-0.429,-0.023,0.633,0.992,-0.005,-0.126,-0.004,-0.42157199019810415,-0.030665496784871665,0.6458434231840217
1495,1784635204.980665,0.15287226267533044,-0.1402359462124929,0.307408079772131,0.005888987720311212,-0.43,-0.022,0.633,0.992,-0.003,-0.125,-0.003,-0.42157199019810415,-0.030665496784871665,0.6458434231840217
1497,1784635205.0060856,0.16039512925141133,-0.18429831886245207,0.3050323145903018,0.006567956452279941,-0.431,-0.02,0.633,0.992,-0.001,-0.125,-0.003,-0.42157199019810415,-0.030665496784871665,0.6458434231840217
1497,1784635205.0322165,0.13978786552308492,-0.1663087164767985,0.2929759376113648,-0.0016621846878981227,-0.431,-0.018,0.635,0.992,0.001,-0.124,-0.003,-0.42953245647290983,-0.022028674176471447,0.6325985206991516
1500,1784635205.0550408,0.130664515750455,-0.1550211859254107,0.28716803951232683,-0.004900603619015063,-0.432,-0.017,0.637,0.992,0.003,-0.124,-0.003,-0.42953245647290983,-0.022028674176471447,0.6325985206991516
1500,1784635205.0794084,0.1097435511560263,-0.12743902903499718,0.28170148428351893,-0.006225301154778699,-0.433,-0.015,0.64,0.992,0.006,-0.125,-0.002,-0.42953245647290983,-0.022028674176471447,0.6325985206991516
1502,1784635205.09443,0.11560752763186562,-0.11850878171218981,0.28409181163293074,-0.007247754151836143,-0.433,-0.013,0.644,0.992,0.008,-0.127,-0.002,-0.42953245647290983,-0.022028674176471447,0.6325985206991516
1502,1784635205.1137576,0.10380613438403685,-0.09180748279295037,0.27484950206321723,-0.00835430170008249,-0.434,-0.013,0.647,0.992,0.01,-0.128,-0.002,-0.42953245647290983,-0.022028674176471447,0.6325985206991516
1504,1784635205.136018,0.102752257329391,-0.09609919918076737,0.2797960104404894,-0.009337557003622037,-0.434,-0.011,0.651,0.991,0.011,-0.13,-0.002,-0.42953245647290983,-0.022028674176471447,0.6325985206991516
1504,1784635205.1531708,0.08834450787152139,-0.08585492185049118,0.23257398003382457,-0.009150902374322764,-0.435,-0.01,0.656,0.991,0.013,-0.132,-0.001,-0.42953245647290983,-0.022028674176471447,0.6325985206991516
1506,1784635205.1710434,0.037834210752595764,0.016291431621127866,0.22407185723526776,-0.004134876100879852,-0.435,-0.009,0.66,0.991,0.014,-0.134,-0.001,-0.43246071773774203,-0.012067241759664362,0.6475437364747569
1507,1784635205.1926262,0.01888578248253596,0.11588414055692915,0.23840267780590516,-0.008271894292843763,-0.435,-0.009,0.664,0.991,0.015,-0.135,-0.001,-0.43246071773774203,-0.012067241759664362,0.6475437364747569
1507,1784635205.2069068,0.00913672687488877,0.1558981049275115,0.22733075865683228,-0.008533686610704923,-0.436,-0.008,0.667,0.991,0.016,-0.136,-0.001,-0.43246071773774203,-0.012067241759664362,0.6475437364747569
1509,1784635205.2257364,0.007231054825441188,0.147748998610149,0.22684389027983826,-0.00767948481609322,-0.436,-0.008,0.671,0.99,0.016,-0.137,-0.001,-0.43246071773774203,-0.012067241759664362,0.6475437364747569
1510,1784635205.2475812,-0.008230455176592866,0.1399335280870609,0.229077425145347,-0.008076433653794334,-0.437,-0.007,0.677,0.99,0.018,-0.138,-0.001,-0.43246071773774203,-0.012067241759664362,0.6475437364747569
1510,1784635205.2748468,-0.0017485458786922932,0.10324420463343488,0.2075241482276236,-0.005533832087041975,-0.437,-0.007,0.681,0.99,0.018,-0.138,-0.0,-0.43246071773774203,-0.012067241759664362,0.6475437364747569
1512,1784635205.2955112,-0.02410990056901081,0.123574063982826,0.2416283096795341,-0.006492037492799616,-0.438,-0.006,0.683,0.99,0.019,-0.138,-0.0,-0.43246071773774203,-0.012067241759664362,0.6475437364747569
1512,1784635205.3094063,-0.019529379771997358,0.11902857886912979,0.22968178887200752,-0.0063410512632274,-0.438,-0.006,0.686,0.99,0.019,-0.138,-0.0,-0.43246071773774203,-0.012067241759664362,0.6475437364747569
1514,1784635205.3343818,-0.018025900555653927,0.03278878547751754,0.22354501963875176,-0.005001864167124691,-0.439,-0.006,0.689,0.99,0.019,-0.137,-0.0,-0.43246071773774203,-0.012067241759664362,0.6475437364747569
1514,1784635205.3505242,-0.02206291039976375,0.016908055196578863,0.2326515198044622,-0.004028879613769206,-0.439,-0.006,0.69,0.991,0.019,-0.136,-0.0,-0.43246071773774203,-0.012067241759664362,0.6475437364747569
1516,1784635205.3663578,-0.12106615856102226,-0.0023451770232920666,0.24888564121184292,-0.008384781269451472,-0.439,-0.006,0.692,0.991,0.02,-0.134,0.0,-0.4361902886262995,-0.006750408740664602,0.6790934043667936
1517,1784635205.3848069,-0.20128334878461682,0.020054563594726346,0.24055239243784698,-0.008351890187928514,-0.44,-0.006,0.692,0.991,0.02,-0.133,0.0,-0.4361902886262995,-0.006750408740664602,0.6790934043667936
1518,1784635205.4128428,-0.19427983682711197,-0.02922095877520055,0.24662962621286513,-0.008196575851616357,-0.44,-0.006,0.693,0.991,0.019,-0.132,0.0,-0.4361902886262995,-0.006750408740664602,0.6790934043667936
1518,1784635205.483129,-0.1750968332231367,0.012562296675547615,0.24502303409275705,-0.007583968872748194,-0.441,-0.006,0.693,0.991,0.019,-0.131,0.0,-0.4361902886262995,-0.006750408740664602,0.6790934043667936
1522,1784635205.502832,-0.14481503236554732,0.04225968886873639,0.2495175352988017,-0.006558940129481543,-0.442,-0.007,0.691,0.991,0.017,-0.13,0.0,-0.4361902886262995,-0.006750408740664602,0.6790934043667936
1522,1784635205.515819,-0.1779741738358306,-0.05606216977765459,0.26957216179545024,-0.013383055441009461,-0.442,-0.008,0.69,0.991,0.015,-0.129,-0.0,-0.4405124039962734,-0.006334942281287076,0.6924563769520333
1524,1784635205.529494,-0.24071185082236088,-0.15465222457505912,0.24581990504394077,-0.018297646693702395,-0.442,-0.008,0.689,0.992,0.014,-0.129,-0.0,-0.4405124039962734,-0.006334942281287076,0.6924563769520333
1525,1784635205.5480561,-0.18863612408986513,-0.15529894448153356,0.26830629905463366,-0.014563622196148736,-0.442,-0.009,0.687,0.992,0.012,-0.129,-0.0,-0.4405124039962734,-0.006334942281287076,0.6924563769520333
1526,1784635205.5672479,-0.2004311321558292,-0.155524176627948,0.2498751648757707,-0.012751331573697355,-0.443,-0.009,0.684,0.992,0.01,-0.129,-0.001,-0.4405124039962734,-0.006334942281287076,0.6924563769520333
1527,1784635205.588432,-0.18873939256465272,-0.14451447700301268,0.26424717371923506,-0.010734399163920195,-0.443,-0.01,0.683,0.992,0.009,-0.129,-0.001,-0.4405124039962734,-0.006334942281287076,0.6924563769520333
1528,1784635205.6095576,-0.15697189456346342,-0.10207010633656417,0.258248716995632,-0.008057985110485959,-0.443,-0.01,0.681,0.992,0.007,-0.13,-0.001,-0.4405124039962734,-0.006334942281287076,0.6924563769520333
1529,1784635205.6327317,-0.16379515774968267,-0.07439453490458327,0.2488207607779114,-0.007598342942155695,-0.443,-0.01,0.68,0.991,0.005,-0.13,-0.001,-0.4429316470462771,-0.009599193572024232,0.6834158899922342
1529,1784635205.650065,-0.17319229991445106,-0.08973425210577468,0.25258990440730916,-0.007584805873412301,-0.443,-0.011,0.677,0.991,0.003,-0.131,-0.001,-0.4429316470462771,-0.009599193572024232,0.6834158899922342
1531,1784635205.6685584,-0.1238147094720678,-0.017999246966811724,0.25478533759378097,-0.005844605361589016,-0.443,-0.011,0.675,0.991,-0.0,-0.133,-0.002,-0.4429316470462771,-0.009599193572024232,0.6834158899922342
1532,1784635205.6876528,-0.12450750136144467,-0.003456903641862262,0.25441292918412545,-0.005461358888945659,-0.443,-0.012,0.673,0.991,-0.002,-0.134,-0.002,-0.4429316470462771,-0.009599193572024232,0.6834158899922342
1533,1784635205.714378,-0.11084864960429144,0.01387192054576597,0.2558277373854587,-0.0051738023237882375,-0.443,-0.012,0.67,0.991,-0.004,-0.135,-0.002,-0.4429316470462771,-0.009599193572024232,0.6834158899922342
1533,1784635205.734571,-0.12817285369040712,-0.015239114177101241,0.2509100793368551,-0.005811495596549532,-0.444,-0.012,0.667,0.991,-0.007,-0.137,-0.002,-0.4429316470462771,-0.009599193572024232,0.6834158899922342
1535,1784635205.7484095,-0.024968689152733647,0.08514001092734588,0.27754262868999013,0.002507982014660631,-0.444,-0.012,0.664,0.99,-0.01,-0.138,-0.003,-0.4429316470462771,-0.009599193572024232,0.6834158899922342
1536,1784635205.7681174,0.024421424046064615,0.12297097632184337,0.26422454840124776,0.003226675679973842,-0.444,-0.012,0.661,0.99,-0.011,-0.138,-0.003,-0.4429316470462771,-0.009599193572024232,0.6834158899922342
1537,1784635205.788764,0.06709714313829668,0.11185651146838424,0.26987492297828547,0.002055181897704738,-0.444,-0.012,0.658,0.99,-0.013,-0.139,-0.003,-0.4429316470462771,-0.009599193572024232,0.6834158899922342
1538,1784635205.8084784,0.1314907541033636,0.14125104016902595,0.23849658862273132,0.0042128001641365855,-0.444,-0.012,0.655,0.99,-0.014,-0.139,-0.003,-0.4446262708929069,-0.012482902433542276,0.6648078608921575
1539,1784635205.8275442,0.19809492726226752,0.15012089171860005,0.2825301413056883,0.004002365478437941,-0.445,-0.012,0.651,0.99,-0.015,-0.138,-0.003,-0.4446262708929069,-0.012482902433542276,0.6648078608921575
1540,1784635205.847916,0.1799580583551089,0.11796829814315042,0.3053399273984476,0.0035034324420616723,-0.445,-0.011,0.648,0.99,-0.016,-0.138,-0.003,-0.4446262708929069,-0.012482902433542276,0.6648078608921575
1541,1784635205.8676593,0.11139176639941936,0.07346306904767136,0.29145617052462214,0.0020388269634881804,-0.446,-0.011,0.645,0.99,-0.016,-0.137,-0.003,-0.4446262708929069,-0.012482902433542276,0.6648078608921575
1542,1784635205.8892007,0.08183047368333012,0.02995457391124339,0.2885537430028352,0.0010489468496889054,-0.446,-0.009,0.64,0.991,-0.015,-0.135,-0.003,-0.4446262708929069,-0.012482902433542276,0.6648078608921575
1543,1784635205.908061,0.06114920742732188,0.010469572760663425,0.2868618105659833,0.00016927013917278854,-0.446,-0.009,0.638,0.991,-0.014,-0.134,-0.003,-0.4446262708929069,-0.012482902433542276,0.6648078608921575
1544,1784635205.9294446,0.044219430985806024,-0.0026628273510487625,0.27801807552826263,-0.0007205953594576765,-0.447,-0.007,0.635,0.991,-0.012,-0.132,-0.003,-0.4446262708929069,-0.012482902433542276,0.6648078608921575
1545,1784635205.9477043,0.03978088516336972,-0.03460627217553383,0.29184490945773395,-0.000576454439529447,-0.447,-0.006,0.633,0.991,-0.011,-0.131,-0.003,-0.4446262708929069,-0.012482902433542276,0.6648078608921575
1546,1784635205.9700727,0.02987184628971218,-0.02221910996197423,0.2787042828740979,-0.0014562785522780621,-0.447,-0.005,0.632,0.991,-0.009,-0.13,-0.003,-0.4446262708929069,-0.012482902433542276,0.6648078608921575
1547,1784635205.989418,0.12911153242221712,-0.10293136306227624,0.2805336758858252,-0.00046339484679434667,-0.447,-0.004,0.631,0.992,-0.009,-0.129,-0.003,-0.4477159077170915,-0.00989652105792142,0.6427746300294768
1548,1784635206.0089004,0.212002873459384,-0.10208715151305667,0.2831496584398778,-0.000685102177292401,-0.448,-0.003,0.63,0.992,-0.007,-0.129,-0.003,-0.4477159077170915,-0.00989652105792142,0.6427746300294768
1549,1784635206.0338795,0.18143631056843945,-0.09817341024803763,0.2807433888850355,0.0012707490216591945,-0.448,-0.002,0.629,0.992,-0.006,-0.128,-0.002,-0.4477159077170915,-0.00989652105792142,0.6427746300294768
1549,1784635206.0531127,0.1947186503389045,-0.07975511963031445,0.28375156303311194,0.001714991365339263,-0.448,-0.001,0.629,0.992,-0.005,-0.128,-0.002,-0.4477159077170915,-0.00989652105792142,0.6427746300294768
1551,1784635206.0690405,0.1737247705863597,-0.09205571201951435,0.27982270462022785,0.003365179624569743,-0.448,0.001,0.628,0.992,-0.004,-0.128,-0.002,-0.4477159077170915,-0.00989652105792142,0.6427746300294768
1552,1784635206.089521,0.16770003039671114,-0.0465244534536578,0.2793604902243807,0.002740691621573348,-0.448,0.002,0.628,0.992,-0.003,-0.129,-0.002,-0.4477159077170915,-0.00989652105792142,0.6427746300294768
1553,1784635206.1089125,0.21728071586499076,-0.1453547774409354,0.28767002260260455,0.0175368248346748,-0.448,0.003,0.628,0.992,-0.002,-0.129,-0.002,-0.44804888145643396,-0.0006644052089845162,0.6286361393154923
1554,1784635206.1287348,0.19074804192621847,-0.24153866349617376,0.28645513313402854,0.021513629151896127,-0.447,0.005,0.628,0.991,0.0,-0.13,-0.002,-0.44804888145643396,-0.0006644052089845162,0.6286361393154923
1555,1784635206.1488652,0.17684510339499715,-0.2216591843786554,0.2867352528123711,0.017665522651618505,-0.447,0.006,0.629,0.991,0.003,-0.131,-0.001,-0.44804888145643396,-0.0006644052089845162,0.6286361393154923
1556,1784635206.1661887,0.10615568742565967,-0.18755798034021282,0.2822646645749283,0.014082111890250392,-0.446,0.007,0.629,0.991,0.005,-0.132,-0.001,-0.44804888145643396,-0.0006644052089845162,0.6286361393154923
1557,1784635206.187224,0.14302192339151082,-0.19013177916787072,0.2843120363562289,0.011857153285524644,-0.446,0.009,0.631,0.991,0.008,-0.134,-0.001,-0.44804888145643396,-0.0006644052089845162,0.6286361393154923
1558,1784635206.2100377,0.12212754584412364,-0.17177210957831912,0.28254815566626945,0.008024473370509383,-0.445,0.01,0.632,0.991,0.01,-0.136,-0.001,-0.44804888145643396,-0.0006644052089845162,0.6286361393154923
1559,1784635206.2382317,0.12834833581856614,-0.17382071589353668,0.2840287682081708,0.006125205050341378,-0.444,0.01,0.633,0.99,0.012,-0.138,-0.0,-0.44804888145643396,-0.0006644052089845162,0.6286361393154923
1559,1784635206.2529798,0.07798539680329353,-0.12873550100573222,0.27951243064269254,0.0039052546565311306,-0.443,0.011,0.635,0.99,0.015,-0.141,-0.0,-0.44804888145643396,-0.0006644052089845162,0.6286361393154923
1561,1784635206.2688544,0.03523815443328806,-0.02553218294624829,0.26338289338876686,0.004587825985981826,-0.443,0.012,0.636,0.99,0.016,-0.143,-0.0,-0.44508313873893623,0.009417871538677541,0.6312114974671896
1562,1784635206.2932167,-0.00027757422317046393,0.07510068006864314,0.25921285311791686,-0.0015482425593047293,-0.442,0.012,0.638,0.989,0.018,-0.146,-0.0,-0.44508313873893623,0.009417871538677541,0.6312114974671896
1562,1784635206.3125079,-0.06210558411641383,0.13083697982703182,0.25237086606913367,-0.0052349254323302875,-0.441,0.012,0.641,0.989,0.021,-0.149,0.0,-0.44508313873893623,0.009417871538677541,0.6312114974671896
1564,1784635206.3257248,-0.1467606218531432,0.13942752885196996,0.23558945541715182,-0.008306313665985521,-0.441,0.012,0.644,0.988,0.023,-0.152,0.0,-0.44508313873893623,0.009417871538677541,0.6312114974671896
1565,1784635206.3456774,-0.14468603070851502,0.08481177217738589,0.2321400517701664,-0.009016347611774745,-0.44,0.012,0.648,0.988,0.025,-0.154,0.0,-0.44508313873893623,0.009417871538677541,0.6312114974671896
1566,1784635206.3679435,-0.12949333803813462,0.06359646103011414,0.23169615035109017,-0.008034356318904293,-0.44,0.012,0.65,0.988,0.025,-0.155,0.001,-0.44508313873893623,0.009417871538677541,0.6312114974671896
1567,1784635206.3883898,-0.11444268474988317,0.03301696822562036,0.23281970425145693,-0.007122091328807156,-0.44,0.011,0.652,0.988,0.025,-0.155,0.001,-0.44508313873893623,0.009417871538677541,0.6312114974671896
1568,1784635206.40721,-0.06729307125407136,0.07322164506932571,0.24735154822695593,-0.0061679578444836574,-0.44,0.011,0.653,0.988,0.026,-0.155,0.001,-0.44508313873893623,0.009417871538677541,0.6312114974671896
1569,1784635206.4310806,-0.16561073242975666,0.1397932275533217,0.218999108243408,-0.023582277295970556,-0.44,0.01,0.655,0.988,0.025,-0.155,0.001,-0.44012172335641225,0.012173475114295111,0.6464984606141463
1570,1784635206.4554973,-0.26146750000656266,0.09256355766161117,0.22811408193547145,-0.028226396008029855,-0.44,0.01,0.656,0.988,0.025,-0.155,0.001,-0.44012172335641225,0.012173475114295111,0.6464984606141463
1570,1784635206.4715536,-0.2700413500849571,0.14043501265402836,0.23670368040471787,-0.021100007945195735,-0.44,0.009,0.658,0.988,0.024,-0.154,0.001,-0.44012172335641225,0.012173475114295111,0.6464984606141463
1572,1784635206.4911604,-0.25871120557932054,0.14291150988376655,0.23185601696784117,-0.01787194420896615,-0.44,0.008,0.658,0.988,0.024,-0.154,0.001,-0.44012172335641225,0.012173475114295111,0.6464984606141463
1573,1784635206.5077415,-0.24559584106951496,0.14373424912681323,0.23989056994741023,-0.015337765742771504,-0.441,0.007,0.659,0.988,0.022,-0.152,0.001,-0.44012172335641225,0.012173475114295111,0.6464984606141463
1574,1784635206.5296257,-0.22941197502502056,0.13142895658207523,0.23532995739061338,-0.014917788010805996,-0.441,0.005,0.66,0.988,0.02,-0.151,0.0,-0.44012172335641225,0.012173475114295111,0.6464984606141463
1575,1784635206.5531719,-0.22056371293801613,0.12424785214080962,0.24089791567783753,-0.014619074568519852,-0.441,0.004,0.66,0.988,0.019,-0.15,0.0,-0.44012172335641225,0.012173475114295111,0.6464984606141463
1575,1784635206.5725856,-0.20317709327814598,0.11981379431919188,0.2390231236759148,-0.013570376999471537,-0.441,0.003,0.66,0.989,0.016,-0.149,0.0,-0.44012172335641225,0.012173475114295111,0.6464984606141463
1577,1784635206.588111,-0.1994811441989347,0.12381803139882445,0.24157307826273797,-0.012251101820784791,-0.442,0.002,0.659,0.989,0.013,-0.148,-0.0,-0.44012172335641225,0.012173475114295111,0.6464984606141463
1578,1784635206.608355,-0.09477201148536474,0.020725836572634923,0.2816657376528489,-0.04149169630378613,-0.442,-0.0,0.657,0.989,0.009,-0.146,-0.001,-0.44046531984693055,0.00630535451188486,0.6595605352396952
1579,1784635206.628351,-0.1738782568374339,-0.07970408321281229,0.2520082428411207,-0.045532339973083334,-0.442,-0.002,0.656,0.989,0.006,-0.145,-0.001,-0.44046531984693055,0.00630535451188486,0.6595605352396952
1580,1784635206.6481793,-0.1560739856828417,-0.17530412820099572,0.2622079751556018,-0.03914507027588096,-0.442,-0.003,0.655,0.99,0.004,-0.144,-0.001,-0.44046531984693055,0.00630535451188486,0.6595605352396952
1581,1784635206.6668427,-0.05440995897233608,-0.2091918046446559,0.30506570662281846,-0.028442910540360324,-0.443,-0.005,0.653,0.99,0.0,-0.142,-0.002,-0.44046531984693055,0.00630535451188486,0.6595605352396952
1582,1784635206.6887517,-0.1400494685733148,-0.15015446686848125,0.3003112054980995,-0.026966337033634276,-0.443,-0.007,0.651,0.99,-0.004,-0.141,-0.002,-0.44046531984693055,0.00630535451188486,0.6595605352396952
1583,1784635206.7084925,-0.11753947541963336,-0.1573945186211152,0.2972154146546316,-0.02029250594270433,-0.443,-0.008,0.649,0.99,-0.007,-0.14,-0.002,-0.44046531984693055,0.00630535451188486,0.6595605352396952
1584,1784635206.7278657,-0.07794321069409188,-0.07107709038078759,0.2894481421927847,-0.0133002152881651,-0.443,-0.01,0.647,0.99,-0.009,-0.141,-0.002,-0.4428560939135765,-0.004622425698385096,0.6533378335451119
1585,1784635206.7468092,-0.0777616890399798,-0.09361686251716902,0.28469989464156276,-0.01025589627388098,-0.443,-0.011,0.647,0.99,-0.011,-0.142,-0.002,-0.4428560939135765,-0.004622425698385096,0.6533378335451119
1586,1784635206.7654872,-0.06191794081418703,-0.08639219424675951,0.2812011870402193,-0.007844489691257674,-0.444,-0.012,0.647,0.989,-0.013,-0.144,-0.002,-0.4428560939135765,-0.004622425698385096,0.6533378335451119
1587,1784635206.7871673,-0.05450846723170248,0.015758620765236583,0.27219761094606465,-0.008783343279193265,-0.444,-0.013,0.647,0.989,-0.014,-0.146,-0.002,-0.4428560939135765,-0.004622425698385096,0.6533378335451119
1588,1784635206.8123672,-0.03927304359649307,-0.004992213536988255,0.27413296925045416,-0.004794380817871369,-0.444,-0.013,0.648,0.989,-0.015,-0.148,-0.002,-0.4428560939135765,-0.004622425698385096,0.6533378335451119
1588,1784635206.8321643,-0.026362436661842584,-0.0009257988686412894,0.272022969077686,-0.003110587283551564,-0.444,-0.014,0.648,0.989,-0.016,-0.149,-0.002,-0.4428560939135765,-0.004622425698385096,0.6533378335451119
1590,1784635206.8481832,-0.018378434143366547,0.005860837405441424,0.27002972912645573,-0.002158113564935421,-0.445,-0.014,0.649,0.988,-0.016,-0.151,-0.002,-0.4428560939135765,-0.004622425698385096,0.6533378335451119
1591,1784635206.8674986,0.08201361671787907,0.10570494474531268,0.2294722655547712,0.0022717206443153342,-0.445,-0.015,0.651,0.988,-0.018,-0.152,-0.002,-0.4442218383984293,-0.013257961671216123,0.6474345258659473
1592,1784635206.8903074,0.1795004319776011,0.20305693778167844,0.21501152555178663,0.0018029873406155477,-0.446,-0.015,0.654,0.988,-0.018,-0.153,-0.002,-0.4442218383984293,-0.013257961671216123,0.6474345258659473
1593,1784635206.9095144,0.1669102729058883,0.1864256491600563,0.24058390004103875,0.0025117864613997763,-0.447,-0.015,0.656,0.988,-0.019,-0.154,-0.002,-0.4442218383984293,-0.013257961671216123,0.6474345258659473
1594,1784635206.9264421,0.17445506746007394,0.19684100014812816,0.2197743767701454,0.0033319869569022483,-0.448,-0.015,0.657,0.988,-0.019,-0.154,-0.002,-0.4442218383984293,-0.013257961671216123,0.6474345258659473
1595,1784635206.948451,0.17891135981719067,0.1963649209004162,0.2203828640151401,0.0037731846504735437,-0.449,-0.014,0.66,0.988,-0.019,-0.154,-0.002,-0.4442218383984293,-0.013257961671216123,0.6474345258659473
1596,1784635206.9719114,0.1639518360143633,0.17213057628060893,0.22256234374642347,0.003998859548898978,-0.449,-0.014,0.661,0.988,-0.019,-0.153,-0.002,-0.4442218383984293,-0.013257961671216123,0.6474345258659473
1597,1784635206.9912813,0.13334779819617848,0.1505243623360537,0.24220171965455214,0.004018335364709109,-0.451,-0.014,0.663,0.988,-0.018,-0.152,-0.002,-0.4442218383984293,-0.013257961671216123,0.6474345258659473
1597,1784635207.0084784,0.10898772963782477,0.13268502704848664,0.2161924265995622,0.0029701410551759722,-0.452,-0.013,0.664,0.988,-0.017,-0.151,-0.002,-0.4442218383984293,-0.013257961671216123,0.6474345258659473
1599,1784635207.0294785,0.19846255728821607,0.1901318615742954,0.24874968827458688,0.0052639025762979495,-0.453,-0.012,0.664,0.989,-0.016,-0.149,-0.002,-0.44885941750214997,-0.014085114323318906,0.6605702794748345
1600,1784635207.046274,0.1860985306283906,0.1962101030244211,0.22727417410429956,0.0043062756946468835,-0.454,-0.012,0.664,0.989,-0.015,-0.148,-0.002,-0.44885941750214997,-0.014085114323318906,0.6605702794748345
1601,1784635207.0670469,0.15484454436447243,0.17407290425901775,0.24737938561402945,0.0046114672338578334,-0.456,-0.011,0.664,0.989,-0.013,-0.145,-0.001,-0.44885941750214997,-0.014085114323318906,0.6605702794748345
1602,1784635207.0866058,0.17113263052867528,0.18535658657259696,0.23378437332731303,0.00498808880609141,-0.457,-0.01,0.664,0.99,-0.011,-0.143,-0.001,-0.44885941750214997,-0.014085114323318906,0.6605702794748345
1603,1784635207.10507,0.12610603037404325,0.14986337747689488,0.24701475748127846,0.004325716500569976,-0.459,-0.009,0.663,0.99,-0.009,-0.14,-0.001,-0.44885941750214997,-0.014085114323318906,0.6605702794748345
1604,1784635207.1271825,0.06842326824351916,0.11552802161294792,0.24513622582810302,0.002597252339797701,-0.461,-0.008,0.661,0.991,-0.007,-0.137,-0.001,-0.44885941750214997,-0.014085114323318906,0.6605702794748345
1605,1784635207.1460545,0.10113999496442472,0.1330014454780536,0.243723548129664,0.003967462689137261,-0.463,-0.006,0.659,0.991,-0.004,-0.134,-0.0,-0.44885941750214997,-0.014085114323318906,0.6605702794748345
1606,1784635207.1664221,0.08852052437118721,0.11206443971167238,0.24635251731280214,0.004329190469304839,-0.464,-0.005,0.657,0.991,-0.002,-0.131,0.0,-0.44885941750214997,-0.014085114323318906,0.6605702794748345
1607,1784635207.1864815,0.13384787505266707,0.009578113994488782,0.26979627627976976,0.011303916936332575,-0.466,-0.004,0.655,0.992,0.0,-0.129,0.0,-0.4593363642069012,-0.00835979650667883,0.6620564727254818
1608,1784635207.208709,0.14761162472887718,-0.04500216768479185,0.2529971570653237,0.01517073090659014,-0.467,-0.003,0.654,0.992,0.002,-0.128,0.0,-0.4593363642069012,-0.00835979650667883,0.6620564727254818
1609,1784635207.229961,0.1588037082954592,-0.13237501429576382,0.2851302923337188,0.016820254850179496,-0.468,-0.002,0.651,0.992,0.003,-0.126,0.001,-0.4593363642069012,-0.00835979650667883,0.6620564727254818
1610,1784635207.2571359,0.16694757571913615,-0.10559282844358711,0.2896804535979888,0.012653751302841444,-0.469,-0.001,0.65,0.992,0.004,-0.125,0.001,-0.4593363642069012,-0.00835979650667883,0.6620564727254818
1610,1784635207.2855933,0.16071620971709857,-0.08482130067901084,0.29085714273241847,0.009670464749302506,-0.471,-0.0,0.648,0.992,0.005,-0.124,0.001,-0.4593363642069012,-0.00835979650667883,0.6620564727254818
1612,1784635207.3118422,0.12638687463177006,0.017247053771227816,0.3009513515513425,-6.486668307714195e-05,-0.473,0.001,0.644,0.992,0.007,-0.123,0.001,-0.4593363642069012,-0.00835979650667883,0.6620564727254818
1612,1784635207.3393106,0.1342931298829526,-0.022636350553744855,0.2900748054678822,0.0008460692956112599,-0.474,0.002,0.642,0.992,0.009,-0.123,0.001,-0.4593363642069012,-0.00835979650667883,0.6620564727254818
1615,1784635207.3677926,0.08353573910934828,-0.03909562039434387,0.2800235990842803,0.002689422077638873,-0.476,0.003,0.64,0.992,0.011,-0.124,0.001,-0.47107559893167616,-0.00014160503239460213,0.6468468169220404
1615,1784635207.4062119,0.05899039617726225,-0.05688948391467936,0.27463303997673555,0.0020837437907033165,-0.478,0.005,0.639,0.992,0.014,-0.126,0.001,-0.47107559893167616,-0.00014160503239460213,0.6468468169220404
1619,1784635207.4360754,0.0065017470050025145,-0.06571195910887057,0.2695169980801669,0.0017881623796781837,-0.481,0.006,0.64,0.992,0.018,-0.127,0.002,-0.47107559893167616,-0.00014160503239460213,0.6468468169220404
1619,1784635207.450601,-0.09193183171999306,0.03349862226183947,0.24785317127401799,0.0006992886939774547,-0.484,0.006,0.642,0.992,0.021,-0.128,0.002,-0.47107559893167616,-0.00014160503239460213,0.6468468169220404
1621,1784635207.4676635,-0.08166448841184028,-0.001688064846054882,0.2556500655210908,-0.0009819834119009015,-0.485,0.006,0.644,0.991,0.023,-0.129,0.002,-0.47107559893167616,-0.00014160503239460213,0.6468468169220404
1622,1784635207.4889874,-0.1721751862005169,0.054133370977558506,0.25368231930217666,-0.001070192081517178,-0.486,0.006,0.645,0.991,0.023,-0.129,0.002,-0.48019197564490124,0.005675043040437776,0.6387888030384028
1623,1784635207.5079129,-0.20612633128334226,0.0817633293909005,0.24546718381910834,-0.0018707334224305591,-0.487,0.006,0.647,0.991,0.024,-0.129,0.002,-0.48019197564490124,0.005675043040437776,0.6387888030384028
1624,1784635207.525534,-0.18908426937783673,0.07570342047375053,0.2441720705988191,-0.0028722122230097243,-0.488,0.005,0.649,0.991,0.024,-0.129,0.002,-0.48019197564490124,0.005675043040437776,0.6387888030384028
1625,1784635207.5494213,-0.17314836776881376,0.07733229487641505,0.2442268498400646,-0.0035757327300949236,-0.489,0.005,0.651,0.991,0.024,-0.13,0.002,-0.48019197564490124,0.005675043040437776,0.6387888030384028
1626,1784635207.5673692,-0.16934139538295562,0.12763245579616675,0.23117654899988135,-0.0031840932941830085,-0.49,0.004,0.652,0.991,0.023,-0.13,0.002,-0.48019197564490124,0.005675043040437776,0.6387888030384028
1627,1784635207.5857594,-0.1504483697009791,0.06636442725165936,0.23477846479041584,-0.004430834629516141,-0.491,0.003,0.654,0.991,0.023,-0.129,0.002,-0.48019197564490124,0.005675043040437776,0.6387888030384028
1628,1784635207.6058078,-0.24667875230959982,0.008096107805736302,0.24209391354329043,-0.008291429937281988,-0.493,0.002,0.655,0.991,0.021,-0.129,0.002,-0.4899750492978908,0.004162484815358065,0.6518213423890663
1629,1784635207.626202,-0.23304171495223924,0.001258736652910153,0.23831049786177116,-0.00780504888359898,-0.494,0.002,0.656,0.992,0.02,-0.129,0.002,-0.4899750492978908,0.004162484815358065,0.6518213423890663
1630,1784635207.6461236,-0.20672290585459813,-0.00922561438697607,0.24377010391735002,-0.007253892678103158,-0.495,0.0,0.657,0.992,0.018,-0.128,0.002,-0.4899750492978908,0.004162484815358065,0.6518213423890663
1631,1784635207.67113,-0.19497905831054835,-0.009291109675999751,0.2414770783691027,-0.006571303090975391,-0.496,-0.001,0.657,0.992,0.015,-0.127,0.002,-0.4899750492978908,0.004162484815358065,0.6518213423890663
1631,1784635207.6965427,-0.144798002452848,0.058510619616179954,0.24078475135995947,-0.0028396921672159932,-0.497,-0.001,0.658,0.992,0.014,-0.127,0.001,-0.4899750492978908,0.004162484815358065,0.6518213423890663
1633,1784635207.7210548,-0.17981277232971604,0.017201969355664815,0.24739140624063097,-0.005591783789119352,-0.499,-0.003,0.658,0.992,0.011,-0.126,0.001,-0.4899750492978908,0.004162484815358065,0.6518213423890663
1633,1784635207.7472587,-0.09256977762126213,0.11139823589750843,0.24601023630599994,0.0011351210798369888,-0.501,-0.005,0.657,0.992,0.006,-0.126,0.001,-0.4899750492978908,0.004162484815358065,0.6518213423890663
1636,1784635207.7739158,-0.19014526899826453,0.009135874701449678,0.248649068975687,-0.007917687863022426,-0.503,-0.007,0.656,0.992,0.003,-0.125,0.0,-0.4992574754775022,-0.0034524798893588275,0.6575292603839006
1636,1784635207.7994976,-0.1575453657457354,-0.0008081783638247686,0.24869049123516843,-0.006654439899329904,-0.504,-0.008,0.654,0.992,-0.0,-0.125,-0.0,-0.4992574754775022,-0.0034524798893588275,0.6575292603839006
1638,1784635207.8247573,-0.12898022487032496,-0.0029537750112882226,0.2770747437728672,-0.005866650788937597,-0.506,-0.01,0.652,0.992,-0.004,-0.125,-0.001,-0.4992574754775022,-0.0034524798893588275,0.6575292603839006
1638,1784635207.8495634,-0.12320253715204088,-0.003379872183160458,0.28344053080460063,-0.005056240102206917,-0.508,-0.011,0.65,0.992,-0.007,-0.124,-0.001,-0.4992574754775022,-0.0034524798893588275,0.6575292603839006
1641,1784635207.875566,-0.10209178339451376,0.005087419233055361,0.2859511751316021,-0.003708751753028197,-0.509,-0.013,0.648,0.992,-0.01,-0.124,-0.001,-0.4992574754775022,-0.0034524798893588275,0.6575292603839006
1641,1784635207.9010966,-0.08805533209343695,0.0075145072497731545,0.286861034841554,-0.0033186779259860317,-0.511,-0.014,0.644,0.992,-0.013,-0.123,-0.002,-0.4992574754775022,-0.0034524798893588275,0.6575292603839006
1643,1784635207.9259686,-0.07618394897762919,0.013284351149239811,0.2857929685903028,-0.0027214475883494335,-0.513,-0.015,0.642,0.992,-0.015,-0.123,-0.002,-0.4992574754775022,-0.0034524798893588275,0.6575292603839006
1643,1784635207.9484322,-0.04573313726826786,0.013706016557170846,0.2839102849492863,-0.0016864533954080918,-0.515,-0.015,0.639,0.992,-0.018,-0.123,-0.002,-0.4992574754775022,-0.0034524798893588275,0.6575292603839006
1646,1784635207.9773605,0.05540993639971459,0.11336247352993681,0.28188979983987,0.006303102290478897,-0.517,-0.016,0.638,0.992,-0.019,-0.123,-0.002,-0.5093862952663064,-0.0126572826957357,0.6472242747581609
1646,1784635208.0072958,0.09771925706600348,0.09759734744580985,0.274996285952714,0.010309128971234042,-0.518,-0.016,0.636,0.992,-0.021,-0.123,-0.002,-0.5093862952663064,-0.0126572826957357,0.6472242747581609
1649,1784635208.0353432,0.128371711695918,0.09147108821861172,0.27208924654481026,0.009114064670172627,-0.52,-0.015,0.635,0.992,-0.022,-0.123,-0.002,-0.5093862952663064,-0.0126572826957357,0.6472242747581609
1649,1784635208.0632107,0.13029127620848394,0.07067162791234263,0.2697801977111003,0.0068862571402815344,-0.522,-0.015,0.635,0.992,-0.022,-0.123,-0.003,-0.5093862952663064,-0.0126572826957357,0.6472242747581609
1651,1784635208.0892658,0.2269978529243445,0.07755056175595416,0.2659607783243753,0.008361456617337603,-0.523,-0.014,0.635,0.992,-0.023,-0.122,-0.003,-0.5195088980917242,-0.015555019255908215,0.6356816728067867
1651,1784635208.1255622,0.2460458058271232,0.06760581270831131,0.26337973409468635,0.007231608565044968,-0.525,-0.012,0.635,0.992,-0.022,-0.121,-0.003,-0.5195088980917242,-0.015555019255908215,0.6356816728067867
1654,1784635208.1443326,0.20431107519619657,0.033536220561185624,0.26414629975882703,0.006393074821491667,-0.526,-0.01,0.636,0.993,-0.021,-0.119,-0.003,-0.5195088980917242,-0.015555019255908215,0.6356816728067867
1655,1784635208.1585846,0.2031041783365625,0.05779338474758056,0.2564462978691418,0.004687601429433046,-0.527,-0.009,0.637,0.993,-0.02,-0.119,-0.003,-0.5195088980917242,-0.015555019255908215,0.6356816728067867
1655,1784635208.1741037,0.18901752482684353,0.020647884463106447,0.2638980756044022,0.00514268492037001,-0.528,-0.008,0.637,0.993,-0.018,-0.118,-0.002,-0.5195088980917242,-0.015555019255908215,0.6356816728067867
1657,1784635208.1910734,0.16282167618228377,0.019969325389108825,0.261601066461331,0.004414918436619661,-0.529,-0.006,0.638,0.993,-0.016,-0.117,-0.002,-0.5195088980917242,-0.015555019255908215,0.6356816728067867
1658,1784635208.2073646,0.2449036926710758,-0.07937655616395192,0.28671266429366193,0.017163460429462228,-0.53,-0.004,0.638,0.993,-0.014,-0.117,-0.002,-0.5281385118322616,-0.0073881801223722905,0.6370915770394106
1659,1784635208.2269754,0.23895862369506263,-0.16627313432044152,0.29228888048746077,0.020168328807816917,-0.531,-0.003,0.639,0.993,-0.011,-0.116,-0.002,-0.5281385118322616,-0.0073881801223722905,0.6370915770394106
1660,1784635208.247895,0.2189985792241643,-0.15994522212461926,0.2935257016115552,0.016054574059026293,-0.531,-0.001,0.639,0.993,-0.008,-0.116,-0.001,-0.5281385118322616,-0.0073881801223722905,0.6370915770394106
1661,1784635208.266918,0.20388339593141797,-0.13720079228117024,0.2909369325630342,0.011527805895680057,-0.532,0.001,0.64,0.993,-0.006,-0.115,-0.001,-0.5281385118322616,-0.0073881801223722905,0.6370915770394106
1662,1784635208.2876568,0.15292069418539062,-0.051156238706060495,0.2781791631342643,0.004793215870285087,-0.533,0.004,0.642,0.993,-0.001,-0.116,-0.001,-0.5281385118322616,-0.0073881801223722905,0.6370915770394106
1663,1784635208.3074832,0.18619631570715056,-0.09266501947961082,0.28618786752436864,0.0051572141262065385,-0.534,0.006,0.643,0.993,0.001,-0.117,-0.001,-0.5281385118322616,-0.0073881801223722905,0.6370915770394106
1664,1784635208.3290312,0.16863007430730198,-0.07173510178010085,0.28361239423848766,0.004343528361893535,-0.535,0.008,0.645,0.993,0.004,-0.118,-0.0,-0.5281385118322616,-0.0073881801223722905,0.6370915770394106
1665,1784635208.3472748,0.10231988864041729,-0.04850405822234273,0.24877456427953282,0.005224940867489132,-0.535,0.01,0.648,0.993,0.008,-0.119,-0.0,-0.5341388367231859,0.006423776289018749,0.6440257515551326
1666,1784635208.368328,0.13709196338503316,-0.12814168328480074,0.2571202648095523,0.006143157377551099,-0.536,0.012,0.652,0.993,0.012,-0.121,0.0,-0.5341388367231859,0.006423776289018749,0.6440257515551326
1667,1784635208.3919556,0.13912701856540144,-0.14463345189743854,0.2242719602030976,0.005995415480283844,-0.537,0.014,0.655,0.992,0.015,-0.123,0.001,-0.5341388367231859,0.006423776289018749,0.6440257515551326
1668,1784635208.4098704,0.11964971030409796,-0.1309526771460457,0.24826026799826648,0.004467616370641776,-0.537,0.015,0.657,0.992,0.017,-0.124,0.001,-0.5341388367231859,0.006423776289018749,0.6440257515551326
1669,1784635208.4341123,0.11227810780694619,-0.12527634256354278,0.2116731310593315,0.002763777246677685,-0.537,0.016,0.66,0.992,0.019,-0.124,0.001,-0.5341388367231859,0.006423776289018749,0.6440257515551326
1669,1784635208.4538298,0.11150113963874504,-0.09990922359103452,0.232472711168955,0.001582883311978537,-0.538,0.018,0.663,0.992,0.02,-0.125,0.001,-0.5341388367231859,0.006423776289018749,0.6440257515551326
1671,1784635208.4735491,0.1151699085395274,-0.1314894079784482,0.2494102007305458,0.0012717845648916076,-0.538,0.018,0.665,0.992,0.022,-0.126,0.001,-0.5341388367231859,0.006423776289018749,0.6440257515551326
1671,1784635208.4899004,0.11025005510855694,-0.11991776237792136,0.237395657758981,0.0005512127772514459,-0.538,0.019,0.667,0.992,0.023,-0.127,0.001,-0.5341388367231859,0.006423776289018749,0.6440257515551326
1673,1784635208.50934,0.0075021226960220455,-0.016965071769216092,0.23705326530775084,-0.0014847339617737592,-0.539,0.02,0.67,0.991,0.025,-0.129,0.002,-0.5366961715392129,0.018731529432941207,0.6649388832242074
1674,1784635208.526084,-0.06407643081150045,0.02904184737523495,0.2421155639806393,-0.004706838331106559,-0.539,0.021,0.672,0.991,0.027,-0.13,0.002,-0.5366961715392129,0.018731529432941207,0.6649388832242074
1675,1784635208.5465798,-0.10009004303832089,0.07447213644056022,0.23680396411362067,-0.005884822831341476,-0.539,0.022,0.673,0.991,0.028,-0.131,0.002,-0.5366961715392129,0.018731529432941207,0.6649388832242074
1676,1784635208.567346,-0.09378312293529636,0.05349210507889608,0.24600537204185954,-0.007209868285590018,-0.54,0.022,0.674,0.991,0.029,-0.133,0.002,-0.5366961715392129,0.018731529432941207,0.6649388832242074
1677,1784635208.5850542,-0.10649763962012555,0.06350424320365486,0.2381093876192884,-0.007833203137012097,-0.54,0.022,0.675,0.991,0.03,-0.133,0.002,-0.5366961715392129,0.018731529432941207,0.6649388832242074
1678,1784635208.6072395,-0.13848184647785705,0.12051659364046272,0.2425473338431812,-0.008373994591652313,-0.54,0.022,0.675,0.99,0.031,-0.134,0.002,-0.5366961715392129,0.018731529432941207,0.6649388832242074
1679,1784635208.6265557,-0.115774642023879,0.07482005300695985,0.2428203656159602,-0.009046721724300983,-0.541,0.022,0.675,0.99,0.031,-0.134,0.002,-0.5366961715392129,0.018731529432941207,0.6649388832242074
1680,1784635208.6483843,-0.11522327167414853,0.06008338944637053,0.24432035953052872,-0.008960471146391742,-0.541,0.022,0.675,0.99,0.031,-0.134,0.002,-0.5366961715392129,0.018731529432941207,0.6649388832242074
1681,1784635208.6757529,-0.105531793187793,0.05009192884361638,0.24450451298672263,-0.008496327302087003,-0.541,0.022,0.675,0.99,0.03,-0.134,0.002,-0.5366961715392129,0.018731529432941207,0.6649388832242074
1681,1784635208.6972065,-0.12099933439298768,0.052283937443411754,0.24979121946569788,-0.008012891000700536,-0.542,0.021,0.674,0.991,0.03,-0.134,0.002,-0.5366961715392129,0.018731529432941207,0.6649388832242074
1683,1784635208.7165139,-0.21793787431349884,0.14846008665711,0.24449582750365378,-0.010110718801346018,-0.542,0.02,0.673,0.991,0.029,-0.133,0.002,-0.5400368761376452,0.022364005069125475,0.6749195237642942
1683,1784635208.7367928,-0.2501226704071019,0.15748156144838746,0.2525031662831474,-0.01094080204418801,-0.542,0.019,0.672,0.991,0.028,-0.133,0.002,-0.5400368761376452,0.022364005069125475,0.6749195237642942
1685,1784635208.755712,-0.23622240931934793,0.1420764288080119,0.24126422114365387,-0.01084909901691243,-0.542,0.019,0.671,0.991,0.027,-0.132,0.002,-0.5400368761376452,0.022364005069125475,0.6749195237642942
1685,1784635208.7772715,-0.22518560864218107,0.12434844002820045,0.24828187983499775,-0.010124128575997003,-0.543,0.017,0.669,0.991,0.026,-0.131,0.002,-0.5400368761376452,0.022364005069125475,0.6749195237642942
1687,1784635208.7931893,-0.20823586293827862,0.11134628518038686,0.24810514369203762,-0.00919156440581586,-0.543,0.016,0.667,0.991,0.024,-0.13,0.002,-0.5400368761376452,0.022364005069125475,0.6749195237642942
1687,1784635208.824782,-0.19649070653058823,0.09879811374948269,0.2499797955506779,-0.008091166957893088,-0.543,0.015,0.665,0.991,0.022,-0.129,0.002,-0.5400368761376452,0.022364005069125475,0.6749195237642942
1689,1784635208.8546903,-0.16125220484546066,0.07327388404738898,0.25120563509951055,-0.007664721863319718,-0.544,0.012,0.662,0.992,0.018,-0.127,0.001,-0.5400368761376452,0.022364005069125475,0.6749195237642942
1691,1784635208.88419,-0.18709056602794083,-0.00022936706393987538,0.26316064050915067,-0.00914825377116392,-0.544,0.01,0.658,0.992,0.014,-0.125,0.001,-0.5427673917212483,0.01687664553013179,0.6685343359138933
1691,1784635208.9158595,-0.11321180210823083,-0.03122688966890743,0.2788193753689559,-0.00799229921313805,-0.544,0.008,0.654,0.992,0.011,-0.124,0.001,-0.5427673917212483,0.01687664553013179,0.6685343359138933
1694,1784635208.9414546,-0.14390725005296628,-0.040897119628328454,0.3076469229523201,-0.006917208079146477,-0.544,0.005,0.649,0.992,0.007,-0.122,0.0,-0.5427673917212483,0.01687664553013179,0.6685343359138933
1694,1784635208.9683416,-0.1363583694773185,-0.030645686516175108,0.3122753343831854,-0.0049527412049625965,-0.544,0.003,0.646,0.993,0.004,-0.121,-0.0,-0.5427673917212483,0.01687664553013179,0.6685343359138933
1697,1784635208.9925544,-0.12996515586269244,-0.032254602323712314,0.30599099812157304,-0.003427543272546397,-0.543,0.001,0.642,0.993,0.001,-0.12,-0.0,-0.5427673917212483,0.01687664553013179,0.6685343359138933
1697,1784635209.0259764,-0.0921462125768194,-0.01874920754261541,0.32327501110685336,-0.0030448203613979616,-0.543,-0.002,0.638,0.993,-0.002,-0.12,-0.001,-0.5427673917212483,0.01687664553013179,0.6685343359138933
1699,1784635209.0562963,-0.10688093674752831,-0.03631890399615503,0.3036995033054565,-0.002086509779138163,-0.542,-0.005,0.635,0.993,-0.006,-0.12,-0.001,-0.5427673917212483,0.01687664553013179,0.6685343359138933
1701,1784635209.0797346,-0.013083968907051893,-0.09779020498113651,0.3270586296972817,-0.0008508133643182658,-0.541,-0.007,0.634,0.993,-0.009,-0.121,-0.001,-0.5438392301197665,0.004476215221248466,0.6484621223469653
1701,1784635209.1040425,-0.028749522040568742,-0.08531713171238517,0.3249489554361896,0.0028123352877742103,-0.541,-0.008,0.635,0.993,-0.01,-0.121,-0.001,-0.5438392301197665,0.004476215221248466,0.6484621223469653
1703,1784635209.1209712,-0.00823765249323661,-0.055952221650947216,0.32580979460757936,0.004563283047061323,-0.54,-0.009,0.636,0.993,-0.011,-0.122,-0.002,-0.5438392301197665,0.004476215221248466,0.6484621223469653
1703,1784635209.134306,0.010692720790274342,-0.08609885278463575,0.319685121303357,0.0053147726814404194,-0.539,-0.01,0.639,0.992,-0.013,-0.122,-0.002,-0.5438392301197665,0.004476215221248466,0.6484621223469653
1705,1784635209.153281,0.07635385396338587,-0.020582661229961344,0.27854510591325604,0.0030324566686593052,-0.539,-0.01,0.64,0.992,-0.013,-0.122,-0.002,-0.5413148643289223,-0.006756724911350161,0.6342444080939369
1705,1784635209.1748905,0.08889186305058688,-0.016464017463504496,0.2664955551271885,0.003155389248187359,-0.538,-0.011,0.644,0.992,-0.014,-0.123,-0.002,-0.5413148643289223,-0.006756724911350161,0.6342444080939369
1707,1784635209.1988401,0.08818102352782095,0.009732810346625098,0.26812538005024333,0.0032202627189808356,-0.537,-0.011,0.648,0.992,-0.014,-0.123,-0.002,-0.5413148643289223,-0.006756724911350161,0.6342444080939369
1707,1784635209.214484,0.0908853120613848,-0.035844312634177686,0.21384502472464212,0.0036827944991250855,-0.536,-0.011,0.655,0.992,-0.015,-0.124,-0.002,-0.5413148643289223,-0.006756724911350161,0.6342444080939369
1709,1784635209.2307074,0.06607646258705703,-0.13493182928680691,0.21424934089751194,0.0068641150220467234,-0.535,-0.011,0.659,0.992,-0.014,-0.125,-0.002,-0.5413148643289223,-0.006756724911350161,0.6342444080939369
1710,1784635209.2513323,0.07411247620378608,-0.09140274351682279,0.24410063914315233,0.005319242049367557,-0.534,-0.011,0.666,0.992,-0.014,-0.125,-0.002,-0.5413148643289223,-0.006756724911350161,0.6342444080939369
1711,1784635209.2703562,0.07183793669393913,-0.0329061936390856,0.23840582994449783,0.004466211287054986,-0.533,-0.011,0.672,0.992,-0.013,-0.125,-0.002,-0.5413148643289223,-0.006756724911350161,0.6342444080939369
1712,1784635209.290761,0.06874560823707125,-0.07180924110023276,0.23545588497125208,0.004248662378194434,-0.531,-0.011,0.677,0.992,-0.013,-0.126,-0.002,-0.5413148643289223,-0.006756724911350161,0.6342444080939369
1713,1784635209.3082361,0.0642581066869053,-0.06517787910140274,0.23974280870104903,0.0039226337145938945,-0.53,-0.01,0.682,0.992,-0.012,-0.126,-0.002,-0.5413148643289223,-0.006756724911350161,0.6342444080939369
1714,1784635209.3259351,0.16168650967553594,0.03625443872995604,0.2729934591492923,-0.005654892982043464,-0.529,-0.01,0.686,0.992,-0.011,-0.127,-0.002,-0.5342963282347042,-0.011265724317528182,0.6598638735122142
1715,1784635209.3473368,0.190354607814945,0.13534785268718616,0.2541741753814564,-0.0103678511121276,-0.527,-0.009,0.69,0.992,-0.01,-0.127,-0.002,-0.5342963282347042,-0.011265724317528182,0.6598638735122142
1716,1784635209.3700874,0.16201540438908207,0.12750196180000828,0.25997804051398576,-0.007403559032043403,-0.525,-0.009,0.694,0.992,-0.01,-0.128,-0.002,-0.5342963282347042,-0.011265724317528182,0.6598638735122142
1717,1784635209.388517,0.13853534132014464,0.02748021730001196,0.24338256674376457,0.0010767312759752783,-0.524,-0.008,0.697,0.992,-0.009,-0.128,-0.001,-0.5342963282347042,-0.011265724317528182,0.6598638735122142
1718,1784635209.4087386,0.11770232919893289,-0.06529555852979611,0.2568601806835614,0.0036122984354599176,-0.522,-0.007,0.7,0.992,-0.008,-0.128,-0.001,-0.5342963282347042,-0.011265724317528182,0.6598638735122142
1719,1784635209.4278746,0.12480141191641778,0.03515077728044412,0.260312966603067,-0.0007171896531371195,-0.521,-0.007,0.703,0.992,-0.006,-0.128,-0.001,-0.5342963282347042,-0.011265724317528182,0.6598638735122142
1720,1784635209.4470065,0.040123308035962216,-0.06569792450772803,0.22767921527978657,0.005230191166477461,-0.519,-0.006,0.706,0.992,-0.005,-0.128,-0.001,-0.5254592705870809,-0.008838547525670835,0.6932014767589727
1721,1784635209.467203,0.04284870044693406,-0.032118263505867786,0.26303253703674195,0.002457130842420041,-0.517,-0.005,0.708,0.992,-0.003,-0.127,-0.001,-0.5254592705870809,-0.008838547525670835,0.6932014767589727
1722,1784635209.4852786,0.05484417341129455,-0.013866173088231636,0.23655119536777638,0.0005929408974944008,-0.516,-0.005,0.71,0.992,-0.002,-0.127,-0.0,-0.5254592705870809,-0.008838547525670835,0.6932014767589727
1723,1784635209.5079494,0.04287280474948146,0.0035613562033766713,0.25885593698711507,-0.0009463470493198255,-0.514,-0.004,0.712,0.992,-0.0,-0.127,-0.0,-0.5254592705870809,-0.008838547525670835,0.6932014767589727
1724,1784635209.530483,0.04535289916596702,0.015722838299244264,0.24250227166305247,-0.0021647560851571455,-0.513,-0.004,0.713,0.992,0.001,-0.127,-0.0,-0.5254592705870809,-0.008838547525670835,0.6932014767589727
1725,1784635209.5489812,0.049565611144418965,0.07117984726534582,0.25741803355668724,-0.003677966164923603,-0.512,-0.003,0.714,0.992,0.001,-0.127,-0.0,-0.5254592705870809,-0.008838547525670835,0.6932014767589727
1726,1784635209.5690851,0.060473179020638645,0.1581686522926213,0.267224717701231,-0.006543149675992219,-0.51,-0.003,0.716,0.992,0.002,-0.127,-0.0,-0.5134245433906934,-0.003943096412224418,0.7126842094975856
1727,1784635209.5890439,0.056607172425148795,0.13652940020503557,0.26121690890846083,-0.007373525885217476,-0.508,-0.002,0.716,0.992,0.003,-0.127,0.0,-0.5134245433906934,-0.003943096412224418,0.7126842094975856
1728,1784635209.607454,0.05435054639982786,0.12491329769921096,0.26621020106060644,-0.007589602106955675,-0.507,-0.002,0.717,0.992,0.003,-0.127,0.0,-0.5134245433906934,-0.003943096412224418,0.7126842094975856
1729,1784635209.6285284,0.033968037990618566,0.022072933673983178,0.2646631973104873,-0.006197330347128716,-0.505,-0.002,0.717,0.992,0.004,-0.127,0.0,-0.5134245433906934,-0.003943096412224418,0.7126842094975856
1730,1784635209.6491761,0.03660608894513573,0.1215207844756853,0.26432979211991553,-0.008106295055492256,-0.504,-0.002,0.718,0.992,0.004,-0.126,0.0,-0.5134245433906934,-0.003943096412224418,0.7126842094975856
1731,1784635209.6677096,0.026037142363390192,0.07130474006785542,0.26529007122896847,-0.007950405060475703,-0.503,-0.001,0.718,0.992,0.004,-0.125,0.0,-0.5134245433906934,-0.003943096412224418,0.7126842094975856
1732,1784635209.6917148,0.009730159784025208,0.04819390400792578,0.2649577144511433,-0.0077149212591586325,-0.501,-0.001,0.718,0.992,0.005,-0.124,0.0,-0.5134245433906934,-0.003943096412224418,0.7126842094975856
1733,1784635209.709559,0.0009662733356573111,0.02556679866074435,0.26536684986698206,-0.006688745189550826,-0.5,-0.001,0.718,0.992,0.005,-0.123,0.001,-0.5134245433906934,-0.003943096412224418,0.7126842094975856
1734,1784635209.7321627,-0.0231087654985666,-0.07428893154663589,0.23119912410835344,-0.002481769517432085,-0.498,-0.002,0.719,0.993,0.006,-0.122,0.001,-0.502629010115067,-0.0013796270279386874,0.7179248961226714
1735,1784635209.7513604,-0.0005512469918711009,-0.00802722150923374,0.2560793682209806,-0.00022032311533281548,-0.497,-0.002,0.719,0.993,0.006,-0.121,0.001,-0.502629010115067,-0.0013796270279386874,0.7179248961226714
1736,1784635209.768967,-0.039544308087116925,-0.10775692061319704,0.23832904038119374,0.0010933744634336266,-0.496,-0.002,0.719,0.993,0.006,-0.12,0.001,-0.502629010115067,-0.0013796270279386874,0.7179248961226714
1737,1784635209.789295,-0.050581005976046645,-0.12207925803737339,0.25406621202057966,0.0019450416250555024,-0.494,-0.003,0.719,0.993,0.006,-0.119,0.001,-0.502629010115067,-0.0013796270279386874,0.7179248961226714
1738,1784635209.8117282,-0.04989623177796967,-0.07981579529975266,0.24452433724903064,0.0017071958750755302,-0.492,-0.003,0.719,0.993,0.006,-0.119,0.001,-0.502629010115067,-0.0013796270279386874,0.7179248961226714
1739,1784635209.8356745,-0.05114945426796352,-0.03997326218176158,0.2554287192634639,0.001059492030143225,-0.491,-0.004,0.719,0.993,0.006,-0.119,0.001,-0.502629010115067,-0.0013796270279386874,0.7179248961226714
1739,1784635209.8544865,0.005182091989443666,0.06102335813683713,0.24054073144214488,0.0012562483239784584,-0.49,-0.004,0.718,0.993,0.006,-0.119,0.001,-0.502629010115067,-0.0013796270279386874,0.7179248961226714
1741,1784635209.8697972,-0.05447152507010032,0.042910142879361526,0.2655864680615491,-0.0007041610852086232,-0.488,-0.005,0.717,0.993,0.006,-0.12,0.001,-0.502629010115067,-0.0013796270279386874,0.7179248961226714
1742,1784635209.8897884,-0.015147154273781674,0.1107311935288247,0.2393290430633654,-0.0005122582228152261,-0.486,-0.006,0.716,0.993,0.006,-0.121,0.001,-0.502629010115067,-0.0013796270279386874,0.7179248961226714
1743,1784635209.9080794,-0.0879652896001268,0.02565740730164527,0.2734456676384054,-0.0003722193260145018,-0.484,-0.007,0.715,0.993,0.005,-0.122,0.001,-0.4927133118855268,-0.0031789274727047553,0.7195190620283782
1744,1784635209.9284966,-0.10042850400528938,0.012689824661004212,0.25250469940808606,0.0004394473480930639,-0.481,-0.008,0.712,0.992,0.005,-0.123,0.001,-0.4927133118855268,-0.0031789274727047553,0.7195190620283782
1745,1784635209.9518335,-0.10727210841210778,-0.041854720109788926,0.2726680664617159,0.00014363013667151645,-0.48,-0.009,0.711,0.992,0.005,-0.123,0.001,-0.4927133118855268,-0.0031789274727047553,0.7195190620283782
1745,1784635209.9684637,-0.10068799850036096,-0.0571342072802585,0.2594377642880341,0.0004917158980780841,-0.479,-0.009,0.709,0.992,0.004,-0.123,0.001,-0.4927133118855268,-0.0031789274727047553,0.7195190620283782
1747,1784635209.9889143,-0.09158799640108131,-0.07076353467472224,0.27023541243349813,0.0009034851181724356,-0.476,-0.011,0.706,0.992,0.004,-0.123,0.001,-0.4927133118855268,-0.0031789274727047553,0.7195190620283782
1748,1784635210.0087073,-0.12204120673054247,-0.07267317490686012,0.2730422658621243,0.002337509956335457,-0.474,-0.011,0.704,0.992,0.003,-0.123,0.001,-0.4823277761246439,-0.008713646084107367,0.7130662963147432
1749,1784635210.0315204,-0.11258708395733932,-0.026823004749172555,0.2648625967252413,0.0037569846023471536,-0.472,-0.012,0.701,0.992,0.003,-0.122,0.001,-0.4823277761246439,-0.008713646084107367,0.7130662963147432
1750,1784635210.050452,-0.10587562988113298,-0.12332223605586477,0.2976389124301443,-0.0011784328228890304,-0.471,-0.013,0.7,0.992,0.002,-0.122,0.0,-0.4823277761246439,-0.008713646084107367,0.7130662963147432
1751,1784635210.069106,-0.09510813239184981,-0.043621692004609136,0.2715469804452389,0.0001437543706484766,-0.468,-0.014,0.696,0.992,0.001,-0.123,0.0,-0.4823277761246439,-0.008713646084107367,0.7130662963147432
1752,1784635210.0881617,-0.07005020667762388,-0.049465279118557345,0.27574660698186226,0.0008892860466575064,-0.467,-0.015,0.694,0.992,-0.0,-0.123,0.0,-0.4823277761246439,-0.008713646084107367,0.7130662963147432
1753,1784635210.1119452,-0.05421483616463728,-0.03319941062204859,0.27574014086989634,0.0016527176115711092,-0.465,-0.016,0.691,0.992,-0.001,-0.123,0.0,-0.4823277761246439,-0.008713646084107367,0.7130662963147432
1754,1784635210.1319003,-0.0037001253393473404,-0.07185255311955094,0.2915692099863312,0.0013831710596486596,-0.462,-0.016,0.688,0.992,-0.003,-0.124,-0.0,-0.4823277761246439,-0.008713646084107367,0.7130662963147432
1755,1784635210.1491377,-0.0013336811667974263,-0.027122597012497474,0.29159207307842366,0.005640566946617338,-0.46,-0.017,0.686,0.992,-0.004,-0.125,-0.0,-0.4656930844120956,-0.014953990807021433,0.6924456476005968
1756,1784635210.1674664,-0.044166834555795606,0.04104773512965754,0.2682389814339039,0.008990068047251932,-0.459,-0.017,0.684,0.992,-0.004,-0.125,-0.0,-0.4656930844120956,-0.014953990807021433,0.6924456476005968
1757,1784635210.1888826,-0.014837050374434658,-0.03075706020344607,0.2874871448761773,0.006286972523256224,-0.457,-0.018,0.682,0.992,-0.005,-0.126,-0.001,-0.4656930844120956,-0.014953990807021433,0.6924456476005968
1758,1784635210.2089858,-0.03175129605960854,0.03406636750926301,0.26879695044469043,0.007953493604492792,-0.455,-0.018,0.68,0.992,-0.006,-0.126,-0.001,-0.4656930844120956,-0.014953990807021433,0.6924456476005968
1759,1784635210.2300723,-0.015783259870439492,-0.049150448515617784,0.28187786638125606,0.005783941966937662,-0.454,-0.018,0.679,0.992,-0.006,-0.127,-0.001,-0.4656930844120956,-0.014953990807021433,0.6924456476005968
1760,1784635210.2496984,-0.01575453050079037,0.008843425173531677,0.27004053973798275,0.006758945116010252,-0.452,-0.019,0.678,0.992,-0.007,-0.127,-0.001,-0.4656930844120956,-0.014953990807021433,0.6924456476005968
1761,1784635210.2698264,-0.04815978060181324,0.1038350060672672,0.23405889818345432,0.004813491331963295,-0.451,-0.019,0.677,0.992,-0.007,-0.127,-0.001,-0.4530852879021428,-0.01851848861848416,0.6783683464314476
1762,1784635210.2896776,-0.038092947004796214,0.1292681956042238,0.26173063453986867,0.002609042403400228,-0.45,-0.018,0.676,0.992,-0.007,-0.127,-0.001,-0.4530852879021428,-0.01851848861848416,0.6783683464314476
1763,1784635210.3079681,-0.03947847767755692,0.12803454734131317,0.2394961772553655,0.0007363021967591956,-0.449,-0.018,0.676,0.992,-0.007,-0.127,-0.001,-0.4530852879021428,-0.01851848861848416,0.6783683464314476
1764,1784635210.3349822,-0.023898441825678463,0.10965438443580301,0.25786268226693554,-0.0005523447974037313,-0.448,-0.018,0.675,0.992,-0.007,-0.127,-0.001,-0.4530852879021428,-0.01851848861848416,0.6783683464314476
1764,1784635210.3495362,0.020726828440879447,0.016582346299840553,0.2524698316241051,-0.001299784986754475,-0.447,-0.018,0.674,0.992,-0.007,-0.127,-0.001,-0.4530852879021428,-0.01851848861848416,0.6783683464314476
1766,1784635210.3730454,0.007620639660022438,0.08419687521902185,0.2502085375004494,-0.0014193874317549344,-0.445,-0.017,0.673,0.992,-0.008,-0.126,-0.001,-0.4530852879021428,-0.01851848861848416,0.6783683464314476
1766,1784635210.389228,0.014519171921295768,0.07316872893135377,0.2534552324699357,-0.0010360969620037829,-0.444,-0.017,0.672,0.992,-0.008,-0.126,-0.001,-0.4530852879021428,-0.01851848861848416,0.6783683464314476
1768,1784635210.4122138,0.01982626535544664,0.0565265556948206,0.2527326488875648,-0.0007594059112736506,-0.442,-0.016,0.67,0.992,-0.008,-0.125,-0.001,-0.4530852879021428,-0.01851848861848416,0.6783683464314476
1768,1784635210.4432862,0.02363641045386233,0.0475307758803106,0.25453239080801343,-0.0006245775675357843,-0.441,-0.016,0.669,0.992,-0.008,-0.124,-0.001,-0.4530852879021428,-0.01851848861848416,0.6783683464314476
1770,1784635210.4739141,0.0082728638673847,0.0735159678602138,0.2508896124944562,-0.0007952030213963486,-0.439,-0.014,0.665,0.992,-0.008,-0.122,-0.001,-0.4530852879021428,-0.01851848861848416,0.6783683464314476
1770,1784635210.5040185,0.10806592117985116,-0.028321865696789905,0.2946173647645604,0.011351385307834659,-0.436,-0.013,0.661,0.993,-0.008,-0.121,-0.001,-0.4424922189604382,-0.01627413456414763,0.6699718019437142
1773,1784635210.5263867,0.18879421167528465,-0.04662730771434283,0.3012710030079181,0.012299232251574189,-0.434,-0.011,0.657,0.993,-0.008,-0.12,-0.001,-0.4424922189604382,-0.01627413456414763,0.6699718019437142
1773,1784635210.559579,0.150954367800389,-0.02229303150332857,0.2964832162735057,0.00789277717138193,-0.432,-0.011,0.655,0.993,-0.008,-0.12,-0.001,-0.4424922189604382,-0.01627413456414763,0.6699718019437142
1776,1784635210.5949557,0.14423367355659866,-0.08259010156686716,0.3390650605614563,0.00565334988987645,-0.429,-0.009,0.65,0.993,-0.008,-0.119,-0.001,-0.4424922189604382,-0.01627413456414763,0.6699718019437142
1776,1784635210.6234686,0.10892641872653358,-0.0737286131650864,0.35796986011475546,0.003003175813859875,-0.426,-0.007,0.647,0.993,-0.006,-0.119,-0.001,-0.4424922189604382,-0.01627413456414763,0.6699718019437142
1779,1784635210.6499345,0.16484749193802026,-0.14047155891870183,0.35471946976629454,0.0008815759119077263,-0.423,-0.005,0.645,0.993,-0.004,-0.119,-0.001,-0.43172909201815607,-0.009826309555433944,0.6536436692330608
1779,1784635210.6732957,0.14351543202565598,-0.13798373909019873,0.3488297545738276,-0.0011171281754964804,-0.421,-0.003,0.644,0.993,-0.002,-0.12,-0.001,-0.43172909201815607,-0.009826309555433944,0.6536436692330608
1782,1784635210.6998093,0.1302470190175817,-0.12164522108719443,0.3432633314505062,-0.0032426596457140787,-0.419,-0.002,0.646,0.993,-0.0,-0.12,-0.001,-0.43172909201815607,-0.009826309555433944,0.6536436692330608
1782,1784635210.721501,0.10196948940647771,-0.16909983745713336,0.33004870400669306,-0.0018301242020172057,-0.417,-0.001,0.648,0.993,0.002,-0.121,-0.0,-0.43172909201815607,-0.009826309555433944,0.6536436692330608
1784,1784635210.743077,0.10048617927508953,-0.16094505248410118,0.3212896028501871,-0.002242225572957559,-0.416,-0.0,0.651,0.993,0.003,-0.122,-0.0,-0.43172909201815607,-0.009826309555433944,0.6536436692330608
1784,1784635210.7645714,0.1128605036360387,-0.1353644590144123,0.2712803070565071,-0.0046950535379357995,-0.414,0.001,0.655,0.992,0.004,-0.123,-0.0,-0.43172909201815607,-0.009826309555433944,0.6536436692330608
1786,1784635210.7862675,0.07368828054878487,-0.11404959831776029,0.25967267016953677,-0.005354029413996991,-0.413,0.002,0.662,0.992,0.007,-0.125,0.0,-0.43172909201815607,-0.009826309555433944,0.6536436692330608
1786,1784635210.808791,0.042297586857373025,-0.06041522477406019,0.2032102272715713,-0.005358291155129472,-0.411,0.003,0.669,0.992,0.008,-0.127,0.0,-0.4166749534728578,-0.0007590924480702678,0.6486121600404918
1789,1784635210.8339663,0.005984359747960376,-0.04204469843290621,0.21679841107201675,-0.004292212997688774,-0.409,0.004,0.68,0.992,0.01,-0.129,0.001,-0.4166749534728578,-0.0007590924480702678,0.6486121600404918
1789,1784635210.8592541,-0.0007221835511273533,-0.030526149072476416,0.21694764577250858,-0.0038073259416989288,-0.408,0.005,0.692,0.991,0.012,-0.132,0.001,-0.4166749534728578,-0.0007590924480702678,0.6486121600404918
1791,1784635210.8896692,-0.011024940744549253,-0.12968958804492337,0.17509776493690896,-0.001837958432046516,-0.406,0.005,0.701,0.991,0.014,-0.134,0.001,-0.4166749534728578,-0.0007590924480702678,0.6486121600404918
1791,1784635210.9134753,-0.0039357882977624215,-0.1774366840399616,0.17507551451225567,-0.0009075925684832208,-0.405,0.006,0.709,0.991,0.014,-0.135,0.001,-0.4166749534728578,-0.0007590924480702678,0.6486121600404918
1794,1784635210.940455,-0.02058712441488212,-0.07300108493522856,0.2198043584611908,-0.00030864939838313695,-0.403,0.006,0.719,0.991,0.015,-0.136,0.001,-0.4166749534728578,-0.0007590924480702678,0.6486121600404918
1794,1784635210.9691849,-0.02395693182728368,0.005895710565711018,0.23300927761112078,-0.0025799219316712113,-0.402,0.007,0.727,0.99,0.016,-0.138,0.002,-0.4166749534728578,-0.0007590924480702678,0.6486121600404918
1797,1784635211.0059044,-0.12330652204794995,0.10574287515112922,0.25627225777323853,0.0003802105525143461,-0.4,0.007,0.733,0.99,0.016,-0.139,0.002,-0.4071036559743988,0.0054095539891075295,0.7007890638837944
1797,1784635211.0209336,-0.17815784077710103,0.2030938192865446,0.2493307981425561,0.006603885513965407,-0.397,0.007,0.738,0.99,0.017,-0.142,0.002,-0.4071036559743988,0.0054095539891075295,0.7007890638837944
1799,1784635211.035874,-0.16544283157265244,0.2707763726215991,0.25509036696299053,0.005387738589034683,-0.396,0.007,0.74,0.99,0.017,-0.143,0.002,-0.4071036559743988,0.0054095539891075295,0.7007890638837944
1799,1784635211.057431,-0.1545894533931087,0.2424429680076115,0.2529599889369139,0.0038371891458771497,-0.395,0.007,0.74,0.99,0.016,-0.143,0.002,-0.4071036559743988,0.0054095539891075295,0.7007890638837944
1801,1784635211.0800316,-0.14987660896119717,0.24506015556888214,0.25717612838660686,0.0035101442072084875,-0.394,0.007,0.742,0.99,0.016,-0.144,0.002,-0.4071036559743988,0.0054095539891075295,0.7007890638837944
1801,1784635211.1064155,-0.1353501932422271,0.2096648219230583,0.2557208424812478,0.0007721566800469488,-0.393,0.007,0.742,0.99,0.016,-0.143,0.001,-0.4071036559743988,0.0054095539891075295,0.7007890638837944
1803,1784635211.1327362,-0.14942661986758266,0.10442412026574142,0.2644768246138358,-0.013996430821941033,-0.391,0.006,0.742,0.99,0.014,-0.141,0.001,-0.3972733425667502,0.007125352573644149,0.7380913085470016
1805,1784635211.1466355,-0.1072406178752465,0.0018260065480495274,0.2577684050568215,-0.02005891978885147,-0.39,0.006,0.742,0.99,0.012,-0.138,0.001,-0.3972733425667502,0.007125352573644149,0.7380913085470016
1806,1784635211.1659453,-0.022436108345075326,-0.09819757032040304,0.2694218369040943,-0.029115764718660585,-0.389,0.005,0.742,0.991,0.01,-0.135,0.001,-0.3972733425667502,0.007125352573644149,0.7380913085470016
1807,1784635211.186985,-0.0857313391601834,-0.19544972942314304,0.2543378991398151,-0.021221768439889443,-0.388,0.005,0.741,0.991,0.009,-0.132,0.001,-0.3972733425667502,0.007125352573644149,0.7380913085470016
1808,1784635211.2112415,-0.07384707077714117,-0.2082781999990571,0.2663702384453899,-0.012375471902637193,-0.387,0.005,0.741,0.991,0.008,-0.131,0.001,-0.3972733425667502,0.007125352573644149,0.7380913085470016
1809,1784635211.2282634,-0.10110533686532543,-0.11374681943932785,0.25452434941764773,-0.006917388667038642,-0.387,0.005,0.74,0.992,0.007,-0.129,0.0,-0.3972733425667502,0.007125352573644149,0.7380913085470016
1810,1784635211.2502525,-0.10624219716387676,-0.1563492231480744,0.29132800258725833,-0.002458711785036027,-0.386,0.004,0.74,0.992,0.005,-0.127,0.0,-0.3886368389267302,0.005206424700711688,0.7422029431439221
1811,1784635211.2732742,-0.08372265874268846,-0.11882236493971478,0.28759468279018435,0.000999733588734117,-0.385,0.004,0.739,0.992,0.004,-0.126,0.0,-0.3886368389267302,0.005206424700711688,0.7422029431439221
1811,1784635211.2924588,-0.11975486279842622,-0.045466672698390345,0.2808388532318862,0.003499122931886814,-0.385,0.003,0.738,0.992,0.003,-0.127,0.0,-0.3886368389267302,0.005206424700711688,0.7422029431439221
1813,1784635211.3101454,-0.11967526343092082,-0.020104206289464237,0.27765755931790354,0.004223262494344209,-0.384,0.003,0.737,0.992,0.002,-0.127,0.0,-0.3886368389267302,0.005206424700711688,0.7422029431439221
1814,1784635211.3352711,-0.11599698976963169,0.027271798029782926,0.2766640125697556,0.004726201168135607,-0.384,0.003,0.736,0.992,0.002,-0.129,0.0,-0.3886368389267302,0.005206424700711688,0.7422029431439221
1814,1784635211.353353,-0.11089239695351044,0.030923209563466864,0.2751753289504467,0.004762983891640352,-0.383,0.002,0.736,0.991,0.001,-0.13,0.0,-0.3886368389267302,0.005206424700711688,0.7422029431439221
1816,1784635211.3720348,-0.09452693370812702,0.06349636360908197,0.2750371629942026,0.0050142163059829535,-0.383,0.002,0.735,0.991,0.0,-0.132,0.0,-0.3886368389267302,0.005206424700711688,0.7422029431439221
1816,1784635211.391316,-0.016652811697676004,0.13771273830654762,0.2762826392897828,0.0059151948852102865,-0.383,0.002,0.735,0.991,-0.001,-0.133,0.0,-0.3886368389267302,0.005206424700711688,0.7422029431439221
1818,1784635211.4107835,-0.01830057481497864,0.2299456355326323,0.23246609628667925,0.007611800758464331,-0.383,0.002,0.735,0.991,-0.002,-0.134,-0.0,-0.38322137889373353,0.0024020258687519336,0.7357300357567382
1819,1784635211.432885,-0.03458256000891293,0.19022926513499966,0.26088943966223904,0.005778609998240912,-0.383,0.002,0.735,0.991,-0.003,-0.135,-0.0,-0.38322137889373353,0.0024020258687519336,0.7357300357567382
1819,1784635211.450884,0.021252670077784225,0.16137330382663745,0.2382670439620957,0.003295938644364324,-0.383,0.002,0.735,0.991,-0.004,-0.135,-0.001,-0.38322137889373353,0.0024020258687519336,0.7357300357567382
1821,1784635211.470263,-0.03941234543275433,0.1511688815668114,0.256820917072164,0.0011334817801914579,-0.383,0.002,0.735,0.991,-0.005,-0.134,-0.001,-0.38322137889373353,0.0024020258687519336,0.7357300357567382
1822,1784635211.4883728,-0.04732267349679657,0.1366773478128107,0.242545152852424,-1.1633724344456203e-05,-0.383,0.002,0.735,0.991,-0.006,-0.133,-0.001,-0.38322137889373353,0.0024020258687519336,0.7357300357567382
1822,1784635211.5162444,0.013192285653245941,0.033281597215719924,0.25950988517568263,-0.00025337976698244823,-0.383,0.002,0.734,0.991,-0.006,-0.132,-0.001,-0.38322137889373353,0.0024020258687519336,0.7357300357567382
1822,1784635211.5417075,0.016231779145015376,-0.024171963399350932,0.24902688081284335,-0.0009834425112421746,-0.383,0.002,0.734,0.992,-0.007,-0.13,-0.001,-0.38322137889373353,0.0024020258687519336,0.7357300357567382
1825,1784635211.5581157,0.025555458929550808,-0.07071601635526827,0.2614008599355686,-0.001015869634395302,-0.383,0.003,0.732,0.992,-0.007,-0.127,-0.001,-0.38322137889373353,0.0024020258687519336,0.7357300357567382
1825,1784635211.5748298,-0.01936208786298709,0.01598966714230203,0.24632428447812646,-0.0009560153434494231,-0.383,0.003,0.732,0.992,-0.007,-0.126,-0.001,-0.38322137889373353,0.0024020258687519336,0.7357300357567382
1827,1784635211.5959709,-0.02066442163688369,0.02466562018507583,0.2592150096986192,-0.0004238514987124658,-0.382,0.003,0.731,0.992,-0.007,-0.125,-0.001,-0.38322137889373353,0.0024020258687519336,0.7357300357567382
1827,1784635211.6145608,0.07976940952055446,0.12287749202122339,0.2744191330825299,0.001926229143428828,-0.382,0.004,0.73,0.992,-0.007,-0.124,-0.001,-0.38256169777144033,0.002028453067369894,0.7344113440567883
1829,1784635211.6354847,0.10651186857717562,0.17064016012419814,0.26383022958849406,0.002147491062973626,-0.382,0.004,0.728,0.992,-0.007,-0.123,-0.001,-0.38256169777144033,0.002028453067369894,0.7344113440567883
1829,1784635211.6544263,0.11431328302899449,0.14139554485397376,0.2743421590846649,0.002075822395858646,-0.382,0.005,0.726,0.992,-0.007,-0.122,-0.001,-0.38256169777144033,0.002028453067369894,0.7344113440567883
1831,1784635211.6702876,0.1517221230851865,0.13000315391122708,0.28311234629382365,0.0029722969576927785,-0.381,0.006,0.724,0.993,-0.007,-0.122,-0.001,-0.38256169777144033,0.002028453067369894,0.7344113440567883
1832,1784635211.6895947,0.1395215673375593,0.10022682309577237,0.28579123893459657,0.0030593690001719633,-0.381,0.006,0.722,0.993,-0.007,-0.121,-0.001,-0.38256169777144033,0.002028453067369894,0.7344113440567883
1833,1784635211.7087426,0.12174789403623007,0.06426408398657982,0.2878610113260318,0.0025619014476472605,-0.38,0.007,0.719,0.993,-0.007,-0.121,-0.001,-0.38256169777144033,0.002028453067369894,0.7344113440567883
1834,1784635211.7275658,0.0933609816696621,-0.03734013645960517,0.3267305216431925,0.01934599465593553,-0.38,0.008,0.717,0.993,-0.006,-0.12,-0.001,-0.3827686079119568,0.005291830723223571,0.7259513171598009
1835,1784635211.7480762,0.056944644441879404,-0.1363992997497782,0.327120172533943,0.02068701089513505,-0.379,0.008,0.715,0.993,-0.005,-0.119,-0.001,-0.3827686079119568,0.005291830723223571,0.7259513171598009
1836,1784635211.7696803,0.021207577256886198,-0.2329815584077114,0.32455651507947475,0.017388375836500332,-0.378,0.009,0.713,0.993,-0.004,-0.118,-0.001,-0.3827686079119568,0.005291830723223571,0.7259513171598009
1837,1784635211.787203,0.03542636315943684,-0.19346867287213126,0.3103239494247182,0.009186338248692322,-0.378,0.01,0.712,0.993,-0.004,-0.117,-0.001,-0.3827686079119568,0.005291830723223571,0.7259513171598009
1838,1784635211.8070912,-0.024283637183585775,-0.2248567130721597,0.3115506722354866,0.0024805149663706134,-0.377,0.01,0.711,0.993,-0.002,-0.116,-0.001,-0.3827686079119568,0.005291830723223571,0.7259513171598009
1839,1784635211.8437173,0.005048362075816951,-0.1741742606183214,0.30418974162345136,-0.0035267011343653315,-0.376,0.011,0.711,0.993,-0.002,-0.116,-0.001,-0.3827686079119568,0.005291830723223571,0.7259513171598009
1839,1784635211.8723142,-0.00012041318770628431,-0.1308512794596817,0.29752859723278857,-0.007733652206533447,-0.375,0.011,0.711,0.993,-0.0,-0.117,-0.001,-0.3827686079119568,0.005291830723223571,0.7259513171598009
1842,1784635211.8947606,0.011917935471029827,-0.033904619110535286,0.2851576847748407,-0.011830682406171822,-0.374,0.012,0.712,0.993,0.001,-0.119,-0.001,-0.3827686079119568,0.005291830723223571,0.7259513171598009
1842,1784635211.9219434,0.022747438785843555,-0.011887393714251383,0.2846247438024913,-0.013216026923753054,-0.373,0.013,0.715,0.992,0.001,-0.123,-0.001,-0.3827686079119568,0.005291830723223571,0.7259513171598009
1844,1784635211.9467196,0.10962249355156042,0.08838250833681238,0.23262747431217404,-0.013210804562099738,-0.371,0.014,0.72,0.992,0.002,-0.128,-0.001,-0.37604576371859094,0.010797479558573221,0.7106503908466979
1844,1784635211.9696524,0.12633597220802673,0.1731892203492604,0.2386853550802077,-0.00963099956250551,-0.371,0.014,0.723,0.991,0.002,-0.131,-0.001,-0.37604576371859094,0.010797479558573221,0.7106503908466979
1847,1784635211.9915822,0.11527649858031912,0.15294313803333096,0.23181538025356502,-0.006374400380613702,-0.37,0.014,0.727,0.991,0.002,-0.133,-0.001,-0.37604576371859094,0.010797479558573221,0.7106503908466979
1847,1784635212.0207973,0.09098139125386535,0.10751362794964281,0.23856858000694517,-0.003878580651235882,-0.37,0.014,0.73,0.991,0.002,-0.134,-0.001,-0.37604576371859094,0.010797479558573221,0.7106503908466979
1849,1784635212.0372543,0.06232542975136185,0.1240180745608279,0.23841128251423338,-0.0029849976612979375,-0.369,0.014,0.735,0.991,0.003,-0.135,-0.0,-0.37037923668344463,0.014027663662926737,0.7255782746226124
1849,1784635212.0530744,0.04950369413591195,0.10361982376586241,0.24032624643401856,-0.0012949682954722492,-0.369,0.015,0.737,0.991,0.003,-0.135,-0.0,-0.37037923668344463,0.014027663662926737,0.7255782746226124
1851,1784635212.067575,0.0030727273568840266,0.0041444757008446825,0.22773404324911137,0.0014674959689411206,-0.369,0.015,0.738,0.991,0.003,-0.134,-0.0,-0.37037923668344463,0.014027663662926737,0.7255782746226124
1852,1784635212.0874133,0.017913816210207545,0.10009872837432117,0.257011447683767,0.0002924744689947103,-0.368,0.015,0.741,0.991,0.005,-0.133,0.0,-0.37037923668344463,0.014027663662926737,0.7255782746226124
1853,1784635212.1079795,0.023124518332457537,0.10335630302252809,0.23490897175042602,-0.00041335916410490607,-0.368,0.015,0.742,0.991,0.005,-0.132,0.0,-0.37037923668344463,0.014027663662926737,0.7255782746226124
1854,1784635212.131574,0.0002960650980356541,0.047568064163181836,0.2507040857901577,-0.0005495645362208215,-0.368,0.014,0.742,0.991,0.005,-0.132,0.0,-0.37037923668344463,0.014027663662926737,0.7255782746226124
1855,1784635212.149532,-0.007321479563540224,0.048977093341585266,0.24044393852459248,-0.0011050066991232952,-0.367,0.014,0.744,0.991,0.006,-0.131,0.0,-0.37037923668344463,0.014027663662926737,0.7255782746226124
1856,1784635212.1724906,-0.01705101225168735,0.04061501436333975,0.2504006957297576,-0.0016994110396474477,-0.367,0.014,0.744,0.992,0.007,-0.13,0.0,-0.37037923668344463,0.014027663662926737,0.7255782746226124
1856,1784635212.1922321,-0.09952770696146582,0.10650357685984198,0.2786093789468246,-0.0010428078329889992,-0.366,0.014,0.744,0.992,0.007,-0.128,0.001,-0.3671376678360647,0.014381716654252332,0.7436797748478308
1858,1784635212.2084372,-0.11178932813383768,0.1237258834816431,0.26552479495834097,0.00018702515487306376,-0.366,0.014,0.744,0.992,0.008,-0.127,0.001,-0.3671376678360647,0.014381716654252332,0.7436797748478308
1859,1784635212.2274513,-0.09811883747021351,0.12019138886148246,0.27047133138991686,0.0012224902902055273,-0.366,0.014,0.744,0.992,0.008,-0.127,0.001,-0.3671376678360647,0.014381716654252332,0.7436797748478308
1860,1784635212.248286,-0.0913660504265828,0.12102736455496732,0.26811246357936885,0.002050370716594951,-0.365,0.013,0.743,0.992,0.008,-0.126,0.001,-0.3671376678360647,0.014381716654252332,0.7436797748478308
1861,1784635212.2735755,-0.07284506046372122,0.13289425939917315,0.2689329952917295,0.0028691088041054224,-0.364,0.013,0.743,0.992,0.008,-0.125,0.001,-0.3671376678360647,0.014381716654252332,0.7436797748478308
1861,1784635212.2900023,-0.06440170766310285,0.121753704481346,0.268991488114819,0.0031412870390131924,-0.364,0.013,0.742,0.992,0.008,-0.124,0.001,-0.3671376678360647,0.014381716654252332,0.7436797748478308
1863,1784635212.3078747,-0.05277768896106147,0.12572846643446856,0.2678627332141662,0.0036325387079426093,-0.363,0.012,0.74,0.992,0.007,-0.123,0.001,-0.3671376678360647,0.014381716654252332,0.7436797748478308
1864,1784635212.3265898,-0.03073846930612615,0.07407010530201405,0.2735095017446434,0.0035358198646273523,-0.363,0.012,0.74,0.992,0.006,-0.123,0.001,-0.3671376678360647,0.014381716654252332,0.7436797748478308
1865,1784635212.3469903,-0.025469997356395872,0.08152624857617781,0.26964082556705976,0.002979698129170323,-0.362,0.011,0.738,0.993,0.005,-0.121,0.0,-0.3671376678360647,0.014381716654252332,0.7436797748478308
1866,1784635212.3668125,-0.007130559275289421,-0.02050966450954482,0.27769039597747025,0.0036785003443678905,-0.361,0.011,0.737,0.993,0.004,-0.12,0.0,-0.3633720651204597,0.012335335111304788,0.7408416406220726
1867,1784635212.3873217,-0.019708579287402727,-0.11733754510122411,0.2667199680762586,0.0008467594289387451,-0.36,0.01,0.735,0.993,0.003,-0.118,0.0,-0.3633720651204597,0.012335335111304788,0.7408416406220726
1868,1784635212.4112048,-0.026709365113377615,-0.11169535109883148,0.2666574635721865,0.0015447641155857772,-0.359,0.01,0.734,0.993,0.003,-0.117,0.0,-0.3633720651204597,0.012335335111304788,0.7408416406220726
1869,1784635212.4283743,-0.01838745712332638,-0.12925874243386345,0.2693071665643784,0.0017624998991722755,-0.359,0.01,0.733,0.993,0.002,-0.116,-0.0,-0.3633720651204597,0.012335335111304788,0.7408416406220726
1870,1784635212.4513202,-0.029829776619168694,-0.15252649515518563,0.2745070376886066,0.0018496867666017666,-0.358,0.009,0.732,0.993,0.002,-0.115,-0.0,-0.3633720651204597,0.012335335111304788,0.7408416406220726
1871,1784635212.4743278,-0.031143369157866616,-0.06762258245513197,0.2637854569263393,0.0027702533436290678,-0.357,0.009,0.73,0.993,0.002,-0.115,-0.0,-0.3633720651204597,0.012335335111304788,0.7408416406220726
1871,1784635212.4904964,-0.021123017809047066,-0.030071277013075742,0.270923130342986,0.0033101751989588367,-0.357,0.009,0.729,0.993,0.001,-0.116,-0.0,-0.3633720651204597,0.012335335111304788,0.7408416406220726
1873,1784635212.5110238,-0.020184241465195308,0.01870065805188368,0.26489790393397517,0.003671734461936772,-0.356,0.009,0.728,0.993,0.001,-0.117,-0.0,-0.3633720651204597,0.012335335111304788,0.7408416406220726
1874,1784635212.532761,-0.08156155814783034,-0.050272283604149655,0.24461464699622565,0.0030381811445137135,-0.356,0.008,0.727,0.993,0.001,-0.119,-0.0,-0.358113663351475,0.009554622283700812,0.7320667879277984
1874,1784635212.5560455,-0.080087174983228,-0.05565528450169677,0.25975046658248746,0.002360572831933387,-0.355,0.008,0.726,0.993,0.001,-0.12,-0.0,-0.358113663351475,0.009554622283700812,0.7320667879277984
1876,1784635212.5774307,-0.07456349919357362,-0.047508265152773094,0.24836635634661558,0.002131782642374074,-0.355,0.008,0.725,0.993,0.001,-0.122,-0.0,-0.358113663351475,0.009554622283700812,0.7320667879277984
1876,1784635212.5974174,-0.058771882135146405,-0.06702752586313267,0.25620179684066907,0.0019043058643168004,-0.355,0.008,0.724,0.992,0.0,-0.122,-0.0,-0.358113663351475,0.009554622283700812,0.7320667879277984
1878,1784635212.6189609,-0.05642044432299528,-0.06782077276995419,0.24963307457144251,0.0008618356881653737,-0.355,0.008,0.723,0.992,-0.0,-0.123,-0.001,-0.358113663351475,0.009554622283700812,0.7320667879277984
1878,1784635212.637629,0.01792761220188077,0.022298067968991725,0.2686102288390769,0.000896944948654177,-0.355,0.008,0.721,0.992,-0.001,-0.124,-0.001,-0.358113663351475,0.009554622283700812,0.7320667879277984
1880,1784635212.6581087,-0.046596221665866425,0.011615737564630177,0.23511541251530557,-0.00040859839493585933,-0.355,0.008,0.719,0.992,-0.001,-0.124,-0.001,-0.3554333875435416,0.00791945934999349,0.7256464765599935
1880,1784635212.683326,-0.04649720253197203,0.004330525568285615,0.2588482862225493,-0.0016330789593510158,-0.355,0.008,0.717,0.992,-0.002,-0.125,-0.001,-0.3554333875435416,0.00791945934999349,0.7256464765599935
1882,1784635212.706695,-0.02694788902507197,0.03814864618188966,0.24576600560760054,-0.0016660723462525197,-0.355,0.008,0.714,0.992,-0.003,-0.126,-0.001,-0.3554333875435416,0.00791945934999349,0.7256464765599935
1882,1784635212.7247164,-0.010342154130343149,0.03739297766411687,0.2581170574020123,-0.001406426541733886,-0.355,0.009,0.711,0.992,-0.004,-0.126,-0.001,-0.3554333875435416,0.00791945934999349,0.7256464765599935
1884,1784635212.7420669,-0.009863515383001259,0.03573648710171565,0.24980437266483896,-0.00128640264462741,-0.355,0.009,0.709,0.992,-0.004,-0.126,-0.001,-0.3554333875435416,0.00791945934999349,0.7256464765599935
1884,1784635212.7607133,-0.008173474436244624,0.02880640752035867,0.25801884331615993,-0.0012559284850535142,-0.354,0.009,0.706,0.992,-0.004,-0.126,-0.001,-0.3554333875435416,0.00791945934999349,0.7256464765599935
1886,1784635212.7789505,0.08986086405942871,0.03719076289563042,0.2817606456587818,-0.0003927420038105017,-0.354,0.009,0.704,0.992,-0.005,-0.126,-0.001,-0.3559162435897826,0.008195075618267045,0.7155864901485827
1886,1784635212.7973127,0.12088869188502843,0.030873785820046788,0.2758136228123195,0.00019693068228335828,-0.354,0.01,0.7,0.992,-0.005,-0.126,-0.001,-0.3559162435897826,0.008195075618267045,0.7155864901485827
1888,1784635212.8124206,0.07008243709871295,-0.013459491627836447,0.25808691882552237,0.00020162784521018947,-0.354,0.01,0.698,0.992,-0.005,-0.126,-0.001,-0.3559162435897826,0.008195075618267045,0.7155864901485827
1889,1784635212.830216,0.0627853369351243,-0.01972094258270989,0.26836331998983665,-0.00040528868781829154,-0.354,0.01,0.694,0.992,-0.005,-0.126,-0.001,-0.3559162435897826,0.008195075618267045,0.7155864901485827
1890,1784635212.8524156,0.06539035733592345,0.0015552386371377042,0.2795964513290483,-0.0008671897626293702,-0.354,0.011,0.69,0.992,-0.005,-0.125,-0.001,-0.3559162435897826,0.008195075618267045,0.7155864901485827
1890,1784635212.8684614,0.0404737203414327,-0.028978609758067025,0.25999754686287846,-0.0007666964624336348,-0.354,0.011,0.688,0.992,-0.005,-0.125,-0.001,-0.3559162435897826,0.008195075618267045,0.7155864901485827
1892,1784635212.8888748,0.1343422215302607,-0.12821729359140482,0.2684324965780899,0.0007737717402708709,-0.354,0.012,0.683,0.992,-0.004,-0.125,-0.001,-0.3550086777858995,0.010951091031598722,0.6916515081332619
1893,1784635212.9089584,0.12796629951347055,-0.18971764793134155,0.2678890764283186,0.0008523321607698707,-0.354,0.013,0.679,0.992,-0.003,-0.125,-0.001,-0.3550086777858995,0.010951091031598722,0.6916515081332619
1894,1784635212.9280431,0.11060027632935279,-0.16711061596311425,0.26283945811477544,0.00040131353640754353,-0.354,0.013,0.676,0.992,-0.002,-0.125,-0.001,-0.3550086777858995,0.010951091031598722,0.6916515081332619
1895,1784635212.9477205,0.07939193487416532,-0.07693661795189474,0.2920318993536729,-0.0019895596856627194,-0.354,0.014,0.672,0.992,-0.001,-0.125,-0.001,-0.3550086777858995,0.010951091031598722,0.6916515081332619
1896,1784635212.968688,0.09666883703736777,-0.13592393809327102,0.26990819902017243,-0.0007386476292667804,-0.354,0.014,0.669,0.992,-0.001,-0.125,-0.001,-0.3550086777858995,0.010951091031598722,0.6916515081332619
1897,1784635212.9937096,0.048068068357930295,-0.03253920683127978,0.28611910485793923,-0.0039932584848801035,-0.354,0.015,0.666,0.992,0.0,-0.126,-0.001,-0.3550086777858995,0.010951091031598722,0.6916515081332619
1897,1784635213.013376,0.031148781026336843,0.059595635024857624,0.2852910078098633,-0.0042369209842496695,-0.354,0.015,0.663,0.992,0.001,-0.127,-0.0,-0.3550086777858995,0.010951091031598722,0.6916515081332619
1899,1784635213.0359058,0.03841215782363736,-0.00599043310253522,0.2679805628750579,-0.0022055278330445024,-0.354,0.016,0.659,0.992,0.003,-0.13,-0.0,-0.3550086777858995,0.010951091031598722,0.6916515081332619
1899,1784635213.0553935,0.06511622172496115,0.09406116495563298,0.24698985128313455,-0.002584881737360563,-0.354,0.016,0.656,0.991,0.004,-0.131,-0.0,-0.3541277647172074,0.01485015930626028,0.6667882394675919
1901,1784635213.0719898,0.026335670025980862,0.19170022034321232,0.2737429903726263,-0.004284983632409454,-0.355,0.017,0.654,0.991,0.005,-0.132,0.0,-0.3541277647172074,0.01485015930626028,0.6667882394675919
1902,1784635213.0882413,0.04760501691082732,0.11054395363003226,0.29059784413554296,-0.002509302245126027,-0.355,0.017,0.651,0.991,0.006,-0.133,0.0,-0.3541277647172074,0.01485015930626028,0.6667882394675919
1903,1784635213.1069736,0.05667821729248296,0.09931896877313437,0.29284967038159304,-0.0015364181757065642,-0.356,0.017,0.649,0.991,0.006,-0.134,0.0,-0.3541277647172074,0.01485015930626028,0.6667882394675919
1904,1784635213.1302776,0.04717847714781192,0.0698686386979715,0.29283581707686784,-0.0012975874901547059,-0.356,0.017,0.647,0.991,0.007,-0.134,0.0,-0.3541277647172074,0.01485015930626028,0.6667882394675919
1905,1784635213.1554968,0.05231107876043702,0.020051312888860223,0.2881001565610666,0.00032414558518613964,-0.358,0.017,0.644,0.991,0.007,-0.133,0.001,-0.3541277647172074,0.01485015930626028,0.6667882394675919
1905,1784635213.1719322,-0.008376491316704947,0.0274364046178246,0.29421636094661396,-0.00011501282056624814,-0.359,0.017,0.642,0.991,0.008,-0.131,0.001,-0.3541277647172074,0.01485015930626028,0.6667882394675919
1907,1784635213.190653,0.030242723709118798,-0.012288917983466013,0.2855982211734233,0.0010293591128811572,-0.36,0.017,0.641,0.991,0.008,-0.131,0.001,-0.3541277647172074,0.01485015930626028,0.6667882394675919
1908,1784635213.2120306,0.013129119731324211,0.053887186285468985,0.27352321826493053,0.00043541134456743917,-0.361,0.017,0.64,0.992,0.009,-0.129,0.001,-0.3573714622032611,0.01737786736531779,0.6479953976739239
1909,1784635213.2293155,-0.008310933151958293,0.06801740008236182,0.2706460848366501,0.00029286586098858924,-0.362,0.017,0.639,0.992,0.009,-0.128,0.001,-0.3573714622032611,0.01737786736531779,0.6479953976739239
1910,1784635213.2475643,-0.015935208810771498,0.07801100874813144,0.2680598808936289,0.0004061856827074517,-0.364,0.016,0.639,0.992,0.009,-0.127,0.001,-0.3573714622032611,0.01737786736531779,0.6479953976739239
1911,1784635213.2677052,-0.031035013751697888,0.0720558387664368,0.26639103998977987,0.00012136285619617062,-0.365,0.015,0.639,0.992,0.01,-0.126,0.001,-0.3573714622032611,0.01737786736531779,0.6479953976739239
1912,1784635213.2871046,-0.03379961903516646,0.07045433879542726,0.2655333018093922,-7.610852484227866e-06,-0.366,0.015,0.639,0.992,0.01,-0.126,0.001,-0.3573714622032611,0.01737786736531779,0.6479953976739239
1913,1784635213.3095248,-0.13228723165926065,-0.030943446404335648,0.28252840742156976,-0.007243275444695415,-0.367,0.014,0.64,0.992,0.01,-0.126,0.001,-0.3639967036930889,0.01600880199642826,0.639005257509946
1914,1784635213.3273392,-0.2289125394744916,-0.12334415574881274,0.27887816461129383,-0.007371593156599095,-0.368,0.014,0.64,0.992,0.01,-0.125,0.001,-0.3639967036930889,0.01600880199642826,0.639005257509946
1915,1784635213.3481612,-0.19432525472856332,-0.17071395130317396,0.28313096825193484,-0.009284846465240791,-0.369,0.013,0.64,0.992,0.01,-0.125,0.001,-0.3639967036930889,0.01600880199642826,0.639005257509946
1916,1784635213.3677504,-0.17691971481300467,-0.1776001042600452,0.2848373834696758,-0.008399751991458284,-0.37,0.012,0.641,0.992,0.01,-0.124,0.001,-0.3639967036930889,0.01600880199642826,0.639005257509946
1917,1784635213.3934233,-0.1682119063065467,-0.15359027599144215,0.28186539260098814,-0.005685741227321376,-0.371,0.011,0.642,0.992,0.009,-0.124,0.001,-0.3639967036930889,0.01600880199642826,0.639005257509946
1917,1784635213.4204261,-0.1515991217401479,-0.14135851313775977,0.28040193059791846,-0.004154966509542507,-0.372,0.01,0.643,0.992,0.008,-0.124,0.001,-0.3639967036930889,0.01600880199642826,0.639005257509946
1919,1784635213.4441,-0.1138415621177059,-0.10516322603038811,0.27766715378982887,-0.00255766231556097,-0.373,0.009,0.644,0.992,0.006,-0.125,0.001,-0.3639967036930889,0.01600880199642826,0.639005257509946
1919,1784635213.458055,-0.12901314250463208,-0.0035504860394037774,0.26027655479538225,-0.0015974268460090734,-0.374,0.008,0.646,0.992,0.004,-0.127,0.0,-0.3717420897965118,0.010343673382260485,0.6426876442350501
1921,1784635213.4710836,-0.11850162405857058,0.028065826275022812,0.25614935792776433,-0.0007730284905486835,-0.374,0.007,0.648,0.992,0.002,-0.128,0.0,-0.3717420897965118,0.010343673382260485,0.6426876442350501
1922,1784635213.4871616,-0.11304191076490554,0.05504776142338918,0.25331059399911016,-0.0013373930847061068,-0.375,0.007,0.649,0.992,0.001,-0.13,0.0,-0.3717420897965118,0.010343673382260485,0.6426876442350501
1923,1784635213.507567,-0.14955583380639134,-0.04158490703274114,0.266340756666929,-0.004175477267661034,-0.375,0.006,0.651,0.991,-0.001,-0.131,-0.0,-0.3717420897965118,0.010343673382260485,0.6426876442350501
1924,1784635213.5260086,-0.1440395384451445,-0.06331041758413761,0.22679547078298468,-0.003990963742058586,-0.376,0.005,0.654,0.991,-0.003,-0.133,-0.0,-0.3717420897965118,0.010343673382260485,0.6426876442350501
1925,1784635213.5466185,-0.1320786217751262,-0.09519535900307394,0.2636628030541387,-0.004161797925556475,-0.377,0.005,0.656,0.991,-0.004,-0.134,-0.0,-0.3717420897965118,0.010343673382260485,0.6426876442350501
1926,1784635213.5737586,-0.13338979401358164,-0.11504766182485889,0.23316831416196024,-0.005093211407879276,-0.377,0.004,0.658,0.991,-0.006,-0.134,-0.001,-0.3717420897965118,0.010343673382260485,0.6426876442350501
1926,1784635213.5958526,-0.10407181104727672,-0.0941101949495388,0.2518788252788369,-0.0048797254847217225,-0.378,0.004,0.661,0.991,-0.007,-0.134,-0.001,-0.3717420897965118,0.010343673382260485,0.6426876442350501
1928,1784635213.6107981,-0.025984879806200067,0.007915771186352852,0.22094431229783013,-0.0010484243033105044,-0.379,0.003,0.663,0.991,-0.009,-0.135,-0.001,-0.37716205085591537,0.004424702175883775,0.6572085747602232
1929,1784635213.633934,0.016211689563223705,0.10246941215447854,0.24429336298922674,0.0009437837030216896,-0.38,0.003,0.664,0.991,-0.01,-0.135,-0.001,-0.37716205085591537,0.004424702175883775,0.6572085747602232
1929,1784635213.6574135,0.012189335237903352,0.12272023466963425,0.23146302822445247,0.001032008796438394,-0.38,0.003,0.665,0.991,-0.011,-0.135,-0.001,-0.37716205085591537,0.004424702175883775,0.6572085747602232
1931,1784635213.6842382,0.11003267024111285,0.21879894183001308,0.232145384349625,0.004153616895061418,-0.382,0.003,0.667,0.991,-0.013,-0.136,-0.001,-0.37716205085591537,0.004424702175883775,0.6572085747602232
1931,1784635213.7060683,0.07943232799251339,0.1618059569833803,0.24208451203526155,0.0029473975841981773,-0.384,0.003,0.668,0.99,-0.015,-0.137,-0.002,-0.37716205085591537,0.004424702175883775,0.6572085747602232
1933,1784635213.7271414,0.06730149111151332,0.157464247958441,0.23601243086573964,0.0017232914952860468,-0.385,0.003,0.668,0.991,-0.015,-0.137,-0.002,-0.37716205085591537,0.004424702175883775,0.6572085747602232
1933,1784635213.743198,0.11554450265414284,0.18357864214116087,0.24119736036726025,0.0022805020813337013,-0.386,0.004,0.668,0.991,-0.016,-0.136,-0.002,-0.37716205085591537,0.004424702175883775,0.6572085747602232
1935,1784635213.7598422,0.21103991690724377,0.15302521761473303,0.23620372068233428,0.01044552863137689,-0.387,0.004,0.668,0.991,-0.016,-0.135,-0.002,-0.3832284997257626,0.0029586755104892976,0.6675840515615885
1935,1784635213.776796,0.20116222204245074,0.10621688485602415,0.24271690547711788,0.010015110687352956,-0.388,0.004,0.667,0.991,-0.016,-0.134,-0.002,-0.3832284997257626,0.0029586755104892976,0.6675840515615885
1937,1784635213.7960057,0.19237675929019837,0.1002381660738598,0.23888571341508524,0.00716381696649579,-0.39,0.005,0.667,0.991,-0.016,-0.133,-0.002,-0.3832284997257626,0.0029586755104892976,0.6675840515615885
1937,1784635213.817552,0.17342644667210547,0.07786621515996085,0.24424081182755594,0.005182192173962336,-0.391,0.006,0.665,0.991,-0.015,-0.131,-0.002,-0.3832284997257626,0.0029586755104892976,0.6675840515615885
1939,1784635213.8343637,0.1648149779188392,0.07475669647833955,0.24188253346826363,0.0035719271487572014,-0.393,0.007,0.664,0.992,-0.014,-0.129,-0.002,-0.3832284997257626,0.0029586755104892976,0.6675840515615885
1939,1784635213.8524454,0.14724039215239182,0.06054349603372207,0.24526403968607569,0.0023638698404834925,-0.394,0.007,0.663,0.992,-0.013,-0.127,-0.002,-0.3832284997257626,0.0029586755104892976,0.6675840515615885
1941,1784635213.8722837,0.13490050593200234,0.06293120704625924,0.24435419612971193,0.0012937396716850055,-0.395,0.008,0.661,0.992,-0.012,-0.126,-0.002,-0.3832284997257626,0.0029586755104892976,0.6675840515615885
1942,1784635213.8910582,0.08748866407969774,0.11008665864155559,0.2592508276573527,-0.0017864854834427418,-0.396,0.009,0.658,0.992,-0.01,-0.124,-0.002,-0.3832284997257626,0.0029586755104892976,0.6675840515615885
1943,1784635213.9068174,0.185273563873379,0.007344060590287152,0.2562092671182347,0.023911768522223792,-0.398,0.01,0.656,0.992,-0.008,-0.123,-0.001,-0.3936193462441396,0.0072550649163829126,0.6625206154931942
1944,1784635213.928415,0.22190591500045612,-0.09283818453676873,0.2922814429135381,0.0372595388028539,-0.4,0.012,0.652,0.993,-0.005,-0.121,-0.001,-0.3936193462441396,0.0072550649163829126,0.6625206154931942
1945,1784635213.947693,0.22605705989534153,-0.190503664377126,0.2864659889821968,0.040938643284701065,-0.401,0.013,0.649,0.993,-0.004,-0.12,-0.001,-0.3936193462441396,0.0072550649163829126,0.6625206154931942
1946,1784635213.9712389,0.16521925232765705,-0.12673268112172026,0.31643752281389165,0.02089790621838488,-0.402,0.014,0.647,0.993,-0.002,-0.119,-0.001,-0.3936193462441396,0.0072550649163829126,0.6625206154931942
1947,1784635213.9924657,0.15143043575721232,-0.09064111295052119,0.3220146186809495,0.012268889602144818,-0.403,0.016,0.643,0.993,0.0,-0.119,-0.001,-0.3936193462441396,0.0072550649163829126,0.6625206154931942
1947,1784635214.0094218,0.20618618762823004,-0.1878942852345464,0.2972629864483678,0.02163005531580267,-0.404,0.017,0.64,0.993,0.002,-0.119,-0.0,-0.3936193462441396,0.0072550649163829126,0.6625206154931942
1949,1784635214.0267463,0.13741961627901647,-0.15805914573750451,0.2975958580682321,0.013347215294738795,-0.405,0.018,0.637,0.993,0.006,-0.119,-0.0,-0.3936193462441396,0.0072550649163829126,0.6625206154931942
1950,1784635214.0522654,0.16488211224903407,-0.19241068287767527,0.2912610044315428,0.011115363919887503,-0.406,0.019,0.635,0.993,0.008,-0.12,-0.0,-0.3936193462441396,0.0072550649163829126,0.6625206154931942
1950,1784635214.069841,0.14413465003900122,-0.16649318930964463,0.2905219018801228,0.0062788600561402745,-0.406,0.02,0.635,0.993,0.009,-0.121,-0.0,-0.3936193462441396,0.0072550649163829126,0.6625206154931942
1952,1784635214.090686,0.13073939218788722,-0.14338330762109175,0.2877438169049805,0.005361602039477007,-0.407,0.021,0.634,0.992,0.012,-0.123,-0.0,-0.40379249887069213,0.015664926518284404,0.643706418708182
1953,1784635214.1085265,0.10799336712426257,-0.12251442797039175,0.28621953503116127,0.0017831122345119037,-0.407,0.022,0.633,0.992,0.014,-0.124,-0.0,-0.40379249887069213,0.015664926518284404,0.643706418708182
1954,1784635214.1351426,0.04941147382634483,-0.03345923966216027,0.28060931344859524,-0.0013873413276032547,-0.409,0.023,0.634,0.992,0.019,-0.129,0.0,-0.40379249887069213,0.015664926518284404,0.643706418708182
1954,1784635214.1547556,0.06311509475372051,-0.07696944992293514,0.28055800062703634,-0.002238664091710464,-0.409,0.023,0.634,0.991,0.021,-0.131,0.0,-0.40379249887069213,0.015664926518284404,0.643706418708182
1956,1784635214.1707597,-0.03807569726513994,0.024919473026928984,0.2655793718313563,0.00196277344612939,-0.41,0.024,0.635,0.991,0.022,-0.133,0.0,-0.40379249887069213,0.015664926518284404,0.643706418708182
1957,1784635214.1890812,-0.009778649405322207,-0.006740271188148128,0.2722094067115032,-0.0014532216211409032,-0.41,0.024,0.637,0.991,0.024,-0.134,0.001,-0.40379249887069213,0.015664926518284404,0.643706418708182
1958,1784635214.21213,-0.10952416574212163,0.09317543234179054,0.2585592097292317,-0.007023297435729299,-0.411,0.023,0.639,0.99,0.026,-0.137,0.001,-0.4085898686315352,0.023151274904800612,0.6336904917524013
1958,1784635214.230299,-0.20678170511861382,0.17085178046751834,0.2400269043530819,-0.010899913728197923,-0.412,0.023,0.641,0.99,0.027,-0.138,0.001,-0.4085898686315352,0.023151274904800612,0.6336904917524013
1960,1784635214.2484546,-0.23093093984769797,0.0979601795222469,0.251903768442008,-0.012072578956725312,-0.413,0.022,0.644,0.99,0.028,-0.139,0.001,-0.4085898686315352,0.023151274904800612,0.6336904917524013
1961,1784635214.2687547,-0.2637198764395606,0.12500720990393965,0.23709000700922117,-0.011807355535366236,-0.413,0.022,0.645,0.99,0.028,-0.139,0.001,-0.4085898686315352,0.023151274904800612,0.6336904917524013
1962,1784635214.2890422,-0.2164533549274104,0.07396414511129996,0.2364695132578411,-0.011459227622942027,-0.415,0.02,0.649,0.99,0.028,-0.139,0.001,-0.4085898686315352,0.023151274904800612,0.6336904917524013
1963,1784635214.309437,-0.17969437114073142,0.05134918746978798,0.25160631857195614,-0.011255410255266367,-0.415,0.02,0.65,0.99,0.027,-0.139,0.001,-0.4085898686315352,0.023151274904800612,0.6336904917524013
1964,1784635214.3329744,-0.17184493292394823,0.0407965056109917,0.2412482771703855,-0.010044262692634748,-0.416,0.019,0.651,0.99,0.026,-0.138,0.001,-0.4085898686315352,0.023151274904800612,0.6336904917524013
1964,1784635214.3480637,-0.12939748278443913,0.027908367277501605,0.2584299847827902,-0.00970827614247419,-0.418,0.017,0.653,0.99,0.024,-0.137,0.001,-0.4085898686315352,0.023151274904800612,0.6336904917524013
1966,1784635214.3673656,-0.2175281522840019,0.09819871583245594,0.22791023790548953,-0.008526155428549995,-0.419,0.015,0.654,0.991,0.021,-0.135,0.001,-0.41406887493608685,0.02067990026566007,0.6473106470269432
1967,1784635214.3862555,-0.16785098056924946,0.15237605908819005,0.24023582698116563,-0.006803388569151245,-0.421,0.014,0.655,0.991,0.019,-0.134,0.0,-0.41406887493608685,0.02067990026566007,0.6473106470269432
1968,1784635214.4087458,-0.1601927128318253,0.1692985762843694,0.235117064037365,-0.006522594845239778,-0.422,0.012,0.656,0.991,0.016,-0.133,0.0,-0.41406887493608685,0.02067990026566007,0.6473106470269432
1969,1784635214.4310243,-0.14115543665827796,0.16259544626110417,0.2431006110376453,-0.0065016481113401685,-0.424,0.01,0.657,0.991,0.013,-0.132,-0.0,-0.41406887493608685,0.02067990026566007,0.6473106470269432
1970,1784635214.4482005,-0.17623392850490316,0.0975248765207207,0.2445793480984457,-0.007939045169758501,-0.425,0.008,0.657,0.991,0.011,-0.132,-0.0,-0.41406887493608685,0.02067990026566007,0.6473106470269432
1971,1784635214.4735823,-0.09899829246288444,0.13039215304690635,0.24357043915144086,-0.0063440620351060285,-0.427,0.006,0.656,0.991,0.008,-0.13,-0.001,-0.41406887493608685,0.02067990026566007,0.6473106470269432
1971,1784635214.493758,-0.11696205418162282,0.12611198837572543,0.24937181560970104,-0.005849691365420347,-0.428,0.005,0.656,0.992,0.006,-0.129,-0.001,-0.41406887493608685,0.02067990026566007,0.6473106470269432
1973,1784635214.5120578,-0.2043649035215141,0.023434867854190036,0.2636148954843177,-0.017847581983461015,-0.43,0.003,0.655,0.992,0.003,-0.128,-0.001,-0.4241088613789812,0.009514319957188763,0.6564435958593462
1974,1784635214.5327535,-0.16436754056079203,0.01570872353068653,0.25835865301918054,-0.017707168055854233,-0.431,0.001,0.654,0.992,0.001,-0.126,-0.001,-0.4241088613789812,0.009514319957188763,0.6564435958593462
1974,1784635214.549087,-0.17246607630088007,-0.06889791060480917,0.29567255182173113,-0.020428820904953696,-0.432,0.0,0.653,0.992,-0.0,-0.125,-0.002,-0.4241088613789812,0.009514319957188763,0.6564435958593462
1976,1784635214.57058,-0.17958944570406402,-0.05610885862843558,0.3015523437810948,-0.016597248372866483,-0.434,-0.001,0.652,0.992,-0.002,-0.124,-0.002,-0.4241088613789812,0.009514319957188763,0.6564435958593462
1977,1784635214.5899239,-0.17960670301655063,-0.08902501060370986,0.29852233941575607,-0.015785336945140137,-0.435,-0.003,0.65,0.992,-0.003,-0.123,-0.002,-0.4241088613789812,0.009514319957188763,0.6564435958593462
1978,1784635214.6131573,-0.13854041784469315,0.010451645152618719,0.30890524864616936,-0.0033950349843448573,-0.437,-0.005,0.648,0.993,-0.006,-0.122,-0.002,-0.4241088613789812,0.009514319957188763,0.6564435958593462
1978,1784635214.6316202,-0.13707427215973245,0.06904904024110795,0.3097770663935102,-0.0018923169764687225,-0.437,-0.006,0.647,0.993,-0.007,-0.121,-0.002,-0.4241088613789812,0.009514319957188763,0.6564435958593462
1980,1784635214.6514912,-0.1496164728242511,-0.02079625008279601,0.30019921484737866,-0.006204502138462427,-0.439,-0.007,0.646,0.993,-0.009,-0.121,-0.002,-0.4241088613789812,0.009514319957188763,0.6564435958593462
1981,1784635214.6697707,-0.04587805536181025,0.0797004746822028,0.30021844136064796,-0.013106297252534737,-0.44,-0.008,0.646,0.993,-0.011,-0.121,-0.002,-0.43545240939352625,-0.0035043796809692204,0.6495435584282105
1982,1784635214.6880567,0.010762972980441862,0.046755777818886124,0.2940136081438573,-0.003538530804321446,-0.442,-0.01,0.645,0.993,-0.013,-0.121,-0.003,-0.43545240939352625,-0.0035043796809692204,0.6495435584282105
1982,1784635214.713073,0.04745143160130704,-0.008803824434343722,0.29167666080917115,-0.0010645564709065086,-0.443,-0.011,0.646,0.992,-0.015,-0.122,-0.003,-0.43545240939352625,-0.0035043796809692204,0.6495435584282105
1984,1784635214.7307386,0.11115834540987599,0.08098547714452276,0.2750113041684978,0.0015415773136786904,-0.444,-0.011,0.647,0.992,-0.017,-0.122,-0.003,-0.43545240939352625,-0.0035043796809692204,0.6495435584282105
1985,1784635214.7491872,0.08282020576564439,0.002956504972599444,0.280547015504652,0.0037897898932154036,-0.446,-0.012,0.648,0.992,-0.018,-0.122,-0.003,-0.43545240939352625,-0.0035043796809692204,0.6495435584282105
1986,1784635214.7680492,0.08226184098862388,-0.019016190128098066,0.2792552359998835,0.0038808990102063264,-0.446,-0.012,0.649,0.992,-0.019,-0.122,-0.003,-0.43545240939352625,-0.0035043796809692204,0.6495435584282105
1987,1784635214.787158,0.07431188658936044,-0.059719104881207116,0.27546399710644526,0.004097141465806064,-0.448,-0.013,0.653,0.992,-0.02,-0.121,-0.003,-0.43545240939352625,-0.0035043796809692204,0.6495435584282105
1988,1784635214.8105693,0.1724450594487576,-0.04045558097056423,0.21858561559377018,-0.0015814127076516846,-0.449,-0.013,0.655,0.992,-0.02,-0.121,-0.003,-0.4461290094867946,-0.012211406935657663,0.6491398704000175
1989,1784635214.8291337,0.2681339220755518,-0.053402076078806336,0.26245599780154855,0.0028148797455567233,-0.45,-0.013,0.658,0.992,-0.02,-0.121,-0.003,-0.4461290094867946,-0.012211406935657663,0.6491398704000175
1990,1784635214.8537214,0.27907686852363056,-0.04161444128597336,0.23277108796361068,0.0032927456329378962,-0.452,-0.012,0.662,0.993,-0.019,-0.121,-0.003,-0.4461290094867946,-0.012211406935657663,0.6491398704000175
1990,1784635214.873276,0.2608244984793029,-0.042401603388308916,0.2624589249072695,0.0046852305551506376,-0.453,-0.012,0.664,0.993,-0.019,-0.121,-0.003,-0.4461290094867946,-0.012211406935657663,0.6491398704000175
1992,1784635214.8923151,0.25003774977418947,-0.01856814436501799,0.23415365442028896,0.004226986359880802,-0.454,-0.011,0.667,0.993,-0.018,-0.121,-0.003,-0.4461290094867946,-0.012211406935657663,0.6491398704000175
1992,1784635214.9197707,0.23712766761220605,-0.023881309694350306,0.2625117730324654,0.004740712703075816,-0.455,-0.011,0.67,0.993,-0.016,-0.121,-0.003,-0.4461290094867946,-0.012211406935657663,0.6491398704000175
1994,1784635214.9347696,0.21855367330977632,-0.017833480464524334,0.24180598795185404,0.005190222248960909,-0.457,-0.01,0.674,0.993,-0.012,-0.121,-0.002,-0.4461290094867946,-0.012211406935657663,0.6491398704000175
1994,1784635214.9496303,0.1231526559883064,0.08064768878290014,0.23748429150329747,0.00034695669695850376,-0.458,-0.009,0.675,0.993,-0.011,-0.121,-0.002,-0.4461290094867946,-0.012211406935657663,0.6491398704000175
1996,1784635214.970514,0.1254412519823901,0.1594374043777217,0.280518499158244,-0.008786131428178169,-0.459,-0.009,0.677,0.993,-0.008,-0.122,-0.002,-0.4555422173435721,-0.01081961159784656,0.6700499911914746
1997,1784635214.9900064,0.17006889359549784,0.1578633959377214,0.2673219360540626,-0.007917568231049457,-0.46,-0.008,0.678,0.993,-0.006,-0.122,-0.002,-0.4555422173435721,-0.01081961159784656,0.6700499911914746
1998,1784635215.0096567,0.127672108199296,0.13593529291696493,0.26966613373371545,-0.006062812985964629,-0.461,-0.007,0.68,0.993,-0.002,-0.122,-0.001,-0.4555422173435721,-0.01081961159784656,0.6700499911914746
1999,1784635215.0351746,0.08590831538201923,0.14663962529827423,0.2643066308478189,-0.00634598148495767,-0.462,-0.006,0.682,0.993,0.001,-0.122,-0.001,-0.4555422173435721,-0.01081961159784656,0.6700499911914746
1999,1784635215.0559258,0.08774670435794044,0.12921378801777927,0.26837682929206175,-0.005396391414445927,-0.463,-0.005,0.683,0.993,0.003,-0.122,-0.0,-0.4555422173435721,-0.01081961159784656,0.6700499911914746
2001,1784635215.0816905,0.07522360610428395,0.10380876355588389,0.26517625648083165,-0.00471380163935183,-0.464,-0.005,0.685,0.993,0.006,-0.121,-0.0,-0.4555422173435721,-0.01081961159784656,0.6700499911914746
2001,1784635215.1027942,0.06414540173795627,0.07200617492547864,0.26749775368406103,-0.004424818699789738,-0.465,-0.004,0.686,0.993,0.009,-0.12,0.0,-0.4555422173435721,-0.01081961159784656,0.6700499911914746
2003,1784635215.1175807,-0.03605688870114829,0.0989399953615907,0.2432378277631556,-0.007692610986798288,-0.466,-0.003,0.688,0.993,0.01,-0.119,0.0,-0.4637243514601736,-0.004592190523558694,0.6846315255820494
2003,1784635215.1328084,-0.07706024492154859,0.0830357082737578,0.26537553835140576,-0.008948252080518868,-0.466,-0.003,0.689,0.993,0.011,-0.118,0.001,-0.4637243514601736,-0.004592190523558694,0.6846315255820494
2005,1784635215.1468687,-0.09443867118803106,0.06837865459536532,0.24461870744454944,-0.0078010561424941855,-0.467,-0.003,0.69,0.993,0.012,-0.117,0.001,-0.4637243514601736,-0.004592190523558694,0.6846315255820494
2006,1784635215.1688821,-0.09464968423880216,0.03676754328326229,0.2602695528435555,-0.007101453974494678,-0.468,-0.002,0.692,0.993,0.014,-0.115,0.001,-0.4637243514601736,-0.004592190523558694,0.6846315255820494
2007,1784635215.190258,-0.08475899609809998,0.05360090508640783,0.2523627336505128,-0.006760524516068166,-0.469,-0.001,0.693,0.993,0.015,-0.114,0.001,-0.4637243514601736,-0.004592190523558694,0.6846315255820494
2008,1784635215.2089362,-0.08903660892331734,0.026881974678889614,0.2551995008329631,-0.006570659287569039,-0.469,-0.001,0.694,0.993,0.016,-0.113,0.001,-0.4637243514601736,-0.004592190523558694,0.6846315255820494
2009,1784635215.2291415,-0.07723062845604999,0.021480478565206462,0.25351013346782364,-0.005217261834121535,-0.47,-0.001,0.696,0.994,0.016,-0.112,0.002,-0.4637243514601736,-0.004592190523558694,0.6846315255820494
2010,1784635215.2488675,-0.05405009465178502,-0.016532997163657387,0.24652314417407484,-0.0035215777516115175,-0.47,-0.001,0.697,0.994,0.016,-0.111,0.002,-0.4637243514601736,-0.004592190523558694,0.6846315255820494
2011,1784635215.2700348,-0.07320234583907632,0.025790080573172017,0.2654776971457163,-0.0034244195481758035,-0.471,-0.001,0.698,0.994,0.016,-0.111,0.002,-0.4637243514601736,-0.004592190523558694,0.6846315255820494
2012,1784635215.2883947,-0.09293222649708971,0.0006081879626579981,0.24280150634265654,-0.003364614588782984,-0.471,-0.001,0.699,0.994,0.016,-0.11,0.002,-0.47049085802383606,-0.0006813430778400374,0.6972605491655395
2013,1784635215.3082323,-0.07051138626688548,-0.01689718360374821,0.25764998930273364,-0.002860841414229949,-0.472,-0.001,0.7,0.994,0.015,-0.109,0.002,-0.47049085802383606,-0.0006813430778400374,0.6972605491655395
2014,1784635215.3264236,-0.04753769968937858,-0.03128094908515271,0.24179021046435767,-0.0020729451187481433,-0.472,-0.001,0.701,0.994,0.015,-0.109,0.002,-0.47049085802383606,-0.0006813430778400374,0.6972605491655395
2015,1784635215.3482876,-0.06489049227147389,-0.015124007668234334,0.26006540091514374,-0.001908404778669378,-0.472,-0.001,0.701,0.994,0.014,-0.109,0.002,-0.47049085802383606,-0.0006813430778400374,0.6972605491655395
2016,1784635215.3664942,-0.047862204638988354,-0.02834598082915895,0.24411187569906795,-0.0018855177104954298,-0.472,-0.001,0.702,0.994,0.013,-0.108,0.002,-0.47049085802383606,-0.0006813430778400374,0.6972605491655395
2017,1784635215.3896918,-0.07411173430718394,-0.014576653396101608,0.2612489330067849,-0.0019647333301733207,-0.472,-0.002,0.702,0.994,0.013,-0.108,0.002,-0.47049085802383606,-0.0006813430778400374,0.6972605491655395
2018,1784635215.4070776,-0.08014389153657535,-0.01028836252007177,0.2485566646922689,-0.002227317601370707,-0.472,-0.002,0.702,0.994,0.013,-0.108,0.002,-0.47049085802383606,-0.0006813430778400374,0.6972605491655395
2019,1784635215.4305918,-0.07551629004296473,-0.012656010985358915,0.25894282583873807,-0.0034838167257761742,-0.472,-0.002,0.702,0.994,0.012,-0.109,0.001,-0.47049085802383606,-0.0006813430778400374,0.6972605491655395
2020,1784635215.4516523,-0.07316200675889986,-0.0063715520139957784,0.2519077970361368,-0.004017159498308914,-0.472,-0.003,0.702,0.994,0.011,-0.109,0.001,-0.47049085802383606,-0.0006813430778400374,0.6972605491655395
2021,1784635215.46918,-0.08640271659773607,-0.07767513026407029,0.24860180053555028,-0.003462988242306642,-0.472,-0.003,0.702,0.994,0.011,-0.109,0.001,-0.4718944133072627,-0.0022321259647504962,0.7023860618136097
2022,1784635215.4897356,-0.09104415792215634,-0.08671988537211697,0.25403718941972975,-0.0027213833599719116,-0.471,-0.004,0.702,0.994,0.01,-0.109,0.001,-0.4718944133072627,-0.0022321259647504962,0.7023860618136097
2023,1784635215.5096996,-0.07285883388751833,-0.06851327483981685,0.2479409434810447,-0.0016166061254257503,-0.471,-0.005,0.701,0.994,0.009,-0.109,0.001,-0.4718944133072627,-0.0022321259647504962,0.7023860618136097
2024,1784635215.52858,-0.08760977696345028,-0.0844922275958176,0.2590917035583917,-0.0011903689503864653,-0.47,-0.005,0.701,0.994,0.009,-0.109,0.001,-0.4718944133072627,-0.0022321259647504962,0.7023860618136097
2025,1784635215.5506718,-0.06355650370272545,-0.053877073339777835,0.24456438382017573,-0.0003639910025223554,-0.469,-0.006,0.7,0.994,0.008,-0.11,0.001,-0.4718944133072627,-0.0022321259647504962,0.7023860618136097
2026,1784635215.5691144,-0.07416015525182645,-0.06704112477400724,0.2664806222822233,-0.000178811684347901,-0.469,-0.007,0.699,0.994,0.007,-0.11,0.001,-0.4718944133072627,-0.0022321259647504962,0.7023860618136097
2027,1784635215.5880208,-0.06616915082779,-0.055854080313260425,0.24350485708004818,0.00028561652915482785,-0.468,-0.007,0.698,0.994,0.007,-0.11,0.001,-0.4718944133072627,-0.0022321259647504962,0.7023860618136097
2028,1784635215.6090035,0.006946393961817052,-0.01558955454449084,0.2789957687288249,0.0028044905182748985,-0.467,-0.008,0.697,0.994,0.006,-0.111,0.001,-0.4680735042258958,-0.007360842026214501,0.6980956564799483
2029,1784635215.627108,0.007901106976882684,-0.011175085054503,0.25904826511255785,0.0046393245561984365,-0.467,-0.009,0.696,0.994,0.005,-0.111,0.001,-0.4680735042258958,-0.007360842026214501,0.6980956564799483
2030,1784635215.6492558,0.009809837766108548,-0.007548932712005206,0.2689134604934568,0.005358610374962199,-0.466,-0.01,0.694,0.994,0.005,-0.112,0.001,-0.4680735042258958,-0.007360842026214501,0.6980956564799483
2031,1784635215.6678584,0.011985085632508986,-0.005985973114287023,0.2625172070588977,0.005904453824922125,-0.464,-0.011,0.692,0.994,0.004,-0.113,0.001,-0.4680735042258958,-0.007360842026214501,0.6980956564799483
2032,1784635215.6856346,-0.026632022152770735,-0.06675716815804314,0.2811158172345998,0.005249428247066448,-0.462,-0.012,0.69,0.994,0.003,-0.113,0.001,-0.4680735042258958,-0.007360842026214501,0.6980956564799483
2033,1784635215.7050784,0.010643910921010202,-0.020334056512323895,0.25939639320514046,0.0060035835408445625,-0.461,-0.013,0.688,0.993,0.003,-0.114,0.001,-0.4680735042258958,-0.007360842026214501,0.6980956564799483
2034,1784635215.7329872,-0.0037803789156731285,-0.04647188297866915,0.27210101800138886,0.005981399308245497,-0.46,-0.013,0.686,0.993,0.003,-0.114,0.001,-0.4680735042258958,-0.007360842026214501,0.6980956564799483
2034,1784635215.7503412,-0.006266203343697027,-0.04561332401381719,0.26339957887003973,0.004721171725274711,-0.459,-0.014,0.685,0.993,0.003,-0.114,0.0,-0.4680735042258958,-0.007360842026214501,0.6980956564799483
2036,1784635215.7708545,-0.036838636356863755,-0.13521123405961968,0.27273517089520205,0.003938192303359403,-0.457,-0.014,0.683,0.993,0.002,-0.114,0.0,-0.4598441514309175,-0.013391216270404621,0.6859957283674484
2037,1784635215.7874508,-0.02324366248276489,-0.11298279238201026,0.26300087801135547,0.004189699475024656,-0.456,-0.015,0.681,0.993,0.002,-0.115,0.0,-0.4598441514309175,-0.013391216270404621,0.6859957283674484
2038,1784635215.80875,-0.0324837121704875,-0.10962779271127535,0.2692729875559278,0.004294453472967742,-0.454,-0.016,0.679,0.993,0.003,-0.115,0.0,-0.4598441514309175,-0.013391216270404621,0.6859957283674484
2039,1784635215.8309495,-0.03182622017110891,-0.10925222530823224,0.26461263934864826,0.004324259536653754,-0.452,-0.017,0.678,0.993,0.003,-0.115,0.0,-0.4598441514309175,-0.013391216270404621,0.6859957283674484
2040,1784635215.8516293,-0.095883918451376,-0.18351622127428113,0.28544625633136034,0.0032499655018474296,-0.451,-0.017,0.677,0.993,0.003,-0.116,0.0,-0.4598441514309175,-0.013391216270404621,0.6859957283674484
2041,1784635215.8719065,-0.036157864715842286,-0.1067306091866747,0.265129309835943,0.004155319155211579,-0.448,-0.018,0.674,0.993,0.003,-0.116,0.0,-0.4598441514309175,-0.013391216270404621,0.6859957283674484
2042,1784635215.8943949,-0.02500471435913819,-0.09545343471856331,0.2724113867306414,0.00434747615198288,-0.446,-0.018,0.672,0.993,0.002,-0.118,0.0,-0.4598441514309175,-0.013391216270404621,0.6859957283674484
2042,1784635215.913952,-0.007948785923901878,-0.06678058035261179,0.267109385691922,0.004711623411745779,-0.444,-0.019,0.671,0.993,0.002,-0.119,0.0,-0.4598441514309175,-0.013391216270404621,0.6859957283674484
2044,1784635215.9335425,0.003936431423141087,-0.03357190093985227,0.26917329784501376,0.00499851605461675,-0.442,-0.019,0.67,0.993,0.002,-0.121,0.0,-0.4598441514309175,-0.013391216270404621,0.6859957283674484
2044,1784635215.94966,0.01892680312029682,-0.021998111161281347,0.2767459309079733,0.004585594327281764,-0.441,-0.02,0.669,0.993,0.001,-0.122,-0.0,-0.4598441514309175,-0.013391216270404621,0.6859957283674484
2046,1784635215.9693105,-0.08074883785125864,-0.12130974984368158,0.24829010507219304,0.0028659587244198766,-0.438,-0.02,0.668,0.992,0.001,-0.124,-0.0,-0.44733346994434786,-0.018101306619722615,0.673350866912946
2047,1784635215.9874828,-0.10363832116848379,-0.16608283082882352,0.2642072200224267,0.0014183510315237723,-0.437,-0.021,0.667,0.992,0.0,-0.126,-0.0,-0.44733346994434786,-0.018101306619722615,0.673350866912946
2048,1784635216.0093281,-0.11297553564733065,-0.15216082517907928,0.24282106333589937,0.0019773797673734834,-0.435,-0.021,0.666,0.992,-0.0,-0.127,-0.0,-0.44733346994434786,-0.018101306619722615,0.673350866912946
2049,1784635216.0302193,-0.10059656906512182,-0.12165394688898187,0.2564897506752943,0.0018782385125909844,-0.434,-0.021,0.666,0.992,-0.0,-0.128,-0.0,-0.44733346994434786,-0.018101306619722615,0.673350866912946
2050,1784635216.0509684,-0.09061725805411888,-0.1396457534043964,0.24908480405777222,0.0008893708124656356,-0.432,-0.021,0.665,0.992,-0.001,-0.129,-0.0,-0.44733346994434786,-0.018101306619722615,0.673350866912946
2051,1784635216.0695784,-0.08085242543359537,-0.1358112741828925,0.255754060510135,-0.0004033382030709733,-0.43,-0.022,0.664,0.992,-0.001,-0.129,-0.001,-0.44733346994434786,-0.018101306619722615,0.673350866912946
2052,1784635216.0875657,-0.0481783429555892,-0.14944475952196457,0.26093764192347474,-0.002386695835202088,-0.429,-0.022,0.664,0.991,-0.001,-0.13,-0.001,-0.44733346994434786,-0.018101306619722615,0.673350866912946
2053,1784635216.1081796,0.02103617117650137,-0.1120070994422806,0.2614492661152218,-0.006189013782442063,-0.427,-0.022,0.662,0.991,-0.002,-0.132,-0.001,-0.43241785279323175,-0.021260564492504526,0.6651296789497929
2054,1784635216.1300192,-0.003980012320683367,-0.05860835870158948,0.24773487272014155,-0.005884621387484103,-0.425,-0.022,0.661,0.991,-0.003,-0.133,-0.001,-0.43241785279323175,-0.021260564492504526,0.6651296789497929
2055,1784635216.1477845,-0.0015689351501583276,-0.0405845614480065,0.25876748753362655,-0.0054040101241537965,-0.424,-0.022,0.66,0.991,-0.003,-0.134,-0.001,-0.43241785279323175,-0.021260564492504526,0.6651296789497929
