step,sim_time,u0,u1,u2,u3,pose_x,pose_y,pose_z,pose_qw,pose_qx,pose_qy,pose_qz,ref_x,ref_y,ref_z
0,1784678922.6677341,0.0,0.0,0.050000000925146976,0.0,-0.289,0.5,0.1,1.0,-0.0,-0.0,-0.0,-0.2887468554552609,0.5001237636971358,0.19999947877865007
0,1784678922.6908138,0.00018684563124733022,0.0005591386840262348,0.04999999540118078,0.0,-0.289,0.5,0.1,1.0,-0.0,-0.0,-0.0,-0.2887468554552609,0.5001237636971358,0.19999947877865007
0,1784678922.7122602,0.003421717586897348,0.0021788592630312817,0.04999999543700185,-2.9780171440823087e-07,-0.289,0.5,0.1,1.0,-0.0,-0.0,-0.0,-0.2887468554552609,0.5001237636971358,0.19999947877865007
0,1784678922.727705,0.0014960348676732334,0.0012857694667202952,0.0499999954495532,-3.6275690629624406e-07,-0.289,0.5,0.1,1.0,-0.0,-0.0,-0.0,-0.2887468554552609,0.5001237636971358,0.19999947877865007
0,1784678922.7579892,0.0025526594899200226,0.0017256788110572635,0.049999995450213004,-3.636627697957974e-07,-0.289,0.5,0.1,1.0,-0.0,-0.0,-0.0,-0.2887468554552609,0.5001237636971358,0.19999947877865007
0,1784678922.7716737,0.0019031654550681473,0.0014798032639874354,0.04999999545082525,-3.80616048090135e-07,-0.289,0.5,0.1,1.0,-0.0,-0.0,-0.0,-0.2887468554552609,0.5001237636971358,0.19999947877865007
0,1784678922.7913313,0.0023333320974164564,0.0016321605447119818,0.04999999545075693,-3.7658824810684056e-07,-0.289,0.5,0.1,1.0,-0.0,-0.0,-0.0,-0.2887468554552609,0.5001237636971358,0.19999947877865007
0,1784678922.8100514,0.002033187413853296,0.001530297985443718,0.04999999545084365,-3.798922422263405e-07,-0.289,0.5,0.1,1.0,-0.0,-0.0,-0.0,-0.2887468554552609,0.5001237636971358,0.19999947877865007
0,1784678922.830744,0.0022475896451323012,0.0016010991352836763,0.04999999545080666,-3.7868437330293883e-07,-0.289,0.5,0.1,1.0,-0.0,-0.0,-0.0,-0.2887468554552609,0.5001237636971358,0.19999947877865007
0,1784678922.850307,0.002092493354160144,0.0015508920141366763,0.049999995450836096,-3.7932954782154434e-07,-0.289,0.5,0.1,1.0,-0.0,-0.0,-0.0,-0.2887468554552609,0.5001237636971358,0.19999947877865007
0,1784678922.8699472,0.0022052494560041804,0.0015868183809491713,0.049999995450817784,-3.791530128327658e-07,-0.289,0.5,0.1,1.0,-0.0,-0.0,-0.0,-0.2887468554552609,0.5001237636971358,0.19999947877865007
0,1784678922.8907993,0.0021230451179902396,0.0015609984421898438,0.04999999545083178,-3.7915978148691225e-07,-0.289,0.5,0.1,1.0,-0.0,-0.0,-0.0,-0.2887468554552609,0.5001237636971358,0.19999947877865007
0,1784678922.9131377,0.0021830295803052413,0.0015795894799984181,0.049999995450822184,-3.7926619871001304e-07,-0.289,0.5,0.1,1.0,-0.0,-0.0,-0.0,-0.2887468554552609,0.5001237636971358,0.19999947877865007
0,1784678922.9407883,0.0021392297163931547,0.001566190997924584,0.04999999545082939,-3.791267938548011e-07,-0.289,0.5,0.1,1.0,-0.0,-0.0,-0.0,-0.2887468554552609,0.5001237636971358,0.19999947877865007
0,1784678922.9566834,0.002171215307108475,0.0015758506929165043,0.049999995450824286,-3.792799183741799e-07,-0.289,0.5,0.1,1.0,-0.0,-0.0,-0.0,-0.2887468554552609,0.5001237636971358,0.19999947877865007
0,1784678922.9697983,0.0021478528914934828,0.001568885057686903,0.04999999545082808,-3.791357115729582e-07,-0.289,0.5,0.1,1.0,-0.0,-0.0,-0.0,-0.2887468554552609,0.5001237636971358,0.19999947877865007
0,1784678922.9891179,0.0021649166179844932,0.0015739083074417114,0.04999999545082535,-3.7926645909910084e-07,-0.289,0.5,0.1,1.0,-0.0,-0.0,-0.0,-0.2887468554552609,0.5001237636971358,0.19999947877865007
0,1784678923.0082927,0.002152452576422952,0.001570285620979406,0.04999999545082737,-3.7915387522759445e-07,-0.289,0.5,0.1,1.0,-0.0,-0.0,-0.0,-0.2887468554552609,0.5001237636971358,0.19999947877865007
0,1784678923.0298414,0.0021615566009462106,0.0015728982605929848,0.04999999545082591,-3.7924904507636536e-07,-0.289,0.5,0.1,1.0,-0.0,-0.0,-0.0,-0.2887468554552609,0.5001237636971358,0.19999947877865007
0,1784678923.046167,0.0021549066203769467,0.0015710140273647757,0.049999995450826965,-3.791705480609584e-07,-0.289,0.5,0.1,1.0,-0.0,-0.0,-0.0,-0.2887468554552609,0.5001237636971358,0.19999947877865007
0,1784678923.068108,0.0021597639816782572,0.0015723729320330207,0.049999995450826194,-3.792345416748603e-07,-0.289,0.5,0.1,1.0,-0.0,-0.0,-0.0,-0.2887468554552609,0.5001237636971358,0.19999947877865007
0,1784678923.0867102,0.0021562159583930103,0.0015713928880194405,0.04999999545082676,-3.7918309556533784e-07,-0.289,0.5,0.1,1.0,-0.0,-0.0,-0.0,-0.2887468554552609,0.5001237636971358,0.19999947877865007
0,1784678923.111201,0.002158807561829805,0.0015720996956940817,0.049999995450826354,-3.7922411692394045e-07,-0.289,0.5,0.1,1.0,-0.0,-0.0,-0.0,-0.2887468554552609,0.5001237636971358,0.19999947877865007
0,1784678923.1296537,0.002156914548256118,0.0015715899448177514,0.04999999545082665,-3.7919169797002823e-07,-0.289,0.5,0.1,1.0,-0.0,-0.0,-0.0,-0.2887468554552609,0.5001237636971358,0.19999947877865007
0,1784678923.1491578,0.002158297276242009,0.001571957577571312,0.049999995450826444,-3.7921716360909436e-07,-0.289,0.5,0.1,1.0,-0.0,-0.0,-0.0,-0.2887468554552609,0.5001237636971358,0.19999947877865007
0,1784678923.17223,0.0021572872761535305,0.0015716924403078754,0.0499999954508266,-3.7919728265814306e-07,-0.289,0.5,0.1,1.0,-0.0,-0.0,-0.0,-0.2887468554552609,0.5001237636971358,0.19999947877865007
0,1784678923.1936877,0.0021580250188134144,0.0015718836575099964,0.04999999545082647,-3.792127317198558e-07,-0.289,0.5,0.1,1.0,-0.0,-0.0,-0.0,-0.2887468554552609,0.5001237636971358,0.19999947877865007
0,1784678923.207105,0.0021574861423228463,0.0015717457513789311,0.04999999545082657,-3.7920078065045024e-07,-0.289,0.5,0.1,1.0,-0.0,-0.0,-0.0,-0.2887468554552609,0.5001237636971358,0.19999947877865007
0,1784678923.2283635,0.00215787975848805,0.0015718452094137486,0.04999999545082651,-3.7920999205930744e-07,-0.289,0.5,0.1,1.0,-0.0,-0.0,-0.0,-0.2887468554552609,0.5001237636971358,0.19999947877865007
0,1784678923.2483616,0.00215759224572959,0.0015717734802054362,0.04999999545082654,-3.7920291680611093e-07,-0.289,0.5,0.1,1.0,-0.0,-0.0,-0.0,-0.2887468554552609,0.5001237636971358,0.19999947877865007
0,1784678923.2697525,0.0021578022561888665,0.001571825211423821,0.049999995450826513,-3.792083353529205e-07,-0.289,0.5,0.1,1.0,-0.0,-0.0,-0.0,-0.2887468554552609,0.5001237636971358,0.19999947877865007
0,1784678923.290693,0.0021576488562991976,0.0015717879027833614,0.049999995450826534,-3.7920419693883293e-07,-0.289,0.5,0.1,1.0,-0.0,-0.0,-0.0,-0.2887468554552609,0.5001237636971358,0.19999947877865007
0,1784678923.307633,0.002157760905572957,0.0015718148097792813,0.04999999545082652,-3.7920735008608395e-07,-0.289,0.5,0.1,1.0,-0.0,-0.0,-0.0,-0.2887468554552609,0.5001237636971358,0.19999947877865007
0,1784678923.3270504,0.002157679060402798,0.0015717954044280249,0.04999999545082653,-3.7920495303573704e-07,-0.289,0.5,0.1,1.0,-0.0,-0.0,-0.0,-0.2887468554552609,0.5001237636971358,0.19999947877865007
0,1784678923.3493733,0.0021577388432882623,0.0015718093995963954,0.04999999545082653,-3.792067716652405e-07,-0.289,0.5,0.1,1.0,-0.0,-0.0,-0.0,-0.2887468554552609,0.5001237636971358,0.19999947877865007
0,1784678923.3735409,0.002157695175584334,0.0015717993062625074,0.049999995450826534,-3.7920539440111074e-07,-0.289,0.5,0.1,1.0,-0.0,-0.0,-0.0,-0.2887468554552609,0.5001237636971358,0.19999947877865007
0,1784678923.3930511,0.0021577270721740973,0.0015718065856089396,0.04999999545082653,-3.792064356416248e-07,-0.289,0.5,0.1,1.0,-0.0,-0.0,-0.0,-0.2887468554552609,0.5001237636971358,0.19999947877865007
0,1784678923.41155,0.0021577037736292435,0.0015718013357145441,0.049999995450826534,-3.792056496668191e-07,-0.289,0.5,0.1,1.0,-0.0,-0.0,-0.0,-0.2887468554552609,0.5001237636971358,0.19999947877865007
0,1784678923.4324834,0.002157720791813744,0.001571805121966694,0.049999995450826534,-3.7920624207836886e-07,-0.289,0.5,0.1,1.0,-0.0,-0.0,-0.0,-0.2887468554552609,0.5001237636971358,0.19999947877865007
0,1784678923.4541361,0.0021577083610292624,0.001571802391261961,0.04999999545082652,-3.792057961599563e-07,-0.289,0.5,0.1,1.0,-0.0,-0.0,-0.0,-0.2887468554552609,0.5001237636971358,0.19999947877865007
0,1784678923.4715235,0.0021577174409691965,0.001571804360710926,0.04999999545082653,-3.7920613143488086e-07,-0.289,0.5,0.1,1.0,-0.0,-0.0,-0.0,-0.2887468554552609,0.5001237636971358,0.19999947877865007
0,1784678923.4917557,0.002157710808646519,0.001571802940336702,0.04999999545082652,-3.7920587967732116e-07,-0.289,0.5,0.1,1.0,-0.0,-0.0,-0.0,-0.2887468554552609,0.5001237636971358,0.19999947877865007
0,1784678923.5110724,0.0021577156531647334,0.0015718039647015618,0.04999999545082653,-3.79206068512762e-07,-0.289,0.5,0.1,1.0,-0.0,-0.0,-0.0,-0.2887468554552609,0.5001237636971358,0.19999947877865007
0,1784678923.530961,0.0021577121145049025,0.001571803225945832,0.04999999545082652,-3.7920592702126737e-07,-0.289,0.5,0.1,1.0,-0.0,-0.0,-0.0,-0.2887468554552609,0.5001237636971358,0.19999947877865007
0,1784678923.5517921,0.002157714699267484,0.0015718037587315273,0.04999999545082653,-3.792060329658253e-07,-0.289,0.5,0.1,1.0,-0.0,-0.0,-0.0,-0.2887468554552609,0.5001237636971358,0.19999947877865007
0,1784678923.5744925,0.002157712811274603,0.0015718033745095216,0.04999999545082652,-3.7920595368724167e-07,-0.289,0.5,0.1,1.0,-0.0,-0.0,-0.0,-0.2887468554552609,0.5001237636971358,0.19999947877865007
0,1784678923.5915692,0.0021577141903603857,0.001571803651598113,0.04999999545082653,-3.7920601295128206e-07,-0.289,0.5,0.1,1.0,-0.0,-0.0,-0.0,-0.2887468554552609,0.5001237636971358,0.19999947877865007
0,1784678923.611344,0.0021577131830729113,0.0015718034517244839,0.04999999545082652,-3.792059687009525e-07,-0.289,0.5,0.1,1.0,-0.0,-0.0,-0.0,-0.2887468554552609,0.5001237636971358,0.19999947877865007
0,1784678923.633296,0.0021577139188436343,0.001571803595891387,0.04999999545082653,-3.792060017025459e-07,-0.289,0.5,0.1,1.0,-0.0,-0.0,-0.0,-0.2887468554552609,0.5001237636971358,0.19999947877865007
0,1784678923.6523452,0.002157713381325967,0.0015718034918846997,0.04999999545082652,-3.7920597708909133e-07,-0.289,0.5,0.1,1.0,-0.0,-0.0,-0.0,-0.2887468554552609,0.5001237636971358,0.19999947877865007
0,1784678923.672418,0.0021577137739750363,0.0015718035668856164,0.04999999545082653,-3.792059954324823e-07,-0.289,0.5,0.1,1.0,-0.0,-0.0,-0.0,-0.2887468554552609,0.5001237636971358,0.19999947877865007
0,1784678923.6912951,0.0021577134871569306,0.0015718035128229222,0.04999999545082652,-3.7920598178867e-07,-0.289,0.5,0.1,1.0,-0.0,-0.0,-0.0,-0.2887468554552609,0.5001237636971358,0.19999947877865007
0,1784678923.7111702,0.00215771369666718,0.0015718035518234388,0.04999999545082653,-3.792059919322067e-07,-0.289,0.5,0.1,1.0,-0.0,-0.0,-0.0,-0.2887468554552609,0.5001237636971358,0.19999947877865007
0,1784678923.735913,0.0021577135436321926,0.0015718035237051856,0.04999999545082652,-3.79205984375424e-07,-0.289,0.5,0.1,1.0,-0.0,-0.0,-0.0,-0.2887468554552609,0.5001237636971358,0.19999947877865007
0,1784678923.7491372,0.000984880351698812,0.0010150189953139846,0.07437499417993695,-4.6773121456811027e-07,-0.289,0.5,0.1,1.0,-0.0,-0.0,-0.0,-0.2887468554552609,0.5001237636971358,0.19999947877865007
2,1784678923.7731197,0.00014128335630994495,0.0005176793135086034,0.08640057409496296,-5.754260335503187e-07,-0.289,0.5,0.1,1.0,-0.0,-0.0,-0.0,-0.2887468554552609,0.5001237636971358,0.19999947877865007
3,1784678923.7915971,-0.00026467382568542844,0.00030305888564171007,0.09278190494929912,-5.683493524414682e-07,-0.289,0.5,0.1,1.0,-0.0,-0.0,-0.0,-0.2887468554552609,0.5001237636971358,0.19999947877865007
4,1784678923.8074186,-0.0005323994526266569,0.00015925628369761367,0.09681932453479494,-5.640985862395343e-07,-0.289,0.5,0.1,1.0,-0.0,-0.0,-0.0,-0.2887468554552609,0.5001237636971358,0.19999947877865007
5,1784678923.830956,-0.0008184368781372427,3.7545733325548445e-06,0.10011854660871986,-5.675832971671128e-07,-0.289,0.5,0.1,1.0,-0.0,-0.0,-0.0,-0.2887468554552609,0.5001237636971358,0.19999947877865007
6,1784678923.8526423,-0.000961233612331391,-7.506773339971851e-05,0.10346837787339065,-5.721453423781954e-07,-0.289,0.5,0.1,1.0,-0.0,-0.0,-0.0,-0.2887468554552609,0.5001237636971358,0.19999947877865007
7,1784678923.8710155,-0.0011298057454816003,-0.00016555233798951215,0.1072762888710328,-5.731157818261412e-07,-0.289,0.5,0.1,1.0,-0.0,-0.0,-0.0,-0.2887468554552609,0.5001237636971358,0.19999947877865007
7,1784678923.8921118,-0.0013342584555110417,-0.0002757715809377873,0.11177802733295898,-5.771404743453789e-07,-0.289,0.5,0.1,1.0,-0.0,-0.0,-0.0,-0.2887468554552609,0.5001237636971358,0.19999947877865007
9,1784678923.9131148,-0.0015778513787035875,-0.00040731376055338716,0.11713859744868485,-5.867378132082649e-07,-0.289,0.5,0.1,1.0,-0.0,-0.0,-0.0,-0.2887468554552609,0.5001237636971358,0.19999947877865007
10,1784678923.935775,-0.001858070954699626,-0.0005588701469104227,0.12350052137341858,-6.048997263013068e-07,-0.289,0.5,0.1,1.0,-0.0,-0.0,-0.0,-0.2887468554552609,0.5001237636971358,0.19999947877865007
11,1784678923.9545746,-0.002058963962637658,-0.0006659029085461923,0.13100733287817357,-6.246964571638686e-07,-0.289,0.5,0.1,1.0,-0.0,-0.0,-0.0,-0.2887468554552609,0.5001237636971358,0.19999947877865007
12,1784678923.9699183,-0.002132185472459515,-0.000706126912244768,0.13981465073536098,-6.557942621087656e-07,-0.289,0.5,0.1,1.0,-0.0,-0.0,-0.0,-0.2887468554552609,0.5001237636971358,0.19999947877865007
13,1784678923.9931393,-0.0022912537116382215,-0.0007850464025601405,0.150099571442066,-6.717303994202729e-07,-0.289,0.5,0.1,1.0,-0.0,-0.0,-0.0,-0.2887468554552609,0.5001237636971358,0.19999947877865007
14,1784678924.0126035,-0.0021602241604967796,-0.0007087439061566311,0.1620552514655638,-6.885051398343361e-07,-0.289,0.5,0.1,1.0,-0.0,-0.0,-0.0,-0.2887468554552609,0.5001237636971358,0.19999947877865007
15,1784678924.031457,-0.002078773518434,-0.0006513976009013663,0.17590464585840743,-6.787922102407596e-07,-0.289,0.5,0.1,1.0,-0.0,-0.0,-0.0,-0.2887468554552609,0.5001237636971358,0.19999947877865007
16,1784678924.052379,-0.0018490217373555774,-0.000512260251118502,0.1918788199872261,-6.57461148416768e-07,-0.289,0.5,0.1,1.0,-0.0,-0.0,-0.0,-0.2887468554552609,0.5001237636971358,0.19999947877865007
17,1784678924.0769365,-0.0015783042059658828,-0.00034719302129883475,0.2102248859874426,-6.230165865466668e-07,-0.289,0.5,0.1,1.0,-0.0,-0.0,-0.0,-0.2887468554552609,0.5001237636971358,0.19999947877865007
18,1784678924.0971012,-0.0013799740703458337,-0.00021933789220213607,0.2311839397519766,-5.824695028528227e-07,-0.289,0.5,0.1,1.0,-0.0,-0.0,-0.0,-0.2887468554552609,0.5001237636971358,0.19999947877865007
19,1784678924.1198328,-0.0012570990810534554,-0.00013439790924730047,0.2549713618232319,-5.451209698998022e-07,-0.289,0.5,0.1,1.0,-0.0,-0.0,-0.0,-0.2887468554552609,0.5001237636971358,0.19999947877865007
19,1784678924.1399806,-0.0011787831478355768,-7.831531166340334e-05,0.26894465576560667,-5.151360056978288e-07,-0.289,0.5,0.1,1.0,-0.0,-0.0,-0.0,-0.2887468554552609,0.5001237636971358,0.19999947877865007
21,1784678924.1626596,-0.0011390723784235365,-5.022014012423667e-05,0.2722362012665828,-4.951859132398001e-07,-0.289,0.5,0.1,1.0,-0.0,-0.0,-0.0,-0.2887468554552609,0.5001237636971358,0.19999947877865007
21,1784678924.1872132,-0.0011142976816071308,-3.418179798397663e-05,0.27360179996104306,-4.837462629003298e-07,-0.289,0.5,0.1,1.0,-0.0,-0.0,-0.0,-0.2887468554552609,0.5001237636971358,0.19999947877865007
23,1784678924.2038536,-0.00110024345672096,-2.496676340732137e-05,0.2744834261101902,-4.7690459523291e-07,-0.289,0.5,0.1,1.0,-0.0,-0.0,-0.0,-0.2887468554552609,0.5001237636971358,0.19999947877865007
23,1784678924.217916,-0.001090953980655215,-1.87960278400153e-05,0.275108028775343,-4.72331380793671e-07,-0.289,0.5,0.1,1.0,-0.0,-0.0,-0.0,-0.2887468554552609,0.5001237636971358,0.19999947877865007
24,1784678924.2319107,-0.0010847431547266148,-1.4616248474590685e-05,0.27541541180836104,-4.6920496924362395e-07,-0.289,0.5,0.1,1.0,-0.0,-0.0,-0.0,-0.2887468554552609,0.5001237636971358,0.19999947877865007
26,1784678924.2517037,-0.0036263066404413342,-0.0012866570963354913,0.274057937599505,-5.870590557615875e-07,-0.289,0.5,0.1,1.0,-0.0,-0.0,-0.0,-0.2887468554552609,0.5001237636971358,0.19999947877865007
27,1784678924.2699232,-0.008632407017603063,-0.0052776582875360325,0.26920465276395217,-1.9544460609939306e-06,-0.289,0.5,0.1,1.0,-0.0,-0.0,-0.0,-0.2887468554552609,0.5001237636971358,0.19999947877865007
28,1784678924.2906826,-0.009220493301333576,-0.004470179107936849,0.26853655852568603,-7.832607376017663e-07,-0.289,0.5,0.101,1.0,-0.0,-0.0,-0.0,-0.2887468554552609,0.5001237636971358,0.19999947877865007
28,1784678924.3106396,-0.009293973088991221,-0.005655842391733299,0.2680776438283768,-2.5069946718519298e-06,-0.289,0.5,0.102,1.0,-0.0,-0.0,-0.0,-0.2887468554552609,0.5001237636971358,0.19999947877865007
30,1784678924.3365119,-0.031055630136626648,-0.01823294390415774,0.25044571543293764,-2.6169443121557987e-06,-0.289,0.5,0.103,1.0,-0.0,-0.0,-0.0,-0.2887468554552609,0.5001237636971358,0.19999947877865007
31,1784678924.3522897,-0.021478973538181165,-0.011875962200278329,0.25770048482856694,-2.663625600328791e-06,-0.289,0.5,0.103,1.0,-0.0,-0.0,-0.0,-0.2887468554552609,0.5001237636971358,0.19999947877865007
32,1784678924.3777752,-0.024852617960858588,-0.015022369475251495,0.25529057913814485,-8.764607288684133e-06,-0.288,0.5,0.105,1.0,-0.0,-0.0,-0.0,-0.2887468554552609,0.5001237636971358,0.19999947877865007
33,1784678924.3980365,-0.050399413227908425,-0.030799860922928367,0.23464900045401893,-8.130441879507698e-05,-0.288,0.5,0.106,1.0,-0.0,-0.0,-0.0,-0.2887468554552609,0.5001237636971358,0.19999947877865007
33,1784678924.4205596,-0.033266862380531184,-0.019304880973199486,0.24732507525141598,-0.0001895158539431507,-0.288,0.499,0.107,1.0,-0.0,-0.0,-0.0,-0.2887468554552609,0.5001237636971358,0.19999947877865007
35,1784678924.4340038,-0.02616326539524977,-0.01451668425117863,0.25484338396441303,-0.00025331795317282065,-0.288,0.499,0.109,1.0,-0.0,-0.0,-0.0,-0.2887468554552609,0.5001237636971358,0.19999947877865007
36,1784678924.4635353,-0.07322037258815989,-0.03849351608012761,0.22125702748852996,-0.000771833996300148,-0.288,0.499,0.112,1.0,-0.0,-0.0,-0.0,-0.2887468554552609,0.5001237636971358,0.19999947877865007
36,1784678924.4756205,-0.08110029057771281,-0.04248220588561492,0.21230528207006807,-0.001113782038510276,-0.288,0.499,0.114,1.0,-0.0,-0.0,-0.0,-0.2887468554552609,0.5001237636971358,0.19999947877865007
38,1784678924.4894025,-0.04623277947970601,-0.02349642237420071,0.23510029103281457,-0.0009530675400139598,-0.288,0.498,0.116,1.0,-0.0,-0.0,-0.0,-0.2887468554552609,0.5001237636971358,0.19999947877865007
39,1784678924.5101707,-0.04931445536254665,-0.026002649762902806,0.2367881563368593,-0.0008687947404318793,-0.288,0.498,0.12,1.0,-0.0,-0.0,-0.0,-0.2887468554552609,0.5001237636971358,0.19999947877865007
40,1784678924.5313652,-0.04077120600177137,-0.027608617293997332,0.23597037321154754,-0.0007055373617923885,-0.287,0.498,0.123,1.0,-0.001,-0.0,-0.0,-0.2887468554552609,0.5001237636971358,0.19999947877865007
41,1784678924.5559688,-0.027111779274668124,-0.011879465687782854,0.24475326090967747,-0.000501372559315466,-0.287,0.497,0.126,1.0,-0.001,-0.001,-0.0,-0.2887468554552609,0.5001237636971358,0.19999947877865007
42,1784678924.574145,-0.08552634327460656,-0.04385911724990753,0.20584575543033323,-0.00048150917232945656,-0.287,0.497,0.128,1.0,-0.001,-0.001,-0.0,-0.2887468554552609,0.5001237636971358,0.19999947877865007
43,1784678924.593444,-0.09329306552218042,-0.049773351164368415,0.19791143223453908,-0.00046407682638269535,-0.287,0.497,0.13,1.0,-0.001,-0.001,-0.0,-0.2887468554552609,0.5001237636971358,0.19999947877865007
44,1784678924.6135952,-0.09585340580617085,-0.05177785518560631,0.19533896385463886,-0.0004003641646089317,-0.287,0.496,0.132,1.0,-0.001,-0.001,-0.0,-0.2887468554552609,0.5001237636971358,0.19999947877865007
45,1784678924.6327553,-0.049258919159436435,-0.025709717283220027,0.22478693016479342,-0.00030465481661698374,-0.286,0.496,0.134,1.0,-0.001,-0.001,-0.0,-0.2887468554552609,0.5001237636971358,0.19999947877865007
46,1784678924.6519496,-0.09865693265071945,-0.059376557086488715,0.19825113818327608,-0.00020338041246041106,-0.286,0.495,0.138,1.0,-0.002,-0.001,-0.0,-0.2887468554552609,0.5001237636971358,0.19999947877865007
47,1784678924.6719973,-0.04583407811370547,-0.02915172158500124,0.22369060622855663,-0.0001549082561317099,-0.286,0.495,0.141,1.0,-0.002,-0.001,-0.0,-0.2887468554552609,0.5001237636971358,0.19999947877865007
48,1784678924.6955345,-0.093328725561965,-0.057016720158209105,0.17798288184879965,-9.726571856590532e-06,-0.286,0.495,0.144,1.0,-0.002,-0.001,-0.0,-0.2887468554552609,0.5001237636971358,0.19999947877865007
49,1784678924.7107813,-0.03594182521925904,-0.023253572840735273,0.22038569082302537,-1.8109501923551494e-05,-0.285,0.494,0.145,1.0,-0.002,-0.001,-0.0,-0.2887468554552609,0.5001237636971358,0.19999947877865007
50,1784678924.7420888,-0.044526012443477245,-0.019366770117365355,0.20913963548772485,3.0534105254681804e-05,-0.285,0.494,0.148,1.0,-0.002,-0.002,-0.0,-0.2887468554552609,0.5001237636971358,0.19999947877865007
50,1784678924.758879,-0.039873414782712516,-0.01614474408508346,0.21674307810434787,6.473522317846087e-05,-0.285,0.494,0.148,1.0,-0.002,-0.002,-0.0,-0.2887468554552609,0.5001237636971358,0.19999947877865007
52,1784678924.7764077,-0.07614944030701458,-0.04231534683254956,0.18545917333707376,6.56989178398098e-05,-0.285,0.493,0.15,1.0,-0.003,-0.002,-0.0,-0.2887468554552609,0.5001237636971358,0.19999947877865007
52,1784678924.7942312,-0.023949162314794152,-0.011288421666595785,0.22409707341029547,4.713784388560755e-05,-0.285,0.493,0.152,1.0,-0.003,-0.002,-0.0,-0.2887468554552609,0.5001237636971358,0.19999947877865007
54,1784678924.8155324,-0.01857169511609528,-0.008779662385173043,0.2163679409008761,-2.663714416471983e-06,-0.284,0.493,0.156,1.0,-0.003,-0.002,-0.0,-0.2887468554552609,0.5001237636971358,0.19999947877865007
55,1784678924.8366537,-0.05547682746721732,-0.03728027847290265,0.19169106032985347,2.5841223586196126e-05,-0.284,0.492,0.159,1.0,-0.004,-0.002,-0.0,-0.2887468554552609,0.5001237636971358,0.19999947877865007
56,1784678924.8557713,-0.010586669932205292,-0.009222478984630522,0.22848438592796586,-5.799784309501217e-05,-0.284,0.491,0.161,1.0,-0.004,-0.002,-0.0,-0.2887468554552609,0.5001237636971358,0.19999947877865007
57,1784678924.8757582,-0.01635282649456863,-0.003802564943410733,0.2081476583252872,-6.47241260614019e-05,-0.284,0.491,0.163,1.0,-0.004,-0.003,-0.0,-0.2887468554552609,0.5001237636971358,0.19999947877865007
58,1784678924.8964424,0.010393403339369223,0.006553626808878322,0.22915708163787268,-3.0927071813293367e-05,-0.283,0.491,0.164,1.0,-0.005,-0.003,-0.0,-0.2887468554552609,0.5001237636971358,0.19999947877865007
59,1784678924.9169097,-0.02545452529948493,-0.016536396405055463,0.19144265972647928,-4.550268163793588e-05,-0.283,0.49,0.167,1.0,-0.005,-0.003,-0.0,-0.2887468554552609,0.5001237636971358,0.19999947877865007
60,1784678924.93712,-0.0297119272612958,-0.019114147070656774,0.21376700569475135,-9.600574918763526e-05,-0.283,0.49,0.169,1.0,-0.005,-0.003,-0.0,-0.2887468554552609,0.5001237636971358,0.19999947877865007
61,1784678924.957393,0.002171753195181588,-0.0035632739534212435,0.2208795322591805,-0.0001079971490323647,-0.283,0.49,0.17,1.0,-0.006,-0.003,-0.0,-0.2887468554552609,0.5001237636971358,0.19999947877865007
62,1784678924.9778624,-0.0283518508663254,-0.02309131283985269,0.18428622150373794,-7.455301824394749e-05,-0.283,0.489,0.171,1.0,-0.006,-0.003,-0.0,-0.2887468554552609,0.5001237636971358,0.09999947877865006
62,1784678924.9957488,0.0075986161044529175,-0.002277807178900554,0.21483250585166755,-0.00011719503624402564,-0.282,0.489,0.172,1.0,-0.006,-0.003,-0.0,-0.2887468554552609,0.5001237636971358,0.09999947877865006
63,1784678925.015704,0.003849461994152547,-0.0045756942887881825,0.2049977822389394,-9.448464737286607e-05,-0.282,0.489,0.174,1.0,-0.006,-0.003,-0.0,-0.2887468554552609,0.5001237636971358,0.09999947877865006
65,1784678925.0361469,0.020421388652468227,0.014876668455045594,0.2195024718702324,-9.500370157442598e-05,-0.282,0.489,0.175,1.0,-0.006,-0.004,-0.0,-0.2887468554552609,0.5001237636971358,0.09999947877865006
66,1784678925.0555382,0.02485318070910484,0.0148486308036664,0.20733370752590477,-4.287059141216938e-05,-0.282,0.488,0.176,1.0,-0.007,-0.004,-0.0,-0.2887468554552609,0.5001237636971358,0.09999947877865006
67,1784678925.0770285,0.03036709024464325,0.018395616792861877,0.2186050556112164,-3.539176724956471e-05,-0.282,0.488,0.177,1.0,-0.007,-0.004,-0.0,-0.2887468554552609,0.5001237636971358,0.09999947877865006
68,1784678925.0968657,-0.006633635152411221,-0.003953348512955094,0.1937325638887761,-2.1011885723284686e-05,-0.282,0.488,0.178,1.0,-0.007,-0.004,-0.0,-0.2887468554552609,0.5001237636971358,0.09999947877865006
69,1784678925.1165879,0.01968355881123244,0.011769344761096975,0.2206432939663295,-3.3300685704171784e-05,-0.282,0.488,0.179,1.0,-0.007,-0.004,-0.0,-0.2887468554552609,0.5001237636971358,0.09999947877865006
70,1784678925.1462343,0.016139745550212244,0.009615828001650943,0.20494214271593936,-3.303584641104643e-05,-0.281,0.487,0.18,1.0,-0.007,-0.004,-0.0,-0.2887468554552609,0.5001237636971358,0.09999947877865006
70,1784678925.166327,0.026336227396936966,0.015435226720616195,0.2198833095736271,-2.8517730497369966e-05,-0.281,0.487,0.181,1.0,-0.007,-0.004,-0.0,-0.2887468554552609,0.5001237636971358,0.09999947877865006
72,1784678925.193352,-0.0012910106359552975,-0.0018194884970267333,0.1989912242550466,-1.666721244994005e-05,-0.281,0.487,0.181,1.0,-0.007,-0.004,-0.0,-0.2887468554552609,0.5001237636971358,0.09999947877865006
72,1784678925.217337,0.023635076222664374,0.011905434540416045,0.22329834763480946,-2.8472032412745967e-05,-0.281,0.487,0.182,1.0,-0.007,-0.004,-0.0,-0.2887468554552609,0.5001237636971358,0.09999947877865006
75,1784678925.240348,0.008022111953359945,0.0022680909946205287,0.2016970055757133,-2.1100458579975057e-05,-0.281,0.487,0.183,1.0,-0.007,-0.004,-0.0,-0.2887468554552609,0.5001237636971358,0.09999947877865006
75,1784678925.268584,0.03803687810483676,0.021829833935772588,0.22698088887059326,-3.073668664502289e-05,-0.281,0.487,0.183,1.0,-0.007,-0.004,-0.0,-0.2881971418730248,0.4991716361781672,0.1099386907633216
77,1784678925.302056,0.04035048956807932,0.02332825166423112,0.2095795981654331,-2.3967991744135128e-05,-0.281,0.487,0.184,1.0,-0.007,-0.004,-0.0,-0.2881971418730248,0.4991716361781672,0.1099386907633216
79,1784678925.3245945,0.02582457250056657,0.014480850855244054,0.219462948423048,-1.0457860464082688e-05,-0.281,0.486,0.184,1.0,-0.007,-0.004,-0.0,-0.2881971418730248,0.4991716361781672,0.1099386907633216
79,1784678925.3436682,0.039828265564166875,0.024385823553898317,0.2158519246188799,-1.5669095013586837e-05,-0.281,0.486,0.184,1.0,-0.007,-0.004,-0.0,-0.2881971418730248,0.4991716361781672,0.1099386907633216
81,1784678925.3630247,0.031987554163729934,0.018395208741594102,0.2174635945134827,-4.2169757381194896e-06,-0.281,0.486,0.184,1.0,-0.007,-0.004,-0.0,-0.2881971418730248,0.4991716361781672,0.1099386907633216
81,1784678925.381292,0.03963327430307214,0.023666271265727,0.2175837631442198,-9.751624500241328e-06,-0.281,0.486,0.184,1.0,-0.007,-0.004,-0.0,-0.2881971418730248,0.4991716361781672,0.1099386907633216
83,1784678925.3991559,0.04008211761076778,0.02429173456698782,0.21843723609969576,-9.461952569108932e-06,-0.281,0.486,0.184,1.0,-0.007,-0.004,-0.0,-0.2881971418730248,0.4991716361781672,0.1099386907633216
83,1784678925.4167023,0.038638221663679286,0.022932356459479296,0.2210558944800021,-5.7552564277909155e-06,-0.281,0.486,0.184,1.0,-0.007,-0.004,-0.0,-0.2881971418730248,0.4991716361781672,0.1099386907633216
85,1784678925.4359295,0.04397495218905209,0.02689803166272629,0.21701674229914703,-1.0719867053777724e-05,-0.281,0.486,0.184,1.0,-0.007,-0.004,-0.0,-0.2881971418730248,0.4991716361781672,0.1099386907633216
86,1784678925.4557068,0.04574600542936563,0.01795796584550418,0.22018911986567716,2.92355384309434e-05,-0.281,0.487,0.184,1.0,-0.007,-0.003,-0.0,-0.2881971418730248,0.4991716361781672,0.1099386907633216
87,1784678925.4787025,0.037519285692619246,0.015381404115470086,0.22336472812362737,1.2090162489721535e-06,-0.281,0.487,0.183,1.0,-0.006,-0.003,-0.0,-0.2881971418730248,0.4991716361781672,0.1099386907633216
87,1784678925.4991083,0.03923266607655896,0.018113087481917943,0.21592055072277772,-4.160214234208706e-06,-0.281,0.487,0.183,1.0,-0.006,-0.003,-0.0,-0.2881971418730248,0.4991716361781672,0.1099386907633216
89,1784678925.519147,0.04254366440548586,0.020143589150709483,0.22509813856069816,-1.2049711549272465e-05,-0.281,0.487,0.183,1.0,-0.006,-0.003,-0.0,-0.2875481523966235,0.4980475585494333,0.11985392796952153
89,1784678925.5372882,0.04278039270156746,0.02114384307896245,0.21632108132992944,-1.4355293271311418e-05,-0.281,0.487,0.182,1.0,-0.006,-0.003,-0.0,-0.2875481523966235,0.4980475585494333,0.11985392796952153
91,1784678925.5600715,0.042286234167099056,0.020797225755733124,0.22319065198319085,-1.3088101057383838e-05,-0.281,0.487,0.182,1.0,-0.006,-0.003,-0.0,-0.2875481523966235,0.4980475585494333,0.11985392796952153
91,1784678925.579328,0.044504050108807244,0.02237868710255194,0.22156265262149286,-1.7263306811927014e-05,-0.281,0.487,0.181,1.0,-0.006,-0.003,-0.0,-0.2875481523966235,0.4980475585494333,0.11985392796952153
93,1784678925.6020932,0.04816067845271771,0.023815441659185612,0.2289248453287857,-1.8228098580374013e-05,-0.281,0.487,0.181,1.0,-0.006,-0.003,-0.0,-0.2875481523966235,0.4980475585494333,0.11985392796952153
93,1784678925.6230633,0.04001827828627367,0.02466609615348085,0.21879333814265442,-3.2612364413138587e-05,-0.281,0.487,0.18,1.0,-0.005,-0.003,-0.0,-0.2875481523966235,0.4980475585494333,0.11985392796952153
95,1784678925.6419475,0.04014925624338189,0.024929644977752317,0.226405296754491,-2.1087758341152904e-05,-0.281,0.488,0.179,1.0,-0.005,-0.003,-0.0,-0.2875481523966235,0.4980475585494333,0.11985392796952153
95,1784678925.662607,0.041351847303911206,0.026528903068012817,0.22141781934205965,-1.8224625367224775e-05,-0.282,0.488,0.179,1.0,-0.005,-0.003,-0.0,-0.2875481523966235,0.4980475585494333,0.11985392796952153
97,1784678925.683918,0.04014581405971236,0.01744513625871473,0.22530581042457315,1.678385753444728e-05,-0.282,0.488,0.178,1.0,-0.005,-0.002,-0.0,-0.2875481523966235,0.4980475585494333,0.11985392796952153
97,1784678925.7104397,0.041667722120726766,0.018027154649186933,0.22275576190613128,3.247260119816706e-06,-0.282,0.488,0.178,1.0,-0.005,-0.002,-0.0,-0.2875481523966235,0.4980475585494333,0.11985392796952153
99,1784678925.7358584,0.0309820421893077,0.0161604064179095,0.22259002366365807,-8.387126070114313e-06,-0.282,0.488,0.176,1.0,-0.004,-0.002,-0.0,-0.2875481523966235,0.4980475585494333,0.11985392796952153
100,1784678925.7621665,0.04158589384706071,0.021031043382389168,0.2348036660904963,-9.902118341548047e-06,-0.282,0.489,0.175,1.0,-0.004,-0.002,-0.0,-0.2875481523966235,0.4980475585494333,0.11985392796952153
102,1784678925.7784512,0.042124647063227896,0.021609146438453956,0.2196718805587339,-1.2312335757487858e-05,-0.282,0.489,0.174,1.0,-0.004,-0.002,-0.0,-0.2868001466131945,0.4967519804269982,0.12974122443456873
102,1784678925.7945218,0.026185957785620842,0.018256915529932145,0.22588886372983458,-2.3210048535778325e-05,-0.282,0.489,0.173,1.0,-0.003,-0.002,-0.0,-0.2868001466131945,0.4967519804269982,0.12974122443456873
104,1784678925.8145397,0.037782502216185204,0.02492966719032533,0.2359406416297399,-5.647594792270275e-06,-0.282,0.489,0.172,1.0,-0.003,-0.002,-0.0,-0.2868001466131945,0.4967519804269982,0.12974122443456873
105,1784678925.8387153,0.03421179908720785,0.022856422361539824,0.21988860004582428,-7.819109026983143e-06,-0.282,0.489,0.171,1.0,-0.003,-0.002,-0.0,-0.2868001466131945,0.4967519804269982,0.12974122443456873
105,1784678925.863743,0.03011423326542852,0.011737090262664604,0.2279886584820729,1.564886570784578e-05,-0.283,0.49,0.17,1.0,-0.003,-0.001,-0.0,-0.2868001466131945,0.4967519804269982,0.12974122443456873
107,1784678925.8917718,0.030527030226352624,0.017523059294828752,0.23485896417680557,-1.348963396737223e-05,-0.283,0.49,0.169,1.0,-0.002,-0.001,-0.0,-0.2868001466131945,0.4967519804269982,0.12974122443456873
107,1784678925.9105117,0.026553212779799714,0.014047423122306656,0.22100014463745202,-7.111373131069323e-06,-0.283,0.49,0.167,1.0,-0.002,-0.001,-0.0,-0.2868001466131945,0.4967519804269982,0.12974122443456873
109,1784678925.9261246,0.022062746334947963,0.010939711761782843,0.22742914737621128,-1.8439845209720832e-06,-0.283,0.49,0.167,1.0,-0.002,-0.001,-0.0,-0.2868001466131945,0.4967519804269982,0.12974122443456873
109,1784678925.9583447,0.026954465242370506,0.01313053630219896,0.22612566197770037,-2.5331097046262915e-06,-0.283,0.491,0.166,1.0,-0.002,-0.001,-0.0,-0.2868001466131945,0.4967519804269982,0.12974122443456873
112,1784678925.976773,0.01579300341393198,0.012124118063501005,0.2240870595073265,-1.093587703469623e-05,-0.283,0.491,0.164,1.0,-0.001,-0.001,-0.0,-0.2868001466131945,0.4967519804269982,0.12974122443456873
113,1784678925.998485,0.021241173405310156,0.015790245392341213,0.23000197585197313,-3.114699396404924e-06,-0.283,0.491,0.163,1.0,-0.001,-0.001,-0.0,-0.28595342371507776,0.4952854200248367,0.13959662537170608
113,1784678926.0162203,0.019569267659549444,0.014608687787661473,0.22300714989684287,-2.2831879564714555e-07,-0.283,0.491,0.163,1.0,-0.001,-0.001,-0.0,-0.28595342371507776,0.4952854200248367,0.13959662537170608
115,1784678926.0410566,0.016267656498184648,0.014517990098805857,0.2265416847495014,-3.3589716587239e-06,-0.284,0.491,0.162,1.0,-0.001,-0.001,-0.0,-0.28595342371507776,0.4952854200248367,0.13959662537170608
115,1784678926.0638692,0.020638177301723307,0.006589517689482191,0.22567972387848917,1.4187303585173183e-05,-0.284,0.492,0.161,1.0,-0.001,-0.0,-0.0,-0.28595342371507776,0.4952854200248367,0.13959662537170608
117,1784678926.0858982,0.026896778804113355,0.013420722707367591,0.23792004707550032,-6.466764917647328e-06,-0.284,0.492,0.16,1.0,-0.0,-0.0,-0.0,-0.28595342371507776,0.4952854200248367,0.13959662537170608
117,1784678926.104694,0.013608969933209198,0.007070268963434597,0.21703039130006116,-3.824580965646614e-06,-0.284,0.492,0.159,1.0,-0.0,-0.0,-0.0,-0.28595342371507776,0.4952854200248367,0.13959662537170608
119,1784678926.1230035,0.012489963237333201,0.0059966036223852714,0.23292231718312745,-1.6887650881429252e-06,-0.284,0.492,0.158,1.0,-0.0,-0.0,-0.0,-0.28595342371507776,0.4952854200248367,0.13959662537170608
119,1784678926.1507325,0.013189227696635476,0.006084056423047909,0.22198572970495084,-9.02952112185355e-07,-0.284,0.492,0.158,1.0,-0.0,-0.0,-0.0,-0.28595342371507776,0.4952854200248367,0.13959662537170608
121,1784678926.1751163,0.017061959296192857,0.008037961317902964,0.23252976148701193,-1.207864163106115e-06,-0.284,0.492,0.157,1.0,0.0,-0.0,-0.0,-0.28595342371507776,0.4952854200248367,0.13959662537170608
121,1784678926.200417,0.01961520655929446,0.008773590265188053,0.22538221029520747,-4.7896830688717765e-08,-0.284,0.493,0.156,1.0,0.0,-0.0,-0.0,-0.28595342371507776,0.4952854200248367,0.13959662537170608
124,1784678926.23001,0.014873367679925038,0.006982743790917639,0.22759645147441934,-4.4621930588751985e-07,-0.284,0.493,0.154,1.0,0.0,0.0,-0.0,-0.28595342371507776,0.4952854200248367,0.13959662537170608
124,1784678926.2515147,0.01915405097691088,0.009358268196891395,0.22890155140919888,-1.3580798119037408e-06,-0.284,0.493,0.153,1.0,0.0,0.0,-0.0,-0.28595342371507776,0.4952854200248367,0.13959662537170608
126,1784678926.2895079,0.027793659828053693,0.018695684407817055,0.2379754865838423,-1.1392037020701533e-05,-0.284,0.493,0.152,1.0,0.001,0.0,-0.0,-0.28500832238014323,0.4936484639475558,0.14941618875196228
128,1784678926.3141134,0.01235599190007037,0.01271370204183861,0.21956045536799965,-2.300317540812777e-05,-0.285,0.494,0.151,1.0,0.001,0.0,-0.0,-0.28500832238014323,0.4936484639475558,0.14941618875196228
128,1784678926.3394907,0.028530192714650786,0.02229806467172495,0.24468628767497358,3.9595064732566925e-08,-0.285,0.494,0.15,1.0,0.001,0.0,-0.0,-0.28500832238014323,0.4936484639475558,0.14941618875196228
131,1784678926.3646493,0.029522386354260056,0.022024764463121804,0.22713259988536968,3.0677081184234084e-06,-0.285,0.494,0.149,1.0,0.001,0.0,-0.0,-0.28500832238014323,0.4936484639475558,0.14941618875196228
131,1784678926.3893015,0.013776593795743662,0.01346561507342706,0.23100028243084678,-6.9028651810901576e-06,-0.285,0.494,0.148,1.0,0.001,0.0,-0.0,-0.28500832238014323,0.4936484639475558,0.14941618875196228
133,1784678926.4049675,0.012368348400873195,0.011530300184630497,0.22816338209370934,-2.2958265697297987e-06,-0.285,0.494,0.147,1.0,0.001,0.0,-0.0,-0.28500832238014323,0.4936484639475558,0.14941618875196228
133,1784678926.4298038,0.009756866007751018,0.0007306104620646951,0.23002053983942647,5.678332721584531e-06,-0.285,0.494,0.146,1.0,0.001,0.001,-0.0,-0.28500832238014323,0.4936484639475558,0.14941618875196228
135,1784678926.4548252,0.0161483705559115,0.0012485003230139503,0.23557412013135653,1.3770530599732281e-06,-0.285,0.494,0.146,1.0,0.001,0.001,-0.0,-0.28500832238014323,0.4936484639475558,0.14941618875196228
135,1784678926.4758558,0.010579475768020211,-0.0027089245045803867,0.22464834970621556,1.1205973088620506e-05,-0.285,0.495,0.145,1.0,0.001,0.001,-0.0,-0.28500832238014323,0.4936484639475558,0.14941618875196228
138,1784678926.496216,0.0017711076968506562,-0.0006723446629362147,0.23148297925302497,8.693391516018207e-06,-0.285,0.495,0.144,1.0,0.002,0.001,-0.0,-0.2839652206363236,0.4918417669557607,0.15919598688091102
138,1784678926.5197794,0.00014112175316605526,-0.0015101127933111853,0.226693757295088,5.169974791561336e-06,-0.285,0.495,0.143,1.0,0.002,0.001,-0.0,-0.2839652206363236,0.4918417669557607,0.15919598688091102
140,1784678926.5409646,0.0014837511632726102,-0.0008977713795396906,0.23197432421271133,3.4680968640317167e-06,-0.285,0.495,0.142,1.0,0.002,0.001,-0.0,-0.2839652206363236,0.4918417669557607,0.15919598688091102
140,1784678926.5611606,0.00024001587770416358,-0.0006896391625926859,0.22635625154985012,3.0746211623768044e-06,-0.285,0.495,0.142,1.0,0.002,0.001,-0.0,-0.2839652206363236,0.4918417669557607,0.15919598688091102
142,1784678926.5835059,0.005528541328502018,0.0020725221674836123,0.23798609267331106,1.1878516292300957e-06,-0.285,0.495,0.141,1.0,0.002,0.001,-0.0,-0.2839652206363236,0.4918417669557607,0.15919598688091102
142,1784678926.609098,0.001466000149189013,0.003106126446317361,0.22234148352140104,-2.308913066031174e-06,-0.286,0.495,0.141,1.0,0.002,0.001,-0.0,-0.2839652206363236,0.4918417669557607,0.15919598688091102
144,1784678926.6311455,-0.0010110612159656249,0.002396908264718645,0.23212984298808798,-2.4959261037220575e-06,-0.286,0.495,0.14,1.0,0.002,0.001,-0.0,-0.2839652206363236,0.4918417669557607,0.15919598688091102
144,1784678926.6526406,0.00405613299086989,0.003680070104627608,0.2600047206351494,2.335208954552413e-07,-0.286,0.496,0.139,1.0,0.002,0.001,-0.0,-0.2839652206363236,0.4918417669557607,0.15919598688091102
146,1784678926.6710155,0.005210801368107987,0.004232859728883795,0.2650162701396979,6.673503657021164e-07,-0.286,0.496,0.139,1.0,0.002,0.001,-0.0,-0.2839652206363236,0.4918417669557607,0.15919598688091102
146,1784678926.687216,0.010838183190289147,0.008719405969187731,0.27130734928338557,3.461734038129358e-07,-0.286,0.496,0.138,1.0,0.002,0.001,-0.0,-0.2839652206363236,0.4918417669557607,0.15919598688091102
148,1784678926.7019737,0.002580937300190697,0.009651415191582642,0.27224445634192546,-6.706110501169345e-06,-0.286,0.496,0.138,1.0,0.003,0.001,-0.0,-0.2839652206363236,0.4918417669557607,0.15919598688091102
148,1784678926.716371,0.0006019301697950379,0.008814243391523386,0.2684927318679624,-8.983704753028263e-06,-0.286,0.496,0.138,1.0,0.003,0.001,-0.0,-0.28282453571040855,0.48986605170415903,0.16893210796969632
150,1784678926.734886,-0.0025775616805031373,0.007072000012368081,0.2657705114082936,-7.6132085528255606e-06,-0.286,0.496,0.137,1.0,0.003,0.001,-0.0,-0.28282453571040855,0.48986605170415903,0.16893210796969632
151,1784678926.7545192,-0.006167008400292733,0.0035845230060440746,0.2629781526904172,-7.363109485978982e-06,-0.286,0.496,0.137,1.0,0.003,0.001,-0.0,-0.28282453571040855,0.48986605170415903,0.16893210796969632
152,1784678926.7737417,-0.019999978684233206,-0.005122719243574738,0.25821704475637475,-1.1784805850496582e-05,-0.286,0.496,0.137,1.0,0.003,0.001,-0.0,-0.28282453571040855,0.48986605170415903,0.16893210796969632
153,1784678926.7936473,-0.03155683666910655,-0.013923937220688038,0.25151803811651097,-1.8821941708338857e-05,-0.286,0.496,0.138,1.0,0.003,0.001,-0.0,-0.28282453571040855,0.48986605170415903,0.16893210796969632
154,1784678926.8144495,-0.018723949309560284,-0.004782434208242911,0.25549719796644293,1.241663910737649e-07,-0.286,0.496,0.138,1.0,0.003,0.001,-0.0,-0.28282453571040855,0.48986605170415903,0.16893210796969632
155,1784678926.83683,-0.02765278728347717,-0.010726802576433594,0.2511459438461368,-6.123534283433365e-06,-0.286,0.496,0.139,1.0,0.003,0.001,-0.0,-0.28282453571040855,0.48986605170415903,0.16893210796969632
156,1784678926.8602731,-0.030179747783164936,-0.013370367897790603,0.24939578804025783,-1.1314406588717413e-05,-0.286,0.496,0.139,1.0,0.003,0.001,-0.0,-0.28282453571040855,0.48986605170415903,0.16893210796969632
156,1784678926.8786025,-0.03487434255342,-0.015074740050662117,0.20288953558292866,-8.070537083729952e-06,-0.286,0.495,0.14,1.0,0.003,0.001,-0.0,-0.28282453571040855,0.48986605170415903,0.16893210796969632
158,1784678926.8964145,-0.017175595619782318,-0.005036810065943956,0.2398918071914905,3.044901887573709e-06,-0.285,0.495,0.141,1.0,0.003,0.001,-0.0,-0.28282453571040855,0.48986605170415903,0.16893210796969632
159,1784678926.918658,-0.06385973341085739,-0.03566399302546863,0.19158126830265026,-2.6913533270045768e-05,-0.285,0.495,0.142,1.0,0.003,0.001,-0.0,-0.28282453571040855,0.48986605170415903,0.16893210796969632
159,1784678926.9371324,-0.028556127045879662,-0.01407210213995768,0.2353407026824942,-1.3654826211128784e-05,-0.285,0.495,0.144,1.0,0.003,0.001,-0.0,-0.28282453571040855,0.48986605170415903,0.16893210796969632
161,1784678926.9594285,-0.038266372814801414,-0.01754198359719987,0.20712336995216238,-6.330974875341032e-06,-0.285,0.494,0.146,1.0,0.003,0.001,-0.0,-0.2815867238611595,0.4877221084525089,0.17862065769969582
161,1784678926.9766026,-0.06041703802269914,-0.03855640284693831,0.2095386054918498,-5.8652466237624084e-05,-0.285,0.494,0.147,1.0,0.002,0.001,-0.0,-0.2815867238611595,0.4877221084525089,0.17862065769969582
162,1784678926.996595,-0.02546873728074485,-0.017419456339444896,0.22476423743713672,-6.314123051473365e-05,-0.285,0.494,0.15,1.0,0.002,0.001,-0.0,-0.2815867238611595,0.4877221084525089,0.17862065769969582
164,1784678927.019052,-0.04647513311581526,-0.03258351692172509,0.19981501906628096,-5.238241878612035e-05,-0.284,0.494,0.151,1.0,0.002,0.001,-0.0,-0.2815867238611595,0.4877221084525089,0.17862065769969582
164,1784678927.040351,-0.007975113831105864,-0.007145826730537173,0.23728752486915078,-4.6146301840193365e-05,-0.284,0.493,0.152,1.0,0.002,0.001,-0.0,-0.2815867238611595,0.4877221084525089,0.17862065769969582
166,1784678927.0618632,-0.016024065887863013,-0.01136371834936573,0.20703114242802387,-2.8293175123190812e-05,-0.284,0.493,0.154,1.0,0.002,0.001,-0.0,-0.2815867238611595,0.4877221084525089,0.17862065769969582
166,1784678927.0776145,-0.013291033171121618,-0.008928635109457543,0.22827274386667876,-1.7608005022916163e-05,-0.284,0.493,0.155,1.0,0.002,0.001,-0.0,-0.2815867238611595,0.4877221084525089,0.17862065769969582
168,1784678927.0932038,-0.003361361719995579,-0.007595614436745249,0.21401770273674295,-1.983457691693075e-05,-0.284,0.493,0.156,1.0,0.001,0.001,-0.0,-0.2815867238611595,0.4877221084525089,0.17862065769969582
169,1784678927.1136913,0.003963511529833102,-0.00292493195005355,0.227932296242833,-2.034138983460828e-05,-0.284,0.492,0.158,1.0,0.001,0.001,-0.0,-0.2815867238611595,0.4877221084525089,0.17862065769969582
170,1784678927.1344872,0.00034229720846610124,-0.0055372492898062235,0.21510227956118388,-1.1139110394024198e-05,-0.284,0.492,0.159,1.0,0.001,0.001,-0.0,-0.2815867238611595,0.4877221084525089,0.17862065769969582
171,1784678927.153668,-9.053301366118401e-05,-0.007269098354119828,0.224106097128274,-1.189959754829945e-05,-0.283,0.492,0.16,1.0,0.001,0.001,-0.0,-0.2815867238611595,0.4877221084525089,0.17862065769969582
172,1784678927.178145,0.0032793924703474384,-0.004880785126018616,0.2213734375680201,-1.4554041013668502e-05,-0.283,0.492,0.161,1.0,0.001,0.001,-0.0,-0.2815867238611595,0.4877221084525089,0.17862065769969582
172,1784678927.1960752,0.005426165848773668,-0.0035911190965119905,0.22163987316979677,-1.1386243916915006e-05,-0.283,0.492,0.161,1.0,0.001,0.001,-0.0,-0.28025228019681236,0.4854107947495256,0.18825776078019651
174,1784678927.2167222,0.01741188475658103,0.009118337285603153,0.22484957699914143,-1.6689949350964668e-05,-0.283,0.491,0.162,1.0,0.0,0.0,-0.0,-0.28025228019681236,0.4854107947495256,0.18825776078019651
175,1784678927.238201,0.01801644546598275,0.010285287343890054,0.2228270242250854,-1.2645410620989132e-05,-0.283,0.491,0.163,1.0,0.0,0.0,-0.0,-0.28025228019681236,0.4854107947495256,0.18825776078019651
175,1784678927.2595468,0.012807879511908912,0.007302899201126464,0.2213531459126062,-7.5782197576784905e-06,-0.283,0.491,0.164,1.0,0.0,0.0,-0.0,-0.28025228019681236,0.4854107947495256,0.18825776078019651
177,1784678927.2807565,0.017467196464242028,0.0096134082220625,0.2253172723651129,-5.457251124964789e-06,-0.283,0.491,0.164,1.0,0.0,0.0,-0.0,-0.28025228019681236,0.4854107947495256,0.18825776078019651
177,1784678927.304001,0.012060144685083596,0.007470374829763577,0.22001550350853857,-4.1939392796914775e-06,-0.283,0.491,0.165,1.0,0.0,0.0,-0.0,-0.28025228019681236,0.4854107947495256,0.18825776078019651
179,1784678927.3265548,0.009471181561647543,0.006223383462498591,0.22372318317533105,-2.80243499421361e-06,-0.283,0.491,0.166,1.0,0.0,0.0,-0.0,-0.28025228019681236,0.4854107947495256,0.18825776078019651
179,1784678927.3484988,0.012720090354657262,0.008242190061387123,0.22379954659171425,-1.6422300455705942e-06,-0.283,0.49,0.167,1.0,0.0,0.0,-0.0,-0.28025228019681236,0.4854107947495256,0.18825776078019651
181,1784678927.3701923,-0.014659560755730511,-0.0076746239015117925,0.21425434029468798,-6.9722661476401e-05,-0.283,0.49,0.168,1.0,0.0,0.0,-0.0,-0.28025228019681236,0.4854107947495256,0.18825776078019651
181,1784678927.3907633,-0.01879101605480532,-0.014401852340154776,0.22117970529314407,-0.000325919306625705,-0.282,0.49,0.168,1.0,0.0,0.0,-0.0,-0.28025228019681236,0.4854107947495256,0.18825776078019651
183,1784678927.4117963,0.0001548048822155937,-0.0028101762598266595,0.22337343170913315,-0.0003420657992846479,-0.282,0.49,0.169,1.0,0.0,0.0,-0.0,-0.28025228019681236,0.4854107947495256,0.18825776078019651
183,1784678927.4314907,-0.01924725794040539,-0.01663604785713889,0.21555445827603154,-0.0006097083312641288,-0.282,0.49,0.169,1.0,0.0,0.0,-0.0,-0.28025228019681236,0.4854107947495256,0.18825776078019651
185,1784678927.45232,-0.019370416236071622,-0.017209486330290406,0.22131837490145168,-0.0007810043976683981,-0.282,0.49,0.17,1.0,0.0,0.0,-0.0,-0.28025228019681236,0.4854107947495256,0.18825776078019651
185,1784678927.47334,-0.013194440527875528,-0.012740094309352728,0.219215934265773,-0.0008837715046903794,-0.282,0.49,0.17,1.0,0.0,0.0,-0.0,-0.27882173847704034,0.482933035089873,0.1978395624984592
187,1784678927.4970903,0.02058612750609564,0.009306061499068454,0.2298363969079938,-0.0006133903453296118,-0.282,0.49,0.171,1.0,0.0,0.0,-0.0,-0.27882173847704034,0.482933035089873,0.1978395624984592
187,1784678927.517937,3.8178670055847436e-05,-0.005936462537071285,0.2147266956417455,-0.0006978081653004635,-0.282,0.49,0.171,1.0,0.0,0.0,-0.0,-0.27882173847704034,0.482933035089873,0.1978395624984592
190,1784678927.539197,0.0006079839121544642,-0.0032820339001183975,0.22601080262972745,-0.0006922208638567211,-0.282,0.489,0.172,1.0,0.0,0.0,-0.0,-0.27882173847704034,0.482933035089873,0.1978395624984592
190,1784678927.560256,0.016777097355621357,0.007596575662986935,0.22321451957982877,-0.0004911183802795451,-0.282,0.489,0.173,1.0,0.0,0.0,-0.0,-0.27882173847704034,0.482933035089873,0.1978395624984592
192,1784678927.5835257,0.023464343227535916,0.013292854296580212,0.2268046443708165,-0.00036936789665291604,-0.282,0.489,0.173,1.0,0.0,0.0,-0.0,-0.27882173847704034,0.482933035089873,0.1978395624984592
192,1784678927.6091025,0.009981704763763446,0.006195236611311024,0.21941577344096896,-0.0002911125803684197,-0.282,0.489,0.173,1.0,0.0,0.0,-0.0,-0.27882173847704034,0.482933035089873,0.1978395624984592
194,1784678927.6330955,0.020854311538145928,0.011552294030701297,0.22844340818356068,-0.0001756490744962661,-0.282,0.489,0.174,1.0,0.0,0.0,-0.0,-0.27882173847704034,0.482933035089873,0.1978395624984592
194,1784678927.6556025,0.027024225396110962,0.01495346117804187,0.2241635845470394,-0.00010767786090395382,-0.282,0.489,0.174,1.0,0.0,0.0,-0.0,-0.27882173847704034,0.482933035089873,0.1978395624984592
197,1784678927.6778042,0.012797668310135991,0.007320288780845964,0.2230554356920495,4.680185491864045e-06,-0.282,0.489,0.174,1.0,0.0,0.0,-0.0,-0.27882173847704034,0.482933035089873,0.1978395624984592
197,1784678927.7063117,0.01156098930076326,0.0074228581387391045,0.22398713801972797,7.076089694462866e-05,-0.282,0.489,0.175,1.0,0.0,0.0,-0.0,-0.27882173847704034,0.482933035089873,0.1978395624984592
199,1784678927.731511,0.021159254070962946,0.01241064785679935,0.22620804676018383,0.00011017965614948649,-0.282,0.489,0.175,1.0,0.0,0.0,-0.0,-0.27882173847704034,0.482933035089873,0.1978395624984592
199,1784678927.7529614,0.0342504348343383,0.01982050440617776,0.22802089784178708,6.368688094077522e-05,-0.282,0.489,0.175,1.0,0.0,0.0,-0.0,-0.27729567089945784,0.4802898205443788,0.20736223026155215
201,1784678927.7732391,0.02885734850020627,0.015786970465161407,0.22545179956750125,4.078702918048549e-05,-0.282,0.489,0.175,1.0,0.0,0.0,-0.0,-0.27729567089945784,0.4802898205443788,0.20736223026155215
202,1784678927.7931395,0.031129803563813212,0.017647095443740584,0.22788286664151028,2.0258326233080502e-05,-0.282,0.489,0.176,1.0,0.0,0.0,-0.0,-0.27729567089945784,0.4802898205443788,0.20736223026155215
202,1784678927.813818,0.031127559766192418,0.015986686025643997,0.22630510726260913,1.4931307308721903e-05,-0.281,0.489,0.176,1.0,0.0,0.0,-0.0,-0.27729567089945784,0.4802898205443788,0.20736223026155215
204,1784678927.835547,0.016751093448898552,0.005935357047088464,0.22529502243419813,1.724754187300631e-05,-0.281,0.489,0.176,1.0,0.0,0.0,-0.0,-0.27729567089945784,0.4802898205443788,0.20736223026155215
204,1784678927.852747,0.025645256936844923,0.011518214471521515,0.2276593442803724,7.4217101360515495e-06,-0.281,0.489,0.176,1.0,0.0,0.0,-0.0,-0.27729567089945784,0.4802898205443788,0.20736223026155215
207,1784678927.874889,0.00141891421814511,0.0035312401751876436,0.22463185114079606,-1.775309652239399e-06,-0.281,0.488,0.176,1.0,0.001,0.0,-0.0,-0.27729567089945784,0.4802898205443788,0.20736223026155215
208,1784678927.8969326,0.01051277396682042,0.00991462973816627,0.22804741597078027,2.8057175034699523e-06,-0.281,0.488,0.177,1.0,0.001,0.0,-0.0,-0.27729567089945784,0.4802898205443788,0.20736223026155215
209,1784678927.9232643,0.01237206046365439,0.010739510570455002,0.2257922795708613,3.406183024054071e-06,-0.281,0.488,0.177,1.0,0.001,0.0,-0.0,-0.27729567089945784,0.4802898205443788,0.20736223026155215
209,1784678927.9447114,0.016875015621511474,0.013563634419148457,0.2277494351141924,3.575314651367812e-06,-0.281,0.488,0.177,1.0,0.001,0.0,-0.0,-0.27729567089945784,0.4802898205443788,0.20736223026155215
211,1784678927.9638927,-0.001633750515465833,-0.006146571395627777,0.22466415568945347,7.193351882104369e-06,-0.281,0.488,0.177,1.0,0.001,0.001,-0.0,-0.27729567089945784,0.4802898205443788,0.20736223026155215
211,1784678927.9854832,0.017439677105834352,0.0027553626969053033,0.22960170847594463,-5.304137399175349e-06,-0.281,0.488,0.177,1.0,0.001,0.001,-0.0,-0.2756746878707485,0.4774822083636187,0.21682195512933744
213,1784678928.0026581,0.008073271353035897,-0.003642682469014031,0.22497533931054306,4.014396984789675e-06,-0.281,0.488,0.177,1.0,0.001,0.001,-0.0,-0.2756746878707485,0.4774822083636187,0.21682195512933744
213,1784678928.024346,0.023600679640572463,0.006225292914157419,0.22988833137096487,-7.392126046735954e-06,-0.281,0.488,0.177,1.0,0.001,0.001,-0.0,-0.2756746878707485,0.4774822083636187,0.21682195512933744
215,1784678928.0476356,0.02248006094716455,0.006459723523708447,0.22611157665170187,-9.373574755761884e-06,-0.281,0.488,0.177,1.0,0.001,0.001,-0.0,-0.2756746878707485,0.4774822083636187,0.21682195512933744
215,1784678928.0744822,0.025780540308776113,0.008437092407303247,0.2289416879724714,-9.027358128142815e-06,-0.281,0.488,0.178,1.0,0.001,0.001,-0.0,-0.2756746878707485,0.4774822083636187,0.21682195512933744
218,1784678928.1000762,0.023141783575338505,0.007958082309306492,0.22667687512450443,-9.544519323843205e-06,-0.281,0.488,0.178,1.0,0.001,0.001,-0.0,-0.2756746878707485,0.4774822083636187,0.21682195512933744
218,1784678928.124153,0.017718080744879013,0.011135322652256308,0.2288076489227074,-1.5534755560667323e-05,-0.281,0.488,0.178,1.0,0.002,0.001,-0.0,-0.2756746878707485,0.4774822083636187,0.21682195512933744
220,1784678928.1434102,0.012473019004783583,0.009096052158696891,0.2267736844058747,-1.5715517795839837e-05,-0.281,0.488,0.178,1.0,0.002,0.001,-0.0,-0.2756746878707485,0.4774822083636187,0.21682195512933744
220,1784678928.1615639,0.015059863257339868,0.009589895369870146,0.22849442881027254,-9.847710452968698e-06,-0.281,0.488,0.178,1.0,0.002,0.001,-0.0,-0.2756746878707485,0.4774822083636187,0.21682195512933744
222,1784678928.182533,0.015417592502610992,0.00971271580399552,0.22731987630005374,-6.700154199989568e-06,-0.281,0.488,0.178,1.0,0.002,0.001,-0.0,-0.2756746878707485,0.4774822083636187,0.21682195512933744
222,1784678928.2073083,0.010857750308912211,0.0071872086177941046,0.22770187601421255,-4.9788356290943206e-06,-0.281,0.488,0.178,1.0,0.002,0.001,-0.0,-0.2756746878707485,0.4774822083636187,0.21682195512933744
224,1784678928.2307432,0.02248299133692375,0.01457390757960414,0.22949943173873744,-6.652508468395352e-06,-0.281,0.488,0.178,1.0,0.002,0.001,-0.0,-0.273959437762511,0.4745113215550307,0.22621495333799585
224,1784678928.254564,0.00482688121765491,0.005623820730309596,0.2260329719637284,-8.416506065701997e-06,-0.281,0.488,0.179,1.0,0.002,0.001,-0.0,-0.273959437762511,0.4745113215550307,0.22621495333799585
227,1784678928.2748134,0.002617423764799065,0.00401907175491326,0.2282225667709952,-7.77191041749117e-06,-0.281,0.488,0.179,1.0,0.002,0.001,-0.0,-0.273959437762511,0.4745113215550307,0.22621495333799585
227,1784678928.2949867,0.0008952432051907901,0.0021533098101160176,0.22673007839285003,-5.885393482989986e-06,-0.281,0.488,0.179,1.0,0.002,0.001,-0.0,-0.273959437762511,0.4745113215550307,0.22621495333799585
229,1784678928.3157008,0.014495733528329629,0.009372849291969146,0.2291723003156129,-4.242688329943169e-06,-0.281,0.488,0.179,1.0,0.002,0.001,-0.0,-0.273959437762511,0.4745113215550307,0.22621495333799585
229,1784678928.3353486,0.023429836954241175,0.014473855090046889,0.22825333169581094,-4.983741147149601e-06,-0.281,0.488,0.179,1.0,0.002,0.001,-0.0,-0.273959437762511,0.4745113215550307,0.22621495333799585
229,1784678928.3552065,0.02452281970601969,0.014925671845364523,0.22879319186020033,-4.734229963725288e-06,-0.281,0.488,0.179,1.0,0.002,0.001,-0.0,-0.273959437762511,0.4745113215550307,0.22621495333799585
232,1784678928.375448,0.009576705897691372,0.010880727657512825,0.2274362769902008,-9.647735150262711e-06,-0.281,0.488,0.18,1.0,0.003,0.001,-0.0,-0.273959437762511,0.4745113215550307,0.22621495333799585
232,1784678928.3950002,0.007123841702795232,0.010401614868031529,0.22836346478222436,-1.0944022973047923e-05,-0.281,0.488,0.18,1.0,0.003,0.001,-0.0,-0.273959437762511,0.4745113215550307,0.22621495333799585
234,1784678928.4151247,0.007070684181529705,0.010388935460256377,0.22764819239794887,-7.171675764651876e-06,-0.281,0.488,0.18,1.0,0.003,0.001,-0.0,-0.273959437762511,0.4745113215550307,0.22621495333799585
234,1784678928.434533,0.007012137086685961,0.010354599685098664,0.22805079374615475,-4.002217997491282e-06,-0.281,0.488,0.18,1.0,0.003,0.001,-0.0,-0.273959437762511,0.4745113215550307,0.22621495333799585
235,1784678928.4546316,0.007043469471354303,0.009963446460249714,0.22769337786392022,-1.8896762694694575e-06,-0.281,0.488,0.18,1.0,0.003,0.001,-0.0,-0.273959437762511,0.4745113215550307,0.22621495333799585
235,1784678928.475696,0.007034509074269088,0.009909114998128597,0.22785297028318519,-2.2876471415159597e-07,-0.281,0.488,0.18,1.0,0.003,0.001,-0.0,-0.273959437762511,0.4745113215550307,0.22621495333799585
237,1784678928.4964354,0.019761938842348045,0.01721138210487193,0.2300489780150496,7.458752561931533e-06,-0.281,0.488,0.181,1.0,0.003,0.001,-0.0,-0.27215060665191904,0.47137834843372695,0.23553746781348223
239,1784678928.5208247,0.018961099554023052,0.0077194160994303075,0.22813697412891107,1.3414722742438545e-05,-0.281,0.488,0.181,1.0,0.003,0.002,-0.0,-0.27215060665191904,0.47137834843372695,0.23553746781348223
239,1784678928.5469925,0.014927086879172519,0.0023780514120067056,0.22868577422415767,2.032899102317999e-05,-0.281,0.488,0.181,1.0,0.003,0.002,-0.0,-0.27215060665191904,0.47137834843372695,0.23553746781348223
241,1784678928.5691586,0.013043349933324509,0.0016857275815228695,0.22822887591426905,1.4048072539250948e-05,-0.281,0.487,0.181,1.0,0.003,0.002,-0.0,-0.27215060665191904,0.47137834843372695,0.23553746781348223
241,1784678928.594419,-0.0011869270917514978,-0.008794591284127197,0.22586647672291774,1.681696834782638e-05,-0.281,0.487,0.182,1.0,0.003,0.002,-0.0,-0.27215060665191904,0.47137834843372695,0.23553746781348223
244,1784678928.6177409,0.009224481351446096,-0.0003519494081218131,0.2298316601827627,7.90580426426538e-06,-0.281,0.487,0.182,1.0,0.003,0.002,-0.0,-0.27215060665191904,0.47137834843372695,0.23553746781348223
244,1784678928.6398706,-0.004070919039078998,-0.010320009152606089,0.2244534738369523,1.1623099923914944e-05,-0.281,0.487,0.182,1.0,0.003,0.002,-0.0,-0.27215060665191904,0.47137834843372695,0.23553746781348223
244,1784678928.6592982,0.012597932698340952,0.002612509097926685,0.23148054962584086,5.90045806613942e-07,-0.281,0.487,0.182,1.0,0.003,0.002,-0.0,-0.27215060665191904,0.47137834843372695,0.23553746781348223
246,1784678928.6803665,0.01940582453912771,0.005455402108450918,0.22734728742544094,-1.8245579213838148e-06,-0.28,0.487,0.182,1.0,0.003,0.002,-0.0,-0.27215060665191904,0.47137834843372695,0.23553746781348223
248,1784678928.7011082,0.010894263220855866,0.0016646047901057327,0.22839840317055943,7.270317053204627e-07,-0.28,0.487,0.183,1.0,0.003,0.002,-0.0,-0.27215060665191904,0.47137834843372695,0.23553746781348223
248,1784678928.7216961,0.011003306768872557,0.0017101006190002512,0.22768631577295198,0.00013544325474274476,-0.28,0.487,0.183,1.0,0.003,0.002,-0.0,-0.27215060665191904,0.47137834843372695,0.23553746781348223
250,1784678928.7417724,0.0112658907639962,0.002093551292288962,0.22816890867769077,0.0002851997082396855,-0.28,0.487,0.183,1.0,0.003,0.002,-0.0,-0.27215060665191904,0.47137834843372695,0.23553746781348223
250,1784678928.7618468,0.027432353103478663,0.010601210851819594,0.23087348888928497,0.0002331455334335976,-0.28,0.487,0.183,1.0,0.003,0.002,-0.0,-0.27024891804729934,0.4680845421471835,0.244785769674305
252,1784678928.7817864,0.016774432572332014,0.010127442776498964,0.22812570699803555,0.00026770765218501623,-0.28,0.487,0.184,1.0,0.004,0.002,-0.0,-0.27024891804729934,0.4680845421471835,0.244785769674305
252,1784678928.801945,0.010379708521914223,0.0069916642540946115,0.22899095051904197,0.00035797151867706566,-0.28,0.487,0.184,1.0,0.004,0.002,-0.0,-0.27024891804729934,0.4680845421471835,0.244785769674305
254,1784678928.821507,0.013287334066853881,0.01003318551228846,0.22932561885300703,0.00034891725868921357,-0.28,0.487,0.184,1.0,0.004,0.002,-0.0,-0.27024891804729934,0.4680845421471835,0.244785769674305
254,1784678928.8410044,-0.00565096144040364,-0.00030944997327463086,0.2251645154089037,0.000612231857051689,-0.28,0.487,0.184,1.0,0.004,0.002,-0.0,-0.27024891804729934,0.4680845421471835,0.244785769674305
256,1784678928.861546,0.004878556374927552,0.005776672533565633,0.23069493094929608,0.0005757663193411653,-0.28,0.487,0.185,1.0,0.004,0.002,-0.0,-0.27024891804729934,0.4680845421471835,0.244785769674305
256,1784678928.8819926,0.011741966073144573,0.008268905932988294,0.22784702295616713,0.0004153196242542005,-0.28,0.487,0.185,1.0,0.004,0.002,-0.0,-0.27024891804729934,0.4680845421471835,0.244785769674305
258,1784678928.9019938,0.003888801776462815,0.005124765067587124,0.22859790610132855,0.00038224343568937953,-0.28,0.486,0.185,1.0,0.004,0.002,-0.0,-0.27024891804729934,0.4680845421471835,0.244785769674305
258,1784678928.922117,-0.012747120404144746,-0.003795339228993981,0.22449516633862826,0.00035990711150424564,-0.28,0.486,0.186,1.0,0.004,0.002,-0.0,-0.27024891804729934,0.4680845421471835,0.244785769674305
260,1784678928.9416013,-0.015273342775598685,-0.006204924030994769,0.2271048235423563,0.0002815346265546337,-0.28,0.486,0.186,1.0,0.004,0.002,-0.0,-0.27024891804729934,0.4680845421471835,0.244785769674305
260,1784678928.9614215,0.001357917538735716,0.002914078494311265,0.22870245610857382,0.00017347910006292814,-0.28,0.486,0.186,1.0,0.004,0.002,-0.0,-0.27024891804729934,0.4680845421471835,0.244785769674305
262,1784678928.9816756,0.008610767637092872,0.00740161940751021,0.22853948275156774,0.00010432869141215727,-0.28,0.486,0.187,1.0,0.004,0.002,-0.0,-0.27024891804729934,0.4680845421471835,0.244785769674305
262,1784678929.0111518,0.013507763093194363,0.010079545363646542,0.22923620209946616,6.209964555641294e-05,-0.28,0.486,0.187,1.0,0.004,0.002,-0.0,-0.27024891804729934,0.4680845421471835,0.244785769674305
264,1784678929.048537,0.019881870637454793,0.013679025928773118,0.2293583714429306,3.665266121766553e-05,-0.28,0.486,0.188,1.0,0.004,0.002,-0.0,-0.26825513259873823,0.4646312201739982,0.2539561597230288
264,1784678929.0879645,0.022636040473436446,0.015728230237157935,0.2296172086076189,1.8753153289702402e-05,-0.28,0.486,0.189,1.0,0.004,0.002,-0.0,-0.26825513259873823,0.4646312201739982,0.2539561597230288
268,1784678929.113753,0.012075575309062878,0.008282401042356415,0.22710668113224394,9.050152086866987e-06,-0.279,0.485,0.19,1.0,0.004,0.002,-0.0,-0.26825513259873823,0.4646312201739982,0.2539561597230288
268,1784678929.1397738,0.007962418000973916,0.004883038693180664,0.22839569417553518,6.330962088789433e-06,-0.279,0.485,0.191,1.0,0.004,0.002,-0.0,-0.26825513259873823,0.4646312201739982,0.2539561597230288
271,1784678929.1660597,-0.01626625672052162,-0.009921344177247715,0.22265707068237867,4.057027214679917e-06,-0.279,0.485,0.191,1.0,0.004,0.002,-0.0,-0.26825513259873823,0.4646312201739982,0.2539561597230288
271,1784678929.1925378,0.015761995671277375,0.00909426809480645,0.23391716369195245,9.159821685359907e-06,-0.279,0.485,0.192,1.0,0.004,0.002,-0.0,-0.26617004779383174,0.46101976379691667,0.2630449699259044
273,1784678929.2164016,0.023205875077391303,0.00532278312184734,0.2268218473264226,1.3302442828025799e-05,-0.279,0.485,0.193,1.0,0.004,0.003,-0.0,-0.26617004779383174,0.46101976379691667,0.2630449699259044
273,1784678929.2525163,-0.0260070520154424,-0.019819787162256335,0.2236364317011673,5.5945860659498667e-05,-0.279,0.484,0.194,1.0,0.005,0.003,-0.0,-0.26617004779383174,0.46101976379691667,0.2630449699259044
276,1784678929.2757533,-0.006711480816485257,-0.007645294232174766,0.23064502859117259,3.522252994004276e-05,-0.279,0.484,0.195,1.0,0.005,0.003,-0.0,-0.26617004779383174,0.46101976379691667,0.2630449699259044
276,1784678929.2957563,-0.031167271039631208,-0.02055467151963709,0.2200144017423338,2.9467527990168094e-05,-0.279,0.484,0.196,1.0,0.005,0.003,-0.0,-0.26617004779383174,0.46101976379691667,0.2630449699259044
279,1784678929.3167822,-0.00742981800753691,-0.0058142333933677605,0.23283220652480585,1.8770718747050322e-05,-0.279,0.484,0.196,1.0,0.005,0.003,-0.0,-0.26617004779383174,0.46101976379691667,0.2630449699259044
279,1784678929.3369303,-0.026400396339374733,-0.01734978772501657,0.2184250186168724,1.5104534081755824e-05,-0.278,0.484,0.197,1.0,0.005,0.003,-0.0,-0.26617004779383174,0.46101976379691667,0.2630449699259044
281,1784678929.3572726,-0.02779991805694748,-0.017020611066285964,0.22819792299971253,1.288780414865153e-05,-0.278,0.483,0.197,1.0,0.005,0.003,-0.0,-0.26617004779383174,0.46101976379691667,0.2630449699259044
281,1784678929.3785865,-0.025781621571909323,-0.015030225518156509,0.221483710675679,8.405356129984703e-06,-0.278,0.483,0.198,1.0,0.005,0.003,-0.0,-0.26617004779383174,0.46101976379691667,0.2630449699259044
282,1784678929.398622,0.010603258531613154,0.004271337400141979,0.23488227435731135,1.862697153650274e-06,-0.278,0.483,0.198,1.0,0.005,0.003,-0.0,-0.26617004779383174,0.46101976379691667,0.2630449699259044
282,1784678929.4194639,0.018464141759249524,0.009847327785544764,0.22562872175455528,-7.054126459514229e-06,-0.278,0.483,0.199,1.0,0.005,0.003,-0.0,-0.26399449763870103,0.45725161755033755,0.2720485648800332
285,1784678929.439897,0.01713520374490165,0.009305849004903482,0.23034593420718824,-1.0722323314705012e-05,-0.278,0.483,0.199,1.0,0.005,0.003,-0.0,-0.26399449763870103,0.45725161755033755,0.2720485648800332
285,1784678929.4597552,0.004470025362497229,0.004077571051294034,0.22214170823337723,-1.0131313555137147e-05,-0.278,0.483,0.2,1.0,0.005,0.003,-0.0,-0.26399449763870103,0.45725161755033755,0.2720485648800332
287,1784678929.4796677,0.0026799320489216613,0.0034681321840635054,0.22766688730135246,-1.0398681196268124e-05,-0.278,0.483,0.2,1.0,0.005,0.003,-0.0,-0.26399449763870103,0.45725161755033755,0.2720485648800332
287,1784678929.5011322,0.014633912835335425,0.009105038539351653,0.22871931758771286,-1.071653204010872e-05,-0.278,0.482,0.201,1.0,0.005,0.003,-0.0,-0.26399449763870103,0.45725161755033755,0.2720485648800332
289,1784678929.5218349,0.023280465910522602,0.011874012507555981,0.2304377650262479,-7.757394096242951e-06,-0.278,0.482,0.201,1.0,0.005,0.003,-0.0,-0.26399449763870103,0.45725161755033755,0.2720485648800332
289,1784678929.545135,0.01599242037019312,0.008671665167797974,0.22669367416734734,-7.52610717437882e-06,-0.278,0.482,0.202,1.0,0.005,0.003,-0.0,-0.26399449763870103,0.45725161755033755,0.2720485648800332
291,1784678929.5657606,0.013663668421638213,0.0068963597077353455,0.22922320558854756,-8.883671445974241e-06,-0.278,0.482,0.202,1.0,0.005,0.003,-0.0,-0.26399449763870103,0.45725161755033755,0.2720485648800332
291,1784678929.5811255,0.011462994199664404,0.006374922246203697,0.2273509832726944,-9.2172297451571e-06,-0.278,0.482,0.203,1.0,0.005,0.003,-0.0,-0.26399449763870103,0.45725161755033755,0.2720485648800332
293,1784678929.611473,0.021252531774079604,0.00870057096686004,0.2310562673231589,-4.212703449784532e-06,-0.277,0.482,0.203,1.0,0.005,0.003,-0.0,-0.26399449763870103,0.45725161755033755,0.2720485648800332
293,1784678929.6365747,0.011014835981326724,0.003440227751791967,0.22587772240930912,-4.2148779370781184e-07,-0.277,0.482,0.204,1.0,0.005,0.003,-0.0,-0.26399449763870103,0.45725161755033755,0.2720485648800332
296,1784678929.6606154,0.00818685700585411,0.001784946211038775,0.22937673254444058,-1.1935726033960567e-06,-0.277,0.482,0.204,1.0,0.005,0.003,-0.0,-0.26399449763870103,0.45725161755033755,0.2720485648800332
296,1784678929.6864018,0.012648536369229873,0.004874269494803558,0.22813483096501355,-5.720943414477242e-06,-0.277,0.481,0.205,1.0,0.005,0.003,-0.0,-0.26172935232440125,0.45332828864251823,0.28096334326747985
298,1784678929.7144527,0.020893815626914992,0.009343722873549589,0.23057050615134148,-9.23433475382098e-06,-0.277,0.481,0.205,1.0,0.005,0.003,-0.0,-0.26172935232440125,0.45332828864251823,0.28096334326747985
298,1784678929.7387207,0.028923463700344744,0.014085652980471878,0.23010109727181313,-1.5139065508424116e-05,-0.277,0.481,0.206,1.0,0.005,0.003,-0.0,-0.26172935232440125,0.45332828864251823,0.28096334326747985
301,1784678929.776958,0.01210658008245246,0.004430103299607423,0.22690986763226334,-1.0141807861189464e-05,-0.277,0.481,0.207,1.0,0.005,0.003,-0.0,-0.26172935232440125,0.45332828864251823,0.28096334326747985
301,1784678929.8194098,0.015447108719344155,0.007308993802607546,0.23050740228763117,-1.4035054624253051e-05,-0.277,0.48,0.208,1.0,0.005,0.003,-0.0,-0.26172935232440125,0.45332828864251823,0.28096334326747985
305,1784678929.8430355,-0.03264080734624701,-0.02050165533645948,0.21912562852832393,1.382562727538857e-06,-0.276,0.48,0.21,1.0,0.005,0.003,-0.0,-0.26172935232440125,0.45332828864251823,0.28096334326747985
305,1784678929.8570237,0.010717290183153108,0.0048539808183744315,0.23625333145818442,4.3109663119147365e-06,-0.276,0.48,0.211,1.0,0.005,0.003,-0.0,-0.26172935232440125,0.45332828864251823,0.28096334326747985
307,1784678929.8787496,-0.03162287380906849,-0.017231129908488466,0.2161802511085498,5.688627317999717e-06,-0.276,0.479,0.211,1.0,0.005,0.003,-0.0,-0.2593755178788565,0.44925134635271147,0.2897857392957515
307,1784678929.8990846,-0.046415336148941805,-0.02108765945134215,0.2289877759816408,1.2674770948449937e-05,-0.276,0.479,0.212,1.0,0.006,0.003,-0.0,-0.2593755178788565,0.44925134635271147,0.2897857392957515
309,1784678929.9156964,-0.044609048989625595,-0.0195431534214489,0.2201603401180952,4.665235122153674e-06,-0.276,0.479,0.213,1.0,0.006,0.003,-0.0,-0.2593755178788565,0.44925134635271147,0.2897857392957515
310,1784678929.9383578,-0.04046956483717385,-0.01723412171002003,0.22602528105121725,1.6354920761918647e-06,-0.276,0.479,0.214,1.0,0.006,0.003,-0.0,-0.2593755178788565,0.44925134635271147,0.2897857392957515
310,1784678929.9615748,-0.038902500671289204,-0.013798677880433674,0.2222137838051326,5.19418420582794e-06,-0.276,0.478,0.214,1.0,0.006,0.003,-0.0,-0.2593755178788565,0.44925134635271147,0.2897857392957515
312,1784678929.9813523,-0.003517642431101503,0.003893974765162766,0.2314644080371662,3.133993728020354e-05,-0.275,0.478,0.215,1.0,0.006,0.003,-0.0,-0.2593755178788565,0.44925134635271147,0.2897857392957515
312,1784678930.0066729,-0.024866671044436402,-0.007438796816966542,0.21864352540777118,5.739364466045984e-06,-0.275,0.478,0.216,1.0,0.006,0.003,-0.0,-0.2593755178788565,0.44925134635271147,0.2897857392957515
314,1784678930.03228,0.004273817805606244,0.007193480749111584,0.23396541942368215,2.0837417907445212e-05,-0.275,0.478,0.216,1.0,0.006,0.003,-0.0,-0.2593755178788565,0.44925134635271147,0.2897857392957515
314,1784678930.0580182,-0.010818128415486142,-0.0006786674743160109,0.2172801777703571,2.569281848216063e-06,-0.275,0.478,0.217,1.0,0.006,0.003,-0.0,-0.2593755178788565,0.44925134635271147,0.2897857392957515
317,1784678930.082925,0.009825883568153941,0.01129795200760651,0.23484821857179172,1.4511752268907945e-05,-0.275,0.477,0.218,1.0,0.006,0.003,-0.0,-0.2593755178788565,0.44925134635271147,0.2897857392957515
317,1784678930.1136904,0.031657335459146695,0.01773893020946541,0.22404741493840435,1.976444383939868e-05,-0.275,0.477,0.219,1.0,0.005,0.003,-0.0,-0.256933935804461,0.4450224214034747,0.29851222412406725
319,1784678930.1425056,0.03263680638005311,0.01637231121961534,0.2311297736620347,1.269243613405976e-05,-0.275,0.477,0.22,1.0,0.005,0.003,-0.0,-0.256933935804461,0.4450224214034747,0.29851222412406725
321,1784678930.1714742,0.008219958235058583,0.0011698487283433971,0.21991226700863917,1.2047172046000491e-05,-0.275,0.476,0.221,1.0,0.005,0.003,-0.0,-0.256933935804461,0.4450224214034747,0.29851222412406725
321,1784678930.2021828,0.03300964393158019,0.014240633098777922,0.23557759753352003,7.738905988385316e-06,-0.274,0.476,0.222,1.0,0.005,0.003,-0.0,-0.256933935804461,0.4450224214034747,0.29851222412406725
324,1784678930.2427692,0.031246991692324266,0.014327701599589012,0.22442136895094264,-9.76230753314221e-06,-0.274,0.476,0.224,1.0,0.005,0.003,-0.0,-0.256933935804461,0.4450224214034747,0.29851222412406725
324,1784678930.278447,-0.024323794579198272,-0.015634783930907534,0.2229710944998649,1.1427663118434862e-06,-0.274,0.475,0.225,1.0,0.005,0.003,-0.0,-0.256933935804461,0.4450224214034747,0.29851222412406725
328,1784678930.3122454,0.01521385124790742,0.007064037848062796,0.23241658045677013,8.20073622178609e-06,-0.274,0.475,0.226,1.0,0.005,0.003,-0.0,-0.256933935804461,0.4450224214034747,0.29851222412406725
328,1784678930.3454092,-0.04463788785760017,-0.019085328520126326,0.21753400612342383,-2.885443803501431e-06,-0.273,0.474,0.228,1.0,0.006,0.003,-0.0,-0.2544055827014906,0.44064320530840273,0.3071393072748473
331,1784678930.3785298,-0.007662346713692675,0.002396614235386202,0.23472688645594764,3.215922280957225e-05,-0.273,0.474,0.229,1.0,0.006,0.003,-0.0,-0.2544055827014906,0.44064320530840273,0.3071393072748473
331,1784678930.4195712,-0.04546424634979796,-0.01716831717627015,0.215712851581741,-9.52938329784241e-06,-0.273,0.473,0.23,1.0,0.006,0.003,-0.0,-0.2544055827014906,0.44064320530840273,0.3071393072748473
335,1784678930.4551175,-0.0013896740453396075,-0.0022500720127798107,0.2356192224089747,-8.960810717485334e-07,-0.273,0.473,0.232,1.0,0.006,0.004,-0.0,-0.2544055827014906,0.44064320530840273,0.3071393072748473
335,1784678930.4924672,-0.028802459606199343,-0.018362466058093763,0.21499739000525853,1.7793267506782676e-05,-0.272,0.472,0.233,1.0,0.006,0.004,-0.0,-0.2544055827014906,0.44064320530840273,0.3071393072748473
338,1784678930.5177042,0.018514818440040194,0.007908204193108611,0.2383200257830561,-0.0002712012314102801,-0.272,0.472,0.235,1.0,0.006,0.004,-0.0,-0.2544055827014906,0.44064320530840273,0.3071393072748473
340,1784678930.5405946,-0.0032263139284160088,0.01142816129110568,0.21529075673111975,-0.0013682942345679073,-0.272,0.472,0.235,1.0,0.006,0.003,-0.0,-0.2517914698774754,0.4361154496955447,0.3156635380298576
340,1784678930.563393,-0.005605026883578973,0.014271351842562398,0.23105851322664933,-0.0024153713819512323,-0.272,0.471,0.236,1.0,0.006,0.003,-0.0,-0.2517914698774754,0.4361154496955447,0.3156635380298576
342,1784678930.5853033,0.03232220803407118,0.030747249361345208,0.22863352772665194,-0.0019662640908207434,-0.272,0.471,0.237,1.0,0.006,0.003,-0.0,-0.2517914698774754,0.4361154496955447,0.3156635380298576
342,1784678930.6093779,0.007818554328878138,0.023254182710380256,0.222852712070178,-0.00281159119266017,-0.272,0.471,0.237,1.0,0.006,0.003,-0.0,-0.2517914698774754,0.4361154496955447,0.3156635380298576
344,1784678930.633062,0.029566414714470288,0.027760181796907018,0.2323804462381884,-0.0023664312579601285,-0.271,0.471,0.238,1.0,0.006,0.003,-0.0,-0.2517914698774754,0.4361154496955447,0.3156635380298576
344,1784678930.6560144,0.04050041931606049,0.03066696868730599,0.22849024022816938,-0.0016990480720375733,-0.271,0.47,0.239,1.0,0.006,0.003,-0.0,-0.2517914698774754,0.4361154496955447,0.3156635380298576
347,1784678930.676634,0.028206100640203013,0.022991968284515385,0.22843300566430053,-0.0013871322995907254,-0.271,0.47,0.239,1.0,0.006,0.003,-0.0,-0.2517914698774754,0.4361154496955447,0.3156635380298576
347,1784678930.7018576,-0.003083058729159642,0.003948181413458842,0.22284456013977044,-0.0012112814647044915,-0.271,0.47,0.24,1.0,0.006,0.003,-0.0,-0.2517914698774754,0.4361154496955447,0.3156635380298576
349,1784678930.727358,-0.01528849921585867,-0.006066065014880859,0.22611327164417064,-0.0007434094112092253,-0.271,0.47,0.241,1.0,0.006,0.003,-0.0,-0.2517914698774754,0.4361154496955447,0.3156635380298576
349,1784678930.7577271,0.020139598093285624,0.016217520434995646,0.23122031394579656,-0.00035379734597795184,-0.271,0.469,0.242,1.0,0.006,0.003,-0.0,-0.2517914698774754,0.4361154496955447,0.3156635380298576
352,1784678930.785581,0.02077130804037921,0.014647742746396127,0.2271331826633884,-9.079736302870702e-05,-0.271,0.469,0.242,1.0,0.006,0.003,-0.0,-0.2490926429426908,0.4314409656067767,0.32408150681045106
352,1784678930.8106189,-0.0160060063159308,-0.009841777845940775,0.22407710409891204,0.0002702738944042183,-0.27,0.469,0.243,1.0,0.006,0.003,-0.0,-0.2490926429426908,0.4314409656067767,0.32408150681045106
354,1784678930.8355162,0.013467762866949382,0.00958997881347897,0.23163986451928092,0.00031755098886434316,-0.27,0.468,0.244,1.0,0.006,0.003,-0.0,-0.2490926429426908,0.4314409656067767,0.32408150681045106
354,1784678930.860586,0.036211224677374726,0.014357508986307242,0.22914535913321943,0.00025942477877298703,-0.27,0.468,0.245,1.0,0.006,0.004,-0.0,-0.2490926429426908,0.4314409656067767,0.32408150681045106
357,1784678930.8947737,0.033317694288798064,0.011859266045347048,0.2298229964527784,0.0002090959791389403,-0.27,0.468,0.245,1.0,0.006,0.004,-0.0,-0.2490926429426908,0.4314409656067767,0.32408150681045106
357,1784678930.910574,0.020832444211592385,0.004472187431755108,0.22710991943942793,0.00017920618873085213,-0.27,0.468,0.246,1.0,0.006,0.004,-0.0,-0.2490926429426908,0.4314409656067767,0.32408150681045106
359,1784678930.9302151,0.016698370913177028,0.004131614935277807,0.22870219390921953,0.0001511723280903461,-0.27,0.467,0.247,1.0,0.006,0.004,-0.0,-0.2490926429426908,0.4314409656067767,0.32408150681045106
359,1784678930.9526331,-0.022745093428360976,-0.01832064894666665,0.2212870604058288,0.00022938651955545155,-0.27,0.467,0.247,1.0,0.006,0.004,-0.0,-0.2490926429426908,0.4314409656067767,0.32408150681045106
361,1784678930.9688072,-0.0010929375442288135,0.0002597256365625619,0.2323292568704045,0.00014541461250911842,-0.27,0.467,0.248,1.0,0.007,0.004,-0.0,-0.2490926429426908,0.4314409656067767,0.32408150681045106
361,1784678930.992901,-0.03243432780333726,-0.014716357494257032,0.21959167158974718,5.483447775586934e-05,-0.27,0.467,0.248,1.0,0.007,0.004,-0.0,-0.2463101813919267,0.4266216227734084,0.3323898465413535
363,1784678931.0121124,0.022454308483690906,0.014079313874550343,0.23795994360881784,6.0726237110128286e-05,-0.269,0.467,0.249,1.0,0.007,0.004,-0.0,-0.2463101813919267,0.4266216227734084,0.3323898465413535
364,1784678931.029892,0.02071596439565867,0.014704943104600467,0.22401041963086174,-1.5473611549959144e-05,-0.269,0.466,0.25,1.0,0.007,0.004,-0.0,-0.2463101813919267,0.4266216227734084,0.3323898465413535
364,1784678931.0526047,0.006377883273883642,0.0069281947854088425,0.23102020536722132,-5.790043035302808e-05,-0.269,0.466,0.25,1.0,0.007,0.004,-0.0,-0.2463101813919267,0.4266216227734084,0.3323898465413535
367,1784678931.0793736,0.0350696828951641,0.022001226864100297,0.23101657286413244,-5.751563164784763e-05,-0.269,0.466,0.251,1.0,0.007,0.004,-0.0,-0.2463101813919267,0.4266216227734084,0.3323898465413535
367,1784678931.1073942,0.020733976147345366,0.015214040103358204,0.2278738990788803,-7.997893554371365e-05,-0.269,0.465,0.252,1.0,0.007,0.004,-0.0,-0.2463101813919267,0.4266216227734084,0.3323898465413535
369,1784678931.138387,-0.046655649366425696,-0.020536381284396894,0.2193435455905527,-9.459337415616098e-05,-0.268,0.465,0.253,1.0,0.007,0.004,-0.0,-0.2463101813919267,0.4266216227734084,0.3323898465413535
369,1784678931.1658335,-0.012158706022668497,-0.0034546877585574197,0.2324103314113143,-4.7557162946638555e-05,-0.268,0.464,0.255,1.0,0.007,0.004,-0.0,-0.2463101813919267,0.4266216227734084,0.3323898465413535
372,1784678931.195267,-0.010164715227101386,-0.0019665320814225744,0.22303984064324225,-4.291190877194707e-05,-0.268,0.464,0.256,1.0,0.007,0.004,-0.0,-0.2463101813919267,0.4266216227734084,0.3323898465413535
372,1784678931.2273397,0.008712287735080886,0.0065065343951586545,0.23195115738984656,-3.579917309481351e-05,-0.268,0.464,0.257,1.0,0.007,0.004,-0.0,-0.2463101813919267,0.4266216227734084,0.3323898465413535
375,1784678931.2473347,-0.007003122785339695,-0.001091825629442821,0.22293457283789567,-4.840064431317991e-05,-0.268,0.463,0.258,1.0,0.007,0.004,-0.0,-0.2463101813919267,0.4266216227734084,0.3323898465413535
375,1784678931.262202,0.014665594151216996,0.008846860236955613,0.23321060115828843,-3.841353584559489e-05,-0.267,0.463,0.258,1.0,0.007,0.004,-0.0,-0.2434451981727045,0.42165934886831624,0.340585233997449
377,1784678931.2758214,0.018088068309292438,0.011010007881617155,0.2260457548475216,-5.2263137672866404e-05,-0.267,0.463,0.259,1.0,0.007,0.004,-0.0,-0.2434451981727045,0.42165934886831624,0.340585233997449
378,1784678931.2926445,0.000282841772405,0.0016108810121512624,0.22782430554387054,-6.818823057785971e-05,-0.267,0.462,0.26,1.0,0.007,0.004,-0.0,-0.2434451981727045,0.42165934886831624,0.340585233997449
379,1784678931.3121448,0.0223026002363962,0.014073495893513364,0.2305535290167102,-6.0320069157081326e-05,-0.267,0.462,0.261,1.0,0.007,0.004,-0.0,-0.2434451981727045,0.42165934886831624,0.340585233997449
380,1784678931.3325207,0.02903747146894745,0.01837084841423748,0.22935139650377728,-7.54558174016707e-05,-0.267,0.461,0.262,1.0,0.007,0.004,-0.0,-0.2434451981727045,0.42165934886831624,0.340585233997449
381,1784678931.3512037,-0.002713771819642923,-0.0010214339867255957,0.22468507030470003,-7.611705562127296e-05,-0.266,0.461,0.263,1.0,0.007,0.004,-0.0,-0.2434451981727045,0.42165934886831624,0.340585233997449
382,1784678931.3711603,-0.008115898768188853,-0.0038406458652036797,0.2276047850022703,-6.529029717284703e-05,-0.266,0.461,0.264,1.0,0.007,0.004,-0.0,-0.2434451981727045,0.42165934886831624,0.340585233997449
383,1784678931.3935318,-0.0030589440836392007,0.004517044744015474,0.22834377332476966,-4.614033370693581e-05,-0.266,0.46,0.265,1.0,0.008,0.004,-0.0,-0.2434451981727045,0.42165934886831624,0.340585233997449
383,1784678931.4131093,-0.07635649698426304,-0.03703820615269789,0.2154519552733074,-0.000119427441275736,-0.266,0.46,0.266,1.0,0.008,0.004,-0.0,-0.2434451981727045,0.42165934886831624,0.340585233997449
385,1784678931.4413075,-0.014719490243201766,-0.000493016585246038,0.23669920669997382,3.105165837479583e-05,-0.266,0.46,0.266,1.0,0.008,0.004,-0.0,-0.2434451981727045,0.42165934886831624,0.340585233997449
385,1784678931.465142,-0.02566320577350234,-0.005993540006322854,0.21903858394724846,-1.4543785093809272e-05,-0.266,0.46,0.266,1.0,0.008,0.004,-0.0,-0.2434451981727045,0.42165934886831624,0.340585233997449
387,1784678931.485941,-0.026053891174312734,-0.009187721234664346,0.2306569406982168,-3.023170155672883e-05,-0.265,0.459,0.267,1.0,0.008,0.004,-0.0,-0.2434451981727045,0.42165934886831624,0.340585233997449
387,1784678931.510597,0.007661429468805846,0.010857182900648066,0.22848242259296814,4.003647864120128e-06,-0.265,0.459,0.269,1.0,0.008,0.004,-0.0,-0.24049883924011253,0.41655612873489933,0.34866439113302544
389,1784678931.535055,-0.01548938373847665,-0.002017168433493581,0.22516435669534146,-5.389809198956811e-05,-0.265,0.458,0.27,1.0,0.008,0.004,-0.0,-0.24049883924011253,0.41655612873489933,0.34866439113302544
390,1784678931.5612504,0.016770340780289175,0.012992496065848898,0.2318940728033099,-3.71076713242722e-05,-0.265,0.457,0.271,1.0,0.007,0.004,-0.0,-0.24049883924011253,0.41655612873489933,0.34866439113302544
392,1784678931.5814009,0.011791894880606656,0.008222123229861412,0.22518772797264563,-4.1300537573888074e-05,-0.264,0.456,0.274,1.0,0.007,0.004,-0.0,-0.24049883924011253,0.41655612873489933,0.34866439113302544
392,1784678931.6004312,-0.05695647236787604,-0.03392868481269925,0.2172664618628832,-4.99107143996855e-05,-0.264,0.456,0.274,1.0,0.007,0.004,-0.0,-0.24049883924011253,0.41655612873489933,0.34866439113302544
394,1784678931.6198416,-0.06518030240742448,-0.04104761440367706,0.22227340792598216,-6.124389897550983e-05,-0.263,0.455,0.276,1.0,0.007,0.004,-0.0,-0.24049883924011253,0.41655612873489933,0.34866439113302544
394,1784678931.643126,0.013741139446612094,0.007807707651351498,0.23431874880964046,1.3087252295218414e-05,-0.263,0.455,0.277,1.0,0.007,0.004,-0.0,-0.24049883924011253,0.41655612873489933,0.34866439113302544
396,1784678931.6665745,0.0008872323651364072,0.001569190104840485,0.22275886074391932,-2.7305900847296468e-05,-0.263,0.454,0.278,1.0,0.007,0.004,-0.0,-0.24049883924011253,0.41655612873489933,0.34866439113302544
396,1784678931.6860137,0.00502416914271629,0.0038182808678652487,0.23155325078464856,-4.588279066001122e-05,-0.263,0.454,0.279,1.0,0.007,0.004,-0.0,-0.23747228309843965,0.4113140035931692,0.35662408639294924
398,1784678931.7071652,-0.010239688614861549,-0.007729578166760814,0.2222385599732618,-4.196162896730948e-05,-0.262,0.454,0.28,1.0,0.007,0.004,-0.0,-0.23747228309843965,0.4113140035931692,0.35662408639294924
398,1784678931.7306774,0.0030586246910726585,0.0007046306256523263,0.2315156016422558,-3.079161357166077e-05,-0.262,0.453,0.281,1.0,0.007,0.004,-0.0,-0.23747228309843965,0.4113140035931692,0.35662408639294924
400,1784678931.7482157,-0.01386807548947471,-0.009105719064364737,0.22177129155710212,-3.49436708052179e-05,-0.262,0.453,0.282,1.0,0.007,0.004,-0.0,-0.23747228309843965,0.4113140035931692,0.35662408639294924
400,1784678931.7675977,-0.011421274957524258,-0.01130253707788707,0.2282361885785501,-4.42631191594389e-05,-0.262,0.452,0.282,1.0,0.006,0.004,-0.0,-0.23747228309843965,0.4113140035931692,0.35662408639294924
402,1784678931.7908564,-0.013893053917185028,-0.013214212917300842,0.22359570656712463,-2.517348998141036e-05,-0.262,0.452,0.283,1.0,0.006,0.004,-0.0,-0.23747228309843965,0.4113140035931692,0.35662408639294924
402,1784678931.8118424,0.006001300108725811,-0.0025535502197980998,0.22982408786000147,-2.531473179325769e-05,-0.261,0.452,0.284,1.0,0.006,0.004,-0.0,-0.23747228309843965,0.4113140035931692,0.35662408639294924
404,1784678931.8319821,-0.07442480323154624,-0.04890921284202121,0.21200620834896913,4.282882320637445e-05,-0.261,0.451,0.286,1.0,0.006,0.004,-0.0,-0.23747228309843965,0.4113140035931692,0.35662408639294924
404,1784678931.8507962,-0.008097923436547333,-0.008177445274071153,0.23768424890970705,3.48215635325001e-05,-0.261,0.451,0.286,1.0,0.006,0.004,-0.0,-0.23747228309843965,0.4113140035931692,0.35662408639294924
406,1784678931.8686528,-0.0007235643636169043,-0.0037868251799261336,0.21985580603456395,9.609563542006902e-06,-0.261,0.45,0.287,1.0,0.006,0.004,-0.0,-0.23747228309843965,0.4113140035931692,0.35662408639294924
406,1784678931.8834379,0.001807637698667308,-0.004360965140183694,0.2316624487593269,-1.0603405222746488e-05,-0.26,0.45,0.288,1.0,0.006,0.004,-0.0,-0.23747228309843965,0.4113140035931692,0.35662408639294924
408,1784678931.9015374,-0.01553807038833964,-0.013817033848220956,0.22028965188798386,-2.9806558609082587e-06,-0.26,0.45,0.289,1.0,0.006,0.004,-0.0,-0.23747228309843965,0.4113140035931692,0.35662408639294924
408,1784678931.9222295,5.242682908038199e-05,-0.004126586184059077,0.23129872081884478,-1.9499171184245294e-05,-0.26,0.449,0.289,1.0,0.006,0.004,-0.0,-0.23747228309843965,0.4113140035931692,0.35662408639294924
410,1784678931.9457874,-0.07618705478268291,-0.04637204402292891,0.21151228702254357,2.410601021543192e-05,-0.26,0.449,0.29,1.0,0.006,0.004,-0.0,-0.234366740329789,0.4059350702232884,0.3644611360052444
410,1784678931.9672115,-0.028815224063043467,-0.019192352060857128,0.23458588430003796,1.7918620248027405e-05,-0.259,0.448,0.292,1.0,0.006,0.004,-0.0,-0.234366740329789,0.4059350702232884,0.3644611360052444
412,1784678931.9901934,-0.02365992680207138,-0.017258507393520906,0.2186700202125096,9.768603574276827e-06,-0.259,0.448,0.293,1.0,0.006,0.004,-0.0,-0.234366740329789,0.4059350702232884,0.3644611360052444
412,1784678932.011951,-0.02234021274634361,-0.015515215398239007,0.22931216457021258,1.207552879164619e-06,-0.259,0.447,0.294,1.0,0.006,0.004,-0.0,-0.234366740329789,0.4059350702232884,0.3644611360052444
414,1784678932.0365028,-0.02197472955368665,-0.01584416006867542,0.2219613470963779,-8.013785723030105e-06,-0.258,0.446,0.295,1.0,0.006,0.004,-0.0,-0.234366740329789,0.4059350702232884,0.3644611360052444
414,1784678932.058751,-0.0776780414303444,-0.047776041397908475,0.21710726046684117,3.1519253596553185e-06,-0.258,0.446,0.297,1.0,0.006,0.004,-0.0,-0.234366740329789,0.4059350702232884,0.3644611360052444
417,1784678932.0823662,-0.003852161238509219,-0.007762236257809488,0.23355108784144685,-6.670397576456563e-06,-0.258,0.445,0.297,1.0,0.005,0.004,-0.0,-0.234366740329789,0.4059350702232884,0.3644611360052444
417,1784678932.1000876,0.013908870026262243,-5.269327035462793e-05,0.22369809496549892,-6.1145069945298185e-06,-0.258,0.445,0.298,1.0,0.005,0.004,-0.0,-0.234366740329789,0.4059350702232884,0.3644611360052444
419,1784678932.1231532,0.02014398350476311,0.009901437952007316,0.23009980009223321,-2.3514394688955095e-05,-0.257,0.444,0.3,1.0,0.005,0.003,-0.0,-0.234366740329789,0.4059350702232884,0.3644611360052444
419,1784678932.141734,-0.002528062097679147,-0.0011648186836646264,0.2213124622205186,-4.0111375561066305e-05,-0.257,0.444,0.301,1.0,0.005,0.003,-0.0,-0.234366740329789,0.4059350702232884,0.3644611360052444
421,1784678932.1631746,-0.007261085507959182,-0.0034813719444499926,0.22787933466264787,-4.1201044853451954e-05,-0.257,0.443,0.301,1.0,0.005,0.003,-0.0,-0.23118345310986127,0.40042148012688666,0.3721724052545584
421,1784678932.1843758,-0.009859095585857033,-0.005748603381265049,0.2233643726364589,-3.471558713291363e-05,-0.256,0.443,0.302,1.0,0.005,0.003,-0.0,-0.23118345310986127,0.40042148012688666,0.3721724052545584
423,1784678932.2073822,-0.009364072054860466,-0.005461761525974968,0.22624920446464303,-2.7593837596379064e-05,-0.256,0.443,0.303,1.0,0.005,0.003,-0.0,-0.23118345310986127,0.40042148012688666,0.3721724052545584
423,1784678932.227849,-0.06473833858991333,-0.03799070192476782,0.21556104103297113,-2.8585666175525942e-05,-0.256,0.442,0.304,1.0,0.005,0.003,-0.0,-0.23118345310986127,0.40042148012688666,0.3721724052545584
425,1784678932.247403,0.0049307933213239424,-0.0004953797888657269,0.2344957696719769,-1.3393569903976423e-05,-0.256,0.442,0.305,1.0,0.004,0.003,-0.0,-0.23118345310986127,0.40042148012688666,0.3721724052545584
425,1784678932.2725506,0.025389632666522687,0.008776420000235584,0.22363900821065966,-1.3859389888636381e-05,-0.255,0.441,0.306,1.0,0.004,0.003,-0.0,-0.23118345310986127,0.40042148012688666,0.3721724052545584
427,1784678932.294478,0.016450052151400305,0.0023492140035840346,0.22864102824956734,-1.5388142092207154e-05,-0.255,0.44,0.307,1.0,0.004,0.003,-0.0,-0.23118345310986127,0.40042148012688666,0.3721724052545584
428,1784678932.3203068,-0.0003720425288885644,-0.007939554627041847,0.22250080396432043,1.816007491728291e-06,-0.255,0.44,0.308,1.0,0.004,0.003,-0.0,-0.23118345310986127,0.40042148012688666,0.3721724052545584
428,1784678932.3425522,-0.004090676160837473,-0.011619905821542535,0.22645178546949488,2.632542057844065e-06,-0.254,0.44,0.309,1.0,0.004,0.003,-0.0,-0.23118345310986127,0.40042148012688666,0.3721724052545584
431,1784678932.3597953,-0.007466515168844733,-0.012205767472488277,0.22387233857091632,7.488466270083761e-06,-0.254,0.439,0.309,1.0,0.004,0.003,-0.0,-0.23118345310986127,0.40042148012688666,0.3721724052545584
431,1784678932.382951,0.009639998760770367,-0.001959777797910676,0.2281765772353734,-1.4552776171268373e-05,-0.254,0.439,0.31,1.0,0.004,0.003,-0.0,-0.23118345310986127,0.40042148012688666,0.3721724052545584
433,1784678932.4032393,-0.0640821381880382,-0.04458599524130023,0.2146323752845678,6.310895304069249e-05,-0.254,0.438,0.311,1.0,0.004,0.003,-0.0,-0.23118345310986127,0.40042148012688666,0.3721724052545584
433,1784678932.4313972,-0.07286826215393671,-0.042589337618256715,0.2238548655243596,7.989029985419133e-05,-0.253,0.438,0.312,1.0,0.004,0.002,-0.0,-0.22792369471110122,0.39477543866648906,0.3797548097360073
435,1784678932.452968,-0.07148483284462173,-0.03986335788730551,0.21766703135357748,3.84165819463439e-05,-0.253,0.437,0.313,1.0,0.004,0.002,-0.0,-0.22792369471110122,0.39477543866648906,0.3797548097360073
435,1784678932.473496,-0.06715434923017076,-0.036417598482531954,0.22207791711008462,6.698674363176489e-06,-0.253,0.437,0.314,1.0,0.004,0.002,-0.0,-0.22792369471110122,0.39477543866648906,0.3797548097360073
437,1784678932.501895,-0.06387450076668312,-0.03280302628324702,0.21929461768493708,-5.940552333740008e-06,-0.253,0.436,0.315,1.0,0.004,0.002,-0.0,-0.22792369471110122,0.39477543866648906,0.3797548097360073
439,1784678932.5326707,-0.010469670107441077,-0.003334952125570202,0.22883105461889194,2.5272207214784158e-05,-0.252,0.436,0.315,1.0,0.004,0.002,-0.0,-0.22792369471110122,0.39477543866648906,0.3797548097360073
439,1784678932.565578,0.007572697317501334,0.00470441586945998,0.2225562625089437,7.034190888597705e-06,-0.252,0.435,0.317,1.0,0.003,0.002,-0.0,-0.22792369471110122,0.39477543866648906,0.3797548097360073
442,1784678932.594313,-0.011178098302565477,-0.008246512902145998,0.2207197807570244,5.7979040460237e-06,-0.252,0.435,0.317,1.0,0.003,0.002,-0.0,-0.22792369471110122,0.39477543866648906,0.3797548097360073
442,1784678932.6234148,0.0010716582097653506,-0.003553886079427155,0.2225541347788627,-6.858071283207877e-06,-0.251,0.434,0.318,1.0,0.003,0.002,-0.0,-0.22792369471110122,0.39477543866648906,0.3797548097360073
445,1784678932.6482942,0.03630900786150587,0.020657321424477144,0.22741050486441355,-2.5318403990514267e-05,-0.251,0.434,0.319,1.0,0.002,0.001,-0.0,-0.22792369471110122,0.39477543866648906,0.3797548097360073
445,1784678932.6762352,0.04170802279495195,0.024626153606178605,0.22387803289421865,-2.872959549252247e-05,-0.251,0.434,0.32,1.0,0.002,0.001,-0.0,-0.22458876899340546,0.3889992041834001,0.3872053165888957
448,1784678932.6954014,0.04104326420825356,0.023993983923434006,0.2266031918355628,-2.9745852418090592e-05,-0.251,0.433,0.321,1.0,0.002,0.001,-0.0,-0.22458876899340546,0.3889992041834001,0.3872053165888957
448,1784678932.7127047,0.05967051031737188,0.0294886658778961,0.22737393369901848,-2.104322585255061e-05,-0.25,0.433,0.321,1.0,0.001,0.001,-0.0,-0.22458876899340546,0.3889992041834001,0.3872053165888957
449,1784678932.7297502,0.04903936280823081,0.021795082304277763,0.22426497015687608,-6.393697184073569e-06,-0.25,0.433,0.322,1.0,0.001,0.001,-0.0,-0.22458876899340546,0.3889992041834001,0.3872053165888957
450,1784678932.7446768,0.017259579907575852,-0.0004957873802486079,0.22180846599920742,3.112615577906116e-05,-0.25,0.432,0.322,1.0,0.001,0.001,-0.0,-0.22458876899340546,0.3889992041834001,0.3872053165888957
450,1784678932.7589443,0.049804411161624075,0.021313046656545414,0.22980301615457957,-1.1189701831209181e-05,-0.25,0.432,0.322,1.0,0.001,0.001,-0.0,-0.22458876899340546,0.3889992041834001,0.3872053165888957
452,1784678932.7753348,0.013692612402085663,-0.0025552622272075783,0.21817118317672568,2.4853431638729724e-05,-0.25,0.432,0.323,1.0,0.001,0.001,-0.0,-0.22458876899340546,0.3889992041834001,0.3872053165888957
453,1784678932.802979,0.04581893226753603,0.018938689612608688,0.23226566094459233,-9.229297588897578e-06,-0.25,0.432,0.323,1.0,0.001,0.001,-0.0,-0.22458876899340546,0.3889992041834001,0.3872053165888957
453,1784678932.8245525,0.03454138429344059,0.012444620648637548,0.22114390499304368,-1.482427583537452e-05,-0.25,0.432,0.324,1.0,0.001,0.001,-0.0,-0.22458876899340546,0.3889992041834001,0.3872053165888957
455,1784678932.8477774,0.026241250016605034,0.007771407582060732,0.22876747392895536,-8.505886214404286e-06,-0.249,0.431,0.324,1.0,0.001,0.001,-0.0,-0.22458876899340546,0.3889992041834001,0.3872053165888957
455,1784678932.869867,-0.01808135511903652,-0.01949840201144607,0.21928506484943777,3.1498445355212414e-05,-0.249,0.431,0.325,1.0,0.001,0.001,-0.0,-0.22458876899340546,0.3889992041834001,0.3872053165888957
457,1784678932.9123566,-0.027977850932042435,-0.0246729068801533,0.2256274255736269,3.133543429235281e-05,-0.249,0.431,0.325,1.0,0.001,0.001,-0.0,-0.22458876899340546,0.3889992041834001,0.3872053165888957
457,1784678932.9285696,0.023739601327115355,0.009538960404206924,0.22658700598563825,-1.0169672361597635e-05,-0.249,0.43,0.326,1.0,0.001,0.001,-0.0,-0.22118000988259606,0.3830950870943978,0.3945209457098213
460,1784678932.9437957,0.028352775710595093,0.018279284088442878,0.22662917767220703,-4.5166948345603626e-05,-0.249,0.43,0.326,1.0,0.002,0.001,-0.0,-0.22118000988259606,0.3830950870943978,0.3945209457098213
460,1784678932.9586043,0.025930296393390936,0.01646145513018263,0.22588311300473438,-4.9768789451669376e-05,-0.248,0.43,0.327,1.0,0.002,0.001,-0.0,-0.22118000988259606,0.3830950870943978,0.3945209457098213
462,1784678932.9734247,0.010773154768402555,0.007802571768066813,0.2251248366395284,-4.5579861255286996e-05,-0.248,0.43,0.327,1.0,0.002,0.001,-0.0,-0.22118000988259606,0.3830950870943978,0.3945209457098213
463,1784678932.994841,0.02385459186098266,0.017071598434892747,0.22683572803247354,-4.742935473721733e-05,-0.248,0.429,0.328,1.0,0.002,0.001,-0.0,-0.22118000988259606,0.3830950870943978,0.3945209457098213
464,1784678933.014182,-0.02750500896444858,-0.010813333880056942,0.22070346468252744,-4.938531003293071e-05,-0.248,0.429,0.328,1.0,0.002,0.001,-0.0,-0.22118000988259606,0.3830950870943978,0.3945209457098213
465,1784678933.0343182,0.01758874682474633,0.014512003198797894,0.22999199420695274,-2.7308185001380524e-05,-0.248,0.429,0.328,1.0,0.002,0.001,-0.0,-0.22118000988259606,0.3830950870943978,0.3945209457098213
466,1784678933.0561619,0.012158396631520752,0.011298468361719926,0.22221865797774554,-3.2157597556159316e-05,-0.248,0.429,0.329,1.0,0.002,0.001,-0.0,-0.22118000988259606,0.3830950870943978,0.3945209457098213
467,1784678933.077237,0.0324917795429676,0.021644702415778018,0.22933176930359067,-3.405541727440063e-05,-0.248,0.429,0.329,1.0,0.002,0.001,-0.0,-0.22118000988259606,0.3830950870943978,0.3945209457098213
468,1784678933.10125,0.03021879647773479,0.020462427368591544,0.2239987319586374,-3.670986570754124e-05,-0.248,0.429,0.329,1.0,0.002,0.001,-0.0,-0.22118000988259606,0.3830950870943978,0.3945209457098213
468,1784678933.1263528,0.027674242430137726,0.018083428108004028,0.22759340315196758,-3.6756949578757705e-05,-0.247,0.428,0.329,1.0,0.002,0.001,-0.0,-0.22118000988259606,0.3830950870943978,0.3945209457098213
470,1784678933.1538372,-0.017624573378659476,-0.009952267182268926,0.2200870052634699,-2.6280391304578603e-05,-0.247,0.428,0.33,1.0,0.002,0.001,-0.0,-0.21769878083686772,0.37706544896759703,0.40169877094467615
470,1784678933.180379,0.010386289427265362,0.0070819688812926995,0.22875220139568786,-1.9938603180619494e-05,-0.247,0.428,0.33,1.0,0.002,0.001,-0.0,-0.21769878083686772,0.37706544896759703,0.40169877094467615
473,1784678933.2032728,0.005011916627564499,0.00774137967630421,0.2229173358047805,-2.694496885749772e-05,-0.247,0.428,0.33,1.0,0.003,0.001,-0.0,-0.21769878083686772,0.37706544896759703,0.40169877094467615
473,1784678933.2322047,0.0044135193869221725,0.0074178796740390195,0.22671320562578826,-3.3548968921853074e-05,-0.247,0.428,0.331,1.0,0.003,0.001,-0.0,-0.21769878083686772,0.37706544896759703,0.40169877094467615
475,1784678933.263704,0.005221632114918644,0.009359188846449514,0.22431101345223475,-3.4058144376619524e-05,-0.247,0.427,0.331,1.0,0.003,0.001,-0.0,-0.21769878083686772,0.37706544896759703,0.40169877094467615
477,1784678933.2874978,0.017317241666950048,0.016955679614061567,0.2269609809107418,-2.661890017822375e-05,-0.247,0.427,0.332,1.0,0.003,0.001,-0.0,-0.21769878083686772,0.37706544896759703,0.40169877094467615
477,1784678933.3127458,-0.021436411075361532,-0.01123124738436592,0.22102756542667307,-3.8702348652041546e-05,-0.246,0.427,0.332,1.0,0.003,0.001,-0.0,-0.21769878083686772,0.37706544896759703,0.40169877094467615
479,1784678933.344146,0.013677148186981562,0.012501737301401441,0.22933365356017532,-8.147917235095028e-06,-0.246,0.427,0.332,1.0,0.003,0.001,-0.0,-0.21769878083686772,0.37706544896759703,0.40169877094467615
481,1784678933.3751128,0.007710904664960566,0.009932837138135723,0.2224804696060229,-2.8065764267985307e-05,-0.246,0.426,0.333,1.0,0.003,0.001,-0.0,-0.21769878083686772,0.37706544896759703,0.40169877094467615
481,1784678933.4041433,0.010072857374286263,0.00041882415420492133,0.22728038569821737,-3.0009813178804434e-05,-0.246,0.426,0.333,1.0,0.003,0.002,-0.0,-0.21769878083686772,0.37706544896759703,0.40169877094467615
484,1784678933.4304922,0.020754862319157012,0.006905693456073919,0.22489003528572035,-1.5359865199023577e-05,-0.246,0.426,0.334,1.0,0.003,0.002,-0.0,-0.21677643225251642,0.3754679016309087,0.40355313723936026
484,1784678933.4566083,0.015296458433896785,0.0017250430611555978,0.22565025547729758,-6.305322172812838e-06,-0.246,0.426,0.334,1.0,0.003,0.002,-0.0,-0.21677643225251642,0.3754679016309087,0.40355313723936026
486,1784678933.484375,0.012944315863541098,0.000898987682768867,0.2251464407655731,-1.5370811704129973e-06,-0.245,0.425,0.335,1.0,0.003,0.002,-0.0,-0.21677643225251642,0.3754679016309087,0.40355313723936026
488,1784678933.5120873,0.01206676433610471,0.0007285583821840394,0.2254869249561405,-4.218464704300094e-06,-0.245,0.425,0.335,1.0,0.003,0.002,-0.0,-0.21677643225251642,0.3754679016309087,0.40355313723936026
488,1784678933.535632,0.012417501244723825,0.0007252407191957111,0.22525761893856602,-5.533147939184174e-06,-0.245,0.425,0.335,1.0,0.003,0.002,-0.0,-0.21677643225251642,0.3754679016309087,0.40355313723936026
491,1784678933.5575056,0.011622658942693962,0.0007075333467783081,0.22549690210368167,-6.660913115545743e-06,-0.245,0.425,0.335,1.0,0.003,0.002,-0.0,-0.21677643225251642,0.3754679016309087,0.40355313723936026
491,1784678933.5863805,0.024280096567209374,0.00940160633378672,0.22644999274821992,-1.9948296441175527e-05,-0.245,0.425,0.336,1.0,0.003,0.002,-0.0,-0.21677643225251642,0.3754679016309087,0.40355313723936026
493,1784678933.639703,0.012145386599208288,0.003536673063967378,0.22461237079552376,-1.8940568057159374e-05,-0.245,0.424,0.336,1.0,0.003,0.002,-0.0,-0.21677643225251642,0.3754679016309087,0.40355313723936026
493,1784678933.6634262,0.022101935439208326,0.010198630457057802,0.22697606161035805,-2.511759427705807e-05,-0.245,0.424,0.337,1.0,0.003,0.002,-0.0,-0.21677643225251642,0.3754679016309087,0.40355313723936026
497,1784678933.6871686,0.019856266166441414,0.008305713993125255,0.2249439916606286,-2.4197831861412154e-05,-0.245,0.424,0.337,1.0,0.003,0.002,-0.0,-0.21677643225251642,0.3754679016309087,0.40355313723936026
497,1784678933.703742,0.010746468291153593,0.0037618651779338947,0.22564307121126964,-2.0648409646190456e-05,-0.245,0.424,0.337,1.0,0.003,0.002,-0.0,-0.21677643225251642,0.3754679016309087,0.40355313723936026
499,1784678933.7386956,0.017519652093345186,0.006661800298471953,0.22593670226912338,-2.362109485554601e-05,-0.244,0.424,0.337,1.0,0.003,0.002,-0.0,-0.21677643225251642,0.3754679016309087,0.40355313723936026
499,1784678933.778787,0.008522568717208669,0.007036010800736618,0.22565506316078035,-2.4101582686317997e-05,-0.244,0.424,0.338,1.0,0.004,0.002,-0.0,-0.21677643225251642,0.3754679016309087,0.40355313723936026
502,1784678933.8109124,-0.028215341423979072,-0.011681037724971748,0.22313427719335557,-4.328311584597554e-05,-0.244,0.423,0.338,1.0,0.004,0.002,-0.0,-0.21677643225251642,0.3754679016309087,0.40355313723936026
504,1784678933.8438683,-0.00794905560094383,-0.0009369706893204675,0.22692121601843915,-3.081417436321544e-05,-0.244,0.423,0.338,1.0,0.004,0.002,-0.0,-0.21677643225251642,0.3754679016309087,0.40355313723936026
504,1784678933.8817563,0.0041778969704785,0.005144711016105356,0.22493138797111337,-2.5070825398379665e-05,-0.244,0.423,0.339,1.0,0.004,0.002,-0.0,-0.21677643225251642,0.3754679016309087,0.40355313723936026
508,1784678933.911169,0.0004447075840198541,0.0034191585680394456,0.22567916624092987,-2.7183299189056644e-05,-0.244,0.423,0.339,1.0,0.004,0.002,-0.0,-0.21677643225251642,0.3754679016309087,0.40355313723936026
508,1784678933.9289799,0.006693502743831381,0.007860919031556583,0.22585483722196792,-2.822314146104686e-05,-0.244,0.422,0.339,1.0,0.004,0.002,-0.0,-0.21677643225251642,0.3754679016309087,0.40355313723936026
510,1784678933.9455018,0.008341601762570794,0.0088769888980608,0.22557000690150233,-2.6901368231450095e-05,-0.244,0.422,0.34,1.0,0.004,0.002,-0.0,-0.21677643225251642,0.3754679016309087,0.40355313723936026
510,1784678933.9631627,-0.015413943287597218,-0.005191119465974748,0.22338233386216352,-3.384625762020689e-05,-0.244,0.422,0.34,1.0,0.004,0.002,-0.0,-0.21677643225251642,0.3754679016309087,0.40355313723936026
512,1784678933.9829922,-0.0001595027195868074,0.00285036779644925,0.22667002622841723,-2.117312145131366e-05,-0.244,0.422,0.34,1.0,0.004,0.002,-0.0,-0.21677643225251642,0.3754679016309087,0.40355313723936026
512,1784678934.0047534,0.009284377483637056,0.006613443666692318,0.22501868975136716,-1.317156488343016e-05,-0.243,0.422,0.34,1.0,0.004,0.002,-0.0,-0.21677643225251642,0.3754679016309087,0.40355313723936026
514,1784678934.0246673,0.00395459372652089,0.004135439255210089,0.22562302082473829,-1.5808983154003184e-05,-0.243,0.422,0.34,1.0,0.004,0.002,-0.0,-0.21677643225251642,0.3754679016309087,0.40355313723936026
514,1784678934.0464857,0.015258226148069721,0.0109497940525581,0.22632531386082005,-1.485643288480171e-05,-0.243,0.422,0.34,1.0,0.004,0.002,-0.0,-0.21677643225251642,0.3754679016309087,0.40355313723936026
516,1784678934.0654345,0.014903416256835906,0.01065174122999373,0.22542773029576324,-1.907320104497441e-05,-0.243,0.422,0.341,1.0,0.004,0.002,-0.0,-0.21677643225251642,0.3754679016309087,0.40355313723936026
516,1784678934.0862038,0.007381523343737484,0.004720374291433368,0.2252721688255542,-2.009948328522047e-05,-0.243,0.422,0.341,1.0,0.004,0.002,-0.0,-0.21677643225251642,0.3754679016309087,0.40355313723936026
518,1784678934.1053386,0.012611402671772604,0.008169164582179863,0.22597748687066596,-1.61792816958039e-05,-0.243,0.422,0.341,1.0,0.004,0.002,-0.0,-0.21677643225251642,0.3754679016309087,0.40355313723936026
518,1784678934.1227252,0.006340604464240842,0.005283105523375534,0.22498312679015936,-2.0952781354691074e-05,-0.243,0.421,0.341,1.0,0.004,0.002,-0.0,-0.21677643225251642,0.3754679016309087,0.40355313723936026
520,1784678934.142467,0.010419158199078153,0.007792018067646704,0.22617099650057843,-1.8088335497343527e-05,-0.243,0.421,0.341,1.0,0.004,0.002,-0.0,-0.21677643225251642,0.3754679016309087,0.40355313723936026
520,1784678934.1609635,0.0048265018509049285,0.0048412447865398755,0.22493676931303694,-1.9157398421850653e-05,-0.243,0.421,0.341,1.0,0.004,0.002,-0.0,-0.21677643225251642,0.3754679016309087,0.40355313723936026
522,1784678934.1828067,0.004013992538945589,0.00399641815416463,0.22577596943772765,-1.8183282827451433e-05,-0.243,0.421,0.341,1.0,0.004,0.002,-0.0,-0.21677643225251642,0.3754679016309087,0.40355313723936026
522,1784678934.2037232,0.004414056552688393,0.003924221874994665,0.2250489043867669,-1.473673135610604e-05,-0.243,0.421,0.342,1.0,0.004,0.002,-0.0,-0.21677643225251642,0.3754679016309087,0.40355313723936026
524,1784678934.2252414,0.004008343518049734,0.0034555802601380194,0.22562531690216792,-1.4386141305140715e-05,-0.243,0.421,0.342,1.0,0.004,0.002,-0.0,-0.21677643225251642,0.3754679016309087,0.40355313723936026
524,1784678934.2509975,-0.0007619126593317368,0.006751515505065275,0.2256572648077147,-1.2615184068317912e-05,-0.243,0.421,0.342,1.0,0.005,0.002,-0.0,-0.21677643225251642,0.3754679016309087,0.40355313723936026
526,1784678934.2730608,-0.0013309220136687363,0.007176588154394846,0.225731333182931,-2.484371158002567e-05,-0.243,0.421,0.342,1.0,0.005,0.002,-0.0,-0.21677643225251642,0.3754679016309087,0.40355313723936026
526,1784678934.2918248,-0.005846888818817357,0.005192060977207588,0.22525478946049068,-2.9686239819774547e-05,-0.243,0.421,0.342,1.0,0.005,0.002,-0.0,-0.21677643225251642,0.3754679016309087,0.40355313723936026
528,1784678934.3091877,-0.02041056967280057,-0.0037870015522121657,0.2242974648332463,-4.215181536938778e-05,-0.243,0.421,0.342,1.0,0.005,0.002,-0.0,-0.21677643225251642,0.3754679016309087,0.40355313723936026
528,1784678934.327098,-0.021481396681081275,-0.0049175129688479565,0.22495283229898125,-3.370238756337871e-05,-0.243,0.421,0.342,1.0,0.005,0.002,-0.0,-0.21677643225251642,0.3754679016309087,0.40355313723936026
530,1784678934.343188,-0.006835990156888988,0.0035724974592237805,0.22572040385129122,-9.491103159509429e-06,-0.243,0.421,0.343,1.0,0.005,0.002,-0.0,-0.21677643225251642,0.3754679016309087,0.40355313723936026
530,1784678934.3645003,-0.006628637809928868,-0.004891158560227004,0.2251830751564646,-2.4532639954849914e-05,-0.243,0.42,0.343,1.0,0.005,0.003,-0.0,-0.21677643225251642,0.3754679016309087,0.40355313723936026
532,1784678934.3877387,-0.006001031638092412,-0.0041175274943634444,0.22555870077693072,-8.349381109787884e-06,-0.243,0.42,0.343,1.0,0.005,0.003,-0.0,-0.21677643225251642,0.3754679016309087,0.40355313723936026
532,1784678934.411243,-0.014502808762482576,-0.012061353049915794,0.2242740620945166,-8.214905148515952e-06,-0.242,0.42,0.343,1.0,0.005,0.003,-0.0,-0.21677643225251642,0.3754679016309087,0.40355313723936026
534,1784678934.4373217,-0.0135678801470981,-0.012176611863372096,0.22523324211684898,-4.939351017394748e-07,-0.242,0.42,0.343,1.0,0.005,0.003,-0.0,-0.21677643225251642,0.3754679016309087,0.40355313723936026
534,1784678934.465275,-0.010637774977339904,-0.010936922452060068,0.22466749489593726,3.021276955694074e-06,-0.242,0.42,0.343,1.0,0.005,0.003,-0.0,-0.21677643225251642,0.3754679016309087,0.40355313723936026
537,1784678934.4893193,-0.007228162614305048,-0.008017526066723905,0.22513713365003946,5.501719821749974e-06,-0.242,0.42,0.343,1.0,0.005,0.003,-0.0,-0.21677643225251642,0.3754679016309087,0.40355313723936026
537,1784678934.5094304,0.0013695850356618793,-0.0015949852475609077,0.22584173703291663,3.678741930831964e-06,-0.242,0.42,0.343,1.0,0.005,0.003,-0.0,-0.21677643225251642,0.3754679016309087,0.40355313723936026
539,1784678934.52927,-0.001044094256928127,-0.0025635362357736115,0.22459510940792923,-1.1195214368765028e-06,-0.242,0.42,0.343,1.0,0.005,0.003,-0.0,-0.21677643225251642,0.3754679016309087,0.40355313723936026
539,1784678934.5593858,0.004123118465691869,0.00024195556787377347,0.22613288735716844,-3.435840366973843e-06,-0.242,0.42,0.344,1.0,0.005,0.003,-0.0,-0.21677643225251642,0.3754679016309087,0.40355313723936026
542,1784678934.5842652,0.006165493651021986,0.001454401491567378,0.22542847534923482,-6.825584544037245e-06,-0.242,0.42,0.344,1.0,0.005,0.003,-0.0,-0.21677643225251642,0.3754679016309087,0.40355313723936026
542,1784678934.6074123,0.015647437245221184,0.01263596279236175,0.2257457455626466,-1.0964662041698605e-05,-0.242,0.42,0.344,1.0,0.004,0.002,-0.0,-0.21677643225251642,0.3754679016309087,0.40355313723936026
544,1784678934.6269565,0.016614566518090675,0.014195176548164169,0.2255010672678116,-2.4310599102369862e-05,-0.242,0.42,0.344,1.0,0.004,0.002,-0.0,-0.21677643225251642,0.3754679016309087,0.40355313723936026
544,1784678934.648661,0.016769781682936153,0.014363940187719472,0.2257530301884667,-2.7053382105973856e-05,-0.242,0.42,0.344,1.0,0.004,0.002,-0.0,-0.21677643225251642,0.3754679016309087,0.40355313723936026
546,1784678934.6772568,0.017313439894391366,0.014028557687231935,0.22583652500926596,-2.6494587204205952e-05,-0.242,0.42,0.344,1.0,0.004,0.002,-0.0,-0.21677643225251642,0.3754679016309087,0.40355313723936026
546,1784678934.7025137,0.010322592537195042,0.012336822605337274,0.22510327173776049,-3.178904543554284e-05,-0.242,0.42,0.344,1.0,0.004,0.002,-0.0,-0.21677643225251642,0.3754679016309087,0.40355313723936026
549,1784678934.7320468,0.014861870289980874,0.012544035718575009,0.22628152732197765,-2.732064122452877e-05,-0.242,0.42,0.344,1.0,0.004,0.002,-0.0,-0.21677643225251642,0.3754679016309087,0.40355313723936026
549,1784678934.773496,0.013108209542948519,0.011825342664498209,0.2254797094438961,-2.570345051676475e-05,-0.242,0.419,0.344,1.0,0.004,0.002,-0.0,-0.21677643225251642,0.3754679016309087,0.40355313723936026
552,1784678934.797815,0.009168632871041875,0.009234931588873802,0.22593917986528111,-2.6760794719981796e-05,-0.242,0.419,0.344,1.0,0.004,0.002,-0.0,-0.21677643225251642,0.3754679016309087,0.40355313723936026
552,1784678934.828178,0.00875757633855192,0.007749096130325326,0.22563275915913844,-2.2122334197502475e-05,-0.242,0.419,0.344,1.0,0.004,0.002,-0.0,-0.21677643225251642,0.3754679016309087,0.40355313723936026
555,1784678934.8517616,-0.001147113723349075,-0.0028033932371585024,0.22592044678318182,-1.9906210418196778e-05,-0.242,0.419,0.344,1.0,0.005,0.003,-0.0,-0.21677643225251642,0.3754679016309087,0.40355313723936026
555,1784678934.8759937,-0.002708020249473494,-0.004455718341790869,0.22574770154557766,-9.481551196588893e-06,-0.242,0.419,0.344,1.0,0.005,0.003,-0.0,-0.21677643225251642,0.3754679016309087,0.40355313723936026
558,1784678934.8999865,0.001907224004953299,-0.0006509602943910245,0.22603900620318507,-7.218737801324854e-06,-0.242,0.419,0.344,1.0,0.005,0.003,-0.0,-0.21677643225251642,0.3754679016309087,0.40355313723936026
558,1784678934.9333766,-0.011222707978465217,-0.009096889943114726,0.22531685371103868,-1.0695692817430707e-05,-0.242,0.419,0.344,1.0,0.005,0.003,-0.0,-0.21677643225251642,0.3754679016309087,0.40355313723936026
560,1784678934.954595,-0.009837562801764257,-0.008002002675977778,0.22590778213406673,-5.051023242222411e-06,-0.242,0.419,0.344,1.0,0.005,0.003,-0.0,-0.21677643225251642,0.3754679016309087,0.40355313723936026
560,1784678934.9781349,0.0018477138953187401,-0.00025879370176299515,0.22577795137929804,-2.7070535223955987e-06,-0.242,0.419,0.345,1.0,0.005,0.003,-0.0,-0.21677643225251642,0.3754679016309087,0.40355313723936026
563,1784678935.0008676,0.0014811973484646114,0.0006004008684416693,0.22584920135328215,-8.549778232938532e-06,-0.242,0.419,0.345,1.0,0.005,0.003,-0.0,-0.21677643225251642,0.3754679016309087,0.40355313723936026
563,1784678935.022029,0.001625208639372832,0.0007911576197155339,0.2257198757565352,-1.2775028552017794e-05,-0.242,0.419,0.345,1.0,0.005,0.003,-0.0,-0.21677643225251642,0.3754679016309087,0.40355313723936026
565,1784678935.0434654,0.0024141933830799135,0.0016175034113600469,0.22580803079736753,-1.3766459672046156e-05,-0.242,0.419,0.345,1.0,0.005,0.003,-0.0,-0.21677643225251642,0.3754679016309087,0.40355313723936026
565,1784678935.06315,0.0029152508714582227,0.002130093226474274,0.2257471855911551,-1.5307575341582984e-05,-0.242,0.419,0.345,1.0,0.005,0.003,-0.0,-0.21677643225251642,0.3754679016309087,0.40355313723936026
567,1784678935.0823205,0.003357058880407944,0.0025898020734837534,0.22587200811287725,-1.6401694988557217e-05,-0.242,0.419,0.345,1.0,0.005,0.003,-0.0,-0.21677643225251642,0.3754679016309087,0.40355313723936026
567,1784678935.1103504,0.003817251706994422,0.002652525910623176,0.22578695789605469,-1.7400841830176676e-05,-0.242,0.419,0.345,1.0,0.005,0.003,-0.0,-0.21677643225251642,0.3754679016309087,0.40355313723936026
569,1784678935.1298182,0.0038658850610525913,0.003062236477909478,0.22584434197757777,-1.7055527978200438e-05,-0.242,0.419,0.345,1.0,0.005,0.003,-0.0,-0.21677643225251642,0.3754679016309087,0.40355313723936026
569,1784678935.158239,0.0038785994433330716,0.003116322383081631,0.22580522963739974,-1.835651915279572e-05,-0.242,0.419,0.345,1.0,0.005,0.003,-0.0,-0.21677643225251642,0.3754679016309087,0.40355313723936026
572,1784678935.1823459,0.002251722952633251,0.002729089344775326,0.22566202350300127,-1.9245813946742485e-05,-0.242,0.419,0.345,1.0,0.005,0.003,-0.0,-0.21677643225251642,0.3754679016309087,0.40355313723936026
572,1784678935.2150092,0.004884580060062564,0.002654815033696258,0.22601558138672753,-1.8492952085718765e-05,-0.242,0.419,0.345,1.0,0.005,0.003,-0.0,-0.21677643225251642,0.3754679016309087,0.40355313723936026
574,1784678935.2358356,0.0015965158310460095,0.0018694169022238092,0.22551870165665303,-1.69281979177149e-05,-0.242,0.419,0.345,1.0,0.005,0.003,-0.0,-0.21677643225251642,0.3754679016309087,0.40355313723936026
575,1784678935.2574081,0.004400386771168753,0.0017345935923750938,0.22603006469630083,-1.7615947954232922e-05,-0.242,0.419,0.345,1.0,0.005,0.003,-0.0,-0.21677643225251642,0.3754679016309087,0.40355313723936026
577,1784678935.2807055,0.0048100262547148,0.002143434750927168,0.22576508934274866,-1.4314589915362763e-05,-0.242,0.419,0.345,1.0,0.005,0.003,-0.0,-0.21677643225251642,0.3754679016309087,0.40355313723936026
577,1784678935.2974308,0.00524061205944636,0.0021747663284301865,0.22594486450157156,-1.5844440535934507e-05,-0.242,0.419,0.345,1.0,0.005,0.003,-0.0,-0.21677643225251642,0.3754679016309087,0.40355313723936026
579,1784678935.3195796,0.0045157818148670505,0.0013786287286884713,0.22582206464814555,-1.5724136683306428e-05,-0.242,0.419,0.345,1.0,0.005,0.003,-0.0,-0.21677643225251642,0.3754679016309087,0.40355313723936026
579,1784678935.3376336,0.0044161616753730214,0.001274341516027966,0.22590674865084873,-1.4925980474942759e-05,-0.242,0.419,0.345,1.0,0.005,0.003,-0.0,-0.21677643225251642,0.3754679016309087,0.40355313723936026
581,1784678935.3581104,0.004807682474715287,0.0016702857190285273,0.22584951592139407,-1.4816106146785457e-05,-0.242,0.419,0.345,1.0,0.005,0.003,-0.0,-0.21677643225251642,0.3754679016309087,0.40355313723936026
581,1784678935.3848312,0.004452606755278728,0.001310300008864754,0.225887294198605,-1.5261688158766487e-05,-0.242,0.419,0.345,1.0,0.005,0.003,-0.0,-0.21677643225251642,0.3754679016309087,0.40355313723936026
583,1784678935.4128075,0.004414413306281933,0.0016742538611488776,0.22586257568398638,-1.4876964443685348e-05,-0.242,0.419,0.345,1.0,0.005,0.003,-0.0,-0.21677643225251642,0.3754679016309087,0.40355313723936026
583,1784678935.4383237,0.0011805177621661816,0.000508089466692045,0.22579219046661622,-1.6313195254049966e-05,-0.242,0.419,0.345,1.0,0.005,0.003,-0.0,-0.21677643225251642,0.3754679016309087,0.40355313723936026
586,1784678935.4576795,0.0003832377215731708,0.0007703148997662756,0.225843189104937,-1.697984600567013e-05,-0.242,0.419,0.345,1.0,0.005,0.003,-0.0,-0.21677643225251642,0.3754679016309087,0.40355313723936026
587,1784678935.4791553,0.00028791740764368655,0.0008041038111454924,0.22580840557386447,-1.8417152646253883e-05,-0.242,0.419,0.345,1.0,0.005,0.003,-0.0,-0.21677643225251642,0.3754679016309087,0.40355313723936026
587,1784678935.498003,0.000272954509660037,0.000806903280994504,0.2258319205142597,-1.8519126293190153e-05,-0.242,0.419,0.345,1.0,0.005,0.003,-0.0,-0.21677643225251642,0.3754679016309087,0.40355313723936026
589,1784678935.519175,0.0034699649184142985,0.0016087789142943806,0.22590284859649365,-1.8122779747263096e-05,-0.242,0.419,0.345,1.0,0.005,0.003,-0.0,-0.21677643225251642,0.3754679016309087,0.40355313723936026
589,1784678935.5442617,0.0014513510744841168,0.0013121571782577996,0.22576528481034333,-1.6801278242821663e-05,-0.242,0.419,0.345,1.0,0.005,0.003,-0.0,-0.21677643225251642,0.3754679016309087,0.40355313723936026
591,1784678935.5743506,0.0015970012853221034,0.0012719153580867055,0.2258610635187062,-1.869811682217989e-05,-0.242,0.419,0.345,1.0,0.005,0.003,-0.0,-0.21677643225251642,0.3754679016309087,0.40355313723936026
591,1784678935.590683,0.004430316977050829,0.0020737086275497045,0.22588209410773893,-1.7459478619953044e-05,-0.242,0.419,0.345,1.0,0.005,0.003,-0.0,-0.21677643225251642,0.3754679016309087,0.40355313723936026
593,1784678935.6075742,0.004399100212257003,0.002172712548687267,0.22586487601519178,-1.6225876460850292e-05,-0.242,0.419,0.345,1.0,0.005,0.003,-0.0,-0.21677643225251642,0.3754679016309087,0.40355313723936026
593,1784678935.6259263,0.004803167289400365,0.002185079960687521,0.22587751167005604,-1.737507746307073e-05,-0.242,0.419,0.345,1.0,0.005,0.003,-0.0,-0.21677643225251642,0.3754679016309087,0.40355313723936026
595,1784678935.644038,0.0028171804986883275,0.0013833823537254828,0.22578235655996048,-1.7472535340940954e-05,-0.242,0.419,0.345,1.0,0.005,0.003,-0.0,-0.21677643225251642,0.3754679016309087,0.40355313723936026
595,1784678935.6622896,0.004580621611171376,0.0020832642185704296,0.22593494466900058,-1.670130246411757e-05,-0.242,0.419,0.345,1.0,0.005,0.003,-0.0,-0.21677643225251642,0.3754679016309087,0.40355313723936026
597,1784678935.6910493,0.0027880995756052115,0.0013722148706606279,0.22574323975217828,-1.6748481042228606e-05,-0.242,0.419,0.345,1.0,0.005,0.003,-0.0,-0.21677643225251642,0.3754679016309087,0.40355313723936026
597,1784678935.7171743,0.0045739693766753235,0.002079516740169763,0.22596144471252405,-1.624535569049251e-05,-0.242,0.419,0.345,1.0,0.005,0.003,-0.0,-0.21677643225251642,0.3754679016309087,0.40355313723936026
600,1784678935.7411745,0.001993507181663077,0.0013732418891453059,0.22572493578758812,-1.6454861777731314e-05,-0.242,0.419,0.345,1.0,0.005,0.003,-0.0,-0.21677643225251642,0.3754679016309087,0.40355313723936026
600,1784678935.7722535,0.00407328845360558,0.0016737420124472773,0.22597446557233236,-1.759508902711644e-05,-0.242,0.419,0.345,1.0,0.005,0.003,-0.0,-0.21677643225251642,0.3754679016309087,0.40355313723936026
602,1784678935.7918334,0.006399762712998471,0.0021213494696508484,0.22588894248768937,-1.5566322559919e-05,-0.242,0.419,0.345,1.0,0.005,0.003,-0.0,-0.21677643225251642,0.3754679016309087,0.40355313723936026
603,1784678935.8076382,0.006300583812008159,0.0021701891801561455,0.22594535753832345,-1.5047500502952493e-05,-0.242,0.419,0.345,1.0,0.005,0.003,-0.0,-0.21677643225251642,0.3754679016309087,0.40355313723936026
603,1784678935.824217,0.004264973654138143,0.001781870408917893,0.22582185529674917,-1.688081075138991e-05,-0.242,0.419,0.345,1.0,0.005,0.003,-0.0,-0.21677643225251642,0.3754679016309087,0.40355313723936026
605,1784678935.8477664,0.006016793541250625,0.002125870262474977,0.2259931827175274,-1.803809720431315e-05,-0.242,0.419,0.345,1.0,0.005,0.003,-0.0,-0.21677643225251642,0.3754679016309087,0.40355313723936026
605,1784678935.8743992,0.00422394775523555,0.0017784676581507211,0.22578920994126958,-1.7437629277473126e-05,-0.242,0.419,0.345,1.0,0.005,0.003,-0.0,-0.21677643225251642,0.3754679016309087,0.40355313723936026
607,1784678935.8968694,0.006404881718671623,0.0021232213449157216,0.22601546800483976,-1.829749036859311e-05,-0.242,0.419,0.345,1.0,0.005,0.003,-0.0,-0.21677643225251642,0.3754679016309087,0.40355313723936026
609,1784678935.933351,0.0059133413240227885,0.0021781988018132097,0.22585946412715885,-1.6530718808904525e-05,-0.242,0.419,0.345,1.0,0.005,0.003,-0.0,-0.21677643225251642,0.3754679016309087,0.40355313723936026
609,1784678935.9547992,-0.0050975561701976455,0.0017710432886454486,0.2259598178720267,-1.5291852031048237e-05,-0.242,0.419,0.345,1.0,0.006,0.003,-0.0,-0.21677643225251642,0.3754679016309087,0.40355313723936026
612,1784678935.9798665,-0.006320949278654885,0.0017336408021217482,0.22582308165360407,-2.638758028237301e-05,-0.242,0.419,0.345,1.0,0.006,0.003,-0.0,-0.21677643225251642,0.3754679016309087,0.40355313723936026
612,1784678935.998071,-0.006804608082414981,0.0017221857764738004,0.22591450785801406,-2.5558260073239476e-05,-0.242,0.419,0.345,1.0,0.006,0.003,-0.0,-0.21677643225251642,0.3754679016309087,0.40355313723936026
614,1784678936.0222235,-0.004079203555287049,0.002124524595271268,0.225940052633603,-2.4155954983953124e-05,-0.242,0.419,0.345,1.0,0.006,0.003,-0.0,-0.21677643225251642,0.3754679016309087,0.40355313723936026
614,1784678936.0429764,-0.007752579742553417,0.0009624642094663753,0.22583206053386198,-2.3062550137551068e-05,-0.242,0.419,0.345,1.0,0.006,0.003,-0.0,-0.21677643225251642,0.3754679016309087,0.40355313723936026
616,1784678936.0651703,-0.0045817117564611355,0.0016191293944300906,0.22599776250311013,-2.341330479685888e-05,-0.242,0.419,0.345,1.0,0.006,0.003,-0.0,-0.21677643225251642,0.3754679016309087,0.40355313723936026
616,1784678936.0873842,-0.005073529536931177,0.0017146807358869717,0.22579545263713646,-2.1306620427954677e-05,-0.242,0.419,0.345,1.0,0.006,0.003,-0.0,-0.21677643225251642,0.3754679016309087,0.40355313723936026
618,1784678936.1116028,-0.0035159833717773818,0.0017110533498606159,0.22601926015927193,-2.063400287361952e-05,-0.242,0.419,0.345,1.0,0.006,0.003,-0.0,-0.21677643225251642,0.3754679016309087,0.40355313723936026
618,1784678936.1318967,-0.003777577285386238,0.0017292036643863648,0.2257810727377752,-1.924698014763845e-05,-0.242,0.419,0.345,1.0,0.006,0.003,-0.0,-0.21677643225251642,0.3754679016309087,0.40355313723936026
620,1784678936.1532464,-0.002590547746837698,0.00212437159449166,0.22594449625094432,-1.759296719931e-05,-0.242,0.419,0.345,1.0,0.006,0.003,-0.0,-0.21677643225251642,0.3754679016309087,0.40355313723936026
620,1784678936.1716344,-0.0032912650869583674,0.0017771113084673268,0.22583094396625897,-1.8296779328145764e-05,-0.242,0.419,0.345,1.0,0.006,0.003,-0.0,-0.21677643225251642,0.3754679016309087,0.40355313723936026
622,1784678936.1923158,-0.0021445714303309285,0.0021340317130728636,0.22591059311005363,-1.6509985537436074e-05,-0.242,0.419,0.345,1.0,0.006,0.003,-0.0,-0.21677643225251642,0.3754679016309087,0.40355313723936026
622,1784678936.210567,-0.0021252060455129503,0.0009714426082406804,0.22576879846007408,-1.8024703928806594e-05,-0.242,0.419,0.345,1.0,0.006,0.003,-0.0,-0.21677643225251642,0.3754679016309087,0.40355313723936026
624,1784678936.2519193,-0.0028871296533740463,0.0016266198531869778,0.2259491003422402,-1.0385797748564988e-05,-0.242,0.419,0.345,1.0,0.006,0.003,-0.0,-0.21677643225251642,0.3754679016309087,0.40355313723936026
626,1784678936.2721994,-0.0033310538934282867,0.0021211100129889084,0.22582792421995246,-1.2789710178770774e-05,-0.242,0.419,0.345,1.0,0.006,0.003,-0.0,-0.21677643225251642,0.3754679016309087,0.40355313723936026
626,1784678936.2972977,0.006533859554558957,0.0021628359133037183,0.22600221311401164,-1.7282704624171464e-05,-0.242,0.419,0.345,1.0,0.005,0.003,-0.0,-0.21677643225251642,0.3754679016309087,0.40355313723936026
629,1784678936.3208585,0.006984045303709684,0.0021898766255780246,0.22578175368582606,-9.142325187501799e-06,-0.242,0.419,0.345,1.0,0.005,0.003,-0.0,-0.21677643225251642,0.3754679016309087,0.40355313723936026
629,1784678936.3402865,0.007114623004917636,0.0021820278082118815,0.22593230029246308,-1.0524353933008475e-05,-0.242,0.419,0.345,1.0,0.005,0.003,-0.0,-0.21677643225251642,0.3754679016309087,0.40355313723936026
631,1784678936.3618321,0.006741644790893455,0.002190456188483754,0.2258300961603931,-1.101917322720422e-05,-0.242,0.419,0.345,1.0,0.005,0.003,-0.0,-0.21677643225251642,0.3754679016309087,0.40355313723936026
631,1784678936.381952,0.006684799741902196,0.0017793267830346566,0.22589971202718145,-1.2091108091656e-05,-0.242,0.419,0.345,1.0,0.005,0.003,-0.0,-0.21677643225251642,0.3754679016309087,0.40355313723936026
633,1784678936.4005356,0.006239712307150572,-0.0003316050489057991,0.22576626702497515,-1.0427749840620212e-05,-0.242,0.419,0.345,1.0,0.005,0.003,-0.0,-0.21677643225251642,0.3754679016309087,0.40355313723936026
633,1784678936.4219725,0.007457847398816069,0.0018569177088443222,0.22594521348405358,-6.569952150337431e-06,-0.242,0.419,0.345,1.0,0.005,0.003,-0.0,-0.21677643225251642,0.3754679016309087,0.40355313723936026
635,1784678936.4448273,0.005998857109003875,0.0017373581193546586,0.22582114176139612,-1.1976928260742512e-05,-0.242,0.419,0.345,1.0,0.005,0.003,-0.0,-0.21677643225251642,0.3754679016309087,0.40355313723936026
635,1784678936.4644184,0.006650209823234821,0.0021280952569343566,0.2259082662855304,-1.319947028839802e-05,-0.242,0.419,0.345,1.0,0.005,0.003,-0.0,-0.21677643225251642,0.3754679016309087,0.40355313723936026
637,1784678936.4831178,0.005099243259579927,0.0005130785092771996,0.2258457620414976,-1.3771620466613968e-05,-0.242,0.419,0.345,1.0,0.005,0.003,-0.0,-0.21677643225251642,0.3754679016309087,0.40355313723936026
637,1784678936.4993708,0.0044930144947041215,0.0003041227581058953,0.22588942058756298,-1.3541209517042504e-05,-0.242,0.419,0.345,1.0,0.005,0.003,-0.0,-0.21677643225251642,0.3754679016309087,0.40355313723936026
639,1784678936.5173948,0.004419077039602707,0.00027952114206552126,0.22586002555729667,-1.4897408614615647e-05,-0.242,0.419,0.345,1.0,0.005,0.003,-0.0,-0.21677643225251642,0.3754679016309087,0.40355313723936026
640,1784678936.5379822,0.005656131374323714,0.0019379280449916122,0.22588281992704703,-1.6360250306571415e-05,-0.242,0.419,0.345,1.0,0.005,0.003,-0.0,-0.21677643225251642,0.3754679016309087,0.40355313723936026
641,1784678936.559122,0.0022078050531761477,-0.0003150404189900856,0.22569454377216355,-1.7787392643608806e-05,-0.242,0.419,0.345,1.0,0.005,0.003,-0.0,-0.21677643225251642,0.3754679016309087,0.40355313723936026
641,1784678936.5793774,0.0057327011207217,0.001847172757894277,0.2260826082865276,-1.9119555495348733e-05,-0.242,0.419,0.345,1.0,0.005,0.003,-0.0,-0.21677643225251642,0.3754679016309087,0.40355313723936026
643,1784678936.6002188,0.0018133397035142614,-0.010638272035660454,0.225554590351373,-1.942365949807383e-05,-0.242,0.419,0.345,1.0,0.005,0.004,-0.0,-0.21677643225251642,0.3754679016309087,0.40355313723936026
643,1784678936.620205,-0.009432436131795915,-0.011984737079038023,0.22591598828702478,1.3132188431881127e-05,-0.242,0.418,0.345,1.0,0.006,0.004,-0.0,-0.21677643225251642,0.3754679016309087,0.40355313723936026
645,1784678936.6434438,-0.011029865360874747,-0.01160072985997386,0.22568414452973062,-2.4961228681274302e-06,-0.242,0.418,0.345,1.0,0.006,0.004,-0.0,-0.21677643225251642,0.3754679016309087,0.40355313723936026
645,1784678936.6628664,-0.008857089808433806,-0.009955879846069875,0.22601162846282902,-1.0450685006714385e-05,-0.242,0.418,0.345,1.0,0.006,0.004,-0.0,-0.21677643225251642,0.3754679016309087,0.40355313723936026
647,1784678936.6816313,-0.008638716915237937,-0.00939059368924747,0.2257864542596362,-1.1558914111651369e-05,-0.242,0.418,0.345,1.0,0.006,0.004,-0.0,-0.21677643225251642,0.3754679016309087,0.40355313723936026
647,1784678936.7033968,-0.007005973075867153,-0.008940809899387246,0.22594178376058305,-1.4279424550123816e-05,-0.242,0.418,0.345,1.0,0.006,0.004,-0.0,-0.21677643225251642,0.3754679016309087,0.40355313723936026
649,1784678936.734871,-0.006439630284608222,-0.008495080876953075,0.22583578438042493,-1.4601114318973588e-05,-0.242,0.418,0.345,1.0,0.006,0.004,-0.0,-0.21677643225251642,0.3754679016309087,0.40355313723936026
649,1784678936.7608526,-0.00599636508801156,-0.008056978864186,0.22590755522162745,-1.585633575088358e-05,-0.242,0.418,0.345,1.0,0.006,0.004,-0.0,-0.21677643225251642,0.3754679016309087,0.40355313723936026
652,1784678936.7903156,-0.006780351936599699,0.0023656282838291926,0.2257770783924741,-3.760347094618929e-06,-0.242,0.418,0.345,1.0,0.006,0.003,-0.0,-0.21677643225251642,0.3754679016309087,0.40355313723936026
652,1784678936.8065236,-0.004879279001031465,0.0028223168455787703,0.22594121600953357,-2.88531575053868e-05,-0.242,0.418,0.345,1.0,0.006,0.003,-0.0,-0.21677643225251642,0.3754679016309087,0.40355313723936026
654,1784678936.8236547,-0.004671849502153481,0.0030307547701195845,0.22583027083791696,-2.722539759534399e-05,-0.242,0.418,0.345,1.0,0.006,0.003,-0.0,-0.21677643225251642,0.3754679016309087,0.40355313723936026
654,1784678936.8395061,-0.00470361309014896,0.005861663076326001,0.2258204614764604,-2.5645214672568515e-05,-0.242,0.418,0.345,1.0,0.006,0.003,-0.0,-0.21677643225251642,0.3754679016309087,0.40355313723936026
656,1784678936.8535185,-0.004273723709643519,0.0037872906929486616,0.22590948500910618,-3.7280010502785974e-05,-0.242,0.418,0.345,1.0,0.006,0.003,-0.0,-0.21677643225251642,0.3754679016309087,0.40355313723936026
657,1784678936.8752532,-0.0038235004450834654,0.0035677250182596003,0.22585204881170068,-3.1494797830330725e-05,-0.242,0.418,0.345,1.0,0.006,0.003,-0.0,-0.21677643225251642,0.3754679016309087,0.40355313723936026
658,1784678936.944027,-0.0037809330415595685,0.003116925701342304,0.22589034841315273,-2.984484004979781e-05,-0.242,0.418,0.345,1.0,0.006,0.003,-0.0,-0.21677643225251642,0.3754679016309087,0.40355313723936026
658,1784678936.964101,-0.003772020641538528,0.0022488228733001407,0.22586447218993566,-2.8478140594880624e-05,-0.242,0.418,0.345,1.0,0.006,0.003,-0.0,-0.21677643225251642,0.3754679016309087,0.40355313723936026
662,1784678936.9878545,0.0064873445122447075,0.0025405460492707492,0.2258896561687311,-2.7670402244911602e-05,-0.242,0.418,0.345,1.0,0.005,0.003,-0.0,-0.21677643225251642,0.3754679016309087,0.40355313723936026
662,1784678937.0171857,0.006616768479925424,0.0017788495092671526,0.22569445897360918,-1.5983929269821465e-05,-0.242,0.418,0.346,1.0,0.005,0.003,-0.0,-0.21677643225251642,0.3754679016309087,0.40355313723936026
665,1784678937.040936,0.007943267332369882,0.0012753214844060433,0.22583017462682428,-1.5453687251991938e-05,-0.242,0.418,0.346,1.0,0.005,0.003,-0.0,-0.21677643225251642,0.3754679016309087,0.40355313723936026
665,1784678937.0620341,0.008889990897115806,-0.0016923325402498982,0.2255662118381717,-9.903139734785835e-06,-0.242,0.418,0.346,1.0,0.005,0.003,-0.0,-0.21677643225251642,0.3754679016309087,0.40355313723936026
667,1784678937.086996,0.0070068619382158415,0.0004284636606107176,0.22591463679062918,-4.503369305735682e-06,-0.242,0.418,0.346,1.0,0.005,0.003,-0.0,-0.21677643225251642,0.3754679016309087,0.40355313723936026
667,1784678937.104073,0.00642807174857463,0.000707150803679701,0.22568062098377284,-1.1499100390558201e-05,-0.242,0.418,0.346,1.0,0.005,0.003,-0.0,-0.21677643225251642,0.3754679016309087,0.40355313723936026
669,1784678937.119708,0.0054728500827646975,-0.002991744547179244,0.22575172579962177,-1.0765029782088413e-05,-0.242,0.418,0.346,1.0,0.005,0.003,-0.0,-0.21677643225251642,0.3754679016309087,0.40355313723936026
669,1784678937.136441,0.005394604323781029,-0.00012797525522115737,0.22579232804195726,-6.851789378097051e-06,-0.242,0.418,0.346,1.0,0.005,0.003,-0.0,-0.21677643225251642,0.3754679016309087,0.40355313723936026
671,1784678937.156529,0.004989661922414476,0.001882328597132778,0.22584910146831705,-1.395731420545572e-05,-0.242,0.418,0.346,1.0,0.005,0.003,-0.0,-0.21677643225251642,0.3754679016309087,0.40355313723936026
672,1784678937.177522,0.003374862790689567,-0.002438903661066444,0.22563890887210153,-1.4664816523989058e-05,-0.242,0.418,0.346,1.0,0.005,0.003,-0.0,-0.21677643225251642,0.3754679016309087,0.40355313723936026
673,1784678937.1994886,0.003944343937475224,0.00033250092310243597,0.22587115115764336,-1.317833537900845e-05,-0.242,0.418,0.346,1.0,0.005,0.003,-0.0,-0.21677643225251642,0.3754679016309087,0.40355313723936026
673,1784678937.2191858,0.004032630426353809,0.000688709291511702,0.22571125304294498,-1.8245454858495533e-05,-0.242,0.418,0.346,1.0,0.005,0.003,-0.0,-0.21677643225251642,0.3754679016309087,0.40355313723936026
675,1784678937.2400646,0.004414974195220732,0.0011341610117622915,0.22590404014708867,-1.8659880767615703e-05,-0.242,0.418,0.346,1.0,0.005,0.003,-0.0,-0.21677643225251642,0.3754679016309087,0.40355313723936026
675,1784678937.2603183,0.0032964429709875145,0.0007991809952054502,0.22568817894175563,-1.9021077353124272e-05,-0.242,0.418,0.346,1.0,0.005,0.003,-0.0,-0.21677643225251642,0.3754679016309087,0.40355313723936026
677,1784678937.2809367,0.001165238886795511,-0.0017716519200471183,0.22583306429781227,-1.8187352098604322e-05,-0.242,0.418,0.346,1.0,0.005,0.003,-0.0,-0.21677643225251642,0.3754679016309087,0.40355313723936026
677,1784678937.3100922,0.003269506522774513,0.0008209908330070017,0.22582472859526523,-2.134721543080088e-05,-0.242,0.418,0.346,1.0,0.005,0.003,-0.0,-0.21677643225251642,0.3754679016309087,0.40355313723936026
679,1784678937.3368134,-0.006130660787947427,0.0011511279518167479,0.22573774792798407,-1.9539814885741273e-05,-0.242,0.418,0.346,1.0,0.006,0.003,-0.0,-0.21677643225251642,0.3754679016309087,0.40355313723936026
679,1784678937.3647776,-0.007836752009797122,-0.0013230045368148634,0.22581022652964827,-3.108144983075925e-05,-0.242,0.418,0.346,1.0,0.006,0.003,-0.0,-0.21677643225251642,0.3754679016309087,0.40355313723936026
682,1784678937.405483,-0.007572111986361365,-0.0016277447747200463,0.2257627397980967,-3.014924638845515e-05,-0.242,0.418,0.346,1.0,0.006,0.003,-0.0,-0.21677643225251642,0.3754679016309087,0.40355313723936026
682,1784678937.435491,-0.006475944680066263,0.0008416630577832316,0.22587957706945205,-2.967581881218687e-05,-0.242,0.418,0.346,1.0,0.006,0.003,-0.0,-0.21677643225251642,0.3754679016309087,0.40355313723936026
686,1784678937.4667478,-0.005599609847259681,0.001150247824514515,0.22579816373580797,-2.9893645446143804e-05,-0.242,0.418,0.346,1.0,0.006,0.003,-0.0,-0.21677643225251642,0.3754679016309087,0.40355313723936026
686,1784678937.4810963,-0.0034922510054790704,-0.001322547356335457,0.22576942159548152,-2.7579719404085133e-05,-0.242,0.418,0.346,1.0,0.006,0.003,-0.0,-0.21677643225251642,0.3754679016309087,0.40355313723936026
688,1784678937.4974432,-0.004514601736544445,0.0008746061488305234,0.2258720678716037,-2.0712245075787474e-05,-0.242,0.418,0.346,1.0,0.006,0.003,-0.0,-0.21677643225251642,0.3754679016309087,0.40355313723936026
689,1784678937.5140486,-0.0014233399281442533,-0.0013623575691524793,0.22571987445545877,-2.4752380101135323e-05,-0.242,0.418,0.346,1.0,0.006,0.003,-0.0,-0.21677643225251642,0.3754679016309087,0.40355313723936026
690,1784678937.5357633,-0.0031398585699084127,0.0008686942962764935,0.2259043177975526,-1.6717999486453467e-05,-0.242,0.418,0.346,1.0,0.006,0.003,-0.0,-0.21677643225251642,0.3754679016309087,0.40355313723936026
691,1784678937.55506,-0.0036887766818582083,0.0011565307564633722,0.22577996137903586,-2.1133090060311326e-05,-0.242,0.418,0.346,1.0,0.006,0.003,-0.0,-0.21677643225251642,0.3754679016309087,0.40355313723936026
692,1784678937.575402,-0.0029789459260291546,0.0011937441133793147,0.22586514600120386,-2.0908264725650188e-05,-0.242,0.418,0.346,1.0,0.006,0.003,-0.0,-0.21677643225251642,0.3754679016309087,0.40355313723936026
693,1784678937.597353,-0.0016615973933135544,0.001203125087011708,0.2258085742424199,-1.850580813633538e-05,-0.242,0.418,0.346,1.0,0.006,0.003,-0.0,-0.21677643225251642,0.3754679016309087,0.40355313723936026
694,1784678937.6167817,-0.003538354326061026,0.0012010858360223444,0.22584394532257038,-1.7503644356964797e-05,-0.242,0.418,0.346,1.0,0.006,0.003,-0.0,-0.21677643225251642,0.3754679016309087,0.40355313723936026
695,1784678937.6377392,0.007348478868360316,0.0011957372610390555,0.2258303690611966,-2.2428651720565036e-05,-0.242,0.418,0.346,1.0,0.005,0.003,-0.0,-0.21677643225251642,0.3754679016309087,0.40355313723936026
696,1784678937.6611154,0.007118754819086215,0.0012012258950253318,0.2258192947385732,-1.0925033678912708e-05,-0.242,0.418,0.346,1.0,0.005,0.003,-0.0,-0.21677643225251642,0.3754679016309087,0.40355313723936026
696,1784678937.6842215,0.008863420657814888,0.0012005699741392522,0.22583072053856337,-1.2299502028134777e-05,-0.242,0.418,0.346,1.0,0.005,0.003,-0.0,-0.21677643225251642,0.3754679016309087,0.40355313723936026
698,1784678937.7039335,0.009096107158461987,0.0012018427413186244,0.22582198730901148,-1.11247878225699e-05,-0.242,0.418,0.346,1.0,0.005,0.003,-0.0,-0.21677643225251642,0.3754679016309087,0.40355313723936026
698,1784678937.7206066,0.008739198071567858,-0.0004649455894122764,0.2258267440825378,-9.986324770769811e-06,-0.242,0.418,0.346,1.0,0.005,0.003,-0.0,-0.21677643225251642,0.3754679016309087,0.40355313723936026
700,1784678937.73986,0.008696779540269277,-0.0006728483350647322,0.22582448713281764,-8.89175582602468e-06,-0.242,0.418,0.346,1.0,0.005,0.003,-0.0,-0.21677643225251642,0.3754679016309087,0.40355313723936026
700,1784678937.7612634,0.009463880360735566,-0.002269342244241977,0.22582666072090793,-4.494827548320852e-06,-0.241,0.419,0.346,1.0,0.005,0.003,-0.0,-0.21677643225251642,0.3754679016309087,0.40355313723936026
702,1784678937.780459,0.009206094368496528,-0.0041199933376283825,0.22574059643136385,-3.2539106394866984e-06,-0.241,0.419,0.346,1.0,0.005,0.003,-0.0,-0.21677643225251642,0.3754679016309087,0.40355313723936026
702,1784678937.7997627,0.007107921338044356,-0.0010372019479652737,0.22588439317901113,-7.169957117585437e-06,-0.241,0.419,0.346,1.0,0.005,0.003,-0.0,-0.21677643225251642,0.3754679016309087,0.40355313723936026
704,1784678937.8192775,0.006838434840762606,-0.0006720799930814841,0.2257869755191023,-1.6736390172614768e-05,-0.241,0.419,0.346,1.0,0.005,0.003,-0.0,-0.21677643225251642,0.3754679016309087,0.40355313723936026
704,1784678937.8393247,0.007234204510111173,-0.002282738102466532,0.22585314010707577,-1.6122760548808477e-05,-0.241,0.419,0.346,1.0,0.005,0.003,-0.0,-0.21677643225251642,0.3754679016309087,0.40355313723936026
706,1784678937.8590953,0.004925305289695293,-0.00331477769619399,0.22572341610130997,-1.2281430979195652e-05,-0.241,0.419,0.346,1.0,0.005,0.003,-0.0,-0.21677643225251642,0.3754679016309087,0.40355313723936026
706,1784678937.8765118,0.0038479908290925645,-0.003442726051640199,0.22581366543782994,-1.7361151769190387e-05,-0.241,0.419,0.346,1.0,0.005,0.003,-0.0,-0.21677643225251642,0.3754679016309087,0.40355313723936026
707,1784678937.8985674,0.0056223336579575185,-0.0009540256572605574,0.22583879707049262,-2.507441129518506e-05,-0.241,0.419,0.346,1.0,0.005,0.003,-0.0,-0.21677643225251642,0.3754679016309087,0.40355313723936026
709,1784678937.919059,-0.004210248671351138,-0.0015142211932230275,0.2258133696911353,-1.859227895699678e-05,-0.241,0.419,0.346,1.0,0.006,0.003,-0.0,-0.21677643225251642,0.3754679016309087,0.40355313723936026
709,1784678937.9392667,-0.007516812692584302,-0.002026332590260831,0.22584646246749068,-2.867770745295786e-05,-0.241,0.419,0.346,1.0,0.006,0.003,-0.0,-0.21677643225251642,0.3754679016309087,0.40355313723936026
711,1784678937.9584424,-0.005267315631677453,-0.0003872933916926847,0.22582712746710296,-3.705101080822748e-05,-0.241,0.419,0.346,1.0,0.006,0.003,-0.0,-0.21677643225251642,0.3754679016309087,0.40355313723936026
711,1784678937.9789987,-0.00460657678110186,-0.00018522816407921458,0.2258366579288616,-3.333809177732088e-05,-0.241,0.419,0.346,1.0,0.006,0.003,-0.0,-0.21677643225251642,0.3754679016309087,0.40355313723936026
713,1784678937.9975214,-0.005289559587146291,-0.0010101745005868462,0.22582952661277572,-3.1595636120480846e-05,-0.241,0.419,0.346,1.0,0.006,0.003,-0.0,-0.21677643225251642,0.3754679016309087,0.40355313723936026
713,1784678938.0239859,-0.0041924953546995,0.00014339643256280465,0.2258371839133847,-3.1787461613473065e-05,-0.241,0.419,0.346,1.0,0.006,0.003,-0.0,-0.21677643225251642,0.3754679016309087,0.40355313723936026
715,1784678938.0499747,-0.004541395985660173,-0.00011942830776893749,0.22582842475371187,-3.2530263039226626e-05,-0.241,0.419,0.346,1.0,0.006,0.003,-0.0,-0.21677643225251642,0.3754679016309087,0.40355313723936026
715,1784678938.067871,-0.00335256127562422,-0.00014717037639236114,0.2258365593414532,-2.9838964951959636e-05,-0.241,0.419,0.346,1.0,0.006,0.003,-0.0,-0.21677643225251642,0.3754679016309087,0.40355313723936026
717,1784678938.0850387,-0.003219587416617313,-0.0010054893579181969,0.2258295359253239,-2.77012580234005e-05,-0.241,0.419,0.346,1.0,0.006,0.003,-0.0,-0.21677643225251642,0.3754679016309087,0.40355313723936026
717,1784678938.1012933,-0.0019646872625761376,-0.0028222376953288535,0.22583467254772935,-2.6777138902469223e-05,-0.241,0.419,0.346,1.0,0.006,0.003,-0.0,-0.21677643225251642,0.3754679016309087,0.40355313723936026
719,1784678938.1171765,-0.001886164866207067,-0.0013408826292574541,0.22583120677675303,-2.7079101894538677e-05,-0.241,0.419,0.346,1.0,0.006,0.003,-0.0,-0.21677643225251642,0.3754679016309087,0.40355313723936026
720,1784678938.133174,-0.0002466061994504769,-0.0032661725482416686,0.22574914858961315,-2.830368954469187e-05,-0.241,0.419,0.346,1.0,0.006,0.003,-0.0,-0.21677643225251642,0.3754679016309087,0.40355313723936026
721,1784678938.1523802,-0.0005170602233841217,-0.003894955529531439,0.22580235292485512,-2.4563036208150022e-05,-0.241,0.419,0.346,1.0,0.006,0.003,-0.0,-0.21677643225251642,0.3754679016309087,0.40355313723936026
722,1784678938.172359,-0.0005623749144793629,-0.0018632413513396092,0.22585215812339285,-2.411772120363838e-05,-0.241,0.419,0.346,1.0,0.006,0.003,-0.0,-0.21677643225251642,0.3754679016309087,0.40355313723936026
723,1784678938.1923413,0.0006200780333158497,-0.003326062452336723,0.22573295090167841,-2.4944301140890948e-05,-0.241,0.419,0.346,1.0,0.006,0.003,-0.0,-0.21677643225251642,0.3754679016309087,0.40355313723936026
724,1784678938.214179,-0.0024774914886665274,-0.0005468945994273914,0.22589624175044734,-2.1262454632418382e-05,-0.241,0.419,0.346,1.0,0.006,0.003,-0.0,-0.21677643225251642,0.3754679016309087,0.40355313723936026
725,1784678938.2339294,-0.0007937964431274577,-0.001063316409497069,0.22578958743436794,-2.694472736204282e-05,-0.241,0.419,0.346,1.0,0.006,0.003,-0.0,-0.21677643225251642,0.3754679016309087,0.40355313723936026
726,1784678938.2537138,0.00018884418733451647,-0.002824751081774687,0.22577497253652867,-2.2959299963569244e-05,-0.241,0.419,0.346,1.0,0.006,0.003,-0.0,-0.21677643225251642,0.3754679016309087,0.40355313723936026
727,1784678938.2727606,-0.002520108001387798,-0.0004891235897996763,0.2258679379887769,-2.128551550114243e-05,-0.241,0.419,0.346,1.0,0.006,0.003,-0.0,-0.21677643225251642,0.3754679016309087,0.40355313723936026
728,1784678938.293542,-0.0011896163581753012,-0.001054796044422531,0.2258085102884865,-2.6175698515365445e-05,-0.241,0.419,0.346,1.0,0.006,0.003,-0.0,-0.21677643225251642,0.3754679016309087,0.40355313723936026
729,1784678938.313731,-0.0010402459712215567,-0.0011204270930715125,0.22584767759046845,-2.356666460405564e-05,-0.241,0.419,0.346,1.0,0.006,0.003,-0.0,-0.21677643225251642,0.3754679016309087,0.40355313723936026
730,1784678938.3332732,-0.0002174564331582137,-0.0015709420102434177,0.22573702923774702,-2.3294925719768146e-05,-0.241,0.419,0.346,1.0,0.006,0.003,-0.0,-0.21677643225251642,0.3754679016309087,0.40355313723936026
731,1784678938.3533485,-0.0009323560370231524,-0.001189356316070431,0.22589513144867393,-2.3529325532793323e-05,-0.241,0.419,0.346,1.0,0.006,0.003,-0.0,-0.21677643225251642,0.3754679016309087,0.40355313723936026
732,1784678938.3765717,-0.0026272994875150956,-0.00027981481760107254,0.22578776518917446,-2.4863557851789948e-05,-0.241,0.419,0.346,1.0,0.006,0.003,-0.0,-0.21677643225251642,0.3754679016309087,0.40355313723936026
733,1784678938.3956778,-0.002832511391283909,-0.00017076408518789266,0.22586139302057295,-2.602122292927197e-05,-0.241,0.419,0.346,1.0,0.006,0.003,-0.0,-0.21677643225251642,0.3754679016309087,0.40355313723936026
734,1784678938.4156795,-0.00043067681203928614,-0.0014507453944137333,0.2257285831963586,-2.4317907794970252e-05,-0.241,0.419,0.346,1.0,0.006,0.003,-0.0,-0.21677643225251642,0.3754679016309087,0.40355313723936026
735,1784678938.4441872,-0.0026037958851092904,-0.0003221232250743859,0.22589936814177614,-2.21053547761482e-05,-0.241,0.419,0.346,1.0,0.006,0.003,-0.0,-0.21677643225251642,0.3754679016309087,0.40355313723936026
735,1784678938.46251,-0.0011944181979901686,-0.0010266978801684815,0.22578722110352753,-2.4956937490591545e-05,-0.241,0.419,0.346,1.0,0.006,0.003,-0.0,-0.21677643225251642,0.3754679016309087,0.40355313723936026
737,1784678938.4778056,-0.0006379914509777422,-0.0019663527774029226,0.22577752385320077,-2.2452689640919496e-05,-0.241,0.419,0.346,1.0,0.006,0.003,-0.0,-0.21677643225251642,0.3754679016309087,0.40355313723936026
738,1784678938.499395,-0.0009733987861778818,-0.0016369277981139393,0.2258682354829947,-2.236146665753866e-05,-0.241,0.419,0.346,1.0,0.006,0.003,-0.0,-0.21677643225251642,0.3754679016309087,0.40355313723936026
738,1784678938.5284114,-0.0010034088022447991,-0.0015902845431792715,0.22580743209949222,-2.294216033239911e-05,-0.241,0.419,0.346,1.0,0.006,0.003,-0.0,-0.21677643225251642,0.3754679016309087,0.40355313723936026
740,1784678938.5599709,-0.0010133680571193116,-0.001586858909477587,0.22584862932048747,-2.2660116627828797e-05,-0.241,0.419,0.346,1.0,0.006,0.003,-0.0,-0.21677643225251642,0.3754679016309087,0.40355313723936026
740,1784678938.5859613,-0.0010106752425814974,-0.0015845768806240805,0.225820701524457,-2.2437358996280405e-05,-0.241,0.419,0.346,1.0,0.006,0.003,-0.0,-0.21677643225251642,0.3754679016309087,0.40355313723936026
743,1784678938.6101763,-0.0006084380261146879,-0.002433176650702194,0.22575504658652,-2.207043576411606e-05,-0.241,0.419,0.346,1.0,0.006,0.003,-0.0,-0.21677643225251642,0.3754679016309087,0.40355313723936026
743,1784678938.6368399,-0.002606577900481029,-0.0004350474500589632,0.2258824974129505,-2.119008141652356e-05,-0.241,0.419,0.346,1.0,0.006,0.003,-0.0,-0.21677643225251642,0.3754679016309087,0.40355313723936026
746,1784678938.658765,-0.0028217645727105552,-0.00018962510124711455,0.2257971425910295,-2.532982721211528e-05,-0.241,0.419,0.346,1.0,0.006,0.003,-0.0,-0.21677643225251642,0.3754679016309087,0.40355313723936026
746,1784678938.6782799,-0.0016170821351881946,-0.001012944614184861,0.22585609010725566,-2.4195246738151488e-05,-0.241,0.419,0.346,1.0,0.006,0.003,-0.0,-0.21677643225251642,0.3754679016309087,0.40355313723936026
748,1784678938.697407,-0.0006763011540189441,-0.0019612162272334343,0.22573128848269144,-2.2535469642698046e-05,-0.241,0.419,0.346,1.0,0.006,0.003,-0.0,-0.21677643225251642,0.3754679016309087,0.40355313723936026
749,1784678938.72072,-0.002617889889416941,-0.00038113109330852307,0.22589831764713955,-2.2009667126099116e-05,-0.241,0.419,0.346,1.0,0.006,0.003,-0.0,-0.21677643225251642,0.3754679016309087,0.40355313723936026
749,1784678938.740826,-0.0028212531018274763,-0.0001803444579536748,0.2257864417684941,-2.5348468529865318e-05,-0.241,0.419,0.346,1.0,0.006,0.003,-0.0,-0.21677643225251642,0.3754679016309087,0.40355313723936026
751,1784678938.7615604,-0.0024650024458231987,0.00024780563390512395,0.22586253065668163,-2.4169381337955576e-05,-0.241,0.419,0.346,1.0,0.006,0.003,-0.0,-0.21677643225251642,0.3754679016309087,0.40355313723936026
751,1784678938.7822833,-0.0011837755215678494,-0.0001030287209063006,0.22581223158636332,-2.403053263337165e-05,-0.241,0.419,0.346,1.0,0.006,0.003,-0.0,-0.21677643225251642,0.3754679016309087,0.40355313723936026
753,1784678938.8039412,-0.002670922462790685,-0.00014596953265967865,0.22584380447601465,-2.1971693737408916e-05,-0.241,0.419,0.346,1.0,0.006,0.003,-0.0,-0.21677643225251642,0.3754679016309087,0.40355313723936026
753,1784678938.8247123,-0.0012055655662661837,-0.00015035134865145489,0.2258258148655989,-2.303497733422565e-05,-0.241,0.419,0.346,1.0,0.006,0.003,-0.0,-0.21677643225251642,0.3754679016309087,0.40355313723936026
755,1784678938.8465831,-0.0002439752921995289,-0.0022599671469847593,0.22575146650251815,-2.131051427235418e-05,-0.241,0.419,0.346,1.0,0.006,0.003,-0.0,-0.21677643225251642,0.3754679016309087,0.40355313723936026
755,1784678938.8676436,-0.000934067275290773,-0.0004180771551476458,0.22588685457466237,-1.8844570332141457e-05,-0.241,0.419,0.346,1.0,0.006,0.003,-0.0,-0.21677643225251642,0.3754679016309087,0.40355313723936026
757,1784678938.8889966,0.0065033624661504676,-0.0005957327214542217,0.22579924121001452,-2.713427389073015e-05,-0.241,0.419,0.346,1.0,0.005,0.003,-0.0,-0.21677643225251642,0.3754679016309087,0.40355313723936026
757,1784678938.9096947,0.007884074915200509,-0.00020504994619514362,0.22584351941325279,-1.753161278520322e-05,-0.241,0.419,0.346,1.0,0.005,0.003,-0.0,-0.21677643225251642,0.3754679016309087,0.40355313723936026
759,1784678938.9307046,0.008114766674854156,-0.0001578327629548279,0.22581363824632192,-1.696555470329044e-05,-0.241,0.419,0.346,1.0,0.005,0.003,-0.0,-0.21677643225251642,0.3754679016309087,0.40355313723936026
759,1784678938.9528048,0.008141131377517109,-0.00015307317755342865,0.2258340384519184,-1.671137884981446e-05,-0.241,0.419,0.346,1.0,0.005,0.003,-0.0,-0.21677643225251642,0.3754679016309087,0.40355313723936026
761,1784678938.975009,0.007347368621507559,-0.0005559812539820182,0.2258197964017623,-1.6328175502096898e-05,-0.241,0.419,0.346,1.0,0.005,0.003,-0.0,-0.21677643225251642,0.3754679016309087,0.40355313723936026
762,1784678938.9976902,0.008911688057180017,-0.0027106110644381266,0.22574652802995387,-1.405728887871018e-05,-0.241,0.419,0.346,1.0,0.005,0.003,-0.0,-0.21677643225251642,0.3754679016309087,0.40355313723936026
762,1784678939.0184298,0.007048543423660845,-0.00047118579297785596,0.2258795992343767,-1.4142224809844901e-05,-0.241,0.419,0.346,1.0,0.005,0.003,-0.0,-0.21677643225251642,0.3754679016309087,0.40355313723936026
765,1784678939.0396912,0.006826054391815146,0.0006590226620929686,0.22579109454298046,-2.1748498620364144e-05,-0.241,0.419,0.346,1.0,0.005,0.003,-0.0,-0.21677643225251642,0.3754679016309087,0.40355313723936026
765,1784678939.0604053,0.0056501384601734435,-0.0013039580295544292,0.2257658629529771,-1.8808315907222406e-05,-0.241,0.419,0.346,1.0,0.005,0.003,-0.0,-0.21677643225251642,0.3754679016309087,0.40355313723936026
767,1784678939.080759,-0.003816021146435384,-0.00029610146956182,0.22586470043513646,-1.523883767523621e-05,-0.241,0.419,0.346,1.0,0.006,0.003,-0.0,-0.21677643225251642,0.3754679016309087,0.40355313723936026
767,1784678939.1021922,-0.00599836566239164,-0.0014227161245958476,0.22572658596058331,-2.7900564400773503e-05,-0.241,0.419,0.346,1.0,0.006,0.003,-0.0,-0.21677643225251642,0.3754679016309087,0.40355313723936026
769,1784678939.1206129,-0.006582217556272991,-0.0015623514903122223,0.2258216121721341,-2.999620079421633e-05,-0.241,0.419,0.346,1.0,0.006,0.003,-0.0,-0.21677643225251642,0.3754679016309087,0.40355313723936026
769,1784678939.1380763,-0.005941252472036732,-0.0007274482458654889,0.2258412127675555,-3.2218320381164444e-05,-0.241,0.419,0.346,1.0,0.006,0.003,-0.0,-0.21677643225251642,0.3754679016309087,0.40355313723936026
771,1784678939.1594017,-0.006588677160763511,-0.0014732821087425707,0.22574221708492412,-3.053470561939573e-05,-0.241,0.419,0.346,1.0,0.006,0.003,-0.0,-0.21677643225251642,0.3754679016309087,0.40355313723936026
771,1784678939.18065,-0.005562813543820679,-0.0007197799100001892,0.22589535288304055,-3.190509168834204e-05,-0.241,0.419,0.346,1.0,0.006,0.003,-0.0,-0.21677643225251642,0.3754679016309087,0.40355313723936026
773,1784678939.2036512,-0.005787245880276529,-0.0014757033431539394,0.22578942638786306,-2.9649563224888183e-05,-0.241,0.419,0.346,1.0,0.006,0.003,-0.0,-0.21677643225251642,0.3754679016309087,0.40355313723936026
773,1784678939.2264204,-0.004706090719847837,-0.0003163882164438749,0.2258631204383169,-3.0128240008273808e-05,-0.241,0.419,0.346,1.0,0.006,0.003,-0.0,-0.21677643225251642,0.3754679016309087,0.40355313723936026
775,1784678939.2525513,-0.004217523998323688,-0.00017251346951160668,0.2258108581624485,-2.9235745719762983e-05,-0.241,0.419,0.346,1.0,0.006,0.003,-0.0,-0.21677643225251642,0.3754679016309087,0.40355313723936026
775,1784678939.2771194,-0.003390597114403057,0.000700350475374905,0.22584746468108016,-2.750480230407539e-05,-0.241,0.419,0.346,1.0,0.006,0.003,-0.0,-0.21677643225251642,0.3754679016309087,0.40355313723936026
778,1784678939.2972553,-0.0008967925788080627,-0.0008965523422784193,0.22582275226087034,-2.5214895804936353e-05,-0.241,0.419,0.346,1.0,0.006,0.003,-0.0,-0.21677643225251642,0.3754679016309087,0.40355313723936026
778,1784678939.3162913,-0.0022559038652928895,-0.00024763783549276025,0.22583640900937152,-2.0874144907846265e-05,-0.241,0.419,0.346,1.0,0.006,0.003,-0.0,-0.21677643225251642,0.3754679016309087,0.40355313723936026
780,1784678939.3341663,-0.0020062258129797395,-0.00016409564961071457,0.2258284775262124,-2.2885195676901544e-05,-0.241,0.419,0.346,1.0,0.006,0.003,-0.0,-0.21677643225251642,0.3754679016309087,0.40355313723936026
780,1784678939.356321,-0.0023762752876827255,0.0007021888735592461,0.22583400133987422,-2.1782231693293738e-05,-0.241,0.419,0.346,1.0,0.006,0.003,-0.0,-0.21677643225251642,0.3754679016309087,0.40355313723936026
782,1784678939.3724291,-0.0016310341702408578,-0.00044634083645446205,0.2258301431111309,-2.222913274962124e-05,-0.241,0.419,0.346,1.0,0.006,0.003,-0.0,-0.21677643225251642,0.3754679016309087,0.40355313723936026
782,1784678939.3911092,-0.0015542862700757745,-0.0021601539703491107,0.22583010700800119,-1.6009437346790038e-05,-0.24,0.419,0.346,1.0,0.006,0.003,-0.0,-0.21677643225251642,0.3754679016309087,0.40355313723936026
783,1784678939.4106026,0.0008700365231481197,-0.0019740079689574115,0.225833395567773,-1.4108392936658245e-05,-0.24,0.419,0.346,1.0,0.006,0.003,-0.0,-0.21677643225251642,0.3754679016309087,0.40355313723936026
783,1784678939.4306917,-0.002060205611324927,-0.0010982850308661968,0.22582675158183255,-1.3133695410080414e-05,-0.24,0.419,0.346,1.0,0.006,0.003,-0.0,-0.21677643225251642,0.3754679016309087,0.40355313723936026
785,1784678939.4477692,-0.0015967835106938614,-0.002250159310383795,0.22583357787545466,-1.811587467405621e-05,-0.24,0.419,0.346,1.0,0.006,0.003,-0.0,-0.21677643225251642,0.3754679016309087,0.40355313723936026
785,1784678939.4643764,-0.0015502719651230776,-0.0023855498456070963,0.22582803062332407,-1.5376283418303288e-05,-0.24,0.419,0.346,1.0,0.006,0.003,-0.0,-0.21677643225251642,0.3754679016309087,0.40355313723936026
787,1784678939.4793615,-0.0003683161980083966,-0.0019986126002344666,0.225832635307389,-1.5428768923069126e-05,-0.24,0.419,0.346,1.0,0.006,0.003,-0.0,-0.21677643225251642,0.3754679016309087,0.40355313723936026
787,1784678939.4964664,-0.00024057169837002866,-0.0019548461459618395,0.2258279075218813,-1.4830230223226695e-05,-0.24,0.419,0.346,1.0,0.006,0.003,-0.0,-0.21677643225251642,0.3754679016309087,0.40355313723936026
789,1784678939.5322716,0.007365055074696874,-0.0019528967349180153,0.22583631231208517,-1.9753459927031944e-05,-0.24,0.419,0.346,1.0,0.005,0.003,-0.0,-0.21677643225251642,0.3754679016309087,0.40355313723936026
789,1784678939.5566487,0.009201254862456149,-0.001545340735480764,0.2258161648319667,-1.3090216262607972e-05,-0.24,0.419,0.346,1.0,0.005,0.003,-0.0,-0.21677643225251642,0.3754679016309087,0.40355313723936026
792,1784678939.5794547,0.0082804281818856,-0.0006454957670508172,0.22583004252668024,-1.4101308187310948e-05,-0.24,0.419,0.346,1.0,0.005,0.003,-0.0,-0.21677643225251642,0.3754679016309087,0.40355313723936026
792,1784678939.6042285,0.007777519623639827,-0.0005338624804708961,0.22582197231005052,-1.6193737546668147e-05,-0.24,0.419,0.346,1.0,0.005,0.003,-0.0,-0.21677643225251642,0.3754679016309087,0.40355313723936026
794,1784678939.6295228,0.007302688197418847,-0.0005189954581409553,0.22582768818697066,-1.6518924863834873e-05,-0.24,0.419,0.346,1.0,0.005,0.003,-0.0,-0.21677643225251642,0.3754679016309087,0.40355313723936026
794,1784678939.651338,0.0068416896770149005,-0.00011208479637664533,0.2258241774824786,-1.7017400789734493e-05,-0.24,0.419,0.346,1.0,0.005,0.003,-0.0,-0.21677643225251642,0.3754679016309087,0.40355313723936026
796,1784678939.6710627,0.00518772998558416,-0.0005140911817693794,0.22582523974614283,-1.7473813320553487e-05,-0.24,0.419,0.346,1.0,0.005,0.003,-0.0,-0.21677643225251642,0.3754679016309087,0.40355313723936026
796,1784678939.6877663,0.005778328391275829,-0.00012021572511356719,0.2258272054073504,-2.3122234192791394e-05,-0.24,0.419,0.346,1.0,0.005,0.003,-0.0,-0.21677643225251642,0.3754679016309087,0.40355313723936026
798,1784678939.7070527,0.0038592536998707638,-0.0009204462267936898,0.22582322533410246,-2.119859733007576e-05,-0.24,0.419,0.346,1.0,0.005,0.003,-0.0,-0.21677643225251642,0.3754679016309087,0.40355313723936026
798,1784678939.725665,-0.004420140225577606,-0.00016674520001405853,0.22582493953963434,-2.020128047765778e-05,-0.24,0.419,0.346,1.0,0.006,0.003,-0.0,-0.21677643225251642,0.3754679016309087,0.40355313723936026
800,1784678939.747611,-0.007689272457122474,-0.0009270864463340961,0.2258343699790171,-2.9613324248467055e-05,-0.24,0.419,0.346,1.0,0.006,0.003,-0.0,-0.21677643225251642,0.3754679016309087,0.40355313723936026
800,1784678939.7687447,-0.006077320909732824,-0.0005725229755808824,0.22583209593062342,-3.330076796318664e-05,-0.24,0.419,0.346,1.0,0.006,0.003,-0.0,-0.21677643225251642,0.3754679016309087,0.40355313723936026
802,1784678939.7889998,-0.005141640037449274,-0.0005239448360793032,0.22583172547308175,-3.0193245373817934e-05,-0.24,0.419,0.346,1.0,0.006,0.003,-0.0,-0.21677643225251642,0.3754679016309087,0.40355313723936026
802,1784678939.812097,-0.008135383121541008,-0.00010595989212238907,0.22574554177614026,-2.692726791399466e-05,-0.24,0.419,0.346,1.0,0.006,0.003,-0.0,-0.21677643225251642,0.3754679016309087,0.40355313723936026
804,1784678939.8520312,-0.007647634955454147,-5.9107530473968654e-05,0.22580787361243107,-3.2340235865033354e-05,-0.24,0.419,0.346,1.0,0.006,0.003,-0.0,-0.21677643225251642,0.3754679016309087,0.40355313723936026
804,1784678939.868228,-0.005668939862955061,-4.997571958227816e-05,0.2257657199358213,-3.223897268415412e-05,-0.24,0.419,0.346,1.0,0.006,0.003,-0.0,-0.21677643225251642,0.3754679016309087,0.40355313723936026
807,1784678939.8819225,-0.0039390155338091554,-0.0008679067444532446,0.2258767088221998,-2.9969052618762443e-05,-0.24,0.419,0.346,1.0,0.006,0.003,-0.0,-0.21677643225251642,0.3754679016309087,0.40355313723936026
807,1784678939.8961449,-0.0033613689841786986,-0.0009591889760834638,0.2258006025415073,-2.4241179084198948e-05,-0.24,0.419,0.346,1.0,0.006,0.003,-0.0,-0.21677643225251642,0.3754679016309087,0.40355313723936026
809,1784678939.9162397,-0.0029116845673573793,-0.0005696180028385541,0.22585225581650475,-2.1717914639536258e-05,-0.24,0.419,0.346,1.0,0.006,0.003,-0.0,-0.21677643225251642,0.3754679016309087,0.40355313723936026
810,1784678939.9336421,-0.0024696122212648965,-0.0005223197306089798,0.22581684001110508,-2.1365763809624523e-05,-0.24,0.419,0.346,1.0,0.006,0.003,-0.0,-0.21677643225251642,0.3754679016309087,0.40355313723936026
811,1784678939.9586234,-0.0016440865431579122,-0.0009226431198910206,0.2258408209890629,-2.0665267292605793e-05,-0.24,0.419,0.346,1.0,0.006,0.003,-0.0,-0.21677643225251642,0.3754679016309087,0.40355313723936026
811,1784678939.975921,-0.0023387014565057814,-0.0009674250385732271,0.22582346937493086,-1.7519055467720497e-05,-0.24,0.419,0.346,1.0,0.006,0.003,-0.0,-0.21677643225251642,0.3754679016309087,0.40355313723936026
813,1784678939.9944415,-0.0016271543637824352,-0.0009738807833537819,0.22583668372740703,-1.8045327629115028e-05,-0.24,0.419,0.346,1.0,0.006,0.003,-0.0,-0.21677643225251642,0.3754679016309087,0.40355313723936026
814,1784678940.0247257,-0.0019452536899505334,-0.0009738990687265057,0.2258265025215386,-1.650321352243849e-05,-0.24,0.419,0.346,1.0,0.006,0.003,-0.0,-0.21677643225251642,0.3754679016309087,0.40355313723936026
814,1784678940.0430715,-0.001976009921526828,-0.0009743788466233276,0.22583393350761044,-1.6716234586652086e-05,-0.24,0.419,0.346,1.0,0.006,0.003,-0.0,-0.21677643225251642,0.3754679016309087,0.40355313723936026
816,1784678940.0636337,-0.0008715893601814063,0.0006885801872075353,0.22582939301140637,-1.682761920060558e-05,-0.24,0.419,0.346,1.0,0.006,0.003,-0.0,-0.21677643225251642,0.3754679016309087,0.40355313723936026
816,1784678940.080732,-0.0018849501076531414,-0.0007755142225455113,0.22582921875295772,-1.5840673821239186e-05,-0.24,0.419,0.346,1.0,0.006,0.003,-0.0,-0.21677643225251642,0.3754679016309087,0.40355313723936026
818,1784678940.0997028,-0.0011868577574606926,0.000711576565517763,0.22583395224961467,-1.485219865733785e-05,-0.24,0.419,0.346,1.0,0.006,0.003,-0.0,-0.21677643225251642,0.3754679016309087,0.40355313723936026
818,1784678940.115185,-0.0018991561919959512,-0.0003655337274643339,0.22582758931265115,-1.670698621590641e-05,-0.24,0.419,0.346,1.0,0.006,0.003,-0.0,-0.21677643225251642,0.3754679016309087,0.40355313723936026
820,1784678940.1355572,-0.001579252337573233,0.0007614626799903055,0.22583452407974575,-1.653804178468052e-05,-0.24,0.419,0.346,1.0,0.006,0.003,-0.0,-0.21677643225251642,0.3754679016309087,0.40355313723936026
821,1784678940.1566598,0.006798802227525861,-0.0007669814821040658,0.22583342283895774,-2.1483680894649844e-05,-0.24,0.419,0.346,1.0,0.005,0.003,-0.0,-0.21677643225251642,0.3754679016309087,0.40355313723936026
822,1784678940.1741292,0.00865417696668876,0.0007125238935956615,0.2258192585876385,-1.2831964102267661e-05,-0.24,0.419,0.346,1.0,0.005,0.003,-0.0,-0.21677643225251642,0.3754679016309087,0.40355313723936026
823,1784678940.193295,0.008192251834713612,-0.0007719656986315817,0.22582709447347998,-1.0630216691351692e-05,-0.24,0.419,0.346,1.0,0.005,0.003,-0.0,-0.21677643225251642,0.3754679016309087,0.40355313723936026
824,1784678940.2167015,0.006901983799384363,0.0003080438274385708,0.2258237447062095,-1.1267066390157754e-05,-0.24,0.419,0.346,1.0,0.005,0.003,-0.0,-0.21677643225251642,0.3754679016309087,0.40355313723936026
825,1784678940.2362165,0.007574642784696979,-0.0008187333810909612,0.22582650110387933,-1.2713483532271316e-05,-0.24,0.419,0.346,1.0,0.005,0.003,-0.0,-0.21677643225251642,0.3754679016309087,0.40355313723936026
825,1784678940.252282,0.0072131596800852574,0.0015603645122866765,0.22582563570487285,-1.4108947549989211e-05,-0.24,0.419,0.346,1.0,0.005,0.003,-0.0,-0.21677643225251642,0.3754679016309087,0.40355313723936026
827,1784678940.285003,0.007211800447680971,0.0005993574448823636,0.22582534399183982,-1.487792523220193e-05,-0.24,0.419,0.346,1.0,0.005,0.003,-0.0,-0.21677643225251642,0.3754679016309087,0.40355313723936026
827,1784678940.3110094,0.006827339681838884,0.0020553281558420584,0.22582859838625574,-1.7546612024294164e-05,-0.241,0.419,0.346,1.0,0.005,0.003,-0.0,-0.21677643225251642,0.3754679016309087,0.40355313723936026
829,1784678940.3284225,0.004729313763228672,0.0022533170801004917,0.22582442217434506,-2.027201227198366e-05,-0.241,0.419,0.346,1.0,0.005,0.003,-0.0,-0.21677643225251642,0.3754679016309087,0.40355313723936026
829,1784678940.3507662,0.004058263032955386,0.0022813636615633126,0.22582841955111088,-2.157129529904711e-05,-0.241,0.419,0.346,1.0,0.005,0.003,-0.0,-0.21677643225251642,0.3754679016309087,0.40355313723936026
831,1784678940.3762925,0.003972314384182916,0.0022851652975650564,0.22582594957092203,-2.142085188523712e-05,-0.241,0.419,0.346,1.0,0.005,0.003,-0.0,-0.21677643225251642,0.3754679016309087,0.40355313723936026
832,1784678940.399022,0.003564635136323116,0.0022856958171020465,0.22582738223992707,-2.090662843359598e-05,-0.241,0.419,0.346,1.0,0.005,0.003,-0.0,-0.21677643225251642,0.3754679016309087,0.40355313723936026
834,1784678940.4189632,-0.005340744426650695,0.002286304711239487,0.22582222712186772,-1.835593034423374e-05,-0.241,0.419,0.346,1.0,0.006,0.003,-0.0,-0.21677643225251642,0.3754679016309087,0.40355313723936026
834,1784678940.4424453,-0.007101657427203888,0.001879502463226929,0.22583895894119607,-2.7884690331545724e-05,-0.241,0.419,0.346,1.0,0.006,0.003,-0.0,-0.21677643225251642,0.3754679016309087,0.40355313723936026
836,1784678940.465204,-0.007255069932702463,0.0018301092677033837,0.2258279776153465,-2.7235210278372676e-05,-0.241,0.419,0.346,1.0,0.006,0.003,-0.0,-0.21677643225251642,0.3754679016309087,0.40355313723936026
836,1784678940.486984,-0.006498170261511411,0.0018227537771193583,0.2258357386453377,-2.608764295733679e-05,-0.241,0.419,0.346,1.0,0.006,0.003,-0.0,-0.21677643225251642,0.3754679016309087,0.40355313723936026
838,1784678940.5090086,-0.006037316840407914,0.0018222338083090876,0.2258298221227191,-2.4046317873997198e-05,-0.241,0.419,0.346,1.0,0.006,0.003,-0.0,-0.21677643225251642,0.3754679016309087,0.40355313723936026
838,1784678940.5312123,-0.005989844292071066,0.0014159337537582427,0.2258333574974204,-2.2994592174194534e-05,-0.241,0.419,0.346,1.0,0.006,0.003,-0.0,-0.21677643225251642,0.3754679016309087,0.40355313723936026
840,1784678940.5533037,-0.005595556201212704,0.001366588475327342,0.22583152191447622,-2.1136088281443054e-05,-0.241,0.419,0.346,1.0,0.006,0.003,-0.0,-0.21677643225251642,0.3754679016309087,0.40355313723936026
840,1784678940.5743616,-0.005169043805028287,0.0017652053964701906,0.22583266619556835,-1.9442853915832834e-05,-0.241,0.419,0.346,1.0,0.006,0.003,-0.0,-0.21677643225251642,0.3754679016309087,0.40355313723936026
842,1784678940.5962517,-0.0043481345828856755,0.0018143164915308055,0.22583172853021805,-1.951497055638957e-05,-0.241,0.419,0.346,1.0,0.006,0.003,-0.0,-0.21677643225251642,0.3754679016309087,0.40355313723936026
843,1784678940.618109,-0.003486112769142777,0.002677642573200441,0.22583297526408597,-1.7956487362965996e-05,-0.241,0.419,0.346,1.0,0.006,0.003,-0.0,-0.21677643225251642,0.3754679016309087,0.40355313723936026
845,1784678940.6391253,-0.0030056048981457473,0.0027940220598274834,0.22583155178111003,-1.6441715923563976e-05,-0.241,0.419,0.346,1.0,0.006,0.003,-0.0,-0.21677643225251642,0.3754679016309087,0.40355313723936026
845,1784678940.6591868,-0.00249718692819695,0.0019529321351231584,0.22583289432287276,-1.4055132457104777e-05,-0.241,0.419,0.346,1.0,0.006,0.003,-0.0,-0.21677643225251642,0.3754679016309087,0.40355313723936026
847,1784678940.6795433,-0.003004041075100541,0.003153820693636223,0.22574596699243876,-1.5441270122077277e-05,-0.241,0.419,0.346,1.0,0.006,0.003,-0.0,-0.21677643225251642,0.3754679016309087,0.40355313723936026
847,1784678940.699533,-0.0031014943001159406,0.003318366067044165,0.22580309699456216,-1.1305044726172677e-05,-0.241,0.419,0.346,1.0,0.006,0.003,-0.0,-0.21677643225251642,0.3754679016309087,0.40355313723936026
849,1784678940.71986,-0.002601755061944575,0.0028873184714662773,0.22585035074141657,-5.75880818451122e-06,-0.241,0.419,0.346,1.0,0.006,0.003,-0.0,-0.21677643225251642,0.3754679016309087,0.40355313723936026
849,1784678940.740519,-0.002519992465526257,0.002824481017684344,0.22581934222015568,-6.775602894760539e-06,-0.241,0.419,0.346,1.0,0.006,0.003,-0.0,-0.21677643225251642,0.3754679016309087,0.40355313723936026
851,1784678940.761272,-0.003293935300191,0.001956034866585108,0.22583895363057147,-8.457733345927921e-06,-0.241,0.419,0.346,1.0,0.006,0.003,-0.0,-0.21677643225251642,0.3754679016309087,0.40355313723936026
851,1784678940.7819242,0.006494456244019878,0.0026898800562833343,0.22583431094786915,-1.3377942937693975e-05,-0.241,0.419,0.346,1.0,0.005,0.003,-0.0,-0.21677643225251642,0.3754679016309087,0.40355313723936026
853,1784678940.8052828,0.007763090605216377,0.0027955516313578344,0.22581961043594162,-4.5763883962369284e-06,-0.241,0.419,0.346,1.0,0.005,0.003,-0.0,-0.21677643225251642,0.3754679016309087,0.40355313723936026
853,1784678940.8289227,0.0072242738596344,0.0015462332052918193,0.22582941373275076,-3.815075315201399e-06,-0.241,0.419,0.346,1.0,0.005,0.003,-0.0,-0.21677643225251642,0.3754679016309087,0.40355313723936026
855,1784678940.8492992,0.007556759595403058,0.0022386974491736614,0.22582512533116259,-5.810734509409832e-06,-0.241,0.419,0.346,1.0,0.005,0.003,-0.0,-0.21677643225251642,0.3754679016309087,0.40355313723936026
855,1784678940.8696694,0.007194718689515869,0.0023328444806496023,0.22582727945599548,-6.507452239706412e-06,-0.241,0.419,0.346,1.0,0.005,0.003,-0.0,-0.21677643225251642,0.3754679016309087,0.40355313723936026
857,1784678940.892139,0.006352830820029154,0.0023466657475515237,0.22582601263468005,-7.023862470420915e-06,-0.241,0.419,0.346,1.0,0.005,0.003,-0.0,-0.21677643225251642,0.3754679016309087,0.40355313723936026
857,1784678940.91562,0.005849191618422331,0.0014913766686300324,0.22582660590281725,-7.420286114794911e-06,-0.241,0.419,0.346,1.0,0.005,0.003,-0.0,-0.21677643225251642,0.3754679016309087,0.40355313723936026
860,1784678940.9452682,0.00538701043732907,0.0022321771806842385,0.22582735675082097,-9.457081799904323e-06,-0.241,0.419,0.346,1.0,0.005,0.003,-0.0,-0.21677643225251642,0.3754679016309087,0.40355313723936026
860,1784678940.9685435,0.0012438363188083234,0.004054264197825414,0.22574107787029007,-1.4380508673431276e-05,-0.241,0.419,0.346,1.0,0.005,0.003,-0.0,-0.21677643225251642,0.3754679016309087,0.40355313723936026
862,1784678940.990841,0.004360606185460357,0.0021190247102845124,0.22588741759857547,-1.4873877414860987e-05,-0.241,0.419,0.346,1.0,0.005,0.003,-0.0,-0.21677643225251642,0.3754679016309087,0.40355313723936026
862,1784678941.013379,0.004794989427927247,0.0018655717976938917,0.22578530519349127,-1.014356822220794e-05,-0.241,0.419,0.346,1.0,0.005,0.003,-0.0,-0.21677643225251642,0.3754679016309087,0.40355313723936026
865,1784678941.0342023,0.003662086944737691,0.002682195393476007,0.22585518479232952,-1.2895301926933615e-05,-0.241,0.419,0.346,1.0,0.005,0.003,-0.0,-0.21677643225251642,0.3754679016309087,0.40355313723936026
865,1784678941.0542533,-0.0009349790020634231,0.004112137862046799,0.22572260940749891,-1.9528009712963398e-05,-0.241,0.419,0.346,1.0,0.005,0.003,-0.0,-0.21677643225251642,0.3754679016309087,0.40355313723936026
865,1784678941.0749745,-0.007013520526318066,0.0017204425294422192,0.22589293355100026,-2.1764059719010607e-05,-0.241,0.418,0.346,1.0,0.006,0.003,-0.0,-0.21677643225251642,0.3754679016309087,0.40355313723936026
868,1784678941.094248,-0.01283214470954562,0.003982963095819099,0.2257007100765897,-2.172853837948164e-05,-0.241,0.418,0.346,1.0,0.006,0.003,-0.0,-0.21677643225251642,0.3754679016309087,0.40355313723936026
868,1784678941.1142325,-0.009072871180752808,0.002556959518722218,0.22592223336739994,-2.716826067204829e-05,-0.241,0.418,0.346,1.0,0.006,0.003,-0.0,-0.21677643225251642,0.3754679016309087,0.40355313723936026
869,1784678941.1348052,-0.00867147947255676,0.0023832459540626292,0.22576834148234792,-1.9197664226590233e-05,-0.241,0.418,0.346,1.0,0.006,0.003,-0.0,-0.21677643225251642,0.3754679016309087,0.40355313723936026
869,1784678941.1544206,-0.012228037658104384,0.00365845303443224,0.22586952564318724,-1.926245054788809e-05,-0.241,0.418,0.346,1.0,0.006,0.003,-0.0,-0.21677643225251642,0.3754679016309087,0.40355313723936026
871,1784678941.174421,-0.007838634036985766,0.0016746151495315841,0.22580690190171737,-2.165560561687985e-05,-0.241,0.418,0.346,1.0,0.006,0.003,-0.0,-0.21677643225251642,0.3754679016309087,0.40355313723936026
873,1784678941.1957908,-0.007406168343268418,0.0022547698212698804,0.22584604440612044,-1.4038170751234492e-05,-0.241,0.418,0.346,1.0,0.006,0.003,-0.0,-0.21677643225251642,0.3754679016309087,0.40355313723936026
873,1784678941.2152479,-0.006550369480431703,0.002336427390056437,0.2258203779260337,-1.5103836908623699e-05,-0.241,0.418,0.346,1.0,0.006,0.003,-0.0,-0.21677643225251642,0.3754679016309087,0.40355313723936026
875,1784678941.2354095,-0.006081429463048753,0.0023466061366949065,0.22583721772885498,-1.3940506764281213e-05,-0.241,0.418,0.346,1.0,0.006,0.003,-0.0,-0.21677643225251642,0.3754679016309087,0.40355313723936026
875,1784678941.2560325,-0.006031073686511427,0.0014921556758097781,0.22582450900898565,-1.3439212421715788e-05,-0.241,0.418,0.346,1.0,0.006,0.003,-0.0,-0.21677643225251642,0.3754679016309087,0.40355313723936026
875,1784678941.2762623,-0.005316241610397619,0.003538854636900207,0.22583505562820147,-1.2599380093397134e-05,-0.241,0.418,0.346,1.0,0.006,0.003,-0.0,-0.21677643225251642,0.3754679016309087,0.40355313723936026
878,1784678941.2963338,-0.004801986294344437,0.002511670293843542,0.22582624170666787,-9.383559954494537e-06,-0.241,0.418,0.346,1.0,0.006,0.003,-0.0,-0.21677643225251642,0.3754679016309087,0.40355313723936026
878,1784678941.316936,-0.004345191838423934,0.002371181283473885,0.22583280015139323,-7.655342793612896e-06,-0.241,0.418,0.346,1.0,0.006,0.003,-0.0,-0.21677643225251642,0.3754679016309087,0.40355313723936026
879,1784678941.337272,-0.005467799446812714,0.0019009952518872688,0.22582630911552135,-7.5153749870664515e-06,-0.241,0.418,0.346,1.0,0.006,0.003,-0.0,-0.21677643225251642,0.3754679016309087,0.40355313723936026
879,1784678941.3573368,-0.004799479484488613,0.001426925406084762,0.22583220616965446,-1.1183559726444858e-05,-0.241,0.418,0.346,1.0,0.006,0.003,-0.0,-0.21677643225251642,0.3754679016309087,0.40355313723936026
881,1784678941.3779545,0.005386209550883583,0.0039284069477409905,0.22583472827019646,-1.3297392779880238e-05,-0.241,0.418,0.346,1.0,0.005,0.003,-0.0,-0.21677643225251642,0.3754679016309087,0.40355313723936026
881,1784678941.3982809,0.005150845840924824,0.0021054280582313567,0.2258129506798906,4.040681739063433e-06,-0.241,0.418,0.346,1.0,0.005,0.003,-0.0,-0.21677643225251642,0.3754679016309087,0.40355313723936026
884,1784678941.4173267,0.0064827087702966964,0.0023094685569456496,0.22583364957639773,-4.502525778654178e-07,-0.241,0.418,0.346,1.0,0.005,0.003,-0.0,-0.21677643225251642,0.3754679016309087,0.40355313723936026
885,1784678941.439419,0.006645289429651251,0.002749552368192694,0.2258184674316856,-8.05009083950107e-07,-0.241,0.418,0.346,1.0,0.005,0.003,-0.0,-0.21677643225251642,0.3754679016309087,0.40355313723936026
885,1784678941.4592166,0.006668181192154843,0.0028036881791622115,0.22582864715155965,-2.7628743065253057e-06,-0.241,0.418,0.346,1.0,0.005,0.003,-0.0,-0.21677643225251642,0.3754679016309087,0.40355313723936026
887,1784678941.4797118,0.005759668244785866,0.004120297208801891,0.2258209167006168,-6.4123024642367364e-06,-0.241,0.418,0.346,1.0,0.005,0.003,-0.0,-0.21677643225251642,0.3754679016309087,0.40355313723936026
887,1784678941.4998574,0.005214907027087169,0.004304223824653982,0.22582541874433248,-3.4569274299326406e-06,-0.241,0.418,0.346,1.0,0.005,0.003,-0.0,-0.21677643225251642,0.3754679016309087,0.40355313723936026
889,1784678941.5208745,0.004458064649299948,0.002162899336864064,0.2258219812782224,3.1291639171813255e-06,-0.241,0.418,0.346,1.0,0.005,0.003,-0.0,-0.21677643225251642,0.3754679016309087,0.40355313723936026
889,1784678941.5417619,0.0019078176888684822,0.004037454817684642,0.22574208327431813,-3.667515818866918e-06,-0.241,0.418,0.346,1.0,0.005,0.003,-0.0,-0.21677643225251642,0.3754679016309087,0.40355313723936026
891,1784678941.5629,0.0032533895752479124,0.0017100098774001891,0.22588130658650685,-4.920756593204075e-06,-0.241,0.418,0.346,1.0,0.005,0.003,-0.0,-0.21677643225251642,0.3754679016309087,0.40355313723936026
891,1784678941.5960457,0.003058001753732817,0.0022640504930159285,0.22578750895539354,-4.377895828216504e-06,-0.241,0.418,0.346,1.0,0.005,0.003,-0.0,-0.21677643225251642,0.3754679016309087,0.40355313723936026
893,1784678941.6176376,0.0030325515986727395,0.0014771550771806134,0.22585056263232983,-7.395987193520797e-06,-0.241,0.418,0.346,1.0,0.005,0.003,-0.0,-0.21677643225251642,0.3754679016309087,0.40355313723936026
895,1784678941.6417038,0.0030344511110504055,0.0013765622601134668,0.22580783203843363,-8.755731518494779e-06,-0.241,0.418,0.346,1.0,0.005,0.003,-0.0,-0.21677643225251642,0.3754679016309087,0.40355313723936026
895,1784678941.6626494,-0.00020349980161535677,0.002262112490015811,0.22583576965208269,-1.2263829391323706e-05,-0.241,0.418,0.346,1.0,0.005,0.003,-0.0,-0.21677643225251642,0.3754679016309087,0.40355313723936026
897,1784678941.6771574,0.0018232138076377004,0.002346253078203261,0.22582152884313397,-1.3895316180569489e-05,-0.241,0.418,0.346,1.0,0.005,0.003,-0.0,-0.21677643225251642,0.3754679016309087,0.40355313723936026
898,1784678941.693746,-0.0007539510847078806,0.002393884463162835,0.22582685005168993,-1.3444716439071623e-05,-0.241,0.418,0.346,1.0,0.005,0.003,-0.0,-0.21677643225251642,0.3754679016309087,0.40355313723936026
899,1784678941.714234,-0.0010500725773790517,0.002816291970353808,0.2258261724597432,-1.4800767335446264e-05,-0.241,0.418,0.346,1.0,0.005,0.003,-0.0,-0.21677643225251642,0.3754679016309087,0.40355313723936026
900,1784678941.7345755,0.0021175798885680573,0.0015591559187455636,0.2258271361246565,-1.3174127708016952e-05,-0.241,0.418,0.346,1.0,0.005,0.003,-0.0,-0.21677643225251642,0.3754679016309087,0.40355313723936026
901,1784678941.7608063,0.0029036393017717183,0.001385978512567226,0.22582375750097064,-9.714214926719289e-06,-0.241,0.418,0.346,1.0,0.005,0.003,-0.0,-0.21677643225251642,0.3754679016309087,0.40355313723936026
901,1784678941.7835152,0.0022222075950669284,0.0009572638637596765,0.22582540474166957,-1.0497723954979692e-05,-0.241,0.418,0.346,1.0,0.005,0.003,-0.0,-0.21677643225251642,0.3754679016309087,0.40355313723936026
903,1784678941.8097677,0.002932104536410728,0.0028822848465752966,0.22582795494185234,-1.484117317944526e-05,-0.242,0.418,0.346,1.0,0.005,0.003,-0.0,-0.21677643225251642,0.3754679016309087,0.40355313723936026
903,1784678941.8342335,0.00426649749578667,-0.005917945182086061,0.22582373885611723,-2.1647976558520374e-05,-0.242,0.418,0.346,1.0,0.005,0.004,-0.0,-0.21677643225251642,0.3754679016309087,0.40355313723936026
905,1784678941.8600135,0.0003626658625202877,-0.006836481879376565,0.2257472544954808,-1.599226323932915e-06,-0.242,0.418,0.346,1.0,0.005,0.004,-0.0,-0.21677643225251642,0.3754679016309087,0.40355313723936026
905,1784678941.8826013,0.0022794825934671376,-0.007348390719860145,0.22588694223894432,-4.952632093483216e-06,-0.242,0.418,0.346,1.0,0.005,0.004,-0.0,-0.21677643225251642,0.3754679016309087,0.40355313723936026
908,1784678941.9080951,0.0045801856042320555,-0.007009808583050186,0.22579210124093751,-4.077186160964707e-06,-0.242,0.418,0.346,1.0,0.005,0.004,-0.0,-0.21677643225251642,0.3754679016309087,0.40355313723936026
908,1784678941.924953,-0.005674866905996593,-0.006582169672852693,0.22584886219987618,7.933695411611932e-06,-0.242,0.418,0.346,1.0,0.006,0.004,-0.0,-0.21677643225251642,0.3754679016309087,0.40355313723936026
910,1784678941.9491878,-0.009168785407696564,-0.005282552348130168,0.22573898683140425,-5.471657728758648e-06,-0.242,0.418,0.346,1.0,0.006,0.004,-0.0,-0.21677643225251642,0.3754679016309087,0.40355313723936026
910,1784678941.9753094,-0.007138910788668516,-0.00599924486172604,0.225899733204879,-1.3612796632292785e-05,-0.242,0.418,0.346,1.0,0.006,0.004,-0.0,-0.21677643225251642,0.3754679016309087,0.40355313723936026
913,1784678942.000575,-0.005688255383284735,-0.007318601451250713,0.22578938951607375,-1.187982554982307e-05,-0.242,0.418,0.346,1.0,0.006,0.004,-0.0,-0.21677643225251642,0.3754679016309087,0.40355313723936026
913,1784678942.021191,-0.0067674951908586415,0.004182867251548247,0.22586891598611192,2.9068717872351926e-06,-0.242,0.418,0.346,1.0,0.006,0.003,-0.0,-0.21677643225251642,0.3754679016309087,0.40355313723936026
915,1784678942.0378766,-0.006482378762775706,0.009343928182606532,0.2258050494796603,-1.9077647310862925e-05,-0.242,0.418,0.346,1.0,0.006,0.003,-0.0,-0.21677643225251642,0.3754679016309087,0.40355313723936026
915,1784678942.0660417,-0.006073845027192401,0.006813567560534761,0.22584573124710958,-3.381671481029521e-05,-0.242,0.418,0.346,1.0,0.006,0.003,-0.0,-0.21677643225251642,0.3754679016309087,0.40355313723936026
917,1784678942.0907898,-0.004407803516362179,0.0061326883087135355,0.22582191152135725,-2.8309746800691616e-05,-0.242,0.418,0.346,1.0,0.006,0.003,-0.0,-0.21677643225251642,0.3754679016309087,0.40355313723936026
917,1784678942.1167958,-0.00507673084266071,0.006425817453281816,0.2258354839063965,-2.600333895460695e-05,-0.242,0.418,0.346,1.0,0.006,0.003,-0.0,-0.21677643225251642,0.3754679016309087,0.40355313723936026
919,1784678942.1388533,-0.003912646967832164,0.00396161045171781,0.22582710739129755,-2.7936716302169893e-05,-0.242,0.418,0.346,1.0,0.006,0.003,-0.0,-0.21677643225251642,0.3754679016309087,0.40355313723936026
921,1784678942.1616406,0.0064266307423416595,0.005321324794042681,0.2257561762592455,-2.3672579982122316e-05,-0.242,0.418,0.346,1.0,0.005,0.003,-0.0,-0.21677643225251642,0.3754679016309087,0.40355313723936026
921,1784678942.1768668,0.0061167768362368445,0.004258369350236534,0.2258681047665872,-1.2842106042991745e-05,-0.242,0.418,0.346,1.0,0.005,0.003,-0.0,-0.21677643225251642,0.3754679016309087,0.40355313723936026
923,1784678942.1932983,0.008220623372140985,0.0029245742287030783,0.22571270112818614,-1.1196601377040362e-05,-0.242,0.418,0.346,1.0,0.005,0.003,-0.0,-0.21677643225251642,0.3754679016309087,0.40355313723936026
924,1784678942.224088,0.00690504116324173,0.001884775242118832,0.2258999110322989,-1.636534929585561e-06,-0.242,0.418,0.346,1.0,0.005,0.003,-0.0,-0.21677643225251642,0.3754679016309087,0.40355313723936026
924,1784678942.2627523,0.006389909585289597,0.0017537103430744338,0.2257756006202108,-4.611034682792842e-06,-0.242,0.418,0.346,1.0,0.005,0.003,-0.0,-0.21677643225251642,0.3754679016309087,0.40355313723936026
927,1784678942.2881618,0.005450248142335978,0.002180211602217168,0.22585943584735788,-8.831432988011131e-06,-0.242,0.418,0.346,1.0,0.005,0.003,-0.0,-0.21677643225251642,0.3754679016309087,0.40355313723936026
927,1784678942.3019266,0.004927307141460937,0.0018421664490938395,0.2258025321173251,-8.851705884042403e-06,-0.242,0.418,0.346,1.0,0.005,0.003,-0.0,-0.21677643225251642,0.3754679016309087,0.40355313723936026
929,1784678942.32002,0.005264657449384846,0.00018649465108557493,0.2257576157005174,-7.218675568677421e-06,-0.242,0.418,0.346,1.0,0.005,0.003,-0.0,-0.21677643225251642,0.3754679016309087,0.40355313723936026
929,1784678942.3358254,0.005350951370216838,0.0011383960938991036,0.22587323419310548,6.498161034327972e-07,-0.242,0.418,0.346,1.0,0.005,0.003,-0.0,-0.21677643225251642,0.3754679016309087,0.40355313723936026
931,1784678942.3687043,0.0033489543065983816,8.898505402339836e-05,0.22570884897029186,-6.277554616818043e-06,-0.242,0.418,0.346,1.0,0.005,0.003,-0.0,-0.21677643225251642,0.3754679016309087,0.40355313723936026
931,1784678942.3880577,0.004314196849461915,-0.008657183314864314,0.22590490000729765,-9.372687058682167e-06,-0.242,0.418,0.346,1.0,0.005,0.004,-0.0,-0.21677643225251642,0.3754679016309087,0.40355313723936026
933,1784678942.4029684,0.0020277589822875128,-0.009571062953613148,0.2256930634974741,7.112362737250502e-06,-0.242,0.418,0.346,1.0,0.005,0.004,-0.0,-0.21677643225251642,0.3754679016309087,0.40355313723936026
933,1784678942.4230127,0.0013308139718540384,-0.009602207615388863,0.2258384158876803,4.9565244882106476e-06,-0.242,0.418,0.346,1.0,0.005,0.004,-0.0,-0.21677643225251642,0.3754679016309087,0.40355313723936026
935,1784678942.4432461,0.0008605798529533349,-0.010445527045772722,0.22573845984740945,4.13780696448063e-06,-0.242,0.418,0.346,1.0,0.005,0.004,-0.0,-0.21677643225251642,0.3754679016309087,0.40355313723936026
935,1784678942.4585114,0.0032084442104169542,-0.008977611633862535,0.2258936728861588,4.581084892273272e-07,-0.242,0.418,0.346,1.0,0.005,0.004,-0.0,-0.21677643225251642,0.3754679016309087,0.40355313723936026
937,1784678942.4757733,0.003523915684273052,-0.008433474826460396,0.2257856734724469,-2.4871912774022844e-06,-0.242,0.418,0.346,1.0,0.005,0.004,-0.0,-0.21677643225251642,0.3754679016309087,0.40355313723936026
938,1784678942.496434,0.0035617162743837687,-0.007982386449595185,0.22585912539100333,-5.327354732292876e-06,-0.242,0.418,0.346,1.0,0.005,0.004,-0.0,-0.21677643225251642,0.3754679016309087,0.40355313723936026
939,1784678942.5180085,0.0019861612293760756,-0.0063497698048463,0.22580915985625422,-6.712021898550372e-06,-0.242,0.418,0.346,1.0,0.005,0.004,-0.0,-0.21677643225251642,0.3754679016309087,0.40355313723936026
939,1784678942.5383837,0.0017922915899918467,-0.005387285107071695,0.22584405011724126,-1.548948002326843e-05,-0.242,0.418,0.346,1.0,0.005,0.004,-0.0,-0.21677643225251642,0.3754679016309087,0.40355313723936026
940,1784678942.5571768,0.003742602063758033,-0.0064766770232193,0.22582016015320938,-2.168958244896475e-05,-0.242,0.418,0.346,1.0,0.005,0.004,-0.0,-0.21677643225251642,0.3754679016309087,0.40355313723936026
942,1784678942.5811663,0.0039823728061160035,-0.006586492587239187,0.2258349912982171,-1.623044218221503e-05,-0.242,0.418,0.346,1.0,0.005,0.004,-0.0,-0.21677643225251642,0.3754679016309087,0.40355313723936026
942,1784678942.6042519,-0.004856584756461503,0.0030533528367065275,0.22582549085065864,-1.7104437381594665e-06,-0.242,0.418,0.346,1.0,0.006,0.003,-0.0,-0.21677643225251642,0.3754679016309087,0.40355313723936026
944,1784678942.6250439,-0.006232193922897811,0.005453078431161738,0.22583494193402187,-2.93283160493845e-05,-0.242,0.418,0.346,1.0,0.006,0.003,-0.0,-0.21677643225251642,0.3754679016309087,0.40355313723936026
944,1784678942.6486413,-0.005962978555995866,0.005040725408036521,0.22582815689817692,-3.623723751387486e-05,-0.242,0.418,0.346,1.0,0.006,0.003,-0.0,-0.21677643225251642,0.3754679016309087,0.40355313723936026
946,1784678942.672979,-0.005937442084050859,0.004997992612097496,0.22583282567726892,-3.430969954451984e-05,-0.242,0.418,0.346,1.0,0.006,0.003,-0.0,-0.21677643225251642,0.3754679016309087,0.40355313723936026
946,1784678942.6967535,-0.00632122993445039,0.005806877220081512,0.22582960678386294,-3.316031801043071e-05,-0.242,0.418,0.346,1.0,0.006,0.003,-0.0,-0.21677643225251642,0.3754679016309087,0.40355313723936026
949,1784678942.7146494,-0.005970916393737062,0.005090491654931353,0.22583175138582762,-3.684614327556932e-05,-0.242,0.418,0.346,1.0,0.006,0.003,-0.0,-0.21677643225251642,0.3754679016309087,0.40355313723936026
949,1784678942.7313335,-0.005549552326734394,0.005007282125275457,0.22583065311056186,-3.4302818018012524e-05,-0.242,0.418,0.346,1.0,0.006,0.003,-0.0,-0.21677643225251642,0.3754679016309087,0.40355313723936026
950,1784678942.753164,-0.005118221428098382,0.004174118878851591,0.22583101159245184,-3.360050032783203e-05,-0.242,0.418,0.346,1.0,0.006,0.003,-0.0,-0.21677643225251642,0.3754679016309087,0.40355313723936026
950,1784678942.7729738,-0.005074197155764978,0.0040702903960690845,0.22583090017651972,-2.9911945781791004e-05,-0.242,0.418,0.346,1.0,0.006,0.003,-0.0,-0.21677643225251642,0.3754679016309087,0.40355313723936026
952,1784678942.794246,-0.004277612339994108,0.0027944188336909547,0.22574661492581033,-2.921737214210563e-05,-0.242,0.418,0.346,1.0,0.006,0.003,-0.0,-0.21677643225251642,0.3754679016309087,0.40355313723936026
952,1784678942.8176384,-0.003811422558683771,0.002668604691913953,0.2258040732550166,-2.6100414357030123e-05,-0.242,0.418,0.346,1.0,0.006,0.003,-0.0,-0.21677643225251642,0.3754679016309087,0.40355313723936026
954,1784678942.8481743,-0.0037689320936212627,0.0022513488766984276,0.2258489661483057,-2.3088106520053113e-05,-0.242,0.418,0.346,1.0,0.006,0.003,-0.0,-0.21677643225251642,0.3754679016309087,0.40355313723936026
954,1784678942.8719358,-0.003763016526902273,0.0017952073196641303,0.2258187295740128,-2.043143875826234e-05,-0.242,0.418,0.346,1.0,0.006,0.003,-0.0,-0.21677643225251642,0.3754679016309087,0.40355313723936026
957,1784678942.8990293,-0.003765035153322962,0.0017368111512636002,0.22583947209487146,-1.7805340185917074e-05,-0.242,0.418,0.346,1.0,0.006,0.003,-0.0,-0.21677643225251642,0.3754679016309087,0.40355313723936026
957,1784678942.9217694,-0.0010201068491668876,-0.0019570297809768404,0.2257415134370748,-1.863249845677218e-05,-0.242,0.418,0.346,1.0,0.006,0.003,-0.0,-0.21677643225251642,0.3754679016309087,0.40355313723936026
960,1784678942.942217,0.006464878912288915,0.0004480556147721708,0.22589691304694204,-8.813261536492643e-06,-0.242,0.418,0.346,1.0,0.005,0.003,-0.0,-0.21677643225251642,0.3754679016309087,0.40355313723936026
960,1784678942.9650347,0.00747489986057206,0.0007544822562316643,0.2257762928785772,-4.637518753198849e-06,-0.242,0.418,0.346,1.0,0.005,0.003,-0.0,-0.21677643225251642,0.3754679016309087,0.40355313723936026
962,1784678942.9879236,0.009655839126969417,-0.002075579277542012,0.22577439570227428,-3.101428064711133e-06,-0.242,0.418,0.346,1.0,0.005,0.003,-0.0,-0.21677643225251642,0.3754679016309087,0.40355313723936026
962,1784678943.0122068,0.009540568197969971,-0.0020043979771037492,0.22577477814186422,6.584189304607066e-06,-0.242,0.418,0.346,1.0,0.005,0.003,-0.0,-0.21677643225251642,0.3754679016309087,0.40355313723936026
964,1784678943.0399804,0.007531576186498383,0.0008603026906830449,0.2258595158006082,4.698033750044396e-06,-0.242,0.418,0.346,1.0,0.005,0.003,-0.0,-0.21677643225251642,0.3754679016309087,0.40355313723936026
964,1784678943.062339,0.006083302566774513,0.0016106511326819221,0.22580246129535533,-5.035859777410023e-06,-0.242,0.418,0.346,1.0,0.005,0.003,-0.0,-0.21677643225251642,0.3754679016309087,0.40355313723936026
967,1784678943.0986774,0.006284219853753685,-0.00035440633973652345,0.22575719003971043,-8.835681347421875e-06,-0.242,0.418,0.346,1.0,0.005,0.003,-0.0,-0.21677643225251642,0.3754679016309087,0.40355313723936026
967,1784678943.1314626,0.004695417900450713,0.002264495490429081,0.22587291790741962,-6.607496916045444e-06,-0.242,0.418,0.346,1.0,0.005,0.003,-0.0,-0.21677643225251642,0.3754679016309087,0.40355313723936026
970,1784678943.1562574,0.0033206955273034078,0.000929324071599639,0.22579302901531295,-1.5193464877106609e-05,-0.242,0.418,0.346,1.0,0.005,0.003,-0.0,-0.21677643225251642,0.3754679016309087,0.40355313723936026
972,1784678943.1700418,0.0035378015420500144,0.001167967361656838,0.2258492839029488,-1.6602232747233183e-05,-0.242,0.418,0.346,1.0,0.005,0.003,-0.0,-0.21677643225251642,0.3754679016309087,0.40355313723936026
972,1784678943.1867368,0.00040467754415933303,-0.0004608903623322738,0.22572376788499088,-1.7468640171672094e-05,-0.242,0.418,0.346,1.0,0.005,0.003,-0.0,-0.21677643225251642,0.3754679016309087,0.40355313723936026
972,1784678943.2003243,-0.006406318192783544,0.0009861263606035613,0.22589410345185457,-1.7835711025593913e-05,-0.242,0.418,0.346,1.0,0.006,0.003,-0.0,-0.21677643225251642,0.3754679016309087,0.40355313723936026
974,1784678943.2227125,-0.010621810089407714,-0.00048517584424017605,0.22570155805374023,-2.9355534963522024e-05,-0.242,0.418,0.346,1.0,0.006,0.003,-0.0,-0.21677643225251642,0.3754679016309087,0.40355313723936026
974,1784678943.245297,-0.011396924788292429,-0.0010756858418295772,0.22583555577690187,-3.30712946236714e-05,-0.242,0.418,0.346,1.0,0.006,0.003,-0.0,-0.21677643225251642,0.3754679016309087,0.40355313723936026
976,1784678943.2635171,-0.008392865350611673,0.0005213062235932221,0.22574835401864465,-3.202821906619771e-05,-0.242,0.418,0.346,1.0,0.006,0.003,-0.0,-0.21677643225251642,0.3754679016309087,0.40355313723936026
976,1784678943.2847443,-0.007734921452713784,0.000712529511949769,0.2258035071403771,-2.9790813329337254e-05,-0.242,0.418,0.346,1.0,0.006,0.003,-0.0,-0.21677643225251642,0.3754679016309087,0.40355313723936026
978,1784678943.3015704,-0.006501717321974019,0.0007375110083175911,0.2258507398403447,-2.8240207353414848e-05,-0.242,0.418,0.346,1.0,0.006,0.003,-0.0,-0.21677643225251642,0.3754679016309087,0.40355313723936026
978,1784678943.3322616,-0.006381306945881357,0.0007410336466606021,0.22581746774663572,-2.5450355174549346e-05,-0.242,0.418,0.346,1.0,0.006,0.003,-0.0,-0.21677643225251642,0.3754679016309087,0.40355313723936026
980,1784678943.358175,-0.005591000502158262,0.0007396272663331774,0.22584066596646715,-2.4574298573867313e-05,-0.242,0.418,0.346,1.0,0.006,0.003,-0.0,-0.21677643225251642,0.3754679016309087,0.40355313723936026
980,1784678943.3914216,-0.002711598461468949,-0.0005129717082983263,0.22574230938828788,-2.2981466794719583e-05,-0.242,0.418,0.346,1.0,0.006,0.003,-0.0,-0.21677643225251642,0.3754679016309087,0.40355313723936026
983,1784678943.4242287,-0.004052603204740067,0.0009804036188146995,0.22588976694923707,-1.7335023806478526e-05,-0.242,0.418,0.346,1.0,0.006,0.003,-0.0,-0.21677643225251642,0.3754679016309087,0.40355313723936026
985,1784678943.4607663,0.00018507447937880263,-0.0020622973919443652,0.22570752002880684,-1.972790248619929e-05,-0.241,0.418,0.346,1.0,0.006,0.003,-0.0,-0.21677643225251642,0.3754679016309087,0.40355313723936026
985,1784678943.4825006,-0.002195357470621306,-0.0007944369376107017,0.2259097649109892,-8.735258907498117e-06,-0.241,0.418,0.346,1.0,0.006,0.003,-0.0,-0.21677643225251642,0.3754679016309087,0.40355313723936026
988,1784678943.5011904,-0.0031973321759635725,-0.0006308323763742421,0.2257741153857563,-1.4125957321005647e-05,-0.241,0.418,0.346,1.0,0.006,0.003,-0.0,-0.21677643225251642,0.3754679016309087,0.40355313723936026
988,1784678943.5180411,0.000650697857357399,-0.0022789704285307143,0.22586938511709542,-1.6701955507683207e-05,-0.241,0.418,0.346,1.0,0.006,0.003,-0.0,-0.21677643225251642,0.3754679016309087,0.40355313723936026
990,1784678943.534538,0.007941501638657696,-0.0008147093968553188,0.22580715100670112,-1.4627616293034218e-05,-0.241,0.418,0.346,1.0,0.005,0.003,-0.0,-0.21677643225251642,0.3754679016309087,0.40355313723936026
991,1784678943.5559459,0.008938589616330109,-0.0006392456699603009,0.22583544624156812,-1.054631245446777e-05,-0.241,0.418,0.346,1.0,0.005,0.003,-0.0,-0.21677643225251642,0.3754679016309087,0.40355313723936026
992,1784678943.5754743,0.008715025839622869,-0.0006128091266624641,0.22581697221046226,-1.0622090244852479e-05,-0.241,0.418,0.346,1.0,0.005,0.003,-0.0,-0.21677643225251642,0.3754679016309087,0.40355313723936026
993,1784678943.5978162,0.011147925668891705,-0.002724863274532618,0.2258300547362525,-9.171941035910277e-06,-0.241,0.418,0.346,1.0,0.005,0.003,-0.0,-0.21677643225251642,0.3754679016309087,0.40355313723936026
994,1784678943.6177483,0.010276498648149831,-0.0029794991269100337,0.2258191635485564,-5.3480413938772136e-06,-0.241,0.418,0.346,1.0,0.005,0.003,-0.0,-0.21677643225251642,0.3754679016309087,0.40355313723936026
994,1784678943.6347954,0.0077394867418230495,-0.0004973808956367778,0.22582819616702707,-1.1875667065189128e-05,-0.241,0.418,0.346,1.0,0.005,0.003,-0.0,-0.21677643225251642,0.3754679016309087,0.40355313723936026
995,1784678943.6616707,0.007448754832811813,-0.002318945360597606,0.22582231656551766,-1.6375653494079913e-05,-0.241,0.418,0.346,1.0,0.005,0.003,-0.0,-0.21677643225251642,0.3754679016309087,0.40355313723936026
995,1784678943.6761417,0.006537243934996153,-0.0004230415851316756,0.22582789472421977,-1.9301929291744325e-05,-0.241,0.418,0.346,1.0,0.005,0.003,-0.0,-0.21677643225251642,0.3754679016309087,0.40355313723936026
998,1784678943.6942294,0.006007789549318758,-0.00019035337036169605,0.22582350293179274,-2.2408401894703165e-05,-0.241,0.418,0.346,1.0,0.005,0.003,-0.0,-0.21677643225251642,0.3754679016309087,0.40355313723936026
999,1784678943.7208421,0.004345600111609213,-0.0014155363344344066,0.22582519549976107,-2.0700748582690357e-05,-0.241,0.418,0.346,1.0,0.005,0.003,-0.0,-0.21677643225251642,0.3754679016309087,0.40355313723936026
999,1784678943.7404902,0.004935327658992766,-0.00030887750360406637,0.2258274463928403,-2.2913130894535258e-05,-0.241,0.418,0.346,1.0,0.005,0.003,-0.0,-0.21677643225251642,0.3754679016309087,0.40355313723936026
1001,1784678943.7595747,-0.004678872535961574,-0.00017235795258533238,0.22581979127505725,-1.904674167879313e-05,-0.241,0.418,0.346,1.0,0.006,0.003,-0.0,-0.21677643225251642,0.3754679016309087,0.40355313723936026
1001,1784678943.776043,-0.007996202605063625,-0.0018636948833051581,0.22583771232089725,-2.9278211103600888e-05,-0.241,0.418,0.346,1.0,0.006,0.003,-0.0,-0.21677643225251642,0.3754679016309087,0.40355313723936026
1003,1784678943.8079417,-0.00682317605399445,-0.001625320110431967,0.2258286148089482,-3.454265010267606e-05,-0.241,0.418,0.346,1.0,0.006,0.003,-0.0,-0.21677643225251642,0.3754679016309087,0.40355313723936026
1003,1784678943.8318763,-0.008585226966293139,-0.0037020897581440566,0.22583011057071306,-3.2260687373369344e-05,-0.241,0.418,0.346,1.0,0.006,0.003,-0.0,-0.21677643225251642,0.3754679016309087,0.40355313723936026
1005,1784678943.8484848,-0.008712396955218114,-0.003942496989544207,0.22574870108567824,-3.36874669419385e-05,-0.241,0.418,0.346,1.0,0.006,0.003,-0.0,-0.21677643225251642,0.3754679016309087,0.40355313723936026
1005,1784678943.8829753,-0.006894484150116936,-0.0018696269057939634,0.22588937844667353,-3.568808767440647e-05,-0.241,0.418,0.346,1.0,0.006,0.003,-0.0,-0.21677643225251642,0.3754679016309087,0.40355313723936026
1008,1784678943.918786,-0.006406160853782145,-0.0003649503714988874,0.22579052777370603,-3.4333497929331086e-05,-0.241,0.418,0.346,1.0,0.006,0.003,-0.0,-0.21677643225251642,0.3754679016309087,0.40355313723936026
1008,1784678943.9456656,-0.0050575772595688115,-0.0027433173890882654,0.22577322663820665,-3.232650464125041e-05,-0.241,0.418,0.346,1.0,0.006,0.003,-0.0,-0.21677643225251642,0.3754679016309087,0.40355313723936026
1011,1784678943.971587,-0.0029527707380104795,-0.0026303268846869935,0.22578681812090967,-9.809056984076814e-05,-0.241,0.418,0.346,1.0,0.006,0.003,-0.0,-0.21677643225251642,0.3754679016309087,0.40355313723936026
1011,1784678943.997876,-0.0032023785251003682,-0.0013165275491296164,0.22585912614645484,-7.162647686927903e-05,-0.241,0.418,0.346,1.0,0.006,0.003,-0.0,-0.21677643225251642,0.3754679016309087,0.40355313723936026
1014,1784678944.0267406,-0.00041910461214188927,-0.002452647695338152,0.22572761272819036,-0.0001224972768979217,-0.241,0.418,0.346,1.0,0.006,0.003,-0.0,-0.21677643225251642,0.3754679016309087,0.40355313723936026
1014,1784678944.054089,-0.004194323534494358,-0.00044414686224989244,0.2258958312511451,-8.151543291578237e-05,-0.241,0.418,0.346,1.0,0.006,0.003,-0.0,-0.21677643225251642,0.3754679016309087,0.40355313723936026
1016,1784678944.079398,-0.0021732689435334032,-0.0010392594139826883,0.225702914148161,-6.266848235854013e-05,-0.241,0.418,0.346,1.0,0.006,0.003,-0.0,-0.21677643225251642,0.3754679016309087,0.40355313723936026
1018,1784678944.1116824,-0.00236189551804542,0.0001369478299076462,0.22591627086744395,-4.382854255983895e-05,-0.241,0.418,0.346,1.0,0.006,0.003,-0.0,-0.21677643225251642,0.3754679016309087,0.40355313723936026
1018,1784678944.152203,0.0008503874052399971,-0.0026758901156790724,0.22568849760733573,-3.6649005292390266e-05,-0.241,0.418,0.346,1.0,0.006,0.003,-0.0,-0.21677643225251642,0.3754679016309087,0.40355313723936026
1022,1784678944.1826706,-0.0024229752800956055,-0.0004772651002936303,0.2259237817853244,-2.5474160231245475e-05,-0.241,0.418,0.346,1.0,0.006,0.003,-0.0,-0.21677643225251642,0.3754679016309087,0.40355313723936026
1022,1784678944.2101753,0.00044717403444923497,-0.003158336299091455,0.2256839729789003,-2.880895898902192e-05,-0.241,0.418,0.346,1.0,0.006,0.003,-0.0,-0.21677643225251642,0.3754679016309087,0.40355313723936026
1024,1784678944.23474,-0.002467244638480165,-0.000533547502791853,0.22592751068626513,-2.0598124391498344e-05,-0.241,0.418,0.346,1.0,0.006,0.003,-0.0,-0.21677643225251642,0.3754679016309087,0.40355313723936026
1024,1784678944.2666166,-0.002363933250640528,-0.0014637000348142245,0.22576400864141402,-2.617658052787577e-05,-0.241,0.418,0.346,1.0,0.006,0.003,-0.0,-0.21677643225251642,0.3754679016309087,0.40355313723936026
1027,1784678944.2857566,0.006357136447970419,-0.0015772251898063892,0.22588039799511764,-2.7678265717664277e-05,-0.241,0.418,0.346,1.0,0.005,0.003,-0.0,-0.21677643225251642,0.3754679016309087,0.40355313723936026
1027,1784678944.3015847,0.007507962387440031,-0.0015818118599842165,0.22578539745425982,-1.74678812843381e-05,-0.241,0.418,0.346,1.0,0.005,0.003,-0.0,-0.21677643225251642,0.3754679016309087,0.40355313723936026
1029,1784678944.3149872,0.007723024287194055,-0.0015866613660996598,0.22585079215941187,-1.6639610317793375e-05,-0.241,0.418,0.346,1.0,0.005,0.003,-0.0,-0.21677643225251642,0.3754679016309087,0.40355313723936026
1030,1784678944.3328187,0.007755456748575543,-0.0015843572454818577,0.22580654106770814,-1.6420012168769714e-05,-0.241,0.418,0.346,1.0,0.005,0.003,-0.0,-0.21677643225251642,0.3754679016309087,0.40355313723936026
1031,1784678944.3526485,0.0073549020141723195,-0.001182280041238674,0.225836532504778,-1.6336110857647654e-05,-0.241,0.418,0.346,1.0,0.005,0.003,-0.0,-0.21677643225251642,0.3754679016309087,0.40355313723936026
1032,1784678944.3741128,0.009805014447880896,-0.003255157340591409,0.22590155013734686,-1.596419005248877e-05,-0.241,0.418,0.346,1.0,0.005,0.003,-0.0,-0.21677643225251642,0.3754679016309087,0.40355313723936026
1033,1784678944.395929,0.009366353601145606,-0.003495731934791832,0.2257726257840555,-1.3745977611972994e-05,-0.241,0.418,0.346,1.0,0.005,0.003,-0.0,-0.21677643225251642,0.3754679016309087,0.40355313723936026
1034,1784678944.4137454,0.006810269606345239,-0.0005648139108438196,0.22586082773805632,-2.1715491301359084e-05,-0.241,0.418,0.346,1.0,0.005,0.003,-0.0,-0.21677643225251642,0.3754679016309087,0.40355313723936026
1035,1784678944.4388373,0.006977299722602512,-0.0027788396618469028,0.2258012151312594,-2.254655982182737e-05,-0.241,0.418,0.346,1.0,0.005,0.003,-0.0,-0.21677643225251642,0.3754679016309087,0.40355313723936026
1035,1784678944.4530828,0.006090274084886035,-0.0004858194194863599,0.22584302592542618,-2.6646389559610913e-05,-0.241,0.418,0.346,1.0,0.005,0.003,-0.0,-0.21677643225251642,0.3754679016309087,0.40355313723936026
1037,1784678944.4766283,-0.004826720071117157,-0.0027654183156219586,0.22580804765578905,-1.9228492891437767e-05,-0.241,0.418,0.346,1.0,0.006,0.003,-0.0,-0.21677643225251642,0.3754679016309087,0.40355313723936026
1038,1784678944.5007844,-0.004980086005473599,-0.0004857604683074267,0.22585040394850042,-3.287103890830657e-05,-0.241,0.418,0.346,1.0,0.006,0.003,-0.0,-0.21677643225251642,0.3754679016309087,0.40355313723936026
1038,1784678944.5260992,-0.006142817519906337,-0.0010547789227588348,0.22581587119756588,-3.284181598921528e-05,-0.241,0.418,0.346,1.0,0.006,0.003,-0.0,-0.21677643225251642,0.3754679016309087,0.40355313723936026
1040,1784678944.5431154,-0.006644066133083959,-0.0011198779983612097,0.2258404647875388,-3.1910936556797445e-05,-0.241,0.418,0.346,1.0,0.006,0.003,-0.0,-0.21677643225251642,0.3754679016309087,0.40355313723936026
1040,1784678944.5598311,-0.0055324648929096255,-0.0002731312180838325,0.2258258077579163,-3.20508698921677e-05,-0.241,0.418,0.346,1.0,0.006,0.003,-0.0,-0.21677643225251642,0.3754679016309087,0.40355313723936026
1042,1784678944.5774972,-0.006202889712687336,-0.0010232689733427093,0.22583288260506457,-3.0294257159001953e-05,-0.241,0.418,0.346,1.0,0.006,0.003,-0.0,-0.21677643225251642,0.3754679016309087,0.40355313723936026
1043,1784678944.5938127,-0.005874025976142873,-0.0011155546689971159,0.225829398584466,-3.0075975832837074e-05,-0.241,0.418,0.346,1.0,0.006,0.003,-0.0,-0.21677643225251642,0.3754679016309087,0.40355313723936026
1044,1784678944.614761,-0.005525322848137691,-0.00027298521030262677,0.22583098018275236,-2.9758551888051273e-05,-0.241,0.418,0.346,1.0,0.006,0.003,-0.0,-0.21677643225251642,0.3754679016309087,0.40355313723936026
1045,1784678944.6392307,-0.004269546803142548,-0.0001676054031940809,0.22583082366108653,-2.7780212507843223e-05,-0.241,0.418,0.346,1.0,0.006,0.003,-0.0,-0.21677643225251642,0.3754679016309087,0.40355313723936026
1045,1784678944.6615815,-0.0021148271467955303,-0.003527980617128038,0.2258300485287741,-2.6061222399685175e-05,-0.241,0.418,0.346,1.0,0.006,0.003,-0.0,-0.21677643225251642,0.3754679016309087,0.40355313723936026
1047,1784678944.6842587,-0.0006995385763538843,-0.0039339218238938455,0.22583045868600973,-2.0777282164717638e-05,-0.241,0.418,0.346,1.0,0.006,0.003,-0.0,-0.21677643225251642,0.3754679016309087,0.40355313723936026
1047,1784678944.7060483,-0.0029608488954394364,-0.001016493680604096,0.22582924446254238,-2.0130539261503218e-05,-0.241,0.418,0.346,1.0,0.006,0.003,-0.0,-0.21677643225251642,0.3754679016309087,0.40355313723936026
1049,1784678944.7292986,0.002312600288822733,-0.005214942361941768,0.2258344196903374,-2.202464903588985e-05,-0.24,0.419,0.346,1.0,0.006,0.003,-0.0,-0.21677643225251642,0.3754679016309087,0.40355313723936026
1049,1784678944.755076,0.00012914065254243136,-0.0036078350918780774,0.22582603661423062,-1.1442903440482259e-05,-0.24,0.419,0.346,1.0,0.006,0.003,-0.0,-0.21677643225251642,0.3754679016309087,0.40355313723936026
1051,1784678944.7729561,0.003116193964799502,-0.005105464162673382,0.2257515112256947,-1.783886821436649e-05,-0.24,0.419,0.346,1.0,0.006,0.003,-0.0,-0.21677643225251642,0.3754679016309087,0.40355313723936026
1052,1784678944.793374,-0.0017927408729604844,-0.0023295123292648347,0.22588049243106503,-1.3727266696722682e-05,-0.24,0.419,0.346,1.0,0.006,0.003,-0.0,-0.21677643225251642,0.3754679016309087,0.40355313723936026
1053,1784678944.8117537,-0.0003308404854656232,-0.002857003161097919,0.2257985364743946,-2.2626892924819456e-05,-0.24,0.419,0.346,1.0,0.006,0.003,-0.0,-0.21677643225251642,0.3754679016309087,0.40355313723936026
1053,1784678944.8309736,-0.00016346929443829608,-0.0029128682176531064,0.225852305134824,-1.991781536677954e-05,-0.24,0.419,0.346,1.0,0.006,0.003,-0.0,-0.21677643225251642,0.3754679016309087,0.40355313723936026
1055,1784678944.8467171,-0.0005238443260225569,-0.0025147514822942956,0.22581589587887774,-1.962995053452892e-05,-0.24,0.419,0.346,1.0,0.006,0.003,-0.0,-0.21677643225251642,0.3754679016309087,0.40355313723936026
1055,1784678944.86681,0.0018610134338028755,-0.003769765423489139,0.22575795596911172,-2.1387944717370332e-05,-0.24,0.419,0.346,1.0,0.006,0.003,-0.0,-0.21677643225251642,0.3754679016309087,0.40355313723936026
1057,1784678944.8891168,0.0017634107725445734,-0.003922830287577344,0.2257948912325639,-2.0338851687386748e-05,-0.24,0.419,0.346,1.0,0.006,0.003,-0.0,-0.21677643225251642,0.3754679016309087,0.40355313723936026
1057,1784678944.9071121,0.009303370110637057,-0.003540061452471318,0.2257741076789748,-2.9427639901676882e-05,-0.24,0.419,0.346,1.0,0.005,0.003,-0.0,-0.21677643225251642,0.3754679016309087,0.40355313723936026
1059,1784678944.9269261,0.009937256483231382,-0.0034946900585964826,0.2257718096269706,-2.361775897845817e-05,-0.24,0.419,0.346,1.0,0.005,0.003,-0.0,-0.21677643225251642,0.3754679016309087,0.40355313723936026
1059,1784678944.9486654,0.009678792656077293,-0.0034891533128745987,0.2257745299483084,-2.405408155687088e-05,-0.24,0.419,0.346,1.0,0.005,0.003,-0.0,-0.21677643225251642,0.3754679016309087,0.40355313723936026
1061,1784678944.984419,0.008851107289540071,-0.0034883157922449065,0.22577288124410877,-2.4735002378642008e-05,-0.24,0.419,0.346,1.0,0.005,0.003,-0.0,-0.21677643225251642,0.3754679016309087,0.40355313723936026
1061,1784678945.015545,0.006741888889594509,-0.003084528464481524,0.2257742581174542,-2.5777385720570705e-05,-0.24,0.419,0.346,1.0,0.005,0.003,-0.0,-0.21677643225251642,0.3754679016309087,0.40355313723936026
1065,1784678945.0437067,-0.0048071841194092125,-0.0034432147776903227,0.2257698418289727,-2.3191147681988328e-05,-0.24,0.419,0.346,1.0,0.006,0.003,-0.0,-0.21677643225251642,0.3754679016309087,0.40355313723936026
1065,1784678945.0697966,-0.0049565166062688956,-0.0021822872790842997,0.22579195688152529,-3.776743477572552e-05,-0.24,0.419,0.346,1.0,0.006,0.003,-0.0,-0.21677643225251642,0.3754679016309087,0.40355313723936026
1067,1784678945.0966113,-0.005006629865317401,-0.0015828274666798954,0.2258579305928917,-3.812438130744547e-05,-0.24,0.419,0.346,1.0,0.006,0.003,-0.0,-0.21677643225251642,0.3754679016309087,0.40355313723936026
1067,1784678945.1248908,-0.005021035231527053,-0.0015028233358919084,0.2258126137160718,-3.434213269598223e-05,-0.24,0.419,0.346,1.0,0.006,0.003,-0.0,-0.21677643225251642,0.3754679016309087,0.40355313723936026
1070,1784678945.1505616,-0.004638458133870756,-0.0014944173667205615,0.2258436111173262,-3.145655423880511e-05,-0.24,0.419,0.346,1.0,0.006,0.003,-0.0,-0.21677643225251642,0.3754679016309087,0.40355313723936026
1070,1784678945.1810067,-0.004209297007700112,-0.0014920893630164227,0.22582239745393318,-2.904198292624383e-05,-0.24,0.419,0.346,1.0,0.006,0.003,-0.0,-0.21677643225251642,0.3754679016309087,0.40355313723936026
1073,1784678945.206878,-0.003765031577649994,-0.0010822325574637564,0.2257528901649813,-2.695069188601047e-05,-0.24,0.419,0.346,1.0,0.006,0.003,-0.0,-0.21677643225251642,0.3754679016309087,0.40355313723936026
1073,1784678945.238328,-0.002923134250939931,-0.001477546273707755,0.22563979785109045,-2.6526006712595377e-05,-0.24,0.419,0.347,1.0,0.006,0.003,-0.0,-0.21677643225251642,0.3754679016309087,0.40355313723936026
1076,1784678945.2796307,-0.0028372290167162396,-0.0018887959012497393,0.22571596324516263,-2.67398094706186e-05,-0.24,0.419,0.347,1.0,0.006,0.003,-0.0,-0.21677643225251642,0.3754679016309087,0.40355313723936026
1076,1784678945.298652,-0.0004659307987296725,-0.0023682982539459437,0.22558181975924385,-2.3958907969397832e-05,-0.24,0.419,0.347,1.0,0.006,0.003,-0.0,-0.21677643225251642,0.3754679016309087,0.40355313723936026
1079,1784678945.317627,-0.0018183537389154427,-0.0019959479488904034,0.22583748435715714,-1.9734022175060603e-05,-0.24,0.419,0.347,1.0,0.006,0.003,-0.0,-0.21677643225251642,0.3754679016309087,0.40355313723936026
1079,1784678945.3367736,-0.0019316263275097646,-0.0019406089256887912,0.22566636558861908,-2.0577585625183976e-05,-0.24,0.419,0.347,1.0,0.006,0.003,-0.0,-0.21677643225251642,0.3754679016309087,0.40355313723936026
1081,1784678945.3632672,-0.0015709243656529,-0.0015372395727981372,0.2257826225617298,-1.969965982138408e-05,-0.24,0.419,0.347,1.0,0.006,0.003,-0.0,-0.21677643225251642,0.3754679016309087,0.40355313723936026
1081,1784678945.3853948,-0.0019147734940884627,-0.0006327219619094602,0.22570380801580997,-1.9904368434349786e-05,-0.24,0.419,0.347,1.0,0.006,0.003,-0.0,-0.21677643225251642,0.3754679016309087,0.40355313723936026
1083,1784678945.4150834,-0.0023470041457757437,-0.0005238465557265001,0.22575749217503824,-2.0537076707055757e-05,-0.24,0.419,0.347,1.0,0.006,0.003,-0.0,-0.21677643225251642,0.3754679016309087,0.40355313723936026
1083,1784678945.435857,-0.0023884068555268863,-0.0005064462023171125,0.2257215496299755,-2.043145916814294e-05,-0.24,0.419,0.347,1.0,0.006,0.003,-0.0,-0.21677643225251642,0.3754679016309087,0.40355313723936026
1085,1784678945.4557629,-0.0020060560542072593,-0.00010140304844277314,0.2257462422320236,-1.9870189198008847e-05,-0.24,0.419,0.347,1.0,0.006,0.003,-0.0,-0.21677643225251642,0.3754679016309087,0.40355313723936026
1085,1784678945.4737592,4.367921398366892e-05,0.0003455955911653907,0.22581536530514548,-2.004703011657908e-05,-0.24,0.419,0.347,1.0,0.006,0.003,-0.0,-0.21677643225251642,0.3754679016309087,0.40355313723936026
1087,1784678945.4955118,-0.002127652942082019,-0.0004039281621923659,0.2256800454633251,-1.9920069505908413e-05,-0.24,0.419,0.347,1.0,0.006,0.003,-0.0,-0.21677643225251642,0.3754679016309087,0.40355313723936026
1087,1784678945.5186563,1.1075737706102082e-05,0.0015588689037546863,0.22594623405728587,-1.9949897565891394e-05,-0.24,0.419,0.347,1.0,0.006,0.003,-0.0,-0.21677643225251642,0.3754679016309087,0.40355313723936026
1090,1784678945.5410533,-0.0025321221451881527,-0.00025623711799640375,0.22567471181379561,-2.165370917381672e-05,-0.24,0.419,0.347,1.0,0.006,0.003,-0.0,-0.21677643225251642,0.3754679016309087,0.40355313723936026
1090,1784678945.5615094,0.00859334687251016,0.00240140915737954,0.2262004147186897,-2.4859756966902877e-05,-0.24,0.419,0.346,1.0,0.005,0.003,-0.0,-0.21677643225251642,0.3754679016309087,0.40355313723936026
1092,1784678945.5935724,0.009374391217875706,0.0011148270424588286,0.22565437385963322,-1.5303235134003785e-05,-0.24,0.419,0.346,1.0,0.005,0.003,-0.0,-0.21677643225251642,0.3754679016309087,0.40355313723936026
1092,1784678945.6187494,0.009927859876449844,0.0017771571898199529,0.22619619172993005,-1.533772870674368e-05,-0.24,0.419,0.346,1.0,0.005,0.003,-0.0,-0.21677643225251642,0.3754679016309087,0.40355313723936026
1095,1784678945.6414213,0.010501194349774201,0.0027379358760536952,0.22591431671583243,-1.6248485823745312e-05,-0.24,0.419,0.346,1.0,0.005,0.003,-0.0,-0.21677643225251642,0.3754679016309087,0.40355313723936026
1095,1784678945.6635926,0.007682028977674036,0.0007491855758484847,0.22584906452590883,-1.406248821509231e-05,-0.24,0.419,0.346,1.0,0.005,0.003,-0.0,-0.21677643225251642,0.3754679016309087,0.40355313723936026
1097,1784678945.6797159,0.006913533198828609,0.0004934201228008073,0.2258947559121275,-1.3957871476267788e-05,-0.24,0.419,0.346,1.0,0.005,0.003,-0.0,-0.21677643225251642,0.3754679016309087,0.40355313723936026
1097,1784678945.6948023,0.007639480268384208,5.7311946713368284e-05,0.22586528001004472,-1.4991170064873577e-05,-0.24,0.419,0.346,1.0,0.005,0.003,-0.0,-0.21677643225251642,0.3754679016309087,0.40355313723936026
1099,1784678945.7151043,-0.001987253314797075,4.707596103379827e-06,0.22588099339394477,-9.597722504829165e-06,-0.24,0.419,0.346,1.0,0.006,0.003,-0.0,-0.21677643225251642,0.3754679016309087,0.40355313723936026
1100,1784678945.7353003,-0.0034884625524708203,-2.1045399942716883e-06,0.22588534750694567,-2.102485318360625e-05,-0.24,0.419,0.346,1.0,0.006,0.003,-0.0,-0.21677643225251642,0.3754679016309087,0.40355313723936026
1101,1784678945.7558093,-0.0036320635447414477,-2.6195426033421773e-06,0.22588195176643214,-2.2405708412177555e-05,-0.24,0.419,0.346,1.0,0.006,0.003,-0.0,-0.21677643225251642,0.3754679016309087,0.40355313723936026
1102,1784678945.7769346,-0.006343490722388073,0.002946130695920756,0.22613833890819768,-2.1939177467012522e-05,-0.24,0.419,0.346,1.0,0.006,0.003,-0.0,-0.21677643225251642,0.3754679016309087,0.40355313723936026
1103,1784678945.8042412,-0.00780523659818257,0.0033436934229120465,0.22596594110359716,-3.1302564967947445e-05,-0.24,0.419,0.346,1.0,0.006,0.003,-0.0,-0.21677643225251642,0.3754679016309087,0.40355313723936026
1103,1784678945.8269715,-0.007208177868801893,0.0037997373334086237,0.22608379630148132,-3.1276040755659444e-05,-0.24,0.419,0.346,1.0,0.006,0.003,-0.0,-0.21677643225251642,0.3754679016309087,0.40355313723936026
1105,1784678945.8597815,-0.0048584128021191,0.0004960881381122174,0.22574826300894224,-3.174494324779044e-05,-0.24,0.419,0.346,1.0,0.006,0.003,-0.0,-0.21677643225251642,0.3754679016309087,0.40355313723936026
1105,1784678945.8821583,-0.00426754330458245,0.0013100760333995811,0.22597400076449503,-2.1557439600212925e-05,-0.24,0.419,0.346,1.0,0.006,0.003,-0.0,-0.21677643225251642,0.3754679016309087,0.40355313723936026
1108,1784678945.9059236,-0.0033982266474251264,0.0014316532093456387,0.22582081732340342,-2.1414848317769182e-05,-0.24,0.419,0.346,1.0,0.006,0.003,-0.0,-0.21677643225251642,0.3754679016309087,0.40355313723936026
1108,1784678945.9304433,-0.003322300680108468,0.0014404066851770722,0.22592384536568405,-1.9408589374898113e-05,-0.24,0.419,0.346,1.0,0.006,0.003,-0.0,-0.21677643225251642,0.3754679016309087,0.40355313723936026
1110,1784678945.952232,-0.002535028106817768,0.002296351086879333,0.22593936987343194,-1.8648211222947016e-05,-0.24,0.419,0.346,1.0,0.006,0.003,-0.0,-0.21677643225251642,0.3754679016309087,0.40355313723936026
1110,1784678945.9756458,-0.002065655232401072,0.0024102325555258814,0.225928169093536,-1.7066312524365215e-05,-0.24,0.419,0.346,1.0,0.006,0.003,-0.0,-0.21677643225251642,0.3754679016309087,0.40355313723936026
1112,1784678946.0004482,-0.002394044026621576,0.0003119620634906622,0.22584938518501163,-1.5118868971866142e-05,-0.24,0.419,0.346,1.0,0.006,0.003,-0.0,-0.21677643225251642,0.3754679016309087,0.40355313723936026
1114,1784678946.0280452,-0.0024294572038558292,3.494181040872551e-05,0.2259035441063739,-1.2986612780181026e-05,-0.24,0.419,0.346,1.0,0.006,0.003,-0.0,-0.21677643225251642,0.3754679016309087,0.40355313723936026
1114,1784678946.0496023,-0.002051268789345799,0.0012559620082652559,0.2259518487038388,-1.3667541865673288e-05,-0.24,0.419,0.346,1.0,0.006,0.003,-0.0,-0.21677643225251642,0.3754679016309087,0.40355313723936026
1116,1784678946.0789602,-0.001620106201790681,0.0022702661397970766,0.22591953154866373,-1.5308300461523622e-05,-0.24,0.419,0.346,1.0,0.006,0.003,-0.0,-0.21677643225251642,0.3754679016309087,0.40355313723936026
1116,1784678946.1041412,-4.754260614153391e-05,0.007344900006413977,0.2261985035654795,-1.6769751927017587e-05,-0.241,0.419,0.346,1.0,0.006,0.003,-0.0,-0.21677643225251642,0.3754679016309087,0.40355313723936026
1119,1784678946.125151,-0.00025632759921508964,0.008049073571214697,0.2260063737760057,-1.7378889603465906e-05,-0.241,0.419,0.346,1.0,0.006,0.003,-0.0,-0.21677643225251642,0.3754679016309087,0.40355313723936026
1119,1784678946.145281,-0.000289468680490337,0.009423192557102798,0.22613853674538245,-1.3977638752379167e-05,-0.241,0.419,0.346,1.0,0.006,0.003,-0.0,-0.21677643225251642,0.3754679016309087,0.40355313723936026
1121,1784678946.1657693,-0.0018196609679828491,0.005385401164509357,0.22579269724235557,-1.3247949488713533e-05,-0.241,0.419,0.346,1.0,0.006,0.003,-0.0,-0.21677643225251642,0.3754679016309087,0.40355313723936026
1121,1784678946.1857774,-0.00238949389132684,0.0035827291829607505,0.22602812588965857,-1.071615550112785e-05,-0.241,0.419,0.346,1.0,0.006,0.003,-0.0,-0.21677643225251642,0.3754679016309087,0.40355313723936026
1123,1784678946.2059522,-0.002039890696421463,0.004173712851776527,0.22587003099518438,-1.1271646046341325e-05,-0.241,0.419,0.346,1.0,0.006,0.003,-0.0,-0.21677643225251642,0.3754679016309087,0.40355313723936026
1123,1784678946.225507,-0.0012731289164064994,0.0076537713244697984,0.22623228101669599,-1.2823567531145298e-05,-0.241,0.419,0.346,1.0,0.006,0.003,-0.0,-0.21677643225251642,0.3754679016309087,0.40355313723936026
1125,1784678946.2456875,-0.0011707722445299974,0.008155870456876897,0.22598578605544872,-1.2516407501537776e-05,-0.241,0.419,0.346,1.0,0.006,0.003,-0.0,-0.21677643225251642,0.3754679016309087,0.40355313723936026
1125,1784678946.265891,0.007570353530726449,0.007400504441040932,0.22615886665102977,-8.268390524943187e-06,-0.241,0.419,0.346,1.0,0.005,0.003,-0.0,-0.21677643225251642,0.3754679016309087,0.40355313723936026
1127,1784678946.2862759,0.008760622401772526,0.006924901905570005,0.2260256563685181,5.350410214177032e-06,-0.241,0.419,0.346,1.0,0.005,0.003,-0.0,-0.21677643225251642,0.3754679016309087,0.40355313723936026
1127,1784678946.3081307,0.008203970193755935,0.004700048675097383,0.22586266904770455,1.0318008889978799e-05,-0.241,0.419,0.346,1.0,0.005,0.003,-0.0,-0.21677643225251642,0.3754679016309087,0.40355313723936026
1129,1784678946.334774,0.00773180837969103,0.003976103043135219,0.22597356972601995,7.050449367238303e-06,-0.241,0.419,0.346,1.0,0.005,0.003,-0.0,-0.21677643225251642,0.3754679016309087,0.40355313723936026
1129,1784678946.3584359,0.007279841543712371,0.0034673007463746405,0.22589866378921009,3.2665861947458403e-06,-0.241,0.419,0.346,1.0,0.005,0.003,-0.0,-0.21677643225251642,0.3754679016309087,0.40355313723936026
1132,1784678946.3797672,0.007224661236591897,0.002096111950728955,0.22586439535398053,3.179437037825968e-06,-0.241,0.419,0.346,1.0,0.005,0.003,-0.0,-0.21677643225251642,0.3754679016309087,0.40355313723936026
1132,1784678946.40009,0.006817346778080055,0.0015002582615089282,0.22588703265343832,2.2043814131641912e-07,-0.241,0.419,0.346,1.0,0.005,0.003,-0.0,-0.21677643225251642,0.3754679016309087,0.40355313723936026
1134,1784678946.423854,0.005960196713544455,0.0031301520529802476,0.22595777876452366,-5.021960851248337e-06,-0.241,0.419,0.346,1.0,0.005,0.003,-0.0,-0.21677643225251642,0.3754679016309087,0.40355313723936026
1134,1784678946.448268,0.0021916111981047422,0.00554940501089265,0.2260790572352578,-1.3732459393240306e-05,-0.241,0.419,0.346,1.0,0.005,0.003,-0.0,-0.21677643225251642,0.3754679016309087,0.40355313723936026
1136,1784678946.4718018,-0.008275459037882424,0.006718674424805374,0.2259954799493253,-1.5031780829026644e-05,-0.241,0.419,0.346,1.0,0.006,0.003,-0.0,-0.21677643225251642,0.3754679016309087,0.40355313723936026
1136,1784678946.492016,-0.0062470929062002824,0.004261841481558478,0.22589863882034586,-2.2379695241780552e-05,-0.241,0.419,0.346,1.0,0.006,0.003,-0.0,-0.21677643225251642,0.3754679016309087,0.40355313723936026
1138,1784678946.5130599,-0.009940300065925868,0.007337489288592146,0.22612759878400582,-1.5315550205176722e-05,-0.241,0.419,0.346,1.0,0.006,0.003,-0.0,-0.21677643225251642,0.3754679016309087,0.40355313723936026
1138,1784678946.533817,-0.0063399900807592155,0.004753663582354743,0.22580880244525028,-2.1113941089098742e-05,-0.241,0.419,0.346,1.0,0.006,0.003,-0.0,-0.21677643225251642,0.3754679016309087,0.40355313723936026
1140,1784678946.5557306,-0.005996245244188543,0.004390272189133901,0.22602060567638557,-1.3751522947339487e-05,-0.241,0.419,0.346,1.0,0.006,0.003,-0.0,-0.21677643225251642,0.3754679016309087,0.40355313723936026
1141,1784678946.5774617,-0.008725268734123628,0.007343618409491077,0.2260453827777929,-1.5288430764176275e-05,-0.241,0.419,0.346,1.0,0.006,0.003,-0.0,-0.21677643225251642,0.3754679016309087,0.40355313723936026
1141,1784678946.606054,-0.007848981904271843,0.007760517550039055,0.22603185446152796,-1.9051349706392917e-05,-0.241,0.419,0.346,1.0,0.006,0.003,-0.0,-0.21677643225251642,0.3754679016309087,0.40355313723936026
1144,1784678946.6370935,-0.006224039239769901,0.006157775447172859,0.22603958228567333,-1.48619812850238e-05,-0.241,0.419,0.346,1.0,0.006,0.003,-0.0,-0.21677643225251642,0.3754679016309087,0.40355313723936026
1144,1784678946.6684887,-0.004917965829007382,0.005939993928315461,0.22619317269447073,-6.011682467443771e-06,-0.241,0.419,0.345,1.0,0.006,0.003,-0.0,-0.21677643225251642,0.3754679016309087,0.40355313723936026
1147,1784678946.691178,-0.0024409686200771406,0.005494195247118535,0.22608923354524485,-9.638425514566082e-07,-0.241,0.419,0.345,1.0,0.006,0.003,-0.0,-0.21677643225251642,0.3754679016309087,0.40355313723936026
1147,1784678946.7124128,-0.0029533085627911643,0.004088441424710323,0.22598660337461873,6.46675792974154e-06,-0.241,0.419,0.345,1.0,0.006,0.003,-0.0,-0.21677643225251642,0.3754679016309087,0.40355313723936026
1149,1784678946.7333214,-0.0006726382525000605,0.0052146796178396205,0.22622820910567126,3.5561986667423235e-06,-0.241,0.419,0.345,1.0,0.006,0.003,-0.0,-0.21677643225251642,0.3754679016309087,0.40355313723936026
1149,1784678946.7540514,-0.0015045039512382452,0.003931234403920405,0.22580913579409026,7.877459424333584e-06,-0.242,0.419,0.345,1.0,0.006,0.003,-0.0,-0.21677643225251642,0.3754679016309087,0.40355313723936026
1151,1784678946.775593,-0.0019745405751484483,0.004121764441413854,0.22609440920473362,1.8745509857938581e-06,-0.242,0.419,0.345,1.0,0.006,0.003,-0.0,-0.21677643225251642,0.3754679016309087,0.40355313723936026
1152,1784678946.7968607,-0.002468856688812764,-0.005283361428719287,0.22598132612335434,-1.7139289814615245e-05,-0.242,0.419,0.345,1.0,0.006,0.004,-0.0,-0.21677643225251642,0.3754679016309087,0.40355313723936026
1154,1784678946.817874,-0.0020817660535093537,-0.006388377379378823,0.22598343316539232,3.288464835170294e-06,-0.242,0.419,0.345,1.0,0.006,0.004,-0.0,-0.21677643225251642,0.3754679016309087,0.40355313723936026
1154,1784678946.8385801,0.006241323403630863,-0.006034664028102137,0.2260707165080562,-6.664590615698391e-06,-0.242,0.419,0.345,1.0,0.005,0.004,-0.0,-0.21677643225251642,0.3754679016309087,0.40355313723936026
1156,1784678946.8590796,0.007328712207817415,-0.005983420578727774,0.22599529107473998,4.675531487545233e-06,-0.242,0.419,0.345,1.0,0.005,0.004,-0.0,-0.21677643225251642,0.3754679016309087,0.40355313723936026
1156,1784678946.879651,0.00799748070886947,-0.0064235615304130324,0.2259637380778729,7.425648713159219e-06,-0.242,0.419,0.345,1.0,0.005,0.004,-0.0,-0.21677643225251642,0.3754679016309087,0.40355313723936026
1158,1784678946.9003203,0.00809609662928554,-0.00608073261001151,0.22598561092643163,5.979747042483154e-06,-0.242,0.419,0.345,1.0,0.005,0.004,-0.0,-0.21677643225251642,0.3754679016309087,0.40355313723936026
1158,1784678946.921436,0.008114044620535216,-0.0056480526765716795,0.22597072824862768,2.897438277520728e-06,-0.242,0.419,0.345,1.0,0.005,0.004,-0.0,-0.21677643225251642,0.3754679016309087,0.40355313723936026
1159,1784678946.9428322,0.007715073280309364,-0.006451428960013243,0.22597910824369224,1.8664349386983498e-06,-0.242,0.419,0.345,1.0,0.005,0.004,-0.0,-0.21677643225251642,0.3754679016309087,0.40355313723936026
1159,1784678946.965335,0.006010515128143608,-0.003656091461943854,0.22597528042416,-2.1003121384179936e-06,-0.242,0.419,0.345,1.0,0.005,0.004,-0.0,-0.21677643225251642,0.3754679016309087,0.40355313723936026
1162,1784678946.989013,0.007032683814104174,-0.0041969711110808085,0.2259781015923849,-8.235769060324289e-06,-0.242,0.419,0.345,1.0,0.005,0.004,-0.0,-0.21677643225251642,0.3754679016309087,0.40355313723936026
1162,1784678947.010162,0.006374089170971736,-0.002601030130003122,0.22597705126491072,-8.379266520281634e-06,-0.242,0.419,0.345,1.0,0.005,0.004,-0.0,-0.21677643225251642,0.3754679016309087,0.40355313723936026
1164,1784678947.0325418,0.0034387801668245895,0.002081786951606041,0.22606318221318641,-1.5120709155597937e-05,-0.242,0.419,0.345,1.0,0.005,0.004,-0.0,-0.21677643225251642,0.3754679016309087,0.40355313723936026
1164,1784678947.0566287,0.005117557800948648,-0.0010824256841771764,0.22592002451184823,-2.6214483001717926e-05,-0.242,0.419,0.345,1.0,0.005,0.004,-0.0,-0.21677643225251642,0.3754679016309087,0.40355313723936026
1167,1784678947.0911417,0.004932885368114159,-0.002695535543052031,0.2260154580807922,-1.694238241347981e-05,-0.242,0.419,0.345,1.0,0.005,0.004,-0.0,-0.21677643225251642,0.3754679016309087,0.40355313723936026
1167,1784678947.124503,-0.004748239463544707,-0.0028832932675799377,0.22594676198808034,-8.591905712579113e-06,-0.242,0.419,0.345,1.0,0.006,0.004,-0.0,-0.21677643225251642,0.3754679016309087,0.40355313723936026
1170,1784678947.153154,-0.004678858421442233,0.003966676765893918,0.22601129232656333,-1.1063171827715971e-05,-0.242,0.419,0.345,1.0,0.006,0.003,-0.0,-0.21677643225251642,0.3754679016309087,0.40355313723936026
1170,1784678947.175598,-0.009773910980986098,0.011104517451333017,0.22603878351997403,-2.4550838675949916e-05,-0.242,0.419,0.345,1.0,0.006,0.003,-0.0,-0.21677643225251642,0.3754679016309087,0.40355313723936026
1173,1784678947.1967041,-0.006349430415465963,0.007896139476503656,0.2259411204820966,-4.761339917001249e-05,-0.242,0.419,0.345,1.0,0.006,0.003,-0.0,-0.21677643225251642,0.3754679016309087,0.40355313723936026
1173,1784678947.2181478,-0.005608482780655994,0.007137206670708114,0.22600516974708282,-3.727606144557741e-05,-0.242,0.419,0.345,1.0,0.006,0.003,-0.0,-0.21677643225251642,0.3754679016309087,0.40355313723936026
1174,1784678947.2399817,-0.004728890127408661,0.005333785105749786,0.2259612307616013,-3.499468507121582e-05,-0.242,0.419,0.345,1.0,0.006,0.003,-0.0,-0.21677643225251642,0.3754679016309087,0.40355313723936026
1174,1784678947.2606618,-0.0038535713709997,0.004687457361471397,0.2259072274354894,-3.0253256774723283e-05,-0.242,0.419,0.345,1.0,0.006,0.003,-0.0,-0.21677643225251642,0.3754679016309087,0.40355313723936026
1177,1784678947.2827935,-0.003776626573541466,0.004171926971986128,0.22602692468796795,-2.727547468173362e-05,-0.242,0.419,0.345,1.0,0.006,0.003,-0.0,-0.21677643225251642,0.3754679016309087,0.40355313723936026
1177,1784678947.3032196,-0.0050075382727729715,0.007491258541703108,0.22603076342443296,-2.5197724155580444e-05,-0.242,0.419,0.345,1.0,0.006,0.003,-0.0,-0.21677643225251642,0.3754679016309087,0.40355313723936026
1179,1784678947.3239496,-0.004358901857844525,0.005000820551270246,0.22594266846831057,-2.9544420927731514e-05,-0.242,0.419,0.345,1.0,0.006,0.003,-0.0,-0.21677643225251642,0.3754679016309087,0.40355313723936026
1179,1784678947.3452945,-0.0039112724982100205,0.0042888060901897975,0.2260024605718061,-2.1277182802426496e-05,-0.242,0.419,0.345,1.0,0.006,0.003,-0.0,-0.21677643225251642,0.3754679016309087,0.40355313723936026
1181,1784678947.3663318,-0.003468229952357833,0.003772334136902743,0.22596183869535347,-1.7239228237305414e-05,-0.242,0.419,0.345,1.0,0.006,0.003,-0.0,-0.21677643225251642,0.3754679016309087,0.40355313723936026
1181,1784678947.3928304,-0.003034848640986524,0.003296233673546499,0.2259893450243903,-1.395941330872172e-05,-0.242,0.419,0.345,1.0,0.006,0.003,-0.0,-0.21677643225251642,0.3754679016309087,0.40355313723936026
1183,1784678947.421746,-0.001423500915631877,0.0033282346931748086,0.22597302605767544,-1.1324711287787867e-05,-0.242,0.419,0.345,1.0,0.006,0.003,-0.0,-0.21677643225251642,0.3754679016309087,0.40355313723936026
1183,1784678947.4517202,-0.0019662400925470145,-0.00702570901624029,0.2258952367339852,-1.1139013033368031e-05,-0.242,0.419,0.345,1.0,0.006,0.004,-0.0,-0.21677643225251642,0.3754679016309087,0.40355313723936026
1186,1784678947.4766734,-0.0020003608340155733,-0.008237680225682869,0.22595672998507874,5.3124916765413416e-06,-0.242,0.419,0.345,1.0,0.006,0.004,-0.0,-0.21677643225251642,0.3754679016309087,0.40355313723936026
1186,1784678947.5005047,-0.0023921528650462168,-0.00751332316832008,0.22591473557454195,5.018192667332058e-06,-0.242,0.419,0.345,1.0,0.006,0.004,-0.0,-0.21677643225251642,0.3754679016309087,0.40355313723936026
1189,1784678947.5263867,-0.0013418590659240205,-0.0073388979703292575,0.22602806441237105,-1.9623159349727066e-06,-0.242,0.419,0.345,1.0,0.006,0.004,-0.0,-0.21677643225251642,0.3754679016309087,0.40355313723936026
1189,1784678947.5415163,0.006815141886095319,-0.007010261124545932,0.22587125667672006,-3.3998714969295816e-06,-0.242,0.419,0.345,1.0,0.005,0.004,-0.0,-0.21677643225251642,0.3754679016309087,0.40355313723936026
1191,1784678947.5620184,0.007433028982517851,-0.006596514565849164,0.2259607572842642,2.370510732894787e-06,-0.242,0.419,0.345,1.0,0.005,0.004,-0.0,-0.21677643225251642,0.3754679016309087,0.40355313723936026
1191,1784678947.5821207,0.0075724229021448975,-0.0061533601227312835,0.2259004837720586,3.413675584619515e-07,-0.242,0.419,0.345,1.0,0.005,0.004,-0.0,-0.21677643225251642,0.3754679016309087,0.40355313723936026
1193,1784678947.6020947,0.008035951837151242,-0.006109006068237229,0.22594244856581144,-1.7615533067376488e-06,-0.242,0.419,0.345,1.0,0.005,0.004,-0.0,-0.21677643225251642,0.3754679016309087,0.40355313723936026
1193,1784678947.6254625,0.008458935401044221,-0.002869804223194281,0.22591585682114598,-5.5524806799052e-06,-0.242,0.419,0.345,1.0,0.005,0.004,-0.0,-0.21677643225251642,0.3754679016309087,0.40355313723936026
1195,1784678947.6495593,0.007694928213934344,-0.001309963770383329,0.22593096110306443,-1.0975120374119309e-05,-0.242,0.419,0.345,1.0,0.005,0.004,-0.0,-0.21677643225251642,0.3754679016309087,0.40355313723936026
1195,1784678947.6763463,0.00766076831967266,-0.0043896361420514484,0.2259200116282326,-1.4245286884194342e-05,-0.242,0.419,0.345,1.0,0.005,0.004,-0.0,-0.21677643225251642,0.3754679016309087,0.40355313723936026
1198,1784678947.701,0.007266732592047602,-0.004727579625678466,0.22592980045229022,-9.50086705296314e-06,-0.242,0.419,0.345,1.0,0.005,0.004,-0.0,-0.21677643225251642,0.3754679016309087,0.40355313723936026
1198,1784678947.7269428,0.006820282382201557,-0.006407230072839173,0.2259216721740953,-9.467902796192432e-06,-0.242,0.419,0.345,1.0,0.005,0.004,-0.0,-0.21677643225251642,0.3754679016309087,0.40355313723936026
1200,1784678947.7583714,0.006762432682146874,0.0026596735603606142,0.22593294125336733,-7.190608595661165e-06,-0.242,0.419,0.345,1.0,0.005,0.003,-0.0,-0.21677643225251642,0.3754679016309087,0.40355313723936026
1200,1784678947.7860503,0.00595794742900725,0.003769509643241167,0.2259144625316485,-2.5232672133539582e-05,-0.242,0.419,0.345,1.0,0.005,0.003,-0.0,-0.21677643225251642,0.3754679016309087,0.40355313723936026
1203,1784678947.8053758,-0.004232723696639186,0.004413940445462555,0.2259237413122411,-2.5578299546096804e-05,-0.242,0.419,0.345,1.0,0.006,0.003,-0.0,-0.21677643225251642,0.3754679016309087,0.40355313723936026
1203,1784678947.8244193,-0.0053807811959183886,0.004493874860446788,0.22593243124638163,-3.843460318445791e-05,-0.242,0.419,0.345,1.0,0.006,0.003,-0.0,-0.21677643225251642,0.3754679016309087,0.40355313723936026
1205,1784678947.8480918,-0.008194012271163151,0.006182025799168141,0.22592195836579496,-3.955355261848863e-05,-0.242,0.418,0.345,1.0,0.006,0.003,-0.0,-0.21677643225251642,0.3754679016309087,0.40355313723936026
1205,1784678947.8831937,-0.008496961709864428,0.005996030206083002,0.2259301549185015,-4.409480779939806e-05,-0.242,0.418,0.345,1.0,0.006,0.003,-0.0,-0.21677643225251642,0.3754679016309087,0.40355313723936026
1208,1784678947.9099236,-0.008983751965786503,0.005480222571998132,0.22592367663326712,-4.52448653576761e-05,-0.243,0.418,0.345,1.0,0.006,0.003,-0.0,-0.21677643225251642,0.3754679016309087,0.40355313723936026
1208,1784678947.9345543,-0.00827258247907803,0.004608494082367152,0.22592851341591114,-4.080998214881427e-05,-0.243,0.418,0.345,1.0,0.006,0.003,-0.0,-0.21677643225251642,0.3754679016309087,0.40355313723936026
1211,1784678947.9559336,-0.0074341617748255664,0.004088872262888804,0.22592527203947754,-3.394603850705263e-05,-0.243,0.418,0.345,1.0,0.006,0.003,-0.0,-0.21677643225251642,0.3754679016309087,0.40355313723936026
1211,1784678947.977852,-0.006564882284785776,0.003257883065399882,0.22584410697726554,-2.9152390311087034e-05,-0.243,0.418,0.345,1.0,0.006,0.003,-0.0,-0.21677643225251642,0.3754679016309087,0.40355313723936026
1213,1784678948.0001488,-0.004871788082110936,0.003514937075456216,0.22598504638288358,-1.9135395322706766e-05,-0.243,0.418,0.345,1.0,0.006,0.003,-0.0,-0.21677643225251642,0.3754679016309087,0.40355313723936026
1213,1784678948.0208879,-0.005527722500463289,0.002730352611833068,0.22588568762445782,-1.9002453418829655e-05,-0.243,0.418,0.345,1.0,0.006,0.003,-0.0,-0.21677643225251642,0.3754679016309087,0.40355313723936026
1215,1784678948.0501938,-0.0047435251785286,-0.00027090836068831194,0.22240598954692917,-2.7566065631538863e-05,-0.243,0.418,0.345,1.0,0.006,0.003,-0.0,-0.2425006350702435,0.41848876101958016,0.345038392252127
1215,1784678948.0712147,-0.003962827169319038,-0.0011216722519859302,0.22478088294438156,-2.0991679728722543e-05,-0.243,0.418,0.345,1.0,0.006,0.003,-0.0,-0.2425006350702435,0.41848876101958016,0.345038392252127
1217,1784678948.096102,-0.005624933396137174,-0.0002968020798528514,0.22315332052435138,-1.7910480950735153e-05,-0.243,0.418,0.345,1.0,0.006,0.003,-0.0,-0.2425006350702435,0.41848876101958016,0.345038392252127
1217,1784678948.1181848,-0.005460955704723172,0.0008625223557366677,0.2243524483546431,-2.356468952745613e-05,-0.243,0.418,0.345,1.0,0.006,0.003,-0.0,-0.2425006350702435,0.41848876101958016,0.345038392252127
1220,1784678948.1422708,-0.003794518572095505,0.0011260013060073138,0.2235333662501167,-3.2462195533782174e-05,-0.243,0.418,0.345,1.0,0.006,0.003,-0.0,-0.2425006350702435,0.41848876101958016,0.345038392252127
1220,1784678948.1642554,-0.0006075981701274269,0.0007580132618299771,0.22426291819458855,-3.143820733155786e-05,-0.243,0.418,0.345,1.0,0.006,0.003,-0.0,-0.2425006350702435,0.41848876101958016,0.345038392252127
1222,1784678948.1835644,0.0010301825935821046,0.0011616126000052367,0.22384783336184721,-1.9557843027640103e-05,-0.243,0.418,0.345,1.0,0.006,0.003,-0.0,-0.2425006350702435,0.41848876101958016,0.345038392252127
1222,1784678948.202162,0.007238386196053895,-0.0073968069756382366,0.22404716972516633,1.5331082828204113e-05,-0.243,0.418,0.345,1.0,0.005,0.004,-0.0,-0.2425006350702435,0.41848876101958016,0.345038392252127
1224,1784678948.2254882,0.006899464345724766,-0.00795650219633072,0.2239059025467312,4.458954423692304e-05,-0.243,0.418,0.345,1.0,0.005,0.004,-0.0,-0.2425006350702435,0.41848876101958016,0.345038392252127
1224,1784678948.2521899,0.009268963360949258,-0.006869869520800946,0.22409714717308515,4.147089178844957e-05,-0.243,0.418,0.345,1.0,0.005,0.004,-0.0,-0.2425442899395895,0.4184263149805936,0.34508232728509836
1226,1784678948.276873,0.010446700696618696,-0.0067554214123426775,0.22404965176695113,4.634045505847289e-05,-0.243,0.418,0.345,1.0,0.005,0.004,-0.0,-0.2425442899395895,0.4184263149805936,0.34508232728509836
1228,1784678948.3021948,0.011383098926925843,-0.005971520300907474,0.2242534234832218,4.8292167612551176e-05,-0.243,0.419,0.345,1.0,0.005,0.004,-0.0,-0.2425442899395895,0.4184263149805936,0.34508232728509836
1228,1784678948.3272536,0.012011981582760942,-0.0038602278134555875,0.22420103008105466,3.704583230553598e-05,-0.243,0.419,0.345,1.0,0.005,0.004,-0.0,-0.2425442899395895,0.4184263149805936,0.34508232728509836
1230,1784678948.3509884,0.01871594489108937,0.001221710358832299,0.22500704206355637,2.033545192527374e-05,-0.243,0.419,0.345,1.0,0.005,0.004,-0.0,-0.2425442899395895,0.4184263149805936,0.34508232728509836
1230,1784678948.3774948,0.013989553433535005,-0.002244578138995558,0.22385268154949758,2.732062177928814e-05,-0.243,0.419,0.345,1.0,0.005,0.004,-0.0,-0.2425442899395895,0.4184263149805936,0.34508232728509836
1233,1784678948.4045036,0.019177785063289158,0.0058180344304012465,0.22567482511712478,-3.4589568562271865e-06,-0.243,0.419,0.345,1.0,0.005,0.004,-0.0,-0.2425442899395895,0.4184263149805936,0.34508232728509836
1233,1784678948.4350688,0.008906380362096131,0.00491477615136957,0.22304910668376524,-2.86114472484389e-05,-0.243,0.419,0.344,1.0,0.005,0.003,-0.0,-0.2425442899395895,0.4184263149805936,0.34508232728509836
1235,1784678948.4597108,0.008558833018049166,0.006281890553679057,0.225098324024202,-3.978743567534083e-05,-0.243,0.419,0.344,1.0,0.005,0.003,-0.0,-0.2425442899395895,0.4184263149805936,0.34508232728509836
1237,1784678948.4892287,0.00012874375854413783,0.007846527370884867,0.2239468545767253,-6.105627132619058e-05,-0.243,0.419,0.344,1.0,0.006,0.003,-0.0,-0.2425442899395895,0.4184263149805936,0.34508232728509836
1237,1784678948.5074346,0.008125199581207828,0.018241212187590346,0.22660458107688816,-7.872519259176142e-05,-0.243,0.419,0.344,1.0,0.006,0.003,-0.0,-0.24273192054128398,0.4186773566298829,0.34465602829825137
1239,1784678948.5270233,7.649588809060213e-05,0.008271096842847265,0.22282195916868128,-0.00011066720145247811,-0.243,0.419,0.344,1.0,0.006,0.003,-0.0,-0.24273192054128398,0.4186773566298829,0.34465602829825137
1239,1784678948.5493793,0.0029848224968648755,0.010540709731309997,0.22618041506301648,-8.760481498956555e-05,-0.243,0.419,0.344,1.0,0.006,0.003,-0.0,-0.24273192054128398,0.4186773566298829,0.34465602829825137
1241,1784678948.5685792,0.0008465814594971824,0.008060775147448053,0.22345028042495652,-8.843283526733766e-05,-0.243,0.419,0.344,1.0,0.006,0.003,-0.0,-0.24273192054128398,0.4186773566298829,0.34465602829825137
1241,1784678948.591102,0.015311251476181568,0.016672900886579203,0.2275393361118545,-6.753076358942574e-05,-0.243,0.42,0.343,1.0,0.006,0.003,-0.0,-0.24273192054128398,0.4186773566298829,0.34465602829825137
1243,1784678948.6290126,0.004793143105154194,0.007420428942605643,0.2224375348981092,-7.658056364242421e-05,-0.243,0.42,0.343,1.0,0.006,0.003,-0.0,-0.24273192054128398,0.4186773566298829,0.34465602829825137
1245,1784678948.6500661,0.004685620801789487,0.007108074528296659,0.22626401970828086,-7.026569544299233e-05,-0.243,0.42,0.343,1.0,0.006,0.003,-0.0,-0.24273192054128398,0.4186773566298829,0.34465602829825137
1245,1784678948.6765187,0.02143971364631255,0.0034925789086658714,0.22594389491375458,-2.3352981446421755e-05,-0.243,0.42,0.343,1.0,0.006,0.004,-0.0,-0.24273192054128398,0.4186773566298829,0.34465602829825137
1248,1784678948.7015197,0.012895914915117148,-0.0006648073263796472,0.22470509578176687,1.4620139262051678e-05,-0.244,0.42,0.342,1.0,0.006,0.004,-0.0,-0.24273192054128398,0.4186773566298829,0.34465602829825137
1248,1784678948.7280297,0.011835024228251933,-0.0013063447823289283,0.22555516221911764,1.090428186871747e-05,-0.244,0.42,0.342,1.0,0.006,0.004,-0.0,-0.24273192054128398,0.4186773566298829,0.34465602829825137
1250,1784678948.7534897,0.01286820857513571,-8.257288531751152e-05,0.22506079627627348,4.844934590728268e-06,-0.244,0.42,0.342,1.0,0.006,0.004,-0.0,-0.24273192054128398,0.4186773566298829,0.34465602829825137
1250,1784678948.775067,0.012421201459315108,-9.111658353631175e-06,0.22530233200922353,2.9373816123717295e-06,-0.244,0.42,0.342,1.0,0.006,0.004,-0.0,-0.24325336723147456,0.41961720478683,0.34317713886936974
1252,1784678948.7958596,0.027351080896207525,0.006930666515062757,0.22710796983235024,-4.0106447410988985e-06,-0.244,0.421,0.342,1.0,0.006,0.004,-0.0,-0.24325336723147456,0.41961720478683,0.34317713886936974
1254,1784678948.8156593,0.030643598205296215,0.009208971052373057,0.22610935331744866,-3.501398216272219e-06,-0.244,0.421,0.341,1.0,0.006,0.004,-0.0,-0.24325336723147456,0.41961720478683,0.34317713886936974
1254,1784678948.8362384,0.01245692662018769,-4.7002972500534076e-05,0.22414897111480045,5.138330858159091e-06,-0.244,0.421,0.341,1.0,0.006,0.004,-0.0,-0.24325336723147456,0.41961720478683,0.34317713886936974
1256,1784678948.8567774,0.027310684957874812,0.010146463639982475,0.2282372763745179,-2.2880022937328372e-05,-0.244,0.421,0.341,1.0,0.006,0.004,-0.0,-0.24325336723147456,0.41961720478683,0.34317713886936974
1256,1784678948.8789544,0.016409869430921965,0.003993170911990045,0.22338865465747532,-2.636339133569368e-05,-0.244,0.421,0.341,1.0,0.006,0.004,-0.0,-0.24325336723147456,0.41961720478683,0.34317713886936974
1258,1784678948.902007,0.02682927755257633,0.011480241523156829,0.22876070597724082,-3.8937999468193995e-05,-0.244,0.421,0.341,1.0,0.006,0.004,-0.0,-0.24325336723147456,0.41961720478683,0.34317713886936974
1258,1784678948.9225082,0.011318276163685654,0.001438924256927647,0.22244181820222494,-3.542020712977078e-05,-0.244,0.421,0.341,1.0,0.006,0.004,-0.0,-0.24325336723147456,0.41961720478683,0.34317713886936974
1260,1784678948.9444056,0.014185777223336044,0.01101309628764715,0.22943956726201067,-5.557713119251693e-05,-0.244,0.421,0.34,1.0,0.007,0.004,-0.0,-0.24399343010024868,0.42096019729367445,0.34104750070537954
1260,1784678948.968465,0.0008888725521322902,0.0009438926370161534,0.22202465871640376,-7.96869200702065e-05,-0.244,0.422,0.34,1.0,0.007,0.004,-0.0,-0.24399343010024868,0.42096019729367445,0.34104750070537954
1262,1784678948.9938471,0.0005667049605059954,0.0018722530844984611,0.22776902527726467,-6.875704824901778e-05,-0.244,0.422,0.34,1.0,0.007,0.004,-0.0,-0.24399343010024868,0.42096019729367445,0.34104750070537954
1262,1784678949.019632,-0.0048939488159764795,-0.000985598410461484,0.2227166407004199,-7.351956602115311e-05,-0.245,0.422,0.339,1.0,0.007,0.004,-0.0,-0.24399343010024868,0.42096019729367445,0.34104750070537954
1265,1784678949.0421765,0.009566523580761578,0.01061790899031407,0.22951840105148916,-6.329308038213413e-05,-0.245,0.422,0.339,1.0,0.007,0.004,-0.0,-0.24399343010024868,0.42096019729367445,0.34104750070537954
1265,1784678949.06497,0.0032611646429534114,0.004893203577978376,0.22281512260768974,-8.590391253054528e-05,-0.245,0.422,0.339,1.0,0.007,0.004,-0.0,-0.24399343010024868,0.42096019729367445,0.34104750070537954
1267,1784678949.0894759,-0.001883032498479988,0.0018287160352809008,0.22677904384509423,-8.21319744952494e-05,-0.245,0.422,0.339,1.0,0.007,0.004,-0.0,-0.24399343010024868,0.42096019729367445,0.34104750070537954
1267,1784678949.115453,0.00439602089303231,0.003764458817508849,0.22483180031183517,-6.270803344746554e-05,-0.245,0.423,0.338,1.0,0.007,0.004,-0.0,-0.24399343010024868,0.42096019729367445,0.34104750070537954
1270,1784678949.1394138,0.0062047607924110345,0.003459075115237074,0.22615577208673723,-5.5155798153962644e-05,-0.245,0.423,0.338,1.0,0.007,0.004,-0.0,-0.24399343010024868,0.42096019729367445,0.34104750070537954
1270,1784678949.1702192,0.010882400789543131,0.010893624404169898,0.22721365125497522,-6.587021677907493e-05,-0.245,0.423,0.338,1.0,0.008,0.004,-0.0,-0.24399343010024868,0.42096019729367445,0.34104750070537954
1272,1784678949.1970086,-0.0004186274918411958,0.004614540630555304,0.2245371302078304,-9.117743176563107e-05,-0.245,0.423,0.338,1.0,0.008,0.004,-0.0,-0.24399343010024868,0.42096019729367445,0.34104750070537954
1272,1784678949.224895,0.01291691522018931,0.011734249345191287,0.22835664576659936,-7.616655987112219e-05,-0.245,0.423,0.337,1.0,0.008,0.004,-0.0,-0.24478376630477594,0.42242041555546245,0.3387150672650925
1275,1784678949.2515266,0.0013133927170956173,0.005288654811129347,0.2236853834168888,-8.238790545450796e-05,-0.245,0.424,0.337,1.0,0.008,0.004,-0.0,-0.24478376630477594,0.42242041555546245,0.3387150672650925
1275,1784678949.279869,-0.000769038434884373,0.0036041053240562617,0.22687765286208647,-8.145976009977633e-05,-0.245,0.424,0.337,1.0,0.008,0.004,-0.0,-0.24478376630477594,0.42242041555546245,0.3387150672650925
1278,1784678949.3070374,-0.0006499856369284341,0.004745894824215518,0.2248558379135736,-8.268013871560721e-05,-0.246,0.424,0.336,1.0,0.008,0.004,-0.0,-0.24478376630477594,0.42242041555546245,0.3387150672650925
1278,1784678949.3344781,0.012655727084975374,0.011735005358583999,0.2281261204568115,-7.275587581618497e-05,-0.246,0.424,0.336,1.0,0.008,0.004,-0.0,-0.24478376630477594,0.42242041555546245,0.3387150672650925
1280,1784678949.3622262,-0.003671588683748594,0.003200147059183197,0.22331933691446604,-8.182677599928755e-05,-0.246,0.424,0.336,1.0,0.008,0.004,-0.0,-0.24478376630477594,0.42242041555546245,0.3387150672650925
1282,1784678949.3938005,-0.006298495919192014,0.001605419914523577,0.22676377393065172,-8.066936352074538e-05,-0.246,0.424,0.335,1.0,0.008,0.004,-0.0,-0.24478376630477594,0.42242041555546245,0.3387150672650925
1282,1784678949.4176419,-0.00021433372596586613,-0.0048542048590679366,0.2248458862316672,-5.895933155502876e-05,-0.246,0.425,0.335,1.0,0.008,0.005,-0.0,-0.24557409401528457,0.42384684112171966,0.3363958567374385
1285,1784678949.4423797,0.00029810646381580284,-0.00565681349167911,0.22615924324229122,-2.6508043870552466e-05,-0.246,0.425,0.335,1.0,0.008,0.005,-0.0,-0.24557409401528457,0.42384684112171966,0.3363958567374385
1285,1784678949.4644802,0.002178664630577363,-0.00565021775371121,0.2253492720247528,-1.7595706612213644e-05,-0.246,0.425,0.335,1.0,0.008,0.005,-0.0,-0.24557409401528457,0.42384684112171966,0.3363958567374385
1287,1784678949.4848096,-0.005363955442941092,-0.00897093349644332,0.225028133535727,-8.534535454448804e-06,-0.246,0.425,0.334,1.0,0.008,0.005,-0.0,-0.24557409401528457,0.42384684112171966,0.3363958567374385
1287,1784678949.5088725,0.001654853486211109,-0.005323736251972886,0.22628659895048192,-1.5416789697906266e-05,-0.246,0.425,0.334,1.0,0.008,0.005,-0.0,-0.24557409401528457,0.42384684112171966,0.3363958567374385
1289,1784678949.532126,0.018081126675546025,0.0031471720018941274,0.2273930813996296,-2.659640502231037e-05,-0.246,0.425,0.334,1.0,0.008,0.005,-0.0,-0.24557409401528457,0.42384684112171966,0.3363958567374385
1289,1784678949.5599725,0.005303117068352802,-0.0030538470894717114,0.224658121188631,-1.1803075465420756e-05,-0.246,0.425,0.334,1.0,0.008,0.005,-0.0,-0.24557409401528457,0.42384684112171966,0.3363958567374385
1292,1784678949.5820053,0.005495106717592832,-0.0012020954023273817,0.22654366638672738,-2.4781737146052154e-05,-0.247,0.426,0.334,1.0,0.008,0.005,-0.0,-0.24557409401528457,0.42384684112171966,0.3363958567374385
1292,1784678949.6069534,0.021096431643445684,0.008801452175893298,0.22721422255972773,-4.521904486827527e-05,-0.247,0.426,0.333,1.0,0.008,0.005,-0.0,-0.24638308614330842,0.42526657430585857,0.33404317618635
1294,1784678949.6380026,0.007848217825622835,0.000814411194653088,0.22477360869680507,-3.9547623972461685e-05,-0.247,0.426,0.333,1.0,0.008,0.005,-0.0,-0.24638308614330842,0.42526657430585857,0.33404317618635
1294,1784678949.6588154,0.02144269816879878,0.00942581732810433,0.22834766593257175,-4.7952940468346664e-05,-0.247,0.426,0.333,1.0,0.008,0.005,-0.0,-0.24638308614330842,0.42526657430585857,0.33404317618635
1297,1784678949.6805005,0.00665285959548877,0.0014813075943552884,0.2239208338412828,-5.738724712012807e-05,-0.247,0.426,0.333,1.0,0.008,0.005,-0.0,-0.24638308614330842,0.42526657430585857,0.33404317618635
1297,1784678949.7019637,0.003430516605929173,-0.0014897327265087842,0.22710815855187153,-4.9610997343176816e-05,-0.247,0.426,0.332,1.0,0.008,0.005,-0.0,-0.24638308614330842,0.42526657430585857,0.33404317618635
1299,1784678949.7256413,-0.006007112968814206,-0.006839846887967551,0.223814531175753,-4.1952934179222376e-05,-0.247,0.426,0.332,1.0,0.008,0.005,-0.0,-0.24638308614330842,0.42526657430585857,0.33404317618635
1299,1784678949.747772,0.0004128648995764244,-0.0032476690620643267,0.22718930315652253,-3.771727669102581e-05,-0.247,0.426,0.332,1.0,0.008,0.005,-0.0,-0.24638308614330842,0.42526657430585857,0.33404317618635
1301,1784678949.7712774,-0.004496166021638069,-0.0062497828518949675,0.22393630432733105,-3.560122918591716e-05,-0.247,0.427,0.332,1.0,0.008,0.005,-0.0,-0.24638308614330842,0.42526657430585857,0.33404317618635
1301,1784678949.793888,-0.0053718390907328654,-0.007995263114139301,0.22607305024157878,-2.8334038807034202e-05,-0.247,0.427,0.332,1.0,0.008,0.005,-0.0,-0.24638308614330842,0.42526657430585857,0.33404317618635
1304,1784678949.815301,-0.0032537752094048446,-0.005649960385537271,0.22511659938750286,-3.117389414441853e-05,-0.247,0.427,0.331,1.0,0.008,0.005,-0.0,-0.24638308614330842,0.42526657430585857,0.33404317618635
1304,1784678949.8424103,0.0008637966773412005,-0.0030487264352083085,0.22636837492288697,-3.620482984693682e-05,-0.247,0.427,0.331,1.0,0.008,0.005,-0.0,-0.24638308614330842,0.42526657430585857,0.33404317618635
1306,1784678949.8752148,0.015354600489898108,0.006508409288932822,0.22731613663397646,-4.82959196490711e-05,-0.247,0.427,0.331,1.0,0.008,0.005,-0.0,-0.24638308614330842,0.42526657430585857,0.33404317618635
1306,1784678949.8993201,0.018846234212826034,0.00901837259475972,0.2266563821821769,-6.549132571590878e-05,-0.247,0.427,0.331,1.0,0.008,0.005,-0.0,-0.24638308614330842,0.42526657430585857,0.33404317618635
1309,1784678949.9258502,0.0072440375564845755,0.001965205229378361,0.2253165147776225,-7.275962879091728e-05,-0.248,0.427,0.33,1.0,0.008,0.005,-0.0,-0.24712532125396997,0.426585216010519,0.33183866726802697
1309,1784678949.9510431,0.0015399621944222376,-0.0017665102198226833,0.22563979840312115,-6.446633296833588e-05,-0.248,0.428,0.33,1.0,0.008,0.005,-0.0,-0.24712532125396997,0.426585216010519,0.33183866726802697
1311,1784678949.979253,0.0002623165987198396,-0.002218061519368715,0.2254214356280885,-5.7689052805388056e-05,-0.248,0.428,0.33,1.0,0.008,0.005,-0.0,-0.24712532125396997,0.426585216010519,0.33183866726802697
1311,1784678950.0077357,0.014747418650621666,0.0073178089805062164,0.2278042636702893,-6.006638069981155e-05,-0.248,0.428,0.33,1.0,0.008,0.005,-0.0,-0.24712532125396997,0.426585216010519,0.33183866726802697
1314,1784678950.0279098,0.001466027144401083,-0.0030928908503838042,0.22385682734393864,-5.269283211881664e-05,-0.248,0.428,0.33,1.0,0.008,0.005,-0.0,-0.24712532125396997,0.426585216010519,0.33183866726802697
1314,1784678950.0489514,-0.0006928176049406515,-0.004563237848924076,0.22671841890544708,-4.166496650774311e-05,-0.248,0.428,0.329,1.0,0.008,0.005,-0.0,-0.24712532125396997,0.426585216010519,0.33183866726802697
1316,1784678950.0694094,0.0021186907244381444,-0.0008764887646023206,0.22527748225676533,-4.993668359062889e-05,-0.248,0.428,0.329,1.0,0.008,0.005,-0.0,-0.24712532125396997,0.426585216010519,0.33183866726802697
1316,1784678950.0897112,0.012737650419473709,0.006319231968251005,0.2278889859452731,-6.073447402123633e-05,-0.248,0.428,0.329,1.0,0.008,0.005,-0.0,-0.24712532125396997,0.426585216010519,0.33183866726802697
1318,1784678950.116868,0.00012283740979257204,-0.0031255064844963945,0.22380843691107996,-5.642820192394138e-05,-0.248,0.428,0.329,1.0,0.008,0.005,-0.0,-0.2478322673805569,0.4278497844275788,0.32970415404038717
1318,1784678950.143564,0.003446172941001375,-0.0009269191553132605,0.22728483695137916,-5.2197710230817966e-05,-0.248,0.429,0.328,1.0,0.008,0.005,-0.0,-0.2478322673805569,0.4278497844275788,0.32970415404038717
1321,1784678950.170962,0.014706484056646905,0.007194581822411877,0.2265290901077702,7.241740031803212e-05,-0.248,0.429,0.328,1.0,0.008,0.005,-0.0,-0.2478322673805569,0.4278497844275788,0.32970415404038717
1321,1784678950.1938326,-0.003940761141897231,-0.0003945638879164926,0.22531813405150508,7.282550722160625e-05,-0.248,0.429,0.328,1.0,0.009,0.005,-0.0,-0.2478322673805569,0.4278497844275788,0.32970415404038717
1323,1784678950.2141578,-0.005694007277634989,-0.0013307330768415563,0.22625424973183048,7.195662754185672e-05,-0.248,0.429,0.328,1.0,0.009,0.005,-0.0,-0.2478322673805569,0.4278497844275788,0.32970415404038717
1325,1784678950.2367868,-0.011693756682297057,-0.0034164116872936,0.22475503713197778,7.022224766698774e-05,-0.249,0.429,0.328,1.0,0.009,0.005,-0.0,-0.2478322673805569,0.4278497844275788,0.32970415404038717
1325,1784678950.2607982,-0.007733219353115063,-0.00010691868073330231,0.2265578352863531,7.831655861192795e-05,-0.249,0.429,0.328,1.0,0.009,0.005,-0.0,-0.2478322673805569,0.4278497844275788,0.32970415404038717
1327,1784678950.284126,-0.0071543112614846725,0.00038222702880633466,0.22535385005012754,7.794028642483756e-05,-0.249,0.429,0.327,1.0,0.009,0.005,-0.0,-0.24845508860890375,0.428913236636032,0.32786934118180744
1327,1784678950.302249,-0.006804885450408986,0.0003734971857018467,0.2260922003280845,7.889320246315897e-05,-0.249,0.429,0.327,1.0,0.009,0.005,-0.0,-0.24845508860890375,0.428913236636032,0.32786934118180744
1329,1784678950.3198009,-0.006679190413904168,0.00043752035843631215,0.22558772951399472,8.030991704094664e-05,-0.249,0.429,0.327,1.0,0.009,0.005,-0.0,-0.24845508860890375,0.428913236636032,0.32786934118180744
1329,1784678950.3334002,-0.01033609784550882,-0.0024241764594224915,0.2254135067348718,1.1039062419318087e-05,-0.249,0.429,0.327,1.0,0.009,0.005,-0.0,-0.24845508860890375,0.428913236636032,0.32786934118180744
1331,1784678950.355494,-0.005302601958740197,-0.0003456527558859789,0.22605834371408282,-1.8724774592907684e-05,-0.249,0.43,0.327,1.0,0.009,0.005,-0.0,-0.24845508860890375,0.428913236636032,0.32786934118180744
1332,1784678950.3786664,-0.004334294162059228,-6.069954266059094e-05,0.22561228456236587,-4.146122860204488e-05,-0.249,0.43,0.327,1.0,0.009,0.005,-0.0,-0.24845508860890375,0.428913236636032,0.32786934118180744
1332,1784678950.3977334,0.007083325443554363,0.008845723353911974,0.22729933782702058,-6.535423014716088e-05,-0.249,0.43,0.327,1.0,0.009,0.005,-0.0,-0.24845508860890375,0.428913236636032,0.32786934118180744
1334,1784678950.4160254,-0.002082951250701473,0.0011396377460649362,0.22491738151324414,-7.867354964030541e-05,-0.249,0.43,0.326,1.0,0.009,0.005,-0.0,-0.24845508860890375,0.428913236636032,0.32786934118180744
1335,1784678950.4485962,0.008995088637463552,0.008900372501171672,0.22793851343180255,-8.289355307862533e-05,-0.249,0.43,0.326,1.0,0.009,0.005,-0.0,-0.24845508860890375,0.428913236636032,0.32786934118180744
1335,1784678950.4827297,0.01018654374246972,0.00985301716819744,0.2257699906197676,-9.683183430212245e-05,-0.249,0.43,0.326,1.0,0.009,0.005,-0.0,-0.24845508860890375,0.428913236636032,0.32786934118180744
1338,1784678950.5217862,-0.0010803244235543553,0.00076466678747498,0.22587391104239501,-8.651547578936042e-05,-0.249,0.43,0.326,1.0,0.009,0.005,-0.0,-0.24845508860890375,0.428913236636032,0.32786934118180744
1338,1784678950.5603368,0.0038537791880859755,0.004623107079330113,0.22684859323544584,-8.921815420978775e-05,-0.249,0.43,0.326,1.0,0.009,0.005,-0.0,-0.24845508860890375,0.428913236636032,0.32786934118180744
1342,1784678950.5876975,-0.006044225482073534,-0.0013306011982388427,0.2250453454780326,-8.541742859786053e-05,-0.249,0.43,0.325,1.0,0.009,0.005,-0.0,-0.24845508860890375,0.428913236636032,0.32786934118180744
1342,1784678950.6142163,-0.002309608654710627,0.0010355614342352562,0.22720701428772505,-8.721824080621877e-05,-0.249,0.43,0.325,1.0,0.009,0.005,-0.0,-0.24911078961370461,0.4299054331507984,0.32608501962516395
1345,1784678950.6345887,-0.010697373326661642,-0.0022102177302097594,0.2242712340973832,-8.826727621741342e-05,-0.25,0.43,0.325,1.0,0.009,0.005,-0.0,-0.24911078961370461,0.4299054331507984,0.32608501962516395
1345,1784678950.6562343,-0.010309323126332422,-0.00245769290349907,0.22662073630089002,-8.539642085888178e-05,-0.25,0.43,0.325,1.0,0.009,0.005,-0.0,-0.24911078961370461,0.4299054331507984,0.32608501962516395
1347,1784678950.6777983,-0.010032693294552024,-0.0039410028995100835,0.22467694720841622,-7.230273760108161e-05,-0.25,0.431,0.325,1.0,0.009,0.005,-0.0,-0.24911078961370461,0.4299054331507984,0.32608501962516395
1347,1784678950.6991773,-0.0031022793363095977,0.002292450029010063,0.22721090979722594,-8.036722105942996e-05,-0.25,0.431,0.325,1.0,0.009,0.005,-0.0,-0.24911078961370461,0.4299054331507984,0.32608501962516395
1349,1784678950.7173302,-0.007704152722182852,-0.0008797496836015408,0.2245286422513595,-8.54897259231576e-05,-0.25,0.431,0.325,1.0,0.009,0.005,-0.0,-0.24911078961370461,0.4299054331507984,0.32608501962516395
1350,1784678950.7390037,-0.0010430428520949667,0.003805329399033946,0.22731361610732242,-8.756930275698367e-05,-0.25,0.431,0.325,1.0,0.009,0.005,-0.0,-0.24911078961370461,0.4299054331507984,0.32608501962516395
1350,1784678950.7573593,-0.006737839820336371,0.0001415865637543253,0.22445702250115865,-8.843675598965299e-05,-0.25,0.431,0.325,1.0,0.009,0.005,-0.0,-0.24911078961370461,0.4299054331507984,0.32608501962516395
1352,1784678950.791279,-0.00721765402821992,-0.0006391589159169386,0.22647623992888724,-8.611522211643191e-05,-0.25,0.431,0.324,1.0,0.009,0.005,-0.0,-0.24967332451113763,0.43059713895495216,0.32475077438988165
1352,1784678950.808199,-0.009368299544982441,-0.0026008893728443738,0.22475170480505394,-8.012606001432573e-05,-0.25,0.431,0.324,1.0,0.009,0.005,-0.0,-0.24967332451113763,0.43059713895495216,0.32475077438988165
1354,1784678950.82498,-0.00667537108732881,-0.00053459980473663,0.22627628484195467,-7.934345668861027e-05,-0.25,0.431,0.324,1.0,0.009,0.005,-0.0,-0.24967332451113763,0.43059713895495216,0.32475077438988165
1354,1784678950.8412373,-0.009336103152639353,-0.0022065752286851478,0.22471833647263506,-7.802512292639287e-05,-0.25,0.431,0.324,1.0,0.009,0.005,-0.0,-0.24967332451113763,0.43059713895495216,0.32475077438988165
1356,1784678950.8571446,0.0013927307695591213,0.005985467279179264,0.22716593933074003,-8.757864540381094e-05,-0.25,0.431,0.324,1.0,0.009,0.005,-0.0,-0.24967332451113763,0.43059713895495216,0.32475077438988165
1357,1784678950.8759623,-0.007846352276086805,-0.0013960883831656157,0.22427382013724756,-8.478941081467806e-05,-0.25,0.431,0.324,1.0,0.009,0.005,-0.0,-0.24967332451113763,0.43059713895495216,0.32475077438988165
1358,1784678950.8948445,-0.008972844559660067,-0.002496254464506074,0.22625776121985844,-7.760843393166104e-05,-0.25,0.431,0.324,1.0,0.009,0.005,-0.0,-0.24967332451113763,0.43059713895495216,0.32475077438988165
1359,1784678950.9129443,0.0026905222453102364,0.006404028640794156,0.22611229045197748,-8.551524440690965e-05,-0.25,0.431,0.324,1.0,0.009,0.005,-0.0,-0.24967332451113763,0.43059713895495216,0.32475077438988165
1360,1784678950.9366202,-0.007522035638911647,-0.0015116510103234376,0.22498733040974575,-8.227768081748657e-05,-0.25,0.431,0.324,1.0,0.009,0.005,-0.0,-0.24967332451113763,0.43059713895495216,0.32475077438988165
1361,1784678950.9591744,0.0029825711378772216,0.006400798360593679,0.22698311148213365,-8.624026508503269e-05,-0.25,0.431,0.324,1.0,0.009,0.005,-0.0,-0.24967332451113763,0.43059713895495216,0.32475077438988165
1361,1784678950.9763017,0.013611807300223095,0.007652058953919684,0.2256088139932603,-7.78521306011918e-05,-0.25,0.431,0.324,1.0,0.008,0.005,-0.0,-0.24967332451113763,0.43059713895495216,0.32475077438988165
1363,1784678951.0017111,0.014593732209895223,0.007747050669001514,0.22652611869325384,-6.547403319577873e-05,-0.25,0.431,0.324,1.0,0.008,0.005,-0.0,-0.24967332451113763,0.43059713895495216,0.32475077438988165
1363,1784678951.024223,0.014563438700582581,0.007440894017586911,0.2260606950998477,-6.701380447789765e-05,-0.25,0.431,0.323,1.0,0.008,0.005,-0.0,-0.24967332451113763,0.43059713895495216,0.32475077438988165
1365,1784678951.0421681,0.013299145546688094,0.006541166934592951,0.22637810143810133,-6.740098681797994e-05,-0.25,0.431,0.323,1.0,0.008,0.005,-0.0,-0.24967332451113763,0.43059713895495216,0.32475077438988165
1365,1784678951.0666687,0.010928473077409932,0.005646955989809875,0.22599918955883316,-7.217024623211838e-05,-0.25,0.431,0.323,1.0,0.008,0.005,-0.0,-0.25017222265029304,0.43109800768264,0.32370848321520757
1367,1784678951.0921416,0.002165346448359749,-0.00023930932808785207,0.2253997932189969,-6.059777862113099e-05,-0.25,0.431,0.323,1.0,0.008,0.005,-0.0,-0.25017222265029304,0.43109800768264,0.32370848321520757
1367,1784678951.1146953,-0.0009562136456654057,-0.0034718355008087863,0.22547489113742805,-4.906654657605841e-05,-0.25,0.431,0.323,1.0,0.008,0.005,-0.0,-0.25017222265029304,0.43109800768264,0.32370848321520757
1370,1784678951.1356547,-0.001690768042730521,-0.0022781165406233345,0.22542851809590092,-5.183743372056769e-05,-0.251,0.431,0.323,1.0,0.008,0.005,-0.0,-0.25017222265029304,0.43109800768264,0.32370848321520757
1370,1784678951.154801,-0.00213274780514275,-0.000465680836111931,0.2257159496744878,-6.49071475125755e-05,-0.251,0.431,0.323,1.0,0.008,0.005,-0.0,-0.25017222265029304,0.43109800768264,0.32370848321520757
1371,1784678951.178153,-0.002518538022679666,-0.0006222774109636911,0.22552034471736498,-7.068889332372131e-05,-0.251,0.431,0.323,1.0,0.008,0.005,-0.0,-0.25017222265029304,0.43109800768264,0.32370848321520757
1373,1784678951.2012117,-0.0010124905935480263,-0.00024145396945974423,0.22557631367461353,-6.686007400594668e-05,-0.251,0.432,0.323,1.0,0.008,0.005,-0.0,-0.25017222265029304,0.43109800768264,0.32370848321520757
1373,1784678951.2238498,-0.011039099499140599,-0.001860246252706272,0.22535320047678406,-7.212392602859937e-05,-0.251,0.432,0.323,1.0,0.009,0.005,-0.0,-0.25017222265029304,0.43109800768264,0.32370848321520757
1375,1784678951.2457385,-0.010420037421313985,-0.0012542059483930217,0.2256987575198597,-8.623801939481011e-05,-0.251,0.432,0.323,1.0,0.009,0.005,-0.0,-0.25017222265029304,0.43109800768264,0.32370848321520757
1375,1784678951.2697043,-0.01025239244989183,-0.0011566030058087727,0.22546096770948282,-8.92485450310706e-05,-0.251,0.432,0.323,1.0,0.009,0.005,-0.0,-0.25017222265029304,0.43109800768264,0.32370848321520757
1377,1784678951.29456,-0.008533106583333528,0.004119849625006921,0.2263238840066518,-0.00010939725148769242,-0.251,0.432,0.323,1.0,0.009,0.005,-0.0,-0.25066061499037023,0.43153772340062724,0.32274973179848276
1377,1784678951.3141203,-0.006421682134370445,0.00564329274558358,0.22589406224320585,-0.00012759117764973258,-0.251,0.432,0.322,1.0,0.009,0.005,-0.0,-0.25066061499037023,0.43153772340062724,0.32274973179848276
1379,1784678951.3351326,-0.0051543639930539415,0.006212969958066725,0.22618542494725571,-0.00013091797481637273,-0.251,0.432,0.322,1.0,0.009,0.005,-0.0,-0.25066061499037023,0.43153772340062724,0.32274973179848276
1381,1784678951.3577094,-0.0073216378589823754,0.0009629242420325229,0.22521461054813402,-0.00011471043623005214,-0.251,0.432,0.322,1.0,0.009,0.005,-0.0,-0.25066061499037023,0.43153772340062724,0.32274973179848276
1381,1784678951.380347,-0.00229372737346009,0.0059161258849754015,0.22657074082194517,-0.00011453484093291286,-0.251,0.432,0.322,1.0,0.009,0.005,-0.0,-0.25066061499037023,0.43153772340062724,0.32274973179848276
1383,1784678951.404222,-0.008275529243638351,-0.0015244092711669838,0.22460443448382583,-0.00010032121852800394,-0.251,0.432,0.322,1.0,0.009,0.005,-0.0,-0.25066061499037023,0.43153772340062724,0.32274973179848276
1383,1784678951.4290662,-0.008696175985317694,-0.0013729145824677245,0.22603964146531358,-8.877396226953932e-05,-0.251,0.432,0.322,1.0,0.009,0.005,-0.0,-0.25066061499037023,0.43153772340062724,0.32274973179848276
1385,1784678951.4569123,-0.0005565292384342325,0.003259258847076887,0.22591969092791614,-9.43246354685747e-05,-0.251,0.432,0.322,1.0,0.009,0.005,-0.0,-0.25066061499037023,0.43153772340062724,0.32274973179848276
1385,1784678951.4797807,-0.0055942430517685,-0.0002573448050803735,0.22530315878274706,-8.049571183689388e-05,-0.251,0.432,0.322,1.0,0.009,0.005,-0.0,-0.25066061499037023,0.43153772340062724,0.32274973179848276
1388,1784678951.4978287,0.0004784853503479753,-0.002388594982787321,0.22548214086691085,-6.198758486085174e-05,-0.251,0.432,0.322,1.0,0.008,0.005,-0.0,-0.25066061499037023,0.43153772340062724,0.32274973179848276
1389,1784678951.5194006,0.00976414990722724,0.003884314910331522,0.22628904514082449,6.814413706121354e-05,-0.251,0.432,0.322,1.0,0.008,0.005,-0.0,-0.25066061499037023,0.43153772340062724,0.32274973179848276
1389,1784678951.5512502,0.004782281593078771,0.00023254861509295743,0.22504088534907968,9.938035500935733e-05,-0.251,0.432,0.322,1.0,0.008,0.005,-0.0,-0.25066061499037023,0.43153772340062724,0.32274973179848276
1391,1784678951.5779905,0.010057310057794094,0.004158804824195503,0.22644518016514933,0.00016306981293343244,-0.251,0.432,0.322,1.0,0.008,0.005,-0.0,-0.2510993992001246,0.4318926901672744,0.3219375861266777
1391,1784678951.6038444,0.009789865302154114,0.0051941057580301596,0.22563589475540224,0.00013887885077334096,-0.251,0.432,0.321,1.0,0.008,0.005,-0.0,-0.2510993992001246,0.4318926901672744,0.3219375861266777
1394,1784678951.633821,0.004109056307379193,0.0007204040416712498,0.22558734308519382,0.00013613934534226788,-0.251,0.432,0.321,1.0,0.008,0.005,-0.0,-0.2510993992001246,0.4318926901672744,0.3219375861266777
1394,1784678951.6602268,0.006562276406779975,0.0033980491605444902,0.22622742856552044,0.00011960017287571371,-0.251,0.432,0.321,1.0,0.008,0.005,-0.0,-0.2510993992001246,0.4318926901672744,0.3219375861266777
1397,1784678951.703861,0.0006484361574063107,-0.0019354119205527544,0.2250124535223502,6.002577719213918e-05,-0.251,0.432,0.321,1.0,0.008,0.005,-0.0,-0.2510993992001246,0.4318926901672744,0.3219375861266777
1397,1784678951.7437007,-0.0006016850308589571,-0.0011201591874718869,0.2258515525685553,1.2282169568574441e-05,-0.252,0.432,0.321,1.0,0.008,0.005,-0.0,-0.2510993992001246,0.4318926901672744,0.3219375861266777
1401,1784678951.7817264,-0.0006026799022715492,-0.0009158808822405237,0.22511031743838264,-1.7538003337775992e-05,-0.252,0.432,0.321,1.0,0.008,0.005,-0.0,-0.2510993992001246,0.4318926901672744,0.3219375861266777
1401,1784678951.8193526,-0.0005724614385282396,0.0002775834350267634,0.22589946336929895,-3.7241805105932285e-05,-0.252,0.432,0.321,1.0,0.008,0.005,-0.0,-0.2514912926936538,0.4322054857353493,0.32121485217117723
1405,1784678951.841036,0.002309615143381674,0.005370038478888965,0.22596268954241877,-6.971660787056167e-05,-0.252,0.432,0.321,1.0,0.008,0.005,-0.0,-0.2514912926936538,0.4322054857353493,0.32121485217117723
1405,1784678951.8618898,0.0039041134605221992,0.006445489558223736,0.2259187281010195,-8.645305613494227e-05,-0.252,0.432,0.321,1.0,0.008,0.005,-0.0,-0.2514912926936538,0.4322054857353493,0.32121485217117723
1407,1784678951.8849535,-0.006211961823689478,0.0016698773682351674,0.22534315770696056,-8.830490595412677e-05,-0.252,0.433,0.321,1.0,0.009,0.005,-0.0,-0.2514912926936538,0.4322054857353493,0.32121485217117723
1407,1784678951.9041018,-0.0073374212285874495,0.0010068942052977635,0.22575589002305674,-9.557493226076032e-05,-0.252,0.433,0.321,1.0,0.009,0.005,-0.0,-0.2514912926936538,0.4322054857353493,0.32121485217117723
1409,1784678951.9252994,-0.008157526478189249,-0.00025758288228878556,0.22529222801631696,-9.434265414566446e-05,-0.252,0.433,0.32,1.0,0.009,0.005,-0.0,-0.2514912926936538,0.4322054857353493,0.32121485217117723
1409,1784678951.9509804,-0.008331113781004101,-0.00047652988758749553,0.22577685485106908,-9.114402194996856e-05,-0.252,0.433,0.32,1.0,0.009,0.005,-0.0,-0.2514912926936538,0.4322054857353493,0.32121485217117723
1411,1784678951.965675,-0.007132011431482696,0.00035334161505581104,0.22561853184967684,-9.17476793502143e-05,-0.252,0.433,0.32,1.0,0.009,0.005,-0.0,-0.2514912926936538,0.4322054857353493,0.32121485217117723
1411,1784678951.9849935,-0.003460051232394906,0.0033601828332185087,0.2261923494375142,-9.705941785084917e-05,-0.252,0.433,0.32,1.0,0.009,0.005,-0.0,-0.2518238245684379,0.4325141367958948,0.32054131172608524
1413,1784678952.0041752,-0.00733041522206177,-0.0002878252910668332,0.2250249090661194,-9.393912056256804e-05,-0.252,0.433,0.32,1.0,0.009,0.005,-0.0,-0.2518238245684379,0.4325141367958948,0.32054131172608524
1413,1784678952.0265782,-0.002423966236876308,0.003234682943191787,0.2266013349046593,-9.393475932402081e-05,-0.252,0.433,0.32,1.0,0.009,0.005,-0.0,-0.2518238245684379,0.4325141367958948,0.32054131172608524
1415,1784678952.04975,-0.005255904167199605,0.0005630441935422668,0.22491804663267195,-9.043126268174216e-05,-0.252,0.433,0.32,1.0,0.009,0.005,-0.0,-0.2518238245684379,0.4325141367958948,0.32054131172608524
1415,1784678952.0816753,-0.005337022598548109,8.078550389712096e-05,0.22607025647615506,-8.502615925773116e-05,-0.252,0.433,0.32,1.0,0.009,0.005,-0.0,-0.2518238245684379,0.4325141367958948,0.32054131172608524
1418,1784678952.1087651,-0.00018203585677383123,0.0021317350126953726,0.2257997270037527,-7.962159878498502e-05,-0.252,0.433,0.32,1.0,0.009,0.005,-0.0,-0.2518238245684379,0.4325141367958948,0.32054131172608524
1418,1784678952.1436462,0.004578653483811297,0.0003357757544697913,0.22547035810886643,-6.530982505026893e-05,-0.252,0.433,0.32,1.0,0.008,0.005,-0.0,-0.2518238245684379,0.4325141367958948,0.32054131172608524
1421,1784678952.1685674,0.0036047023196323445,-0.0007233407338722653,0.22550818933057237,-4.6792469704178325e-05,-0.252,0.433,0.32,1.0,0.008,0.005,-0.0,-0.2518238245684379,0.4325141367958948,0.32054131172608524
1421,1784678952.1910732,0.003517829526452883,-0.0008529294613540172,0.22548441777107936,-4.543188392929453e-05,-0.252,0.433,0.32,1.0,0.008,0.005,-0.0,-0.2518238245684379,0.4325141367958948,0.32054131172608524
1423,1784678952.20871,0.009799264757519547,0.0019750368712263136,0.2261044818480099,-4.871998679863965e-05,-0.252,0.433,0.32,1.0,0.008,0.005,-0.0,-0.2518238245684379,0.4325141367958948,0.32054131172608524
1423,1784678952.2293682,0.010351954801137797,0.002786245570743389,0.22567432456936165,-4.5535123301579576e-05,-0.252,0.433,0.32,1.0,0.008,0.005,-0.0,-0.2518238245684379,0.4325141367958948,0.32054131172608524
1425,1784678952.254939,0.005188730766193377,-0.00040173230975980734,0.22548952165213282,-3.865003533442172e-05,-0.252,0.433,0.32,1.0,0.008,0.005,-0.0,-0.25212383230702334,0.43284183886122934,0.3198652300406211
1425,1784678952.2833712,0.004126420983660671,-0.0008122952124656599,0.22562127907598012,-4.0055259654742343e-05,-0.252,0.433,0.32,1.0,0.008,0.005,-0.0,-0.25212383230702334,0.43284183886122934,0.3198652300406211
1428,1784678952.3007755,0.0024048208527996853,-0.0016914091062393702,0.22551810813920475,-3.901144386072468e-05,-0.252,0.433,0.319,1.0,0.008,0.005,-0.0,-0.25212383230702334,0.43284183886122934,0.3198652300406211
1428,1784678952.3158789,0.0017785879881083346,-0.001810763103003636,0.22558965403535022,-4.111632114223838e-05,-0.252,0.433,0.319,1.0,0.008,0.005,-0.0,-0.25212383230702334,0.43284183886122934,0.3198652300406211
1430,1784678952.333016,0.0017255791416514368,-0.001809827571239867,0.22545731829151705,-4.304110240603361e-05,-0.252,0.433,0.319,1.0,0.008,0.005,-0.0,-0.25212383230702334,0.43284183886122934,0.3198652300406211
1431,1784678952.3547924,0.00415964235632039,0.0014236670841795375,0.2262329974785233,-5.279036354116321e-05,-0.252,0.433,0.319,1.0,0.008,0.005,-0.0,-0.25212383230702334,0.43284183886122934,0.3198652300406211
1432,1784678952.3772295,0.0017688130808900162,-0.0013818842241358669,0.2250178445214987,-5.453179031094011e-05,-0.252,0.433,0.319,1.0,0.008,0.005,-0.0,-0.25212383230702334,0.43284183886122934,0.3198652300406211
1432,1784678952.3961582,0.0016799496649353759,-0.0005916070839675118,0.22610413127504683,-5.4043078292366314e-05,-0.252,0.433,0.319,1.0,0.008,0.005,-0.0,-0.25212383230702334,0.43284183886122934,0.3198652300406211
1434,1784678952.4146438,0.0018151985760021024,-0.00041880422161176805,0.22536227893178248,-5.749772435776485e-05,-0.252,0.433,0.319,1.0,0.008,0.005,-0.0,-0.25212383230702334,0.43284183886122934,0.3198652300406211
1435,1784678952.436657,0.0033967692828421724,0.0007312643716310884,0.22629622287115067,-5.583191067389018e-05,-0.252,0.433,0.319,1.0,0.008,0.005,-0.0,-0.25212383230702334,0.43284183886122934,0.3198652300406211
1436,1784678952.4641201,0.004135061450292845,0.0013371013357573415,0.22565931756328245,-6.09673984390589e-05,-0.252,0.433,0.319,1.0,0.008,0.005,-0.0,-0.25212383230702334,0.43284183886122934,0.3198652300406211
1436,1784678952.4798024,-0.0077619021485025985,-0.0014550629099345505,0.22548521998282275,-7.271503764266692e-05,-0.252,0.433,0.319,1.0,0.009,0.005,-0.0,-0.25212383230702334,0.43284183886122934,0.3198652300406211
1438,1784678952.495784,-0.008273044756547205,-0.0005625858489308371,0.22575785529375775,-8.753425941094762e-05,-0.252,0.433,0.319,1.0,0.009,0.005,-0.0,-0.25233840881699454,0.4331404818326139,0.319293379656724
1439,1784678952.5130072,-0.009826141965134762,-0.0016351095541739897,0.2252268312705324,-9.176470876502877e-05,-0.252,0.433,0.319,1.0,0.009,0.005,-0.0,-0.25233840881699454,0.4331404818326139,0.319293379656724
1440,1784678952.5374372,-0.006036315483461825,0.0009885677275156416,0.22636330548590786,-8.302549551902096e-05,-0.252,0.433,0.319,1.0,0.009,0.005,-0.0,-0.25233840881699454,0.4331404818326139,0.319293379656724
1440,1784678952.561561,-0.007541915871996411,-0.001449539516694783,0.22507020159877306,-8.633740127256487e-05,-0.252,0.433,0.319,1.0,0.009,0.005,-0.0,-0.25233840881699454,0.4331404818326139,0.319293379656724
1442,1784678952.5809479,-0.008653958696446399,-0.0018126988261750734,0.22586724161863456,-8.368552933496603e-05,-0.252,0.433,0.319,1.0,0.009,0.005,-0.0,-0.25233840881699454,0.4331404818326139,0.319293379656724
1442,1784678952.611412,-0.007114797313949322,-0.0018008984190754059,0.2254108338849284,-7.812205803646602e-05,-0.252,0.433,0.319,1.0,0.009,0.005,-0.0,-0.25233840881699454,0.4331404818326139,0.319293379656724
1444,1784678952.6340146,-0.0027272442000310353,-0.0002593714988636019,0.22615197545930008,-6.78625518795609e-05,-0.252,0.433,0.319,1.0,0.009,0.005,-0.0,-0.25233840881699454,0.4331404818326139,0.319293379656724
1444,1784678952.6486604,-0.00692838145763322,-0.00159658047635122,0.22504101220257597,-7.475234158149103e-05,-0.252,0.433,0.319,1.0,0.009,0.005,-0.0,-0.25233840881699454,0.4331404818326139,0.319293379656724
1446,1784678952.6662002,0.0006350456193440004,0.0012936978023905922,0.22641651992528866,-6.728897691496414e-05,-0.253,0.434,0.319,1.0,0.009,0.005,-0.0,-0.25233840881699454,0.4331404818326139,0.319293379656724
1446,1784678952.6853704,0.0020474126619960363,0.0021642119491976945,0.22546782149092692,-6.209380938674489e-05,-0.253,0.434,0.319,1.0,0.009,0.005,-0.0,-0.25233840881699454,0.4331404818326139,0.319293379656724
1448,1784678952.7097292,0.0025545822109175817,0.002006439286687689,0.2277715174987493,-6.251322505451256e-05,-0.253,0.434,0.319,1.0,0.009,0.005,-0.0,-0.25248752879100306,0.43344965600292534,0.3187573021336561
1448,1784678952.7325397,-0.004599631407806006,-0.0010617634735115974,0.22559257056608953,-6.487911850671579e-05,-0.253,0.434,0.319,1.0,0.009,0.005,-0.0,-0.25248752879100306,0.43344965600292534,0.3187573021336561
1450,1784678952.7539995,-0.005655896981435751,-0.0016071769665743632,0.22700515361559634,-6.744414658392962e-05,-0.253,0.434,0.319,1.0,0.009,0.005,-0.0,-0.25248752879100306,0.43344965600292534,0.3187573021336561
1450,1784678952.7695148,0.005503370393208388,1.591102421363063e-05,0.22646381108342753,-5.8702892158259834e-05,-0.253,0.434,0.318,1.0,0.008,0.005,-0.0,-0.25248752879100306,0.43344965600292534,0.3187573021336561
1452,1784678952.7882237,0.0048033675324816606,-0.0014566032114454617,0.22663533070385605,-3.622022442980122e-05,-0.253,0.434,0.318,1.0,0.008,0.005,-0.0,-0.25248752879100306,0.43344965600292534,0.3187573021336561
1452,1784678952.8056169,0.0065017189753227515,-0.0016126673923510361,0.22660943673070852,-2.8042370143465246e-05,-0.253,0.434,0.318,1.0,0.008,0.005,-0.0,-0.25248752879100306,0.43344965600292534,0.3187573021336561
1454,1784678952.821698,0.005476734117225773,-0.0016346545024040577,0.2266227032457287,-2.6887482610287673e-05,-0.253,0.434,0.318,1.0,0.008,0.005,-0.0,-0.25248752879100306,0.43344965600292534,0.3187573021336561
1454,1784678952.838757,0.004975185977315203,-0.0016263079886605298,0.22653072318696513,-2.8354822913590118e-05,-0.253,0.434,0.318,1.0,0.008,0.005,-0.0,-0.25248752879100306,0.43344965600292534,0.3187573021336561
1456,1784678952.8581126,0.008455403170871347,-0.0012710393815611757,0.2268515913907267,-2.0876264567247336e-05,-0.253,0.434,0.318,1.0,0.008,0.005,-0.0,-0.25248752879100306,0.43344965600292534,0.3187573021336561
1457,1784678952.8774953,0.0033827022791373274,-0.0015513198021985313,0.22620064238127557,-2.762397407020174e-05,-0.253,0.434,0.318,1.0,0.008,0.005,-0.0,-0.25248752879100306,0.43344965600292534,0.3187573021336561
1457,1784678952.8945653,0.003893012126739469,-0.0012368667276981332,0.22673797354837374,-3.455569684813399e-05,-0.253,0.434,0.318,1.0,0.008,0.005,-0.0,-0.25248752879100306,0.43344965600292534,0.3187573021336561
1459,1784678952.9203198,0.002446228908094426,-0.0023881918858623353,0.22628051599115484,-3.172715315021002e-05,-0.253,0.434,0.318,1.0,0.008,0.005,-0.0,-0.25248752879100306,0.43344965600292534,0.3187573021336561
1459,1784678952.947794,0.00225433376377966,-0.0034122666063728926,0.2266790398236682,-2.2088556425336592e-05,-0.253,0.434,0.318,1.0,0.008,0.005,-0.0,-0.25248752879100306,0.43344965600292534,0.3187573021336561
1461,1784678952.9756873,0.00012387944178438547,-0.002678401499499549,0.22637594968482574,-3.570338571153128e-05,-0.253,0.434,0.318,1.0,0.008,0.005,-0.0,-0.25256250326334234,0.4337384388644753,0.31830617867366506
1461,1784678953.0038366,-0.00020934401760467312,-0.00261462560656846,0.2265839362163585,-4.232848597227691e-05,-0.253,0.434,0.318,1.0,0.008,0.005,-0.0,-0.25256250326334234,0.4337384388644753,0.31830617867366506
1464,1784678953.0267227,-0.00020755290823779547,-0.004139794570319094,0.2263546487284841,-3.515895250140808e-05,-0.252,0.434,0.318,1.0,0.008,0.005,-0.0,-0.25256250326334234,0.4337384388644753,0.31830617867366506
1464,1784678953.0533962,-0.00023299149371977697,-0.00433916092638244,0.22651187057451244,-3.285220231473247e-05,-0.252,0.434,0.318,1.0,0.008,0.005,-0.0,-0.25256250326334234,0.4337384388644753,0.31830617867366506
1466,1784678953.088354,-0.010792932091428644,-0.004775258025376711,0.22622446399041735,-3.903080218741484e-05,-0.252,0.434,0.318,1.0,0.009,0.005,-0.0,-0.25256250326334234,0.4337384388644753,0.31830617867366506
1466,1784678953.120971,-0.011458361291167812,-0.005243572379852671,0.2264403427486736,-6.169961829630991e-05,-0.252,0.434,0.318,1.0,0.009,0.005,-0.0,-0.25256250326334234,0.4337384388644753,0.31830617867366506
1470,1784678953.149784,-0.012603639711197767,-0.005703554066704668,0.22611945589888185,-6.17449048948879e-05,-0.252,0.434,0.318,1.0,0.009,0.005,-0.0,-0.25256250326334234,0.4337384388644753,0.31830617867366506
1470,1784678953.169259,-0.01463829678393199,-0.00907599814378181,0.22566497547544462,-4.939499884386457e-05,-0.252,0.434,0.319,1.0,0.009,0.005,-0.0,-0.25256250326334234,0.4337384388644753,0.31830617867366506
1472,1784678953.1985369,-0.0123665671744843,-0.006187070374050618,0.22695551083257132,-5.7062036788649096e-05,-0.252,0.434,0.319,1.0,0.009,0.005,-0.0,-0.2524299743745025,0.43378253944752165,0.3183512289468388
1472,1784678953.221065,-0.012162191215380294,-0.006670805529427904,0.2260654263690811,-5.878438841100971e-05,-0.252,0.434,0.319,1.0,0.009,0.005,-0.0,-0.2524299743745025,0.43378253944752165,0.3183512289468388
1475,1784678953.2479308,-0.011490710161674208,-0.0067657378692757494,0.22667444845645202,-5.4817513599734215e-05,-0.252,0.434,0.319,1.0,0.009,0.005,-0.0,-0.2524299743745025,0.43378253944752165,0.3183512289468388
1475,1784678953.273182,-0.0017836905158806916,-0.00592207034216174,0.22635463921798454,-4.7303025017908315e-05,-0.252,0.434,0.319,1.0,0.008,0.005,-0.0,-0.2524299743745025,0.43378253944752165,0.3183512289468388
1477,1784678953.2938905,-0.0004827649757947281,-0.0062691984607447255,0.22638209770047965,-2.5548088386188403e-05,-0.252,0.434,0.319,1.0,0.008,0.005,-0.0,-0.2524299743745025,0.43378253944752165,0.3183512289468388
1479,1784678953.3242135,0.0005723200595170817,-0.005899518570971504,0.22628034299312058,-1.9474907489702887e-05,-0.252,0.434,0.319,1.0,0.008,0.005,-0.0,-0.2524299743745025,0.43378253944752165,0.3183512289468388
1479,1784678953.3506649,0.0007151040604789684,-0.005437775911155331,0.22651917777688962,-1.966626866855846e-05,-0.252,0.434,0.319,1.0,0.008,0.005,-0.0,-0.2524299743745025,0.43378253944752165,0.3183512289468388
1481,1784678953.3822587,-0.0025323521854904874,-0.008722495090258187,0.22532649777315802,-1.1987430602565824e-06,-0.252,0.433,0.319,1.0,0.008,0.005,-0.0,-0.2524299743745025,0.43378253944752165,0.3183512289468388
1481,1784678953.3996086,-0.0025590138680016954,-0.007415610183764328,0.22682418467040524,-5.492889018318759e-06,-0.252,0.433,0.319,1.0,0.008,0.005,-0.0,-0.2524299743745025,0.43378253944752165,0.3183512289468388
1484,1784678953.4264526,-0.0060568308234307516,-0.010299389817600474,0.22665176417242325,8.218087382909814e-06,-0.252,0.433,0.319,1.0,0.008,0.005,-0.0,-0.2521040576422448,0.43356501158099175,0.31890384122138965
1484,1784678953.4425344,-0.008139392219972967,-0.010264157608193554,0.2266839909445679,8.752984337907174e-06,-0.252,0.433,0.319,1.0,0.008,0.005,-0.0,-0.2521040576422448,0.43356501158099175,0.31890384122138965
1486,1784678953.46136,-0.008729058440629864,-0.010259576605722433,0.22666227001737652,4.385639462595442e-06,-0.252,0.433,0.319,1.0,0.008,0.005,-0.0,-0.2521040576422448,0.43356501158099175,0.31890384122138965
1486,1784678953.4828863,-0.005076544796562509,-0.006479811640460964,0.22788278143167015,-1.7665869498554775e-05,-0.252,0.433,0.32,1.0,0.008,0.005,-0.0,-0.2521040576422448,0.43356501158099175,0.31890384122138965
1488,1784678953.5011246,-0.010572367003451977,-0.010589038014377484,0.225513212505468,-2.6233997875475004e-06,-0.252,0.433,0.32,1.0,0.008,0.005,-0.0,-0.2521040576422448,0.43356501158099175,0.31890384122138965
1488,1784678953.5189958,-0.006118277449921765,-0.006935709812489921,0.22842252783019623,-2.0587746136316782e-05,-0.252,0.433,0.32,1.0,0.008,0.005,-0.0,-0.2521040576422448,0.43356501158099175,0.31890384122138965
1490,1784678953.541568,-0.007024752434798758,-0.007712755692622613,0.22608303058869625,-1.903474369540325e-05,-0.252,0.433,0.32,1.0,0.008,0.005,-0.0,-0.2521040576422448,0.43356501158099175,0.31890384122138965
1490,1784678953.560441,-0.012160922262438537,-0.010440655089697312,0.22649010369560707,-8.867030634033635e-06,-0.252,0.433,0.32,1.0,0.008,0.005,-0.0,-0.2521040576422448,0.43356501158099175,0.31890384122138965
1492,1784678953.5792496,-0.005417970214759205,-0.006100403767332013,0.22783770557953542,-2.830182125494352e-05,-0.252,0.433,0.32,1.0,0.008,0.005,-0.0,-0.2521040576422448,0.43356501158099175,0.31890384122138965
1492,1784678953.601861,-0.00665313058230458,-0.009217468524431312,0.22639460544093812,-1.477434292067185e-05,-0.251,0.433,0.32,1.0,0.008,0.005,-0.0,-0.2521040576422448,0.43356501158099175,0.31890384122138965
1494,1784678953.6210093,-0.00526396158821596,0.0007891028428665837,0.22773382521258587,-2.9304098682141752e-05,-0.251,0.433,0.32,1.0,0.008,0.004,-0.0,-0.2521040576422448,0.43356501158099175,0.31890384122138965
1494,1784678953.6405032,-0.012983339066686266,-0.0021765028517228323,0.2250987361335608,-5.827461885635469e-05,-0.251,0.433,0.32,1.0,0.008,0.004,-0.0,-0.2521040576422448,0.43356501158099175,0.31890384122138965
1496,1784678953.663136,-0.01535087306481382,-0.004012142680222436,0.22871305762295302,-6.4479745545612e-05,-0.251,0.433,0.321,1.0,0.008,0.004,-0.0,-0.25160458132325597,0.43308951938527485,0.3199390855928158
1496,1784678953.6855805,-0.010190590946707906,-0.0007953366126944748,0.2275034883506138,-6.919235556519233e-05,-0.251,0.433,0.321,1.0,0.008,0.004,-0.0,-0.25160458132325597,0.43308951938527485,0.3199390855928158
1498,1784678953.7116442,-0.008581743295206532,0.0004000871412583795,0.22875621746523483,-7.55871444146567e-05,-0.251,0.433,0.321,1.0,0.008,0.004,-0.0,-0.25160458132325597,0.43308951938527485,0.3199390855928158
1498,1784678953.7393427,-0.01662439584100793,-0.006741434961451802,0.2259411993092173,-6.899742315042188e-05,-0.251,0.433,0.321,1.0,0.008,0.004,-0.0,-0.25160458132325597,0.43308951938527485,0.3199390855928158
1501,1784678953.7726963,-0.020012313535892244,-0.008518569666304251,0.22778276403717562,-6.010069058385888e-05,-0.251,0.432,0.321,1.0,0.008,0.004,-0.0,-0.25160458132325597,0.43308951938527485,0.3199390855928158
1501,1784678953.813064,-0.011438197888919196,-0.0012352297095727296,0.22823722156456225,-5.875826923513048e-05,-0.251,0.432,0.322,1.0,0.008,0.004,-0.0,-0.25160458132325597,0.43308951938527485,0.3199390855928158
1504,1784678953.8431745,-0.021486551133329507,-0.011913560295671435,0.22553375827194744,-5.775166128734092e-05,-0.251,0.432,0.322,1.0,0.008,0.004,-0.0,-0.25160458132325597,0.43308951938527485,0.3199390855928158
1506,1784678953.8669229,-0.006638070986032798,-0.004972317942746284,0.22903388345055056,-4.025953206363701e-05,-0.251,0.432,0.322,1.0,0.007,0.004,-0.0,-0.25160458132325597,0.43308951938527485,0.3199390855928158
1506,1784678953.890025,-0.006458582542418677,-0.005542599425743477,0.22889056319313147,-2.7715978799530652e-05,-0.251,0.432,0.322,1.0,0.007,0.004,-0.0,-0.250973039976113,0.43234533726369984,0.3214312247286193
1508,1784678953.9132783,-0.0014343937315590104,-0.003510330440062265,0.22984998784046912,-2.1606332914594773e-05,-0.25,0.432,0.323,1.0,0.007,0.004,-0.0,-0.250973039976113,0.43234533726369984,0.3214312247286193
1508,1784678953.9554653,-0.0036092952905346573,-0.0036617323528568037,0.22876189099595676,-2.5089384079318117e-05,-0.25,0.431,0.323,1.0,0.007,0.004,-0.0,-0.250973039976113,0.43234533726369984,0.3214312247286193
1512,1784678953.9790494,-0.010763190407179638,-0.009036995963897428,0.22832902261397844,-1.9966990789322712e-05,-0.25,0.431,0.324,1.0,0.007,0.004,-0.0,-0.250973039976113,0.43234533726369984,0.3214312247286193
1512,1784678954.0002894,-0.013445656729557628,-0.009570989370240032,0.2284612043747196,-1.6189032124963734e-05,-0.25,0.431,0.324,1.0,0.007,0.004,-0.0,-0.250973039976113,0.43234533726369984,0.3214312247286193
1514,1784678954.0249786,-0.009648233624569891,-0.006769892854410266,0.2292208874973535,-1.886350737269567e-05,-0.25,0.431,0.324,1.0,0.007,0.004,-0.0,-0.250973039976113,0.43234533726369984,0.3214312247286193
1514,1784678954.048879,-0.017184360473259264,-0.010908138761022467,0.22743049050286582,-2.1634261609552197e-05,-0.25,0.431,0.325,1.0,0.007,0.004,-0.0,-0.250973039976113,0.43234533726369984,0.3214312247286193
1516,1784678954.0658615,-0.021370435493561553,-0.012529910512729787,0.2312089700300287,-2.225542908561086e-05,-0.25,0.43,0.325,1.0,0.007,0.004,-0.0,-0.2501284286385046,0.43114956441385577,0.3236739479252225
1516,1784678954.0841913,-0.0231147963148204,-0.012585485330836407,0.22843218892026196,-2.4791866635445953e-05,-0.25,0.43,0.325,1.0,0.007,0.004,-0.0,-0.2501284286385046,0.43114956441385577,0.3236739479252225
1518,1784678954.102444,-0.024548587127886212,-0.015043639877664801,0.23009665039491486,-2.333611258344064e-05,-0.249,0.43,0.326,1.0,0.007,0.004,-0.0,-0.2501284286385046,0.43114956441385577,0.3236739479252225
1518,1784678954.1206117,-0.025368248453587018,-0.0152084441616054,0.22886376077194973,-2.1399128449454106e-05,-0.249,0.43,0.326,1.0,0.007,0.004,-0.0,-0.2501284286385046,0.43114956441385577,0.3236739479252225
1520,1784678954.1404529,-0.025470747901769928,-0.016067548701533752,0.22962910955796645,-1.8559540095069396e-05,-0.249,0.43,0.326,1.0,0.007,0.004,-0.0,-0.2501284286385046,0.43114956441385577,0.3236739479252225
1520,1784678954.1580577,-0.01803857218650618,-0.010909411023565635,0.23020893629918057,-1.8884798968870705e-05,-0.249,0.43,0.326,1.0,0.007,0.004,-0.0,-0.2501284286385046,0.43114956441385577,0.3236739479252225
1522,1784678954.180566,-0.01943378177438254,-0.011255847014621003,0.2294696421094092,-2.286674136030132e-05,-0.249,0.429,0.327,1.0,0.007,0.004,-0.0,-0.2501284286385046,0.43114956441385577,0.3236739479252225
1522,1784678954.2049122,-0.010562243224595622,-0.011265448194378079,0.22999070572894914,-1.8255607025952318e-05,-0.249,0.429,0.327,1.0,0.006,0.004,-0.0,-0.2501284286385046,0.43114956441385577,0.3236739479252225
1524,1784678954.2279794,-0.01864025603752196,-0.016486518306579157,0.22793157642199335,8.285301786435244e-06,-0.249,0.429,0.328,1.0,0.006,0.004,-0.0,-0.2501284286385046,0.43114956441385577,0.3236739479252225
1524,1784678954.2455077,-0.020952476290781986,-0.008656169753180206,0.22919013818830816,8.513898921735247e-06,-0.249,0.429,0.328,1.0,0.006,0.003,-0.0,-0.2501284286385046,0.43114956441385577,0.3236739479252225
1526,1784678954.2589445,-0.01423971170924946,-0.0036342668577064342,0.22966508983734155,-1.7990423377935763e-05,-0.248,0.428,0.328,1.0,0.006,0.003,-0.0,-0.2501284286385046,0.43114956441385577,0.3236739479252225
1526,1784678954.2728243,-0.022921976596929024,-0.008392663634335058,0.227650607645343,-3.748047751642599e-05,-0.248,0.428,0.329,1.0,0.006,0.003,-0.0,-0.2501284286385046,0.43114956441385577,0.3236739479252225
1528,1784678954.2943046,-0.015249333321702729,-0.004790040011618995,0.23032240037106907,-0.00010295385032280809,-0.248,0.428,0.329,1.0,0.006,0.003,-0.0,-0.2501284286385046,0.43114956441385577,0.3236739479252225
1529,1784678954.3238266,-0.026602812578672516,-0.011611721822048528,0.22950021904677353,-0.000152935474635262,-0.248,0.428,0.33,1.0,0.006,0.003,-0.0,-0.24870613627101312,0.4289207918484846,0.32767104430694477
1529,1784678954.3477762,-0.01728971207692762,-0.005462470319440113,0.23168885274135678,-0.00017097850354317898,-0.248,0.428,0.33,1.0,0.006,0.003,-0.0,-0.24870613627101312,0.4289207918484846,0.32767104430694477
1531,1784678954.371467,-0.06061530787566856,-0.03256912232776474,0.2235741115024383,-0.0002807395968462169,-0.248,0.427,0.33,1.0,0.006,0.003,-0.0,-0.24870613627101312,0.4289207918484846,0.32767104430694477
1531,1784678954.400044,-0.02321792349066696,-0.009189725695232687,0.23556538235371913,-0.0002124460269113033,-0.248,0.427,0.331,1.0,0.006,0.003,-0.0,-0.24870613627101312,0.4289207918484846,0.32767104430694477
1534,1784678954.4236994,-0.016423452557520896,-0.006035667475594487,0.22777714473941965,-0.000140719431984536,-0.247,0.427,0.332,1.0,0.006,0.003,-0.0,-0.24870613627101312,0.4289207918484846,0.32767104430694477
1534,1784678954.450692,-0.023786735609136953,-0.016138012878138867,0.23027767591960377,-0.0001683225466116194,-0.247,0.426,0.333,1.0,0.005,0.003,-0.0,-0.24870613627101312,0.4289207918484846,0.32767104430694477
1536,1784678954.4690778,-0.05533208824108023,-0.03834380021400824,0.22296451718265423,-0.00015583940962485973,-0.247,0.426,0.333,1.0,0.005,0.003,-0.0,-0.24870613627101312,0.4289207918484846,0.32767104430694477
1536,1784678954.4862022,-0.02703977429894286,-0.018335093460452305,0.23327560533604297,-8.302658820018535e-05,-0.247,0.425,0.334,1.0,0.005,0.003,-0.0,-0.24870613627101312,0.4289207918484846,0.32767104430694477
1538,1784678954.5157163,-0.027347963077721714,-0.020093820847367588,0.22599179767816302,-4.682019563585917e-05,-0.246,0.425,0.334,1.0,0.005,0.003,-0.0,-0.24870613627101312,0.4289207918484846,0.32767104430694477
1538,1784678954.540721,-0.06312424595600605,-0.04398795460097433,0.2248959738495008,-9.25461415505118e-06,-0.246,0.425,0.335,1.0,0.005,0.003,-0.0,-0.24870613627101312,0.4289207918484846,0.32767104430694477
1541,1784678954.5637133,-0.06784536172405164,-0.04529122331392117,0.2281516468945002,1.1586947211241389e-06,-0.246,0.424,0.336,1.0,0.005,0.003,-0.0,-0.24662946733022925,0.4254930165403713,0.33357978784858233
1541,1784678954.5855374,-0.033588863073088705,-0.0233925437086034,0.23175377015417273,6.964565720133893e-06,-0.246,0.424,0.336,1.0,0.005,0.003,-0.0,-0.24662946733022925,0.4254930165403713,0.33357978784858233
1543,1784678954.6122315,-0.007385508930405453,-0.0021656852798143562,0.23210576660598242,1.1730684513311626e-06,-0.245,0.423,0.337,1.0,0.004,0.002,-0.0,-0.24662946733022925,0.4254930165403713,0.33357978784858233
1543,1784678954.6375895,-0.02309856376475275,-0.010616908611994396,0.22857968273048757,-2.1764221486006497e-05,-0.245,0.423,0.338,1.0,0.004,0.002,-0.0,-0.24662946733022925,0.4254930165403713,0.33357978784858233
1546,1784678954.6664155,-0.000904613545913438,0.0022297125951657084,0.23466013529246812,-1.2358332771739234e-05,-0.245,0.423,0.338,1.0,0.004,0.002,-0.0,-0.24662946733022925,0.4254930165403713,0.33357978784858233
1546,1784678954.6919994,-0.05963605432514868,-0.03315833999871573,0.21985013989063545,-3.3453509563736326e-05,-0.245,0.422,0.339,1.0,0.004,0.002,-0.0,-0.24662946733022925,0.4254930165403713,0.33357978784858233
1548,1784678954.7147403,-0.018728054853264918,-0.008066159780615013,0.2386710992361113,7.521757628675743e-06,-0.244,0.422,0.34,1.0,0.004,0.002,-0.0,-0.24662946733022925,0.4254930165403713,0.33357978784858233
1548,1784678954.7368338,-0.010511172454711566,-0.007796434164356533,0.22522779204309673,2.9601509337636432e-06,-0.244,0.421,0.341,1.0,0.003,0.002,-0.0,-0.24662946733022925,0.4254930165403713,0.33357978784858233
1551,1784678954.762817,-0.07863248115686383,-0.04946939707353108,0.22500295131602713,2.8386800335037774e-05,-0.244,0.421,0.341,1.0,0.003,0.002,-0.0,-0.24662946733022925,0.4254930165403713,0.33357978784858233
1551,1784678954.7894604,-0.015976340970832753,-0.011392103230514344,0.23542746028531264,3.1238884783324075e-05,-0.243,0.42,0.343,1.0,0.003,0.002,-0.0,-0.24662946733022925,0.4254930165403713,0.33357978784858233
1553,1784678954.8158307,-0.034659851987125255,-0.02293150662080546,0.2244454589008683,3.312868323949967e-05,-0.243,0.419,0.344,1.0,0.003,0.002,-0.0,-0.24662946733022925,0.4254930165403713,0.33357978784858233
1553,1784678954.8409014,-0.00709474248520103,0.0023563824263277307,0.2385196250128898,2.1229943569080735e-05,-0.243,0.419,0.344,1.0,0.003,0.001,-0.0,-0.2441319411265241,0.42127470011905466,0.34056980459045116
1556,1784678954.8707416,0.003111347703727115,0.0032826559570095348,0.2282557865671068,5.677572162192598e-06,-0.242,0.418,0.346,1.0,0.002,0.001,-0.0,-0.2441319411265241,0.42127470011905466,0.34056980459045116
1556,1784678954.8957095,0.007443792019303558,0.006569473206562896,0.2358680233407604,-2.3710555844281106e-06,-0.242,0.417,0.347,1.0,0.002,0.001,-0.0,-0.2441319411265241,0.42127470011905466,0.34056980459045116
1559,1784678954.9137764,-0.07065209367065874,-0.040536747407907525,0.21864650779502773,-2.3831883325455213e-05,-0.242,0.417,0.348,1.0,0.002,0.001,-0.0,-0.2441319411265241,0.42127470011905466,0.34056980459045116
1559,1784678954.9344456,-0.034315729606281126,-0.018428800936589558,0.23801557345444513,-3.382835049364565e-06,-0.241,0.416,0.348,1.0,0.002,0.001,-0.0,-0.2441319411265241,0.42127470011905466,0.34056980459045116
1560,1784678954.958901,-0.028762554965215893,-0.02093704044518368,0.223760752016373,-3.3381746824665016e-06,-0.241,0.416,0.35,1.0,0.001,0.001,-0.0,-0.2441319411265241,0.42127470011905466,0.34056980459045116
1562,1784678954.9846308,-0.030206336190628166,-0.023731638428966605,0.23353510398450017,4.038189031947486e-06,-0.24,0.415,0.35,1.0,0.001,0.001,-0.0,-0.2441319411265241,0.42127470011905466,0.34056980459045116
1562,1784678955.0045784,-0.012707257909673964,-0.012062951240896744,0.2291306637137352,3.635205614663367e-06,-0.24,0.414,0.351,1.0,0.001,0.001,-0.0,-0.2441319411265241,0.42127470011905466,0.34056980459045116
1564,1784678955.0270605,0.0004578583250533855,0.005244014314305474,0.23336615577616543,-1.4325343990680166e-05,-0.24,0.414,0.352,1.0,0.001,0.0,-0.0,-0.2441319411265241,0.42127470011905466,0.34056980459045116
1564,1784678955.047523,-0.010892322385062202,-0.0009910201878598167,0.22883701009973384,-3.6704397399342084e-05,-0.239,0.413,0.353,1.0,0.001,0.0,-0.0,-0.2441319411265241,0.42127470011905466,0.34056980459045116
1566,1784678955.0660844,-0.0024882739975566528,-0.0019457466791318778,0.23453963454243007,-2.5938605267086784e-05,-0.239,0.413,0.354,1.0,0.0,0.0,-0.0,-0.24083384691008095,0.4156416461791204,0.3495000566391108
1566,1784678955.0876691,-0.08515750397289877,-0.05273822475416716,0.2193359771090654,1.4148316324149275e-06,-0.239,0.412,0.355,1.0,0.0,0.0,-0.0,-0.24083384691008095,0.4156416461791204,0.3495000566391108
1568,1784678955.1110716,-0.04073336490656495,-0.024586267632600925,0.23797971601986467,1.1045488453372567e-05,-0.238,0.411,0.356,1.0,-0.0,-0.0,-0.0,-0.24083384691008095,0.4156416461791204,0.3495000566391108
1568,1784678955.130038,-0.03857638823101603,-0.023825448897168096,0.22461779080100813,1.733381190445696e-06,-0.238,0.411,0.357,1.0,-0.0,-0.0,-0.0,-0.24083384691008095,0.4156416461791204,0.3495000566391108
1570,1784678955.1528568,-0.1119913968699903,-0.06859495479009237,0.22477368940981562,-9.086011877461855e-06,-0.238,0.41,0.358,1.0,-0.0,-0.0,-0.0,-0.24083384691008095,0.4156416461791204,0.3495000566391108
1570,1784678955.1809728,-0.049334452324988426,-0.0313017989697356,0.23357769260318892,-1.527870097129617e-05,-0.237,0.41,0.358,1.0,-0.0,-0.0,-0.0,-0.24083384691008095,0.4156416461791204,0.3495000566391108
1573,1784678955.2027588,-0.10378934597759286,-0.06811672321382252,0.21839973996273107,1.3220197382708714e-06,-0.237,0.409,0.36,1.0,-0.001,-0.0,-0.0,-0.24083384691008095,0.4156416461791204,0.3495000566391108
1573,1784678955.2236898,-0.00914005437312454,-0.0069809423581201485,0.2421954159466449,-7.816448565067472e-05,-0.236,0.408,0.361,1.0,-0.001,-0.0,-0.0,-0.24083384691008095,0.4156416461791204,0.3495000566391108
1575,1784678955.246232,-0.03200993479446929,-0.015181141564866968,0.22096138048892627,-5.1682979598839475e-05,-0.236,0.407,0.362,1.0,-0.001,-0.001,-0.0,-0.24083384691008095,0.4156416461791204,0.3495000566391108
1575,1784678955.2740736,-0.10072442357438174,-0.05574539362819956,0.2266088902049577,-9.932753015560263e-05,-0.236,0.407,0.363,1.0,-0.001,-0.001,-0.0,-0.24083384691008095,0.4156416461791204,0.3495000566391108
1577,1784678955.297153,-0.09324711647707845,-0.05701598295440124,0.22484211836067278,-0.00019215413691116713,-0.235,0.406,0.364,1.0,-0.002,-0.001,-0.0,-0.23690573748752014,0.40889677421146303,0.3596602321894317
1579,1784678955.318276,-0.004637881064391822,-0.004197378406713671,0.2377372413900005,-0.00013600852823551836,-0.235,0.405,0.365,1.0,-0.002,-0.001,-0.0,-0.23690573748752014,0.40889677421146303,0.3596602321894317
1579,1784678955.3402855,-0.08338391895901048,-0.05288252769065569,0.21724433951937694,-3.7404919647674063e-05,-0.234,0.404,0.366,1.0,-0.002,-0.001,-0.0,-0.23690573748752014,0.40889677421146303,0.3596602321894317
1581,1784678955.3613558,0.007579357764623304,0.0124250838589395,0.24456155521348247,-7.3454623857814426e-06,-0.234,0.404,0.367,1.0,-0.003,-0.002,-0.0,-0.23690573748752014,0.40889677421146303,0.3596602321894317
1581,1784678955.3819628,-0.0518963971681206,-0.029632717673517085,0.21277673174610334,2.884360476053072e-07,-0.233,0.403,0.369,1.0,-0.003,-0.002,-0.0,-0.23690573748752014,0.40889677421146303,0.3596602321894317
1583,1784678955.4029555,0.02824139003881114,0.021858477079212145,0.24762375303225082,6.36906020506932e-06,-0.233,0.402,0.369,1.0,-0.003,-0.002,-0.0,-0.23690573748752014,0.40889677421146303,0.3596602321894317
1583,1784678955.4232876,0.03516214014971902,0.018641179515874292,0.22275755242688322,2.7591634443127348e-05,-0.233,0.402,0.37,1.0,-0.004,-0.002,-0.0,-0.23690573748752014,0.40889677421146303,0.3596602321894317
1585,1784678955.4428566,0.00015011181474192115,-0.00586131026481353,0.2353926075521129,5.86127555648396e-05,-0.232,0.401,0.371,1.0,-0.004,-0.002,-0.0,-0.23690573748752014,0.40889677421146303,0.3596602321894317
1585,1784678955.4630492,0.005653714105148122,0.0010357720385247536,0.22639984054057768,3.044161160285326e-05,-0.232,0.4,0.372,1.0,-0.005,-0.003,-0.0,-0.23690573748752014,0.40889677421146303,0.3596602321894317
1587,1784678955.4841557,0.0010561293213827757,-0.000849524295353456,0.2346681810067941,1.315108489272636e-05,-0.232,0.4,0.373,1.0,-0.005,-0.003,-0.0,-0.23283373967455528,0.4019054767961749,0.36965027262562455
1587,1784678955.5046594,-0.005613856021302376,-0.005401982501609165,0.22853073321765935,-8.711616559036822e-07,-0.231,0.399,0.374,1.0,-0.005,-0.003,-0.0,-0.23283373967455528,0.4019054767961749,0.36965027262562455
1589,1784678955.526275,-0.1009010006275502,-0.0648129524267869,0.22351499530441674,-5.655553889051196e-06,-0.231,0.398,0.375,1.0,-0.005,-0.003,-0.0,-0.23283373967455528,0.4019054767961749,0.36965027262562455
1589,1784678955.5469387,-0.03423751591115662,-0.025788568668884855,0.23582005356324523,-2.151248484407646e-05,-0.23,0.397,0.376,1.0,-0.006,-0.003,-0.0,-0.23283373967455528,0.4019054767961749,0.36965027262562455
1591,1784678955.5674565,0.0026761225588679965,-0.004523430904416287,0.229969851659035,-4.406800199031384e-05,-0.23,0.397,0.377,1.0,-0.006,-0.003,-0.0,-0.23283373967455528,0.4019054767961749,0.36965027262562455
1591,1784678955.588691,0.007917370570638085,-0.0037664110325883945,0.233816390819621,-1.680735116684114e-05,-0.229,0.396,0.378,1.0,-0.006,-0.003,-0.0,-0.23283373967455528,0.4019054767961749,0.36965027262562455
1593,1784678955.6087358,-0.08762251141549401,-0.0777603328815043,0.21894963303059212,0.00011712277881255689,-0.229,0.395,0.379,1.0,-0.006,-0.003,-0.0,-0.23283373967455528,0.4019054767961749,0.36965027262562455
1593,1784678955.629625,-0.010596385373845829,-0.013984971345358893,0.24172171348484467,0.00022531443705873025,-0.229,0.395,0.379,1.0,-0.006,-0.003,-0.0,-0.23283373967455528,0.4019054767961749,0.36965027262562455
1595,1784678955.6528301,0.01311646458502945,-0.00048723974224688243,0.22693288880175255,0.00019680147541659764,-0.228,0.394,0.38,1.0,-0.006,-0.003,-0.0,-0.23283373967455528,0.4019054767961749,0.36965027262562455
1595,1784678955.673788,-0.08716719352496925,-0.0860484071643082,0.2230051203953075,0.0006824092279389109,-0.228,0.393,0.382,1.0,-0.006,-0.003,-0.0,-0.23283373967455528,0.4019054767961749,0.36965027262562455
1597,1784678955.6948085,-0.04874375140778571,-0.03881423376489511,0.23490827089701116,0.0008759879219493716,-0.227,0.392,0.383,1.0,-0.006,-0.003,-0.0,-0.23283373967455528,0.4019054767961749,0.36965027262562455
1598,1784678955.7160096,-0.03020990614907801,-0.02046639754813738,0.22630963115413189,0.0008060261858082516,-0.227,0.391,0.384,1.0,-0.007,-0.004,-0.0,-0.23283373967455528,0.4019054767961749,0.36965027262562455
1600,1784678955.736867,-0.12352898474695831,-0.07283109038081213,0.22269366880625419,0.0009277587146731887,-0.226,0.391,0.385,1.0,-0.007,-0.004,-0.0,-0.23283373967455528,0.4019054767961749,0.36965027262562455
1600,1784678955.756539,-0.05152613880980382,-0.022836386508112233,0.23690602554278206,0.0008147447234888485,-0.226,0.39,0.386,1.0,-0.007,-0.004,-0.0,-0.22815587555744493,0.3938938993313623,0.38049055760537487
1602,1784678955.777738,-0.0331683740033952,-0.016048184443166053,0.22674197699461265,0.0006062987330938494,-0.225,0.389,0.387,1.0,-0.007,-0.004,-0.0,-0.22815587555744493,0.3938938993313623,0.38049055760537487
1602,1784678955.7976892,-0.029472138510158757,-0.011245996627870732,0.23364247298875152,0.0004824763595856024,-0.225,0.388,0.388,1.0,-0.007,-0.004,-0.0,-0.22815587555744493,0.3938938993313623,0.38049055760537487
1604,1784678955.8205066,-0.018817886907289475,-0.012487500097433287,0.22865332610246122,0.0003515714923132728,-0.224,0.387,0.389,1.0,-0.008,-0.004,-0.0,-0.22815587555744493,0.3938938993313623,0.38049055760537487
1604,1784678955.8408618,-0.10901508386447073,-0.061571458522082935,0.222784221561446,0.0003594170658538142,-0.224,0.387,0.389,1.0,-0.008,-0.004,-0.0,-0.22815587555744493,0.3938938993313623,0.38049055760537487
1606,1784678955.8609824,-0.015785871841199783,0.004057444262206382,0.2391659509465061,0.00029197154135589276,-0.223,0.385,0.391,1.0,-0.008,-0.005,-0.0,-0.22815587555744493,0.3938938993313623,0.38049055760537487
1606,1784678955.882411,-0.09655596288613719,-0.05523898297548508,0.21509606915567006,5.990614624322427e-05,-0.223,0.385,0.392,1.0,-0.009,-0.005,-0.0,-0.22815587555744493,0.3938938993313623,0.38049055760537487
1608,1784678955.9047296,-0.020578842802195504,-0.009214959807638888,0.24117759661917607,-6.269880197804834e-05,-0.222,0.383,0.394,1.0,-0.009,-0.005,-0.0,-0.22815587555744493,0.3938938993313623,0.38049055760537487
1608,1784678955.9253228,-0.10394530074578219,-0.05125977634242471,0.21346674899606807,-0.00017729049394774203,-0.222,0.383,0.395,1.0,-0.009,-0.006,-0.0,-0.22815587555744493,0.3938938993313623,0.38049055760537487
1610,1784678955.9464211,-0.0037436368332286335,0.025718204131566114,0.2470004997366062,1.2438499680371575e-05,-0.221,0.382,0.396,1.0,-0.01,-0.006,-0.0,-0.22815587555744493,0.3938938993313623,0.38049055760537487
1610,1784678955.9669456,0.023029197827915765,0.019653282204130457,0.22146424755136165,7.391292495310812e-05,-0.221,0.381,0.397,1.0,-0.01,-0.006,-0.0,-0.22815587555744493,0.3938938993313623,0.38049055760537487
1612,1784678955.9882977,0.0007357495435084856,-0.0004414456974485073,0.23855588963441926,2.7574987680813875e-05,-0.22,0.38,0.398,1.0,-0.01,-0.006,-0.0,-0.22308106831644206,0.3852645547574075,0.3915199518683502
1612,1784678956.0092616,0.00781723810807925,-0.0032448935783781505,0.22648696163395415,-5.829904137746742e-06,-0.219,0.379,0.399,1.0,-0.011,-0.006,-0.0,-0.22308106831644206,0.3852645547574075,0.3915199518683502
1614,1784678956.0302904,0.006280409068477726,0.004057860924023241,0.23476599886541147,-7.080298114980709e-05,-0.219,0.378,0.4,1.0,-0.011,-0.007,-0.0,-0.22308106831644206,0.3852645547574075,0.3915199518683502
1614,1784678956.0504322,0.011662676091007396,0.0025934942715027985,0.2287199096944604,-4.574694331756845e-05,-0.219,0.378,0.401,1.0,-0.012,-0.007,-0.0,-0.22308106831644206,0.3852645547574075,0.3915199518683502
1616,1784678956.070812,0.03868290883085586,0.018703207890213135,0.23572367453930854,-7.65054450914444e-05,-0.218,0.377,0.402,1.0,-0.012,-0.007,-0.0,-0.22308106831644206,0.3852645547574075,0.3915199518683502
1616,1784678956.0917532,0.03643779323544922,0.01860878415316853,0.23083001700464362,-6.264137975389642e-05,-0.218,0.376,0.402,1.0,-0.012,-0.007,-0.0,-0.22308106831644206,0.3852645547574075,0.3915199518683502
1618,1784678956.111957,-0.00029100941134380803,-0.006840736079386706,0.2311302587388855,-1.0332954528908018e-05,-0.217,0.375,0.403,1.0,-0.012,-0.007,-0.0,-0.22308106831644206,0.3852645547574075,0.3915199518683502
1618,1784678956.132765,0.03400148779383697,0.01115040221181263,0.2335694948339709,-4.484035246406257e-05,-0.217,0.374,0.405,1.0,-0.013,-0.007,-0.0,-0.22308106831644206,0.3852645547574075,0.3915199518683502
1620,1784678956.1535704,0.04752534601520794,0.01946844542117929,0.23313053057175057,-5.766353122185758e-05,-0.216,0.373,0.406,1.0,-0.013,-0.007,-0.0,-0.22308106831644206,0.3852645547574075,0.3915199518683502
1621,1784678956.1747537,-0.053641936984633584,-0.0784352852946222,0.2201552506728306,9.781454908675132e-05,-0.216,0.373,0.406,1.0,-0.013,-0.007,-0.0,-0.22308106831644206,0.3852645547574075,0.3915199518683502
1621,1784678956.1948676,-0.13546742570468398,-0.09947605773287557,0.23046746840273924,0.000298183270877613,-0.215,0.372,0.408,1.0,-0.013,-0.007,-0.0,-0.2173538115527609,0.3755185815087938,0.40321992448623417
1623,1784678956.2147326,-0.05334877265278111,-0.03603375618072305,0.2324601941652504,0.00034066720922106296,-0.215,0.371,0.409,1.0,-0.013,-0.007,-0.0,-0.2173538115527609,0.3755185815087938,0.40321992448623417
1624,1784678956.2357092,-0.14388701836926898,-0.10269800839093424,0.2219783468880342,0.0002051754508641032,-0.214,0.37,0.41,1.0,-0.013,-0.007,-0.0,-0.2173538115527609,0.3755185815087938,0.40321992448623417
1626,1784678956.2562077,-0.16284681789583558,-0.10515735690398585,0.22897347076434849,6.0992819838499824e-05,-0.213,0.369,0.411,1.0,-0.013,-0.007,-0.0,-0.2173538115527609,0.3755185815087938,0.40321992448623417
1626,1784678956.2806551,-0.05884681687318431,-0.011675726025884195,0.236575194311007,-0.0004346493715400032,-0.213,0.368,0.412,1.0,-0.013,-0.007,-0.0,-0.2173538115527609,0.3755185815087938,0.40321992448623417
1628,1784678956.3035119,-0.040236049177126504,-0.022972116496983497,0.22789936712350722,-0.00045268177599567936,-0.212,0.367,0.413,1.0,-0.013,-0.007,-0.0,-0.2173538115527609,0.3755185815087938,0.40321992448623417
1628,1784678956.3308558,0.02378519122360573,0.020460912485074922,0.2368254318264949,-0.0004108468398819245,-0.212,0.366,0.414,1.0,-0.014,-0.008,-0.0,-0.2173538115527609,0.3755185815087938,0.40321992448623417
1630,1784678956.359186,0.03575868180352323,0.02732035668303041,0.2303505241642908,-0.00024882622080778905,-0.211,0.365,0.416,1.0,-0.014,-0.008,-0.0,-0.2173538115527609,0.3755185815087938,0.40321992448623417
1632,1784678956.3811836,0.04747021058807767,0.028108998102339373,0.23473063163838886,-0.0001130683056835236,-0.21,0.363,0.417,1.0,-0.015,-0.008,-0.0,-0.2173538115527609,0.3755185815087938,0.40321992448623417
1632,1784678956.4069736,0.017254490544321252,0.017968052734359183,0.22870654805675256,-0.00011664383004362333,-0.209,0.362,0.418,1.0,-0.015,-0.009,-0.0,-0.2173538115527609,0.3755185815087938,0.40321992448623417
1634,1784678956.427865,-0.0697535006364591,-0.039851196490299515,0.22644653516291186,-0.00015164381443713617,-0.209,0.361,0.419,1.0,-0.016,-0.009,-0.0,-0.21123622611743126,0.36516006520544697,0.41487513316895874
1634,1784678956.4496422,-0.09941441608381614,-0.052425648411917346,0.22775672410758888,-0.0003873772649272384,-0.208,0.36,0.421,1.0,-0.016,-0.01,-0.0,-0.21123622611743126,0.36516006520544697,0.41487513316895874
1636,1784678956.4729571,-0.00374241345992167,0.0019786590534664333,0.23538252094150636,-0.00026368992569361454,-0.208,0.359,0.421,1.0,-0.017,-0.01,-0.0,-0.21123622611743126,0.36516006520544697,0.41487513316895874
1636,1784678956.5023768,-0.0019361480490431293,0.0021426199254054937,0.22999035481671148,-0.0002270598751921048,-0.207,0.358,0.422,1.0,-0.017,-0.01,-0.0,-0.21123622611743126,0.36516006520544697,0.41487513316895874
1639,1784678956.5257473,-0.0007691168475872021,-0.0015581442288343586,0.23357427364223785,-0.0001818901780166861,-0.206,0.356,0.424,1.0,-0.017,-0.01,-0.0,-0.21123622611743126,0.36516006520544697,0.41487513316895874
1639,1784678956.5547967,-0.003951031713543315,-0.005108260712473989,0.23099589753524724,-0.00018417055260401392,-0.205,0.355,0.425,1.0,-0.017,-0.01,-0.0,-0.21123622611743126,0.36516006520544697,0.41487513316895874
1641,1784678956.5791326,0.04037781336625043,0.018887352970726492,0.23537007962936743,-0.00015411811962246213,-0.205,0.354,0.426,1.0,-0.018,-0.01,-0.0,-0.21123622611743126,0.36516006520544697,0.41487513316895874
1643,1784678956.6030245,0.04132747766007132,0.01874853439348676,0.2321997249114603,-0.00011938490190990248,-0.204,0.353,0.427,1.0,-0.018,-0.01,-0.0,-0.21123622611743126,0.36516006520544697,0.41487513316895874
1643,1784678956.627816,0.002196915262339602,-0.005034699655604408,0.23379605048862462,-3.7080857543145344e-05,-0.204,0.352,0.428,1.0,-0.018,-0.01,-0.0,-0.2052208920608118,0.3550397945866481,0.42555835955170657
1645,1784678956.6518602,-0.004812777322069341,-0.010400196514368052,0.23240431837937875,-8.287706521514063e-05,-0.203,0.351,0.43,1.0,-0.018,-0.01,-0.0,-0.2052208920608118,0.3550397945866481,0.42555835955170657
1645,1784678956.6772342,-0.011877864211644683,-0.015673664434454,0.23325435882174514,-0.00011524298187514271,-0.202,0.35,0.431,1.0,-0.018,-0.01,-0.0,-0.2052208920608118,0.3550397945866481,0.42555835955170657
1647,1784678956.710377,-0.01798061968044006,-0.017295474715362864,0.2327487957699552,-0.0001284015446302364,-0.202,0.349,0.431,1.0,-0.018,-0.01,-0.0,-0.2052208920608118,0.3550397945866481,0.42555835955170657
1647,1784678956.7377067,-0.022709755442985,-0.019517978140669686,0.2327999238228207,-0.00014344353632987877,-0.201,0.348,0.433,1.0,-0.018,-0.01,-0.0,-0.2052208920608118,0.3550397945866481,0.42555835955170657
1651,1784678956.7654154,-0.12208913583971098,-0.10145320097247446,0.22504043650555233,-0.00020292893132382351,-0.2,0.347,0.434,1.0,-0.018,-0.01,-0.0,-0.2052208920608118,0.3550397945866481,0.42555835955170657
1651,1784678956.792437,-0.047036250812594854,-0.03479030584222524,0.23806829518373865,7.912142741548644e-05,-0.2,0.346,0.435,1.0,-0.018,-0.01,-0.0,-0.2052208920608118,0.3550397945866481,0.42555835955170657
1653,1784678956.8153996,-0.14499963165243784,-0.1029828344681384,0.2213472658615247,-5.941508646398709e-05,-0.199,0.344,0.436,1.0,-0.018,-0.01,-0.0,-0.2052208920608118,0.3550397945866481,0.42555835955170657
1653,1784678956.8414392,-0.04138046801666832,-0.0015671761155141711,0.24486716259393543,-0.00018401631751237315,-0.198,0.343,0.437,1.0,-0.018,-0.01,-0.0,-0.2052208920608118,0.3550397945866481,0.42555835955170657
1656,1784678956.8636289,-0.13006572472485417,-0.07182899560974479,0.2169992766313864,-0.0008508822244586733,-0.197,0.342,0.439,1.0,-0.018,-0.01,-0.0,-0.2052208920608118,0.3550397945866481,0.42555835955170657
1656,1784678956.8834019,-0.12473947181394057,-0.06287283784908003,0.23602946476398495,-0.0008485294654315683,-0.197,0.341,0.44,1.0,-0.019,-0.011,-0.0,-0.2052208920608118,0.3550397945866481,0.42555835955170657
1658,1784678956.907072,-0.0216539240038012,0.021083832704345426,0.23583182934249325,-0.00031887547052707166,-0.196,0.34,0.44,1.0,-0.019,-0.011,-0.0,-0.19890753303373376,0.3444482545628356,0.43604594935017305
1658,1784678956.927051,-0.003999131158471142,0.008492679847632342,0.2320514644740548,-0.0003897919002957198,-0.195,0.339,0.442,1.0,-0.019,-0.011,-0.0,-0.19890753303373376,0.3444482545628356,0.43604594935017305
1660,1784678956.9495394,0.021584326278602853,0.014663400515524325,0.23475247458563353,-0.00035204021751714077,-0.195,0.338,0.442,1.0,-0.02,-0.011,-0.0,-0.19890753303373376,0.3444482545628356,0.43604594935017305
1660,1784678956.9758806,0.028232158056028956,0.02250045097429169,0.23283206323387004,-0.00034262354250194486,-0.194,0.337,0.443,1.0,-0.02,-0.012,-0.0,-0.19890753303373376,0.3444482545628356,0.43604594935017305
1662,1784678957.0014982,0.0602967903871906,0.03559150112317783,0.23641127951365262,-0.000202806485579497,-0.193,0.335,0.444,1.0,-0.021,-0.012,-0.0,-0.19890753303373376,0.3444482545628356,0.43604594935017305
1664,1784678957.028357,0.03282314003756678,0.025425665314773242,0.23159722569661628,-0.00022525315073253124,-0.193,0.335,0.445,1.0,-0.021,-0.013,-0.0,-0.19890753303373376,0.3444482545628356,0.43604594935017305
1664,1784678957.0578768,0.028308241739473602,0.015713030048353473,0.2349183009510353,-0.000171812119024985,-0.192,0.333,0.446,1.0,-0.022,-0.013,-0.0,-0.19890753303373376,0.3444482545628356,0.43604594935017305
1666,1784678957.0833464,0.017698696884940367,0.008847319901874484,0.23246515344332852,-0.00021698430810495407,-0.192,0.332,0.447,1.0,-0.022,-0.013,-0.0,-0.19890753303373376,0.3444482545628356,0.43604594935017305
1668,1784678957.1046088,0.052083274602334,0.025111258871025752,0.23611020731491875,-0.00021250524655107674,-0.191,0.331,0.449,1.0,-0.023,-0.013,-0.0,-0.19890753303373376,0.3444482545628356,0.43604594935017305
1668,1784678957.1198874,0.01362367276386462,-0.0022004208091475526,0.23157547285508068,-0.00011145509548591915,-0.19,0.33,0.449,1.0,-0.023,-0.013,-0.0,-0.19890753303373376,0.3444482545628356,0.43604594935017305
1670,1784678957.1416013,-0.08645695650282303,-0.08484655038402678,0.23032681391944518,-8.117908043631744e-05,-0.19,0.33,0.45,1.0,-0.023,-0.013,-0.0,-0.19263036499484792,0.3339846192697446,0.44577272142496116
1670,1784678957.1646001,0.015626255774731812,0.012989395956111607,0.24081839906611383,-0.000509876141720377,-0.19,0.329,0.45,1.0,-0.023,-0.013,-0.0,-0.19263036499484792,0.3339846192697446,0.44577272142496116
1672,1784678957.1855128,-0.003575062412118843,-0.013348126090604609,0.23029270843469413,-0.0004179455300609993,-0.189,0.328,0.451,1.0,-0.023,-0.013,-0.0,-0.19263036499484792,0.3339846192697446,0.44577272142496116
1672,1784678957.2090864,0.028993270117141916,0.017047903689635713,0.23948328377073919,-0.0004923742219191791,-0.188,0.327,0.452,1.0,-0.022,-0.013,-0.0,-0.19263036499484792,0.3339846192697446,0.44577272142496116
1674,1784678957.2290597,-0.006223179631636655,-0.00424184914732946,0.23105732141558788,-0.00032820911011193627,-0.187,0.325,0.453,1.0,-0.022,-0.013,-0.0,-0.19263036499484792,0.3339846192697446,0.44577272142496116
1674,1784678957.2456532,-0.014484189671378905,-0.014780455801066742,0.2367782474410919,-0.00025012690914526356,-0.187,0.324,0.454,1.0,-0.022,-0.012,-0.0,-0.19263036499484792,0.3339846192697446,0.44577272142496116
1676,1784678957.26529,-0.10840683072980345,-0.0881795317882039,0.22691478871022913,-0.00021762901454462408,-0.187,0.324,0.454,1.0,-0.022,-0.012,-0.0,-0.19263036499484792,0.3339846192697446,0.44577272142496116
1676,1784678957.2877867,-0.005828202919420017,0.00868358612519099,0.2434919921542631,-0.00026571545680040645,-0.186,0.323,0.455,1.0,-0.022,-0.012,-0.0,-0.19263036499484792,0.3339846192697446,0.44577272142496116
1678,1784678957.3066502,-0.10532031675187202,-0.07839922592715132,0.22257555821880154,-0.0005749062083392282,-0.186,0.322,0.456,1.0,-0.022,-0.012,-0.0,-0.19263036499484792,0.3339846192697446,0.44577272142496116
1678,1784678957.3261938,-0.030178622340456374,-0.022149335893357873,0.24261196880885255,-0.0004608762415658545,-0.185,0.321,0.457,1.0,-0.022,-0.012,-0.0,-0.19263036499484792,0.3339846192697446,0.44577272142496116
1680,1784678957.3583863,-0.12701517899298256,-0.08803530808344978,0.22482386055578715,-0.00037841032097221845,-0.184,0.32,0.458,1.0,-0.022,-0.012,-0.0,-0.18655550415966318,0.3238557369171479,0.4546149454218255
1680,1784678957.393307,-0.03192258076550915,-0.009157905913190573,0.24292202462167406,-0.00019018991398091732,-0.184,0.319,0.459,1.0,-0.022,-0.013,-0.0,-0.18655550415966318,0.3238557369171479,0.4546149454218255
1683,1784678957.4305212,0.034884212032122844,0.02957578964821815,0.2333626725724564,-7.923511575564123e-05,-0.183,0.318,0.46,1.0,-0.022,-0.013,-0.0,-0.18655550415966318,0.3238557369171479,0.4546149454218255
1683,1784678957.465216,0.0465351181258373,0.0306477450334432,0.23861374004482522,-8.747419005750205e-05,-0.182,0.316,0.461,1.0,-0.023,-0.013,-0.0,-0.18655550415966318,0.3238557369171479,0.4546149454218255
1687,1784678957.4914846,0.019752630771272747,0.022089920280712917,0.2330465972528555,-0.00018231593844509792,-0.181,0.315,0.462,1.0,-0.023,-0.014,-0.0,-0.18655550415966318,0.3238557369171479,0.4546149454218255
1687,1784678957.5183275,0.015985211739100905,0.01913060702038967,0.23682355893813767,-0.0001931618430027297,-0.181,0.314,0.463,1.0,-0.023,-0.014,-0.0,-0.18655550415966318,0.3238557369171479,0.4546149454218255
1690,1784678957.567184,0.046289149593630105,0.030298316357219853,0.23584978799904013,-0.00017739514109288535,-0.18,0.313,0.464,1.0,-0.024,-0.014,-0.0,-0.18655550415966318,0.3238557369171479,0.4546149454218255
1690,1784678957.6074438,0.004414704598717727,-0.001370086677389807,0.23687045222671788,-0.0001562551757522397,-0.178,0.31,0.466,1.0,-0.024,-0.014,-0.0,-0.18096159015654537,0.3146149939757885,0.46223914757065726
1694,1784678957.6398652,-0.09544731848412169,-0.08375757693401877,0.23092996013690645,-0.00028841297405591214,-0.177,0.308,0.467,1.0,-0.024,-0.014,-0.0,-0.18096159015654537,0.3146149939757885,0.46223914757065726
1694,1784678957.6617122,0.0069068457981905085,0.015530665506230515,0.24321821709337557,-0.0004529363530580587,-0.177,0.307,0.468,1.0,-0.024,-0.014,-0.0,-0.18096159015654537,0.3146149939757885,0.46223914757065726
1697,1784678957.6822298,-0.093251172943346,-0.08270282905611386,0.22708792625610244,-0.0007558625500679165,-0.176,0.306,0.469,1.0,-0.024,-0.014,-0.0,-0.18096159015654537,0.3146149939757885,0.46223914757065726
1697,1784678957.7042139,-0.029980049630324093,-0.024807556713736766,0.24279223683215997,-0.0006550619823906456,-0.175,0.305,0.469,1.0,-0.024,-0.014,-0.0,-0.18096159015654537,0.3146149939757885,0.46223914757065726
1699,1784678957.7266836,0.008303444939522328,0.004226696827315975,0.23327272387705347,-0.0005059292195444516,-0.175,0.304,0.47,1.0,-0.024,-0.014,-0.0,-0.18096159015654537,0.3146149939757885,0.46223914757065726
1699,1784678957.7490492,-0.09168905656003488,-0.07814151568705618,0.2337504866078958,-0.0005346638790639624,-0.174,0.304,0.471,1.0,-0.024,-0.014,-0.0,-0.18096159015654537,0.3146149939757885,0.46223914757065726
1701,1784678957.774857,-0.026311033563845204,-0.015736075765563337,0.23795188330667388,-0.0002705403648523491,-0.174,0.303,0.471,1.0,-0.024,-0.014,-0.0,-0.18096159015654537,0.3146149939757885,0.46223914757065726
1701,1784678957.7994478,-0.014670065113960504,-0.006605972731802509,0.23502714488203172,-0.000271910952930157,-0.173,0.302,0.472,1.0,-0.024,-0.014,-0.0,-0.18096159015654537,0.3146149939757885,0.46223914757065726
1704,1784678957.8237066,-0.002640764362026933,0.005888349696364311,0.2390901619384968,-0.0003006361010457507,-0.173,0.301,0.473,1.0,-0.024,-0.014,-0.0,-0.1752986294541931,0.30522783649304697,0.46955144051267617
1704,1784678957.8494189,0.05268901889534047,0.03257284225654289,0.23849626188399906,-0.0001989321129090623,-0.172,0.3,0.473,1.0,-0.025,-0.014,-0.0,-0.1752986294541931,0.30522783649304697,0.46955144051267617
1706,1784678957.8746865,0.04319163282213732,0.0271632858508813,0.2381799922220037,-0.0002026244167500906,-0.172,0.299,0.474,1.0,-0.025,-0.014,-0.0,-0.1752986294541931,0.30522783649304697,0.46955144051267617
1706,1784678957.9092145,-0.05719658213504874,-0.02884368765758128,0.23270047943707037,-0.00024748052286482816,-0.171,0.298,0.475,1.0,-0.025,-0.015,-0.0,-0.1752986294541931,0.30522783649304697,0.46955144051267617
1709,1784678957.9424343,0.03465270123925988,0.03068855050563405,0.24207133040585402,-8.315852172163283e-05,-0.17,0.297,0.476,1.0,-0.025,-0.015,-0.0,-0.1752986294541931,0.30522783649304697,0.46955144051267617
1709,1784678957.9684606,-0.05810972608974773,-0.036899206306525704,0.23034270849828176,-0.00029009038254955525,-0.17,0.296,0.476,1.0,-0.025,-0.015,-0.0,-0.1752986294541931,0.30522783649304697,0.46955144051267617
1712,1784678957.9908175,-0.09490583232064517,-0.0583522533605393,0.23810626331942925,-0.0004299115223345082,-0.169,0.295,0.477,1.0,-0.026,-0.015,-0.0,-0.1752986294541931,0.30522783649304697,0.46955144051267617
1712,1784678958.0172038,-0.10633912932841816,-0.06747503041239394,0.2347435605945613,-0.0006044066681242949,-0.169,0.294,0.478,1.0,-0.026,-0.015,-0.0,-0.16998419046743884,0.29641837722950565,0.47604313144083354
1715,1784678958.0386758,-0.011307266498509452,-0.0069754288583205384,0.24115213205697522,-0.0006355604446278515,-0.168,0.293,0.479,1.0,-0.026,-0.015,-0.0,-0.16998419046743884,0.29641837722950565,0.47604313144083354
1715,1784678958.059131,0.02273007909545785,0.015572194915372723,0.23802667071659234,-0.0005853535775806042,-0.167,0.292,0.479,1.0,-0.026,-0.015,-0.0,-0.16998419046743884,0.29641837722950565,0.47604313144083354
1717,1784678958.0820324,0.038544355469903424,0.024151508600753883,0.24016510095822746,-0.00047012482151199806,-0.167,0.291,0.48,1.0,-0.026,-0.015,-0.0,-0.16998419046743884,0.29641837722950565,0.47604313144083354
1717,1784678958.103391,0.04045099071897547,0.025375151403743853,0.23869014785387388,-0.0004043502777805262,-0.166,0.29,0.48,1.0,-0.026,-0.015,-0.0,-0.16998419046743884,0.29641837722950565,0.47604313144083354
1719,1784678958.1248612,0.053615442036737404,0.03451337186498729,0.24025559788927153,-0.00035723354718992216,-0.166,0.289,0.481,1.0,-0.026,-0.015,-0.0,-0.16998419046743884,0.29641837722950565,0.47604313144083354
1719,1784678958.1450055,0.0182412681231391,0.010809446463386427,0.23739931961479402,-0.0002837783699266318,-0.165,0.289,0.481,1.0,-0.026,-0.015,-0.0,-0.16998419046743884,0.29641837722950565,0.47604313144083354
1721,1784678958.1673434,0.0480713563694729,0.034660144171814344,0.24037536654196553,-0.00038025188937099174,-0.165,0.288,0.482,1.0,-0.027,-0.016,-0.0,-0.16998419046743884,0.29641837722950565,0.47604313144083354
1721,1784678958.1884909,0.058027845171486646,0.04239537238700044,0.23896723561296246,-0.0003359037711673702,-0.165,0.287,0.482,1.0,-0.027,-0.016,-0.0,-0.16998419046743884,0.29641837722950565,0.47604313144083354
1723,1784678958.2093368,0.07150713753151783,0.050095066420765444,0.2406214551917099,-0.00028949865539439545,-0.164,0.286,0.483,1.0,-0.027,-0.016,-0.0,-0.16998419046743884,0.29641837722950565,0.47604313144083354
1723,1784678958.23131,0.01076553773271554,0.011279529286429744,0.23696488360158918,-0.00023473665841069,-0.164,0.286,0.484,1.0,-0.027,-0.016,-0.0,-0.16998419046743884,0.29641837722950565,0.47604313144083354
1725,1784678958.2530804,-0.0845012668802875,-0.05351097107851973,0.23814021623497836,-0.0004166217618041342,-0.163,0.285,0.484,1.0,-0.027,-0.016,-0.0,-0.16500141117408662,0.288059904577199,0.4818685613690234
1725,1784678958.2767494,0.016303763362801593,0.018558923042769494,0.24184258986054674,-0.0005584649169998087,-0.163,0.284,0.484,1.0,-0.027,-0.016,-0.0,-0.16500141117408662,0.288059904577199,0.4818685613690234
1728,1784678958.299408,0.034259482879762174,0.027125096493832608,0.23979124595650825,-0.0004940199414712289,-0.162,0.283,0.485,1.0,-0.027,-0.016,-0.0,-0.16500141117408662,0.288059904577199,0.4818685613690234
1728,1784678958.3196175,-0.06649059339827997,-0.06927936082206879,0.23668246621529576,-0.000547468674423955,-0.162,0.283,0.485,1.0,-0.027,-0.015,-0.0,-0.16500141117408662,0.288059904577199,0.4818685613690234
1730,1784678958.3425546,-0.12849255968661957,-0.08477294593117313,0.23807951930408947,-0.0005337241358526306,-0.161,0.281,0.486,1.0,-0.026,-0.015,-0.0,-0.16500141117408662,0.288059904577199,0.4818685613690234
1730,1784678958.4463527,-0.1275612255816041,-0.08738915073472862,0.23699201312469853,-0.0004829189626283859,-0.161,0.281,0.487,1.0,-0.026,-0.015,-0.0,-0.16500141117408662,0.288059904577199,0.4818685613690234
1736,1784678958.4867616,-0.024375966531013468,0.014281957706160753,0.2434117981874182,0.00011512865438068726,-0.159,0.277,0.489,1.0,-0.026,-0.015,-0.0,-0.16500141117408662,0.288059904577199,0.4818685613690234
1736,1784678958.524478,0.01522005693137378,0.01866436469902559,0.23863779782557015,-0.00035705357710581764,-0.158,0.276,0.49,1.0,-0.027,-0.015,-0.0,-0.16046323044576627,0.2803338782993354,0.48697288037526476
1740,1784678958.5586452,0.043952800333593514,0.04502256547024633,0.2390908247897529,-0.0007626037776983261,-0.157,0.275,0.491,0.999,-0.028,-0.016,-0.0,-0.16046323044576627,0.2803338782993354,0.48697288037526476
1740,1784678958.583811,0.07481706252463932,0.06942031118967733,0.23932825828091198,-0.0007290202838627862,-0.156,0.273,0.491,0.999,-0.03,-0.018,-0.0,-0.16046323044576627,0.2803338782993354,0.48697288037526476
1743,1784678958.60679,0.09242454472524436,0.07373755906972226,0.2427242887440711,-0.000467164800676733,-0.156,0.272,0.492,0.999,-0.031,-0.019,-0.0,-0.16046323044576627,0.2803338782993354,0.48697288037526476
1743,1784678958.6287863,0.0951728463033732,0.06744453009513754,0.2419055915815153,-0.0003739437014465081,-0.155,0.272,0.492,0.999,-0.032,-0.019,-0.0,-0.1568348030887934,0.27413624888136723,0.4908899554461346
1745,1784678958.6540773,0.050507996702782415,0.030170061400436904,0.23923150139865662,-0.00038626924367356295,-0.155,0.271,0.493,0.999,-0.033,-0.019,-0.0,-0.1568348030887934,0.27413624888136723,0.4908899554461346
1745,1784678958.6878576,0.08994067842611157,0.05609708122455973,0.24434221931760639,-0.0005823816627586434,-0.155,0.27,0.493,0.999,-0.033,-0.019,-0.0,-0.1568348030887934,0.27413624888136723,0.4908899554461346
1748,1784678958.716258,0.053871119219375284,0.028903764861306087,0.24014857810606335,-0.0004772669854485875,-0.154,0.269,0.494,0.999,-0.033,-0.019,-0.0,-0.1568348030887934,0.27413624888136723,0.4908899554461346
1748,1784678958.740818,-0.01947199799881203,-0.030451847996425765,0.24102097195567876,-0.0004354758586299101,-0.154,0.269,0.494,0.999,-0.033,-0.019,-0.0,-0.1568348030887934,0.27413624888136723,0.4908899554461346
1751,1784678958.7758195,0.06686733936295886,0.036330718313275376,0.24275691438704844,-0.0009575311507336241,-0.153,0.268,0.495,0.999,-0.033,-0.019,-0.0,-0.1568348030887934,0.27413624888136723,0.4908899554461346
1751,1784678958.8012047,0.06858831861312806,0.03785844427882945,0.2421507996540668,-0.000706645382835019,-0.153,0.267,0.495,0.999,-0.032,-0.018,-0.0,-0.1568348030887934,0.27413624888136723,0.4908899554461346
1754,1784678958.823307,0.024137626133381884,0.010369226057938823,0.24176499960038925,-0.0004914672598201891,-0.152,0.267,0.495,0.999,-0.032,-0.018,-0.0,-0.1568348030887934,0.27413624888136723,0.4908899554461346
1754,1784678958.8479981,-0.0666417410059424,-0.051279325649902355,0.2401010943190162,-0.00030996353408539946,-0.152,0.266,0.496,0.999,-0.031,-0.017,-0.0,-0.1568348030887934,0.27413624888136723,0.4908899554461346
1756,1784678958.8721256,0.014598500700986769,0.002135508805349337,0.24405102605700524,-0.000680427491881504,-0.152,0.266,0.496,0.999,-0.031,-0.017,-0.0,-0.15294894584416183,0.26739380629353404,0.4949649866966124
1756,1784678958.896684,0.054710978224315136,0.029840486596154195,0.2423927140112072,-0.000679911324630608,-0.152,0.265,0.496,0.999,-0.031,-0.017,-0.0,-0.15294894584416183,0.26739380629353404,0.4949649866966124
1759,1784678958.9312706,0.040534268355426534,0.02794751156282198,0.24329655133406916,-0.0005736692107150675,-0.151,0.265,0.497,0.999,-0.03,-0.017,-0.0,-0.15294894584416183,0.26739380629353404,0.4949649866966124
1759,1784678958.952267,0.01974886400356974,0.017187691527613822,0.24204066768696417,-0.0004489379269553026,-0.151,0.264,0.497,0.999,-0.03,-0.017,-0.0,-0.15294894584416183,0.26739380629353404,0.4949649866966124
1761,1784678958.973663,0.0555587715562128,0.037740164978376414,0.2437041842328939,-0.0004262635093714463,-0.151,0.264,0.497,0.999,-0.03,-0.017,-0.0,-0.15294894584416183,0.26739380629353404,0.4949649866966124
1761,1784678958.9944823,0.01633475686378759,0.019597640138082184,0.24196494227354617,-0.00043512363341175386,-0.15,0.263,0.497,0.999,-0.029,-0.017,-0.0,-0.15294894584416183,0.26739380629353404,0.4949649866966124
1763,1784678959.017775,0.03674836189336969,0.030148723766789877,0.24338989369279743,-0.00038662154066649494,-0.15,0.263,0.498,0.999,-0.029,-0.017,-0.0,-0.15294894584416183,0.26739380629353404,0.4949649866966124
1763,1784678959.0436292,0.034931289254315476,0.02192657653865161,0.2424939324545447,-0.00032370680630712956,-0.15,0.262,0.498,0.999,-0.029,-0.016,-0.0,-0.15294894584416183,0.26739380629353404,0.4949649866966124
1766,1784678959.068587,-0.04974410506732954,-0.02938008488090831,0.24117491498205165,-0.00030753370413837643,-0.15,0.262,0.498,0.999,-0.029,-0.016,-0.0,-0.15294894584416183,0.26739380629353404,0.4949649866966124
1766,1784678959.0935857,-0.05783249294752564,-0.037300381219456835,0.2424168729406044,-0.0005050979550424933,-0.149,0.261,0.499,0.999,-0.029,-0.016,-0.0,-0.15031531431617046,0.262860294916896,0.4976131919870831
1768,1784678959.1166673,0.01485892738488502,0.011365780265280338,0.24368224591266108,-0.0006786507378372254,-0.149,0.261,0.499,0.999,-0.028,-0.016,-0.0,-0.15031531431617046,0.262860294916896,0.4976131919870831
1770,1784678959.1479023,0.0017415237001288941,0.003543397381286645,0.2424782599713537,-0.0005811481822867399,-0.149,0.26,0.499,0.999,-0.028,-0.016,-0.0,-0.15031531431617046,0.262860294916896,0.4976131919870831
1770,1784678959.175292,0.006736326028352765,0.0060968277517244145,0.24319978445188073,-0.0005503597676619082,-0.149,0.26,0.499,0.999,-0.028,-0.016,-0.0,-0.15031531431617046,0.262860294916896,0.4976131919870831
1772,1784678959.1997879,-0.04374682756293963,-0.02610423264287223,0.2412316700587585,-0.00049049250655573,-0.148,0.259,0.5,0.999,-0.028,-0.016,-0.0,-0.15031531431617046,0.262860294916896,0.4976131919870831
1774,1784678959.220729,0.027849716102994915,0.01838021479927845,0.24444438297134102,-0.0005720993176743731,-0.148,0.259,0.5,0.999,-0.028,-0.016,-0.0,-0.15031531431617046,0.262860294916896,0.4976131919870831
1774,1784678959.246058,0.03472269364581508,0.02408538354921232,0.24236547954104126,-0.0005439643215856579,-0.148,0.259,0.5,0.999,-0.028,-0.016,-0.0,-0.15031531431617046,0.262860294916896,0.4976131919870831
1776,1784678959.268314,0.013334904385857722,0.011434183603829869,0.2433116108127292,-0.0004063231800739123,-0.148,0.258,0.5,0.999,-0.028,-0.016,-0.0,-0.15031531431617046,0.262860294916896,0.4976131919870831
1776,1784678959.2888668,0.015058880848378309,0.00969273232484599,0.24250914471047752,-0.00039571939224400485,-0.147,0.258,0.501,0.999,-0.028,-0.016,-0.0,-0.15031531431617046,0.262860294916896,0.4976131919870831
1778,1784678959.309726,-0.032641810835968676,-0.019226291461126168,0.24172930022980088,-0.00032256519856512775,-0.147,0.257,0.501,0.999,-0.028,-0.016,-0.0,-0.15031531431617046,0.262860294916896,0.4976131919870831
1778,1784678959.3297443,0.01142743111563814,0.0076533338025499345,0.2435751763950146,-0.0004291294340629358,-0.147,0.257,0.501,0.999,-0.028,-0.016,-0.0,-0.15031531431617046,0.262860294916896,0.4976131919870831
1780,1784678959.351668,0.017572129248327198,0.01165836900958793,0.24255218491981798,-0.0004396535007394993,-0.147,0.257,0.501,0.999,-0.028,-0.016,-0.0,-0.14773980940355233,0.25851106070105057,0.5000934274780977
1780,1784678959.3814845,0.030209533375475918,0.0190291115825859,0.2436280673272509,-0.00038897967008415734,-0.147,0.257,0.501,0.999,-0.028,-0.016,-0.0,-0.14773980940355233,0.25851106070105057,0.5000934274780977
1783,1784678959.4124331,0.012946709698051596,0.008361258654435395,0.24235875019315495,-0.00034572510680898897,-0.146,0.256,0.502,0.999,-0.028,-0.016,-0.0,-0.14773980940355233,0.25851106070105057,0.5000934274780977
1783,1784678959.4329183,0.03462764269277009,0.023174741905893657,0.24386195363837396,-0.0004342454105770812,-0.146,0.255,0.502,0.999,-0.028,-0.016,-0.0,-0.14773980940355233,0.25851106070105057,0.5000934274780977
1785,1784678959.453737,0.01163377035002778,0.008088532821708978,0.2423077326372293,-0.0004252070119872811,-0.146,0.255,0.502,0.999,-0.028,-0.016,-0.0,-0.14773980940355233,0.25851106070105057,0.5000934274780977
1787,1784678959.4750218,0.010527976670213851,0.005264568634711416,0.2433154237942787,-0.0004908039591527652,-0.145,0.255,0.502,1.0,-0.028,-0.016,-0.0,-0.14773980940355233,0.25851106070105057,0.5000934274780977
1787,1784678959.4965856,0.022461761410015726,0.020285896749723725,0.24333246377552534,-0.0005890700154349521,-0.145,0.254,0.502,1.0,-0.027,-0.016,-0.0,-0.14773980940355233,0.25851106070105057,0.5000934274780977
1787,1784678959.5180914,0.027926741829635657,0.014771708368528785,0.24330237779952277,-0.00044275617629360936,-0.145,0.254,0.503,1.0,-0.027,-0.015,-0.0,-0.14773980940355233,0.25851106070105057,0.5000934274780977
1790,1784678959.5391493,-0.0487172412064434,-0.0352086692109823,0.24142163596459507,-0.0004009766489164462,-0.145,0.254,0.503,1.0,-0.027,-0.015,-0.0,-0.14773980940355233,0.25851106070105057,0.5000934274780977
1790,1784678959.559726,-0.005009214770581326,-0.007382640326673292,0.2437349958068379,-0.0006213869967506681,-0.145,0.253,0.503,1.0,-0.027,-0.015,-0.0,-0.14773980940355233,0.25851106070105057,0.5000934274780977
1792,1784678959.5822864,-0.05257079624328139,-0.04046746665950124,0.24067894878724944,-0.0006213354574720192,-0.144,0.253,0.503,1.0,-0.027,-0.015,-0.0,-0.14526563477478865,0.25435869922442567,0.5023995598966322
1792,1784678959.6033201,-0.008738600180772292,-0.010838818421618608,0.24383971749614522,-0.0006966932175971611,-0.144,0.252,0.503,1.0,-0.027,-0.015,-0.0,-0.14526563477478865,0.25435869922442567,0.5023995598966322
1794,1784678959.6255708,0.00019361318459958782,-0.0029756253494666873,0.2417049691715572,-0.0006661923757751375,-0.144,0.252,0.504,1.0,-0.027,-0.015,-0.0,-0.14526563477478865,0.25435869922442567,0.5023995598966322
1794,1784678959.6463013,0.02359888998475139,0.011223813436060496,0.2437613704305524,-0.0006137272262230048,-0.144,0.252,0.504,1.0,-0.027,-0.015,-0.0,-0.14526563477478865,0.25435869922442567,0.5023995598966322
1796,1784678959.6667757,-0.031698642578663644,-0.02216370158565174,0.2407325937960919,-0.0004481537345799642,-0.143,0.251,0.504,1.0,-0.027,-0.015,-0.0,-0.14526563477478865,0.25435869922442567,0.5023995598966322
1796,1784678959.6890864,0.005156990734397529,-7.413572190043821e-05,0.24377018307640574,-0.0004925094407646788,-0.143,0.251,0.504,1.0,-0.027,-0.015,-0.0,-0.14526563477478865,0.25435869922442567,0.5023995598966322
1798,1784678959.7103543,0.021852473452943978,0.010774086778059293,0.242198648293675,-0.0004789310131500527,-0.143,0.251,0.504,1.0,-0.027,-0.015,-0.0,-0.14526563477478865,0.25435869922442567,0.5023995598966322
1798,1784678959.732136,0.007757191293811201,0.0035462480615749276,0.24279205993099517,-0.0003799250866147658,-0.143,0.25,0.505,1.0,-0.027,-0.015,-0.0,-0.14526563477478865,0.25435869922442567,0.5023995598966322
1800,1784678959.7539256,0.006742113028180667,0.003853632700213539,0.24233086946888543,-0.00036856116048794774,-0.143,0.25,0.505,1.0,-0.027,-0.015,-0.0,-0.14526563477478865,0.25435869922442567,0.5023995598966322
1801,1784678959.7749124,0.024140590395592458,0.013332793596030044,0.2432091486078688,-0.00044255051380796405,-0.143,0.25,0.505,1.0,-0.027,-0.015,-0.0,-0.14526563477478865,0.25435869922442567,0.5023995598966322
1802,1784678959.7958713,0.00865575544094617,0.0028113668376695093,0.2421667550291906,-0.00039111948722221184,-0.142,0.25,0.505,1.0,-0.027,-0.015,-0.0,-0.14526563477478865,0.25435869922442567,0.5023995598966322
1802,1784678959.816544,0.005591082345920151,0.001349215238143412,0.24174866439350864,-0.00038327418768485053,-0.142,0.249,0.505,1.0,-0.027,-0.015,-0.0,-0.1430884498937707,0.2507631121634802,0.5043533649408077
1804,1784678959.8375852,0.016003971410276846,0.01648293733396956,0.24239946257932016,-0.0005293287876407069,-0.142,0.249,0.505,1.0,-0.027,-0.016,-0.0,-0.1430884498937707,0.2507631121634802,0.5043533649408077
1806,1784678959.859357,0.005097468508033533,0.010798391883256191,0.24162162796558231,-0.0004419292157765422,-0.142,0.249,0.505,1.0,-0.027,-0.016,-0.0,-0.1430884498937707,0.2507631121634802,0.5043533649408077
1806,1784678959.8798034,0.015237510012825743,0.016080073248858188,0.24250393698450173,-0.0004887130777272418,-0.142,0.249,0.505,1.0,-0.027,-0.016,-0.0,-0.1430884498937707,0.2507631121634802,0.5043533649408077
1808,1784678959.9005053,0.013981309708136339,0.016648560081875565,0.24176350909926236,-0.0005237644468181358,-0.142,0.248,0.506,1.0,-0.027,-0.016,-0.0,-0.1430884498937707,0.2507631121634802,0.5043533649408077
1808,1784678959.9214363,-0.03185463120823688,-0.015577745864997102,0.24119539043861205,-0.0005685183599195777,-0.141,0.248,0.506,1.0,-0.027,-0.016,-0.0,-0.1430884498937707,0.2507631121634802,0.5043533649408077
1810,1784678959.9501078,-0.03701094192988284,-0.018968438919349646,0.24143501712120474,-0.0006747686170619034,-0.141,0.248,0.506,1.0,-0.027,-0.016,-0.0,-0.1430884498937707,0.2507631121634802,0.5043533649408077
1810,1784678959.9809408,-0.002556607190735652,0.003364580309396986,0.2422957191948627,-0.000707591844298844,-0.141,0.247,0.506,1.0,-0.027,-0.016,-0.0,-0.1430884498937707,0.2507631121634802,0.5043533649408077
1813,1784678960.0108604,0.020686955323775597,0.018488406013480584,0.24216475122108283,-0.0006653386286452106,-0.141,0.247,0.506,1.0,-0.027,-0.016,-0.0,-0.1430884498937707,0.2507631121634802,0.5043533649408077
1813,1784678960.0423715,0.016572062780490983,0.005911281861669004,0.24203100959624824,-0.0005199267374480154,-0.141,0.247,0.507,1.0,-0.027,-0.015,-0.0,-0.1430884498937707,0.2507631121634802,0.5043533649408077
1816,1784678960.0696654,-0.019647714553450032,-0.020238426359883904,0.2410678592469963,-0.00045323443175313103,-0.14,0.246,0.507,1.0,-0.027,-0.015,-0.0,-0.1430884498937707,0.2507631121634802,0.5043533649408077
1816,1784678960.1001778,-0.0206104703758013,-0.023037325402088894,0.24130987186308292,-0.0004755882637277053,-0.14,0.246,0.507,1.0,-0.027,-0.015,-0.0,-0.14118817607404746,0.24768040344108908,0.5059984295371002
1819,1784678960.1317098,0.015375908743270522,0.0031826657841308344,0.24219462462879962,-0.0005999260388759708,-0.14,0.246,0.507,1.0,-0.027,-0.015,-0.0,-0.14118817607404746,0.24768040344108908,0.5059984295371002
1819,1784678960.1471004,0.02815137901466322,0.013766839417702525,0.24189296557130902,-0.0005758548141301466,-0.14,0.245,0.507,1.0,-0.027,-0.015,-0.0,-0.14118817607404746,0.24768040344108908,0.5059984295371002
1821,1784678960.1641555,0.01153739314789301,0.0032169262195410366,0.24169770014242445,-0.0004282014872144093,-0.14,0.245,0.507,1.0,-0.027,-0.015,-0.0,-0.14118817607404746,0.24768040344108908,0.5059984295371002
1821,1784678960.1818573,-0.010905311239498727,-0.01241123633744005,0.24111554092343984,-0.0003286270546278597,-0.14,0.245,0.507,1.0,-0.027,-0.015,-0.0,-0.14118817607404746,0.24768040344108908,0.5059984295371002
1823,1784678960.2054653,-0.009765218045221395,-0.009867345728010266,0.24162864085264213,-0.00037174428022252446,-0.14,0.245,0.507,1.0,-0.027,-0.015,-0.0,-0.14118817607404746,0.24768040344108908,0.5059984295371002
1823,1784678960.2301981,0.011540258751399309,0.0021275413297865385,0.2418960435149974,-0.0004376189339609924,-0.139,0.245,0.507,1.0,-0.027,-0.015,-0.0,-0.14118817607404746,0.24768040344108908,0.5059984295371002
1825,1784678960.2488635,0.021395757768743383,0.01825538669029986,0.24183990269440817,-0.00058375719267487,-0.139,0.245,0.508,1.0,-0.027,-0.016,-0.0,-0.1397232765213599,0.2453255798444138,0.5072346585112915
1825,1784678960.2678962,0.025398095445253337,0.02151219027304115,0.24203605333221698,-0.0005115540583052862,-0.139,0.245,0.508,1.0,-0.027,-0.016,-0.0,-0.1397232765213599,0.2453255798444138,0.5072346585112915
1827,1784678960.2877476,0.021350060486479527,0.019546818856885233,0.24186125196300437,-0.0005059786754342043,-0.139,0.244,0.508,1.0,-0.027,-0.016,-0.0,-0.1397232765213599,0.2453255798444138,0.5072346585112915
1827,1784678960.3056629,-0.0017909265056490487,0.007734648172520574,0.24130794150030732,-0.0004640766808443503,-0.139,0.244,0.508,1.0,-0.027,-0.016,-0.0,-0.1397232765213599,0.2453255798444138,0.5072346585112915
1829,1784678960.323446,0.02378095137569994,0.020559161743668362,0.24236739609765054,-0.000478251666520684,-0.139,0.244,0.508,1.0,-0.027,-0.016,-0.0,-0.1397232765213599,0.2453255798444138,0.5072346585112915
1829,1784678960.340772,0.02192909368395102,0.019932085124506303,0.24163057679844918,-0.0005229365229391761,-0.139,0.244,0.508,1.0,-0.027,-0.016,-0.0,-0.1397232765213599,0.2453255798444138,0.5072346585112915
1831,1784678960.3610706,0.02219760183623123,0.018826671445391564,0.2421975545933565,-0.0005104765834200713,-0.139,0.244,0.508,1.0,-0.027,-0.016,-0.0,-0.1397232765213599,0.2453255798444138,0.5072346585112915
1831,1784678960.3795485,-0.00043816900709470544,0.004179126892814206,0.24135567873801314,-0.0004552588631575875,-0.139,0.244,0.508,1.0,-0.027,-0.016,-0.0,-0.1397232765213599,0.2453255798444138,0.5072346585112915
1833,1784678960.4002693,-0.0018385146952061525,0.0029355368279293456,0.241865376706219,-0.0004563792610886637,-0.139,0.244,0.508,1.0,-0.027,-0.016,-0.0,-0.1397232765213599,0.2453255798444138,0.5072346585112915
1833,1784678960.420472,0.015057517598843256,0.012954324953110039,0.2419355314129437,-0.0005267501899010738,-0.139,0.244,0.508,1.0,-0.027,-0.016,-0.0,-0.1397232765213599,0.2453255798444138,0.5072346585112915
1835,1784678960.4404953,-0.00018404713622780303,-0.008462871332400541,0.24167755062480237,-0.000387912724051597,-0.139,0.244,0.508,1.0,-0.027,-0.015,-0.0,-0.1397232765213599,0.2453255798444138,0.5072346585112915
1835,1784678960.4616446,0.020039668240427886,0.007111172204378787,0.24215303325817011,-0.0005564278380800207,-0.139,0.243,0.508,1.0,-0.027,-0.015,-0.0,-0.1397232765213599,0.2453255798444138,0.5072346585112915
1837,1784678960.4802587,0.02386546118906672,0.008273211114583946,0.2419688294981399,-0.000530406816053649,-0.138,0.243,0.508,1.0,-0.027,-0.015,-0.0,-0.1397232765213599,0.2453255798444138,0.5072346585112915
1837,1784678960.498412,0.004083378848846516,-0.008930591747645697,0.24176191601845803,-0.0004013498401649392,-0.138,0.243,0.508,1.0,-0.027,-0.015,-0.0,-0.1397232765213599,0.2453255798444138,0.5072346585112915
1839,1784678960.5184746,0.006210201293098825,-0.008123184966649752,0.24187202659796164,-0.0004474021504171417,-0.138,0.243,0.508,1.0,-0.027,-0.015,-0.0,-0.1397232765213599,0.2453255798444138,0.5072346585112915
1839,1784678960.536416,0.019823554284579475,0.004483681120999658,0.24186614119978272,-0.00048131224359070253,-0.138,0.243,0.508,1.0,-0.027,-0.015,-0.0,-0.1386942925008137,0.243728954316926,0.5080691048777513
1841,1784678960.5568116,0.024750033023046323,0.010465241234328848,0.24196632225990852,-0.0004922027288695134,-0.138,0.243,0.508,1.0,-0.027,-0.015,-0.0,-0.1386942925008137,0.243728954316926,0.5080691048777513
1842,1784678960.5742133,0.022365977326569312,0.008930618698890974,0.241923827523487,-0.0004030826481273108,-0.138,0.243,0.508,1.0,-0.027,-0.015,-0.0,-0.1386942925008137,0.243728954316926,0.5080691048777513
1843,1784678960.6071186,0.01493907691658335,0.011149855811867115,0.24194860806866875,-0.0004817410133496452,-0.138,0.243,0.508,1.0,-0.026,-0.015,-0.0,-0.1386942925008137,0.243728954316926,0.5080691048777513
1843,1784678960.647055,0.014582490218283648,0.01126628999412935,0.241891327511218,-0.0004668157621882723,-0.138,0.243,0.508,1.0,-0.026,-0.015,-0.0,-0.1386942925008137,0.243728954316926,0.5080691048777513
1846,1784678960.6770453,0.008879165860760572,0.008960959040079763,0.2419513926640704,-0.0004214939878165273,-0.138,0.243,0.508,1.0,-0.026,-0.015,-0.0,-0.1386942925008137,0.243728954316926,0.5080691048777513
1846,1784678960.699535,0.009133440117685406,0.009249367796921839,0.24195187170301907,-0.0004320171184102632,-0.138,0.243,0.508,1.0,-0.026,-0.015,-0.0,-0.1386942925008137,0.243728954316926,0.5080691048777513
1849,1784678960.713779,0.018544771324773227,0.013570964037265383,0.24199349210901663,-0.0004411161151136126,-0.138,0.243,0.508,1.0,-0.026,-0.015,-0.0,-0.1386942925008137,0.243728954316926,0.5080691048777513
1850,1784678960.7330968,0.019426811564836655,0.013211399381222035,0.24183603557499084,-0.000459044421125157,-0.138,0.243,0.508,1.0,-0.026,-0.015,-0.0,-0.1382190175669583,0.24305428726065442,0.5084275574757636
1851,1784678960.7522457,0.019516789448267003,0.013643097675313156,0.24192966074652583,-0.00046664686240570705,-0.138,0.243,0.508,1.0,-0.026,-0.015,-0.0,-0.1382190175669583,0.24305428726065442,0.5084275574757636
1852,1784678960.77345,0.020609129556047667,0.013661352827097278,0.24185509194450316,-0.00046886991399017495,-0.138,0.243,0.508,1.0,-0.026,-0.015,-0.0,-0.1382190175669583,0.24305428726065442,0.5084275574757636
1853,1784678960.793103,0.02072121544245104,0.013322073032306887,0.24199052807476792,-0.00047259688433235565,-0.138,0.243,0.508,1.0,-0.026,-0.015,-0.0,-0.1382190175669583,0.24305428726065442,0.5084275574757636
1854,1784678960.8129232,0.021845245229374356,0.014090494596059547,0.24188189981395206,-0.00047777389144308154,-0.138,0.243,0.508,1.0,-0.026,-0.015,-0.0,-0.1382190175669583,0.24305428726065442,0.5084275574757636
1855,1784678960.8335142,0.011007437129130663,0.011636674566987922,0.24213100668150322,-0.0005075103068821601,-0.138,0.243,0.508,1.0,-0.025,-0.015,-0.0,-0.1382190175669583,0.24305428726065442,0.5084275574757636
1856,1784678960.8554513,0.011340524019151966,0.010737686562124468,0.24187502307048953,-0.0004832062546153092,-0.138,0.243,0.508,1.0,-0.025,-0.015,-0.0,-0.1382190175669583,0.24305428726065442,0.5084275574757636
1857,1784678960.877286,0.012051325078594206,0.00231836101659514,0.2421459883214692,-0.0004313761966006697,-0.138,0.243,0.508,1.0,-0.025,-0.014,-0.0,-0.1382190175669583,0.24305428726065442,0.5084275574757636
1858,1784678960.8958523,0.013478776238685469,0.004690200993749116,0.24178711598063463,-0.0004945362417992819,-0.138,0.243,0.508,1.0,-0.025,-0.014,-0.0,-0.1382190175669583,0.24305428726065442,0.5084275574757636
1859,1784678960.9334931,0.01432179487804008,0.004781078717521835,0.24184986554521928,-0.00047258044121317126,-0.138,0.243,0.508,1.0,-0.025,-0.014,-0.0,-0.1382098099887469,0.24315322035962184,0.5083920163765983
1859,1784678960.9656625,0.01566859772384863,0.0034083476330221338,0.24200298827054667,-0.00046334784303599276,-0.138,0.243,0.508,1.0,-0.025,-0.014,-0.0,-0.1382098099887469,0.24315322035962184,0.5083920163765983
1862,1784678960.9974122,0.016402094787196998,0.0067385897378288255,0.24165951200043587,-0.00048052507971110684,-0.138,0.243,0.508,1.0,-0.025,-0.014,-0.0,-0.1382098099887469,0.24315322035962184,0.5083920163765983
1862,1784678961.0287182,0.021563177713905878,0.008352381911936418,0.24225207356226636,-0.000461167155816282,-0.138,0.244,0.508,1.0,-0.025,-0.014,-0.0,-0.1382098099887469,0.24315322035962184,0.5083920163765983
1865,1784678961.0447812,0.018001299839237702,0.009321890115398426,0.24141685027396173,-0.00044510566823387904,-0.139,0.244,0.508,1.0,-0.025,-0.014,-0.0,-0.1382098099887469,0.24315322035962184,0.5083920163765983
1865,1784678961.0615144,0.01899338136705493,0.010207621155951151,0.2420886239324604,-0.0004328723701700863,-0.139,0.244,0.508,1.0,-0.025,-0.014,-0.0,-0.1382098099887469,0.24315322035962184,0.5083920163765983
1867,1784678961.0785725,0.022024464949083163,0.012460207607213468,0.24202343787250322,-0.00043705693346928165,-0.139,0.244,0.508,1.0,-0.025,-0.014,-0.0,-0.1382098099887469,0.24315322035962184,0.5083920163765983
1867,1784678961.095677,0.010745662766272594,0.010484429723369292,0.24166705725575793,-0.0004457163941916306,-0.139,0.244,0.508,1.0,-0.024,-0.014,-0.0,-0.1382098099887469,0.24315322035962184,0.5083920163765983
1868,1784678961.1173744,0.009679156936899056,0.011452605680627462,0.24182134517404477,-0.0004355405016456804,-0.139,0.244,0.508,1.0,-0.024,-0.014,-0.0,-0.13856770085590753,0.24384622316317633,0.5080516877618112
1870,1784678961.1357067,0.008904162701620543,0.010292174732992404,0.24173442065628087,-0.00044847464343855106,-0.139,0.244,0.508,1.0,-0.024,-0.014,-0.0,-0.13856770085590753,0.24384622316317633,0.5080516877618112
1871,1784678961.1572943,0.011227204460311436,0.013129971895048474,0.2419880743483918,-0.00046865920639649827,-0.139,0.244,0.508,1.0,-0.024,-0.014,-0.0,-0.13856770085590753,0.24384622316317633,0.5080516877618112
1871,1784678961.1765633,0.01048281690875048,0.011715324836328044,0.24174829277756996,-0.0004534911560719089,-0.139,0.244,0.508,1.0,-0.024,-0.014,-0.0,-0.13856770085590753,0.24384622316317633,0.5080516877618112
1873,1784678961.1952684,0.01255287826413266,0.012881826741453304,0.2419671612719318,-0.00045971176586591557,-0.139,0.244,0.508,1.0,-0.024,-0.014,-0.0,-0.13856770085590753,0.24384622316317633,0.5080516877618112
1874,1784678961.2155738,0.012675620350610855,0.01256046598210257,0.24181250415289626,-0.0004506309542474031,-0.139,0.244,0.508,1.0,-0.024,-0.014,-0.0,-0.13856770085590753,0.24384622316317633,0.5080516877618112
1874,1784678961.2353907,0.019197136309735855,0.016409994621789502,0.24230118143007756,-0.00044698103561773163,-0.139,0.245,0.508,1.0,-0.024,-0.014,-0.0,-0.13856770085590753,0.24384622316317633,0.5080516877618112
1876,1784678961.2542727,0.015216547886976312,0.01254159736372551,0.2416327103149207,-0.00042208555104322905,-0.139,0.245,0.508,1.0,-0.024,-0.014,-0.0,-0.13856770085590753,0.24384622316317633,0.5080516877618112
1877,1784678961.2789443,0.014930178103286975,0.013077840710131527,0.24210548849674798,-0.0004350219494522295,-0.139,0.245,0.508,1.0,-0.024,-0.014,-0.0,-0.13856770085590753,0.24384622316317633,0.5080516877618112
1877,1784678961.3063922,0.012857453949554083,0.01051493224808801,0.24157800984090066,-0.00043657465498436396,-0.139,0.245,0.508,1.0,-0.024,-0.014,-0.0,-0.13856770085590753,0.24384622316317633,0.5080516877618112
1879,1784678961.3261158,0.01355548554752634,0.0051973120917439344,0.24258285661399123,-0.0004094468856963875,-0.139,0.245,0.508,1.0,-0.023,-0.013,-0.0,-0.13856770085590753,0.24384622316317633,0.5080516877618112
1879,1784678961.347668,0.007676053498849266,0.002898553176153437,0.24139224298146353,-0.0004381224563132067,-0.139,0.245,0.508,1.0,-0.023,-0.013,-0.0,-0.13856770085590753,0.24384622316317633,0.5080516877618112
1881,1784678961.3622627,0.007788976951495646,0.002330584209775475,0.24239482901970089,-0.0004331280519894584,-0.139,0.245,0.507,1.0,-0.023,-0.013,-0.0,-0.13856770085590753,0.24384622316317633,0.5080516877618112
1881,1784678961.3779595,0.007372877358067419,0.002451620295695317,0.24163024460131408,-0.0004442178762903009,-0.139,0.245,0.507,1.0,-0.023,-0.013,-0.0,-0.13915952283152808,0.24489477839048965,0.5075228395716185
1883,1784678961.3935223,0.015450746499647467,0.00565625437196958,0.24255555096529624,-0.0004407796431331405,-0.139,0.245,0.507,1.0,-0.023,-0.013,-0.0,-0.13915952283152808,0.24489477839048965,0.5075228395716185
1884,1784678961.4144166,0.016297548099036618,0.007074788640423865,0.2419004519086168,-0.0004432488661300376,-0.139,0.245,0.507,1.0,-0.023,-0.013,-0.0,-0.13915952283152808,0.24489477839048965,0.5075228395716185
1884,1784678961.433012,0.006459302126278325,0.0033178365897152846,0.24183255088172673,-0.00042846012976121466,-0.139,0.245,0.507,1.0,-0.023,-0.013,-0.0,-0.13915952283152808,0.24489477839048965,0.5075228395716185
1886,1784678961.4550843,0.006041343116327386,0.004846026521779324,0.24188086962096028,-0.00042957125918374436,-0.14,0.245,0.507,1.0,-0.023,-0.013,-0.0,-0.13915952283152808,0.24489477839048965,0.5075228395716185
1887,1784678961.4722426,0.010227037429098838,0.00660214330967393,0.2419723255625125,-0.0004428902417302922,-0.14,0.246,0.507,1.0,-0.023,-0.013,-0.0,-0.13915952283152808,0.24489477839048965,0.5075228395716185
1888,1784678961.4930954,0.010975133262567386,0.007156534150208966,0.24190907740184736,-0.0004438927115630593,-0.14,0.246,0.507,1.0,-0.023,-0.013,-0.0,-0.13915952283152808,0.24489477839048965,0.5075228395716185
1889,1784678961.5127466,0.008178618630369287,0.005937475715778299,0.2418230345788978,-0.0004381209191036118,-0.14,0.246,0.507,1.0,-0.023,-0.013,-0.0,-0.13915952283152808,0.24489477839048965,0.5075228395716185
1890,1784678961.533714,0.011194472436848412,0.007486490949847137,0.2420118421912645,-0.00043861666380715005,-0.14,0.246,0.507,1.0,-0.023,-0.013,-0.0,-0.13915952283152808,0.24489477839048965,0.5075228395716185
1891,1784678961.5537994,0.008503368520681624,0.0063289843737753156,0.24175321093939234,-0.0004381806842079464,-0.14,0.246,0.507,1.0,-0.023,-0.013,-0.0,-0.13915952283152808,0.24489477839048965,0.5075228395716185
1892,1784678961.5771465,0.02192603095793422,0.01420267785654036,0.24244285333806254,-0.0004339197265506914,-0.14,0.246,0.507,1.0,-0.023,-0.013,-0.0,-0.13915952283152808,0.24489477839048965,0.5075228395716185
1893,1784678961.5962055,0.012970432093202321,0.008597637265411788,0.24159072103827883,-0.00040408484283812956,-0.14,0.246,0.507,1.0,-0.023,-0.013,-0.0,-0.13915952283152808,0.24489477839048965,0.5075228395716185
1894,1784678961.6133823,0.007231801828948812,0.005699444378685543,0.24197726750976867,-0.0004115693512409218,-0.14,0.246,0.507,1.0,-0.023,-0.013,-0.0,-0.13915952283152808,0.24489477839048965,0.5075228395716185
1895,1784678961.6485016,0.011415463745750785,0.007428117498363192,0.24190340683635375,-0.00042639873209369646,-0.14,0.246,0.507,1.0,-0.023,-0.013,-0.0,-0.13915952283152808,0.24489477839048965,0.5075228395716185
1895,1784678961.6655176,0.011745672592950587,0.007602393114001901,0.24195987971814706,-0.00043238166310305745,-0.14,0.246,0.507,1.0,-0.023,-0.013,-0.0,-0.13915952283152808,0.24489477839048965,0.5075228395716185
1897,1784678961.6827154,0.012424414807344814,0.01262486387725336,0.24231885021551142,-0.00046544363397174295,-0.14,0.247,0.507,1.0,-0.022,-0.013,-0.0,-0.13915952283152808,0.24489477839048965,0.5075228395716185
1897,1784678961.7021527,0.0030329946962529657,0.007849119174705672,0.24150841367271778,-0.00042878215009493773,-0.14,0.247,0.507,1.0,-0.022,-0.013,-0.0,-0.13986930746529125,0.24608895627456873,0.5069081181479543
1899,1784678961.7209992,-0.0008349965658065901,0.005838952451327373,0.24193964849781668,-0.00044253613374519265,-0.14,0.247,0.507,1.0,-0.022,-0.013,-0.0,-0.13986930746529125,0.24608895627456873,0.5069081181479543
1899,1784678961.7377937,0.001444808497837343,0.006821854916699913,0.24177414151185334,-0.0004566239956300097,-0.14,0.247,0.507,1.0,-0.022,-0.013,-0.0,-0.13986930746529125,0.24608895627456873,0.5069081181479543
1901,1784678961.754419,0.009632745357063651,0.011955967333462884,0.24228671830146897,-0.00045242982201401216,-0.14,0.247,0.507,1.0,-0.022,-0.013,-0.0,-0.13986930746529125,0.24608895627456873,0.5069081181479543
1902,1784678961.779873,-0.0002520248977106558,0.0050109706390528,0.24156122673597813,-0.00044621443596170614,-0.14,0.247,0.506,1.0,-0.022,-0.013,-0.0,-0.13986930746529125,0.24608895627456873,0.5069081181479543
1902,1784678961.810298,0.010119075748281674,0.010373292521089456,0.24250947901858977,-0.0004416632849746803,-0.14,0.247,0.506,1.0,-0.022,-0.013,-0.0,-0.13986930746529125,0.24608895627456873,0.5069081181479543
1904,1784678961.8435013,0.00011345614864985074,0.006022916344596577,0.2413985239824367,-0.0004404173514696019,-0.141,0.247,0.506,1.0,-0.022,-0.013,-0.0,-0.13986930746529125,0.24608895627456873,0.5069081181479543
1904,1784678961.873452,-0.001863423513040214,-0.004042483876592777,0.24211762868446307,-0.0003937538228148891,-0.141,0.247,0.506,1.0,-0.022,-0.012,-0.0,-0.13986930746529125,0.24608895627456873,0.5069081181479543
1907,1784678961.9016945,-0.0009249956301094313,-0.00515391640133377,0.2415798814908808,-0.00046521105077096636,-0.141,0.248,0.506,1.0,-0.022,-0.012,-0.0,-0.13986930746529125,0.24608895627456873,0.5069081181479543
1907,1784678961.930325,-0.0006678960968560695,-0.005743030711335032,0.2418798664891904,-0.0004638660148741661,-0.141,0.248,0.506,1.0,-0.022,-0.012,-0.0,-0.13986930746529125,0.24608895627456873,0.5069081181479543
1910,1784678961.9587247,0.01112959321756447,-0.0005746604141881814,0.24202777863466232,-0.00045849793001331585,-0.141,0.248,0.506,1.0,-0.022,-0.012,-0.0,-0.14057042984109538,0.24723019713698546,0.5063108959125125
1910,1784678961.981798,0.0016766000229840212,-0.003742418348088715,0.2414655787752855,-0.00045605488230979083,-0.141,0.248,0.506,1.0,-0.022,-0.012,-0.0,-0.14057042984109538,0.24723019713698546,0.5063108959125125
1913,1784678962.0056083,0.011764809011642324,0.0021049223871152586,0.24224252894742887,-0.00045021330380304683,-0.141,0.248,0.506,1.0,-0.022,-0.012,-0.0,-0.14057042984109538,0.24723019713698546,0.5063108959125125
1913,1784678962.032668,0.003889423644384136,-0.0015350406607903683,0.24138899696188754,-0.00043964982850416893,-0.141,0.248,0.506,1.0,-0.022,-0.012,-0.0,-0.14057042984109538,0.24723019713698546,0.5063108959125125
1915,1784678962.0582166,-0.000552841759769742,-0.0031397896579270224,0.241842891654417,-0.0004362845306966214,-0.141,0.248,0.506,1.0,-0.022,-0.012,-0.0,-0.14057042984109538,0.24723019713698546,0.5063108959125125
1915,1784678962.0841775,0.011169046458780637,0.004758969884469218,0.2419071984105417,-0.00044988626408083737,-0.141,0.248,0.506,1.0,-0.022,-0.012,-0.0,-0.14057042984109538,0.24723019713698546,0.5063108959125125
1918,1784678962.121612,0.011006862711541904,0.00593519216737589,0.24189089279761672,-0.00042702611766836404,-0.141,0.248,0.506,1.0,-0.022,-0.012,-0.0,-0.14057042984109538,0.24723019713698546,0.5063108959125125
1918,1784678962.1473758,0.0008225420822343503,-0.0017180667514336556,0.24141437669866805,-0.000385023687372131,-0.141,0.248,0.506,1.0,-0.022,-0.012,-0.0,-0.1411191335942257,0.24810645524537256,0.5058468386631501
1921,1784678962.1738436,0.008897296183710008,0.006159106016171773,0.24197090039290353,-0.00042511242002297024,-0.141,0.248,0.506,1.0,-0.022,-0.012,-0.0,-0.1411191335942257,0.24810645524537256,0.5058468386631501
1921,1784678962.1951718,-0.0009475413470244713,-0.001730198272826989,0.24129190525014532,-0.0003841673343090267,-0.141,0.248,0.506,1.0,-0.022,-0.012,-0.0,-0.1411191335942257,0.24810645524537256,0.5058468386631501
1924,1784678962.2175004,0.007699998825956882,0.00378551572809396,0.24205673345112805,-0.0004254652257875109,-0.141,0.249,0.506,1.0,-0.022,-0.012,-0.0,-0.1411191335942257,0.24810645524537256,0.5058468386631501
1924,1784678962.2367847,0.006596130016906173,0.002496493790890505,0.24147000518218897,-0.00040013721254784636,-0.141,0.249,0.506,1.0,-0.022,-0.012,-0.0,-0.1411191335942257,0.24810645524537256,0.5058468386631501
1926,1784678962.2630928,0.0014344265028525018,-0.0015930555494140207,0.24167704581949695,-0.0003829328971847684,-0.141,0.249,0.506,1.0,-0.022,-0.012,-0.0,-0.1411191335942257,0.24810645524537256,0.5058468386631501
1926,1784678962.2913225,-0.007910471056852688,-0.003253925500177949,0.2415507460064879,-0.0004260201660615889,-0.141,0.249,0.506,1.0,-0.021,-0.012,-0.0,-0.1411191335942257,0.24810645524537256,0.5058468386631501
1928,1784678962.3127677,-0.01054690466457248,-0.004692374409752394,0.24152929983905322,-0.0004192975156271096,-0.141,0.249,0.506,1.0,-0.021,-0.012,-0.0,-0.1411191335942257,0.24810645524537256,0.5058468386631501
1928,1784678962.3367116,-0.007446290589528757,0.00047345535157151605,0.24189328436403346,-0.0004317977408916796,-0.142,0.249,0.505,1.0,-0.021,-0.012,-0.0,-0.1411191335942257,0.24810645524537256,0.5058468386631501
1931,1784678962.3658543,-0.00994826228552927,-0.0018009732642970087,0.24151554413052176,-0.00041611465127480295,-0.142,0.249,0.505,1.0,-0.021,-0.012,-0.0,-0.1411191335942257,0.24810645524537256,0.5058468386631501
1931,1784678962.3837817,-0.006552123467989623,0.001668874345981338,0.24190471966380392,-0.00043565753280336593,-0.142,0.249,0.505,1.0,-0.021,-0.012,-0.0,-0.1411191335942257,0.24810645524537256,0.5058468386631501
1933,1784678962.4037635,-0.010388346129662062,-0.0021378081681763944,0.24144532513001987,-0.0004316217875898164,-0.142,0.249,0.505,1.0,-0.021,-0.012,-0.0,-0.1411191335942257,0.24810645524537256,0.5058468386631501
1933,1784678962.4223416,-0.009640748758965322,-0.0024932827363161915,0.24175585769766234,-0.0004506304384390587,-0.142,0.249,0.505,1.0,-0.021,-0.012,-0.0,-0.1411191335942257,0.24810645524537256,0.5058468386631501
1935,1784678962.4413965,-0.010142578335444647,-0.0026395010027362407,0.24146679264163,-0.00046005224420479193,-0.142,0.249,0.505,1.0,-0.021,-0.012,-0.0,-0.1411191335942257,0.24810645524537256,0.5058468386631501
1935,1784678962.46587,-0.0044147815512911755,0.00019192438869572448,0.2417604287223408,-0.0004607456659461752,-0.142,0.249,0.505,1.0,-0.021,-0.012,-0.0,-0.1415155998135296,0.2487591270996905,0.5055020841489137
1937,1784678962.4861803,-0.008208191491360147,-0.001994666546142221,0.24144028306763277,-0.00046490742348780713,-0.142,0.249,0.505,1.0,-0.021,-0.012,-0.0,-0.1415155998135296,0.2487591270996905,0.5055020841489137
1937,1784678962.5076475,-0.0028207140585268346,0.0006400504667899536,0.2417019014131929,-0.00046578691619774136,-0.142,0.249,0.505,1.0,-0.021,-0.012,-0.0,-0.1415155998135296,0.2487591270996905,0.5055020841489137
1939,1784678962.529889,-0.0024054655724162523,-0.0003376109775663112,0.24154510643846158,-0.0004716643016884543,-0.142,0.249,0.505,1.0,-0.021,-0.012,-0.0,-0.1415155998135296,0.2487591270996905,0.5055020841489137
1939,1784678962.5530512,-0.008837619438815229,-0.003256238361719052,0.2415254720550621,-0.0004854000106857323,-0.142,0.249,0.505,1.0,-0.021,-0.012,-0.0,-0.1415155998135296,0.2487591270996905,0.5055020841489137
1941,1784678962.580231,-0.0038480540112081456,-0.0007643797108865258,0.2415735319581221,-0.0004792367311879124,-0.142,0.249,0.505,1.0,-0.021,-0.012,-0.0,-0.1415155998135296,0.2487591270996905,0.5055020841489137
1943,1784678962.6068435,-0.0083264750226812,-0.003326904775090612,0.24150742637301015,-0.0004939274537880442,-0.142,0.249,0.505,1.0,-0.021,-0.012,-0.0,-0.1415155998135296,0.2487591270996905,0.5055020841489137
1943,1784678962.6352975,0.003213101300622894,-0.00240011474856942,0.24150144683010213,-0.0004605799068981982,-0.142,0.249,0.505,1.0,-0.022,-0.012,-0.0,-0.1415155998135296,0.2487591270996905,0.5055020841489137
1945,1784678962.6674974,-0.0002813213660599924,-0.003511338483258488,0.24158564494926763,-0.0004935517709447898,-0.142,0.249,0.505,1.0,-0.022,-0.012,-0.0,-0.1415155998135296,0.2487591270996905,0.5055020841489137
1945,1784678962.6967351,0.0031631224305682416,-0.0032500425287498823,0.24149571926986813,-0.0004723143800994761,-0.142,0.249,0.505,1.0,-0.022,-0.012,-0.0,-0.1415155998135296,0.2487591270996905,0.5055020841489137
1949,1784678962.7190762,-0.0003998819674840108,-0.004847449728283507,0.24150809473960128,-0.0004790062123216838,-0.142,0.249,0.505,1.0,-0.022,-0.012,-0.0,-0.1415155998135296,0.2487591270996905,0.5055020841489137
1949,1784678962.7474825,-0.002661188938763246,-0.005144357961211127,0.24148233915339878,-0.0004731555196250076,-0.142,0.249,0.505,1.0,-0.022,-0.012,-0.0,-0.14174758186164652,0.2491306530686814,0.5053037405057645
1951,1784678962.7651908,-0.00110428137946331,-0.00399570865508244,0.2414928734797069,-0.00047090277239782326,-0.142,0.249,0.505,1.0,-0.022,-0.012,-0.0,-0.14174758186164652,0.2491306530686814,0.5053037405057645
1951,1784678962.7846494,-0.001326188358908572,-0.0038779213501989804,0.24149655499430983,-0.00047115726235132354,-0.142,0.249,0.505,1.0,-0.022,-0.012,-0.0,-0.14174758186164652,0.2491306530686814,0.5053037405057645
1953,1784678962.8007088,-0.00169748390318376,-0.0034644653817992033,0.24149194256090548,-0.0004704289870813821,-0.142,0.249,0.505,1.0,-0.022,-0.012,-0.0,-0.14174758186164652,0.2491306530686814,0.5053037405057645
1953,1784678962.8223987,-0.0032058965095208385,-0.0042138567426327316,0.24149871313806753,-0.00046328433192614293,-0.142,0.249,0.505,1.0,-0.022,-0.012,-0.0,-0.14174758186164652,0.2491306530686814,0.5053037405057645
1955,1784678962.848921,-0.0037246010037263154,-0.004688395522052805,0.24148814684448824,-0.0004611245317267398,-0.142,0.249,0.505,1.0,-0.022,-0.012,-0.0,-0.14174758186164652,0.2491306530686814,0.5053037405057645
1955,1784678962.8741064,-0.004249882709486789,-0.0039930482118650835,0.24142023931589174,-0.0004669778322620356,-0.142,0.249,0.505,1.0,-0.022,-0.012,-0.0,-0.14174758186164652,0.2491306530686814,0.5053037405057645
1958,1784678962.9051168,-0.0050055233302220385,-0.0038874123128042927,0.24155240440175615,-0.0004551677633263766,-0.142,0.249,0.505,1.0,-0.022,-0.012,-0.0,-0.14174758186164652,0.2491306530686814,0.5053037405057645
1958,1784678962.9315987,-0.005142886872622297,-0.004003256267704047,0.24145709278204391,-0.00045908753471296103,-0.142,0.249,0.505,1.0,-0.022,-0.012,-0.0,-0.14181288982306664,0.2492179950640964,0.5052546294189054
1960,1784678962.951395,-0.005604369034378245,-0.003656183404859511,0.24145039157568463,-0.0004659825449431689,-0.142,0.249,0.505,1.0,-0.022,-0.012,-0.0,-0.14181288982306664,0.2492179950640964,0.5052546294189054
1960,1784678962.9716332,-0.005252980803802664,-0.005229249477721316,0.24145473503384268,-0.00045300808951675845,-0.142,0.249,0.505,1.0,-0.022,-0.012,-0.0,-0.14181288982306664,0.2492179950640964,0.5052546294189054
1962,1784678962.9941602,-0.005152090947645339,-0.005765753468714503,0.24152911505275565,-0.00046116406415734135,-0.142,0.249,0.505,1.0,-0.022,-0.012,-0.0,-0.14181288982306664,0.2492179950640964,0.5052546294189054
1962,1784678963.0179834,-0.005192708583006449,-0.005862397658105742,0.24139524210879315,-0.00046270533228947414,-0.142,0.249,0.505,1.0,-0.022,-0.012,-0.0,-0.14181288982306664,0.2492179950640964,0.5052546294189054
1965,1784678963.0405462,-0.005171634147256913,-0.005854897227817221,0.24148885991258628,-0.00046195719274817857,-0.142,0.249,0.505,1.0,-0.022,-0.012,-0.0,-0.14181288982306664,0.2492179950640964,0.5052546294189054
1965,1784678963.0651896,-0.005621404847337617,-0.005470960180152397,0.24142854792584728,-0.000463872473348409,-0.142,0.249,0.505,1.0,-0.022,-0.012,-0.0,-0.14181288982306664,0.2492179950640964,0.5052546294189054
1967,1784678963.0933046,-0.005674997596616129,-0.005022901427176769,0.24147217860174816,-0.0004661358846383655,-0.142,0.249,0.505,1.0,-0.022,-0.012,-0.0,-0.14181288982306664,0.2492179950640964,0.5052546294189054
1967,1784678963.1087844,-0.00569519689048063,-0.0049822723490769785,0.24144260433223708,-0.00046587014492868045,-0.142,0.249,0.505,1.0,-0.022,-0.012,-0.0,-0.14181288982306664,0.2492179950640964,0.5052546294189054
1969,1784678963.1267061,-0.006213906214331325,-0.005437570693858425,0.24139802012960282,-0.00046797275313519525,-0.142,0.249,0.505,1.0,-0.022,-0.012,-0.0,-0.14181288982306664,0.2492179950640964,0.5052546294189054
1969,1784678963.1477864,-0.006152923544726848,-0.0058489437512149675,0.24150160743658328,-0.0004629061673895865,-0.142,0.249,0.505,1.0,-0.022,-0.012,-0.0,-0.14181288982306664,0.2492179950640964,0.5052546294189054
1971,1784678963.1804726,-0.0065478670722674374,-0.005074445769912856,0.24142546626768951,-0.00047362210385097354,-0.142,0.249,0.505,1.0,-0.022,-0.012,-0.0,-0.14181288982306664,0.2492179950640964,0.5052546294189054
1971,1784678963.2006788,-0.0057909829302058395,-0.005378106200776413,0.24147574293424448,-0.0004703336056379769,-0.142,0.249,0.505,1.0,-0.022,-0.012,-0.0,-0.14181288982306664,0.2492179950640964,0.5052546294189054
1974,1784678963.2216864,-0.005707968209763995,0.003963715645839406,0.24143861360556174,-0.0005361411326227811,-0.142,0.249,0.505,1.0,-0.022,-0.013,-0.0,-0.14173965036065173,0.2490947534974976,0.5053196918334841
1974,1784678963.238941,-0.005782289609815892,0.004393038294690729,0.24141870903704252,-0.000482641307999097,-0.142,0.249,0.505,1.0,-0.022,-0.013,-0.0,-0.14173965036065173,0.2490947534974976,0.5053196918334841
1976,1784678963.2710419,-0.005816785223970489,0.004399261114693093,0.24143359544207618,-0.0004907371209921715,-0.142,0.249,0.505,1.0,-0.022,-0.013,-0.0,-0.14173965036065173,0.2490947534974976,0.5053196918334841
1976,1784678963.2878706,-0.0058273568125283455,0.004384214473149864,0.24142306996900975,-0.0004947439848282874,-0.142,0.249,0.505,1.0,-0.022,-0.013,-0.0,-0.14173965036065173,0.2490947534974976,0.5053196918334841
1978,1784678963.3065903,-0.005825463182615041,0.00399432333318725,0.2414309287642313,-0.0004956201105802317,-0.142,0.249,0.505,1.0,-0.022,-0.013,-0.0,-0.14173965036065173,0.2490947534974976,0.5053196918334841
1978,1784678963.3277898,-0.0060939739648543136,0.004022066184952034,0.2414990036002809,-0.0004999780395201282,-0.142,0.249,0.505,1.0,-0.022,-0.013,-0.0,-0.14173965036065173,0.2490947534974976,0.5053196918334841
1980,1784678963.3581815,-0.007995729543203347,0.002314610370656108,0.24123989961867173,-0.0005060964942596266,-0.142,0.249,0.505,1.0,-0.022,-0.013,-0.0,-0.14173965036065173,0.2490947534974976,0.5053196918334841
1980,1784678963.3849251,-0.0072667100465761796,0.00266624713640801,0.24156953603272766,-0.0005171012045214487,-0.142,0.249,0.505,1.0,-0.022,-0.013,-0.0,-0.14173965036065173,0.2490947534974976,0.5053196918334841
1983,1784678963.416331,-0.007280321818435232,0.0018508822950981108,0.24117793086693806,-0.0005216862716684162,-0.142,0.249,0.506,1.0,-0.022,-0.013,-0.0,-0.14173965036065173,0.2490947534974976,0.5053196918334841
1983,1784678963.460973,-0.007149798658331565,0.0013583297021455172,0.24146658904795454,-0.0005326734715407281,-0.142,0.249,0.506,1.0,-0.022,-0.013,-0.0,-0.14158070664675793,0.24881228607702946,0.5054666191371849
1987,1784678963.4899805,-0.008630613583105993,-0.004307307471256766,0.24114174924845178,-0.0004772129527000409,-0.141,0.249,0.506,1.0,-0.022,-0.013,-0.0,-0.14158070664675793,0.24881228607702946,0.5054666191371849
1987,1784678963.5092213,-0.0066445470692168655,-0.0016239427106315082,0.24149783013856363,-0.00048824189861739153,-0.141,0.249,0.506,1.0,-0.022,-0.013,-0.0,-0.14158070664675793,0.24881228607702946,0.5054666191371849
1989,1784678963.531065,-0.007984128572827324,-0.0014137942029394598,0.2412651322395019,-0.00043903091808524463,-0.141,0.248,0.506,1.0,-0.022,-0.013,-0.0,-0.14158070664675793,0.24881228607702946,0.5054666191371849
1989,1784678963.5468884,-0.009519992673670607,-0.004975071128892533,0.24129309812419267,-0.00034657288334201885,-0.141,0.248,0.506,1.0,-0.022,-0.013,-0.0,-0.14158070664675793,0.24881228607702946,0.5054666191371849
1991,1784678963.5621595,0.0006088223841452349,-0.00010189014973064833,0.24145832846552043,-0.00038557360351316235,-0.141,0.248,0.506,1.0,-0.023,-0.013,-0.0,-0.14158070664675793,0.24881228607702946,0.5054666191371849
1991,1784678963.5823808,0.0016403792006301592,-0.0008285917355392754,0.2413168671860519,-0.00037655170070196496,-0.141,0.248,0.506,1.0,-0.023,-0.013,-0.0,-0.14158070664675793,0.24881228607702946,0.5054666191371849
1993,1784678963.6032472,0.002085668795965962,-0.00048413284956795935,0.24141013059772826,-0.0003752108709457137,-0.141,0.248,0.506,1.0,-0.023,-0.013,-0.0,-0.14158070664675793,0.24881228607702946,0.5054666191371849
1993,1784678963.6229665,0.003303459141826167,0.0011449340796064848,0.2414108420861779,-0.00043947829148873385,-0.141,0.248,0.506,1.0,-0.023,-0.013,-0.0,-0.14158070664675793,0.24881228607702946,0.5054666191371849
1995,1784678963.6415212,0.0021658448656667988,7.578975140943439e-05,0.24134651544232794,-0.0003938516272630588,-0.141,0.248,0.506,1.0,-0.023,-0.013,-0.0,-0.14158070664675793,0.24881228607702946,0.5054666191371849
1995,1784678963.662856,0.002646120533811403,0.0011943762679559981,0.24147513971326667,-0.00045215204010900254,-0.141,0.248,0.506,1.0,-0.023,-0.013,-0.0,-0.14138151389129205,0.24842504041803684,0.5056634335355837
1997,1784678963.6849804,0.001794538266863526,0.0004410067281764435,0.24131778609657267,-0.000469591374681352,-0.141,0.248,0.506,1.0,-0.023,-0.013,-0.0,-0.14138151389129205,0.24842504041803684,0.5056634335355837
1997,1784678963.7069483,0.003063852716495171,0.0012245679202077357,0.24148929516744633,-0.0004907391590203898,-0.141,0.248,0.506,1.0,-0.023,-0.013,-0.0,-0.14138151389129205,0.24842504041803684,0.5056634335355837
1999,1784678963.7312732,-0.0009712059571293265,-0.0028184202254711785,0.24117742943337792,-0.00048463396899513,-0.141,0.248,0.506,1.0,-0.023,-0.013,-0.0,-0.14138151389129205,0.24842504041803684,0.5056634335355837
1999,1784678963.7541835,-0.0024121295168894295,-0.0036273888824478254,0.24139578073934734,-0.000507999246211086,-0.141,0.248,0.506,1.0,-0.023,-0.013,-0.0,-0.14138151389129205,0.24842504041803684,0.5056634335355837
2002,1784678963.7750466,0.00023589763764452973,-0.00010904675789013413,0.24136529736589296,-0.0005212602068880285,-0.141,0.248,0.506,1.0,-0.023,-0.013,-0.0,-0.14138151389129205,0.24842504041803684,0.5056634335355837
2002,1784678963.7886992,0.00024910180638551896,0.00031802806536664063,0.24139116419693668,-0.0005045467610659726,-0.141,0.248,0.506,1.0,-0.023,-0.013,-0.0,-0.14138151389129205,0.24842504041803684,0.5056634335355837
2002,1784678963.8028886,-0.004074005501170704,-0.003287541714029972,0.24124893911488957,-0.0004953439866826746,-0.141,0.248,0.506,1.0,-0.023,-0.013,-0.0,-0.14138151389129205,0.24842504041803684,0.5056634335355837
2004,1784678963.8282263,-0.0034095964905658423,-0.0036957140924706727,0.2413321048152587,-0.0005042230564082634,-0.141,0.248,0.506,1.0,-0.023,-0.013,-0.0,-0.14138151389129205,0.24842504041803684,0.5056634335355837
2004,1784678963.848876,-0.0005507020882240081,-0.00010627614507782712,0.24140777767551197,-0.0005135387125529676,-0.141,0.248,0.506,1.0,-0.023,-0.013,-0.0,-0.14138151389129205,0.24842504041803684,0.5056634335355837
2006,1784678963.8652985,-0.0036829369037880803,-0.0029212068957914714,0.24131352839605402,-0.0004927380166493369,-0.141,0.248,0.506,1.0,-0.023,-0.013,-0.0,-0.14138151389129205,0.24842504041803684,0.5056634335355837
2006,1784678963.891881,-0.0005074424223919134,1.3393329050408881e-05,0.24141670986893313,-0.0004989385364440409,-0.141,0.248,0.506,1.0,-0.023,-0.013,-0.0,-0.14138151389129205,0.24842504041803684,0.5056634335355837
2008,1784678963.9140224,-0.0001682730275914153,0.00036721768892579096,0.2413709159620586,-0.000490934423248169,-0.141,0.248,0.506,1.0,-0.023,-0.013,-0.0,-0.1411655210050233,0.24806747469029725,0.5058518362427952
2008,1784678963.9376733,-9.247906034741751e-05,-0.0003871014486447992,0.24140467918524924,-0.00041861901556329985,-0.141,0.248,0.506,1.0,-0.023,-0.013,-0.0,-0.1411655210050233,0.24806747469029725,0.5058518362427952
2011,1784678963.9592423,-0.00010650984832663232,-0.000477656074158634,0.24138070387435986,-0.00037558492807686627,-0.141,0.248,0.506,1.0,-0.023,-0.013,-0.0,-0.1411655210050233,0.24806747469029725,0.5058518362427952
2011,1784678963.9802437,-0.00010389275246233329,-0.0004880107599858595,0.2413975760541429,-0.00034602934931688323,-0.141,0.248,0.506,1.0,-0.023,-0.013,-0.0,-0.1411655210050233,0.24806747469029725,0.5058518362427952
2013,1784678964.006076,0.0010909073582120558,0.00034913999363404835,0.24145590403195402,-0.000396651601713999,-0.141,0.248,0.506,1.0,-0.023,-0.013,-0.0,-0.1411655210050233,0.24806747469029725,0.5058518362427952
2013,1784678964.037129,-0.0019918429067322073,-0.002438387370359875,0.24128778984796045,-0.0003564794391224494,-0.141,0.248,0.506,1.0,-0.023,-0.013,-0.0,-0.1411655210050233,0.24806747469029725,0.5058518362427952
2016,1784678964.0673394,0.0008619428154203919,-0.001090637137417503,0.24145166536667684,-0.00040571590791410714,-0.141,0.248,0.506,1.0,-0.023,-0.013,-0.0,-0.1411655210050233,0.24806747469029725,0.5058518362427952
2016,1784678964.0914967,-0.002028431936441994,-0.0030014103566185397,0.24129146039480204,-0.00043028617998890154,-0.141,0.248,0.506,1.0,-0.023,-0.013,-0.0,-0.1411655210050233,0.24806747469029725,0.5058518362427952
2018,1784678964.115171,0.0005429397126096754,7.874619014178533e-05,0.24152649345634492,-0.00045436642349332,-0.141,0.248,0.506,1.0,-0.023,-0.013,-0.0,-0.1411655210050233,0.24806747469029725,0.5058518362427952
2018,1784678964.1398966,0.001914433040536425,0.0003919856639794418,0.24136118122524092,-0.00045372868634995243,-0.141,0.248,0.506,1.0,-0.023,-0.013,-0.0,-0.1411655210050233,0.24806747469029725,0.5058518362427952
2021,1784678964.1679404,0.002086965243480964,0.0005811383405296133,0.24149031481483227,-0.00045706684573661464,-0.141,0.248,0.506,1.0,-0.023,-0.013,-0.0,-0.14091479794668055,0.24778151717917263,0.5060194419756288
2021,1784678964.192908,-0.0011206083899582796,-0.0026838226317539814,0.24127065386388008,-0.00045176749819185496,-0.141,0.248,0.506,1.0,-0.023,-0.013,-0.0,-0.14091479794668055,0.24778151717917263,0.5060194419756288
2023,1784678964.215547,0.0018103545443441081,0.00024861841246100885,0.24154701168100098,-0.00046635078603981037,-0.141,0.248,0.506,1.0,-0.023,-0.013,-0.0,-0.14091479794668055,0.24778151717917263,0.5060194419756288
2024,1784678964.23969,-0.0015301015782965173,-0.003931572472342763,0.24123846024784062,-0.00044952933535834634,-0.141,0.248,0.506,1.0,-0.023,-0.013,-0.0,-0.14091479794668055,0.24778151717917263,0.5060194419756288
2026,1784678964.264456,0.0017944123110801395,0.00012182644600152587,0.24156738088672852,-0.00046732617377890094,-0.141,0.248,0.506,1.0,-0.023,-0.013,-0.0,-0.14091479794668055,0.24778151717917263,0.5060194419756288
2026,1784678964.2880666,0.0008559344490393257,-0.0006868614919772753,0.2413599630974926,-0.0004525517010754783,-0.141,0.248,0.506,1.0,-0.023,-0.013,-0.0,-0.14091479794668055,0.24778151717917263,0.5060194419756288
2028,1784678964.3144283,0.0020096904168380135,0.00047703860657286046,0.24148797194567725,-0.00045872166611627817,-0.141,0.248,0.506,1.0,-0.023,-0.013,-0.0,-0.14091479794668055,0.24778151717917263,0.5060194419756288
2028,1784678964.3398576,0.0020491443352592155,0.0005665991829399766,0.24140186830525345,-0.0004569866226578222,-0.141,0.248,0.506,1.0,-0.023,-0.013,-0.0,-0.14091479794668055,0.24778151717917263,0.5060194419756288
2031,1784678964.3662243,0.002057438962684229,0.0007747545211275221,0.24147127412569733,-0.0004546718393112124,-0.141,0.248,0.506,1.0,-0.023,-0.013,-0.0,-0.14064244730210138,0.24757988343260773,0.5061584905388522
2031,1784678964.3907726,0.00011398880959321081,-0.002450679747097284,0.2413630297155066,-0.0004465163920695333,-0.141,0.248,0.506,1.0,-0.023,-0.013,-0.0,-0.14064244730210138,0.24757988343260773,0.5061584905388522
2033,1784678964.416987,-9.425176048395018e-06,-0.00280182691546204,0.24143185259608452,-0.00044756782520216767,-0.141,0.248,0.506,1.0,-0.023,-0.013,-0.0,-0.14064244730210138,0.24757988343260773,0.5061584905388522
2033,1784678964.43828,0.0015181876484096253,-0.002391924611405992,0.24145870229177685,-0.0004519098593233899,-0.14,0.248,0.506,1.0,-0.023,-0.013,-0.0,-0.14064244730210138,0.24757988343260773,0.5061584905388522
2036,1784678964.462723,0.00011750811958137833,-0.00153502191282779,0.2414532632371552,-0.0004497030170285937,-0.14,0.247,0.506,1.0,-0.023,-0.013,-0.0,-0.14064244730210138,0.24757988343260773,0.5061584905388522
2036,1784678964.493191,-0.0019467395931524918,-0.004669748457451876,0.24139435536624318,-0.0004416324144908624,-0.14,0.247,0.506,1.0,-0.023,-0.013,-0.0,-0.14064244730210138,0.24757988343260773,0.5061584905388522
2038,1784678964.5237787,-0.0006441274160737358,-0.004651479670862685,0.24142052586301951,-0.0004499965881063295,-0.14,0.247,0.506,1.0,-0.023,-0.013,-0.0,-0.14064244730210138,0.24757988343260773,0.5061584905388522
2038,1784678964.5501885,0.0010500685407110986,-0.0014210885700529363,0.24146861421814145,-0.00045279774437969716,-0.14,0.247,0.506,1.0,-0.023,-0.013,-0.0,-0.14064244730210138,0.24757988343260773,0.5061584905388522
2041,1784678964.5753393,-0.0003491888667415989,-0.003487536877415341,0.24137810366724696,-0.00043605996242812573,-0.14,0.247,0.506,1.0,-0.023,-0.013,-0.0,-0.14064244730210138,0.24757988343260773,0.5061584905388522
2041,1784678964.5936794,-8.46867432482655e-05,-0.0030898049370005135,0.24152206334038478,-0.00043166679816914724,-0.14,0.247,0.506,1.0,-0.023,-0.013,-0.0,-0.14036953602033833,0.2474740289767404,0.5062599734682017
2043,1784678964.6136692,0.0014110966826713124,-0.0014548906288860165,0.24140918837146752,-0.0004247189407746881,-0.14,0.247,0.506,1.0,-0.023,-0.013,-0.0,-0.14036953602033833,0.2474740289767404,0.5062599734682017
2045,1784678964.6391482,0.001611140060304949,-0.0003853145883006316,0.241568648894188,-0.00042700610961611844,-0.14,0.247,0.506,1.0,-0.023,-0.013,-0.0,-0.14036953602033833,0.2474740289767404,0.5062599734682017
2045,1784678964.6585937,0.0015518785744799528,-0.0011101470914517027,0.24137890333803247,-0.00042821736527584494,-0.14,0.247,0.506,1.0,-0.023,-0.013,-0.0,-0.14036953602033833,0.2474740289767404,0.5062599734682017
2047,1784678964.6726284,0.0016258810884883686,-0.00033389780623005114,0.24158843070616734,-0.00043656861142481445,-0.14,0.247,0.506,1.0,-0.023,-0.013,-0.0,-0.14036953602033833,0.2474740289767404,0.5062599734682017
2048,1784678964.6975808,0.0015388337077273627,8.986818810132954e-05,0.24136061468815773,-0.0004393677139120968,-0.14,0.247,0.506,1.0,-0.023,-0.013,-0.0,-0.14036953602033833,0.2474740289767404,0.5062599734682017
2049,1784678964.7160745,0.0015816534644376955,0.00016329882005084242,0.24152042255481332,-0.00043970981420091534,-0.14,0.247,0.506,1.0,-0.023,-0.013,-0.0,-0.14036953602033833,0.2474740289767404,0.5062599734682017
2050,1784678964.7364407,0.0015876773640134158,0.0009820998239363256,0.24148611236668835,-0.00044475330966631927,-0.14,0.247,0.506,1.0,-0.023,-0.013,-0.0,-0.14036953602033833,0.2474740289767404,0.5062599734682017
2051,1784678964.7622848,0.0012436230458053414,0.00026781283792591884,0.2415149419228123,-0.00044534793926381084,-0.14,0.247,0.506,1.0,-0.023,-0.013,-0.0,-0.14036953602033833,0.2474740289767404,0.5062599734682017
2051,1784678964.7824287,0.0012184662257418884,-0.00019899021998510263,0.24149355958676624,-0.00044546959808615524,-0.14,0.247,0.506,1.0,-0.023,-0.013,-0.0,-0.14036953602033833,0.2474740289767404,0.5062599734682017
2053,1784678964.8063555,0.001969002915439711,-0.0034874526662663184,0.24143261263496,-0.0004339480508567154,-0.14,0.247,0.506,1.0,-0.023,-0.013,-0.0,-0.14036953602033833,0.2474740289767404,0.5062599734682017
2053,1784678964.8285031,0.0012963037142105331,-0.0010087395948832067,0.24154920993352214,-0.0004462052284784126,-0.14,0.247,0.506,1.0,-0.023,-0.013,-0.0,-0.14036953602033833,0.2474740289767404,0.5062599734682017
2055,1784678964.8468897,0.0007973848147211325,-0.00047591790329884476,0.2414719016387159,-0.0004290602208213968,-0.14,0.247,0.506,1.0,-0.023,-0.013,-0.0,-0.14009805537303024,0.24745400815684854,0.5063274280557688
2055,1784678964.8653724,0.0019343129845156605,-0.0003833084053898733,0.24151715313556482,-0.00043081272031982726,-0.14,0.247,0.506,1.0,-0.023,-0.013,-0.0,-0.14009805537303024,0.24745400815684854,0.5063274280557688
2057,1784678964.8826523,0.0016516679373175212,-0.002788827616858884,0.2414967513495615,-0.00042627254895205374,-0.14,0.247,0.506,1.0,-0.023,-0.013,-0.0,-0.14009805537303024,0.24745400815684854,0.5063274280557688
2057,1784678964.898572,0.001219012460673189,0.00016179169131742832,0.24150031897573337,-0.00044160266178088544,-0.14,0.247,0.506,1.0,-0.023,-0.013,-0.0,-0.14009805537303024,0.24745400815684854,0.5063274280557688
2059,1784678964.9146276,0.0019529581972009304,-0.00032181754593135076,0.24149909788559987,-0.00042993171708015354,-0.14,0.247,0.506,1.0,-0.023,-0.013,-0.0,-0.14009805537303024,0.24745400815684854,0.5063274280557688
2060,1784678964.934343,0.002017844219544939,-0.0003678341749704314,0.24149954836260548,-0.0004369560216967612,-0.14,0.247,0.506,1.0,-0.023,-0.013,-0.0,-0.14009805537303024,0.24745400815684854,0.5063274280557688
2060,1784678964.9533837,0.003922538404736119,0.0004279083801655738,0.2414802924323407,-0.0004417453687274544,-0.14,0.248,0.506,1.0,-0.023,-0.013,-0.0,-0.14009805537303024,0.24745400815684854,0.5063274280557688
2061,1784678964.9736688,0.004085251154605441,0.0005183839806662677,0.24149735953333823,-0.00044269740917735306,-0.14,0.248,0.506,1.0,-0.023,-0.013,-0.0,-0.14009805537303024,0.24745400815684854,0.5063274280557688
2063,1784678964.9967353,0.0040973621962976485,0.0005272922427719297,0.2414843038594578,-0.0004410882246065355,-0.14,0.248,0.506,1.0,-0.023,-0.013,-0.0,-0.14009805537303024,0.24745400815684854,0.5063274280557688
2064,1784678965.012784,0.002942489341728031,0.000530486376049584,0.2415007263331227,-0.00044305293159917187,-0.14,0.248,0.506,1.0,-0.023,-0.013,-0.0,-0.14009805537303024,0.24745400815684854,0.5063274280557688
2065,1784678965.0335014,0.00364317899500052,-0.000674810774515245,0.24148535041682673,-0.0004376512805109845,-0.14,0.248,0.506,1.0,-0.023,-0.013,-0.0,-0.14009805537303024,0.24745400815684854,0.5063274280557688
2066,1784678965.0524309,0.0033368743932145097,0.0004055842290727023,0.24149244014283508,-0.000446342276508746,-0.14,0.248,0.506,1.0,-0.023,-0.013,-0.0,-0.14009805537303024,0.24745400815684854,0.5063274280557688
2067,1784678965.0768797,0.0033912708749948943,-0.0018918727038009404,0.24149080539581297,-0.00042570988330836517,-0.14,0.248,0.506,1.0,-0.023,-0.013,-0.0,-0.14009805537303024,0.24745400815684854,0.5063274280557688
2068,1784678965.0961368,0.0033663748451553226,-0.0019112348287411499,0.24148514982302796,-0.0004196853730474159,-0.14,0.248,0.506,1.0,-0.023,-0.013,-0.0,-0.1399046114996776,0.2475046991216662,0.5063500248955016
2069,1784678965.1162522,0.003664902058638019,0.0004910495264705689,0.2414852767028142,-0.00041574576068828696,-0.14,0.248,0.506,1.0,-0.023,-0.013,-0.0,-0.1399046114996776,0.2475046991216662,0.5063500248955016
2070,1784678965.1348011,0.00401848558065877,0.0007606950399045229,0.24149018273680486,-0.00041213268599254787,-0.14,0.248,0.506,1.0,-0.023,-0.013,-0.0,-0.1399046114996776,0.2475046991216662,0.5063500248955016
2071,1784678965.1544914,0.0033103708056601046,0.0007923505367303137,0.24148899436499668,-0.0004239487139577255,-0.14,0.248,0.506,1.0,-0.023,-0.013,-0.0,-0.1399046114996776,0.2475046991216662,0.5063500248955016
2072,1784678965.173808,0.004489648925720905,-0.0004122318101122367,0.24147890634971372,-0.0004179995826431834,-0.14,0.248,0.506,1.0,-0.023,-0.013,-0.0,-0.1399046114996776,0.2475046991216662,0.5063500248955016
2073,1784678965.1941717,0.003382388971756637,0.0006726263470500787,0.24149252757007597,-0.0004228621322947054,-0.14,0.248,0.506,1.0,-0.023,-0.013,-0.0,-0.1399046114996776,0.2475046991216662,0.5063500248955016
2074,1784678965.2137015,0.003282191038321742,0.0007756230162036977,0.24148449327180171,-0.00041753642440479753,-0.14,0.248,0.506,1.0,-0.023,-0.013,-0.0,-0.1399046114996776,0.2475046991216662,0.5063500248955016
2075,1784678965.2387903,0.004164342464529295,-0.0003848122131827822,0.24156453832072358,-0.00041670490333390865,-0.14,0.248,0.506,1.0,-0.023,-0.013,-0.0,-0.1399046114996776,0.2475046991216662,0.5063500248955016
2075,1784678965.254382,0.0033573146631054353,0.0006680151252873301,0.241431392209726,-0.00041945098271918243,-0.14,0.248,0.506,1.0,-0.023,-0.013,-0.0,-0.1399046114996776,0.2475046991216662,0.5063500248955016
2077,1784678965.2784262,0.003658265757529155,0.000784828867848867,0.24152661605421966,-0.00041570325101518917,-0.14,0.248,0.506,1.0,-0.023,-0.013,-0.0,-0.1399046114996776,0.2475046991216662,0.5063500248955016
2077,1784678965.2961798,0.002914332078226844,0.0007864966104964739,0.2414631425588667,-0.00042564198134458636,-0.14,0.248,0.506,1.0,-0.023,-0.013,-0.0,-0.1399046114996776,0.2475046991216662,0.5063500248955016
2079,1784678965.320727,0.0041130583638985425,-0.0001885338962857308,0.2415730318834788,-0.0004151117458228992,-0.14,0.248,0.506,1.0,-0.023,-0.013,-0.0,-0.1397580099914121,0.2476158027612842,0.5063386917690956
2079,1784678965.3420951,0.0029418300513105143,0.0008852102325934627,0.2414216662702046,-0.0004181529728181841,-0.14,0.248,0.506,1.0,-0.023,-0.013,-0.0,-0.1397580099914121,0.2476158027612842,0.5063386917690956
2081,1784678965.3759942,0.0041299920690566795,-0.00017094288402450322,0.24160220370658622,-0.0004050272287724158,-0.14,0.248,0.506,1.0,-0.023,-0.013,-0.0,-0.1397580099914121,0.2476158027612842,0.5063386917690956
2081,1784678965.4113977,0.0036602093046010954,0.0020876243809643223,0.2413953146754833,-0.0004169195625163143,-0.14,0.248,0.506,1.0,-0.023,-0.013,-0.0,-0.1397580099914121,0.2476158027612842,0.5063386917690956
2084,1784678965.4397984,0.0036354226998187404,0.0023211939151162667,0.24154500896842224,-0.00041523975515885496,-0.14,0.248,0.506,1.0,-0.023,-0.013,-0.0,-0.1397580099914121,0.2476158027612842,0.5063386917690956
2086,1784678965.466641,0.0028622035164737637,0.0019344910091509057,0.2414421567528925,-0.0004269630863837521,-0.14,0.248,0.506,1.0,-0.023,-0.013,-0.0,-0.1397580099914121,0.2476158027612842,0.5063386917690956
2086,1784678965.496025,0.0035738441730269084,0.0023091008452507562,0.24150835615727864,-0.00043422762294108937,-0.14,0.248,0.506,1.0,-0.023,-0.013,-0.0,-0.1397580099914121,0.2476158027612842,0.5063386917690956
2089,1784678965.527521,-0.0055216339103026195,0.0019370800749493738,0.24148922009573767,-0.00047074396740826355,-0.14,0.248,0.506,1.0,-0.022,-0.013,-0.0,-0.1397580099914121,0.2476158027612842,0.5063386917690956
2089,1784678965.5649512,-0.005991582803486533,0.0019123738176244007,0.2414514250602753,-0.00045358024820468394,-0.14,0.248,0.506,1.0,-0.022,-0.013,-0.0,-0.1397580099914121,0.2476158027612842,0.5063386917690956
2092,1784678965.591293,-0.006835642837495225,0.0015458804703101375,0.2415673698848783,-0.000469769442019397,-0.14,0.248,0.506,1.0,-0.022,-0.013,-0.0,-0.1397580099914121,0.2476158027612842,0.5063386917690956
2092,1784678965.6063235,-0.006563554533510558,0.0016198142691196994,0.2414760303936165,-0.0004724770915796459,-0.14,0.248,0.506,1.0,-0.022,-0.013,-0.0,-0.13968502719842574,0.24775993843998048,0.5062982888081359
2094,1784678965.620567,-0.006187505918836014,0.0020054511494086887,0.24145929287727633,-0.00047785995475020063,-0.14,0.248,0.506,1.0,-0.022,-0.013,-0.0,-0.13968502719842574,0.24775993843998048,0.5062982888081359
2094,1784678965.6438513,-0.005781263987288763,0.0020314464835269955,0.24147223300450382,-0.0004777366802022507,-0.14,0.248,0.506,1.0,-0.022,-0.013,-0.0,-0.13968502719842574,0.24775993843998048,0.5062982888081359
2096,1784678965.6554134,-0.003370592894351255,0.0008836768314441114,0.2415329738806536,-0.00047127099317358296,-0.14,0.248,0.506,1.0,-0.022,-0.013,-0.0,-0.13968502719842574,0.24775993843998048,0.5062982888081359
2097,1784678965.6740155,-0.005089416208540507,0.0019456145640459332,0.24142178051677388,-0.0004911382418266389,-0.14,0.248,0.506,1.0,-0.022,-0.013,-0.0,-0.13968502719842574,0.24775993843998048,0.5062982888081359
2098,1784678965.7138956,-0.002596190613917016,0.0020823480870511384,0.24156757248349447,-0.00047155711707296216,-0.14,0.248,0.506,1.0,-0.022,-0.013,-0.0,-0.13968502719842574,0.24775993843998048,0.5062982888081359
2098,1784678965.7445252,-0.003908381263625912,0.0016831284498617302,0.24148300909274856,-0.0004953013763829854,-0.14,0.248,0.506,1.0,-0.022,-0.013,-0.0,-0.13968502719842574,0.24775993843998048,0.5062982888081359
2101,1784678965.774358,-0.0036553619048073534,0.001648400094277809,0.24153775032487193,-0.0004927083914198129,-0.14,0.248,0.506,1.0,-0.022,-0.013,-0.0,-0.13968502719842574,0.24775993843998048,0.5062982888081359
2101,1784678965.8020356,-0.004444568621507359,0.001999466731386325,0.24142129403316848,-0.0004994828865103236,-0.14,0.248,0.506,1.0,-0.022,-0.013,-0.0,-0.13968502719842574,0.24775993843998048,0.5062982888081359
2104,1784678965.8328469,-0.004127472670112393,0.0020365134647257963,0.24149981997029982,-0.0004918588326787965,-0.14,0.248,0.506,1.0,-0.022,-0.013,-0.0,-0.13968502719842574,0.24775993843998048,0.5062982888081359
2104,1784678965.867816,-0.004490548877923366,0.002028826997088253,0.24144734717430666,-0.0004943222427154641,-0.14,0.248,0.506,1.0,-0.022,-0.013,-0.0,-0.13968502719842574,0.24775993843998048,0.5062982888081359
2107,1784678965.8978398,0.005514863631139368,0.0028928878822433585,0.24153117758823023,-0.0004571003609820433,-0.14,0.248,0.506,1.0,-0.023,-0.013,-0.0,-0.13968859234807487,0.24789314324819767,0.5062453853125892
2107,1784678965.9284475,0.006285661332658041,0.0029696621368322934,0.24152258416245204,-0.00048745024838002114,-0.14,0.248,0.506,1.0,-0.023,-0.013,-0.0,-0.13968859234807487,0.24789314324819767,0.5062453853125892
2110,1784678965.9507093,0.0055551632759992566,0.0021504146587410615,0.24144772793516717,-0.00047987860696646666,-0.14,0.248,0.506,1.0,-0.023,-0.013,-0.0,-0.13968859234807487,0.24789314324819767,0.5062453853125892
2110,1784678965.9716108,0.005491343061981017,0.0032772788609564847,0.24149238168327752,-0.0004776593786730731,-0.14,0.248,0.506,1.0,-0.023,-0.013,-0.0,-0.13968859234807487,0.24789314324819767,0.5062453853125892
2112,1784678965.9932473,0.0051034830261885815,0.0029745531184549694,0.24146402465474753,-0.00046940486371360485,-0.14,0.248,0.506,1.0,-0.023,-0.013,-0.0,-0.13968859234807487,0.24789314324819767,0.5062453853125892
2112,1784678966.0184875,0.005138093271590493,0.002598856909726655,0.24156322807183317,-0.00047053092933331563,-0.14,0.248,0.506,1.0,-0.023,-0.013,-0.0,-0.13968859234807487,0.24789314324819767,0.5062453853125892
2115,1784678966.0444138,0.005911209060813296,0.0029769835364875513,0.24148349861535492,-0.00047498619905163037,-0.14,0.248,0.506,1.0,-0.023,-0.013,-0.0,-0.13968859234807487,0.24789314324819767,0.5062453853125892
2115,1784678966.0651307,0.004123229541990053,0.0026159492580712027,0.24155133235089815,-0.0004810412710533345,-0.14,0.248,0.506,1.0,-0.023,-0.013,-0.0,-0.13968859234807487,0.24789314324819767,0.5062453853125892
2117,1784678966.084727,0.0036342029053445003,0.0025663064572800758,0.24150055769190854,-0.000475292844879553,-0.14,0.248,0.506,1.0,-0.023,-0.013,-0.0,-0.13968859234807487,0.24789314324819767,0.5062453853125892
2117,1784678966.1053355,0.003559433913784351,0.0029305010817438047,0.24145396525792964,-0.0004743409956482408,-0.14,0.248,0.506,1.0,-0.023,-0.013,-0.0,-0.13968859234807487,0.24789314324819767,0.5062453853125892
2119,1784678966.1314695,0.0029424230680272605,0.002622031248190968,0.24156322441849515,-0.000468579901654927,-0.14,0.248,0.506,1.0,-0.023,-0.013,-0.0,-0.13968859234807487,0.24789314324819767,0.5062453853125892
2119,1784678966.162007,0.002855944589970818,0.002581476737208429,0.24148720887275588,-0.0004701040302377966,-0.14,0.248,0.506,1.0,-0.023,-0.013,-0.0,-0.13968859234807487,0.24789314324819767,0.5062453853125892
2122,1784678966.1859539,0.0024954962501619847,0.002533395977713425,0.24153992540608407,-0.00046964659648101985,-0.14,0.248,0.506,1.0,-0.023,-0.013,-0.0,-0.13975009602946456,0.2480049436004575,0.5061881577357228
2122,1784678966.2120836,0.003147292482538217,0.0028835654982661205,0.24141830240654774,-0.00046665014634504604,-0.14,0.248,0.506,1.0,-0.023,-0.013,-0.0,-0.13975009602946456,0.2480049436004575,0.5061881577357228
2124,1784678966.2341375,0.003200651792873283,0.0029199431491292,0.24150698553851224,-0.00046549820418172254,-0.14,0.248,0.506,1.0,-0.023,-0.013,-0.0,-0.13975009602946456,0.2480049436004575,0.5061881577357228
2124,1784678966.260294,-0.00625491601128492,0.002551242293583368,0.24154969713260915,-0.000497320247482095,-0.14,0.248,0.506,1.0,-0.022,-0.013,-0.0,-0.13975009602946456,0.2480049436004575,0.5061881577357228
2127,1784678966.2880414,-0.00747895659192661,0.0025483716841736663,0.24146164910560194,-0.00047542484914764094,-0.14,0.248,0.506,1.0,-0.022,-0.013,-0.0,-0.13975009602946456,0.2480049436004575,0.5061881577357228
2127,1784678966.3146667,-0.007453533390424715,0.0021004264320394865,0.24145639149359477,-0.00048807124265981127,-0.14,0.248,0.506,1.0,-0.022,-0.013,-0.0,-0.13975009602946456,0.2480049436004575,0.5061881577357228
2130,1784678966.3398488,-0.006998660769326318,0.002474007127095959,0.24154140123623466,-0.0004931770029699414,-0.14,0.248,0.506,1.0,-0.022,-0.013,-0.0,-0.13975009602946456,0.2480049436004575,0.5061881577357228
2130,1784678966.36047,-0.0062394150483373705,0.0028724787096108435,0.24139702035214183,-0.0004942229386199206,-0.14,0.248,0.506,1.0,-0.022,-0.013,-0.0,-0.13975009602946456,0.2480049436004575,0.5061881577357228
2132,1784678966.3894305,-0.004894824981870643,0.0025341351451986967,0.24156652232704684,-0.0004921157921782975,-0.14,0.248,0.506,1.0,-0.022,-0.013,-0.0,-0.13984265619247074,0.24812173032318513,0.5061221352097823
2132,1784678966.414303,-0.004827543236033804,0.002479924133456074,0.24145455574681363,-0.0005071223660523182,-0.14,0.248,0.506,1.0,-0.022,-0.013,-0.0,-0.13984265619247074,0.24812173032318513,0.5061221352097823
2135,1784678966.4381676,-0.0029127371873331927,-0.006847310875159468,0.2415381526912716,-0.0004481254053119632,-0.14,0.248,0.506,1.0,-0.022,-0.012,-0.0,-0.13984265619247074,0.24812173032318513,0.5061221352097823
2135,1784678966.464205,-0.001998405751460198,-0.007855490490787823,0.2414512133156548,-0.0005108054175785835,-0.14,0.248,0.506,1.0,-0.022,-0.012,-0.0,-0.13984265619247074,0.24812173032318513,0.5061221352097823
2137,1784678966.4939814,-0.0034113032272025633,-0.008067883817510686,0.24152660862420122,-0.0005124259723337206,-0.14,0.248,0.506,1.0,-0.022,-0.012,-0.0,-0.13984265619247074,0.24812173032318513,0.5061221352097823
2137,1784678966.5165002,-0.004010622853364159,-0.007333943831060532,0.24139066067718407,-0.0005047419610038045,-0.14,0.248,0.506,1.0,-0.022,-0.012,-0.0,-0.13984265619247074,0.24812173032318513,0.5061221352097823
2140,1784678966.5390306,-0.003275832663022945,-0.007213420134670582,0.24156644549003387,-0.0004910477324404273,-0.14,0.248,0.506,1.0,-0.022,-0.012,-0.0,-0.13984265619247074,0.24812173032318513,0.5061221352097823
2140,1784678966.5619464,-0.005544246609549792,-0.00806278502011801,0.2413780219911209,-0.0004923771950661685,-0.14,0.248,0.506,1.0,-0.022,-0.012,-0.0,-0.13984265619247074,0.24812173032318513,0.5061221352097823
2142,1784678966.5871344,0.008109521201648987,-0.006113605995891797,0.24154028059208205,-0.00038896755818483857,-0.14,0.248,0.506,1.0,-0.023,-0.012,-0.0,-0.13984265619247074,0.24812173032318513,0.5061221352097823
2142,1784678966.6108727,0.004258087213993952,-0.0075451927251116956,0.2414320812222618,-0.00043202059221165154,-0.14,0.248,0.506,1.0,-0.023,-0.012,-0.0,-0.13984265619247074,0.24812173032318513,0.5061221352097823
2144,1784678966.634337,0.008943967852125662,-0.0028979782028005704,0.24153095692589785,-0.000374124738461914,-0.14,0.248,0.506,1.0,-0.023,-0.012,-0.0,-0.13993542933671688,0.2482263174444986,0.506060794698035
2144,1784678966.661976,0.00911251596099014,0.007767493098185516,0.24147203506730358,-0.00038345796659641985,-0.14,0.248,0.506,1.0,-0.023,-0.013,-0.0,-0.13993542933671688,0.2482263174444986,0.506060794698035
2147,1784678966.6872888,0.006168661755749271,0.006743991437956447,0.24147153063544521,-0.0002828355706348715,-0.14,0.248,0.506,1.0,-0.023,-0.013,0.0,-0.13993542933671688,0.2482263174444986,0.506060794698035
2147,1784678966.7130127,0.005261071656117413,0.006630138028441569,0.24145855711647068,-0.00034678433318121704,-0.14,0.248,0.506,1.0,-0.023,-0.013,0.0,-0.13993542933671688,0.2482263174444986,0.506060794698035
2149,1784678966.7364147,0.004466658860894656,0.006212629614957811,0.2414689566719124,-0.0003820878878102372,-0.14,0.248,0.506,1.0,-0.023,-0.013,0.0,-0.13993542933671688,0.2482263174444986,0.506060794698035
2149,1784678966.7625964,0.004430792930073913,0.004214341124935572,0.24146405445674934,-0.00039654176688200726,-0.14,0.248,0.506,1.0,-0.023,-0.013,0.0,-0.13993542933671688,0.2482263174444986,0.506060794698035
2152,1784678966.7851505,0.0037045082976090403,0.004867518295983815,0.24146310838052734,-0.000423585866280058,-0.14,0.248,0.506,1.0,-0.023,-0.013,0.0,-0.13993542933671688,0.2482263174444986,0.506060794698035
2152,1784678966.8038523,0.0036703534586712654,0.0033325873224613646,0.24146666712677362,-0.00042053032254705375,-0.14,0.248,0.506,1.0,-0.023,-0.013,0.0,-0.13993542933671688,0.2482263174444986,0.506060794698035
2154,1784678966.8212433,0.003665271178147061,0.002823319316960872,0.24146304393438692,-0.0004324198356579466,-0.14,0.248,0.506,1.0,-0.023,-0.013,0.0,-0.13993542933671688,0.2482263174444986,0.506060794698035
2154,1784678966.8407862,0.003368003487594664,0.001993587540716206,0.24145970912474202,-0.0004357351884072711,-0.14,0.248,0.506,1.0,-0.023,-0.013,0.0,-0.13999711228817197,0.24830666291881975,0.5060157396021809
2156,1784678966.861932,0.0026273103840503097,0.002742762541893689,0.2414570373357503,-0.0004475476426349789,-0.14,0.248,0.506,1.0,-0.023,-0.013,0.0,-0.13999711228817197,0.24830666291881975,0.5060157396021809
2156,1784678966.8908672,0.0019654233923894725,0.0012774560527043094,0.24153678793518274,-0.0004423078897955392,-0.14,0.248,0.506,1.0,-0.023,-0.013,0.0,-0.13999711228817197,0.24830666291881975,0.5060157396021809
2158,1784678966.9151642,0.0025640258457034805,0.001924755214696032,0.24139388831419126,-0.00045468296761568363,-0.14,0.248,0.506,1.0,-0.023,-0.013,0.0,-0.13999711228817197,0.24830666291881975,0.5060157396021809
2158,1784678966.9346733,0.0025981570947015593,0.001978113771662085,0.2415012825835618,-0.0004587727600810948,-0.14,0.248,0.506,1.0,-0.023,-0.013,0.0,-0.13999711228817197,0.24830666291881975,0.5060157396021809
2161,1784678966.9493268,-0.00644933707882021,0.0004357044424754229,0.24152654301416696,-0.0004895741866349286,-0.14,0.248,0.506,1.0,-0.022,-0.013,0.0,-0.13999711228817197,0.24830666291881975,0.5060157396021809
2161,1784678966.9635053,-0.006681422703538737,0.0018618596036549286,0.24137402661711932,-0.000481983069833278,-0.14,0.248,0.506,1.0,-0.022,-0.013,0.0,-0.13999711228817197,0.24830666291881975,0.5060157396021809
2161,1784678966.9864955,-0.0064351342858029355,0.0011622381965560521,0.24149722401614543,-0.00048657417095394494,-0.14,0.248,0.506,1.0,-0.022,-0.013,0.0,-0.13999711228817197,0.24830666291881975,0.5060157396021809
2163,1784678967.0035112,-0.00820665609229668,0.0007438758853158672,0.24149458165812276,-0.000495387018158368,-0.14,0.248,0.506,1.0,-0.022,-0.013,0.0,-0.13999711228817197,0.24830666291881975,0.5060157396021809
2163,1784678967.0182054,-0.0073540640829528915,0.0014619874225958313,0.24141036549526432,-0.0004985265010954773,-0.14,0.248,0.506,1.0,-0.022,-0.013,0.0,-0.13999711228817197,0.24830666291881975,0.5060157396021809
2164,1784678967.042748,-0.007561306218077862,0.0007754770104865284,0.24155542469796276,-0.0004968241153036903,-0.14,0.248,0.506,1.0,-0.022,-0.013,0.0,-0.13999711228817197,0.24830666291881975,0.5060157396021809
2164,1784678967.0665674,-0.006140329416629554,0.0022690450023937665,0.24136012748375835,-0.0005073291518706366,-0.14,0.248,0.506,1.0,-0.022,-0.013,0.0,-0.13999711228817197,0.24830666291881975,0.5060157396021809
2167,1784678967.0921829,-0.0055477322814026335,0.0016433716737467574,0.2415873198418474,-0.0005003920226393749,-0.14,0.248,0.506,1.0,-0.022,-0.013,0.0,-0.13999711228817197,0.24830666291881975,0.5060157396021809
2167,1784678967.1154246,-0.006003084644910558,0.0015234318490856026,0.2413541999109947,-0.0005123363188820943,-0.14,0.248,0.506,1.0,-0.022,-0.013,0.0,-0.13999711228817197,0.24830666291881975,0.5060157396021809
2169,1784678967.1396074,-0.004411084647539299,-0.007810827763414317,0.24151628033577618,-0.00045165028090400855,-0.14,0.248,0.506,1.0,-0.022,-0.012,0.0,-0.14005675201040682,0.24838782495858855,0.5059707851735339
2171,1784678967.160795,-0.0035428955174853193,-0.008881447428514641,0.24137454999276095,-0.0005015554712313754,-0.14,0.248,0.506,1.0,-0.022,-0.012,0.0,-0.14005675201040682,0.24838782495858855,0.5059707851735339
2171,1784678967.1819842,-0.004211217677721552,-0.00906528659898067,0.2414842182407833,-0.0004937019708247437,-0.14,0.248,0.506,1.0,-0.022,-0.012,0.0,-0.14005675201040682,0.24838782495858855,0.5059707851735339
2173,1784678967.2040653,-0.005070007585308695,-0.008687192857404949,0.24140810509519478,-0.0004935452635099908,-0.14,0.248,0.506,1.0,-0.022,-0.012,0.0,-0.14005675201040682,0.24838782495858855,0.5059707851735339
2173,1784678967.2243762,0.007901677360089236,-0.007794645066188252,0.24150411494548216,-0.00038884377222785907,-0.14,0.248,0.506,1.0,-0.023,-0.012,0.0,-0.14005675201040682,0.24838782495858855,0.5059707851735339
2175,1784678967.2444448,0.004789818193434072,-0.00812416719874045,0.24143080100016334,-0.0004531500448205564,-0.14,0.248,0.506,1.0,-0.023,-0.012,0.0,-0.14005675201040682,0.24838782495858855,0.5059707851735339
2175,1784678967.2696693,0.004942500024938051,-0.007767776202622187,0.24146234148841414,-0.00044085585835341805,-0.14,0.248,0.506,1.0,-0.023,-0.012,0.0,-0.14005675201040682,0.24838782495858855,0.5059707851735339
2177,1784678967.3047652,0.0055921492294510634,-0.007347443483609682,0.2414421982513803,-0.0003746648114326401,-0.14,0.248,0.506,1.0,-0.023,-0.012,0.0,-0.14005675201040682,0.24838782495858855,0.5059707851735339
2177,1784678967.3348906,0.005274806816188294,0.0034102538059721313,0.24144750547403346,-0.0004104062198155516,-0.14,0.248,0.506,1.0,-0.023,-0.013,0.0,-0.14005675201040682,0.24838782495858855,0.5059707851735339
2180,1784678967.364207,0.004175451416739872,0.004048189879398631,0.241475194874599,-0.0003815373996582158,-0.14,0.248,0.506,1.0,-0.023,-0.013,0.0,-0.14005675201040682,0.24838782495858855,0.5059707851735339
2180,1784678967.388061,0.003465942555038567,0.004525074523458877,0.24144181102351717,-0.0004107232094493174,-0.14,0.248,0.506,1.0,-0.023,-0.013,0.0,-0.14010255372634475,0.24844196155908482,0.5059394630214907
2183,1784678967.4035482,0.003494909333777999,0.0084349339506452,0.24145392991274264,-0.0004343354326229874,-0.14,0.248,0.506,1.0,-0.023,-0.013,0.0,-0.14010255372634475,0.24844196155908482,0.5059394630214907
2183,1784678967.4181204,0.0027312573477237777,0.005612776852330671,0.24146223465913993,-0.0003885079857000365,-0.14,0.248,0.506,1.0,-0.023,-0.013,0.0,-0.14010255372634475,0.24844196155908482,0.5059394630214907
2185,1784678967.434725,0.002670928640058707,0.004260549118078143,0.24145000971832892,-0.00040994980393366205,-0.14,0.248,0.506,1.0,-0.023,-0.013,0.0,-0.14010255372634475,0.24844196155908482,0.5059394630214907
2186,1784678967.4560423,0.0026648667343555053,0.0037523982301331006,0.24145772022119563,-0.0004249676380302156,-0.14,0.248,0.506,1.0,-0.023,-0.013,0.0,-0.14010255372634475,0.24844196155908482,0.5059394630214907
2187,1784678967.478221,0.0019374016796183911,0.004101258656935367,0.2414529636855244,-0.00043714728984310436,-0.14,0.248,0.506,1.0,-0.023,-0.013,0.0,-0.14010255372634475,0.24844196155908482,0.5059394630214907
2187,1784678967.4953752,0.0022634588455896533,0.0033481272541279264,0.24145475089829646,-0.0004299128949773588,-0.14,0.248,0.506,1.0,-0.023,-0.013,0.0,-0.14010255372634475,0.24844196155908482,0.5059394630214907
2189,1784678967.5145519,0.0019141843027763554,0.002907182763960417,0.24145480183705845,-0.0004402793542266477,-0.14,0.248,0.506,1.0,-0.023,-0.013,0.0,-0.14010255372634475,0.24844196155908482,0.5059394630214907
2190,1784678967.5446732,0.0022631681678000025,0.0024808067217359855,0.24145228680552147,-0.00044233459449138983,-0.14,0.248,0.506,1.0,-0.023,-0.013,0.0,-0.14010255372634475,0.24844196155908482,0.5059394630214907
2190,1784678967.5692954,0.002280631666776115,0.0020588256869045404,0.2414553599904063,-0.00044888111555345606,-0.14,0.248,0.506,1.0,-0.023,-0.013,0.0,-0.14010255372634475,0.24844196155908482,0.5059394630214907
2192,1784678967.5914712,0.0019193613973015992,0.001635827135921232,0.24145359488433885,-0.0004542506569070833,-0.14,0.248,0.506,1.0,-0.023,-0.013,0.0,-0.14010255372634475,0.24844196155908482,0.5059394630214907
2192,1784678967.611588,0.0015944482046009352,0.0016303594396462305,0.24144579070633362,-0.0004585274943868908,-0.14,0.248,0.506,1.0,-0.023,-0.013,0.0,-0.14010255372634475,0.24844196155908482,0.5059394630214907
2194,1784678967.628867,-0.00683195076784204,0.0013009300986982983,0.24146932069304633,-0.0004917351268004414,-0.14,0.248,0.506,1.0,-0.022,-0.013,0.0,-0.14012270556224682,0.24848405214763727,0.505918496382958
2194,1784678967.6439838,-0.006988248126083823,0.0016479822533859018,0.24140768925008366,-0.0004759738794678215,-0.14,0.248,0.506,1.0,-0.022,-0.013,0.0,-0.14012270556224682,0.24848405214763727,0.505918496382958
2196,1784678967.657788,-0.00553602598924215,0.001674208823062271,0.241445163678284,-0.0004922001631420122,-0.14,0.249,0.506,1.0,-0.022,-0.013,0.0,-0.14012270556224682,0.24848405214763727,0.505918496382958
2197,1784678967.6749225,-0.005304246669272709,0.0016720286173285137,0.24142093320591912,-0.0004962878489835369,-0.14,0.249,0.506,1.0,-0.022,-0.013,0.0,-0.14012270556224682,0.24848405214763727,0.505918496382958
2198,1784678967.7010763,-0.006000853778517622,0.001311769549267764,0.24143650832039443,-0.0004930518114040858,-0.14,0.249,0.506,1.0,-0.022,-0.013,0.0,-0.14012270556224682,0.24848405214763727,0.505918496382958
2198,1784678967.7185905,-0.004968972148134184,0.0016645286071911916,0.2414205422558919,-0.0004996978937322518,-0.14,0.249,0.506,1.0,-0.022,-0.013,0.0,-0.14012270556224682,0.24848405214763727,0.505918496382958
2200,1784678967.7354279,-0.004499882181427512,0.002064423552343604,0.24143727882567229,-0.0004986313334377493,-0.14,0.249,0.506,1.0,-0.022,-0.013,0.0,-0.14012270556224682,0.24848405214763727,0.505918496382958
2201,1784678967.7578528,-0.004081655642034641,0.0013111294801155908,0.24142739897829113,-0.0004907615248590185,-0.14,0.249,0.506,1.0,-0.022,-0.013,0.0,-0.14012270556224682,0.24848405214763727,0.505918496382958
2202,1784678967.7786865,-0.004040702189031967,0.0016492440449468737,0.24143319394270035,-0.0004995720724561903,-0.14,0.249,0.506,1.0,-0.022,-0.013,0.0,-0.14012270556224682,0.24848405214763727,0.505918496382958
2202,1784678967.7934754,-0.0025657046928788153,0.0016953564129869036,0.24142407794386866,-0.0004929774828401657,-0.14,0.249,0.506,1.0,-0.022,-0.013,0.0,-0.14012270556224682,0.24848405214763727,0.505918496382958
2204,1784678967.8180187,-0.003157253898595915,0.0016946243005207529,0.2414386590760647,-0.0005126899094796054,-0.14,0.249,0.506,1.0,-0.022,-0.013,0.0,-0.14012270556224682,0.24848405214763727,0.505918496382958
2204,1784678967.839351,-0.0017419810454622937,0.0020924363391382796,0.24142014020572616,-0.0005042224591154098,-0.14,0.249,0.506,1.0,-0.022,-0.013,0.0,-0.14012270556224682,0.24848405214763727,0.505918496382958
2206,1784678967.86189,-0.0026925984980594488,0.0017899352638022607,0.24143960152923744,-0.0005166397471948704,-0.14,0.249,0.506,1.0,-0.022,-0.013,0.0,-0.14015339908923635,0.24851231873772273,0.5059006431897647
2206,1784678967.8824189,0.005343165202337515,0.0021409672693434648,0.24140239609276914,-0.0004786186725307677,-0.14,0.249,0.506,1.0,-0.023,-0.013,0.0,-0.14015339908923635,0.24851231873772273,0.5059006431897647
2208,1784678967.9024887,0.006686324612057506,0.0017791163181915051,0.2414712854490321,-0.00048678617470430935,-0.14,0.249,0.506,1.0,-0.023,-0.013,0.0,-0.14015339908923635,0.24851231873772273,0.5059006431897647
2208,1784678967.9331203,0.008552071374792535,0.0021621776056989644,0.2414135538290501,-0.0004109854187593612,-0.14,0.249,0.506,1.0,-0.023,-0.013,0.0,-0.14015339908923635,0.24851231873772273,0.5059006431897647
2210,1784678967.9487755,0.006464914563787668,0.0021951840772333267,0.24146706489361539,-0.0004510008703860113,-0.14,0.249,0.506,1.0,-0.023,-0.013,0.0,-0.14015339908923635,0.24851231873772273,0.5059006431897647
2211,1784678967.9679244,0.006715838694835979,0.0017779118169247501,0.24142166032988618,-0.00038005077589128356,-0.14,0.249,0.506,1.0,-0.023,-0.013,0.0,-0.14015339908923635,0.24851231873772273,0.5059006431897647
2211,1784678967.982918,0.005989202618866232,0.0021493258498057888,0.2414561902430179,-0.0004212511111515421,-0.14,0.249,0.506,1.0,-0.023,-0.013,0.0,-0.14015339908923635,0.24851231873772273,0.5059006431897647
2213,1784678968.001185,0.005954989011058124,0.0021670026528152787,0.24143014245554506,-0.0004334371930751565,-0.14,0.249,0.506,1.0,-0.023,-0.013,0.0,-0.14015339908923635,0.24851231873772273,0.5059006431897647
2213,1784678968.024785,0.0055947340099920286,0.0017800213471937422,0.24144998583645966,-0.00037534176488205045,-0.14,0.249,0.506,1.0,-0.023,-0.013,0.0,-0.14015339908923635,0.24851231873772273,0.5059006431897647
2215,1784678968.042303,0.005211540419870247,-0.008777299320617472,0.24144946084327398,-0.0002735736056596245,-0.14,0.249,0.506,1.0,-0.023,-0.012,0.0,-0.14015339908923635,0.24851231873772273,0.5059006431897647
2215,1784678968.060341,0.004463154062758459,-0.009951972813791725,0.24141752880926104,-0.000316462012654283,-0.14,0.249,0.506,1.0,-0.023,-0.012,0.0,-0.14015339908923635,0.24851231873772273,0.5059006431897647
2217,1784678968.0846188,0.00442419862248437,-0.008984024601305554,0.2414387191474378,-0.00036951173870394176,-0.14,0.249,0.506,1.0,-0.023,-0.012,0.0,-0.14015339908923635,0.24851231873772273,0.5059006431897647
2217,1784678968.1027305,0.0040537840246638555,-0.008870104951899604,0.2414278051373526,-0.00038944635949326984,-0.14,0.249,0.506,1.0,-0.023,-0.012,0.0,-0.14015339908923635,0.24851231873772273,0.5059006431897647
2219,1784678968.130753,0.00404040562843427,-0.008849396069355323,0.24143390783420798,-0.0004040246199282588,-0.14,0.249,0.506,1.0,-0.023,-0.012,0.0,-0.14015339908923635,0.24851231873772273,0.5059006431897647
2219,1784678968.1571655,0.004009076423783026,-0.00799608114941075,0.24142847986132165,-0.0004161776321568069,-0.14,0.249,0.506,1.0,-0.023,-0.012,0.0,-0.14018088280760777,0.248510635804007,0.5058952662043041
2222,1784678968.183698,0.0032817051469234797,-0.007504432814326015,0.2414351527177086,-0.000415890305528944,-0.14,0.249,0.506,1.0,-0.023,-0.012,0.0,-0.14018088280760777,0.248510635804007,0.5058952662043041
2222,1784678968.20842,0.0039690803659461656,-0.007053386592123727,0.24142642901511216,-0.0004106426922866801,-0.14,0.249,0.506,1.0,-0.023,-0.012,0.0,-0.14018088280760777,0.248510635804007,0.5058952662043041
2224,1784678968.2301686,0.0014607047279769879,-0.004614315045833192,0.24143944603283932,-0.00042373906184137584,-0.14,0.249,0.506,1.0,-0.023,-0.012,0.0,-0.14018088280760777,0.248510635804007,0.5058952662043041
2224,1784678968.253393,0.003150240358183159,0.0038982888150853115,0.2414109083494948,-0.000442006211772842,-0.14,0.249,0.506,1.0,-0.023,-0.013,0.0,-0.14018088280760777,0.248510635804007,0.5058952662043041
2226,1784678968.2861714,-0.005527569689711544,0.005109183262776748,0.24148505558098335,-0.0004388087663962753,-0.14,0.249,0.506,1.0,-0.022,-0.013,0.0,-0.14018088280760777,0.248510635804007,0.5058952662043041
2226,1784678968.3181958,-0.005619545887323062,0.004401120320478444,0.24138331552765607,-0.00041361740224891486,-0.14,0.249,0.506,1.0,-0.022,-0.013,0.0,-0.14018088280760777,0.248510635804007,0.5058952662043041
2230,1784678968.3405306,-0.007253537441050579,0.004356226110276359,0.2414730741835858,-0.00043625671478651014,-0.14,0.248,0.506,1.0,-0.022,-0.013,0.0,-0.14018088280760777,0.248510635804007,0.5058952662043041
2230,1784678968.3619597,-0.007460319709424217,0.004334773144077975,0.2414082083125277,-0.00044448045690385815,-0.14,0.248,0.506,1.0,-0.022,-0.013,0.0,-0.14018088280760777,0.248510635804007,0.5058952662043041
2232,1784678968.3830075,-0.007100651737051166,0.003954239554131416,0.24145407458239648,-0.00045230632704663075,-0.14,0.248,0.506,1.0,-0.022,-0.013,0.0,-0.14018088280760777,0.248510635804007,0.5058952662043041
2232,1784678968.4032776,-0.007131488514342223,0.004354048092121789,0.24142434516940042,-0.0004636417232224117,-0.14,0.248,0.506,1.0,-0.022,-0.013,0.0,-0.14017933410108835,0.24850072214213523,0.5058995038080979
2234,1784678968.4239671,-0.006386383279775958,0.0032197343317239974,0.24144583662654845,-0.00045886752734418797,-0.14,0.248,0.506,1.0,-0.022,-0.013,0.0,-0.14017933410108835,0.24850072214213523,0.5058995038080979
2234,1784678968.4440618,-0.006320554061279262,0.0031385007189529586,0.24143097637437042,-0.0004767871809126411,-0.14,0.248,0.506,1.0,-0.022,-0.013,0.0,-0.14017933410108835,0.24850072214213523,0.5058995038080979
2236,1784678968.46486,-0.0059382797631200475,0.0027377164720777496,0.241441035626899,-0.0004789079458509115,-0.14,0.248,0.506,1.0,-0.022,-0.013,0.0,-0.14017933410108835,0.24850072214213523,0.5058995038080979
2236,1784678968.485353,-0.006331859074077021,0.00231955227707931,0.2414405717903645,-0.0004879918564401273,-0.14,0.248,0.506,1.0,-0.022,-0.013,0.0,-0.14017933410108835,0.24850072214213523,0.5058995038080979
2238,1784678968.5058856,-0.004548230431459115,0.0011146296181183298,0.2414387840398685,-0.0004921757316686472,-0.14,0.248,0.506,1.0,-0.022,-0.013,0.0,-0.14017933410108835,0.24850072214213523,0.5058995038080979
2238,1784678968.527979,-0.005057863912085046,0.0018081958434348483,0.24144036360404708,-0.0005247710627029705,-0.14,0.248,0.506,1.0,-0.022,-0.013,0.0,-0.14017933410108835,0.24850072214213523,0.5058995038080979
2240,1784678968.5503933,-0.0055029327572672475,0.001463375582244384,0.24144120651319514,-0.000513961845296365,-0.14,0.248,0.506,1.0,-0.022,-0.013,0.0,-0.14017933410108835,0.24850072214213523,0.5058995038080979
2240,1784678968.5753632,-0.003413107015266096,-0.00015275367016315267,0.24135711474630744,-0.0005120202964874651,-0.14,0.248,0.506,1.0,-0.022,-0.013,0.0,-0.14017933410108835,0.24850072214213523,0.5058995038080979
2242,1784678968.6017685,0.004275209785036805,0.0017114894407555571,0.24147748929493895,-0.0005205862199956905,-0.14,0.248,0.506,1.0,-0.023,-0.013,0.0,-0.14017933410108835,0.24850072214213523,0.5058995038080979
2244,1784678968.627967,0.004511320228837521,0.0014481560665531579,0.24144136282664314,-0.0005142936784303823,-0.14,0.248,0.506,1.0,-0.023,-0.013,0.0,-0.14017933410108835,0.24850072214213523,0.5058995038080979
2244,1784678968.661742,0.004852696289325633,0.001886059321829909,0.24146093670183355,-0.0005054783534244524,-0.14,0.248,0.506,1.0,-0.023,-0.013,0.0,-0.1401623485970167,0.24845724437691843,0.5059203249052974
2247,1784678968.684433,0.004491695461526255,0.002304751333790926,0.24144719474473503,-0.0004952565877401873,-0.14,0.248,0.506,1.0,-0.023,-0.013,0.0,-0.1401623485970167,0.24845724437691843,0.5059203249052974
2247,1784678968.7046854,0.004050984209770462,0.001555631990465399,0.2414627491066714,-0.0004133231359663307,-0.14,0.248,0.506,1.0,-0.023,-0.013,0.0,-0.1401623485970167,0.24845724437691843,0.5059203249052974
2249,1784678968.725868,0.003270399235949909,0.001894038334350933,0.24145250659201506,-0.00038331749444956147,-0.14,0.248,0.506,1.0,-0.023,-0.013,0.0,-0.1401623485970167,0.24845724437691843,0.5059203249052974
2249,1784678968.7464724,0.003548221246052089,0.0011035435520850845,0.24137707393034746,-0.00028219543879841953,-0.14,0.248,0.506,1.0,-0.023,-0.013,0.0,-0.1401623485970167,0.24845724437691843,0.5059203249052974
2251,1784678968.768471,0.0028423024923469632,0.0010548106935035877,0.24143138806301007,-0.00023798736758999699,-0.14,0.248,0.506,1.0,-0.023,-0.013,0.0,-0.1401623485970167,0.24845724437691843,0.5059203249052974
2251,1784678968.7936707,0.0024307719215309644,0.0010387418442525179,0.2413915512032142,-0.0002029832898819974,-0.14,0.248,0.506,1.0,-0.023,-0.013,0.0,-0.1401623485970167,0.24845724437691843,0.5059203249052974
2253,1784678968.8195226,0.003245940511328021,0.002251696560472645,0.24149171167565875,-0.00032013264857685747,-0.14,0.248,0.506,1.0,-0.023,-0.013,0.0,-0.1401623485970167,0.24845724437691843,0.5059203249052974
2255,1784678968.8515708,0.0014281376189946536,0.001935424317446647,0.24143425060582469,-0.0003098406532868401,-0.14,0.248,0.506,1.0,-0.023,-0.013,0.0,-0.1401623485970167,0.24845724437691843,0.5059203249052974
2255,1784678968.8800492,0.0009578354932525714,-0.007422867175484085,0.24148256989605513,-0.00031243384245432276,-0.14,0.248,0.506,1.0,-0.023,-0.012,0.0,-0.1401623485970167,0.24845724437691843,0.5059203249052974
2258,1784678968.8996885,0.00242453108321675,-0.008067334391987556,0.24140987828928956,-0.0004041562686903106,-0.14,0.248,0.506,1.0,-0.023,-0.012,0.0,-0.1401623485970167,0.24845724437691843,0.5059203249052974
2258,1784678968.9224396,0.0010339986455726972,-0.008622234621355793,0.24147560257735406,-0.00041754820548660045,-0.14,0.248,0.506,1.0,-0.023,-0.012,0.0,-0.1401623485970167,0.24845724437691843,0.5059203249052974
2260,1784678968.9485948,0.000828386199831669,-0.008243772302570652,0.24143115817511077,-0.0004279463668614967,-0.14,0.248,0.506,1.0,-0.023,-0.012,0.0,-0.14014579469929678,0.24839211110459022,0.5059495529656485
2260,1784678968.9681349,0.0026938286516825054,-0.007796802717268819,0.24145444975974328,-0.0004319721453694242,-0.14,0.248,0.506,1.0,-0.023,-0.012,0.0,-0.14014579469929678,0.24839211110459022,0.5059495529656485
2262,1784678968.9945114,0.00017183356642645406,-0.0077953524231444485,0.24137529448652306,-0.00043807191314478353,-0.14,0.248,0.506,1.0,-0.023,-0.012,0.0,-0.14014579469929678,0.24839211110459022,0.5059495529656485
2262,1784678969.0182414,1.416601620413474e-05,-0.006611508424703816,0.2414226547716928,-0.00042530960932026847,-0.14,0.248,0.506,1.0,-0.023,-0.012,0.0,-0.14014579469929678,0.24839211110459022,0.5059495529656485
2265,1784678969.0394292,0.002629562272505461,-0.0068517922533582465,0.24146190106965604,-0.00040406696095047747,-0.14,0.248,0.506,1.0,-0.023,-0.012,0.0,-0.14014579469929678,0.24839211110459022,0.5059495529656485
2265,1784678969.064317,0.002455351557220601,0.0030526389494276718,0.24142776880586062,-0.0004889999398171097,-0.14,0.248,0.506,1.0,-0.023,-0.013,0.0,-0.14014579469929678,0.24839211110459022,0.5059495529656485
2267,1784678969.0911858,0.0013101689888904318,0.003983517895316993,0.24148786990376364,-0.0004287409808341841,-0.14,0.248,0.506,1.0,-0.023,-0.013,0.0,-0.14014579469929678,0.24839211110459022,0.5059495529656485
2267,1784678969.112523,0.0010879080475813714,0.004462758756449112,0.2414506421647498,-0.0004248406223901142,-0.14,0.248,0.506,1.0,-0.023,-0.013,0.0,-0.14009913978228145,0.2483247741944418,0.505986243462412
2269,1784678969.1342356,0.002591617289841589,0.004131309750653619,0.2414671967737548,-0.0004172511192578912,-0.14,0.248,0.506,1.0,-0.023,-0.013,0.0,-0.14009913978228145,0.2483247741944418,0.505986243462412
2270,1784678969.1543858,0.0026991944673610373,0.00451124064925618,0.2414557632800578,-0.0004331684659203414,-0.14,0.248,0.506,1.0,-0.023,-0.013,0.0,-0.14009913978228145,0.2483247741944418,0.505986243462412
2270,1784678969.1743453,-0.007968781082016745,0.0060416660950592185,0.24141417100269535,-0.00047667841748118923,-0.14,0.248,0.506,1.0,-0.022,-0.013,0.0,-0.14009913978228145,0.2483247741944418,0.505986243462412
2273,1784678969.1983578,-0.010221045351806391,0.00496699743451955,0.24140331249853308,-0.0004284680727073626,-0.14,0.248,0.506,1.0,-0.022,-0.013,0.0,-0.14009913978228145,0.2483247741944418,0.505986243462412
2273,1784678969.229164,-0.009014528941945977,0.002977993912848441,0.2414879952702338,-0.0004376032570730145,-0.14,0.248,0.506,1.0,-0.022,-0.013,0.0,-0.14009913978228145,0.2483247741944418,0.505986243462412
2275,1784678969.252592,-0.008471048895700866,0.002041296262995193,0.2414290790306793,-0.0004613313135521873,-0.14,0.248,0.506,1.0,-0.022,-0.013,0.0,-0.14009913978228145,0.2483247741944418,0.505986243462412
2275,1784678969.286482,-0.008008717699041632,0.0011894847592417261,0.2414702484448182,-0.00047089836425911574,-0.14,0.248,0.506,1.0,-0.022,-0.013,0.0,-0.14009913978228145,0.2483247741944418,0.505986243462412
2278,1784678969.3033874,-0.007607526302471936,0.0019285519597242728,0.2414366051389513,-0.0004853838452008902,-0.14,0.248,0.506,1.0,-0.022,-0.013,0.0,-0.14009913978228145,0.2483247741944418,0.505986243462412
2278,1784678969.32652,-0.007189645217028109,0.000413124435412162,0.24146573579397435,-0.0004890509419445461,-0.14,0.248,0.506,1.0,-0.022,-0.013,0.0,-0.14009913978228145,0.2483247741944418,0.505986243462412
2280,1784678969.3449197,-0.006518241880516241,-0.0013167808628890276,0.24136841728014366,-0.0004993907007152592,-0.14,0.248,0.506,1.0,-0.022,-0.013,0.0,-0.14009913978228145,0.2483247741944418,0.505986243462412
2280,1784678969.3654058,0.0021534577818257093,0.0017199359670774586,0.2414887470264849,-0.0005054413519673447,-0.14,0.248,0.506,1.0,-0.023,-0.013,0.0,-0.14009913978228145,0.2483247741944418,0.505986243462412
2282,1784678969.3875902,0.0036162270695709493,5.568928213575339e-05,0.241462781129911,-0.0004958388921324295,-0.14,0.248,0.506,1.0,-0.023,-0.013,0.0,-0.14003270997299241,0.24824859766356497,0.5060307236878153
2282,1784678969.4186463,0.005052865822072549,-0.0012784082061481523,0.24139793587910258,-0.0004929219042252345,-0.14,0.248,0.506,1.0,-0.023,-0.013,0.0,-0.14003270997299241,0.24824859766356497,0.5060307236878153
2284,1784678969.4518063,0.004053713503404655,0.0001584089996215475,0.2414436639431031,-0.0005216819400618043,-0.14,0.248,0.506,1.0,-0.023,-0.013,0.0,-0.14003270997299241,0.24824859766356497,0.5060307236878153
2284,1784678969.4735177,0.004006069329065453,0.0002815337932234284,0.2414079950861826,-0.0004981468971906156,-0.14,0.248,0.506,1.0,-0.023,-0.013,0.0,-0.14003270997299241,0.24824859766356497,0.5060307236878153
2287,1784678969.490636,0.003639200472197398,0.00069724571133499,0.24143349409239204,-0.0004957205568823263,-0.14,0.248,0.506,1.0,-0.023,-0.013,0.0,-0.14003270997299241,0.24824859766356497,0.5060307236878153
2287,1784678969.5076394,0.0039167442070762205,-5.8460291240212264e-05,0.24142030604312545,-0.00048356022910740304,-0.14,0.248,0.506,1.0,-0.023,-0.013,0.0,-0.14003270997299241,0.24824859766356497,0.5060307236878153
2289,1784678969.526926,0.0025689925975105436,0.00229218483895861,0.24150552695714533,-0.0005088850499752309,-0.14,0.248,0.506,1.0,-0.023,-0.013,0.0,-0.14003270997299241,0.24824859766356497,0.5060307236878153
2289,1784678969.5452018,0.002827406328745865,0.0012543128630249506,0.24136389853471063,-0.00047920223050293604,-0.14,0.248,0.506,1.0,-0.023,-0.013,0.0,-0.14003270997299241,0.24824859766356497,0.5060307236878153
2291,1784678969.5654476,0.0033317307249448834,0.0028000931489607153,0.24153412765632798,-0.00048669302802491725,-0.14,0.248,0.506,1.0,-0.023,-0.013,0.0,-0.14003270997299241,0.24824859766356497,0.5060307236878153
2291,1784678969.5890152,0.000646273127132755,0.0012896195820355956,0.24135518573725112,-0.00047056601432739757,-0.14,0.248,0.506,1.0,-0.023,-0.013,0.0,-0.14003270997299241,0.24824859766356497,0.5060307236878153
2293,1784678969.607475,0.0013235607591717997,0.0012132868103656089,0.24154784365285065,-0.0004703010321135138,-0.14,0.248,0.506,1.0,-0.023,-0.013,0.0,-0.14003270997299241,0.24824859766356497,0.5060307236878153
2293,1784678969.6241755,-0.0005988685115614796,0.001143627763207776,0.2413429848155426,-0.00040523980956642524,-0.14,0.248,0.506,1.0,-0.023,-0.013,0.0,-0.14003270997299241,0.24824859766356497,0.5060307236878153
2295,1784678969.6414409,0.0008637182525579774,0.0011968781220741687,0.2415545457997083,-0.000421825892507194,-0.14,0.248,0.506,1.0,-0.023,-0.013,0.0,-0.14003270997299241,0.24824859766356497,0.5060307236878153
2295,1784678969.6573546,0.0008711403651656645,0.001217266688759728,0.24141721051665563,-0.0004393265409956136,-0.14,0.248,0.506,1.0,-0.023,-0.013,0.0,-0.1399734616822007,0.24816027272479949,0.5060783679042101
2297,1784678969.673483,-0.00137453883618174,0.0008232037373647819,0.2414413743118531,-0.0003804846954333506,-0.14,0.248,0.506,1.0,-0.023,-0.013,0.0,-0.1399734616822007,0.24816027272479949,0.5060783679042101
2298,1784678969.6991904,0.0006972079975024505,0.0012061966630280314,0.24148889311180846,-0.0004071908656359135,-0.14,0.248,0.506,1.0,-0.023,-0.013,0.0,-0.1399734616822007,0.24816027272479949,0.5060783679042101
2298,1784678969.714687,-0.0014176627509001997,-0.00038872256714598055,0.24139682757339187,-0.00043064502230925563,-0.14,0.248,0.506,1.0,-0.023,-0.013,0.0,-0.1399734616822007,0.24816027272479949,0.5060783679042101
2300,1784678969.7411582,-0.0012208058492145964,-0.00052915107892108,0.24145145990736247,-0.00044034158876409734,-0.14,0.248,0.506,1.0,-0.023,-0.013,0.0,-0.1399734616822007,0.24816027272479949,0.5060783679042101
2300,1784678969.7637062,0.0006943105851186272,0.001060107994616713,0.2414836835897625,-0.0004503118257067727,-0.14,0.248,0.506,1.0,-0.023,-0.013,0.0,-0.1399734616822007,0.24816027272479949,0.5060783679042101
2302,1784678969.7835543,0.0024043612760664794,0.0012145949553548988,0.2414591315592014,-0.0004473632156276695,-0.14,0.248,0.506,1.0,-0.023,-0.013,0.0,-0.1399734616822007,0.24816027272479949,0.5060783679042101
2302,1784678969.803048,0.0006182079921980312,-0.000381850408304029,0.24141053109015548,-0.0004478476256521738,-0.14,0.248,0.506,1.0,-0.023,-0.013,0.0,-0.1399734616822007,0.24816027272479949,0.5060783679042101
2304,1784678969.8209794,0.0024212098617941054,0.0010900204316671228,0.24150487596544343,-0.00045093873979826866,-0.14,0.248,0.506,1.0,-0.023,-0.013,0.0,-0.1399734616822007,0.24816027272479949,0.5060783679042101
2304,1784678969.8375537,0.0009546642151736541,-0.0004068667783124931,0.24137814684479675,-0.00044434395086226223,-0.14,0.248,0.506,1.0,-0.023,-0.013,0.0,-0.1399734616822007,0.24816027272479949,0.5060783679042101
2305,1784678969.855127,0.0012906674943938858,0.0010958296352430244,0.24153620825643193,-0.00045390210842675657,-0.14,0.248,0.506,1.0,-0.023,-0.013,0.0,-0.1399734616822007,0.24816027272479949,0.5060783679042101
2307,1784678969.875697,0.002418996989468552,-0.008152871377089456,0.2414359189249298,-0.0003854426419714378,-0.14,0.248,0.506,1.0,-0.023,-0.012,0.0,-0.1399734616822007,0.24816027272479949,0.5060783679042101
2308,1784678969.899565,0.0009373565199644364,-0.010757181446891025,0.24141271783977875,-0.0004339411366725789,-0.14,0.248,0.506,1.0,-0.023,-0.012,0.0,-0.139892404793296,0.24807696055205056,0.5061287941133195
2308,1784678969.92503,0.0012317137299548177,-0.009493282854737103,0.2415019721428347,-0.00043770517142450495,-0.14,0.248,0.506,1.0,-0.023,-0.012,0.0,-0.139892404793296,0.24807696055205056,0.5061287941133195
2310,1784678969.9413571,0.002375620543722586,-0.008944780845919206,0.24143627715235988,-0.00043013371422657195,-0.14,0.248,0.506,1.0,-0.023,-0.012,0.0,-0.139892404793296,0.24807696055205056,0.5061287941133195
2310,1784678969.966683,0.0009281090361379675,-0.01010708824707372,0.2414150313501249,-0.0004219733275371882,-0.14,0.248,0.506,1.0,-0.023,-0.012,0.0,-0.139892404793296,0.24807696055205056,0.5061287941133195
2312,1784678969.993868,0.001230558848950656,-0.008605279420575037,0.24150132871787466,-0.000427054903404403,-0.14,0.248,0.506,1.0,-0.023,-0.012,0.0,-0.139892404793296,0.24807696055205056,0.5061287941133195
2312,1784678970.0223207,0.002375102216964225,0.0014843890281518377,0.24142602567399846,-0.00048784998842508397,-0.14,0.248,0.506,1.0,-0.023,-0.013,0.0,-0.139892404793296,0.24807696055205056,0.5061287941133195
2315,1784678970.0431602,0.001293275190269231,0.004063015464515207,0.24143266190752222,-0.000434384381744816,-0.14,0.248,0.506,1.0,-0.023,-0.013,0.0,-0.139892404793296,0.24807696055205056,0.5061287941133195
2315,1784678970.0622694,0.0004766058226451271,0.0065496952039866205,0.2414284206314313,-0.00043050616234452805,-0.14,0.248,0.506,1.0,-0.023,-0.013,0.0,-0.139892404793296,0.24807696055205056,0.5061287941133195
2317,1784678970.0791616,0.002349350287347767,0.004459493346885935,0.24150464744590444,-0.0003834770312121325,-0.14,0.248,0.506,1.0,-0.023,-0.013,0.0,-0.139892404793296,0.24807696055205056,0.5061287941133195
2317,1784678970.1008666,0.00247403155133644,0.0043096129435756005,0.24145048387327323,-0.00041850861199479333,-0.14,0.248,0.506,1.0,-0.023,-0.013,0.0,-0.139892404793296,0.24807696055205056,0.5061287941133195
2319,1784678970.1336443,0.0009405014368887819,0.004635836847303367,0.24141584004372538,-0.00042058683942982115,-0.14,0.248,0.506,1.0,-0.023,-0.013,0.0,-0.139892404793296,0.24807696055205056,0.5061287941133195
2319,1784678970.1632466,0.0004588205104507463,0.0034642242472503505,0.24144297294889844,-0.00041102038998261625,-0.14,0.248,0.506,1.0,-0.023,-0.013,0.0,-0.139892404793296,0.24807696055205056,0.5061287941133195
2322,1784678970.1990094,0.0003994445050337185,0.0018972269195238686,0.24142731827137404,-0.0004064830299647494,-0.14,0.248,0.506,1.0,-0.023,-0.013,0.0,-0.13979016526064508,0.24800618869859475,0.506178906474211
2322,1784678970.2175322,-0.007971786625640392,0.001058065856366707,0.24153570231392835,-0.0004474544901944986,-0.14,0.248,0.506,1.0,-0.022,-0.013,0.0,-0.13979016526064508,0.24800618869859475,0.506178906474211
2325,1784678970.2590754,-0.008545281175789985,0.0009924339856787687,0.24140958202105925,-0.0004462290702445635,-0.14,0.248,0.506,1.0,-0.022,-0.013,0.0,-0.13979016526064508,0.24800618869859475,0.506178906474211
2325,1784678970.278623,-0.008649380252064399,0.00021846547139051792,0.2415044435803042,-0.00046677338951470654,-0.14,0.248,0.506,1.0,-0.022,-0.013,0.0,-0.13979016526064508,0.24800618869859475,0.506178906474211
2328,1784678970.296049,-0.008279668279718235,0.0017402940268653605,0.24143110614302102,-0.0004888266552048551,-0.14,0.248,0.506,1.0,-0.022,-0.013,0.0,-0.13979016526064508,0.24800618869859475,0.506178906474211
2329,1784678970.3149471,-0.007845693250900388,0.00029169581140581907,0.24148994203502042,-0.00048809077552056253,-0.14,0.248,0.506,1.0,-0.022,-0.013,0.0,-0.13979016526064508,0.24800618869859475,0.506178906474211
2330,1784678970.3336282,-0.007915585988186608,-0.0014384974643189517,0.24137320411247495,-0.000500052841995809,-0.14,0.248,0.506,1.0,-0.022,-0.013,0.0,-0.13979016526064508,0.24800618869859475,0.506178906474211
2331,1784678970.353227,-0.007086872199829734,0.000393796677469041,0.24152662143069098,-0.0005287964403803424,-0.14,0.248,0.506,1.0,-0.022,-0.013,0.0,-0.13979016526064508,0.24800618869859475,0.506178906474211
2332,1784678970.3748822,0.002623828950483343,0.0005356508604419767,0.2414024755053588,-0.0004796241682468573,-0.14,0.248,0.506,1.0,-0.023,-0.013,0.0,-0.13979016526064508,0.24800618869859475,0.506178906474211
2333,1784678970.3948736,0.004894781815106084,0.00024094851713845483,0.24146064888616825,-0.0004994754890094163,-0.14,0.248,0.506,1.0,-0.023,-0.013,0.0,-0.13969730937701522,0.2479349960507844,0.5062270937348268
2334,1784678970.4137645,0.005330956445653946,0.0006010175780360553,0.2414210767902237,-0.0005069776656558172,-0.14,0.248,0.506,1.0,-0.023,-0.013,0.0,-0.13969730937701522,0.2479349960507844,0.5062270937348268
2335,1784678970.4340448,0.00435270491874953,0.0014461133811266708,0.24152746778654383,-0.0005104396500755204,-0.14,0.248,0.506,1.0,-0.023,-0.013,0.0,-0.13969730937701522,0.2479349960507844,0.5062270937348268
2336,1784678970.4525077,0.005277072811723505,0.001080301614338263,0.24136974733084746,-0.00042013733981008394,-0.14,0.248,0.506,1.0,-0.023,-0.013,0.0,-0.13969730937701522,0.2479349960507844,0.5062270937348268
2337,1784678970.4740922,0.0032626583379094416,0.002700877458626058,0.24156231208771536,-0.0004674926425317276,-0.14,0.248,0.506,1.0,-0.023,-0.013,0.0,-0.13969730937701522,0.2479349960507844,0.5062270937348268
2338,1784678970.4954915,0.00357107333799701,0.0032000114709198092,0.24141231639066518,-0.00046122618080803436,-0.14,0.248,0.506,1.0,-0.023,-0.013,0.0,-0.13969730937701522,0.2479349960507844,0.5062270937348268
2339,1784678970.5166261,0.0032493559928714923,0.0017257178396903987,0.24152978142682677,-0.00038775752367591933,-0.14,0.248,0.506,1.0,-0.023,-0.013,0.0,-0.1396328623502834,0.24785105611361355,0.5062740323246018
2339,1784678970.535236,0.002721517584820147,0.0011708458252132625,0.24137167367051338,-0.00035637918397153433,-0.14,0.248,0.506,1.0,-0.023,-0.013,0.0,-0.1396328623502834,0.24785105611361355,0.5062740323246018
2341,1784678970.5594695,0.002441019425618241,0.0015554982305453734,0.2415595462836951,-0.00034272650467065684,-0.14,0.248,0.506,1.0,-0.023,-0.013,0.0,-0.1396328623502834,0.24785105611361355,0.5062740323246018
2341,1784678970.5763693,0.002043606048357783,0.001565113816893702,0.24142650975796137,-0.00038944496709595895,-0.14,0.248,0.506,1.0,-0.023,-0.013,0.0,-0.1396328623502834,0.24785105611361355,0.5062740323246018
2343,1784678970.5980256,0.0028484413295669746,0.0027857049922997076,0.24150735208829333,-0.00041951712621528795,-0.14,0.248,0.506,1.0,-0.023,-0.013,0.0,-0.1396328623502834,0.24785105611361355,0.5062740323246018
2344,1784678970.6165676,0.0006117576786001076,0.0004820523877382722,0.24138672092468105,-0.0003597028709958127,-0.14,0.248,0.506,1.0,-0.023,-0.013,0.0,-0.1396328623502834,0.24785105611361355,0.5062740323246018
2345,1784678970.6438258,0.0008931388847586187,0.0011242815540539533,0.24154054176193196,-0.0004078900066910034,-0.14,0.248,0.506,1.0,-0.023,-0.013,0.0,-0.1396328623502834,0.24785105611361355,0.5062740323246018
2345,1784678970.6691303,0.0020184250718699205,0.002727977256131279,0.24142568618632446,-0.0004293493674084949,-0.14,0.248,0.506,1.0,-0.023,-0.013,0.0,-0.1396328623502834,0.24785105611361355,0.5062740323246018
2347,1784678970.6953187,0.0021473353037320918,0.0028889937310647047,0.2415090685637303,-0.00043481411289322667,-0.14,0.248,0.506,1.0,-0.023,-0.013,0.0,-0.1396328623502834,0.24785105611361355,0.5062740323246018
2347,1784678970.7200441,0.0006222897867939996,0.0013048426095766431,0.2414628763627084,-0.0004393022951831502,-0.14,0.248,0.506,1.0,-0.023,-0.013,0.0,-0.1396328623502834,0.24785105611361355,0.5062740323246018
2350,1784678970.7393937,0.0016740345698852792,0.0011738890359350024,0.24148285253145552,-0.0004459655607762158,-0.14,0.248,0.506,1.0,-0.023,-0.013,0.0,-0.1396328623502834,0.24785105611361355,0.5062740323246018
2350,1784678970.7555618,0.001744601900104687,0.0011498209043869848,0.2414716898926098,-0.0004480554363541939,-0.14,0.248,0.506,1.0,-0.023,-0.013,0.0,-0.1396328623502834,0.24785105611361355,0.5062740323246018
2352,1784678970.775995,-9.804957924458221e-05,-0.00897961363886849,0.2414206230882542,-0.0003844370405085186,-0.14,0.248,0.506,1.0,-0.023,-0.012,0.0,-0.13957174658002158,0.2477802062118799,0.5063150944006436
2352,1784678970.7944086,0.0016963852056225866,-0.009298432880883348,0.2414915939484502,-0.0004423454381474038,-0.14,0.248,0.506,1.0,-0.023,-0.012,0.0,-0.13957174658002158,0.2477802062118799,0.5063150944006436
2354,1784678970.8152058,-0.00011855391569349713,-0.010271973824909332,0.24137991546813048,-0.00043230419019755584,-0.14,0.248,0.506,1.0,-0.023,-0.012,0.0,-0.13957174658002158,0.2477802062118799,0.5063150944006436
2355,1784678970.8366807,-0.00022736151148449943,-0.009939310138225348,0.241450479670761,-0.0004336767241953754,-0.14,0.248,0.506,1.0,-0.023,-0.012,0.0,-0.13957174658002158,0.2477802062118799,0.5063150944006436
2356,1784678970.8571627,0.002025899266390959,-0.009093200658464681,0.2414739157108924,-0.00043242705685011564,-0.14,0.248,0.506,1.0,-0.023,-0.012,0.0,-0.13957174658002158,0.2477802062118799,0.5063150944006436
2357,1784678970.8760417,0.002203718911084663,-0.008598969459553137,0.2414644456717549,-0.0004299319280086013,-0.14,0.248,0.506,1.0,-0.023,-0.012,0.0,-0.13957174658002158,0.2477802062118799,0.5063150944006436
2358,1784678970.893617,0.0002964417686171124,-0.007767979957775152,0.2413974267198118,-0.0004258844522194101,-0.14,0.248,0.506,1.0,-0.023,-0.012,0.0,-0.13957174658002158,0.2477802062118799,0.5063150944006436
2359,1784678970.9236815,0.0020912769344685576,-0.007651032320688249,0.24151372070181443,-0.00040923617882771283,-0.14,0.248,0.506,1.0,-0.023,-0.012,0.0,-0.13957174658002158,0.2477802062118799,0.5063150944006436
2359,1784678970.9417658,0.0021887454552612755,-0.007253612418729197,0.2414371396411208,-0.000413408011191452,-0.14,0.248,0.506,1.0,-0.023,-0.012,0.0,-0.13957174658002158,0.2477802062118799,0.5063150944006436
2361,1784678970.9660184,0.002590905157520789,-0.007199596523344516,0.24148973786235012,-0.0004042693216362909,-0.14,0.248,0.506,1.0,-0.023,-0.012,0.0,-0.13957174658002158,0.2477802062118799,0.5063150944006436
2361,1784678970.9900563,0.0025928602036563893,0.002311691593595365,0.24144271980872437,-0.0004708419295277878,-0.14,0.248,0.506,1.0,-0.023,-0.013,0.0,-0.13957174658002158,0.2477802062118799,0.5063150944006436
2363,1784678971.017243,0.00260828773363379,0.0028777896183175486,0.241510002916312,-0.0004240186216390926,-0.139,0.248,0.506,1.0,-0.023,-0.013,0.0,-0.13957174658002158,0.2477802062118799,0.5063150944006436
2363,1784678971.0409627,0.0025968946109556947,0.003254363961033537,0.24146162542543853,-0.0004229207697650266,-0.139,0.248,0.506,1.0,-0.023,-0.013,0.0,-0.13957174658002158,0.2477802062118799,0.5063150944006436
2366,1784678971.0663145,0.0007493339616760943,0.005214343214840943,0.24142305640523404,-0.00042722961577264164,-0.139,0.248,0.506,1.0,-0.023,-0.013,0.0,-0.13950175001749882,0.2477367565451148,0.5063473561091147
2366,1784678971.0847843,0.0021916852811148003,0.0034543386016106896,0.2415240838839456,-0.0003810632981273955,-0.139,0.248,0.506,1.0,-0.023,-0.013,0.0,-0.13950175001749882,0.2477367565451148,0.5063473561091147
2368,1784678971.1099763,0.002272201466516948,0.0029496917097884476,0.2414517383012226,-0.0004007339746415483,-0.139,0.248,0.506,1.0,-0.023,-0.013,0.0,-0.13950175001749882,0.2477367565451148,0.5063473561091147
2368,1784678971.1357706,0.0023069398058388514,0.0025220757181500172,0.24150169973585237,-0.00040319423610891763,-0.139,0.248,0.506,1.0,-0.023,-0.013,0.0,-0.13950175001749882,0.2477367565451148,0.5063473561091147
2371,1784678971.163376,-0.008398748194502145,0.003632283919516685,0.24141393071232836,-0.00045010873828617585,-0.139,0.248,0.506,1.0,-0.022,-0.013,0.0,-0.13950175001749882,0.2477367565451148,0.5063473561091147
2371,1784678971.1885397,-0.0075302807351673405,0.001407880900093847,0.24150078673291644,-0.0004049744733669734,-0.139,0.248,0.506,1.0,-0.022,-0.013,0.0,-0.13950175001749882,0.2477367565451148,0.5063473561091147
2373,1784678971.2066822,-0.007569366884698472,0.000844469037180065,0.2414449937705143,-0.0004442604621142269,-0.139,0.248,0.506,1.0,-0.022,-0.013,0.0,-0.13950175001749882,0.2477367565451148,0.5063473561091147
2373,1784678971.2319884,-0.007504286634676383,0.0016056578213594665,0.2414793346015339,-0.0004558767559416287,-0.139,0.248,0.506,1.0,-0.022,-0.013,0.0,-0.13950175001749882,0.2477367565451148,0.5063473561091147
2375,1784678971.2767394,-0.007505419041588916,8.624637369951046e-05,0.24146056333275423,-0.0004583261188866373,-0.139,0.248,0.506,1.0,-0.022,-0.013,0.0,-0.13950175001749882,0.2477367565451148,0.5063473561091147
2378,1784678971.3113723,-0.006758853529431407,-0.00043639302049757606,0.2414705641699472,-0.00046881796857592276,-0.139,0.248,0.506,1.0,-0.022,-0.013,0.0,-0.13950175001749882,0.2477367565451148,0.5063473561091147
2378,1784678971.333418,-0.005515541827584233,0.00036775455911211563,0.2414584287641542,-0.00047792714975241864,-0.139,0.248,0.506,1.0,-0.022,-0.013,0.0,-0.13943103794384318,0.24770026934270156,0.5063770346777341
2380,1784678971.3571615,-0.00501592970163418,0.00046196334985868295,0.24147033527505138,-0.00048752394247939353,-0.139,0.248,0.506,1.0,-0.022,-0.013,0.0,-0.13943103794384318,0.24770026934270156,0.5063770346777341
2380,1784678971.3752859,-0.005337538588057269,0.0008659830420482302,0.24146289023127568,-0.0004987961696443798,-0.139,0.248,0.506,1.0,-0.022,-0.013,0.0,-0.13943103794384318,0.24770026934270156,0.5063770346777341
2383,1784678971.3980224,0.004252643724061072,0.0008945933450852095,0.24144542684686143,-0.00046231224710254956,-0.139,0.248,0.506,1.0,-0.023,-0.013,0.0,-0.13943103794384318,0.24770026934270156,0.5063770346777341
2383,1784678971.4246438,0.0039710510566252875,0.0012948938254024253,0.24150821985466223,-0.0004946114333441821,-0.139,0.248,0.506,1.0,-0.023,-0.013,0.0,-0.13943103794384318,0.24770026934270156,0.5063770346777341
2385,1784678971.4466553,0.0046663198113835146,0.001319212177642519,0.24145482455381317,-0.00047367212575058097,-0.139,0.248,0.506,1.0,-0.023,-0.013,0.0,-0.13943103794384318,0.24770026934270156,0.5063770346777341
2385,1784678971.4676828,0.005399945516489455,0.0013293502319818677,0.24149329362315633,-0.000470794384961418,-0.139,0.248,0.506,1.0,-0.023,-0.013,0.0,-0.13943103794384318,0.24770026934270156,0.5063770346777341
2387,1784678971.4911654,0.005428588411223335,0.0013240602958569693,0.24146863985565803,-0.00047232621714507635,-0.139,0.248,0.506,1.0,-0.023,-0.013,0.0,-0.13943103794384318,0.24770026934270156,0.5063770346777341
2387,1784678971.513664,0.004350790156055242,0.001328254121702302,0.24148790723199395,-0.00047361322053920924,-0.139,0.248,0.506,1.0,-0.023,-0.013,0.0,-0.13943103794384318,0.24770026934270156,0.5063770346777341
2389,1784678971.5363865,0.004649996641739439,0.0013251929900224071,0.24146958347866024,-0.000467028389973557,-0.139,0.248,0.506,1.0,-0.023,-0.013,0.0,-0.13943103794384318,0.24770026934270156,0.5063770346777341
2389,1784678971.5651562,0.003214411987237511,0.0017198291560793326,0.24148708878385067,-0.00047246482037504196,-0.139,0.248,0.506,1.0,-0.023,-0.013,0.0,-0.13943103794384318,0.24770026934270156,0.5063770346777341
2392,1784678971.5935216,0.003139662103944455,0.0013554351746089127,0.2414706215299455,-0.0004586067196655967,-0.139,0.248,0.506,1.0,-0.023,-0.013,0.0,-0.13943103794384318,0.24770026934270156,0.5063770346777341
2392,1784678971.6145043,0.0028468593280209266,0.0013632343208599441,0.2414811200444633,-0.00046142723490701955,-0.139,0.248,0.506,1.0,-0.023,-0.013,0.0,-0.13938832828575803,0.2476534673982389,0.5064046316579874
2395,1784678971.653588,0.0028381003950813007,0.001361149793165907,0.24147268972621663,-0.0004583473317795258,-0.139,0.248,0.506,1.0,-0.023,-0.013,0.0,-0.13938832828575803,0.2476534673982389,0.5064046316579874
2395,1784678971.672396,0.0010220417232782338,0.0009727364966936845,0.24148330120837883,-0.0004590881954473948,-0.139,0.248,0.506,1.0,-0.023,-0.013,0.0,-0.13938832828575803,0.2476534673982389,0.5064046316579874
2397,1784678971.689965,0.002378075959817493,0.0013323183055292398,0.24146459423298275,-0.00045109319805784574,-0.139,0.248,0.506,1.0,-0.023,-0.013,0.0,-0.13938832828575803,0.2476534673982389,0.5064046316579874
2397,1784678971.7104223,0.002085101912804043,0.0013603297057104384,0.24148579099707465,-0.0004549230026877999,-0.139,0.248,0.506,1.0,-0.023,-0.013,0.0,-0.13938832828575803,0.2476534673982389,0.5064046316579874
2399,1784678971.7389596,0.002439129130195266,0.001361541824806481,0.24146797171572892,-0.0004512797989290313,-0.139,0.248,0.506,1.0,-0.023,-0.013,0.0,-0.13938832828575803,0.2476534673982389,0.5064046316579874
2399,1784678971.7652955,0.0024566793047680023,0.0013637019505321826,0.2414819477519424,-0.00045276789632408377,-0.139,0.248,0.506,1.0,-0.023,-0.013,0.0,-0.13938832828575803,0.2476534673982389,0.5064046316579874
2402,1784678971.7947674,0.00027327273524054355,0.0009719528931048903,0.2414773292582479,-0.00045517511316862735,-0.139,0.248,0.506,1.0,-0.023,-0.013,0.0,-0.13938832828575803,0.2476534673982389,0.5064046316579874
2402,1784678971.8304527,0.0005090705264680813,0.0009423691332390259,0.24147079739256389,-0.00044654080422177754,-0.139,0.248,0.506,1.0,-0.023,-0.013,0.0,-0.13938832828575803,0.2476534673982389,0.5064046316579874
2405,1784678971.8563318,0.0023400070460443435,0.0013291957161738442,0.2414734839097399,-0.00044600484993187613,-0.139,0.248,0.506,1.0,-0.023,-0.013,0.0,-0.13938832828575803,0.2476534673982389,0.5064046316579874
2405,1784678971.8878734,0.0014290237237967011,0.0009847391083377677,0.24148019217473307,-0.000452020876004343,-0.139,0.248,0.506,1.0,-0.023,-0.013,0.0,-0.13936471054148308,0.24762455902250494,0.506421070888664
2408,1784678971.923694,0.001747144147624901,0.0009600052729622603,0.24146884423400664,-0.00044914100242467907,-0.139,0.248,0.506,1.0,-0.023,-0.013,0.0,-0.13936471054148308,0.24762455902250494,0.506421070888664
2408,1784678971.946563,-0.005928760609101493,0.0013514804554937976,0.24149745995294972,-0.0004833492454937125,-0.139,0.248,0.506,1.0,-0.022,-0.013,0.0,-0.13936471054148308,0.24762455902250494,0.506421070888664
2411,1784678971.962915,-0.006722162401419558,0.001375364610530564,0.24143441247908368,-0.00046504112393377516,-0.139,0.248,0.506,1.0,-0.022,-0.013,0.0,-0.13936471054148308,0.24762455902250494,0.506421070888664
2411,1784678971.9774816,-0.0068654075523809956,0.0013839222812875376,0.24148222598519734,-0.0004770787530245824,-0.139,0.248,0.506,1.0,-0.022,-0.013,0.0,-0.13936471054148308,0.24762455902250494,0.506421070888664
2413,1784678971.998935,-0.006860822012512809,0.0013769891701262658,0.24144905432994868,-0.0004822205873340593,-0.139,0.248,0.506,1.0,-0.022,-0.013,0.0,-0.13936471054148308,0.24762455902250494,0.506421070888664
2413,1784678972.0211115,-0.007214364265365061,0.000990328182915251,0.24147360379264352,-0.0004843340780342437,-0.139,0.248,0.506,1.0,-0.022,-0.013,0.0,-0.13936471054148308,0.24762455902250494,0.506421070888664
2415,1784678972.0395713,-0.006514735052798305,0.001348560684760025,0.24145223735049,-0.00048705251537707405,-0.139,0.248,0.506,1.0,-0.022,-0.013,0.0,-0.13936471054148308,0.24762455902250494,0.506421070888664
2415,1784678972.0593452,-0.006441559629643285,0.0013770452601383175,0.24147102383585783,-0.0004887330475386531,-0.139,0.248,0.506,1.0,-0.022,-0.013,0.0,-0.13936471054148308,0.24762455902250494,0.506421070888664
2417,1784678972.0799725,-0.006065504105972435,0.0013783840403501293,0.24145670158087554,-0.0004884994905851874,-0.139,0.248,0.506,1.0,-0.022,-0.013,0.0,-0.13936471054148308,0.24762455902250494,0.506421070888664
2417,1784678972.1066093,-0.005624623808884708,-0.007983600816094415,0.24148000420385876,-0.0004360348516361873,-0.139,0.248,0.506,1.0,-0.022,-0.012,0.0,-0.1393466666267956,0.2476143311143615,0.5064289950768974
2419,1784678972.130759,-0.004110356480483867,-0.009440024373148306,0.24143200272367582,-0.0004853392208706331,-0.139,0.248,0.506,1.0,-0.022,-0.012,0.0,-0.1393466666267956,0.2476143311143615,0.5064289950768974
2419,1784678972.152875,0.005643325847048086,-0.009683729595239488,0.24145018386893252,-0.00046220910372783605,-0.139,0.248,0.506,1.0,-0.023,-0.012,0.0,-0.1393466666267956,0.2476143311143615,0.5064289950768974
2421,1784678972.1768231,0.0049625703180491525,-0.009295703699808654,0.2414882599417719,-0.00048594300053613875,-0.139,0.248,0.506,1.0,-0.023,-0.012,0.0,-0.1393466666267956,0.2476143311143615,0.5064289950768974
2423,1784678972.1989496,0.007077971742721897,-0.008454497361654097,0.2414466742133608,-0.00046155449859477943,-0.139,0.248,0.506,1.0,-0.023,-0.012,0.0,-0.1393466666267956,0.2476143311143615,0.5064289950768974
2423,1784678972.2193637,0.007147646863409855,-0.007559449957160434,0.24148490076148985,-0.0004603277497266264,-0.139,0.248,0.506,1.0,-0.023,-0.012,0.0,-0.1393466666267956,0.2476143311143615,0.5064289950768974
2425,1784678972.2419114,0.004984913249203384,-0.007468598079002648,0.2414633447207215,-0.00044952968957708955,-0.139,0.248,0.506,1.0,-0.023,-0.012,0.0,-0.1393466666267956,0.2476143311143615,0.5064289950768974
2425,1784678972.2701504,0.004872911974578616,0.0024568148791463094,0.24145820850207003,-0.0005058939928664139,-0.139,0.248,0.506,1.0,-0.023,-0.013,0.0,-0.1393466666267956,0.2476143311143615,0.5064289950768974
2427,1784678972.2881296,0.003767636480977516,0.0034304152147494778,0.24149426222203235,-0.00044241899896743837,-0.139,0.248,0.506,1.0,-0.023,-0.013,0.0,-0.1393466666267956,0.2476143311143615,0.5064289950768974
2427,1784678972.3026254,0.004089579659343482,0.005403777585953784,0.2414629841946433,-0.00044438874545172654,-0.139,0.248,0.506,1.0,-0.023,-0.013,0.0,-0.13932645448615283,0.24760344153570019,0.506437648529601
2429,1784678972.3262076,0.0037478912462677004,0.005898058950950781,0.24149259751761581,-0.0004201701131061982,-0.139,0.248,0.506,1.0,-0.023,-0.013,0.0,-0.13932645448615283,0.24760344153570019,0.506437648529601
2429,1784678972.345428,0.0030023113209341444,0.007122693225185963,0.2414678771009263,-0.00040954086482554675,-0.139,0.248,0.506,1.0,-0.023,-0.013,0.0,-0.13932645448615283,0.24760344153570019,0.506437648529601
2431,1784678972.361685,0.002967113811536814,0.0037500872431951715,0.24148815019961556,-0.0003834423685156594,-0.139,0.248,0.506,1.0,-0.023,-0.013,0.0,-0.13932645448615283,0.24760344153570019,0.506437648529601
2431,1784678972.3784199,0.0025938304670219507,0.004296934461654318,0.24146634773872472,-0.0004199965581836461,-0.139,0.248,0.506,1.0,-0.023,-0.013,0.0,-0.13932645448615283,0.24760344153570019,0.506437648529601
2433,1784678972.3981647,0.0025808291446430855,0.003919052784630641,0.24148331843169388,-0.0004143738351557148,-0.139,0.248,0.506,1.0,-0.023,-0.013,0.0,-0.13932645448615283,0.24760344153570019,0.506437648529601
2433,1784678972.4315405,0.0025755436326435864,0.0031194251267905072,0.24147165763615683,-0.00041749539737767513,-0.139,0.248,0.506,1.0,-0.023,-0.013,0.0,-0.13932645448615283,0.24760344153570019,0.506437648529601
2435,1784678972.4622803,0.0022159915348359226,0.0022823837108840693,0.24148005168117354,-0.00042484699126966107,-0.139,0.248,0.506,1.0,-0.023,-0.013,0.0,-0.13932645448615283,0.24760344153570019,0.506437648529601
2437,1784678972.481873,0.001830157633208259,0.001435828133159671,0.24147317394964318,-0.0004310755906400143,-0.139,0.248,0.506,1.0,-0.023,-0.013,0.0,-0.13932645448615283,0.24760344153570019,0.506437648529601
2437,1784678972.500621,0.0018084972090334044,0.0013712378538134756,0.241475370097482,-0.0004399138118701495,-0.139,0.248,0.506,1.0,-0.023,-0.013,0.0,-0.13932645448615283,0.24760344153570019,0.506437648529601
2439,1784678972.5208924,0.0018066722580326426,0.0009719245323979546,0.24147474900795063,-0.00044162464932276916,-0.139,0.248,0.506,1.0,-0.023,-0.013,0.0,-0.13932645448615283,0.24760344153570019,0.506437648529601
2439,1784678972.5380862,0.0025371056984777353,0.0013344881999370686,0.24147225785837678,-0.00044759847940648506,-0.139,0.248,0.506,1.0,-0.023,-0.013,0.0,-0.13932645448615283,0.24760344153570019,0.506437648529601
