step,timestamp,u0,u1,u2,u3,pose_x,pose_y,pose_z,pose_qw,pose_qx,pose_qy,pose_qz
0,1776071588.124464,0.0,-0.13299807590217583,-0.6134440637151599,-0.0,2.013,0.0,0.106,0.999,-0.0,0.053,0.0
1,1776071588.1310828,0.0,-0.13299807590217583,-0.6119550921602608,-0.0,2.013,0.0,0.106,0.999,-0.0,0.053,0.0
2,1776071588.1386867,0.0,-0.13299807590217583,-0.6104661206053615,-0.0,2.013,0.0,0.106,0.999,-0.0,0.053,0.0
3,1776071588.1462805,0.0,-0.13299807590217583,-0.6089771490504624,-0.0,2.013,0.0,0.106,0.999,-0.0,0.053,0.0
4,1776071588.156563,0.0,-0.13299807590217583,-0.6074881774955632,-0.0,2.013,0.0,0.106,0.999,-0.0,0.053,0.0
5,1776071588.1635432,0.0,-0.13299807590217583,-0.6059992059406641,-0.0,2.013,0.0,0.106,0.999,-0.0,0.053,0.0
6,1776071588.1712172,0.0,-0.13299807590217583,-0.6045102343857649,-0.0,2.013,0.0,0.106,0.999,-0.0,0.053,0.0
7,1776071588.1800497,0.0,-0.13299807590217583,-0.6030212628308658,-0.0,2.013,0.0,0.106,0.999,-0.0,0.053,0.0
8,1776071588.1898549,0.0,-0.13299807590217583,-0.6015322912759666,-0.0,2.013,0.0,0.106,0.999,-0.0,0.053,0.0
9,1776071588.196369,0.0,-0.13299807590217583,-0.6000433197210675,-0.0,2.013,0.0,0.106,0.999,-0.0,0.053,0.0
10,1776071588.20536,0.0,-0.13299807590217583,-0.5985543481661681,-0.0,2.013,0.0,0.106,0.999,-0.0,0.053,0.0
11,1776071588.2135332,0.0,-0.13299807590217583,-0.597065376611269,-0.0,2.013,0.0,0.106,0.999,-0.0,0.053,0.0
12,1776071588.2207806,0.0,-0.13299807590217583,-0.5955764050563699,-0.0,2.013,0.0,0.106,0.999,-0.0,0.053,0.0
13,1776071588.2284591,0.0,-0.13299807590217583,-0.5940874335014709,-0.0,2.013,0.0,0.106,0.999,-0.0,0.053,0.0
14,1776071588.2375546,0.0,-0.13299807590217583,-0.5925984619465716,-0.0,2.013,0.0,0.106,0.999,-0.0,0.053,0.0
15,1776071588.2457714,0.0,-0.13299807590217583,-0.5911094903916725,-0.0,2.013,0.0,0.106,0.999,-0.0,0.053,0.0
16,1776071588.2539337,0.0,-0.13299807590217583,-0.5896205188367734,-0.0,2.013,0.0,0.106,0.999,-0.0,0.053,0.0
17,1776071588.2616441,0.0,-0.13299807590217583,-0.5881315472818742,-0.0,2.013,0.0,0.106,0.999,-0.0,0.053,0.0
18,1776071588.270787,0.0,-0.13299807590217583,-0.586642575726975,-0.0,2.013,0.0,0.106,0.999,-0.0,0.053,0.0
19,1776071588.2789352,0.0,-0.13299807590217583,-0.5851536041720758,-0.0,2.013,0.0,0.106,0.999,-0.0,0.053,0.0
20,1776071588.2883797,0.0,-0.13299807590217583,-0.5836646326171766,-0.0,2.013,0.0,0.106,0.999,-0.0,0.053,0.0
21,1776071588.2958927,0.0,-0.13299807590217583,-0.5821756610622775,-0.0,2.013,0.0,0.106,0.999,-0.0,0.053,0.0
22,1776071588.3045242,0.0,-0.13299807590217583,-0.5806866895073783,-0.0,2.013,0.0,0.106,0.999,-0.0,0.053,0.0
23,1776071588.312919,0.0,-0.13299807590217583,-0.5791977179524792,-0.0,2.013,0.0,0.106,0.999,-0.0,0.053,0.0
24,1776071588.3229275,0.0,-0.13299807590217583,-0.5777087463975801,-0.0,2.013,0.0,0.106,0.999,-0.0,0.053,0.0
25,1776071588.3289127,0.0,-0.13299807590217583,-0.5762197748426809,-0.0,2.013,0.0,0.106,0.999,-0.0,0.053,0.0
26,1776071588.3383844,0.0,-0.13299807590217583,-0.5747308032877817,-0.0,2.013,0.0,0.106,0.999,-0.0,0.053,0.0
27,1776071588.3464477,0.0,-0.13299807590217583,-0.5732418317328825,-0.0,2.013,0.0,0.106,0.999,-0.0,0.053,0.0
28,1776071588.3539636,0.0,-0.13299807590217583,-0.5717528601779833,-0.0,2.013,0.0,0.106,0.999,-0.0,0.053,0.0
29,1776071588.362403,0.0,-0.13299807590217583,-0.5702638886230842,-0.0,2.013,0.0,0.106,0.999,-0.0,0.053,0.0
30,1776071588.3703196,0.0,-0.13299807590217583,-0.5687749170681851,-0.0,2.013,0.0,0.106,0.999,-0.0,0.053,0.0
31,1776071588.3797545,0.0,-0.13299807590217583,-0.5672859455132859,-0.0,2.013,0.0,0.106,0.999,-0.0,0.053,0.0
32,1776071588.388652,0.0,-0.13299807590217583,-0.5657969739583868,-0.0,2.013,0.0,0.106,0.999,-0.0,0.053,0.0
33,1776071588.3977568,0.0,-0.13299807590217583,-0.5643080024034877,-0.0,2.013,0.0,0.106,0.999,-0.0,0.053,0.0
34,1776071588.405758,0.0,-0.13299807590217583,-0.5628190308485884,-0.0,2.013,0.0,0.106,0.999,-0.0,0.053,0.0
35,1776071588.414069,0.0,-0.13299807590217583,-0.5613300592936892,-0.0,2.013,0.0,0.106,0.999,-0.0,0.053,0.0
36,1776071588.4215398,0.0,-0.13299807590217583,-0.55984108773879,-0.0,2.013,0.0,0.106,0.999,-0.0,0.053,0.0
37,1776071588.4293194,0.0,-0.13299807590217583,-0.5583521161838909,-0.0,2.013,0.0,0.106,0.999,-0.0,0.053,0.0
38,1776071588.4373,0.0,-0.13299807590217583,-0.5568631446289918,-0.0,2.013,0.0,0.106,0.999,-0.0,0.053,0.0
39,1776071588.4458065,0.0,-0.13299807590217583,-0.5553741730740926,-0.0,2.013,0.0,0.106,0.999,-0.0,0.053,0.0
40,1776071588.4548903,0.0,-0.13299807590217583,-0.5538852015191935,-0.0,2.013,0.0,0.106,0.999,-0.0,0.053,0.0
41,1776071588.463205,0.0,-0.13299807590217583,-0.5523962299642944,-0.0,2.013,0.0,0.106,0.999,-0.0,0.053,0.0
42,1776071588.4715385,0.0,-0.13299807590217583,-0.5509072584093951,-0.0,2.013,0.0,0.106,0.999,-0.0,0.053,0.0
43,1776071588.4792542,0.0,-0.13299807590217583,-0.549418286854496,-0.0,2.013,0.0,0.106,0.999,-0.0,0.053,0.0
44,1776071588.4875774,0.0,-0.13299807590217583,-0.5479293152995969,-0.0,2.013,0.0,0.106,0.999,-0.0,0.053,0.0
45,1776071588.4968443,0.0,-0.13299807590217583,-0.5464403437446976,-0.0,2.013,0.0,0.106,0.999,-0.0,0.053,0.0
46,1776071588.5045557,0.0,-0.13299807590217583,-0.5449513721897985,-0.0,2.013,0.0,0.106,0.999,-0.0,0.053,0.0
47,1776071588.512518,0.0,-0.13299807590217583,-0.5434624006348994,-0.0,2.013,0.0,0.106,0.999,-0.0,0.053,0.0
48,1776071588.5204918,0.0,-0.13299807590217583,-0.5419734290800002,-0.0,2.013,0.0,0.106,0.999,-0.0,0.053,0.0
49,1776071588.5289452,0.0,-0.13299807590217583,-0.5404844575251011,-0.0,2.013,0.0,0.106,0.999,-0.0,0.053,0.0
50,1776071588.5377784,0.0,-0.13299807590217583,-0.5389954859702017,-0.0,2.013,0.0,0.106,0.999,-0.0,0.053,0.0
51,1776071588.5456407,0.0,-0.13299807590217583,-0.5375065144153026,-0.0,2.013,0.0,0.106,0.999,-0.0,0.053,0.0
52,1776071588.553723,0.0,-0.13299807590217583,-0.5360175428604035,-0.0,2.013,0.0,0.106,0.999,-0.0,0.053,0.0
53,1776071588.5618527,0.0,-0.13299807590217583,-0.5345285713055044,-0.0,2.013,0.0,0.106,0.999,-0.0,0.053,0.0
54,1776071588.571435,0.0,-0.13299807590217583,-0.5330395997506052,-0.0,2.013,0.0,0.106,0.999,-0.0,0.053,0.0
55,1776071588.5808969,0.0,-0.13299807590217583,-0.531550628195706,-0.0,2.013,0.0,0.106,0.999,-0.0,0.053,0.0
56,1776071588.5882542,0.0,-0.13299807590217583,-0.5308497421378199,-0.0,2.013,0.0,0.106,0.999,-0.0,0.053,0.0
57,1776071588.5954113,0.0,-0.13299807590217583,-0.5293607705829206,-0.0,2.013,0.0,0.106,0.999,-0.0,0.053,0.0
58,1776071588.6046026,0.0,-0.13299807590217583,-0.5286598845250343,-0.0,2.013,0.0,0.106,0.999,-0.0,0.053,0.0
59,1776071588.6126769,0.0,-0.13299807590217583,-0.5263828274731224,-0.0,2.013,0.0,0.106,0.999,-0.0,0.053,0.0
60,1776071588.621247,0.0,-0.13299807590217583,-0.5260759841637426,-0.0,2.013,0.0,0.106,0.999,-0.0,0.053,0.0
61,1776071588.6285727,0.0,-0.13299807590217583,-0.52498105535735,-0.0,2.013,0.0,0.106,0.999,-0.0,0.053,0.0
62,1776071588.6372092,0.0,-0.13324886090217583,-0.5262503830419959,-0.0,2.013,0.0,0.106,0.999,-0.0,0.053,0.0
63,1776071588.6464272,0.0,-0.13324886090217583,-0.5243673687385904,-0.0,2.013,0.0,0.106,0.999,-0.0,0.053,0.0
64,1776071588.6538155,0.0,-0.13324886090217583,-0.5260307391717429,-0.0,2.013,0.0,0.106,0.999,-0.0,0.053,0.0
65,1776071588.6627035,0.0,-0.13324886090217583,-0.5271063291717066,-0.0,2.013,0.0,0.107,0.999,-0.0,0.053,0.0
66,1776071588.6705465,0.0,-0.13349964590217583,-0.5287696996048592,-0.0,2.013,0.0,0.107,0.999,-0.0,0.053,0.0
67,1776071588.6787708,0.0,-0.13349964590217583,-0.5280688135469729,-0.0,2.013,0.0,0.107,0.999,-0.0,0.053,0.0
68,1776071588.6868005,0.0,-0.13601877239825302,-0.5301262267286319,-0.0,2.013,0.0,0.107,0.999,-0.0,0.054,0.0
69,1776071588.696008,0.0,-0.13626955739825303,-0.5296256457345698,-0.0,2.013,0.0,0.108,0.999,-0.0,0.054,0.0
70,1776071588.7033157,0.0,-0.13601877239825302,-0.5265605031856448,-0.0,2.013,0.0,0.108,0.999,-0.0,0.054,0.0
71,1776071588.7117598,0.0,-0.13626955739825303,-0.5313762156068491,-0.0,2.013,0.0,0.108,0.999,0.0,0.054,0.0
72,1776071588.720719,0.0,-0.13626955739825303,-0.5290991585549369,-0.0,2.013,0.0,0.108,0.999,0.0,0.054,0.0
73,1776071588.7289793,0.0,-0.13576798739825302,-0.5155951668601616,-0.0,2.013,0.0,0.109,0.999,0.0,0.054,0.0
74,1776071588.738107,0.0,-0.13626955739825303,-0.5239572640179241,-0.0,2.013,0.0,0.109,0.999,0.0,0.054,0.0
75,1776071588.7494297,0.0,-0.13601877239825302,-0.5201040359719861,-0.0,2.013,0.0,0.109,0.999,0.0,0.054,0.0
76,1776071588.7626083,0.0,-0.13878923339502502,-0.5201912354111127,-0.0,2.013,0.0,0.109,0.999,0.0,0.055,0.0
77,1776071588.771359,0.0,-0.13890128302293944,-0.5291476803812057,-0.0,2.013,0.0,0.11,0.998,0.0,0.055,-0.0
78,1776071588.7797282,0.0,-0.13915206802293947,-0.5308110508143582,-0.0,2.013,0.0,0.11,0.998,0.0,0.055,-0.0
79,1776071588.7879362,0.0,-0.13915206802293947,-0.5291283415747767,-0.0,2.013,0.0,0.111,0.998,0.0,0.055,-0.0
80,1776071588.7959805,0.0,-0.1416697499471844,-0.5321741453172728,-0.0,2.013,0.0,0.112,0.998,0.0,0.056,-0.0
81,1776071588.8034441,0.0,-0.14279920994718437,-0.5561042147306114,-0.0,2.014,0.0,0.113,0.998,0.0,0.056,-0.0
82,1776071588.8117635,0.0,-0.14481589075090523,-0.5374776673052519,-0.0,2.014,0.0,0.114,0.998,0.0,0.057,-0.0
83,1776071588.8201818,0.0,-0.14406353575090525,-0.5174686865705491,-0.0,2.014,0.0,0.114,0.998,0.0,0.057,-0.0
84,1776071588.8298383,0.0,-0.14758550598885822,-0.5402166277383682,-0.0,2.014,0.0,0.115,0.998,0.0,0.058,-0.0
85,1776071588.8379183,0.0,-0.14758550598885822,-0.5387276561834691,-0.0,2.014,0.0,0.115,0.998,0.0,0.058,-0.0
86,1776071588.847669,0.0,-0.14783629098885823,-0.5427552831076605,-0.0,2.014,0.0,0.115,0.998,0.0,0.058,-0.0
87,1776071588.8561926,0.0,-0.1468331509888582,-0.51979426544873,-0.0,2.014,0.0,0.116,0.998,0.0,0.058,0.0
88,1776071588.8632996,0.0,-0.14633158098885823,-0.5090485729934997,-0.0,2.014,0.0,0.117,0.998,0.0,0.058,0.0
89,1776071588.8737621,0.0,-0.14633158098885823,-0.5040132167020426,-0.0,2.014,0.0,0.117,0.998,0.0,0.058,0.0
90,1776071588.8824768,0.0,-0.15010492623730853,-0.533853927342978,-0.0,2.014,0.0,0.118,0.998,0.0,0.059,0.0
91,1776071588.8905091,0.0,-0.14885100123730854,-0.5047819633926264,-0.0,2.014,0.0,0.118,0.998,0.0,0.059,0.0
92,1776071588.8957162,0.0,-0.14985414123730856,-0.5261474712511021,-0.0,2.014,0.0,0.118,0.998,0.0,0.059,0.0
93,1776071588.9048297,0.0,-0.15262494709445018,-0.5280111467480788,-0.0,2.014,0.0,0.119,0.998,0.0,0.06,0.0
94,1776071588.9132597,0.0,-0.1518725920944502,-0.5117488558137582,-0.0,2.014,0.0,0.12,0.998,0.0,0.06,0.0
95,1776071588.9210665,0.0,-0.1518725920944502,-0.509471798761846,-0.0,2.014,0.0,0.12,0.998,0.0,0.06,0.0
96,1776071588.9287438,0.0,-0.1516218070944502,-0.5003022773006418,-0.0,2.014,0.0,0.121,0.998,0.0,0.06,0.0
97,1776071588.9369204,0.0,-0.15439322418082765,-0.5084706367737218,-0.0,2.014,0.0,0.122,0.998,0.0,0.061,0.0
98,1776071588.9451923,0.0,-0.1584191881397602,-0.5385116524784814,-0.0,2.014,0.0,0.124,0.998,0.0,0.062,0.0
99,1776071588.9535227,0.0,-0.1576668331397602,-0.5171268058135768,-0.0,2.014,0.0,0.125,0.998,0.0,0.062,0.0
100,1776071588.9617193,0.0,-0.1614426446377686,-0.5410568752269155,-0.0,2.014,0.0,0.126,0.998,0.0,0.063,0.0
101,1776071588.9703474,0.0,-0.16283756936500424,-0.5157316010769462,-0.0,2.015,0.0,0.127,0.998,0.0,0.064,0.0
102,1776071588.9789202,0.0,-0.16509463436500427,-0.5613340216581402,-0.0,2.015,0.0,0.128,0.998,0.0,0.064,0.0
103,1776071588.987253,0.0,-0.16258678436500426,-0.508031712364212,-0.0,2.015,0.0,0.129,0.998,0.0,0.064,0.0
104,1776071588.9953344,0.0,-0.16485918303568045,-0.5035907038850853,-0.0,2.015,0.0,0.13,0.998,0.0,0.065,0.0
105,1776071589.0042188,0.0,-0.168135386388507,-0.5147176676615347,-0.0,2.015,0.0,0.132,0.998,0.0,0.066,0.0
106,1776071589.0121841,0.0,-0.16863695638850704,-0.5224919843861084,-0.0,2.015,0.0,0.133,0.998,0.0,0.066,0.0
107,1776071589.020718,0.0,-0.17216462018712675,-0.5432697118113953,-0.0,2.015,0.0,0.134,0.998,0.0,0.067,0.0
108,1776071589.0294209,0.0,-0.17065991018712673,-0.5140040101763614,-0.0,2.015,0.0,0.135,0.998,0.0,0.067,0.0
109,1776071589.0378091,0.0,-0.1731851202205547,-0.5119272581882733,-0.0,2.015,0.0,0.136,0.998,0.0,0.068,0.0
110,1776071589.045986,0.0,-0.17418826022055472,-0.527382124819152,-0.0,2.015,0.0,0.136,0.998,0.0,0.068,0.0
111,1776071589.0542803,0.0,-0.17696495230362091,-0.5300338858131417,-0.0,2.015,0.0,0.137,0.998,0.0,0.069,0.0
112,1776071589.0629292,0.0,-0.17947280230362092,-0.5713018361607646,-0.0,2.015,0.0,0.138,0.998,0.0,0.069,0.0
113,1776071589.071015,0.0,-0.17986867227741443,-0.5315972853798803,-0.0,2.016,-0.0,0.14,0.998,0.0,0.07,0.0
114,1776071589.0785584,0.0,-0.18364993100973165,-0.5492226708171155,-0.0,2.016,-0.0,0.141,0.998,-0.0,0.071,0.0
115,1776071589.0875971,0.0,-0.18499244440499968,-0.5337550327589495,-0.0,2.016,-0.0,0.144,0.997,-0.0,0.072,0.0
116,1776071589.0954356,0.0,-0.18827101538061394,-0.5425177400443603,-0.0,2.016,-0.0,0.146,0.997,-0.0,0.073,0.0
117,1776071589.1035738,0.0,-0.19129955057723488,-0.549503971271921,-0.0,2.016,-0.0,0.147,0.997,-0.0,0.074,0.0
118,1776071589.1118014,0.0,-0.1925534755772349,-0.5685117900184995,-0.0,2.016,-0.0,0.149,0.997,-0.0,0.074,0.0
119,1776071589.1215427,0.0,-0.19345202593894165,-0.5390523506987832,-0.0,2.017,-0.0,0.151,0.997,-0.0,0.075,0.0
120,1776071589.1287434,0.0,-0.19623130743865258,-0.5381577269562148,-0.0,2.017,-0.0,0.152,0.997,-0.0,0.076,0.0
121,1776071589.1370034,0.0,-0.19572973743865255,-0.5313524619860492,-0.0,2.017,-0.0,0.153,0.997,-0.0,0.076,0.0
122,1776071589.1452715,0.0,-0.20503021107858874,-0.6321208673581481,-0.0,2.017,-0.0,0.154,0.997,-0.0,0.077,0.0
123,1776071589.1538775,0.0,-0.20053830289074004,-0.5246409638341523,-0.0,2.017,-0.0,0.156,0.997,-0.0,0.078,0.0
124,1776071589.1625853,0.0,-0.20081211393733495,-0.4886765354745084,-0.0,2.017,-0.0,0.157,0.997,-0.0,0.079,0.0
125,1776071589.1762166,0.0,-0.20081211393733495,-0.48718756391960916,-0.0,2.017,-0.0,0.157,0.997,-0.0,0.079,0.0
126,1776071589.1912944,0.0,-0.20306917893733492,-0.51978657380009,-0.0,2.017,-0.0,0.158,0.997,-0.0,0.079,0.0
127,1776071589.2035646,0.0,-0.20472405031131313,-0.504318935741924,-0.0,2.018,-0.0,0.161,0.997,-0.0,0.08,0.0
128,1776071589.212094,0.0,-0.20725656813680227,-0.5018481410053297,-0.0,2.018,-0.0,0.162,0.997,-0.0,0.081,0.0
129,1776071589.220305,0.0,-0.21631033356959709,-0.5911958740498828,-0.0,2.018,-0.0,0.165,0.997,-0.0,0.082,0.0
130,1776071589.2295165,0.0,-0.22060003279764281,-0.6086275218024357,-0.0,2.018,0.0,0.167,0.997,-0.0,0.083,0.0
131,1776071589.2373588,0.0,-0.2200383774326328,-0.5653765862849933,-0.0,2.019,0.0,0.169,0.996,-0.0,0.084,0.0
132,1776071589.2451925,0.0,-0.22939647641297142,-0.582227020983499,-0.0,2.019,0.0,0.174,0.996,-0.0,0.087,0.0
133,1776071589.2538755,0.0,-0.23908076751740034,-0.6638876367426053,-0.0,2.02,0.0,0.176,0.996,-0.0,0.088,0.0
134,1776071589.262315,0.0,-0.23130643251740032,-0.5699989243525114,-0.0,2.02,0.0,0.177,0.996,-0.0,0.088,0.0
135,1776071589.2702916,0.0,-0.23312096246424496,-0.5283241598290949,-0.0,2.02,0.0,0.179,0.996,-0.0,0.09,0.0
136,1776071589.2786763,0.0,-0.23591051412123626,-0.5294063172082004,-0.0,2.02,0.0,0.182,0.996,-0.0,0.091,0.0
137,1776071589.2867174,0.0,-0.239328903837435,-0.5354107252540659,-0.0,2.021,0.0,0.184,0.996,-0.0,0.092,0.0
138,1776071589.2954266,0.0,-0.2421203631115714,-0.5355044920723343,-0.0,2.021,0.0,0.186,0.996,-0.0,0.093,0.0
139,1776071589.3035583,0.0,-0.24466200847988914,-0.5320518741540445,-0.0,2.021,0.0,0.188,0.996,-0.0,0.094,0.0
140,1776071589.3120658,0.0,-0.24695385151667268,-0.5280049084234243,-0.0,2.021,0.0,0.189,0.996,-0.0,0.095,0.0
141,1776071589.3202069,0.0,-0.2470883940621988,-0.5261284614991604,-0.0,2.022,0.0,0.191,0.995,-0.0,0.095,0.0
142,1776071589.328459,0.0,-0.25238800179824955,-0.5494707504793103,-0.0,2.022,0.0,0.193,0.995,-0.0,0.096,0.0
143,1776071589.3366587,0.0,-0.25267291232610595,-0.5237514335808344,-0.0,2.022,0.0,0.194,0.995,-0.0,0.097,0.0
144,1776071589.345124,0.0,-0.2550914372983453,-0.5191166874170254,-0.0,2.023,0.0,0.196,0.995,-0.0,0.098,0.0
145,1776071589.3535068,0.0,-0.2573485022983453,-0.5355599446087411,-0.0,2.023,0.0,0.197,0.995,-0.0,0.098,0.0
146,1776071589.3618312,0.0,-0.2618987984075235,-0.548657122127723,-0.0,2.023,0.0,0.199,0.995,-0.0,0.099,0.0
147,1776071589.3699968,0.0,-0.26519620738672006,-0.5483568461974849,-0.0,2.023,0.0,0.201,0.995,-0.0,0.1,-0.0
148,1776071589.37861,0.0,-0.2713796210100899,-0.5724872206746476,-0.0,2.024,0.0,0.203,0.995,-0.0,0.101,-0.0
149,1776071589.386793,0.0,-0.2757226694946814,-0.5611537477862285,-0.0,2.024,0.0,0.205,0.995,-0.0,0.103,-0.0
150,1776071589.395239,0.0,-0.28040459311461086,-0.5687343268261198,-0.0,2.025,0.0,0.207,0.995,-0.0,0.104,-0.0
151,1776071589.4034836,0.0,-0.2854628638972653,-0.5798612906025694,-0.0,2.025,0.0,0.209,0.995,-0.0,0.105,-0.0
152,1776071589.4125578,0.0,-0.28485941940382054,-0.5547363215164242,-0.0,2.026,0.0,0.211,0.994,-0.0,0.106,-0.0
153,1776071589.4200811,0.0,-0.29242508457954514,-0.5804428669876127,-0.0,2.026,0.0,0.213,0.994,-0.0,0.107,-0.0
154,1776071589.42904,0.0,-0.2905883694407761,-0.5486191711768578,-0.0,2.027,0.0,0.215,0.994,-0.0,0.108,-0.0
155,1776071589.4401195,0.0,-0.2905883694407761,-0.5471301996219584,-0.0,2.027,0.0,0.215,0.994,-0.0,0.108,-0.0
156,1776071589.4528422,0.0,-0.2915114310692181,-0.531856299248475,-0.0,2.028,0.0,0.217,0.994,-0.0,0.109,-0.0
157,1776071589.4614022,0.0,-0.28624494606921813,-0.5016087744317459,-0.0,2.028,0.0,0.219,0.994,-0.0,0.109,-0.0
158,1776071589.4695892,0.0,-0.29582031659258023,-0.533025656066707,-0.0,2.028,0.0,0.22,0.994,-0.0,0.11,-0.0
159,1776071589.4754727,0.0,-0.2954917731851738,-0.5153874992021847,-0.0,2.029,0.0,0.222,0.994,-0.0,0.111,-0.0
160,1776071589.4874966,0.0,-0.3078281230685164,-0.5566554495498077,-0.0,2.029,0.0,0.223,0.994,-0.0,0.112,-0.0
161,1776071589.4961457,0.0,-0.3063743435119414,-0.5317307855274866,-0.0,2.031,0.0,0.226,0.994,-0.0,0.113,-0.0
162,1776071589.5035841,0.0,-0.3066327434218148,-0.5207913553875743,-0.0,2.031,0.0,0.228,0.993,-0.0,0.114,-0.0
163,1776071589.5118577,0.0,-0.31232511171861715,-0.5309299286031866,-0.0,2.032,0.0,0.229,0.993,-0.0,0.115,-0.0
164,1776071589.5204403,0.0,-0.30956647671861715,-0.5168381564752222,-0.0,2.032,0.0,0.231,0.993,-0.0,0.115,-0.0
165,1776071589.5287633,0.0,-0.3217804787714823,-0.5514073800982354,-0.0,2.033,0.0,0.232,0.993,-0.0,0.116,-0.0
166,1776071589.5370474,0.0,-0.31982543700376564,-0.5304165761818374,-0.0,2.033,0.0,0.233,0.993,-0.0,0.117,-0.0
167,1776071589.5454028,0.0,-0.31581287700376565,-0.5141542852475167,-0.0,2.033,0.0,0.234,0.993,-0.0,0.117,-0.0
168,1776071589.554122,0.0,-0.32226130888949345,-0.5256752917724725,-0.0,2.034,0.0,0.236,0.993,-0.0,0.118,-0.0
169,1776071589.5628762,0.000250785,-0.3415010369540037,-0.582704952060354,-0.0,2.035,0.0,0.237,0.993,-0.0,0.119,-0.0
170,1776071589.5706403,0.0,-0.3249492269540037,-0.5205399646146014,-0.0,2.035,0.0,0.239,0.993,-0.0,0.119,-0.0
171,1776071589.5790372,0.0,-0.3330875319811745,-0.5267446777242909,-0.0,2.037,0.0,0.242,0.993,-0.0,0.121,-0.0
172,1776071589.586699,0.000250785,-0.3488201292569293,-0.5672245425749008,-0.0,2.038,0.0,0.243,0.993,-0.0,0.122,-0.0
173,1776071589.5951924,0.0,-0.3351449685599408,-0.5115645441690757,-0.0,2.039,0.0,0.246,0.992,-0.0,0.123,-0.0
174,1776071589.603571,0.0,-0.3391493811267601,-0.5059479748235713,-0.0,2.04,0.0,0.249,0.992,0.0,0.125,-0.0
175,1776071589.6116657,0.0,-0.34685942249009755,-0.5186511095940467,-0.0,2.041,0.0,0.251,0.992,0.0,0.126,-0.0
176,1776071589.6206622,0.0,-0.34685942249009755,-0.5171621380391475,-0.0,2.041,0.0,0.251,0.992,0.0,0.126,-0.0
177,1776071589.630338,0.0,-0.3577694974900975,-0.5470028486800831,-0.0,2.042,0.0,0.252,0.992,0.0,0.126,-0.0
178,1776071589.6397436,0.0,-0.347675162772458,-0.5076923406477052,-0.0,2.043,0.0,0.254,0.992,0.0,0.127,-0.0
179,1776071589.6475015,0.0,-0.3734444549442908,-0.5720150754725271,-0.0,2.044,0.0,0.256,0.992,0.0,0.128,-0.0
180,1776071589.654428,0.0,-0.34905813203380553,-0.49349403027418537,-0.0,2.045,0.0,0.257,0.992,0.0,0.129,-0.0
181,1776071589.6632435,0.0,-0.3670956394401248,-0.5343745052524436,-0.0,2.047,0.0,0.26,0.991,0.0,0.13,-0.0
182,1776071589.670268,0.0,-0.3882258937658009,-0.5825414873885005,-0.0,2.047,0.0,0.262,0.991,0.0,0.131,-0.0
183,1776071589.6797287,0.0,-0.3728692778334024,-0.5316034345856113,-0.0,2.048,0.0,0.263,0.991,0.0,0.132,-0.0
184,1776071589.687784,0.0,-0.386103584861229,-0.5573099800567998,-0.0,2.049,0.0,0.265,0.991,0.0,0.133,-0.0
185,1776071589.6952865,0.0,-0.3702482781286259,-0.5071600127509233,-0.0,2.05,0.0,0.266,0.991,0.0,0.134,-0.0
186,1776071589.7036889,0.0,-0.38662123097672935,-0.5393715472620393,-0.0,2.052,0.0,0.269,0.991,0.0,0.135,-0.0
187,1776071589.7126734,0.0,-0.3772892668092174,-0.5071538087027778,-0.0,2.053,0.0,0.271,0.991,0.0,0.136,-0.0
188,1776071589.7213376,0.0,-0.39943323409307296,-0.5523687539146072,-0.0,2.055,0.0,0.274,0.991,0.0,0.137,-0.0
189,1776071589.7316546,0.0,-0.4040393057598125,-0.5552208199724209,-0.0,2.056,0.0,0.276,0.99,0.0,0.138,-0.0
190,1776071589.7389228,0.0,-0.4186599171013161,-0.5801392799465965,-0.0,2.058,0.0,0.278,0.99,0.0,0.139,-0.0
191,1776071589.7475433,0.0,-0.4166039206856974,-0.5660475078186323,-0.0,2.059,0.0,0.28,0.99,0.0,0.14,-0.0
192,1776071589.7567787,0.0,-0.3921829643582728,-0.4963957081512569,-0.0,2.061,0.0,0.282,0.99,0.0,0.142,-0.0
193,1776071589.7664006,0.0,-0.42566368935827287,-0.5689933406947145,-0.0,2.062,0.0,0.284,0.99,0.0,0.142,-0.0
194,1776071589.7740154,0.0,-0.4060573920019847,-0.5170734647101298,-0.0,2.063,0.0,0.286,0.99,0.0,0.143,-0.0
195,1776071589.7811313,0.0,-0.421141168889843,-0.5360812834567086,-0.0,2.065,0.0,0.288,0.989,0.0,0.145,-0.0
196,1776071589.7879608,0.0,-0.4430426357371259,-0.5724269831375717,-0.0,2.067,0.0,0.29,0.989,0.0,0.146,-0.0
197,1776071589.7949748,0.0,-0.44814312165105474,-0.5731150977681706,-0.0,2.069,0.0,0.293,0.989,0.0,0.147,-0.0
198,1776071589.8035972,0.0,-0.4589384202425086,-0.5738097797779115,-0.0,2.073,0.0,0.298,0.989,0.0,0.15,-0.0
199,1776071589.811658,0.0,-0.44323034923762783,-0.5346995768093578,-0.0,2.075,0.0,0.301,0.989,0.0,0.151,-0.0
200,1776071589.8200488,0.0,-0.44192071664146193,-0.5249422749149646,-0.0,2.077,0.0,0.303,0.988,0.0,0.152,-0.0
201,1776071589.8283205,0.0,-0.4705693486575159,-0.5618823224081583,-0.0,2.08,0.0,0.306,0.988,0.0,0.154,-0.0
202,1776071589.8368776,0.0,-0.4601316872306039,-0.5363633105735066,-0.0,2.082,0.0,0.308,0.988,0.0,0.155,-0.0
203,1776071589.8450313,0.0,-0.48982136369418927,-0.5776378283002714,-0.0,2.084,0.0,0.311,0.988,0.0,0.156,-0.0
204,1776071589.8534837,-0.0026055643556745804,-0.4998270977821589,-0.585612450088669,0.00016514112128842383,2.087,0.0,0.313,0.988,0.001,0.157,-0.0
205,1776071589.8619065,-0.002857177462772381,-0.5034963683727292,-0.5788137524976453,0.0001674674850326024,2.09,0.0,0.316,0.987,0.001,0.159,-0.0
206,1776071589.8710105,-0.002857177462772381,-0.49647438837272906,-0.5657038035513765,0.0001674674850326024,2.09,0.0,0.317,0.987,0.001,0.159,-0.0
207,1776071589.882958,-0.002858930073543338,-0.5046007218219016,-0.5693439551062032,0.000168634057686915,2.092,0.0,0.319,0.987,0.001,0.16,-0.0
208,1776071589.8952777,-0.0028624754515773256,-0.49527875259244214,-0.5424490773413498,0.0001709740812632014,2.096,0.0,0.322,0.987,0.001,0.162,-0.0
209,1776071589.9088721,-0.00261348331839644,-0.4719379601657991,-0.5017627033787702,0.00017214757119767514,2.099,0.0,0.325,0.987,0.001,0.163,-0.0
210,1776071589.9212184,-0.002865243087603249,-0.5211240096591184,-0.5556465890577418,0.00017450160573298255,2.103,0.0,0.328,0.986,0.001,0.165,-0.0
211,1776071589.9315672,-0.002867074807228676,-0.5015476244608192,-0.5232351128137979,0.0001756821900253963,2.106,0.0,0.331,0.986,0.001,0.166,-0.0
212,1776071589.9400225,-0.0028707792775918397,-0.5287303943973051,-0.546971444542454,0.00017805059275879752,2.109,0.0,0.333,0.986,0.001,0.168,-0.0
213,1776071589.9463944,-0.0028707792775918397,-0.5387636493973051,-0.5569162800733842,0.00017805059275879752,2.111,0.0,0.335,0.986,0.001,0.168,-0.0
214,1776071589.953734,-0.002871877807728679,-0.5199851862175495,-0.5250925842626293,0.00018042877586602648,2.115,0.0,0.337,0.985,0.001,0.17,-0.0
215,1776071589.9624767,-0.002871877807728679,-0.5311460462175495,-0.536613590787585,0.00018042877586602648,2.116,0.0,0.339,0.985,0.001,0.17,-0.0
216,1776071589.9712236,-0.0028756889579768553,-0.5103139160766745,-0.5036077667313106,0.0001828169028426081,2.12,0.0,0.341,0.985,0.001,0.172,-0.0
217,1776071589.9790947,-0.0028756889579768553,-0.5209732060766745,-0.5141403826954295,0.0001828169028426081,2.121,0.0,0.342,0.985,0.001,0.172,-0.0
218,1776071589.9870462,-0.00287761545661666,-0.5061722921464,-0.49256179834584246,0.00018401474690982577,2.124,-0.0,0.344,0.985,0.001,0.173,-0.0
219,1776071589.9954696,-0.0031322955778507857,-0.6191468117366579,-0.6075223100433158,0.0001864181005499526,2.129,-0.0,0.347,0.985,0.001,0.175,-0.0
220,1776071590.003489,-0.003131591534524842,-0.5806848304053741,-0.5613193376016458,0.0001876236522428649,2.133,-0.0,0.35,0.984,0.001,0.176,-0.0
221,1776071590.0119607,-0.0031335724483328165,-0.5819391942403933,-0.5586548051803689,0.0001888318154791321,2.136,-0.0,0.352,0.984,0.001,0.177,-0.0
222,1776071590.0207188,-0.0031375770389658613,-0.5997501286100041,-0.5684059030266166,0.0001912560622510094,2.14,-0.0,0.355,0.984,0.001,0.179,-0.0
223,1776071590.0286098,-0.0031396008322893865,-0.616936477161453,-0.5789450863698773,0.00019247218895323935,2.144,-0.0,0.358,0.984,0.001,0.18,-0.0
224,1776071590.0369718,-0.003141006635199872,-0.5784725457994457,-0.5319540284311943,0.00019491255791781283,2.149,-0.0,0.361,0.983,0.001,0.182,-0.0
225,1776071590.045016,-0.0031451514188682345,-0.6267697261904293,-0.5669238621818556,0.00019736389446571397,2.154,-0.0,0.364,0.983,0.001,0.184,-0.0
226,1776071590.053953,-0.0031472457363873486,-0.6254055701565482,-0.5591367740299948,0.00019859373117019728,2.158,-0.0,0.366,0.983,0.001,0.185,-0.0
227,1776071590.06178,-0.0031493547532612104,-0.595327784428353,-0.5265249927222269,0.00019982637675784463,2.161,-0.0,0.368,0.983,0.001,0.186,-0.0
228,1776071590.070649,-0.0033974461857225603,-0.6604098436160076,-0.5809966588343872,0.00019982637675784463,2.164,-0.0,0.37,0.982,0.001,0.186,-0.0
229,1776071590.0790403,-0.0028979978038556117,-0.5739026627054543,-0.5010931803267019,0.00020106185385542383,2.165,-0.0,0.37,0.982,0.001,0.187,-0.0
230,1776071590.088121,-0.0033995678038556115,-0.6481368777054543,-0.5622635731634722,0.00020106185385542383,2.167,-0.0,0.372,0.982,0.001,0.187,-0.0
231,1776071590.0962565,-0.0034017042316283525,-0.6698484138678963,-0.5739783173731103,0.00020230018523528705,2.171,-0.0,0.373,0.982,0.001,0.188,-0.0
232,1776071590.1044912,-0.00315307053253566,-0.6153235344825541,-0.5236346123825517,0.00020354139381693654,2.175,-0.0,0.375,0.982,0.001,0.189,0.0
233,1776071590.1120176,-0.0031552367706629953,-0.6016769970415875,-0.5087547547575745,0.0002047855026686075,2.177,-0.0,0.377,0.982,0.001,0.19,0.0
234,1776071590.1208303,-0.0034076925598960656,-0.6546274905682911,-0.5415606370810211,0.00020728251420823847,2.185,-0.0,0.381,0.981,0.001,0.192,0.0
235,1776071590.1286933,-0.0031569075598960657,-0.6158821355682911,-0.5101244166396308,0.00020728251420823847,2.186,-0.0,0.381,0.981,0.001,0.192,0.0
236,1776071590.1366293,-0.0031613411206467584,-0.6135546012426575,-0.5017495480545813,0.00020979140743597048,2.193,-0.0,0.384,0.981,0.001,0.194,0.0
237,1776071590.1477492,-0.003414365744211999,-0.6888205743238132,-0.5534629149271963,0.00021105036897993694,2.196,-0.0,0.386,0.981,0.001,0.195,0.0
238,1776071590.155006,-0.0036674056865908895,-0.7195754783536148,-0.571682648176762,0.00021231237241758436,2.2,-0.0,0.388,0.981,0.001,0.196,0.0
239,1776071590.161894,-0.0031653878428043103,-0.6187648709272306,-0.4963205123456138,0.00021357744190408622,2.207,-0.0,0.391,0.98,0.001,0.197,0.0
240,1776071590.1718798,-0.0034184562983028454,-0.6891434873621622,-0.5429047561085032,0.0002148456017566568,2.209,-0.0,0.391,0.98,0.001,0.198,0.0
241,1776071590.1819437,-0.0034207552635887057,-0.661469411226722,-0.5197500007648903,0.0002161168764562992,2.213,-0.0,0.393,0.98,0.001,0.199,0.0
242,1776071590.1881537,-0.0031722848088050763,-0.6411968260557586,-0.5017178011518614,0.00021739129064957282,2.218,-0.0,0.395,0.98,0.001,0.2,0.0
243,1776071590.195153,-0.0036761850047448957,-0.7587320955115732,-0.5798320321744096,0.00021866886915038102,2.222,-0.0,0.397,0.98,0.001,0.201,0.0
244,1776071590.2041347,-0.0034250159403959274,-0.7015490836476335,-0.5369751394054735,0.00021994963694177888,2.227,-0.0,0.399,0.979,0.001,0.202,0.0
245,1776071590.2120647,-0.0036805353962764287,-0.7480351036491395,-0.5638703805013232,0.00022252084118531306,2.235,-0.0,0.403,0.979,0.001,0.204,0.0
246,1776071590.220779,-0.00062789,-0.6412507463258421,-0.4883079396063509,-0.0,2.24,-0.001,0.405,0.979,0.0,0.205,0.0
247,1776071590.2283554,-0.00062789,-0.661690651325842,-0.5008107693130022,-0.0,2.241,-0.001,0.406,0.979,0.0,0.205,0.0
248,1776071590.2366612,-0.00062789,-0.6779069294540743,-0.5058333541771721,-0.0,2.25,-0.001,0.409,0.978,0.0,0.207,0.0
249,1776071590.2452981,-0.00112946,-0.7753209297831717,-0.5638579724050323,-0.0,2.258,-0.001,0.413,0.978,0.0,0.209,0.0
250,1776071590.2537823,-0.00112946,-0.7668555918934554,-0.5558771465684893,-0.0,2.265,-0.001,0.416,0.978,0.0,0.21,0.0
251,1776071590.2626743,-0.00112946,-0.7549271682515399,-0.5453317591770832,-0.0,2.271,-0.001,0.418,0.977,0.0,0.211,0.0
252,1776071590.2704055,-0.00112946,-0.791037451704245,-0.5625696692449538,-0.0,2.278,-0.001,0.421,0.977,0.0,0.213,0.0
253,1776071590.278911,-0.000878675,-0.7650224857155764,-0.5425672558893926,-0.0,2.283,-0.001,0.423,0.977,0.0,0.214,0.0
254,1776071590.286783,-0.00112946,-0.7847775249812134,-0.5503415726139662,-0.0,2.287,-0.001,0.424,0.977,0.0,0.215,0.0
255,1776071590.295418,-0.00112946,-0.8274586537697439,-0.5697500014881931,-0.0,2.297,-0.001,0.428,0.976,0.0,0.217,0.0
256,1776071590.3037271,-0.00112946,-0.8381938981151307,-0.5704381161187921,-0.0,2.305,-0.001,0.431,0.976,0.0,0.218,0.0
257,1776071590.3117466,-0.001380245,-0.8582090752689772,-0.5764425241646576,-0.0,2.311,-0.001,0.433,0.976,0.0,0.219,0.0
258,1776071590.3202598,-0.000878675,-0.7454015743634045,-0.5071847672457885,-0.0,2.317,-0.001,0.435,0.975,0.0,0.221,0.0
259,1776071590.3288646,-0.00112946,-0.8190915329787504,-0.5421546009964499,-0.0,2.325,-0.001,0.438,0.975,0.0,0.222,0.0
260,1776071590.3368666,-0.00112946,-0.8115281137092976,-0.5339734700960826,-0.0,2.331,-0.001,0.44,0.975,-0.0,0.223,0.0
261,1776071590.3459165,-0.0020079167138905714,-0.9182878094549466,-0.5835228855414831,0.001083728113730285,2.34,-0.001,0.443,0.974,-0.0,0.225,0.001
262,1776071590.353451,-0.0017605547422411977,-0.860823297049769,-0.5501230187367021,0.001084816852436542,2.346,-0.001,0.445,0.974,-0.0,0.226,0.001
263,1776071590.361689,-0.0017639874849382656,-0.8355884779016779,-0.5332729473691928,0.0010859126235909866,2.353,-0.001,0.447,0.974,-0.0,0.227,0.001
264,1776071590.3700116,-0.0015166450174215074,-0.7954357941323826,-0.5091363688438847,0.001087015463200545,2.361,-0.001,0.45,0.974,-0.0,0.228,0.001
265,1776071590.3783498,-0.0015200974156992391,-0.8498165935256818,-0.5316905723270215,0.0010870082392532695,2.368,-0.001,0.452,0.973,-0.0,0.229,0.001
266,1776071590.386659,-0.002279387116552199,-1.0540280795300285,-0.6226144763656005,0.001089247288369836,2.377,-0.001,0.455,0.973,-0.0,0.231,0.001
267,1776071590.395154,-0.0017812995740440127,-0.8950135222315643,-0.5442937362310829,0.0010903776069587602,2.387,-0.001,0.457,0.973,-0.0,0.232,0.001
268,1776071590.4036405,-0.0015340072071764622,-0.8799214155398078,-0.5343426966520075,0.0010903933713741296,2.394,-0.001,0.46,0.972,-0.0,0.233,0.001
269,1776071590.4118133,-0.0017918083167596005,-0.9151189903632746,-0.5442875321829375,0.001092688031020364,2.401,-0.001,0.462,0.972,-0.0,0.235,0.001
270,1776071590.4205658,-0.0015445469529340422,-0.8618161657141568,-0.5171923493542601,0.001093846372110534,2.408,-0.001,0.464,0.972,-0.0,0.236,0.001
271,1776071590.4289293,-0.0017953319529340423,-0.9176186107141568,-0.5389518999612422,0.001093846372110534,2.411,-0.001,0.464,0.972,-0.0,0.236,0.001
272,1776071590.436925,-0.0017988660842102571,-0.9337844743373966,-0.5425920515160688,0.0010950121060189072,2.416,-0.001,0.466,0.972,-0.0,0.237,0.001
273,1776071590.4453752,0.0009425200134417287,-0.9716006938629542,-0.5533315399231535,0.0008264119389923934,2.431,-0.001,0.47,0.971,-0.001,0.239,0.001
274,1776071590.453334,0.0011927147771241327,-0.889845478171012,-0.515991245633308,0.000826176522464954,2.441,-0.001,0.472,0.971,-0.001,0.24,0.001
275,1776071590.4616508,0.0011887187785496757,-0.9406971237808907,-0.5324410702041655,0.0008245827132058375,2.452,-0.001,0.475,0.97,-0.001,0.242,0.001
276,1776071590.4703374,0.0009373647516165691,-1.0427714264355317,-0.5699688981305481,0.0008243557560691485,2.46,-0.001,0.477,0.97,-0.001,0.243,0.001
277,1776071590.4788284,0.0009373647516165691,-1.0427714264355317,-0.5684799265756488,0.0008243557560691485,2.46,-0.001,0.477,0.97,-0.001,0.243,0.001
278,1776071590.4873834,0.0011875888537373513,-0.9936274717778667,-0.5459195190443666,0.0008241320412162378,2.47,-0.001,0.48,0.97,-0.001,0.244,0.001
279,1776071590.4956057,0.001187036104256751,-1.0212232846961355,-0.5532997930204338,0.0008239115763627756,2.476,-0.001,0.481,0.97,-0.001,0.245,0.001
280,1776071590.5046859,0.0011836390880293661,-1.0126336360803254,-0.5468885707987747,0.0008225566719963968,2.481,-0.001,0.482,0.969,-0.001,0.246,0.001
281,1776071590.5159924,0.0011830994912356693,-1.0028709601549264,-0.5389077449622315,0.0008223414531093129,2.493,-0.001,0.485,0.969,-0.001,0.247,0.001
282,1776071590.5254548,0.0016841380824933385,-0.8601918543507042,-0.48265339874407587,0.0008221295000372282,2.501,-0.001,0.487,0.969,-0.001,0.248,0.001
283,1776071590.5337374,0.0014299677764814628,-0.967965544505051,-0.5193931411734454,0.000820779266305625,2.51,-0.001,0.489,0.968,-0.001,0.249,0.001
284,1776071590.5409687,0.0013031295411567035,-0.9276078644274867,-0.5021490270574295,0.0008205725674683724,2.516,-0.002,0.491,0.968,-0.001,0.25,0.001
285,1776071590.5473998,0.0015534045357004245,-0.8725854382222128,-0.4797823572108295,0.00082036915112493,2.525,-0.002,0.493,0.968,-0.001,0.251,0.001
286,1776071590.5548236,0.0010513327814404207,-1.0821446070372638,-0.5511978615087678,0.0008201690257819164,2.534,-0.002,0.495,0.968,-0.001,0.252,0.001
287,1776071590.5616524,0.001047475478382985,-1.1338888297283445,-0.5658712100217753,0.0008186305354112097,2.546,-0.002,0.497,0.967,-0.001,0.254,0.001
288,1776071590.5701885,0.0012973083210462255,-1.132830862318147,-0.5640013304766534,0.0008182507662118002,2.561,-0.002,0.501,0.967,-0.001,0.256,0.001
289,1776071590.5788598,0.0012939559388084599,-1.211005978258,-0.5891200955146532,0.0008169136641705728,2.574,-0.002,0.504,0.966,-0.001,0.257,0.001
290,1776071590.587512,0.001544282293169757,-1.1009539847710286,-0.5482334164882493,0.0008167307327575611,2.584,-0.002,0.506,0.966,-0.001,0.258,0.001
291,1776071590.5951443,0.0015438320142073518,-1.0794326762301258,-0.5372939863483369,0.0008165511384043363,2.594,-0.002,0.508,0.966,-0.001,0.259,0.001
292,1776071590.6036084,0.00434114341526332,-1.1565208329715275,-0.5572901956557526,0.0005128761416764517,2.61,-0.002,0.511,0.965,-0.002,0.261,0.001
293,1776071590.612533,0.004344111067586396,-1.2529980967676375,-0.5857550403664864,0.0005111797085380127,2.617,-0.002,0.513,0.965,-0.002,0.262,0.001
294,1776071590.620263,0.004350135688894479,-1.067027549475639,-0.520437710932682,0.0005077815513300982,2.631,-0.002,0.515,0.965,-0.002,0.264,0.001
295,1776071590.6285727,0.004598144243555583,-1.0358549505303334,-0.5071405916808726,0.0005049163658974244,2.648,-0.002,0.519,0.964,-0.002,0.265,0.001
296,1776071590.636809,0.0046043349994922215,-1.2748513693260932,-0.5757977967392656,0.0005015043453650115,2.659,-0.002,0.521,0.964,-0.002,0.267,0.001
297,1776071590.6452713,0.004601620464362793,-1.1800977586346304,-0.5445684487408412,0.0004986277321736007,2.673,-0.002,0.524,0.963,-0.002,0.268,0.001
298,1776071590.653762,0.004604784682903059,-1.187066831757133,-0.5430860445650837,0.0004969154519428151,2.684,-0.002,0.526,0.963,-0.002,0.269,0.001
299,1776071590.6621544,0.004858764619184889,-1.2306543652128976,-0.5526368373475072,0.000495201184846528,2.695,-0.002,0.528,0.963,-0.002,0.27,0.001
300,1776071590.6701925,0.004861990434593119,-1.155115484213134,-0.5284936914430575,0.0004934848992399326,2.698,-0.002,0.529,0.963,-0.002,0.271,0.001
301,1776071590.6784594,0.004856112734640496,-1.0597805486021292,-0.4992279898080235,0.0004923127268410994,2.706,-0.002,0.53,0.962,-0.002,0.271,0.001
302,1776071590.6869178,0.004862642626676542,-1.2481522866388002,-0.548777405253424,0.0004888709749659502,2.721,-0.002,0.533,0.962,-0.002,0.273,0.001
303,1776071590.69498,0.004865954479148852,-1.2433499414755966,-0.5445367018381213,0.00048714692897736247,2.732,-0.002,0.535,0.962,-0.002,0.274,0.001
304,1776071590.7037637,0.004866757207215138,-1.181775060883248,-0.5241402457340538,0.000482512597282774,2.748,-0.002,0.537,0.961,-0.002,0.276,0.001
305,1776071590.711877,0.005371726324961103,-1.3715935144936862,-0.5736896611794542,0.00048078044104553016,2.763,-0.002,0.54,0.961,-0.002,0.277,0.001
306,1776071590.72042,0.00512437240327688,-1.2129474928467043,-0.5280744691709729,0.0004790460192778166,2.775,-0.002,0.542,0.961,-0.002,0.278,0.001
307,1776071590.7283955,0.005125384307328765,-1.173074497485183,-0.5145770448553393,0.000474384284567112,2.792,-0.002,0.545,0.96,-0.002,0.28,0.001
308,1776071590.7371352,0.005128904400010256,-1.1363218908389228,-0.5026557915337315,0.0004726412835117987,2.808,-0.002,0.548,0.96,-0.002,0.281,0.001
309,1776071590.7450716,0.00525281438177735,-1.1047478077139916,-0.49250444689083195,0.00046970674095304595,2.82,-0.001,0.55,0.959,-0.002,0.282,0.001
310,1776071590.7533433,0.005757961876374565,-1.3673047682284625,-0.5593851758913748,0.00046795728281342146,2.829,-0.001,0.551,0.959,-0.002,0.283,0.001
311,1776071590.761697,0.006016000862610265,-1.4968171343748669,-0.5919907531509974,0.00046445085907437044,2.846,-0.001,0.554,0.959,-0.002,0.285,0.001
312,1776071590.7702527,0.0057628976008240185,-1.2931969634082723,-0.5367182301145371,0.00046149823218146326,2.854,-0.001,0.555,0.958,-0.002,0.286,0.001
313,1776071590.77867,0.005766599739662801,-1.265491443768986,-0.5275552760324747,0.0004597369582940182,2.872,-0.001,0.558,0.958,-0.002,0.287,0.001
314,1776071590.7868118,0.006018870171952739,-1.4045683289767539,-0.5601608532920972,0.0004550059011288078,2.89,-0.001,0.561,0.957,-0.002,0.289,0.001
315,1776071590.7951527,0.006273450430520891,-1.4208797249419474,-0.5610427056073783,0.0004532349160989302,2.903,-0.001,0.563,0.957,-0.002,0.29,0.001
316,1776071590.8034687,0.006026494861906366,-1.304907390055171,-0.5294193148604475,0.0004514611672157259,2.917,-0.001,0.566,0.957,-0.002,0.291,0.001
317,1776071590.8122737,0.006028203244865209,-1.325121887845669,-0.5308955149880594,0.0004466979374148635,2.935,-0.001,0.569,0.956,-0.002,0.293,0.001
318,1776071590.8205924,0.006282912804784087,-1.386968907310137,-0.5424165215130154,0.0004449139585423481,2.953,-0.001,0.571,0.956,-0.002,0.294,0.001
319,1776071590.8283768,0.006284787179394633,-1.385617717845136,-0.5395582514070563,0.0004401247217325474,2.967,-0.001,0.574,0.955,-0.002,0.296,0.001
320,1776071590.8369336,0.005787238391811117,-1.2228932792737708,-0.4982775296321462,0.0004383301045676715,2.982,-0.001,0.576,0.955,-0.002,0.297,0.001
321,1776071590.8456333,0.006286767804336177,-1.331872014587101,-0.5222141664246265,0.00043531646730277015,3.001,-0.001,0.579,0.954,-0.002,0.298,0.001
322,1776071590.8536954,0.006796540806820728,-1.5412225569480529,-0.5684109348181511,0.0004317082627425924,3.016,-0.001,0.581,0.954,-0.002,0.3,0.001
323,1776071590.8620014,0.006800696338824294,-1.4626498062788635,-0.5480144787140835,0.00042989940505432415,3.03,-0.001,0.583,0.954,-0.002,0.301,0.001
324,1776071590.8699625,0.006802974377303841,-1.4846440876123588,-0.5506728070872149,0.0004250470570228598,3.05,-0.001,0.586,0.953,-0.002,0.303,0.001
325,1776071590.8782716,0.007058015371988108,-1.5719763700117182,-0.5681044548397678,0.00042322657913168213,3.065,-0.001,0.588,0.953,-0.002,0.304,0.001
326,1776071590.886656,0.00730693275696603,-1.6245235512958651,-0.5770674671890024,0.0004201741628394824,3.086,-0.001,0.591,0.952,-0.002,0.305,0.001
327,1776071590.8949678,0.007566396735587904,-1.6394439814200115,-0.5757853680770693,0.00041651253458672836,3.106,-0.001,0.594,0.952,-0.002,0.307,0.001
328,1776071590.9033267,0.0068122489549255795,-1.4207591728123667,-0.5242595348409911,0.00041344233854051504,3.122,-0.001,0.596,0.951,-0.002,0.308,0.001
329,1776071590.9116821,0.006570350116078994,-1.4118718074971293,-0.5184426604316625,0.00040975581259201785,3.138,-0.001,0.598,0.951,-0.002,0.31,0.001
330,1776071590.9202635,0.006945738412563954,-1.4375783119403411,-0.520312903307781,0.0004066672713048652,3.159,-0.0,0.601,0.95,-0.002,0.311,0.001
331,1776071590.9287817,0.007201052559760696,-1.5213008945438968,-0.5349862518207886,0.00040481296490746794,3.175,-0.0,0.603,0.95,-0.002,0.312,0.001
332,1776071590.937266,0.007707190361564903,-1.5916069782300548,-0.5472953438427575,0.00040295491611945115,3.186,-0.0,0.605,0.95,-0.002,0.313,0.001
333,1776071590.945457,0.0077055510256868074,-1.634233594911006,-0.5536937946371294,0.00039984744953602786,3.202,-0.0,0.607,0.949,-0.002,0.314,0.001
334,1776071590.953701,0.007714862487717023,-1.6101019121541398,-0.5453189260520797,0.0003961083083833027,3.23,-0.0,0.61,0.949,-0.002,0.316,0.001
335,1776071590.9619722,0.007718046740642372,-1.591004981238682,-0.538520228461056,0.00039109988889878043,3.252,-0.0,0.613,0.948,-0.002,0.318,0.001
336,1776071590.9700103,0.007221261683973745,-1.4802716869358312,-0.5141833448719237,0.000389214411212662,3.269,-0.0,0.615,0.948,-0.002,0.319,0.001
337,1776071590.9784694,0.008228705662303971,-1.5132314417518375,-0.5182175391752568,-0.0008048282787405284,3.286,0.0,0.617,0.947,-0.002,0.32,0.0
338,1776071590.9871023,0.00899070347727704,-1.671717035805852,-0.5466823838859907,-0.0008086470394334339,3.298,0.0,0.619,0.947,-0.002,0.321,0.0
339,1776071590.9951482,0.008753052332300141,-1.62417301701996,-0.5347611305643829,-0.0008163340578488821,3.327,0.0,0.622,0.946,-0.002,0.323,0.0
340,1776071591.003362,0.009274321158673403,-1.7342750705180743,-0.5531811688777727,-0.0008240880018108781,3.351,0.0,0.625,0.946,-0.002,0.325,0.0
341,1776071591.011693,0.011033392271725638,-2.076954627615865,-0.6147456044630495,-0.0008279904247806226,3.368,0.0,0.627,0.945,-0.002,0.326,0.0
342,1776071591.0211008,0.00867192032287965,-1.528895952632553,-0.5106183479909294,-0.0008358468932494354,3.393,0.001,0.63,0.945,-0.002,0.328,0.0
343,1776071591.0285091,0.008926431117713955,-1.6013471640176982,-0.5211509639550481,-0.0008398012314285288,3.405,0.001,0.631,0.944,-0.002,0.329,0.0
344,1776071591.0369966,0.0074154873668376186,-1.9093413780171522,-0.5734586786399938,-0.0004218868853043172,3.423,0.001,0.634,0.944,-0.001,0.33,0.0
345,1776071591.0449963,0.004912759974771561,-1.37357620464611,-0.47582984382865956,-0.00042388173402645467,3.442,0.001,0.636,0.944,-0.001,0.331,0.0
346,1776071591.0533912,0.005416269339821279,-1.5172531285726227,-0.49877809006030294,-0.0004258855338832887,3.46,0.001,0.638,0.943,-0.001,0.332,-0.0
347,1776071591.0619495,0.005426669285490595,-1.5165825047140964,-0.4957195148905196,-0.0004299202944161655,3.486,0.001,0.64,0.943,-0.001,0.334,-0.0
348,1776071591.0699914,0.00593025684358566,-1.6521071312539564,-0.518079980688974,-0.00043195141081816304,3.505,0.001,0.643,0.942,-0.001,0.335,-0.0
349,1776071591.0785685,0.005439278333613997,-1.526193789316049,-0.4949252253453612,-0.00043604151137882397,3.53,0.001,0.645,0.942,-0.001,0.337,-0.0
350,1776071591.0867717,0.00644451584958807,-1.726795420459643,-0.5289066685351855,-0.00043810065624715826,3.55,0.001,0.647,0.941,-0.001,0.338,-0.0
351,1776071591.0950963,0.005702948128054399,-1.6210971290927165,-0.5098926457404614,-0.0004422475433607598,3.576,0.001,0.65,0.941,-0.001,0.34,-0.0
352,1776071591.1036015,0.007447049065794759,-1.7098428370379564,-0.5251603420657996,-0.0016691883638300733,3.596,0.002,0.653,0.94,-0.001,0.341,-0.001
353,1776071591.1118033,0.007214515950704078,-1.6698815054795446,-0.517573558977763,-0.00167646815200386,3.623,0.002,0.656,0.939,-0.001,0.343,-0.001
354,1776071591.1202176,0.006974581336194949,-1.594730639625321,-0.5024933962889617,-0.0016807958424517185,3.637,0.002,0.657,0.939,-0.001,0.344,-0.001
355,1776071591.1283708,0.006985493032975478,-1.622664396223106,-0.5065275905922948,-0.0016851479869876668,3.657,0.002,0.659,0.939,-0.001,0.345,-0.001
356,1776071591.137005,0.005160382841256182,-1.905862185601474,-0.5552889205406824,-0.001235541097999498,3.685,0.002,0.662,0.938,-0.0,0.347,-0.001
357,1776071591.1454585,0.005422014999018735,-1.9789030882433374,-0.5679986226902993,-0.0012387665757671344,3.713,0.002,0.666,0.937,-0.0,0.349,-0.001
358,1776071591.15401,0.0046751228126596794,-1.8444758588852352,-0.5428736536041541,-0.0012410603415341048,3.734,0.002,0.668,0.937,-0.0,0.35,-0.001
359,1776071591.1621065,0.0051821820926040004,-1.9450024624638929,-0.5587291303626811,-0.0012420422544020188,3.756,0.002,0.67,0.936,-0.0,0.351,-0.001
360,1776071591.1707227,0.006697950996268083,-2.322631527030656,-0.6214822615726191,-0.0012453689049913101,3.785,0.002,0.674,0.935,0.0,0.353,-0.001
361,1776071591.1792274,0.00583229862612189,-2.1091006699027672,-0.5807958876100395,-0.0012500842997371186,3.814,0.003,0.677,0.935,0.0,0.355,-0.001
362,1776071591.1872318,0.004082428823894327,-1.7376978171760005,-0.515278253112411,-0.0012524654792878751,3.821,0.003,0.678,0.935,0.0,0.356,-0.001
363,1776071591.1950464,0.005802284222933848,-1.8554175822257497,-0.5309399921862556,-0.0025118659571869615,3.851,0.003,0.681,0.934,0.0,0.358,-0.002
364,1776071591.2037022,0.0026674904442321834,-1.8989298567391366,-0.5326164973776917,-0.002032948116572182,3.895,0.003,0.685,0.933,0.001,0.36,-0.002
365,1776071591.2119083,0.004186367574836054,-2.275345673685033,-0.5880765540506889,-0.002035483887542283,3.926,0.003,0.688,0.932,0.001,0.362,-0.002
366,1776071591.2200894,0.003194079833679594,-2.013750274608931,-0.5446318808485642,-0.002040804993497559,3.949,0.003,0.691,0.932,0.001,0.364,-0.002
367,1776071591.2284946,0.0026959209612502934,-1.9145908760865806,-0.5275815044172306,-0.0020380839503336004,3.964,0.003,0.692,0.931,0.001,0.364,-0.002
368,1776071591.2370493,0.0034592129508888704,-2.1189711069706814,-0.5544701781339386,-0.002043481136803937,3.987,0.003,0.694,0.931,0.001,0.366,-0.002
369,1776071591.2450006,0.003724446346991882,-2.204504633910829,-0.5638272332316798,-0.0020462236137034798,4.018,0.003,0.697,0.93,0.001,0.368,-0.002
370,1776071591.2535043,0.00461767219326682,-2.448046093795988,-0.5950569445611007,-0.0020490334100230377,4.057,0.004,0.701,0.929,0.001,0.37,-0.002
371,1776071591.262047,0.00016131273652289556,-2.2051966045124844,-0.5563407843410535,-0.0015375547477174158,4.089,0.004,0.704,0.928,0.002,0.372,-0.002
372,1776071591.2701106,0.0012052566735847947,-2.135969259816077,-0.5430370977101022,-0.0028237641160691464,4.113,0.004,0.706,0.928,0.002,0.373,-0.003
373,1776071591.278599,0.0019748603314277864,-2.40661164250718,-0.5756426749697248,-0.002825779812904554,4.146,0.004,0.709,0.927,0.002,0.375,-0.003
374,1776071591.286965,0.0004753118172564663,-1.962220330547788,-0.5122955592784526,-0.0028289089272801647,4.17,0.004,0.711,0.927,0.002,0.376,-0.003
375,1776071591.2949538,0.0012398417384618637,-2.253573265488737,-0.5478531734623029,-0.0028278755763950095,4.194,0.004,0.713,0.926,0.002,0.377,-0.003
376,1776071591.3034513,0.0002541281733044598,-1.960965876339888,-0.5067727567512168,-0.0028300525614594987,4.227,0.004,0.716,0.925,0.002,0.379,-0.003
377,1776071591.3122537,-0.003252426029221021,-1.9429480963553767,-0.5017439678389012,-0.0022989733683874526,4.261,0.004,0.718,0.925,0.003,0.38,-0.003
378,1776071591.3206165,-0.001989665503641652,-2.4119702231442064,-0.5589739331906067,-0.0022954493074512014,4.278,0.004,0.72,0.924,0.003,0.381,-0.003
379,1776071591.3287508,-0.002244051685968033,-2.2992870086518353,-0.5429119473201103,-0.0022968856437332614,4.303,0.004,0.722,0.924,0.003,0.383,-0.003
380,1776071591.336866,-0.0027368153519259815,-2.1866278425979497,-0.5272440041981201,-0.0022933732258798587,4.337,0.004,0.724,0.923,0.003,0.384,-0.003
381,1776071591.345088,-0.0017265497230207622,-2.1488694710652885,-0.5206456116709206,-0.0036040494020323152,4.38,0.005,0.728,0.922,0.003,0.386,-0.004
382,1776071591.3534765,-0.0009648296521819705,-2.5339281454504676,-0.5652662090704194,-0.003611429870274384,4.406,0.005,0.73,0.922,0.003,0.388,-0.004
383,1776071591.3618517,-0.0012001523631544764,-2.455749131558287,-0.5539327361820003,-0.0036094398856362725,4.441,0.005,0.732,0.921,0.003,0.389,-0.004
384,1776071591.3706057,-0.005505758033697559,-2.0292963848725885,-0.5006369942672141,-0.003048048832840443,4.476,0.005,0.735,0.92,0.004,0.391,-0.004
385,1776071591.3782976,-0.004756202113613206,-2.477915939072302,-0.5515622756428163,-0.0030491652495266454,4.503,0.005,0.737,0.92,0.004,0.392,-0.004
386,1776071591.3867166,-0.005499781986457184,-2.2450664874949244,-0.5217087935745937,-0.0030456652785805617,4.53,0.005,0.739,0.919,0.004,0.394,-0.004
387,1776071591.3953054,-0.00600428987610377,-1.9205361415533964,-0.4820042427937091,-0.0030468370597095448,4.557,0.005,0.741,0.919,0.004,0.395,-0.004
388,1776071591.4035714,-0.0057449098625931274,-2.1973108555047967,-0.5122455635622929,-0.0030434089273265507,4.594,0.005,0.744,0.918,0.004,0.397,-0.004
389,1776071591.4119155,-0.005733309702212955,-2.4447687068499953,-0.5395282800275074,-0.0030387821881832145,4.63,0.005,0.746,0.917,0.004,0.398,-0.004
390,1776071591.4203634,-0.009109780725985705,-2.455567830679398,-0.5404101323427888,-0.0024546215037719414,4.649,0.005,0.748,0.917,0.005,0.399,-0.004
391,1776071591.4282856,-0.00935322185223393,-2.3536723407628113,-0.5278945312088505,-0.0024471544445466725,4.677,0.005,0.75,0.916,0.005,0.4,-0.004
392,1776071591.4372232,-0.008122791765778821,-2.569180172867592,-0.5506490397558115,-0.003791778384563984,4.724,0.005,0.753,0.915,0.005,0.403,-0.005
393,1776071591.445061,-0.00837774595184882,-2.5451482808122106,-0.5464083363405088,-0.003793441269882267,4.753,0.005,0.755,0.915,0.005,0.404,-0.005
394,1776071591.453527,-0.008618398364297463,-2.5362037930017385,-0.5439441089830561,-0.00378939987408163,4.791,0.005,0.758,0.914,0.005,0.406,-0.005
395,1776071591.4618132,-0.008854791904219592,-2.3885358213203616,-0.5255178666215208,-0.0037836598214021984,4.82,0.005,0.76,0.913,0.005,0.407,-0.005
396,1776071591.470302,-0.012304005528038547,-2.490627586740635,-0.5348749217192621,-0.0031725424417513737,4.859,0.005,0.763,0.913,0.006,0.409,-0.005
397,1776071591.4785142,-0.012558286819351262,-2.4259175077316453,-0.5257119676371996,-0.003162583860213632,4.898,0.005,0.766,0.912,0.006,0.411,-0.005
398,1776071591.4870727,-0.012799562986658528,-2.6558048919738475,-0.5494482993658557,-0.0031538110824137003,4.928,0.005,0.768,0.911,0.006,0.412,-0.005
399,1776071591.4952154,-0.013054312786683857,-2.567154345206602,-0.5383151315412609,-0.003143799168927456,4.968,0.005,0.771,0.91,0.006,0.414,-0.005
400,1776071591.5035908,-0.013318687335791668,-2.635611571866016,-0.5435314540901135,-0.0031425978246610344,4.998,0.005,0.773,0.91,0.006,0.415,-0.005
401,1776071591.5116546,-0.013824817821953897,-2.7239152144025756,-0.5517063809423353,-0.003132568201889824,5.039,0.005,0.776,0.909,0.006,0.417,-0.005
402,1776071591.520113,-0.013829744580777572,-2.683943662303766,-0.5451014210359939,-0.003122512687030475,5.069,0.005,0.778,0.908,0.006,0.419,-0.005
403,1776071591.5285585,-0.013578959580777572,-2.510158932303766,-0.5246983975527846,-0.003122512687030475,5.079,0.005,0.778,0.908,0.006,0.419,-0.005
404,1776071591.5369072,-0.017107626707431784,-2.258817986854501,-0.4958333060453989,-0.0024602105519273506,5.121,0.005,0.781,0.907,0.007,0.421,-0.005
405,1776071591.545097,-0.01788028083035905,-2.6142431944836186,-0.531591225293073,-0.0024435556099801628,5.162,0.005,0.784,0.906,0.007,0.423,-0.005
406,1776071591.5534453,-0.017650423523815226,-2.3779545070685795,-0.5054844330252327,-0.0024267853903038503,5.204,0.005,0.787,0.905,0.007,0.425,-0.005
407,1776071591.5619645,-0.017647352201381163,-2.2790594133528947,-0.49435126520063777,-0.0024144315141680943,5.246,0.005,0.79,0.904,0.007,0.426,-0.005
408,1776071591.5699897,-0.017947652983927156,-2.394561056703475,-0.5050841862285808,-0.0024053528089410404,5.278,0.005,0.792,0.904,0.007,0.428,-0.005
409,1776071591.5783334,-0.01834738425987133,-2.3743653725044895,-0.5022259161226217,-0.0023883020772552353,5.321,0.004,0.795,0.903,0.007,0.43,-0.005
410,1776071591.5869377,-0.018846556277063376,-2.4804774987499187,-0.5133528798990711,-0.0023757515010022707,5.354,0.004,0.797,0.902,0.007,0.431,-0.005
411,1776071591.5951812,-0.022735910225403857,-2.507461231002305,-0.5160112082722024,-0.0016656684604407555,5.397,0.004,0.8,0.901,0.008,0.433,-0.005
412,1776071591.603459,-0.024531820031954456,-2.9731882622275867,-0.5659546664661093,-0.001641184773699794,5.441,0.004,0.803,0.9,0.008,0.435,-0.005
413,1776071591.6117938,-0.024823999811514154,-2.9501403434903306,-0.5628960912963261,-0.0016164678348055557,5.475,0.004,0.805,0.899,0.008,0.437,-0.005
414,1776071591.6199596,-0.026371104484702902,-3.264923732483339,-0.5962897540529616,-0.0015915117412362758,5.519,0.004,0.808,0.898,0.008,0.439,-0.005
415,1776071591.628457,-0.02343792321005997,-2.471548218623011,-0.5085119879542889,-0.0015744938038518013,5.553,0.004,0.81,0.898,0.008,0.441,-0.005
416,1776071591.6368701,-0.024446795772470126,-2.6590355707367674,-0.5277201117646915,-0.0015577194022534766,5.587,0.004,0.813,0.897,0.008,0.442,-0.005
417,1776071591.6451137,-0.026373692714176045,-3.085707403958823,-0.5707645381701645,-0.0015321624614583955,5.621,0.003,0.815,0.896,0.008,0.444,-0.005
418,1776071591.653696,-0.02516592582917925,-2.7113991549219376,-0.5292900787105719,-0.0015063446964400649,5.667,0.003,0.818,0.895,0.008,0.446,-0.005
419,1776071591.6618478,-0.02721946302155593,-3.102618392017334,-0.5693824681918173,-0.0014802593827983315,5.702,0.003,0.821,0.894,0.008,0.448,-0.005
420,1776071591.670478,-0.027226707711250037,-3.049971065121864,-0.561989422788463,-0.0014629249010718636,5.737,0.003,0.823,0.893,0.008,0.449,-0.005
421,1776071591.6784005,-0.025770846085440908,-2.7435330956490565,-0.5283958182989996,-0.0014363997790655236,5.784,0.003,0.826,0.892,0.008,0.451,-0.005
422,1776071591.6876683,-0.026189764916880895,-2.779303952402644,-0.5304597988598005,-0.0014272581815947055,5.807,0.002,0.828,0.892,0.008,0.452,-0.005
423,1776071591.6952386,-0.029207377332481497,-3.34343835123221,-0.5865010685868449,-0.001409588959493576,5.819,0.002,0.828,0.891,0.008,0.453,-0.005
424,1776071591.7036347,-0.027797071687978098,-2.9703890014399685,-0.5460149996880895,-0.0013731008253548933,5.878,0.002,0.832,0.89,0.008,0.456,-0.005
425,1776071591.7116673,-0.026803116414751083,-2.8062636042978344,-0.5279828000750607,-0.0013550800482824204,5.914,0.002,0.834,0.889,0.008,0.457,-0.005
426,1776071591.7210393,-0.028656924690202534,-3.073911384231309,-0.5533018701768846,-0.00131772560112079,5.962,0.002,0.838,0.888,0.008,0.46,-0.005
427,1776071591.72887,-0.02879346940724706,-3.0537232808051225,-0.5492549044462642,-0.0012993354040643737,5.986,0.001,0.839,0.887,0.008,0.461,-0.005
428,1776071591.7370818,-0.030437198669430315,-2.918052008767343,-0.534581919264253,0.0002950598207484914,6.059,0.001,0.844,0.886,0.008,0.464,-0.004
429,1776071591.7452939,-0.030791753278267633,-2.9401575540451104,-0.5354703389586761,0.00035474195434855385,6.12,0.001,0.848,0.884,0.008,0.467,-0.004
430,1776071591.7536707,-0.03075038298770273,-2.8643547110541228,-0.5261070798127896,0.00039282479427644204,6.157,0.0,0.85,0.883,0.008,0.469,-0.004
431,1776071591.7616804,-0.03253012921781415,-3.1100032031427314,-0.5494493687929394,0.00041564537300461154,6.195,0.0,0.852,0.882,0.008,0.47,-0.004
432,1776071591.7704554,-0.03016962801080102,-2.7441762150778533,-0.5125096846307422,0.00047057957907068945,6.245,-0.0,0.856,0.881,0.008,0.473,-0.004
433,1776071591.7790916,-0.03625073823119114,-3.5847000950771513,-0.5943640380745308,0.0004867274386259051,6.27,-0.0,0.857,0.881,0.008,0.474,-0.004
434,1776071591.7871785,-0.03785975101000693,-3.4176268636674774,-0.5773202290223389,0.0021414202589745833,6.32,-0.001,0.86,0.879,0.008,0.476,-0.003
435,1776071591.7951472,-0.038805437845233784,-3.5024775342839063,-0.5849073754413721,0.0022139940311030107,6.371,-0.001,0.864,0.878,0.008,0.479,-0.003
436,1776071591.8036113,-0.038800678430752036,-3.435982136361953,-0.5777146351018418,0.0022651819863859766,6.423,-0.002,0.867,0.877,0.008,0.481,-0.003
437,1776071591.811879,-0.0356626861047089,-3.0131339160878805,-0.5336756140873864,0.002317176382948759,6.461,-0.002,0.869,0.876,0.008,0.483,-0.003
438,1776071591.8202665,-0.04907907670523823,-4.6890072641714005,-0.6971033838511547,0.0023699995487402098,6.5,-0.002,0.872,0.875,0.008,0.485,-0.003
439,1776071591.8284504,-0.03999263460865752,-3.2283015035644174,-0.5514013337220318,0.0040862471861480235,6.539,-0.002,0.874,0.874,0.008,0.487,-0.002
440,1776071591.8372672,-0.03973606850074002,-3.137241378692812,-0.5402681658974369,0.004155151109916002,6.591,-0.003,0.877,0.872,0.008,0.489,-0.002
441,1776071591.8456545,-0.039524965976181874,-3.587801258451482,-0.5809549031910128,0.003299271315309925,6.644,-0.003,0.881,0.871,0.007,0.492,-0.002
442,1776071591.8540332,-0.040792009118952074,-3.710174755336882,-0.5908997387219428,0.003355942728608234,6.683,-0.004,0.883,0.87,0.007,0.494,-0.002
443,1776071591.8619654,-0.03782822842413755,-3.041137840778814,-0.5265707998489755,0.00512614774268404,6.736,-0.004,0.886,0.868,0.007,0.496,-0.001
444,1776071591.8699622,-0.038984477128884365,-3.1321429797768148,-0.5331695557071716,0.005230926528785586,6.79,-0.005,0.889,0.867,0.007,0.499,-0.001
445,1776071591.8783302,-0.04342594851387568,-3.614614085892622,-0.5779904581704945,0.005303056592583741,6.83,-0.005,0.892,0.866,0.007,0.501,-0.001
446,1776071591.887129,-0.03790115425170887,-3.1716751134947123,-0.5349332603377344,0.0060723800250133,6.857,-0.005,0.893,0.865,0.006,0.502,-0.0
447,1776071591.895058,-0.041800553770165845,-3.574157938374967,-0.5738500889526021,0.006183989186379292,6.924,-0.006,0.898,0.863,0.006,0.505,0.0
448,1776071591.903457,-0.047086877733663005,-4.124122370679268,-0.6265518463860544,0.006298853326593995,6.979,-0.006,0.901,0.861,0.006,0.508,0.0
449,1776071591.9117215,-0.04004164453750935,-3.024843527229123,-0.5198600283590714,0.008169377889590485,7.02,-0.007,0.903,0.86,0.006,0.51,0.001
450,1776071591.9203181,-0.038757592017131234,-3.3538588714105804,-0.5512834773731745,0.007186656893004461,7.061,-0.007,0.906,0.859,0.005,0.512,0.001
451,1776071591.9288146,-0.04322541663859509,-3.812563354451387,-0.5943279037786473,0.007268267449390815,7.102,-0.007,0.908,0.858,0.005,0.514,0.001
452,1776071591.937123,-0.04178612670633645,-3.3123977477169784,-0.5457606748459385,0.009180109768917874,7.144,-0.008,0.911,0.856,0.005,0.516,0.002
453,1776071591.945721,-0.03702683752638311,-3.2767415132589996,-0.5413262337459535,0.008207037057568221,7.199,-0.008,0.914,0.855,0.004,0.519,0.002
454,1776071591.9536908,-0.04271609741058449,-3.5429747994665934,-0.5688092552749919,0.01015611777602937,7.241,-0.009,0.917,0.853,0.004,0.521,0.003
455,1776071591.9619832,-0.044605719365986785,-3.7040747204824096,-0.5854593849096739,0.01031062929882399,7.297,-0.009,0.921,0.851,0.004,0.524,0.003
456,1776071591.9706542,-0.058377916647300715,-5.289747044559502,-0.7443523793760467,0.011203721692398623,7.34,-0.01,0.923,0.85,0.003,0.527,0.004
457,1776071591.978862,-0.0509852747349437,-4.5036262481540135,-0.6656375964930227,0.011254879899122243,7.368,-0.01,0.925,0.849,0.003,0.528,0.004
458,1776071591.9873247,-0.03710956688348038,-3.020207538690421,-0.5154073384456465,0.011421119930446404,7.41,-0.01,0.928,0.847,0.003,0.531,0.004
459,1776071591.9951837,-0.03696590091099762,-3.16752279344489,-0.5294929065254654,0.012263273251912577,7.453,-0.011,0.931,0.846,0.002,0.533,0.005
460,1776071592.0033982,-0.04801243424927814,-3.919024291844821,-0.6060375339331293,0.014485891074088028,7.525,-0.011,0.935,0.843,0.002,0.537,0.006
461,1776071592.0124292,-0.0420251592947086,-3.773670301083007,-0.5907702009387876,0.013473482200351146,7.582,-0.012,0.939,0.841,0.001,0.541,0.006
462,1776071592.020179,-0.04741937614826115,-3.9591387412476875,-0.6111604529947094,0.015635899228736667,7.626,-0.012,0.942,0.839,0.001,0.543,0.007
463,1776071592.0287728,-0.04761396813298538,-4.453547452041732,-0.6636684727434794,0.01458921690160872,7.683,-0.013,0.946,0.837,0.0,0.547,0.007
464,1776071592.0370264,-0.04616349421108378,-3.921200057233611,-0.6074141265253237,0.016837010802220494,7.713,-0.013,0.948,0.836,-0.0,0.549,0.008
465,1776071592.0473006,-0.04386058961463344,-3.659197593492306,-0.5785424676387962,0.016910423716317506,7.727,-0.013,0.949,0.835,-0.0,0.55,0.008
466,1776071592.0564108,-0.03579332576124945,-3.3279775306461534,-0.5427783443429766,0.015668529149785934,7.756,-0.014,0.951,0.834,-0.001,0.552,0.008
467,1776071592.0627646,-0.04023414710499326,-3.3804327517897628,-0.5481949719556531,0.018056806746708055,7.8,-0.014,0.954,0.832,-0.001,0.555,0.009
468,1776071592.0701382,-0.04425667840865195,-3.9107296796094864,-0.60661363293202,0.019016369893073384,7.859,-0.015,0.958,0.829,-0.002,0.558,0.01
469,1776071592.078418,-0.0332932020598852,-3.2802747487814474,-0.5381505288893056,0.017878237665296906,7.917,-0.015,0.962,0.827,-0.003,0.562,0.01
470,1776071592.0869684,-0.03750388828625792,-3.1971962450866123,-0.5297822276833979,0.020718156100765772,7.991,-0.016,0.967,0.823,-0.003,0.568,0.011
471,1776071592.095332,-0.04582372025746029,-4.163624741552487,-0.6394264459656049,0.021854122980835673,8.051,-0.016,0.971,0.82,-0.004,0.572,0.012
472,1776071592.103866,-0.04276743411917658,-3.951885656754755,-0.618248471743666,0.02305347833666263,8.096,-0.017,0.975,0.818,-0.005,0.576,0.013
473,1776071592.1123393,-0.04364234984653418,-3.99841231949066,-0.623858837041025,0.023265666793255323,8.126,-0.017,0.977,0.816,-0.005,0.578,0.013
474,1776071592.120352,-0.0450451783624011,-3.5762099336879736,-0.5739091747989725,0.026143687382762425,8.156,-0.017,0.979,0.814,-0.005,0.581,0.014
475,1776071592.1285043,-0.039657197419286055,-3.6750454687797287,-0.5866254443277314,0.025832948751123415,8.231,-0.018,0.985,0.809,-0.007,0.587,0.015
476,1776071592.137065,-0.051063296598943875,-4.234364619595172,-0.6562776073261032,0.02928052324546924,8.292,-0.019,0.99,0.806,-0.007,0.592,0.016
477,1776071592.1452184,-0.04752894496133485,-3.7788763707488306,-0.6004238712355957,0.031038762147617544,8.353,-0.019,0.994,0.801,-0.008,0.598,0.017
478,1776071592.1537628,-0.048376390877968516,-3.7744287534728698,-0.5979662112572848,0.032986317860528344,8.415,-0.02,0.999,0.797,-0.009,0.604,0.018
479,1776071592.1618006,-0.04891745878070691,-3.794141008890152,-0.6012188874427467,0.03451709542227193,8.461,-0.02,1.003,0.793,-0.01,0.608,0.019
480,1776071592.170023,-0.058202412190664396,-3.852770990439168,-0.6069423583648031,0.038966072366497836,8.507,-0.021,1.006,0.79,-0.01,0.613,0.02
481,1776071592.1784515,-0.06213803577241265,-3.941791137996581,-0.6185830378935981,0.041775063916085334,8.569,-0.021,1.011,0.784,-0.011,0.62,0.021
482,1776071592.1866956,-0.06740011065715558,-4.062411140449195,-0.6310118029194065,0.044959133505359045,8.632,-0.022,1.016,0.778,-0.012,0.627,0.022
483,1776071592.195007,-0.07515103115487269,-4.566134159897691,-0.6861909224685947,0.04830434234039418,8.679,-0.022,1.02,0.774,-0.013,0.633,0.023
484,1776071592.2033398,-0.08460179102839675,-3.7802624888077667,-0.5878936751640866,0.056648594320560644,8.742,-0.022,1.025,0.767,-0.014,0.64,0.025
485,1776071592.212204,-0.09509028598084424,-3.885830208861667,-0.593617146086143,0.062284995133203146,8.79,-0.023,1.028,0.762,-0.015,0.647,0.026
486,1776071592.2205238,-0.10997183644103549,-4.885780345098487,-0.6958810903922827,0.06562039599858624,8.821,-0.023,1.031,0.759,-0.015,0.651,0.026
487,1776071592.228526,-0.11233728560474646,-4.168470052378093,-0.6158969798246126,0.07004048307952887,8.853,-0.023,1.033,0.755,-0.016,0.655,0.027
488,1776071592.2367415,-0.162060906702311,-4.500136910963044,-0.6279317021019142,0.09143497295266534,8.934,-0.024,1.038,0.745,-0.017,0.666,0.029
489,1776071592.245429,-0.22238084028755656,-4.1847685374045485,-0.5731728948177994,0.11953153969184517,9.015,-0.024,1.042,0.735,-0.019,0.677,0.031
490,1776071592.2535315,-0.34546248442184485,-3.9088780009698847,-0.539098048140703,0.17061078525408757,9.064,-0.024,1.045,0.728,-0.019,0.684,0.033
491,1776071592.2618988,-0.5282388040599705,-4.364680806234771,-0.5485616414839998,0.24446898500117,9.129,-0.025,1.047,0.719,-0.021,0.693,0.034
492,1776071592.2703464,-1.3861325972813956,-4.308660183351864,-0.518226917228144,0.5911523134620876,9.195,-0.025,1.049,0.71,-0.022,0.703,0.037
493,1776071592.2787335,-2.486482697719745,-4.984776385270082,-0.5188212650404747,1.0305967033790921,9.245,-0.025,1.05,0.703,-0.023,0.71,0.038
494,1776071592.2870786,-3.23015430398637,-4.243268210270083,-0.47528282502008135,1.3329784094956256,9.313,-0.025,1.051,0.693,-0.026,0.72,0.042
495,1776071592.2958262,-3.4265710300415053,-4.845063806961303,-0.4555806875947581,1.4164687404502811,9.363,-0.026,1.051,0.685,-0.029,0.727,0.045
496,1776071592.303361,-3.526580390113578,-5.013712740148752,-0.4260274814567734,1.464630727777973,9.414,-0.026,1.051,0.677,-0.034,0.734,0.05
497,1776071592.3120437,-3.569772143650132,-4.257786167770194,-0.40434856290977617,1.5022019972903946,9.501,-0.025,1.049,0.663,-0.046,0.745,0.064
498,1776071592.320447,-3.5733000944250324,-4.517988659679265,-0.3594211222008976,1.5295667576142118,9.571,-0.025,1.047,0.65,-0.061,0.753,0.08
499,1776071592.328702,-3.558034878167614,-4.367885788329115,-0.34247071663597783,1.547942834822176,9.624,-0.024,1.045,0.64,-0.076,0.758,0.096
500,1776071592.336836,-3.505379050702403,-4.5341787244011496,-0.29162606732036067,1.5683931072542925,9.695,-0.023,1.041,0.625,-0.1,0.764,0.123
501,1776071592.3453808,-3.471412388745287,-4.030449533570213,-0.3211727060792037,-1.5670491190312708,9.731,-0.023,1.039,0.617,-0.113,0.766,0.139
502,1776071592.353729,-3.3150445864062736,-5.5012593907205,-0.09753046047478975,-1.5418702737763104,9.823,-0.02,1.032,0.593,-0.153,0.768,0.186
503,1776071592.361885,-3.3007089537167915,-4.0185009384648795,-0.26282154240453837,-1.5324801368402832,9.86,-0.019,1.029,0.582,-0.171,0.767,0.208
504,1776071592.3702035,-3.209676260884631,-4.667898916189684,-0.15149461488274985,-1.5237936174697817,9.897,-0.018,1.026,0.57,-0.19,0.765,0.232
505,1776071592.3783972,-2.986779143968296,-5.7385890962885915,0.0798347480071111,-1.508981157675697,9.973,-0.014,1.018,0.543,-0.229,0.756,0.284
506,1776071592.3870606,-2.783063846457038,-4.112570084746777,-0.12167542988952318,-1.48740901486122,10.088,-0.007,1.005,0.492,-0.291,0.731,0.373
507,1776071592.397356,-2.5761627254993527,-6.000135503833324,0.27769674679048983,-1.4831289985874088,10.107,-0.005,1.002,0.482,-0.301,0.725,0.388
508,1776071592.4068587,-2.4342464220897497,-5.323818733414471,0.19773233836024473,-1.4738415877294093,10.166,0.0,0.994,0.451,-0.332,0.704,0.437
509,1776071592.414139,-2.485970414957196,-3.499688400744634,-0.18919793853567668,-1.4686143122667714,10.205,0.004,0.988,0.428,-0.352,0.686,0.471
510,1776071592.4218612,-2.1414064752599824,-4.644574397340289,0.1274449630954042,-1.459871142144477,10.265,0.012,0.979,0.391,-0.381,0.655,0.522
511,1776071592.4293838,-1.8513226839659438,-4.393980132221548,0.1259147637553708,-1.4491586333041984,10.344,0.024,0.965,0.335,-0.417,0.603,0.592
512,1776071592.436737,-1.4872449928497808,-4.389621134759465,0.18506714768533272,-1.4400690987645006,10.423,0.039,0.951,0.271,-0.447,0.537,0.662
513,1776071592.4449728,-1.0575825590558359,-4.158298421439575,0.1782337896883166,-1.428537084640898,10.52,0.063,0.932,0.182,-0.475,0.434,0.744
514,1776071592.4537098,-0.4872466429330904,-4.2614166239967215,0.2634126971571302,-1.4203260211426838,10.614,0.091,0.912,0.085,-0.486,0.306,0.814
515,1776071592.462081,0.18690300712969674,-4.859723457085575,0.48925173108446773,-1.4144935685253521,10.686,0.116,0.896,0.004,-0.481,0.187,0.856
516,1776071592.4699416,-0.01073278964517641,-3.6933463307000283,0.10094558825834454,-1.4114167152196546,10.721,0.129,0.889,0.038,0.473,-0.122,-0.872
517,1776071592.4784496,0.7098805252331455,-4.08128557700031,0.2087721026975673,-1.4035193580388237,10.804,0.162,0.872,0.138,0.437,0.05,-0.887
518,1776071592.4867551,0.7098805252331455,-4.08128557700031,0.2087721026975673,-1.4035193580388237,10.804,0.162,0.872,0.138,0.437,0.05,-0.887
519,1776071592.4952333,0.8141524835534375,-3.8130065288853063,0.1102811177083769,-1.4006088613395828,10.836,0.175,0.866,0.175,0.416,0.12,-0.884
520,1776071592.503548,0.9943022498159223,-3.5022417772249117,-0.0023888388479043066,-1.3951347248297845,10.881,0.194,0.858,0.227,0.378,0.226,-0.868
521,1776071592.5120583,1.3857827227288106,-3.323389753661924,-0.09002722980531253,-1.383082706918268,10.955,0.223,0.847,0.3,0.301,0.394,-0.815
522,1776071592.5204496,1.8795844380239726,-3.610651893907104,-0.07167468879362393,-1.3712352167773596,11.026,0.246,0.838,0.35,0.213,0.545,-0.731
523,1776071592.5285616,2.336065441637846,-4.184091571919609,0.01602280857606031,-1.356315055641392,11.097,0.263,0.831,0.379,0.122,0.669,-0.628
524,1776071592.5368536,2.393830999801376,-3.610598486345036,-0.05981400206357956,-1.3469339351399858,11.14,0.271,0.826,0.386,0.069,0.729,-0.561
525,1776071592.5449603,2.636899088688257,-3.727150964350881,0.0067989245714381585,-1.3355771500334395,11.199,0.279,0.82,0.385,0.003,0.794,-0.469
526,1776071592.5538604,2.806678190429297,-3.2520549141017017,-0.030014519207778312,-1.325053911835601,11.259,0.285,0.811,0.376,-0.056,0.843,-0.381
527,1776071592.5620377,2.9762439713879,-3.4997114207290325,0.08329575681482582,-1.318371384285542,11.306,0.288,0.804,0.365,-0.094,0.87,-0.318
528,1776071592.5701363,3.1704721544833694,-3.7985425066171037,0.26400047759031886,-1.3096988637170246,11.37,0.29,0.793,0.345,-0.139,0.896,-0.241
529,1776071592.5794036,3.3468216509871764,-5.1444642993872955,0.8663440740260107,-1.3046760563154762,11.437,0.292,0.778,0.323,-0.174,0.914,-0.175
530,1776071592.5869193,3.462164983053847,-4.118750344204302,0.6613006461511017,-1.3004015361973984,11.506,0.292,0.761,0.301,-0.201,0.925,-0.121
531,1776071592.5950644,3.5421009072404406,-4.081590759445532,0.8028145318980568,-1.299164656000148,11.559,0.292,0.745,0.283,-0.215,0.93,-0.089
532,1776071592.6036503,3.606566446208217,-4.266789461278316,1.0,-1.2991029014890672,11.614,0.291,0.727,0.266,-0.226,0.935,-0.065
533,1776071592.6117523,3.670582694381035,-4.338875241644267,1.0,-1.3018995361626684,11.69,0.291,0.696,0.244,-0.233,0.94,-0.045
534,1776071592.620285,3.702161612713318,-4.3107954415899385,1.0,-1.3060062457952966,11.77,0.29,0.659,0.223,-0.235,0.945,-0.04
535,1776071592.6284804,3.7019598350916225,-4.531612863544469,1.0,-1.31337597628993,11.853,0.289,0.614,0.2,-0.232,0.951,-0.047
536,1776071592.6368766,3.6888334685273376,-3.7703358052081826,1.0,-1.319421194807043,11.918,0.288,0.574,0.182,-0.228,0.955,-0.059
537,1776071592.6454914,3.6728921304682336,-4.171314921712352,1.0,-1.321825427531527,11.94,0.288,0.56,0.175,-0.226,0.956,-0.064
538,1776071592.6533625,3.5915288484305448,-3.553410409825808,1.0,-1.334493599588593,12.053,0.286,0.478,0.141,-0.216,0.961,-0.099
539,1776071592.6616702,3.4357135856173526,-3.546938002185149,1.0,-1.3516387394542302,12.171,0.281,0.38,0.102,-0.203,0.963,-0.148
540,1776071592.670041,3.112890766266267,-5.079055176975918,1.0,-1.3667889039996879,12.267,0.273,0.29,0.066,-0.193,0.959,-0.196
541,1776071592.6786258,2.9498688195159515,-3.969327673513241,1.0,-1.3861170362972588,12.364,0.261,0.189,0.026,-0.183,0.95,-0.252
542,1776071592.6870737,2.953513482429193,-3.115657404936795,1.0,-1.405615712135147,12.453,0.247,0.093,0.012,0.176,-0.935,0.308
543,1776071592.694991,3.2088276907956983,-1.7401317519782706,0.11183430287540652,-1.406095693338723,12.476,0.248,0.093,0.013,0.176,-0.932,0.315
544,1776071592.7034183,3.1546821981044233,-1.890702890110198,0.06809555779118903,-1.406627026453335,12.503,0.248,0.093,0.017,0.177,-0.933,0.314
545,1776071592.7117348,3.1558399652294313,-1.6229754737544755,0.061590568751261676,-1.405815236745157,12.52,0.247,0.094,0.021,0.178,-0.935,0.305
546,1776071592.7199934,3.094984759950327,-1.968910689359285,-0.004221137628459326,-1.4060626009649164,12.541,0.243,0.096,0.027,0.178,-0.941,0.286
547,1776071592.7287943,3.2021336761145007,-1.5341301952619946,0.04562198636803738,-1.4055950664061734,12.556,0.24,0.097,0.031,0.178,-0.946,0.268
548,1776071592.73722,3.230605781187064,-1.5250566050348655,0.04206903425233732,-1.4053199083133712,12.568,0.236,0.099,0.036,0.178,-0.952,0.247
549,1776071592.744902,3.242430920602449,-1.551011524331401,0.03753425895494189,-1.4052397427438816,12.58,0.231,0.1,0.041,0.177,-0.957,0.224
550,1776071592.753832,3.2559276079871005,-1.565321323048546,0.046396937106766734,-1.4055364187858923,12.596,0.222,0.101,0.05,0.175,-0.967,0.179
551,1776071592.7615616,3.3765325567610307,-1.4057238819250701,0.07929622291748517,-1.4050013722084709,12.603,0.216,0.102,0.056,0.174,-0.972,0.149
552,1776071592.7702477,3.426825410171887,-1.341256929106124,0.11791241227111837,-1.4053979398080907,12.611,0.207,0.102,0.065,0.171,-0.978,0.104
553,1776071592.7783673,3.6281396075554686,-1.2125843606060125,-0.022179635891641403,-1.4041661829066052,12.614,0.2,0.105,0.071,0.169,-0.981,0.062
554,1776071592.7869866,3.7146256985888417,-1.2070505183522124,0.008155088364214524,-1.4036549037824317,12.616,0.193,0.107,0.076,0.167,-0.983,0.026
555,1776071592.7951035,-4.040146483600124,-1.1851098980506725,0.05169352838460761,-1.402707613692941,12.617,0.188,0.108,0.078,0.166,-0.983,0.003
556,1776071592.803632,-3.9938331024571774,-1.1869830375922543,0.068831104255068,-1.4010065942501797,12.618,0.183,0.109,0.078,0.166,-0.983,-0.022
557,1776071592.8117456,-3.8696291968480407,-1.1715460852818251,0.09207962641694922,-1.3996852849272106,12.619,0.18,0.109,0.078,0.166,-0.982,-0.037
558,1776071592.8204777,-3.8886435304899654,-1.176886086326005,0.09326175466246878,-1.3994879870684895,12.619,0.179,0.109,0.077,0.166,-0.982,-0.042
559,1776071592.828741,-3.8309445811350593,-1.1754584467860076,0.09956643863857217,-1.3991996843726577,12.619,0.177,0.109,0.076,0.166,-0.982,-0.05
560,1776071592.8374286,-3.8499402218707344,-1.1770263294054917,0.11178176384227245,-1.3974669402489175,12.619,0.174,0.109,0.074,0.167,-0.981,-0.062
561,1776071592.8454673,-3.7742275011557576,-1.1860629504171043,0.12104505212174521,-1.3951137394574877,12.618,0.171,0.108,0.069,0.169,-0.98,-0.078
562,1776071592.8536897,-3.7287206333478484,-1.1995955608154785,0.12340930861278387,-1.3940100470946766,12.617,0.168,0.108,0.064,0.17,-0.979,-0.089
563,1776071592.8616686,-3.7197776152324367,-1.2093619350059326,0.14409983659894432,-1.3925728557273034,12.616,0.165,0.107,0.055,0.172,-0.978,-0.101
564,1776071592.8706071,-3.6780620680514415,-1.2376281048242068,0.14627035540530064,-1.392472552220282,12.615,0.162,0.106,0.045,0.173,-0.977,-0.113
565,1776071592.8785226,-3.6723214548927388,-1.244205296029235,0.15947407116983814,-1.392459092623697,12.613,0.161,0.105,0.039,0.174,-0.977,-0.119
566,1776071592.886874,-3.654302373226756,-1.2649403456886745,0.1697257500101479,-1.3926104729172073,12.612,0.159,0.103,0.029,0.175,-0.976,-0.127
567,1776071592.8955169,-3.640126303266581,-1.3003044551598881,0.027870360547821216,-1.3933483338126893,12.61,0.157,0.103,0.022,0.175,-0.975,-0.133
568,1776071592.9034016,-3.605822168400146,-1.3352887421980497,0.08973507206333586,-1.3934933448312485,12.61,0.157,0.103,0.022,0.175,-0.975,-0.135
569,1776071592.9119654,-3.5746151269843813,-1.3499555152290856,0.10195039726703614,-1.3932995958405883,12.611,0.156,0.103,0.023,0.175,-0.974,-0.141
570,1776071592.920217,-3.5735498128679786,-1.3576824644519618,0.10786103849463324,-1.3943871219337876,12.611,0.155,0.103,0.024,0.174,-0.974,-0.145
571,1776071592.9287715,-3.5547324506688436,-1.3517318303114254,0.10786103849463324,-1.3953184228674307,12.611,0.155,0.103,0.025,0.173,-0.974,-0.147
572,1776071592.9369175,-3.54608509859756,-1.3479037738469593,0.09761592703346489,-1.3962476607473346,12.612,0.154,0.103,0.026,0.172,-0.974,-0.149
573,1776071592.9449039,-3.5412781807522924,-1.3423745524371549,0.10076826902151681,-1.3975886016140622,12.612,0.154,0.103,0.027,0.17,-0.973,-0.151
574,1776071592.9534729,-3.5332255277429545,-1.3356886022953178,0.10549678200359458,-1.399578160772265,12.612,0.154,0.103,0.027,0.168,-0.973,-0.153
575,1776071592.9619098,-3.5365627344501105,-1.3374611280231066,0.09761592703346489,-1.402128212609564,12.612,0.154,0.103,0.026,0.166,-0.974,-0.154
576,1776071592.9701023,-3.529782568070004,-1.3419553953994745,0.10352656826106221,-1.4039665555234657,12.612,0.153,0.103,0.026,0.164,-0.974,-0.154
577,1776071592.9783506,-3.523315564029131,-1.3365736441836193,0.1031325255125557,-1.4058851759570228,12.612,0.153,0.103,0.026,0.162,-0.974,-0.155
578,1776071592.986743,-3.5239641039746075,-1.3389281001283115,0.10076826902151681,-1.4083504898321366,12.612,0.153,0.103,0.025,0.16,-0.975,-0.155
579,1776071592.9950013,-3.518460598242771,-1.3338476027864268,0.09919209802749118,-1.4100504818575719,12.612,0.153,0.103,0.025,0.158,-0.975,-0.153
580,1776071593.0034738,-3.527321542899716,-1.3368165826378842,0.10037422627301029,-1.4114400087560595,12.612,0.154,0.103,0.024,0.157,-0.976,-0.151
581,1776071593.011824,-3.531139161492573,-1.3345122707365962,0.10037422627301029,-1.4121550093826876,12.612,0.154,0.103,0.024,0.156,-0.976,-0.148
582,1776071593.0207956,-3.5363151779056246,-1.3342352588000004,0.09998018352450377,-1.4134759955366643,12.611,0.155,0.103,0.023,0.155,-0.977,-0.145
583,1776071593.028636,-3.532564317414071,-1.3303408620487012,0.09958614077599748,-1.414271723768971,12.611,0.155,0.103,0.023,0.154,-0.977,-0.143
584,1776071593.0368276,-3.5351803438123675,-1.3271984954914138,0.09919209802749118,-1.4154671117089548,12.611,0.156,0.103,0.022,0.153,-0.978,-0.138
585,1776071593.0453238,-3.5600475989242897,-1.3299859320068461,0.10037422627301029,-1.417063150290457,12.61,0.157,0.103,0.02,0.152,-0.98,-0.13
586,1776071593.053493,-3.5580093292242556,-1.3258332287566514,0.10037422627301029,-1.4168870086859287,12.61,0.158,0.103,0.02,0.152,-0.98,-0.127
587,1776071593.0620046,-3.5758422320044843,-1.324842429800001,0.10195039726703614,-1.4179472255370524,12.61,0.16,0.103,0.018,0.151,-0.981,-0.117
588,1776071593.070307,-3.584675656354894,-1.3225769481998575,0.1031325255125557,-1.4191289233640114,12.609,0.161,0.103,0.017,0.15,-0.982,-0.111
589,1776071593.078503,-3.5992663024166403,-1.3204424761110358,0.10510273925508784,-1.419294743388546,12.609,0.163,0.103,0.015,0.15,-0.983,-0.101
590,1776071593.087048,-3.624910193477035,-1.3187215767793967,0.10746699574612673,-1.420777493540341,12.608,0.165,0.103,0.014,0.149,-0.985,-0.091
591,1776071593.0959077,-3.636633746304172,-1.3135042107996204,0.11219550872820427,-1.42092596572494,12.607,0.167,0.103,0.012,0.149,-0.986,-0.079
592,1776071593.1037016,-3.6773631182067628,-1.3194775963247225,0.11278985654053453,-1.4207351821285672,12.607,0.169,0.102,0.01,0.149,-0.986,-0.069
593,1776071593.115462,-3.6773631182067628,-1.3194775963247225,0.11278985654053453,-1.4207351821285672,12.607,0.169,0.102,0.01,0.149,-0.986,-0.069
594,1776071593.1349218,-3.7549414405537234,-1.3206550349795803,0.11515411303157341,-1.4211282079063052,12.605,0.174,0.102,0.007,0.149,-0.988,-0.043
595,1776071593.1498332,-3.807836381833722,-1.3237105471626938,0.11890080283195603,-1.4214007988847874,12.604,0.178,0.101,0.003,0.149,-0.989,-0.023
596,1776071593.1568441,-3.806613194657123,-1.3125353583493953,0.13210451859649308,-1.422262659816145,12.603,0.181,0.1,0.002,0.148,-0.989,-0.009
597,1776071593.1648602,-3.8072261785033525,-1.3054057625830842,0.14313771555467403,-1.4222561616188745,12.603,0.183,0.1,0.001,0.148,-0.989,0.0
598,1776071593.172985,3.960827983484239,-1.3241034252768338,0.09052972493949074,-1.4223001309118717,12.602,0.186,0.101,0.001,-0.148,0.989,-0.014
599,1776071593.1825416,3.9439439891889805,-1.324657582111929,0.09210589593351659,-1.4232804168154647,12.602,0.187,0.101,0.002,-0.147,0.989,-0.02
600,1776071593.1929152,3.905300428798228,-1.3351842540813963,0.10274505014319102,-1.4232901740761958,12.601,0.187,0.101,0.003,-0.147,0.989,-0.023
601,1776071593.203807,3.8850146686698293,-1.3425226592472912,0.1114139906103333,-1.424236916749005,12.601,0.187,0.101,0.002,-0.146,0.989,-0.021
602,1776071593.21265,3.8779889250339465,-1.3496507725976736,0.12165910207150121,-1.425134108302646,12.602,0.186,0.101,0.001,-0.145,0.989,-0.013
603,1776071593.220227,3.898542993455594,-1.3484791313927613,0.12028323614129932,-1.4260580183384812,12.602,0.185,0.1,0.001,-0.144,0.989,-0.008
604,1776071593.2286868,-3.94996420340729,-1.3452594955843395,0.10530961169805364,-1.427420983711558,12.602,0.183,0.1,0.001,0.143,-0.99,-0.001
605,1776071593.2377698,-3.9486442792706438,-1.3556297436043925,0.0844253460272113,-1.429331073324906,12.603,0.181,0.1,0.001,0.141,-0.99,-0.008
606,1776071593.2457397,-3.88796024513507,-1.3401386742297177,0.10491556894954712,-1.4312380007635344,12.603,0.181,0.1,0.001,0.139,-0.99,-0.009
607,1776071593.2571564,-3.8732181304098505,-1.3303156967936542,0.11279642391967637,-1.4312284767395147,12.603,0.182,0.1,0.001,0.139,-0.99,-0.006
608,1776071593.2674613,3.9805197272416297,-1.329262477764858,0.09270024374584684,-1.4321786977051199,12.603,0.183,0.1,0.0,-0.138,0.99,-0.002
609,1776071593.2769387,3.9670944448431165,-1.332240591407106,0.09585258573389854,-1.4321816899389805,12.602,0.184,0.1,0.001,-0.138,0.99,-0.006
610,1776071593.2842665,3.9435879898767503,-1.3379334954000546,0.10412748345253409,-1.4335444944054532,12.602,0.184,0.1,0.001,-0.137,0.991,-0.007
611,1776071593.292538,3.9395198287226005,-1.341128318247892,0.10727982544058601,-1.433539921724306,12.602,0.184,0.1,0.001,-0.137,0.991,-0.005
612,1776071593.2996414,3.9366154775464106,-1.3441590157957954,0.11161429567415704,-1.4344910444252208,12.603,0.183,0.1,0.0,0.136,-0.991,0.001
613,1776071593.305635,-3.9329521135563987,-1.3434496725787235,0.09309428649435314,-1.4344899272973264,12.603,0.183,0.1,0.001,0.136,-0.991,-0.002
614,1776071593.3118358,-3.907798448223484,-1.3391059026466698,0.10018705596746957,-1.4354450304065884,12.603,0.182,0.1,0.001,0.135,-0.991,-0.004
615,1776071593.3202596,3.9956608404800082,-1.3245358174484614,0.10373344070402801,-1.435447601442123,12.603,0.183,0.1,0.001,0.135,-0.991,0.002
616,1776071593.3284044,3.97044498378955,-1.330142064485945,0.09467045748837921,-1.4354512873552299,12.602,0.184,0.1,0.0,0.135,-0.991,0.005
617,1776071593.336939,3.9501313987895497,-1.335910119485945,0.10255131245850846,-1.4354512873552299,12.602,0.184,0.1,0.0,0.135,-0.991,0.005
618,1776071593.3452463,3.9399040728422143,-1.337662074648634,0.10767386818909253,-1.4364075530750486,12.603,0.184,0.1,0.001,0.134,-0.991,0.004
619,1776071593.353398,-3.936666345607762,-1.3417645731732548,0.11161429567415704,-1.4363994484298774,12.603,0.183,0.1,0.001,0.134,-0.991,0.0
620,1776071593.361669,-3.907513535978384,-1.3330954838511213,0.10412748345253409,-1.4363977859404888,12.603,0.183,0.1,0.002,0.134,-0.991,-0.001
621,1776071593.3700516,-3.8962922894869525,-1.330980818173255,0.1033393979555215,-1.4373552960311826,12.603,0.183,0.1,0.001,0.133,-0.991,0.0
622,1776071593.3783903,3.954709175279835,-1.3339307661863424,0.10491556894954712,-1.4373574899414951,12.603,0.184,0.1,0.002,0.133,-0.991,0.001
623,1776071593.3868418,-3.9125359130100184,-1.3348459644168345,0.10136918421298913,-1.4383104739119128,12.603,0.183,0.1,0.002,0.132,-0.991,-0.001
624,1776071593.394974,-3.905366853870693,-1.3317563765859717,0.10530961169805364,-1.4383121438541817,12.603,0.184,0.1,0.002,0.132,-0.991,-0.0
625,1776071593.4036374,3.9652361611331877,-1.3309238534087624,0.10097514146448261,-1.4383143380669383,12.603,0.184,0.1,0.002,0.132,-0.991,0.001
626,1776071593.4126112,-3.9133966468487933,-1.3337626565859717,0.10255131245850846,-1.439269986450322,12.603,0.184,0.1,0.002,0.131,-0.991,0.0
627,1776071593.420969,-3.911139581848793,-1.3345150115859716,0.10215726971000194,-1.439269986450322,12.603,0.184,0.1,0.002,0.131,-0.991,0.0
628,1776071593.4291487,-3.9133966468487933,-1.3325087315859716,0.10294535520701475,-1.439269986450322,12.603,0.184,0.1,0.002,0.131,-0.991,0.0
629,1776071593.4368055,-3.9129023429893324,-1.3335068571465352,0.10294535520701475,-1.4406144602060709,12.603,0.184,0.1,0.002,0.13,-0.992,0.0
630,1776071593.4450796,-3.9126515579893324,-1.3335068571465352,0.10294535520701475,-1.4406144602060709,12.603,0.184,0.1,0.002,0.13,-0.992,0.0
631,1776071593.4535048,-3.912834825510619,-1.3307688987441662,0.10294535520701475,-1.4415716995475192,12.603,0.184,0.1,0.003,0.129,-0.992,0.0
632,1776071593.4615836,-3.912584040510619,-1.3307688987441662,0.10294535520701475,-1.4415716995475192,12.603,0.184,0.1,0.003,0.129,-0.992,0.0
633,1776071593.4701242,-3.9120894877939736,-1.331019683744166,0.10294535520701475,-1.4425299088157775,12.603,0.184,0.1,0.003,0.128,-0.992,0.0
634,1776071593.4783075,-3.9123402727939736,-1.3307688987441662,0.10294535520701475,-1.4425299088157775,12.603,0.184,0.1,0.003,0.128,-0.992,0.0
635,1776071593.4869134,-3.9120894877939736,-1.331019683744166,0.10294535520701475,-1.4425299088157775,12.603,0.184,0.1,0.003,0.128,-0.992,0.0
636,1776071593.495103,-3.9125980861064393,-1.3307688987441662,0.10294535520701475,-1.4434890824367548,12.603,0.184,0.1,0.003,0.127,-0.992,0.0
637,1776071593.5033965,-3.911845731106439,-1.331019683744166,0.10294535520701475,-1.4434890824367548,12.603,0.184,0.1,0.003,0.127,-0.992,0.0
638,1776071593.5118365,-3.911845731106439,-1.331019683744166,0.10294535520701475,-1.4434890824367548,12.603,0.184,0.1,0.003,0.127,-0.992,0.0
639,1776071593.5202088,-3.9111004153805413,-1.331019683744166,0.10294535520701475,-1.4444492147967443,12.603,0.184,0.1,0.003,0.126,-0.992,0.0
640,1776071593.528709,-3.911475665380541,-1.3307688987441662,0.10294535520701475,-1.4444492147967443,12.603,0.185,0.1,0.003,0.126,-0.992,0.0
641,1776071593.5376112,-3.9109811455484067,-1.3307688987441662,0.1033393979555215,-1.4454103002425287,12.603,0.185,0.1,0.003,0.125,-0.992,0.0
642,1776071593.5451875,-3.911482715548406,-1.3307688987441662,0.1033393979555215,-1.4454103002425287,12.603,0.185,0.1,0.003,0.125,-0.992,0.0
643,1776071593.553635,-3.90923978329194,-1.3307688987441662,0.10373344070402801,-1.4473353075817301,12.603,0.185,0.1,0.003,0.123,-0.992,0.0
644,1776071593.5624917,-3.9107622863253404,-1.330259807010797,0.10373344070402801,-1.4496238722296015,12.603,0.185,0.1,0.003,0.121,-0.993,0.0
645,1776071593.570211,-3.9067568034961284,-1.3295074520107972,0.10530961169805364,-1.4505870028461982,12.603,0.185,0.1,0.003,0.12,-0.993,0.0
646,1776071593.5783029,-3.9095699724996713,-1.331997132707019,0.10491556894954712,-1.451551043985228,12.603,0.185,0.1,0.002,0.119,-0.993,0.0
647,1776071593.5867574,-3.908700768199056,-1.3312447777070187,0.10570365444656016,-1.4534818342486684,12.603,0.186,0.1,0.002,0.117,-0.993,0.0
648,1776071593.5957327,-3.9077450882842477,-1.3322297287633862,0.10727982544058601,-1.4554161954768636,12.603,0.186,0.1,0.001,0.115,-0.993,0.0
649,1776071593.6038187,-3.908001762346664,-1.3314748665584364,0.10806791093759904,-1.457690402602685,12.603,0.186,0.1,0.001,0.113,-0.994,0.0
650,1776071593.6122303,3.9698211905401646,-1.3317099599999997,0.11082621017714422,-1.458657970773244,12.603,0.186,0.1,0.0,-0.112,0.994,-0.0
651,1776071593.620412,3.9527428785396364,-1.3404717434415634,0.09821684222493743,-1.4605956659291144,12.603,0.186,0.1,0.001,-0.11,0.994,-0.0
652,1776071593.628637,3.953497620371687,-1.3419764534415632,0.09979301321896306,-1.4615657805948044,12.603,0.186,0.1,0.001,-0.109,0.994,-0.0
653,1776071593.640105,3.955506290380285,-1.3444843034415632,0.10570365444656016,-1.4625367317122657,12.603,0.186,0.1,0.001,-0.108,0.994,0.0
654,1776071593.64965,3.9590196735408596,-1.3427288084415634,0.10530961169805364,-1.463508513031465,12.603,0.186,0.1,0.001,-0.107,0.994,-0.0
655,1776071593.656413,3.9579079755401643,-1.3407382199999998,0.10727982544058601,-1.4644811182665871,12.603,0.185,0.1,0.0,-0.106,0.994,-0.0
656,1776071593.6630816,-3.9115448255401644,-1.3364748749999997,0.10255131245850846,-1.465454541096215,12.603,0.186,0.1,0.0,0.105,-0.994,0.0
657,1776071593.6703255,-3.9112940405401644,-1.3364748749999997,0.10255131245850846,-1.466738682792554,12.603,0.186,0.1,0.0,0.104,-0.995,0.0
658,1776071593.6783001,-3.9107924705401644,-1.33471938,0.10373344070402801,-1.4677109935333577,12.603,0.186,0.1,0.0,0.103,-0.995,0.0
659,1776071593.6870344,-3.9105416855401645,-1.3334654549999998,0.10491556894954712,-1.469657983178694,12.603,0.186,0.1,0.0,0.101,-0.995,0.0
660,1776071593.6950955,-3.9200715155401644,-1.34023665,0.10255131245850846,-1.4706326492216635,12.603,0.186,0.1,0.0,-0.1,0.995,0.0
661,1776071593.7034204,-3.919319160540164,-1.3419921449999999,0.10412748345253409,-1.471608087447018,12.603,0.186,0.1,0.0,-0.099,0.995,0.0
662,1776071593.7115374,-3.9138018905401646,-1.3394842949999997,0.10373344070402801,-1.4725842913391154,12.603,0.186,0.1,0.0,0.098,-0.995,-0.0
663,1776071593.7200103,3.9592882205401647,-1.338982725,0.10294535520701475,-1.4735612543487304,12.603,0.186,0.1,0.0,-0.097,0.995,-0.0
664,1776071593.7289078,3.957783510540165,-1.3407382199999998,0.1033393979555215,-1.4735612543487304,12.603,0.186,0.1,0.0,-0.097,0.995,-0.0
665,1776071593.7369654,3.9572819405401645,-1.340487435,0.1033393979555215,-1.4745389698932636,12.603,0.186,0.1,0.0,-0.096,0.995,-0.0
666,1776071593.7453892,3.9592882205401647,-1.3374780149999999,0.1033393979555215,-1.4767771044839841,12.603,0.186,0.1,0.0,-0.094,0.996,-0.0
667,1776071593.7536197,3.9594126855401646,-1.3372272299999997,0.1033393979555215,-1.4777542600270879,12.603,0.185,0.1,0.0,-0.093,0.996,-0.0
668,1776071593.7657273,3.9594126855401646,-1.3372272299999997,0.1033393979555215,-1.4777542600270879,12.603,0.185,0.1,0.0,-0.093,0.996,-0.0
669,1776071593.7804105,3.9591619005401646,-1.3372272299999997,0.1033393979555215,-1.478732135134461,12.603,0.185,0.1,0.0,-0.092,0.996,-0.0
670,1776071593.7917163,3.959914255540164,-1.3374780149999999,0.1033393979555215,-1.4797107231123356,12.603,0.185,0.1,0.0,-0.091,0.996,-0.0
671,1776071593.7989473,3.9594126855401646,-1.3372272299999997,0.1033393979555215,-1.4806900172353357,12.603,0.185,0.1,0.0,-0.09,0.996,-0.0
672,1776071593.806797,3.9566540505401644,-1.33672566,0.1033393979555215,-1.4806900172353357,12.603,0.185,0.1,0.0,-0.09,0.996,-0.0
673,1776071593.8156507,3.9546477705401646,-1.3362240899999998,0.1033393979555215,-1.4816700107467051,12.603,0.185,0.1,0.0,-0.089,0.996,-0.0
674,1776071593.8236716,3.9559016955401645,-1.3364748749999997,0.1033393979555215,-1.4826506968585402,12.603,0.185,0.1,0.0,-0.088,0.996,-0.0
675,1776071593.830328,3.957155620540165,-1.33672566,0.1033393979555215,-1.4846141195776648,12.603,0.185,0.1,0.0,-0.086,0.996,-0.0
676,1776071593.8389137,3.957280085540164,-1.33672566,0.1033393979555215,-1.4855968424555377,12.603,0.184,0.1,0.0,-0.085,0.996,-0.0
677,1776071593.846787,3.9570293005401647,-1.33672566,0.1033393979555215,-1.4865802304755296,12.603,0.184,0.1,0.0,-0.084,0.996,-0.0
678,1776071593.8543332,3.9547722355401644,-1.3362240899999998,0.1033393979555215,-1.4887940856195299,12.603,0.184,0.1,0.0,-0.082,0.997,-0.0
679,1776071593.862277,3.9517628155401643,-1.3354717349999998,0.1033393979555215,-1.4907597363437077,12.603,0.184,0.1,0.0,-0.08,0.997,-0.0
680,1776071593.8701553,3.9491286455401644,-1.33459306,0.1033393979555215,-1.4946984768333083,12.602,0.183,0.1,0.0,-0.076,0.997,-0.0
681,1776071593.8785105,3.9493794305401644,-1.33459306,0.1033393979555215,-1.4976588184388486,12.602,0.183,0.1,0.0,-0.073,0.997,-0.0
682,1776071593.8869586,3.947999185540164,-1.3340914899999998,0.1033393979555215,-1.5028077422252646,12.602,0.182,0.1,0.0,-0.068,0.998,-0.0
683,1776071593.8953822,3.9429834855401644,-1.33258678,0.1033393979555215,-1.5067621470232178,12.602,0.182,0.1,0.0,-0.064,0.998,-0.0
684,1776071593.9033923,3.939346175540164,-1.3315836399999998,0.1033393979555215,-1.5107246227588624,12.602,0.181,0.1,0.0,-0.06,0.998,-0.0
685,1776071593.9122434,3.9431079505401647,-1.332335995,0.1033393979555215,-1.5146946949765834,12.602,0.181,0.1,0.0,-0.056,0.998,-0.0
686,1776071593.9203317,3.9392198555401645,-1.33108207,0.1033393979555215,-1.5208129934045647,12.602,0.18,0.1,0.0,-0.05,0.999,-0.0
687,1776071593.9291306,3.9454894805401644,-1.332711245,0.1033393979555215,-1.5247881570105797,12.601,0.18,0.1,0.0,-0.046,0.999,-0.0
688,1776071593.9367526,3.936585685540164,-1.3297018250000001,0.1033393979555215,-1.5287691616760497,12.601,0.179,0.1,0.0,-0.042,0.999,-0.0
689,1776071593.945118,3.9414750655401645,-1.3312065350000004,0.1033393979555215,-1.5327555144940646,12.601,0.178,0.1,0.0,-0.038,0.999,-0.0
690,1776071593.95369,3.9344530855401643,-1.3284479000000002,0.1033393979555215,-1.5388399104005297,12.601,0.178,0.1,0.0,-0.032,1.0,-0.0
691,1776071593.9617922,3.9395932505401645,-1.3302033950000003,0.1033393979555215,-1.5438225249738153,12.601,0.177,0.1,0.0,-0.027,1.0,-0.0
692,1776071593.9699943,3.9362067255401643,-1.328572365,0.1033393979555215,-1.5488105076593788,12.6,0.176,0.1,0.0,-0.022,1.0,-0.0
693,1776071593.979025,3.9402192855401643,-1.32982629,0.1033393979555215,-1.5548017847752391,12.6,0.176,0.1,0.0,-0.016,1.0,-0.0
694,1776071593.9872103,3.929184745540164,-1.3255629450000002,0.1033393979555215,-1.5558008243664576,12.6,0.176,0.1,0.0,-0.015,1.0,-0.0
695,1776071593.9968967,3.9305631355401647,-1.32581373,0.1033393979555215,-1.5597981009463782,12.6,0.175,0.1,0.0,-0.011,1.0,-0.0
696,1776071594.0039856,3.934950945540164,-1.3270676549999998,0.1033393979555215,-1.565796493451564,12.6,0.174,0.1,0.0,-0.005,1.0,-0.0
697,1776071594.0126328,-3.9057892673976125,-1.3441110062,0.09900492772195024,1.568796353461077,12.6,0.174,0.1,0.0,-0.002,-1.0,-0.002
698,1776071594.0206943,-3.88461151644494,-1.3433542850982627,0.10688578269207949,1.5647976266223098,12.6,0.175,0.1,0.001,-0.006,-1.0,-0.001
699,1776071594.0286083,3.997627528680905,-1.3296513694744951,0.09191215824883403,1.560794840986927,12.6,0.176,0.1,0.001,-0.01,-1.0,0.003
700,1776071594.038259,3.977435587309709,-1.3298018017404294,0.0970347139794181,1.5557959091458218,12.6,0.177,0.1,0.001,-0.015,-1.0,0.006
701,1776071594.049308,3.9542399086238036,-1.331692685751618,0.10176322696149542,1.5527984088567128,12.6,0.178,0.1,0.001,-0.018,-1.0,0.008
702,1776071594.0581539,3.944452056819917,-1.3310898677879328,0.10688578269207949,1.548805673495047,12.599,0.178,0.1,0.001,-0.022,-1.0,0.007
703,1776071594.0659213,3.935414219259706,-1.3305030528609407,0.11161429567415704,1.5468109422823662,12.599,0.178,0.1,0.001,-0.024,-1.0,0.005
704,1776071594.077151,3.899288171621958,-1.326314988566924,0.13013430485396071,1.5458153334373896,12.599,0.178,0.1,0.001,-0.025,-1.0,0.002
705,1776071594.0833914,-3.924537737960136,-1.3341495609947365,0.09861088497344372,1.544820772675519,12.599,0.177,0.1,0.001,-0.026,-1.0,-0.001
706,1776071594.090743,-3.900963947960136,-1.3344003459947364,0.10885599643461186,1.544820772675519,12.599,0.177,0.1,0.001,-0.026,-1.0,-0.001
707,1776071594.0985074,3.970258339356953,-1.3338435529759558,0.09939897047045676,1.54481793636157,12.599,0.178,0.1,0.001,-0.026,-1.0,0.002
708,1776071594.1054807,3.9585398757219723,-1.3356560650007052,0.1033393979555215,1.5458175778036711,12.599,0.178,0.1,0.0,-0.025,-1.0,0.003
709,1776071594.1118042,3.9490100457219723,-1.3356560650007052,0.1033393979555215,1.5458175778036711,12.599,0.178,0.1,0.0,0.025,1.0,-0.003
710,1776071594.1206443,-3.9097394847457254,-1.3358498974761002,0.10255131245850846,1.546816920300563,12.599,0.177,0.1,0.001,-0.024,-1.0,-0.002
711,1776071594.1294856,-3.8959427521690255,-1.336662425405273,0.10885599643461186,1.5468157789453305,12.599,0.177,0.1,0.001,-0.024,-1.0,-0.001
712,1776071594.1368139,3.968503280527442,-1.335779631246011,0.09861088497344372,1.5468137835467104,12.599,0.178,0.1,0.001,-0.024,-1.0,0.001
713,1776071594.1454697,3.9496979645432813,-1.334836664157854,0.10530961169805364,1.5468129295271578,12.599,0.178,0.1,0.001,-0.024,-1.0,0.002
714,1776071594.1535244,-3.924030672169025,-1.333903790405273,0.09939897047045676,1.5468157789453305,12.599,0.177,0.1,0.001,-0.024,-1.0,-0.001
715,1776071594.1620042,-3.9069772921690253,-1.334656145405273,0.10609769719506645,1.5468157789453305,12.599,0.177,0.1,0.001,-0.024,-1.0,-0.001
716,1776071594.1702108,3.9607289455274417,-1.333522566246011,0.10373344070402801,1.5468137835467104,12.599,0.178,0.1,0.001,-0.024,-1.0,0.001
717,1776071594.1784534,3.9485614069795134,-1.3327100383285304,0.10530961169805364,1.5468147333563582,12.599,0.177,0.1,0.001,-0.024,-1.0,-0.0
718,1776071594.187017,-3.907920573957976,-1.3366592699999738,0.10609769719506645,1.5458171788091375,12.599,0.177,0.1,0.0,-0.025,-1.0,-0.001
719,1776071594.195079,3.9650526389579763,-1.3350291350000263,0.09821684222493743,1.5458171788091375,12.599,0.178,0.1,0.0,0.025,1.0,-0.001
720,1776071594.203608,-3.9269764505401645,-1.336972735,0.10373344070402801,1.5458171289339253,12.599,0.177,0.1,0.0,-0.025,-1.0,-0.0
721,1776071594.211593,3.9719445155401645,-1.33722352,0.10452152620104083,1.5458171289339253,12.599,0.177,0.1,0.0,-0.025,-1.0,0.0
722,1776071594.2199378,-3.9204560405401647,-1.336972735,0.10412748345253409,1.5458171289339253,12.599,0.177,0.1,0.0,0.025,1.0,0.0
723,1776071594.2283905,3.9601576205401643,-1.3377250900000002,0.10294535520701475,1.5468147333563582,12.599,0.177,0.1,0.0,-0.024,-1.0,0.0
724,1776071594.237027,3.9606591905401642,-1.33722352,0.1033393979555215,1.5468147333563582,12.599,0.177,0.1,0.0,-0.024,-1.0,0.0
725,1776071594.2450764,3.9606591905401642,-1.336972735,0.1033393979555215,1.5468147333563582,12.599,0.177,0.1,0.0,-0.024,-1.0,0.0
726,1776071594.2536643,3.9601576205401643,-1.336471165,0.10373344070402801,1.5468147333563582,12.599,0.177,0.1,0.0,-0.024,-1.0,0.0
727,1776071594.2617433,3.9606591905401642,-1.33722352,0.1033393979555215,1.5468147333563582,12.599,0.177,0.1,0.0,-0.024,-1.0,0.0
728,1776071594.2709484,3.9606591905401642,-1.33722352,0.1033393979555215,1.5468147333563582,12.599,0.177,0.1,0.0,-0.024,-1.0,0.0
729,1776071594.278709,3.9606591905401642,-1.33722352,0.1033393979555215,1.5468147333563582,12.599,0.177,0.1,0.0,-0.024,-1.0,0.0
730,1776071594.2871785,3.9606591905401642,-1.33722352,0.1033393979555215,1.5468147333563582,12.599,0.177,0.1,0.0,-0.024,-1.0,0.0
731,1776071594.2954085,3.9606591905401642,-1.33722352,0.1033393979555215,1.5468147333563582,12.599,0.177,0.1,0.0,-0.024,-1.0,0.0
732,1776071594.303242,3.9606591905401642,-1.33722352,0.1033393979555215,1.5468147333563582,12.599,0.177,0.1,0.0,-0.024,-1.0,0.0
733,1776071594.312178,3.9606591905401642,-1.33722352,0.1033393979555215,1.5468147333563582,12.599,0.177,0.1,0.0,-0.024,-1.0,0.0
734,1776071594.3200572,3.9606591905401642,-1.33722352,0.1033393979555215,1.5468147333563582,12.599,0.177,0.1,0.0,-0.024,-1.0,0.0
735,1776071594.3284817,3.9606591905401642,-1.33722352,0.1033393979555215,1.5468147333563582,12.599,0.177,0.1,0.0,-0.024,-1.0,0.0
736,1776071594.3376431,3.9606591905401642,-1.33722352,0.1033393979555215,1.5468147333563582,12.599,0.177,0.1,0.0,-0.024,-1.0,0.0
737,1776071594.345879,3.9606591905401642,-1.33722352,0.1033393979555215,1.5468147333563582,12.599,0.177,0.1,0.0,-0.024,-1.0,0.0
738,1776071594.3539312,3.9606591905401642,-1.33722352,0.1033393979555215,1.5468147333563582,12.599,0.177,0.1,0.0,-0.024,-1.0,0.0
739,1776071594.362327,3.9606591905401642,-1.33722352,0.1033393979555215,1.5468147333563582,12.599,0.177,0.1,0.0,-0.024,-1.0,0.0
740,1776071594.3699827,3.9606591905401642,-1.33722352,0.1033393979555215,1.5468147333563582,12.599,0.177,0.1,0.0,-0.024,-1.0,0.0
741,1776071594.3801486,3.9606591905401642,-1.33722352,0.1033393979555215,1.5468147333563582,12.599,0.177,0.1,0.0,-0.024,-1.0,0.0
742,1776071594.38782,3.9606591905401642,-1.33722352,0.1033393979555215,1.5468147333563582,12.599,0.177,0.1,0.0,-0.024,-1.0,0.0
743,1776071594.3957977,3.9606591905401642,-1.33722352,0.1033393979555215,1.5468147333563582,12.599,0.177,0.1,0.0,-0.024,-1.0,0.0
744,1776071594.4043515,3.9606591905401642,-1.33722352,0.1033393979555215,1.5468147333563582,12.599,0.177,0.1,0.0,-0.024,-1.0,0.0
745,1776071594.4124646,3.9606591905401642,-1.33722352,0.1033393979555215,1.5468147333563582,12.599,0.177,0.1,0.0,-0.024,-1.0,0.0
746,1776071594.4200869,3.9606591905401642,-1.33722352,0.1033393979555215,1.5468147333563582,12.599,0.177,0.1,0.0,-0.024,-1.0,0.0
747,1776071594.428612,3.9606591905401642,-1.33722352,0.1033393979555215,1.5468147333563582,12.599,0.177,0.1,0.0,-0.024,-1.0,0.0
748,1776071594.4366403,3.9606591905401642,-1.33722352,0.1033393979555215,1.5468147333563582,12.599,0.177,0.1,0.0,-0.024,-1.0,0.0
749,1776071594.445021,3.9606591905401642,-1.33722352,0.1033393979555215,1.5468147333563582,12.599,0.177,0.1,0.0,-0.024,-1.0,0.0
750,1776071594.453641,3.9606591905401642,-1.33722352,0.1033393979555215,1.5468147333563582,12.599,0.177,0.1,0.0,-0.024,-1.0,0.0
751,1776071594.4616508,3.9606591905401642,-1.33722352,0.1033393979555215,1.5468147333563582,12.599,0.177,0.1,0.0,-0.024,-1.0,0.0
752,1776071594.4700181,3.9606591905401642,-1.33722352,0.1033393979555215,1.5468147333563582,12.599,0.177,0.1,0.0,-0.024,-1.0,0.0
753,1776071594.4785886,3.9606591905401642,-1.33722352,0.1033393979555215,1.5468147333563582,12.599,0.177,0.1,0.0,-0.024,-1.0,0.0
754,1776071594.4868872,3.9606591905401642,-1.33722352,0.1033393979555215,1.5468147333563582,12.599,0.177,0.1,0.0,-0.024,-1.0,0.0
755,1776071594.4950962,3.9606591905401642,-1.33722352,0.1033393979555215,1.5468147333563582,12.599,0.177,0.1,0.0,-0.024,-1.0,0.0
756,1776071594.5037236,3.9606591905401642,-1.33722352,0.1033393979555215,1.5468147333563582,12.599,0.177,0.1,0.0,-0.024,-1.0,0.0
757,1776071594.5116036,3.9606591905401642,-1.33722352,0.1033393979555215,1.5468147333563582,12.599,0.177,0.1,0.0,-0.024,-1.0,0.0
758,1776071594.5201466,3.9606591905401642,-1.33722352,0.1033393979555215,1.5468147333563582,12.599,0.177,0.1,0.0,-0.024,-1.0,0.0
759,1776071594.5283358,3.9606591905401642,-1.33722352,0.1033393979555215,1.5468147333563582,12.599,0.177,0.1,0.0,-0.024,-1.0,0.0
760,1776071594.536627,3.9606591905401642,-1.33722352,0.1033393979555215,1.5468147333563582,12.599,0.177,0.1,0.0,-0.024,-1.0,0.0
761,1776071594.5449662,3.9606591905401642,-1.33722352,0.1033393979555215,1.5468147333563582,12.599,0.177,0.1,0.0,-0.024,-1.0,0.0
762,1776071594.5533013,3.9606591905401642,-1.33722352,0.1033393979555215,1.5468147333563582,12.599,0.177,0.1,0.0,-0.024,-1.0,0.0
763,1776071594.5617764,3.9606591905401642,-1.33722352,0.1033393979555215,1.5468147333563582,12.599,0.177,0.1,0.0,-0.024,-1.0,0.0
764,1776071594.570057,3.9606591905401642,-1.33722352,0.1033393979555215,1.5468147333563582,12.599,0.177,0.1,0.0,-0.024,-1.0,0.0
765,1776071594.578339,3.9606591905401642,-1.33722352,0.1033393979555215,1.5468147333563582,12.599,0.177,0.1,0.0,-0.024,-1.0,0.0
766,1776071594.5867534,3.9606591905401642,-1.33722352,0.1033393979555215,1.5468147333563582,12.599,0.177,0.1,0.0,-0.024,-1.0,0.0
767,1776071594.5951855,3.9606591905401642,-1.33722352,0.1033393979555215,1.5468147333563582,12.599,0.177,0.1,0.0,-0.024,-1.0,0.0
768,1776071594.6034417,3.9606591905401642,-1.33722352,0.1033393979555215,1.5468147333563582,12.599,0.177,0.1,0.0,-0.024,-1.0,0.0
769,1776071594.6118336,3.9606591905401642,-1.33722352,0.1033393979555215,1.5468147333563582,12.599,0.177,0.1,0.0,-0.024,-1.0,0.0
770,1776071594.6201572,3.9606591905401642,-1.33722352,0.1033393979555215,1.5468147333563582,12.599,0.177,0.1,0.0,-0.024,-1.0,0.0
771,1776071594.6283762,3.9606591905401642,-1.33722352,0.1033393979555215,1.5468147333563582,12.599,0.177,0.1,0.0,-0.024,-1.0,0.0
772,1776071594.6367824,3.9606591905401642,-1.33722352,0.1033393979555215,1.5468147333563582,12.599,0.177,0.1,0.0,-0.024,-1.0,0.0
773,1776071594.6451735,3.9606591905401642,-1.33722352,0.1033393979555215,1.5468147333563582,12.599,0.177,0.1,0.0,-0.024,-1.0,0.0
774,1776071594.6535413,3.9606591905401642,-1.33722352,0.1033393979555215,1.5468147333563582,12.599,0.177,0.1,0.0,-0.024,-1.0,0.0
775,1776071594.6616385,3.9606591905401642,-1.33722352,0.1033393979555215,1.5468147333563582,12.599,0.177,0.1,0.0,-0.024,-1.0,0.0
776,1776071594.6703477,3.9606591905401642,-1.33722352,0.1033393979555215,1.5468147333563582,12.599,0.177,0.1,0.0,-0.024,-1.0,0.0
777,1776071594.6784804,3.9606591905401642,-1.33722352,0.1033393979555215,1.5468147333563582,12.599,0.177,0.1,0.0,-0.024,-1.0,0.0
778,1776071594.687498,3.9606591905401642,-1.33722352,0.1033393979555215,1.5468147333563582,12.599,0.177,0.1,0.0,-0.024,-1.0,0.0
779,1776071594.6957061,3.9606591905401642,-1.33722352,0.1033393979555215,1.5468147333563582,12.599,0.177,0.1,0.0,-0.024,-1.0,0.0
780,1776071594.7034652,3.9606591905401642,-1.33722352,0.1033393979555215,1.5468147333563582,12.599,0.177,0.1,0.0,-0.024,-1.0,0.0
781,1776071594.7120588,3.9606591905401642,-1.33722352,0.1033393979555215,1.5468147333563582,12.599,0.177,0.1,0.0,-0.024,-1.0,0.0
782,1776071594.7202976,3.9606591905401642,-1.33722352,0.1033393979555215,1.5468147333563582,12.599,0.177,0.1,0.0,-0.024,-1.0,0.0
783,1776071594.7289805,3.9606591905401642,-1.33722352,0.1033393979555215,1.5468147333563582,12.599,0.177,0.1,0.0,-0.024,-1.0,0.0
784,1776071594.737916,3.9606591905401642,-1.33722352,0.1033393979555215,1.5468147333563582,12.599,0.177,0.1,0.0,-0.024,-1.0,0.0
785,1776071594.7464063,3.9606591905401642,-1.33722352,0.1033393979555215,1.5468147333563582,12.599,0.177,0.1,0.0,-0.024,-1.0,0.0
786,1776071594.754401,3.9606591905401642,-1.33722352,0.1033393979555215,1.5468147333563582,12.599,0.177,0.1,0.0,-0.024,-1.0,0.0
787,1776071594.7623513,3.9606591905401642,-1.33722352,0.1033393979555215,1.5468147333563582,12.599,0.177,0.1,0.0,-0.024,-1.0,0.0
788,1776071594.7699606,3.9606591905401642,-1.33722352,0.1033393979555215,1.5468147333563582,12.599,0.177,0.1,0.0,-0.024,-1.0,0.0
789,1776071594.7783942,3.9606591905401642,-1.33722352,0.1033393979555215,1.5468147333563582,12.599,0.177,0.1,0.0,-0.024,-1.0,0.0
790,1776071594.786607,3.9606591905401642,-1.33722352,0.1033393979555215,1.5468147333563582,12.599,0.177,0.1,0.0,-0.024,-1.0,0.0
791,1776071594.7952876,3.9606591905401642,-1.33722352,0.1033393979555215,1.5468147333563582,12.599,0.177,0.1,0.0,-0.024,-1.0,0.0
792,1776071594.803355,3.9606591905401642,-1.33722352,0.1033393979555215,1.5468147333563582,12.599,0.177,0.1,0.0,-0.024,-1.0,0.0
793,1776071594.8117888,3.9606591905401642,-1.33722352,0.1033393979555215,1.5468147333563582,12.599,0.177,0.1,0.0,-0.024,-1.0,0.0
794,1776071594.8201406,3.9606591905401642,-1.33722352,0.1033393979555215,1.5468147333563582,12.599,0.177,0.1,0.0,-0.024,-1.0,0.0
795,1776071594.8285263,3.9606591905401642,-1.33722352,0.1033393979555215,1.5468147333563582,12.599,0.177,0.1,0.0,-0.024,-1.0,0.0
796,1776071594.838099,3.9606591905401642,-1.33722352,0.1033393979555215,1.5468147333563582,12.599,0.177,0.1,0.0,-0.024,-1.0,0.0
797,1776071594.846385,3.9606591905401642,-1.33722352,0.1033393979555215,1.5468147333563582,12.599,0.177,0.1,0.0,-0.024,-1.0,0.0
798,1776071594.8554912,3.9606591905401642,-1.33722352,0.1033393979555215,1.5468147333563582,12.599,0.177,0.1,0.0,-0.024,-1.0,0.0
799,1776071594.862117,3.9606591905401642,-1.33722352,0.1033393979555215,1.5468147333563582,12.599,0.177,0.1,0.0,-0.024,-1.0,0.0
800,1776071594.8704517,3.9606591905401642,-1.33722352,0.1033393979555215,1.5468147333563582,12.599,0.177,0.1,0.0,-0.024,-1.0,0.0
801,1776071594.878776,3.9606591905401642,-1.33722352,0.1033393979555215,1.5468147333563582,12.599,0.177,0.1,0.0,-0.024,-1.0,0.0
802,1776071594.887052,3.9606591905401642,-1.33722352,0.1033393979555215,1.5468147333563582,12.599,0.177,0.1,0.0,-0.024,-1.0,0.0
803,1776071594.8954117,3.9606591905401642,-1.33722352,0.1033393979555215,1.5468147333563582,12.599,0.177,0.1,0.0,-0.024,-1.0,0.0
804,1776071594.9035418,3.9606591905401642,-1.33722352,0.1033393979555215,1.5468147333563582,12.599,0.177,0.1,0.0,-0.024,-1.0,0.0
805,1776071594.911625,3.9606591905401642,-1.33722352,0.1033393979555215,1.5468147333563582,12.599,0.177,0.1,0.0,-0.024,-1.0,0.0
806,1776071594.920199,3.9606591905401642,-1.33722352,0.1033393979555215,1.5468147333563582,12.599,0.177,0.1,0.0,-0.024,-1.0,0.0
807,1776071594.9284678,3.9606591905401642,-1.33722352,0.1033393979555215,1.5468147333563582,12.599,0.177,0.1,0.0,-0.024,-1.0,0.0
808,1776071594.9368186,3.9606591905401642,-1.33722352,0.1033393979555215,1.5468147333563582,12.599,0.177,0.1,0.0,-0.024,-1.0,0.0
809,1776071594.9454741,3.9606591905401642,-1.33722352,0.1033393979555215,1.5468147333563582,12.599,0.177,0.1,0.0,-0.024,-1.0,0.0
810,1776071594.953298,3.9606591905401642,-1.33722352,0.1033393979555215,1.5468147333563582,12.599,0.177,0.1,0.0,-0.024,-1.0,0.0
811,1776071594.9621418,3.9606591905401642,-1.33722352,0.1033393979555215,1.5468147333563582,12.599,0.177,0.1,0.0,-0.024,-1.0,0.0
812,1776071594.9703338,3.9606591905401642,-1.33722352,0.1033393979555215,1.5468147333563582,12.599,0.177,0.1,0.0,-0.024,-1.0,0.0
813,1776071594.9784899,3.9606591905401642,-1.33722352,0.1033393979555215,1.5468147333563582,12.599,0.177,0.1,0.0,-0.024,-1.0,0.0
814,1776071594.9866717,3.9606591905401642,-1.33722352,0.1033393979555215,1.5468147333563582,12.599,0.177,0.1,0.0,-0.024,-1.0,0.0
815,1776071594.9951327,3.9606591905401642,-1.33722352,0.1033393979555215,1.5468147333563582,12.599,0.177,0.1,0.0,-0.024,-1.0,0.0
816,1776071595.0036173,3.9606591905401642,-1.33722352,0.1033393979555215,1.5468147333563582,12.599,0.177,0.1,0.0,-0.024,-1.0,0.0
817,1776071595.011702,3.9606591905401642,-1.33722352,0.1033393979555215,1.5468147333563582,12.599,0.177,0.1,0.0,-0.024,-1.0,0.0
818,1776071595.0206642,3.9606591905401642,-1.33722352,0.1033393979555215,1.5468147333563582,12.599,0.177,0.1,0.0,-0.024,-1.0,0.0
819,1776071595.0285163,3.9606591905401642,-1.33722352,0.1033393979555215,1.5468147333563582,12.599,0.177,0.1,0.0,-0.024,-1.0,0.0
820,1776071595.0366678,3.9606591905401642,-1.33722352,0.1033393979555215,1.5468147333563582,12.599,0.177,0.1,0.0,-0.024,-1.0,0.0
821,1776071595.0452561,3.9606591905401642,-1.33722352,0.1033393979555215,1.5468147333563582,12.599,0.177,0.1,0.0,-0.024,-1.0,0.0
822,1776071595.0533767,3.9606591905401642,-1.33722352,0.1033393979555215,1.5468147333563582,12.599,0.177,0.1,0.0,-0.024,-1.0,0.0
823,1776071595.061822,3.9606591905401642,-1.33722352,0.1033393979555215,1.5468147333563582,12.599,0.177,0.1,0.0,-0.024,-1.0,0.0
824,1776071595.072106,3.9606591905401642,-1.33722352,0.1033393979555215,1.5468147333563582,12.599,0.177,0.1,0.0,-0.024,-1.0,0.0
825,1776071595.0857558,3.9606591905401642,-1.33722352,0.1033393979555215,1.5468147333563582,12.599,0.177,0.1,0.0,-0.024,-1.0,0.0
826,1776071595.098915,3.9606591905401642,-1.33722352,0.1033393979555215,1.5468147333563582,12.599,0.177,0.1,0.0,-0.024,-1.0,0.0
827,1776071595.1100614,3.9606591905401642,-1.33722352,0.1033393979555215,1.5468147333563582,12.599,0.177,0.1,0.0,-0.024,-1.0,0.0
828,1776071595.1214705,3.9606591905401642,-1.33722352,0.1033393979555215,1.5468147333563582,12.599,0.177,0.1,0.0,-0.024,-1.0,0.0
829,1776071595.1313636,3.9606591905401642,-1.33722352,0.1033393979555215,1.5468147333563582,12.599,0.177,0.1,0.0,-0.024,-1.0,0.0
830,1776071595.1414468,3.9606591905401642,-1.33722352,0.1033393979555215,1.5468147333563582,12.599,0.177,0.1,0.0,-0.024,-1.0,0.0
831,1776071595.1541452,3.9606591905401642,-1.33722352,0.1033393979555215,1.5468147333563582,12.599,0.177,0.1,0.0,-0.024,-1.0,0.0
832,1776071595.1627796,3.9606591905401642,-1.33722352,0.1033393979555215,1.5468147333563582,12.599,0.177,0.1,0.0,-0.024,-1.0,0.0
833,1776071595.1705399,3.9606591905401642,-1.33722352,0.1033393979555215,1.5468147333563582,12.599,0.177,0.1,0.0,-0.024,-1.0,0.0
834,1776071595.1785324,3.9606591905401642,-1.33722352,0.1033393979555215,1.5468147333563582,12.599,0.177,0.1,0.0,-0.024,-1.0,0.0
835,1776071595.1869428,3.9606591905401642,-1.33722352,0.1033393979555215,1.5468147333563582,12.599,0.177,0.1,0.0,-0.024,-1.0,0.0
836,1776071595.195343,3.9606591905401642,-1.33722352,0.1033393979555215,1.5468147333563582,12.599,0.177,0.1,0.0,-0.024,-1.0,0.0
837,1776071595.2035577,3.9606591905401642,-1.33722352,0.1033393979555215,1.5468147333563582,12.599,0.177,0.1,0.0,-0.024,-1.0,0.0
838,1776071595.212057,3.9606591905401642,-1.33722352,0.1033393979555215,1.5468147333563582,12.599,0.177,0.1,0.0,-0.024,-1.0,0.0
839,1776071595.2201436,3.9606591905401642,-1.33722352,0.1033393979555215,1.5468147333563582,12.599,0.177,0.1,0.0,-0.024,-1.0,0.0
840,1776071595.2285337,3.9606591905401642,-1.33722352,0.1033393979555215,1.5468147333563582,12.599,0.177,0.1,0.0,-0.024,-1.0,0.0
841,1776071595.2371073,3.9606591905401642,-1.33722352,0.1033393979555215,1.5468147333563582,12.599,0.177,0.1,0.0,-0.024,-1.0,0.0
842,1776071595.2453592,3.9606591905401642,-1.33722352,0.1033393979555215,1.5468147333563582,12.599,0.177,0.1,0.0,-0.024,-1.0,0.0
843,1776071595.253538,3.9606591905401642,-1.33722352,0.1033393979555215,1.5468147333563582,12.599,0.177,0.1,0.0,-0.024,-1.0,0.0
844,1776071595.2621317,3.9606591905401642,-1.33722352,0.1033393979555215,1.5468147333563582,12.599,0.177,0.1,0.0,-0.024,-1.0,0.0
845,1776071595.2701433,3.9606591905401642,-1.33722352,0.1033393979555215,1.5468147333563582,12.599,0.177,0.1,0.0,-0.024,-1.0,0.0
846,1776071595.2788506,3.9606591905401642,-1.33722352,0.1033393979555215,1.5468147333563582,12.599,0.177,0.1,0.0,-0.024,-1.0,0.0
847,1776071595.2868419,3.9606591905401642,-1.33722352,0.1033393979555215,1.5468147333563582,12.599,0.177,0.1,0.0,-0.024,-1.0,0.0
848,1776071595.2951434,-3.9159419105401643,-1.33722352,0.1033393979555215,1.5468147333563582,12.599,0.177,0.1,0.0,0.024,1.0,0.0
849,1776071595.3037179,-3.9159419105401643,-1.33722352,0.1033393979555215,1.5468147333563582,12.599,0.177,0.1,0.0,0.024,1.0,0.0
850,1776071595.3125455,-3.9159419105401643,-1.33722352,0.1033393979555215,1.5468147333563582,12.599,0.177,0.1,0.0,0.024,1.0,0.0
851,1776071595.3200023,-3.9159419105401643,-1.33722352,0.1033393979555215,1.5468147333563582,12.599,0.177,0.1,0.0,0.024,1.0,0.0
852,1776071595.3287644,-3.9159419105401643,-1.33722352,0.1033393979555215,1.5468147333563582,12.599,0.177,0.1,0.0,0.024,1.0,0.0
853,1776071595.33717,-3.9159419105401643,-1.33722352,0.1033393979555215,1.5468147333563582,12.599,0.177,0.1,0.0,0.024,1.0,0.0
854,1776071595.344984,-3.9159419105401643,-1.33722352,0.1033393979555215,1.5468147333563582,12.599,0.177,0.1,0.0,0.024,1.0,0.0
855,1776071595.3537173,-3.9159419105401643,-1.33722352,0.1033393979555215,1.5468147333563582,12.599,0.177,0.1,0.0,0.024,1.0,0.0
856,1776071595.361924,-3.9159419105401643,-1.33722352,0.1033393979555215,1.5468147333563582,12.599,0.177,0.1,0.0,0.024,1.0,0.0
857,1776071595.370561,-3.9159419105401643,-1.33722352,0.1033393979555215,1.5468147333563582,12.599,0.177,0.1,0.0,0.024,1.0,0.0
858,1776071595.3785288,-3.9159419105401643,-1.33722352,0.1033393979555215,1.5468147333563582,12.599,0.177,0.1,0.0,0.024,1.0,0.0
859,1776071595.3869328,-3.9159419105401643,-1.33722352,0.1033393979555215,1.5468147333563582,12.599,0.177,0.1,0.0,0.024,1.0,0.0
860,1776071595.3951297,-3.9159419105401643,-1.33722352,0.1033393979555215,1.5468147333563582,12.599,0.177,0.1,0.0,0.024,1.0,0.0
861,1776071595.4035747,-3.9159419105401643,-1.33722352,0.1033393979555215,1.5468147333563582,12.599,0.177,0.1,0.0,0.024,1.0,0.0
862,1776071595.4119275,-3.9159419105401643,-1.33722352,0.1033393979555215,1.5468147333563582,12.599,0.177,0.1,0.0,0.024,1.0,0.0
863,1776071595.4200256,-3.9159419105401643,-1.33722352,0.1033393979555215,1.5468147333563582,12.599,0.177,0.1,0.0,0.024,1.0,0.0
864,1776071595.4286108,-3.9159419105401643,-1.33722352,0.1033393979555215,1.5468147333563582,12.599,0.177,0.1,0.0,0.024,1.0,0.0
865,1776071595.4382648,-3.9159419105401643,-1.33722352,0.1033393979555215,1.5468147333563582,12.599,0.177,0.1,0.0,0.024,1.0,0.0
866,1776071595.4452379,-3.9159419105401643,-1.33722352,0.1033393979555215,1.5468147333563582,12.599,0.177,0.1,0.0,0.024,1.0,0.0
867,1776071595.4533877,-3.9159419105401643,-1.33722352,0.1033393979555215,1.5468147333563582,12.599,0.177,0.1,0.0,0.024,1.0,0.0
868,1776071595.4620607,-3.9159419105401643,-1.33722352,0.1033393979555215,1.5468147333563582,12.599,0.177,0.1,0.0,0.024,1.0,0.0
869,1776071595.469988,-3.9159419105401643,-1.33722352,0.1033393979555215,1.5468147333563582,12.599,0.177,0.1,0.0,0.024,1.0,0.0
870,1776071595.478716,-3.9159419105401643,-1.33722352,0.1033393979555215,1.5468147333563582,12.599,0.177,0.1,0.0,0.024,1.0,0.0
871,1776071595.4872725,-3.9159419105401643,-1.33722352,0.1033393979555215,1.5468147333563582,12.599,0.177,0.1,0.0,0.024,1.0,0.0
872,1776071595.495179,-3.9159419105401643,-1.33722352,0.1033393979555215,1.5468147333563582,12.599,0.177,0.1,0.0,0.024,1.0,0.0
873,1776071595.5042377,-3.9159419105401643,-1.33722352,0.1033393979555215,1.5468147333563582,12.599,0.177,0.1,0.0,0.024,1.0,0.0
874,1776071595.5122774,-3.9159419105401643,-1.33722352,0.1033393979555215,1.5468147333563582,12.599,0.177,0.1,0.0,0.024,1.0,0.0
875,1776071595.520334,-3.9159419105401643,-1.33722352,0.1033393979555215,1.5468147333563582,12.599,0.177,0.1,0.0,0.024,1.0,0.0
876,1776071595.5286255,-3.9159419105401643,-1.33722352,0.1033393979555215,1.5468147333563582,12.599,0.177,0.1,0.0,0.024,1.0,0.0
877,1776071595.5369246,-3.9159419105401643,-1.33722352,0.1033393979555215,1.5468147333563582,12.599,0.177,0.1,0.0,0.024,1.0,0.0
878,1776071595.5454924,-3.9159419105401643,-1.33722352,0.1033393979555215,1.5468147333563582,12.599,0.177,0.1,0.0,0.024,1.0,0.0
879,1776071595.5535936,-3.9159419105401643,-1.33722352,0.1033393979555215,1.5468147333563582,12.599,0.177,0.1,0.0,0.024,1.0,0.0
880,1776071595.5622456,-3.9159419105401643,-1.33722352,0.1033393979555215,1.5468147333563582,12.599,0.177,0.1,0.0,0.024,1.0,0.0
881,1776071595.5702474,-3.9159419105401643,-1.33722352,0.1033393979555215,1.5468147333563582,12.599,0.177,0.1,0.0,0.024,1.0,0.0
882,1776071595.5787938,-3.9159419105401643,-1.33722352,0.1033393979555215,1.5468147333563582,12.599,0.177,0.1,0.0,0.024,1.0,0.0
883,1776071595.5870752,-3.9159419105401643,-1.33722352,0.1033393979555215,1.5468147333563582,12.599,0.177,0.1,0.0,0.024,1.0,0.0
884,1776071595.5952446,-3.9159419105401643,-1.33722352,0.1033393979555215,1.5468147333563582,12.599,0.177,0.1,0.0,0.024,1.0,0.0
885,1776071595.6035123,-3.9159419105401643,-1.33722352,0.1033393979555215,1.5468147333563582,12.599,0.177,0.1,0.0,0.024,1.0,0.0
886,1776071595.6118016,-3.9159419105401643,-1.33722352,0.1033393979555215,1.5468147333563582,12.599,0.177,0.1,0.0,0.024,1.0,0.0
887,1776071595.6202,-3.9159419105401643,-1.33722352,0.1033393979555215,1.5468147333563582,12.599,0.177,0.1,0.0,0.024,1.0,0.0
888,1776071595.6282845,-3.9159419105401643,-1.33722352,0.1033393979555215,1.5468147333563582,12.599,0.177,0.1,0.0,0.024,1.0,0.0
889,1776071595.637238,-3.9159419105401643,-1.33722352,0.1033393979555215,1.5468147333563582,12.599,0.177,0.1,0.0,0.024,1.0,0.0
890,1776071595.6458383,-3.9159419105401643,-1.33722352,0.1033393979555215,1.5468147333563582,12.599,0.177,0.1,0.0,0.024,1.0,0.0
891,1776071595.6535358,-3.9159419105401643,-1.33722352,0.1033393979555215,1.5468147333563582,12.599,0.177,0.1,0.0,0.024,1.0,0.0
892,1776071595.6619215,-3.9159419105401643,-1.33722352,0.1033393979555215,1.5468147333563582,12.599,0.177,0.1,0.0,0.024,1.0,0.0
893,1776071595.6701028,-3.9159419105401643,-1.33722352,0.1033393979555215,1.5468147333563582,12.599,0.177,0.1,0.0,0.024,1.0,0.0
894,1776071595.678796,-3.9159419105401643,-1.33722352,0.1033393979555215,1.5468147333563582,12.599,0.177,0.1,0.0,0.024,1.0,0.0
895,1776071595.686975,-3.9159419105401643,-1.33722352,0.1033393979555215,1.5468147333563582,12.599,0.177,0.1,0.0,0.024,1.0,0.0
896,1776071595.6950197,-3.9159419105401643,-1.33722352,0.1033393979555215,1.5468147333563582,12.599,0.177,0.1,0.0,0.024,1.0,0.0
897,1776071595.7038324,-3.9159419105401643,-1.33722352,0.1033393979555215,1.5468147333563582,12.599,0.177,0.1,0.0,-0.024,-1.0,-0.0
898,1776071595.7121813,-3.9159419105401643,-1.33722352,0.1033393979555215,1.5468147333563582,12.599,0.177,0.1,0.0,-0.024,-1.0,-0.0
899,1776071595.7219446,-3.9159419105401643,-1.33722352,0.1033393979555215,1.5468147333563582,12.599,0.177,0.1,0.0,-0.024,-1.0,-0.0
900,1776071595.729763,-3.9159419105401643,-1.33722352,0.1033393979555215,1.5468147333563582,12.599,0.177,0.1,0.0,-0.024,-1.0,-0.0
901,1776071595.7380624,-3.9159419105401643,-1.33722352,0.1033393979555215,1.5468147333563582,12.599,0.177,0.1,0.0,-0.024,-1.0,-0.0
902,1776071595.7450871,-3.9159419105401643,-1.33722352,0.1033393979555215,1.5468147333563582,12.599,0.177,0.1,0.0,-0.024,-1.0,-0.0
903,1776071595.7541482,-3.9159419105401643,-1.33722352,0.1033393979555215,1.5468147333563582,12.599,0.177,0.1,0.0,-0.024,-1.0,-0.0
904,1776071595.7625043,-3.9159419105401643,-1.33722352,0.1033393979555215,1.5468147333563582,12.599,0.177,0.1,0.0,-0.024,-1.0,-0.0
905,1776071595.771078,-3.9159419105401643,-1.33722352,0.1033393979555215,1.5468147333563582,12.599,0.177,0.1,0.0,-0.024,-1.0,-0.0
906,1776071595.7788708,-3.9159419105401643,-1.33722352,0.1033393979555215,1.5468147333563582,12.599,0.177,0.1,0.0,-0.024,-1.0,-0.0
907,1776071595.7867424,-3.9159419105401643,-1.33722352,0.1033393979555215,1.5468147333563582,12.599,0.177,0.1,0.0,-0.024,-1.0,-0.0
908,1776071595.795162,-3.9159419105401643,-1.33722352,0.1033393979555215,1.5468147333563582,12.599,0.177,0.1,0.0,-0.024,-1.0,-0.0
909,1776071595.8036082,-3.9159419105401643,-1.33722352,0.1033393979555215,1.5468147333563582,12.599,0.177,0.1,0.0,-0.024,-1.0,-0.0
910,1776071595.812012,-3.9159419105401643,-1.33722352,0.1033393979555215,1.5468147333563582,12.599,0.177,0.1,0.0,-0.024,-1.0,-0.0
911,1776071595.820075,-3.9159419105401643,-1.33722352,0.1033393979555215,1.5468147333563582,12.599,0.177,0.1,0.0,-0.024,-1.0,-0.0
912,1776071595.8285396,-3.9159419105401643,-1.33722352,0.1033393979555215,1.5468147333563582,12.599,0.177,0.1,0.0,-0.024,-1.0,-0.0
913,1776071595.8379292,-3.9159419105401643,-1.33722352,0.1033393979555215,1.5468147333563582,12.599,0.177,0.1,0.0,-0.024,-1.0,-0.0
914,1776071595.8464887,-3.9159419105401643,-1.33722352,0.1033393979555215,1.5468147333563582,12.599,0.177,0.1,0.0,-0.024,-1.0,-0.0
915,1776071595.8554056,-3.9159419105401643,-1.33722352,0.1033393979555215,1.5468147333563582,12.599,0.177,0.1,0.0,-0.024,-1.0,-0.0
916,1776071595.8634326,-3.9159419105401643,-1.33722352,0.1033393979555215,1.5468147333563582,12.599,0.177,0.1,0.0,-0.024,-1.0,-0.0
917,1776071595.8705456,-3.9159419105401643,-1.33722352,0.1033393979555215,1.5468147333563582,12.599,0.177,0.1,0.0,-0.024,-1.0,-0.0
918,1776071595.8783681,-3.9159419105401643,-1.33722352,0.1033393979555215,1.5468147333563582,12.599,0.177,0.1,0.0,-0.024,-1.0,-0.0
919,1776071595.8876514,-3.9159419105401643,-1.33722352,0.1033393979555215,1.5468147333563582,12.599,0.177,0.1,0.0,-0.024,-1.0,-0.0
920,1776071595.8959575,-3.9159419105401643,-1.33722352,0.1033393979555215,1.5468147333563582,12.599,0.177,0.1,0.0,-0.024,-1.0,-0.0
921,1776071595.9032729,-3.9159419105401643,-1.33722352,0.1033393979555215,1.5468147333563582,12.599,0.177,0.1,0.0,-0.024,-1.0,-0.0
922,1776071595.9124596,-3.9159419105401643,-1.33722352,0.1033393979555215,1.5468147333563582,12.599,0.177,0.1,0.0,-0.024,-1.0,-0.0
923,1776071595.921062,-3.9159419105401643,-1.33722352,0.1033393979555215,1.5468147333563582,12.599,0.177,0.1,0.0,-0.024,-1.0,-0.0
924,1776071595.9291885,-3.9159419105401643,-1.33722352,0.1033393979555215,1.5468147333563582,12.599,0.177,0.1,0.0,-0.024,-1.0,-0.0
925,1776071595.9377143,-3.9159419105401643,-1.33722352,0.1033393979555215,1.5468147333563582,12.599,0.177,0.1,0.0,-0.024,-1.0,-0.0
926,1776071595.9450076,-3.9159419105401643,-1.33722352,0.1033393979555215,1.5468147333563582,12.599,0.177,0.1,0.0,-0.024,-1.0,-0.0
927,1776071595.953716,-3.9159419105401643,-1.33722352,0.1033393979555215,1.5468147333563582,12.599,0.177,0.1,0.0,-0.024,-1.0,-0.0
928,1776071595.9620495,-3.9159419105401643,-1.33722352,0.1033393979555215,1.5468147333563582,12.599,0.177,0.1,0.0,-0.024,-1.0,-0.0
929,1776071595.9702978,-3.9159419105401643,-1.33722352,0.1033393979555215,1.5468147333563582,12.599,0.177,0.1,0.0,-0.024,-1.0,-0.0
930,1776071595.978795,-3.9159419105401643,-1.33722352,0.1033393979555215,1.5468147333563582,12.599,0.177,0.1,0.0,-0.024,-1.0,-0.0
931,1776071595.9867663,-3.9159419105401643,-1.33722352,0.1033393979555215,1.5468147333563582,12.599,0.177,0.1,0.0,-0.024,-1.0,-0.0
932,1776071595.994992,-3.9159419105401643,-1.33722352,0.1033393979555215,1.5468147333563582,12.599,0.177,0.1,0.0,-0.024,-1.0,-0.0
933,1776071596.0036252,-3.9164434805401647,-1.33722352,0.10294535520701475,1.5468147333563582,12.599,0.177,0.1,0.0,0.024,1.0,0.0
934,1776071596.0121236,-3.914437200540165,-1.33722352,0.10373344070402801,1.5468147333563582,12.599,0.177,0.1,0.0,-0.024,-1.0,-0.0
935,1776071596.020131,-3.9159419105401643,-1.33722352,0.1033393979555215,1.5468147333563582,12.599,0.177,0.1,0.0,-0.024,-1.0,-0.0
936,1776071596.0286655,-3.9159419105401643,-1.33722352,0.1033393979555215,1.5468147333563582,12.599,0.177,0.1,0.0,-0.024,-1.0,-0.0
937,1776071596.037051,-3.9159419105401643,-1.33722352,0.1033393979555215,1.5468147333563582,12.599,0.177,0.1,0.0,-0.024,-1.0,-0.0
938,1776071596.0450623,-3.9159419105401643,-1.33722352,0.1033393979555215,1.5468147333563582,12.599,0.177,0.1,0.0,-0.024,-1.0,-0.0
939,1776071596.053987,-3.9159419105401643,-1.33722352,0.1033393979555215,1.5468147333563582,12.599,0.177,0.1,0.0,-0.024,-1.0,-0.0
940,1776071596.0620606,-3.9159419105401643,-1.33722352,0.1033393979555215,1.5468147333563582,12.599,0.177,0.1,0.0,-0.024,-1.0,-0.0
941,1776071596.0701244,-3.9159419105401643,-1.33722352,0.1033393979555215,1.5468147333563582,12.599,0.177,0.1,0.0,-0.024,-1.0,-0.0
942,1776071596.0784688,-3.9159419105401643,-1.33722352,0.1033393979555215,1.5468147333563582,12.599,0.177,0.1,0.0,-0.024,-1.0,-0.0
943,1776071596.0869193,-3.9159419105401643,-1.33722352,0.1033393979555215,1.5468147333563582,12.599,0.177,0.1,0.0,-0.024,-1.0,-0.0
944,1776071596.095024,-3.9159419105401643,-1.33722352,0.1033393979555215,1.5468147333563582,12.599,0.177,0.1,0.0,-0.024,-1.0,-0.0
945,1776071596.104273,-3.9159419105401643,-1.33722352,0.1033393979555215,1.5468147333563582,12.599,0.177,0.1,0.0,-0.024,-1.0,-0.0
946,1776071596.1120346,-3.9159419105401643,-1.33722352,0.1033393979555215,1.5468147333563582,12.599,0.177,0.1,0.0,-0.024,-1.0,-0.0
947,1776071596.1201174,-3.9159419105401643,-1.33722352,0.1033393979555215,1.5468147333563582,12.599,0.177,0.1,0.0,-0.024,-1.0,-0.0
948,1776071596.1289973,-3.9159419105401643,-1.33722352,0.1033393979555215,1.5468147333563582,12.599,0.177,0.1,0.0,-0.024,-1.0,-0.0
949,1776071596.1367238,-3.9159419105401643,-1.33722352,0.1033393979555215,1.5468147333563582,12.599,0.177,0.1,0.0,-0.024,-1.0,-0.0
950,1776071596.145286,-3.9159419105401643,-1.33722352,0.1033393979555215,1.5468147333563582,12.599,0.177,0.1,0.0,-0.024,-1.0,-0.0
951,1776071596.1539438,-3.9159419105401643,-1.33722352,0.1033393979555215,1.5468147333563582,12.599,0.177,0.1,0.0,-0.024,-1.0,-0.0
952,1776071596.1615992,-3.9159419105401643,-1.33722352,0.1033393979555215,1.5468147333563582,12.599,0.177,0.1,0.0,-0.024,-1.0,-0.0
953,1776071596.1711948,-3.9159419105401643,-1.33722352,0.1033393979555215,1.5468147333563582,12.599,0.177,0.1,0.0,-0.024,-1.0,-0.0
954,1776071596.1817942,-3.9159419105401643,-1.33722352,0.1033393979555215,1.5468147333563582,12.599,0.177,0.1,0.0,-0.024,-1.0,-0.0
955,1776071596.189743,-3.9159419105401643,-1.33722352,0.1033393979555215,1.5468147333563582,12.599,0.177,0.1,0.0,-0.024,-1.0,-0.0
956,1776071596.1972582,-3.9159419105401643,-1.33722352,0.1033393979555215,1.5468147333563582,12.599,0.177,0.1,0.0,-0.024,-1.0,-0.0
957,1776071596.2045074,-3.9159419105401643,-1.33722352,0.1033393979555215,1.5468147333563582,12.599,0.177,0.1,0.0,-0.024,-1.0,-0.0
958,1776071596.211954,-3.9159419105401643,-1.33722352,0.1033393979555215,1.5468147333563582,12.599,0.177,0.1,0.0,-0.024,-1.0,-0.0
959,1776071596.220024,-3.9159419105401643,-1.33722352,0.1033393979555215,1.5468147333563582,12.599,0.177,0.1,0.0,-0.024,-1.0,-0.0
960,1776071596.2288058,-3.9159419105401643,-1.33722352,0.1033393979555215,1.5468147333563582,12.599,0.177,0.1,0.0,-0.024,-1.0,-0.0
961,1776071596.2365737,-3.9159419105401643,-1.33722352,0.1033393979555215,1.5468147333563582,12.599,0.177,0.1,0.0,-0.024,-1.0,-0.0
962,1776071596.245248,-3.9159419105401643,-1.33722352,0.1033393979555215,1.5468147333563582,12.599,0.177,0.1,0.0,-0.024,-1.0,-0.0
963,1776071596.2533317,-3.9159419105401643,-1.33722352,0.1033393979555215,1.5468147333563582,12.599,0.177,0.1,0.0,-0.024,-1.0,-0.0
964,1776071596.2618606,-3.9159419105401643,-1.33722352,0.1033393979555215,1.5468147333563582,12.599,0.177,0.1,0.0,-0.024,-1.0,-0.0
965,1776071596.2702522,-3.9159419105401643,-1.33722352,0.1033393979555215,1.5468147333563582,12.599,0.177,0.1,0.0,-0.024,-1.0,-0.0
966,1776071596.2790155,-3.9159419105401643,-1.33722352,0.1033393979555215,1.5468147333563582,12.599,0.177,0.1,0.0,-0.024,-1.0,-0.0
967,1776071596.2868743,-3.9159419105401643,-1.33722352,0.1033393979555215,1.5468147333563582,12.599,0.177,0.1,0.0,-0.024,-1.0,-0.0
968,1776071596.2950165,-3.9159419105401643,-1.33722352,0.1033393979555215,1.5468147333563582,12.599,0.177,0.1,0.0,-0.024,-1.0,-0.0
969,1776071596.3046505,-3.9159419105401643,-1.33722352,0.1033393979555215,1.5468147333563582,12.599,0.177,0.1,0.0,-0.024,-1.0,-0.0
970,1776071596.3123617,-3.9159419105401643,-1.33722352,0.1033393979555215,1.5468147333563582,12.599,0.177,0.1,0.0,-0.024,-1.0,-0.0
971,1776071596.3215055,-3.9159419105401643,-1.33722352,0.1033393979555215,1.5468147333563582,12.599,0.177,0.1,0.0,-0.024,-1.0,-0.0
972,1776071596.3296812,-3.9159419105401643,-1.33722352,0.1033393979555215,1.5468147333563582,12.599,0.177,0.1,0.0,-0.024,-1.0,-0.0
973,1776071596.3379703,-3.9159419105401643,-1.33722352,0.1033393979555215,1.5468147333563582,12.599,0.177,0.1,0.0,-0.024,-1.0,-0.0
974,1776071596.3466496,-3.9159419105401643,-1.33722352,0.1033393979555215,1.5468147333563582,12.599,0.177,0.1,0.0,-0.024,-1.0,-0.0
975,1776071596.3537922,-3.9159419105401643,-1.33722352,0.1033393979555215,1.5468147333563582,12.599,0.177,0.1,0.0,-0.024,-1.0,-0.0
976,1776071596.3627038,-3.9159419105401643,-1.33722352,0.1033393979555215,1.5468147333563582,12.599,0.177,0.1,0.0,-0.024,-1.0,-0.0
977,1776071596.3704667,-3.9159419105401643,-1.33722352,0.1033393979555215,1.5468147333563582,12.599,0.177,0.1,0.0,-0.024,-1.0,-0.0
978,1776071596.3793333,-3.9159419105401643,-1.33722352,0.1033393979555215,1.5468147333563582,12.599,0.177,0.1,0.0,-0.024,-1.0,-0.0
979,1776071596.3873327,-3.9159419105401643,-1.33722352,0.1033393979555215,1.5468147333563582,12.599,0.177,0.1,0.0,-0.024,-1.0,-0.0
980,1776071596.395635,-3.9159419105401643,-1.33722352,0.1033393979555215,1.5468147333563582,12.599,0.177,0.1,0.0,-0.024,-1.0,-0.0
981,1776071596.4039679,-3.9159419105401643,-1.33722352,0.1033393979555215,1.5468147333563582,12.599,0.177,0.1,0.0,-0.024,-1.0,-0.0
982,1776071596.4116266,-3.9159419105401643,-1.33722352,0.1033393979555215,1.5468147333563582,12.599,0.177,0.1,0.0,-0.024,-1.0,-0.0
983,1776071596.4206083,-3.9159419105401643,-1.33722352,0.1033393979555215,1.5468147333563582,12.599,0.177,0.1,0.0,-0.024,-1.0,-0.0
984,1776071596.430135,-3.9159419105401643,-1.33722352,0.1033393979555215,1.5468147333563582,12.599,0.177,0.1,0.0,-0.024,-1.0,-0.0
985,1776071596.4410467,-3.9159419105401643,-1.33722352,0.1033393979555215,1.5468147333563582,12.599,0.177,0.1,0.0,-0.024,-1.0,-0.0
986,1776071596.449337,-3.9159419105401643,-1.33722352,0.1033393979555215,1.5468147333563582,12.599,0.177,0.1,0.0,-0.024,-1.0,-0.0
987,1776071596.457236,-3.9159419105401643,-1.33722352,0.1033393979555215,1.5468147333563582,12.599,0.177,0.1,0.0,-0.024,-1.0,-0.0
988,1776071596.4636385,-3.9159419105401643,-1.33722352,0.1033393979555215,1.5468147333563582,12.599,0.177,0.1,0.0,-0.024,-1.0,-0.0
989,1776071596.4708018,-3.9159419105401643,-1.33722352,0.1033393979555215,1.5468147333563582,12.599,0.177,0.1,0.0,-0.024,-1.0,-0.0
990,1776071596.4788141,-3.9159419105401643,-1.33722352,0.1033393979555215,1.5468147333563582,12.599,0.177,0.1,0.0,-0.024,-1.0,-0.0
991,1776071596.4869888,-3.9159419105401643,-1.33722352,0.1033393979555215,1.5468147333563582,12.599,0.177,0.1,0.0,-0.024,-1.0,-0.0
992,1776071596.4952579,-3.9159419105401643,-1.33722352,0.1033393979555215,1.5468147333563582,12.599,0.177,0.1,0.0,-0.024,-1.0,-0.0
993,1776071596.5037315,-3.9159419105401643,-1.33722352,0.1033393979555215,1.5468147333563582,12.599,0.177,0.1,0.0,-0.024,-1.0,-0.0
994,1776071596.5120823,-3.9159419105401643,-1.33722352,0.1033393979555215,1.5468147333563582,12.599,0.177,0.1,0.0,-0.024,-1.0,-0.0
995,1776071596.52042,-3.9159419105401643,-1.33722352,0.1033393979555215,1.5468147333563582,12.599,0.177,0.1,0.0,-0.024,-1.0,-0.0
996,1776071596.5292478,-3.9159419105401643,-1.33722352,0.1033393979555215,1.5468147333563582,12.599,0.177,0.1,0.0,-0.024,-1.0,-0.0
997,1776071596.537127,-3.9159419105401643,-1.33722352,0.1033393979555215,1.5468147333563582,12.599,0.177,0.1,0.0,-0.024,-1.0,-0.0
998,1776071596.545089,-3.9159419105401643,-1.33722352,0.1033393979555215,1.5468147333563582,12.599,0.177,0.1,0.0,-0.024,-1.0,-0.0
999,1776071596.5533743,-3.9159419105401643,-1.33722352,0.1033393979555215,1.5468147333563582,12.599,0.177,0.1,0.0,-0.024,-1.0,-0.0
1000,1776071596.5623379,-3.9159419105401643,-1.33722352,0.1033393979555215,1.5468147333563582,12.599,0.177,0.1,0.0,-0.024,-1.0,-0.0
1001,1776071596.5709825,-3.9159419105401643,-1.33722352,0.1033393979555215,1.5468147333563582,12.599,0.177,0.1,0.0,-0.024,-1.0,-0.0
1002,1776071596.578361,-3.9159419105401643,-1.33722352,0.1033393979555215,1.5468147333563582,12.599,0.177,0.1,0.0,-0.024,-1.0,-0.0
1003,1776071596.5865939,-3.9159419105401643,-1.33722352,0.1033393979555215,1.5468147333563582,12.599,0.177,0.1,0.0,-0.024,-1.0,-0.0
1004,1776071596.5949342,-3.9159419105401643,-1.33722352,0.1033393979555215,1.5468147333563582,12.599,0.177,0.1,0.0,-0.024,-1.0,-0.0
1005,1776071596.6036336,-3.9159419105401643,-1.33722352,0.1033393979555215,1.5468147333563582,12.599,0.177,0.1,0.0,-0.024,-1.0,-0.0
1006,1776071596.6120465,-3.9159419105401643,-1.33722352,0.1033393979555215,1.5468147333563582,12.599,0.177,0.1,0.0,-0.024,-1.0,-0.0
1007,1776071596.6207728,-3.9159419105401643,-1.33722352,0.1033393979555215,1.5468147333563582,12.599,0.177,0.1,0.0,-0.024,-1.0,-0.0
1008,1776071596.6289182,-3.9159419105401643,-1.33722352,0.1033393979555215,1.5468147333563582,12.599,0.177,0.1,0.0,-0.024,-1.0,-0.0
1009,1776071596.6375616,-3.9159419105401643,-1.33722352,0.1033393979555215,1.5468147333563582,12.599,0.177,0.1,0.0,-0.024,-1.0,-0.0
1010,1776071596.6454208,-3.9159419105401643,-1.33722352,0.1033393979555215,1.5468147333563582,12.599,0.177,0.1,0.0,-0.024,-1.0,-0.0
1011,1776071596.6539128,-3.9159419105401643,-1.33722352,0.1033393979555215,1.5468147333563582,12.599,0.177,0.1,0.0,-0.024,-1.0,-0.0
1012,1776071596.6618402,-3.9159419105401643,-1.33722352,0.1033393979555215,1.5468147333563582,12.599,0.177,0.1,0.0,-0.024,-1.0,-0.0
1013,1776071596.6701567,-3.9159419105401643,-1.33722352,0.1033393979555215,1.5468147333563582,12.599,0.177,0.1,0.0,-0.024,-1.0,-0.0
1014,1776071596.6789083,-3.9159419105401643,-1.33722352,0.1033393979555215,1.5468147333563582,12.599,0.177,0.1,0.0,-0.024,-1.0,-0.0
1015,1776071596.687124,-3.9159419105401643,-1.33722352,0.1033393979555215,1.5468147333563582,12.599,0.177,0.1,0.0,-0.024,-1.0,-0.0
1016,1776071596.695573,-3.9159419105401643,-1.33722352,0.1033393979555215,1.5468147333563582,12.599,0.177,0.1,0.0,-0.024,-1.0,-0.0
1017,1776071596.7040849,-3.9159419105401643,-1.33722352,0.1033393979555215,1.5468147333563582,12.599,0.177,0.1,0.0,-0.024,-1.0,-0.0
1018,1776071596.7121232,-3.9159419105401643,-1.33722352,0.1033393979555215,1.5468147333563582,12.599,0.177,0.1,0.0,-0.024,-1.0,-0.0
1019,1776071596.7202613,-3.9159419105401643,-1.33722352,0.1033393979555215,1.5468147333563582,12.599,0.177,0.1,0.0,-0.024,-1.0,-0.0
1020,1776071596.7289069,-3.9159419105401643,-1.33722352,0.1033393979555215,1.5468147333563582,12.599,0.177,0.1,0.0,-0.024,-1.0,-0.0
1021,1776071596.737366,-3.9159419105401643,-1.33722352,0.1033393979555215,1.5468147333563582,12.599,0.177,0.1,0.0,-0.024,-1.0,-0.0
1022,1776071596.745977,-3.9159419105401643,-1.33722352,0.1033393979555215,1.5468147333563582,12.599,0.177,0.1,0.0,-0.024,-1.0,-0.0
1023,1776071596.7544625,-3.9159419105401643,-1.33722352,0.1033393979555215,1.5468147333563582,12.599,0.177,0.1,0.0,-0.024,-1.0,-0.0
1024,1776071596.7631547,-3.9159419105401643,-1.33722352,0.1033393979555215,1.5468147333563582,12.599,0.177,0.1,0.0,-0.024,-1.0,-0.0
1025,1776071596.7710285,-3.9159419105401643,-1.33722352,0.1033393979555215,1.5468147333563582,12.599,0.177,0.1,0.0,-0.024,-1.0,-0.0
1026,1776071596.7793932,-3.9159419105401643,-1.33722352,0.1033393979555215,1.5468147333563582,12.599,0.177,0.1,0.0,-0.024,-1.0,-0.0
1027,1776071596.7868607,-3.9159419105401643,-1.33722352,0.1033393979555215,1.5468147333563582,12.599,0.177,0.1,0.0,-0.024,-1.0,-0.0
1028,1776071596.7952702,-3.9159419105401643,-1.33722352,0.1033393979555215,1.5468147333563582,12.599,0.177,0.1,0.0,-0.024,-1.0,-0.0
1029,1776071596.8033175,-3.9159419105401643,-1.33722352,0.1033393979555215,1.5468147333563582,12.599,0.177,0.1,0.0,-0.024,-1.0,-0.0
1030,1776071596.812244,-3.9159419105401643,-1.33722352,0.1033393979555215,1.5468147333563582,12.599,0.177,0.1,0.0,-0.024,-1.0,-0.0
1031,1776071596.8234248,-3.9159419105401643,-1.33722352,0.1033393979555215,1.5468147333563582,12.599,0.177,0.1,0.0,-0.024,-1.0,-0.0
1032,1776071596.8371806,-3.9159419105401643,-1.33722352,0.1033393979555215,1.5468147333563582,12.599,0.177,0.1,0.0,-0.024,-1.0,-0.0
1033,1776071596.8484888,-3.9159419105401643,-1.33722352,0.1033393979555215,1.5468147333563582,12.599,0.177,0.1,0.0,-0.024,-1.0,-0.0
1034,1776071596.8587744,-3.9159419105401643,-1.33722352,0.1033393979555215,1.5468147333563582,12.599,0.177,0.1,0.0,-0.024,-1.0,-0.0
1035,1776071596.8700397,-3.9159419105401643,-1.33722352,0.1033393979555215,1.5468147333563582,12.599,0.177,0.1,0.0,-0.024,-1.0,-0.0
1036,1776071596.8802524,-3.9159419105401643,-1.33722352,0.1033393979555215,1.5468147333563582,12.599,0.177,0.1,0.0,-0.024,-1.0,-0.0
1037,1776071596.8906038,-3.9159419105401643,-1.33722352,0.1033393979555215,1.5468147333563582,12.599,0.177,0.1,0.0,-0.024,-1.0,-0.0
1038,1776071596.9018404,-3.9159419105401643,-1.33722352,0.1033393979555215,1.5468147333563582,12.599,0.177,0.1,0.0,-0.024,-1.0,-0.0
1039,1776071596.91226,-3.9159419105401643,-1.33722352,0.1033393979555215,1.5468147333563582,12.599,0.177,0.1,0.0,-0.024,-1.0,-0.0
1040,1776071596.9220884,-3.9159419105401643,-1.33722352,0.1033393979555215,1.5468147333563582,12.599,0.177,0.1,0.0,-0.024,-1.0,-0.0
1041,1776071596.9312425,-3.9159419105401643,-1.33722352,0.1033393979555215,1.5468147333563582,12.599,0.177,0.1,0.0,-0.024,-1.0,-0.0
1042,1776071596.938395,-3.9159419105401643,-1.33722352,0.1033393979555215,1.5468147333563582,12.599,0.177,0.1,0.0,-0.024,-1.0,-0.0
1043,1776071596.9458456,-3.9159419105401643,-1.33722352,0.1033393979555215,1.5468147333563582,12.599,0.177,0.1,0.0,-0.024,-1.0,-0.0
1044,1776071596.9541488,-3.9159419105401643,-1.33722352,0.1033393979555215,1.5468147333563582,12.599,0.177,0.1,0.0,-0.024,-1.0,-0.0
1045,1776071596.965902,-3.9159419105401643,-1.33722352,0.1033393979555215,1.5468147333563582,12.599,0.177,0.1,0.0,-0.024,-1.0,-0.0
1046,1776071596.9749296,-3.9159419105401643,-1.33722352,0.1033393979555215,1.5468147333563582,12.599,0.177,0.1,0.0,-0.024,-1.0,-0.0
1047,1776071596.9814112,-3.9159419105401643,-1.33722352,0.1033393979555215,1.5468147333563582,12.599,0.177,0.1,0.0,-0.024,-1.0,-0.0
1048,1776071596.9883618,-3.9159419105401643,-1.33722352,0.1033393979555215,1.5468147333563582,12.599,0.177,0.1,0.0,-0.024,-1.0,-0.0
1049,1776071596.9952033,-3.9159419105401643,-1.33722352,0.1033393979555215,1.5468147333563582,12.599,0.177,0.1,0.0,-0.024,-1.0,-0.0
1050,1776071597.0038817,-3.9159419105401643,-1.33722352,0.1033393979555215,1.5468147333563582,12.599,0.177,0.1,0.0,-0.024,-1.0,-0.0
1051,1776071597.0121374,-3.9159419105401643,-1.33722352,0.1033393979555215,1.5468147333563582,12.599,0.177,0.1,0.0,-0.024,-1.0,-0.0
1052,1776071597.020696,-3.918951330540165,-1.336972735,0.10215726971000194,1.5468147333563582,12.599,0.177,0.1,0.0,0.024,1.0,0.0
1053,1776071597.0289943,-3.9161926955401647,-1.33722352,0.1033393979555215,1.5468147333563582,12.599,0.177,0.1,0.0,0.024,1.0,0.0
1054,1776071597.0371623,-3.9131832755401645,-1.337474305,0.10452152620104083,1.5468147333563582,12.599,0.177,0.1,0.0,-0.024,-1.0,-0.0
1055,1776071597.0455692,-3.9159419105401643,-1.33722352,0.1033393979555215,1.5468147333563582,12.599,0.177,0.1,0.0,-0.024,-1.0,-0.0
1056,1776071597.056161,-3.9159419105401643,-1.33722352,0.1033393979555215,1.5468147333563582,12.599,0.177,0.1,0.0,-0.024,-1.0,-0.0
1057,1776071597.0659125,-3.9159419105401643,-1.33722352,0.1033393979555215,1.5468147333563582,12.599,0.177,0.1,0.0,-0.024,-1.0,-0.0
1058,1776071597.0733707,-3.9159419105401643,-1.33722352,0.1033393979555215,1.5468147333563582,12.599,0.177,0.1,0.0,-0.024,-1.0,-0.0
1059,1776071597.0796607,-3.9159419105401643,-1.33722352,0.1033393979555215,1.5468147333563582,12.599,0.177,0.1,0.0,-0.024,-1.0,-0.0
1060,1776071597.087117,-3.9159419105401643,-1.33722352,0.1033393979555215,1.5468147333563582,12.599,0.177,0.1,0.0,-0.024,-1.0,-0.0
1061,1776071597.0953407,-3.9159419105401643,-1.33722352,0.1033393979555215,1.5468147333563582,12.599,0.177,0.1,0.0,-0.024,-1.0,-0.0
1062,1776071597.1034977,-3.9159419105401643,-1.33722352,0.1033393979555215,1.5468147333563582,12.599,0.177,0.1,0.0,-0.024,-1.0,-0.0
1063,1776071597.1116774,-3.9159419105401643,-1.33722352,0.1033393979555215,1.5468147333563582,12.599,0.177,0.1,0.0,-0.024,-1.0,-0.0
1064,1776071597.1202588,-3.9159419105401643,-1.33722352,0.1033393979555215,1.5468147333563582,12.599,0.177,0.1,0.0,-0.024,-1.0,-0.0
1065,1776071597.1285892,-3.9159419105401643,-1.33722352,0.1033393979555215,1.5468147333563582,12.599,0.177,0.1,0.0,-0.024,-1.0,-0.0
1066,1776071597.137037,-3.9159419105401643,-1.33722352,0.1033393979555215,1.5468147333563582,12.599,0.177,0.1,0.0,-0.024,-1.0,-0.0
1067,1776071597.1461937,-3.9159419105401643,-1.33722352,0.1033393979555215,1.5468147333563582,12.599,0.177,0.1,0.0,-0.024,-1.0,-0.0
1068,1776071597.1539097,-3.9159419105401643,-1.33722352,0.1033393979555215,1.5468147333563582,12.599,0.177,0.1,0.0,-0.024,-1.0,-0.0
1069,1776071597.162224,3.9606591905401642,-1.33722352,0.1033393979555215,1.5468147333563582,12.599,0.177,0.1,0.0,-0.024,-1.0,0.0
1070,1776071597.1703362,3.9606591905401642,-1.33722352,0.1033393979555215,1.5468147333563582,12.599,0.177,0.1,0.0,-0.024,-1.0,0.0
1071,1776071597.178469,3.9606591905401642,-1.33722352,0.1033393979555215,1.5468147333563582,12.599,0.177,0.1,0.0,-0.024,-1.0,0.0
1072,1776071597.1871085,3.9606591905401642,-1.33722352,0.1033393979555215,1.5468147333563582,12.599,0.177,0.1,0.0,-0.024,-1.0,0.0
1073,1776071597.1951478,3.9606591905401642,-1.33722352,0.1033393979555215,1.5468147333563582,12.599,0.177,0.1,0.0,-0.024,-1.0,0.0
1074,1776071597.2035208,3.9606591905401642,-1.33722352,0.1033393979555215,1.5468147333563582,12.599,0.177,0.1,0.0,-0.024,-1.0,0.0
1075,1776071597.2116306,3.9606591905401642,-1.33722352,0.1033393979555215,1.5468147333563582,12.599,0.177,0.1,0.0,-0.024,-1.0,0.0
1076,1776071597.2203224,3.9606591905401642,-1.33722352,0.1033393979555215,1.5468147333563582,12.599,0.177,0.1,0.0,-0.024,-1.0,0.0
1077,1776071597.2301621,3.9606591905401642,-1.33722352,0.1033393979555215,1.5468147333563582,12.599,0.177,0.1,0.0,-0.024,-1.0,0.0
1078,1776071597.2371159,3.9606591905401642,-1.33722352,0.1033393979555215,1.5468147333563582,12.599,0.177,0.1,0.0,-0.024,-1.0,0.0
1079,1776071597.2451997,3.9606591905401642,-1.33722352,0.1033393979555215,1.5468147333563582,12.599,0.177,0.1,0.0,-0.024,-1.0,0.0
1080,1776071597.2539515,3.9606591905401642,-1.33722352,0.1033393979555215,1.5468147333563582,12.599,0.177,0.1,0.0,-0.024,-1.0,0.0
1081,1776071597.2653837,3.9606591905401642,-1.33722352,0.1033393979555215,1.5468147333563582,12.599,0.177,0.1,0.0,-0.024,-1.0,0.0
1082,1776071597.2798736,3.9606591905401642,-1.33722352,0.1033393979555215,1.5468147333563582,12.599,0.177,0.1,0.0,-0.024,-1.0,0.0
1083,1776071597.2930696,3.9606591905401642,-1.33722352,0.1033393979555215,1.5468147333563582,12.599,0.177,0.1,0.0,-0.024,-1.0,0.0
1084,1776071597.3037026,3.9606591905401642,-1.33722352,0.1033393979555215,1.5468147333563582,12.599,0.177,0.1,0.0,-0.024,-1.0,0.0
1085,1776071597.3128512,3.9606591905401642,-1.33722352,0.1033393979555215,1.5468147333563582,12.599,0.177,0.1,0.0,-0.024,-1.0,0.0
1086,1776071597.320711,3.9606591905401642,-1.33722352,0.1033393979555215,1.5468147333563582,12.599,0.177,0.1,0.0,-0.024,-1.0,0.0
1087,1776071597.3285472,3.9606591905401642,-1.33722352,0.1033393979555215,1.5468147333563582,12.599,0.177,0.1,0.0,-0.024,-1.0,0.0
1088,1776071597.3370316,3.9606591905401642,-1.33722352,0.1033393979555215,1.5468147333563582,12.599,0.177,0.1,0.0,-0.024,-1.0,0.0
1089,1776071597.3469872,3.9606591905401642,-1.33722352,0.1033393979555215,1.5468147333563582,12.599,0.177,0.1,0.0,-0.024,-1.0,0.0
1090,1776071597.3600228,3.9606591905401642,-1.33722352,0.1033393979555215,1.5468147333563582,12.599,0.177,0.1,0.0,-0.024,-1.0,0.0
1091,1776071597.3726833,3.9606591905401642,-1.33722352,0.1033393979555215,1.5468147333563582,12.599,0.177,0.1,0.0,-0.024,-1.0,0.0
1092,1776071597.379404,3.9606591905401642,-1.33722352,0.1033393979555215,1.5468147333563582,12.599,0.177,0.1,0.0,-0.024,-1.0,0.0
1093,1776071597.3868444,3.9606591905401642,-1.33722352,0.1033393979555215,1.5468147333563582,12.599,0.177,0.1,0.0,-0.024,-1.0,0.0
1094,1776071597.395573,3.9606591905401642,-1.33722352,0.1033393979555215,1.5468147333563582,12.599,0.177,0.1,0.0,-0.024,-1.0,0.0
1095,1776071597.4040523,3.9606591905401642,-1.33722352,0.1033393979555215,1.5468147333563582,12.599,0.177,0.1,0.0,-0.024,-1.0,0.0
1096,1776071597.4149034,3.9606591905401642,-1.33722352,0.1033393979555215,1.5468147333563582,12.599,0.177,0.1,0.0,-0.024,-1.0,0.0
1097,1776071597.4280772,3.9606591905401642,-1.33722352,0.1033393979555215,1.5468147333563582,12.599,0.177,0.1,0.0,-0.024,-1.0,0.0
1098,1776071597.4425085,3.9606591905401642,-1.33722352,0.1033393979555215,1.5468147333563582,12.599,0.177,0.1,0.0,-0.024,-1.0,0.0
1099,1776071597.453447,3.9606591905401642,-1.33722352,0.1033393979555215,1.5468147333563582,12.599,0.177,0.1,0.0,-0.024,-1.0,0.0
1100,1776071597.4634335,3.9606591905401642,-1.33722352,0.1033393979555215,1.5468147333563582,12.599,0.177,0.1,0.0,-0.024,-1.0,0.0
1101,1776071597.4741404,3.9606591905401642,-1.33722352,0.1033393979555215,1.5468147333563582,12.599,0.177,0.1,0.0,-0.024,-1.0,0.0
1102,1776071597.4835918,3.9606591905401642,-1.33722352,0.1033393979555215,1.5468147333563582,12.599,0.177,0.1,0.0,-0.024,-1.0,0.0
1103,1776071597.4944818,3.9606591905401642,-1.33722352,0.1033393979555215,1.5468147333563582,12.599,0.177,0.1,0.0,-0.024,-1.0,0.0
1104,1776071597.504825,3.9606591905401642,-1.33722352,0.1033393979555215,1.5468147333563582,12.599,0.177,0.1,0.0,-0.024,-1.0,0.0
1105,1776071597.511667,3.9606591905401642,-1.33722352,0.1033393979555215,1.5468147333563582,12.599,0.177,0.1,0.0,-0.024,-1.0,0.0
1106,1776071597.5201712,3.9606591905401642,-1.33722352,0.1033393979555215,1.5468147333563582,12.599,0.177,0.1,0.0,-0.024,-1.0,0.0
1107,1776071597.5289593,3.9606591905401642,-1.33722352,0.1033393979555215,1.5468147333563582,12.599,0.177,0.1,0.0,-0.024,-1.0,0.0
1108,1776071597.537234,3.9606591905401642,-1.33722352,0.1033393979555215,1.5468147333563582,12.599,0.177,0.1,0.0,-0.024,-1.0,0.0
1109,1776071597.54547,3.9606591905401642,-1.33722352,0.1033393979555215,1.5468147333563582,12.599,0.177,0.1,0.0,-0.024,-1.0,0.0
1110,1776071597.5533488,3.9606591905401642,-1.33722352,0.1033393979555215,1.5468147333563582,12.599,0.177,0.1,0.0,-0.024,-1.0,0.0
1111,1776071597.562252,3.9606591905401642,-1.33722352,0.1033393979555215,1.5468147333563582,12.599,0.177,0.1,0.0,-0.024,-1.0,0.0
1112,1776071597.5702357,3.9606591905401642,-1.33722352,0.1033393979555215,1.5468147333563582,12.599,0.177,0.1,0.0,-0.024,-1.0,0.0
1113,1776071597.578371,3.9606591905401642,-1.33722352,0.1033393979555215,1.5468147333563582,12.599,0.177,0.1,0.0,-0.024,-1.0,0.0
1114,1776071597.5869648,3.9606591905401642,-1.33722352,0.1033393979555215,1.5468147333563582,12.599,0.177,0.1,0.0,-0.024,-1.0,0.0
1115,1776071597.5951312,3.9606591905401642,-1.33722352,0.1033393979555215,1.5468147333563582,12.599,0.177,0.1,0.0,-0.024,-1.0,0.0
1116,1776071597.6036148,3.9606591905401642,-1.33722352,0.1033393979555215,1.5468147333563582,12.599,0.177,0.1,0.0,-0.024,-1.0,0.0
1117,1776071597.6121094,3.9606591905401642,-1.33722352,0.1033393979555215,1.5468147333563582,12.599,0.177,0.1,0.0,-0.024,-1.0,0.0
1118,1776071597.6210632,3.9606591905401642,-1.33722352,0.1033393979555215,1.5468147333563582,12.599,0.177,0.1,0.0,-0.024,-1.0,0.0
1119,1776071597.6283402,3.9606591905401642,-1.33722352,0.1033393979555215,1.5468147333563582,12.599,0.177,0.1,0.0,-0.024,-1.0,0.0
1120,1776071597.6376338,3.9606591905401642,-1.33722352,0.1033393979555215,1.5468147333563582,12.599,0.177,0.1,0.0,-0.024,-1.0,0.0
1121,1776071597.6449733,3.9606591905401642,-1.33722352,0.1033393979555215,1.5468147333563582,12.599,0.177,0.1,0.0,-0.024,-1.0,0.0
1122,1776071597.6536338,3.9606591905401642,-1.33722352,0.1033393979555215,1.5468147333563582,12.599,0.177,0.1,0.0,-0.024,-1.0,0.0
1123,1776071597.666638,3.9606591905401642,-1.33722352,0.1033393979555215,1.5468147333563582,12.599,0.177,0.1,0.0,-0.024,-1.0,0.0
1124,1776071597.679326,3.9606591905401642,-1.33722352,0.1033393979555215,1.5468147333563582,12.599,0.177,0.1,0.0,-0.024,-1.0,0.0
1125,1776071597.6881542,3.9606591905401642,-1.33722352,0.1033393979555215,1.5468147333563582,12.599,0.177,0.1,0.0,-0.024,-1.0,0.0
1126,1776071597.703031,3.9606591905401642,-1.33722352,0.1033393979555215,1.5468147333563582,12.599,0.177,0.1,0.0,-0.024,-1.0,0.0
1127,1776071597.711742,3.9606591905401642,-1.33722352,0.1033393979555215,1.5468147333563582,12.599,0.177,0.1,0.0,-0.024,-1.0,0.0
1128,1776071597.7214177,3.9606591905401642,-1.33722352,0.1033393979555215,1.5468147333563582,12.599,0.177,0.1,0.0,-0.024,-1.0,0.0
1129,1776071597.729083,3.9606591905401642,-1.33722352,0.1033393979555215,1.5468147333563582,12.599,0.177,0.1,0.0,-0.024,-1.0,0.0
1130,1776071597.7373624,3.9606591905401642,-1.33722352,0.1033393979555215,1.5468147333563582,12.599,0.177,0.1,0.0,-0.024,-1.0,0.0
1131,1776071597.7497692,3.9606591905401642,-1.33722352,0.1033393979555215,1.5468147333563582,12.599,0.177,0.1,0.0,-0.024,-1.0,0.0
1132,1776071597.7631269,3.9606591905401642,-1.33722352,0.1033393979555215,1.5468147333563582,12.599,0.177,0.1,0.0,-0.024,-1.0,0.0
1133,1776071597.77405,3.9606591905401642,-1.33722352,0.1033393979555215,1.5468147333563582,12.599,0.177,0.1,0.0,-0.024,-1.0,0.0
1134,1776071597.782182,3.9606591905401642,-1.33722352,0.1033393979555215,1.5468147333563582,12.599,0.177,0.1,0.0,-0.024,-1.0,0.0
1135,1776071597.7888856,3.9606591905401642,-1.33722352,0.1033393979555215,1.5468147333563582,12.599,0.177,0.1,0.0,-0.024,-1.0,0.0
1136,1776071597.795202,-3.9159419105401643,-1.33722352,0.1033393979555215,1.5468147333563582,12.599,0.177,0.1,0.0,0.024,1.0,0.0
1137,1776071597.8034997,-3.9159419105401643,-1.33722352,0.1033393979555215,1.5468147333563582,12.599,0.177,0.1,0.0,0.024,1.0,0.0
1138,1776071597.8116531,-3.9159419105401643,-1.33722352,0.1033393979555215,1.5468147333563582,12.599,0.177,0.1,0.0,0.024,1.0,0.0
1139,1776071597.8200622,-3.9159419105401643,-1.33722352,0.1033393979555215,1.5468147333563582,12.599,0.177,0.1,0.0,0.024,1.0,0.0
1140,1776071597.82841,-3.9159419105401643,-1.33722352,0.1033393979555215,1.5468147333563582,12.599,0.177,0.1,0.0,0.024,1.0,0.0
1141,1776071597.8378098,-3.9159419105401643,-1.33722352,0.1033393979555215,1.5468147333563582,12.599,0.177,0.1,0.0,0.024,1.0,0.0
1142,1776071597.8459513,-3.9159419105401643,-1.33722352,0.1033393979555215,1.5468147333563582,12.599,0.177,0.1,0.0,0.024,1.0,0.0
1143,1776071597.8539789,-3.9159419105401643,-1.33722352,0.1033393979555215,1.5468147333563582,12.599,0.177,0.1,0.0,0.024,1.0,0.0
1144,1776071597.8620577,-3.9159419105401643,-1.33722352,0.1033393979555215,1.5468147333563582,12.599,0.177,0.1,0.0,0.024,1.0,0.0
1145,1776071597.870032,-3.9159419105401643,-1.33722352,0.1033393979555215,1.5468147333563582,12.599,0.177,0.1,0.0,0.024,1.0,0.0
1146,1776071597.8796923,-3.9159419105401643,-1.33722352,0.1033393979555215,1.5468147333563582,12.599,0.177,0.1,0.0,0.024,1.0,0.0
1147,1776071597.8876102,-3.9159419105401643,-1.33722352,0.1033393979555215,1.5468147333563582,12.599,0.177,0.1,0.0,0.024,1.0,0.0
1148,1776071597.8953838,-3.9159419105401643,-1.33722352,0.1033393979555215,1.5468147333563582,12.599,0.177,0.1,0.0,0.024,1.0,0.0
1149,1776071597.9052186,-3.9159419105401643,-1.33722352,0.1033393979555215,1.5468147333563582,12.599,0.177,0.1,0.0,0.024,1.0,0.0
1150,1776071597.9162645,-3.9159419105401643,-1.33722352,0.1033393979555215,1.5468147333563582,12.599,0.177,0.1,0.0,0.024,1.0,0.0
1151,1776071597.9250104,-3.9159419105401643,-1.33722352,0.1033393979555215,1.5468147333563582,12.599,0.177,0.1,0.0,0.024,1.0,0.0
1152,1776071597.9343114,-3.9159419105401643,-1.33722352,0.1033393979555215,1.5468147333563582,12.599,0.177,0.1,0.0,0.024,1.0,0.0
1153,1776071597.9428532,-3.9159419105401643,-1.33722352,0.1033393979555215,1.5468147333563582,12.599,0.177,0.1,0.0,0.024,1.0,0.0
1154,1776071597.950477,-3.9159419105401643,-1.33722352,0.1033393979555215,1.5468147333563582,12.599,0.177,0.1,0.0,0.024,1.0,0.0
1155,1776071597.956318,-3.9159419105401643,-1.33722352,0.1033393979555215,1.5468147333563582,12.599,0.177,0.1,0.0,0.024,1.0,0.0
1156,1776071597.9626596,-3.9159419105401643,-1.33722352,0.1033393979555215,1.5468147333563582,12.599,0.177,0.1,0.0,0.024,1.0,0.0
1157,1776071597.9703784,-3.9159419105401643,-1.33722352,0.1033393979555215,1.5468147333563582,12.599,0.177,0.1,0.0,0.024,1.0,0.0
1158,1776071597.978794,-3.9159419105401643,-1.33722352,0.1033393979555215,1.5468147333563582,12.599,0.177,0.1,0.0,0.024,1.0,0.0
1159,1776071597.987235,-3.9159419105401643,-1.33722352,0.1033393979555215,1.5468147333563582,12.599,0.177,0.1,0.0,0.024,1.0,0.0
1160,1776071597.9950473,-3.9159419105401643,-1.33722352,0.1033393979555215,1.5468147333563582,12.599,0.177,0.1,0.0,0.024,1.0,0.0
1161,1776071598.0033712,-3.9159419105401643,-1.33722352,0.1033393979555215,1.5468147333563582,12.599,0.177,0.1,0.0,0.024,1.0,0.0
1162,1776071598.0116825,-3.9159419105401643,-1.33722352,0.1033393979555215,1.5468147333563582,12.599,0.177,0.1,0.0,0.024,1.0,0.0
1163,1776071598.020019,-3.9159419105401643,-1.33722352,0.1033393979555215,1.5468147333563582,12.599,0.177,0.1,0.0,0.024,1.0,0.0
1164,1776071598.0286393,-3.9159419105401643,-1.33722352,0.1033393979555215,1.5468147333563582,12.599,0.177,0.1,0.0,0.024,1.0,0.0
1165,1776071598.03677,-3.9159419105401643,-1.33722352,0.1033393979555215,1.5468147333563582,12.599,0.177,0.1,0.0,0.024,1.0,0.0
1166,1776071598.045096,-3.9159419105401643,-1.33722352,0.1033393979555215,1.5468147333563582,12.599,0.177,0.1,0.0,0.024,1.0,0.0
1167,1776071598.0532563,-3.9159419105401643,-1.33722352,0.1033393979555215,1.5468147333563582,12.599,0.177,0.1,0.0,0.024,1.0,0.0
1168,1776071598.0619135,-3.9159419105401643,-1.33722352,0.1033393979555215,1.5468147333563582,12.599,0.177,0.1,0.0,0.024,1.0,0.0
1169,1776071598.0719874,-3.9159419105401643,-1.33722352,0.1033393979555215,1.5468147333563582,12.599,0.177,0.1,0.0,0.024,1.0,0.0
1170,1776071598.0799701,-3.9159419105401643,-1.33722352,0.1033393979555215,1.5468147333563582,12.599,0.177,0.1,0.0,0.024,1.0,0.0
1171,1776071598.0876422,-3.9159419105401643,-1.33722352,0.1033393979555215,1.5468147333563582,12.599,0.177,0.1,0.0,0.024,1.0,0.0
1172,1776071598.102432,-3.9159419105401643,-1.33722352,0.1033393979555215,1.5468147333563582,12.599,0.177,0.1,0.0,0.024,1.0,0.0
1173,1776071598.1194797,-3.9159419105401643,-1.33722352,0.1033393979555215,1.5468147333563582,12.599,0.177,0.1,0.0,0.024,1.0,0.0
1174,1776071598.126712,-3.9159419105401643,-1.33722352,0.1033393979555215,1.5468147333563582,12.599,0.177,0.1,0.0,0.024,1.0,0.0
1175,1776071598.1367397,-3.9159419105401643,-1.33722352,0.1033393979555215,1.5468147333563582,12.599,0.177,0.1,0.0,0.024,1.0,0.0
1176,1776071598.1472487,-3.9159419105401643,-1.33722352,0.1033393979555215,1.5468147333563582,12.599,0.177,0.1,0.0,0.024,1.0,0.0
1177,1776071598.157414,-3.9159419105401643,-1.33722352,0.1033393979555215,1.5468147333563582,12.599,0.177,0.1,0.0,0.024,1.0,0.0
1178,1776071598.1648037,-3.9159419105401643,-1.33722352,0.1033393979555215,1.5468147333563582,12.599,0.177,0.1,0.0,0.024,1.0,0.0
1179,1776071598.1726425,-3.9159419105401643,-1.33722352,0.1033393979555215,1.5468147333563582,12.599,0.177,0.1,0.0,0.024,1.0,0.0
1180,1776071598.1790366,-3.9159419105401643,-1.33722352,0.1033393979555215,1.5468147333563582,12.599,0.177,0.1,0.0,0.024,1.0,0.0
1181,1776071598.1869264,-3.9159419105401643,-1.33722352,0.1033393979555215,1.5468147333563582,12.599,0.177,0.1,0.0,0.024,1.0,0.0
1182,1776071598.1950383,-3.9159419105401643,-1.33722352,0.1033393979555215,1.5468147333563582,12.599,0.177,0.1,0.0,0.024,1.0,0.0
1183,1776071598.203444,-3.9159419105401643,-1.33722352,0.1033393979555215,1.5468147333563582,12.599,0.177,0.1,0.0,0.024,1.0,0.0
1184,1776071598.2117703,-3.9159419105401643,-1.33722352,0.1033393979555215,1.5468147333563582,12.599,0.177,0.1,0.0,0.024,1.0,0.0
1185,1776071598.2201173,-3.9159419105401643,-1.33722352,0.1033393979555215,1.5468147333563582,12.599,0.177,0.1,0.0,0.024,1.0,0.0
1186,1776071598.2284431,-3.9159419105401643,-1.33722352,0.1033393979555215,1.5468147333563582,12.599,0.177,0.1,0.0,0.024,1.0,0.0
1187,1776071598.2367096,-3.9159419105401643,-1.33722352,0.1033393979555215,1.5468147333563582,12.599,0.177,0.1,0.0,0.024,1.0,0.0
1188,1776071598.2452114,-3.9159419105401643,-1.33722352,0.1033393979555215,1.5468147333563582,12.599,0.177,0.1,0.0,0.024,1.0,0.0
1189,1776071598.2534797,-3.9159419105401643,-1.33722352,0.1033393979555215,1.5468147333563582,12.599,0.177,0.1,0.0,0.024,1.0,0.0
1190,1776071598.2619119,-3.9159419105401643,-1.33722352,0.1033393979555215,1.5468147333563582,12.599,0.177,0.1,0.0,0.024,1.0,0.0
1191,1776071598.2703054,-3.9159419105401643,-1.33722352,0.1033393979555215,1.5468147333563582,12.599,0.177,0.1,0.0,0.024,1.0,0.0
1192,1776071598.2789047,-3.9159419105401643,-1.33722352,0.1033393979555215,1.5468147333563582,12.599,0.177,0.1,0.0,0.024,1.0,0.0
1193,1776071598.287241,-3.9159419105401643,-1.33722352,0.1033393979555215,1.5468147333563582,12.599,0.177,0.1,0.0,0.024,1.0,0.0
1194,1776071598.29521,-3.9159419105401643,-1.33722352,0.1033393979555215,1.5468147333563582,12.599,0.177,0.1,0.0,0.024,1.0,0.0
1195,1776071598.3037689,-3.9159419105401643,-1.33722352,0.1033393979555215,1.5468147333563582,12.599,0.177,0.1,0.0,0.024,1.0,0.0
1196,1776071598.3119092,-3.9159419105401643,-1.33722352,0.1033393979555215,1.5468147333563582,12.599,0.177,0.1,0.0,0.024,1.0,0.0
1197,1776071598.3200524,-3.9159419105401643,-1.33722352,0.1033393979555215,1.5468147333563582,12.599,0.177,0.1,0.0,0.024,1.0,0.0
1198,1776071598.328386,-3.9159419105401643,-1.33722352,0.1033393979555215,1.5468147333563582,12.599,0.177,0.1,0.0,0.024,1.0,0.0
1199,1776071598.3366706,-3.9159419105401643,-1.33722352,0.1033393979555215,1.5468147333563582,12.599,0.177,0.1,0.0,0.024,1.0,0.0
1200,1776071598.345203,-3.9159419105401643,-1.33722352,0.1033393979555215,1.5468147333563582,12.599,0.177,0.1,0.0,0.024,1.0,0.0
1201,1776071598.3533232,-3.9159419105401643,-1.33722352,0.1033393979555215,1.5468147333563582,12.599,0.177,0.1,0.0,0.024,1.0,0.0
1202,1776071598.3616588,-3.9159419105401643,-1.33722352,0.1033393979555215,1.5468147333563582,12.599,0.177,0.1,0.0,0.024,1.0,0.0
1203,1776071598.3703997,-3.9159419105401643,-1.33722352,0.1033393979555215,1.5468147333563582,12.599,0.177,0.1,0.0,0.024,1.0,0.0
1204,1776071598.3783636,-3.9159419105401643,-1.33722352,0.1033393979555215,1.5468147333563582,12.599,0.177,0.1,0.0,0.024,1.0,0.0
1205,1776071598.3873305,-3.9159419105401643,-1.33722352,0.1033393979555215,1.5468147333563582,12.599,0.177,0.1,0.0,0.024,1.0,0.0
1206,1776071598.39516,-3.9159419105401643,-1.33722352,0.1033393979555215,1.5468147333563582,12.599,0.177,0.1,0.0,0.024,1.0,0.0
1207,1776071598.4033663,-3.9159419105401643,-1.33722352,0.1033393979555215,1.5468147333563582,12.599,0.177,0.1,0.0,0.024,1.0,0.0
1208,1776071598.4117541,-3.9159419105401643,-1.33722352,0.1033393979555215,1.5468147333563582,12.599,0.177,0.1,0.0,-0.024,-1.0,-0.0
1209,1776071598.4206967,-3.9159419105401643,-1.33722352,0.1033393979555215,1.5468147333563582,12.599,0.177,0.1,0.0,-0.024,-1.0,-0.0
1210,1776071598.4288564,-3.9159419105401643,-1.33722352,0.1033393979555215,1.5468147333563582,12.599,0.177,0.1,0.0,-0.024,-1.0,-0.0
1211,1776071598.4368842,-3.9159419105401643,-1.33722352,0.1033393979555215,1.5468147333563582,12.599,0.177,0.1,0.0,-0.024,-1.0,-0.0
1212,1776071598.4451876,-3.9159419105401643,-1.33722352,0.1033393979555215,1.5468147333563582,12.599,0.177,0.1,0.0,-0.024,-1.0,-0.0
1213,1776071598.453701,-3.9159419105401643,-1.33722352,0.1033393979555215,1.5468147333563582,12.599,0.177,0.1,0.0,-0.024,-1.0,-0.0
1214,1776071598.4618328,-3.9159419105401643,-1.33722352,0.1033393979555215,1.5468147333563582,12.599,0.177,0.1,0.0,-0.024,-1.0,-0.0
1215,1776071598.4704163,-3.9159419105401643,-1.33722352,0.1033393979555215,1.5468147333563582,12.599,0.177,0.1,0.0,-0.024,-1.0,-0.0
1216,1776071598.47893,-3.9159419105401643,-1.33722352,0.1033393979555215,1.5468147333563582,12.599,0.177,0.1,0.0,-0.024,-1.0,-0.0
1217,1776071598.4868605,-3.9159419105401643,-1.33722352,0.1033393979555215,1.5468147333563582,12.599,0.177,0.1,0.0,-0.024,-1.0,-0.0
1218,1776071598.4956355,-3.9159419105401643,-1.33722352,0.1033393979555215,1.5468147333563582,12.599,0.177,0.1,0.0,-0.024,-1.0,-0.0
1219,1776071598.5033312,-3.9159419105401643,-1.33722352,0.1033393979555215,1.5468147333563582,12.599,0.177,0.1,0.0,-0.024,-1.0,-0.0
1220,1776071598.511743,-3.9159419105401643,-1.33722352,0.1033393979555215,1.5468147333563582,12.599,0.177,0.1,0.0,-0.024,-1.0,-0.0
1221,1776071598.520202,-3.9159419105401643,-1.33722352,0.1033393979555215,1.5468147333563582,12.599,0.177,0.1,0.0,-0.024,-1.0,-0.0
1222,1776071598.5282788,-3.9159419105401643,-1.33722352,0.1033393979555215,1.5468147333563582,12.599,0.177,0.1,0.0,-0.024,-1.0,-0.0
1223,1776071598.5367627,-3.9159419105401643,-1.33722352,0.1033393979555215,1.5468147333563582,12.599,0.177,0.1,0.0,-0.024,-1.0,-0.0
1224,1776071598.5455449,-3.9159419105401643,-1.33722352,0.1033393979555215,1.5468147333563582,12.599,0.177,0.1,0.0,-0.024,-1.0,-0.0
1225,1776071598.553508,-3.9159419105401643,-1.33722352,0.1033393979555215,1.5468147333563582,12.599,0.177,0.1,0.0,-0.024,-1.0,-0.0
1226,1776071598.5620167,-3.9159419105401643,-1.33722352,0.1033393979555215,1.5468147333563582,12.599,0.177,0.1,0.0,-0.024,-1.0,-0.0
1227,1776071598.5701246,-3.9159419105401643,-1.33722352,0.1033393979555215,1.5468147333563582,12.599,0.177,0.1,0.0,-0.024,-1.0,-0.0
1228,1776071598.578392,-3.9159419105401643,-1.33722352,0.1033393979555215,1.5468147333563582,12.599,0.177,0.1,0.0,-0.024,-1.0,-0.0
1229,1776071598.5867963,-3.9159419105401643,-1.33722352,0.1033393979555215,1.5468147333563582,12.599,0.177,0.1,0.0,-0.024,-1.0,-0.0
1230,1776071598.595236,-3.9159419105401643,-1.33722352,0.1033393979555215,1.5468147333563582,12.599,0.177,0.1,0.0,-0.024,-1.0,-0.0
1231,1776071598.6032863,-3.9159419105401643,-1.33722352,0.1033393979555215,1.5468147333563582,12.599,0.177,0.1,0.0,-0.024,-1.0,-0.0
1232,1776071598.6117878,-3.9159419105401643,-1.33722352,0.1033393979555215,1.5468147333563582,12.599,0.177,0.1,0.0,-0.024,-1.0,-0.0
1233,1776071598.6202888,-3.9159419105401643,-1.33722352,0.1033393979555215,1.5468147333563582,12.599,0.177,0.1,0.0,-0.024,-1.0,-0.0
1234,1776071598.6307561,-3.9159419105401643,-1.33722352,0.1033393979555215,1.5468147333563582,12.599,0.177,0.1,0.0,-0.024,-1.0,-0.0
1235,1776071598.6452534,-3.9159419105401643,-1.33722352,0.1033393979555215,1.5468147333563582,12.599,0.177,0.1,0.0,-0.024,-1.0,-0.0
1236,1776071598.6572866,-3.9159419105401643,-1.33722352,0.1033393979555215,1.5468147333563582,12.599,0.177,0.1,0.0,-0.024,-1.0,-0.0
1237,1776071598.6685042,-3.9159419105401643,-1.33722352,0.1033393979555215,1.5468147333563582,12.599,0.177,0.1,0.0,-0.024,-1.0,-0.0
1238,1776071598.6747687,-3.9159419105401643,-1.33722352,0.1033393979555215,1.5468147333563582,12.599,0.177,0.1,0.0,-0.024,-1.0,-0.0
1239,1776071598.6806853,-3.9159419105401643,-1.33722352,0.1033393979555215,1.5468147333563582,12.599,0.177,0.1,0.0,-0.024,-1.0,-0.0
1240,1776071598.687371,-3.9159419105401643,-1.33722352,0.1033393979555215,1.5468147333563582,12.599,0.177,0.1,0.0,-0.024,-1.0,-0.0
1241,1776071598.6955884,-3.9159419105401643,-1.33722352,0.1033393979555215,1.5468147333563582,12.599,0.177,0.1,0.0,-0.024,-1.0,-0.0
1242,1776071598.703605,-3.9159419105401643,-1.33722352,0.1033393979555215,1.5468147333563582,12.599,0.177,0.1,0.0,-0.024,-1.0,-0.0
1243,1776071598.711801,-3.9159419105401643,-1.33722352,0.1033393979555215,1.5468147333563582,12.599,0.177,0.1,0.0,-0.024,-1.0,-0.0
1244,1776071598.7205918,-3.9159419105401643,-1.33722352,0.1033393979555215,1.5468147333563582,12.599,0.177,0.1,0.0,-0.024,-1.0,-0.0
1245,1776071598.728846,-3.9159419105401643,-1.33722352,0.1033393979555215,1.5468147333563582,12.599,0.177,0.1,0.0,-0.024,-1.0,-0.0
1246,1776071598.73707,-3.9159419105401643,-1.33722352,0.1033393979555215,1.5468147333563582,12.599,0.177,0.1,0.0,-0.024,-1.0,-0.0
1247,1776071598.7450516,-3.9159419105401643,-1.33722352,0.1033393979555215,1.5468147333563582,12.599,0.177,0.1,0.0,-0.024,-1.0,-0.0
1248,1776071598.7543626,-3.9159419105401643,-1.33722352,0.1033393979555215,1.5468147333563582,12.599,0.177,0.1,0.0,-0.024,-1.0,-0.0
1249,1776071598.762539,-3.9159419105401643,-1.33722352,0.1033393979555215,1.5468147333563582,12.599,0.177,0.1,0.0,-0.024,-1.0,-0.0
1250,1776071598.7707005,-3.9159419105401643,-1.33722352,0.1033393979555215,1.5468147333563582,12.599,0.177,0.1,0.0,-0.024,-1.0,-0.0
1251,1776071598.7790763,-3.9159419105401643,-1.33722352,0.1033393979555215,1.5468147333563582,12.599,0.177,0.1,0.0,-0.024,-1.0,-0.0
1252,1776071598.7875736,-3.9159419105401643,-1.33722352,0.1033393979555215,1.5468147333563582,12.599,0.177,0.1,0.0,-0.024,-1.0,-0.0
1253,1776071598.7958047,-3.9159419105401643,-1.33722352,0.1033393979555215,1.5468147333563582,12.599,0.177,0.1,0.0,-0.024,-1.0,-0.0
1254,1776071598.8036609,-3.9159419105401643,-1.33722352,0.1033393979555215,1.5468147333563582,12.599,0.177,0.1,0.0,-0.024,-1.0,-0.0
1255,1776071598.8119144,-3.9159419105401643,-1.33722352,0.1033393979555215,1.5468147333563582,12.599,0.177,0.1,0.0,-0.024,-1.0,-0.0
1256,1776071598.8203492,-3.9159419105401643,-1.33722352,0.1033393979555215,1.5468147333563582,12.599,0.177,0.1,0.0,-0.024,-1.0,-0.0
1257,1776071598.828519,-3.9159419105401643,-1.33722352,0.1033393979555215,1.5468147333563582,12.599,0.177,0.1,0.0,-0.024,-1.0,-0.0
1258,1776071598.8370752,-3.9159419105401643,-1.33722352,0.1033393979555215,1.5468147333563582,12.599,0.177,0.1,0.0,-0.024,-1.0,-0.0
1259,1776071598.845176,-3.9159419105401643,-1.33722352,0.1033393979555215,1.5468147333563582,12.599,0.177,0.1,0.0,-0.024,-1.0,-0.0
1260,1776071598.8534045,-3.9159419105401643,-1.33722352,0.1033393979555215,1.5468147333563582,12.599,0.177,0.1,0.0,-0.024,-1.0,-0.0
1261,1776071598.8617156,-3.9159419105401643,-1.33722352,0.1033393979555215,1.5468147333563582,12.599,0.177,0.1,0.0,-0.024,-1.0,-0.0
1262,1776071598.8704257,-3.9159419105401643,-1.33722352,0.1033393979555215,1.5468147333563582,12.599,0.177,0.1,0.0,-0.024,-1.0,-0.0
1263,1776071598.8787863,-3.9159419105401643,-1.33722352,0.1033393979555215,1.5468147333563582,12.599,0.177,0.1,0.0,-0.024,-1.0,-0.0
1264,1776071598.886672,-3.9159419105401643,-1.33722352,0.1033393979555215,1.5468147333563582,12.599,0.177,0.1,0.0,-0.024,-1.0,-0.0
1265,1776071598.8954763,-3.9159419105401643,-1.33722352,0.1033393979555215,1.5468147333563582,12.599,0.177,0.1,0.0,-0.024,-1.0,-0.0
1266,1776071598.9034035,-3.9159419105401643,-1.33722352,0.1033393979555215,1.5468147333563582,12.599,0.177,0.1,0.0,-0.024,-1.0,-0.0
1267,1776071598.911866,-3.9159419105401643,-1.33722352,0.1033393979555215,1.5468147333563582,12.599,0.177,0.1,0.0,-0.024,-1.0,-0.0
1268,1776071598.9221134,-3.9159419105401643,-1.33722352,0.1033393979555215,1.5468147333563582,12.599,0.177,0.1,0.0,-0.024,-1.0,-0.0
1269,1776071598.930346,-3.9159419105401643,-1.33722352,0.1033393979555215,1.5468147333563582,12.599,0.177,0.1,0.0,-0.024,-1.0,-0.0
1270,1776071598.9398313,-3.9159419105401643,-1.33722352,0.1033393979555215,1.5468147333563582,12.599,0.177,0.1,0.0,-0.024,-1.0,-0.0
1271,1776071598.9535062,-3.9159419105401643,-1.33722352,0.1033393979555215,1.5468147333563582,12.599,0.177,0.1,0.0,-0.024,-1.0,-0.0
1272,1776071598.9618466,-3.9159419105401643,-1.33722352,0.1033393979555215,1.5468147333563582,12.599,0.177,0.1,0.0,-0.024,-1.0,-0.0
1273,1776071598.9711814,-3.9159419105401643,-1.33722352,0.1033393979555215,1.5468147333563582,12.599,0.177,0.1,0.0,-0.024,-1.0,-0.0
1274,1776071598.9786837,-3.9159419105401643,-1.33722352,0.1033393979555215,1.5468147333563582,12.599,0.177,0.1,0.0,-0.024,-1.0,-0.0
1275,1776071598.9869916,-3.9159419105401643,-1.33722352,0.1033393979555215,1.5468147333563582,12.599,0.177,0.1,0.0,-0.024,-1.0,-0.0
1276,1776071598.996012,-3.9159419105401643,-1.33722352,0.1033393979555215,1.5468147333563582,12.599,0.177,0.1,0.0,-0.024,-1.0,-0.0
1277,1776071599.0065007,-3.9159419105401643,-1.33722352,0.1033393979555215,1.5468147333563582,12.599,0.177,0.1,0.0,-0.024,-1.0,-0.0
1278,1776071599.0182917,-3.9159419105401643,-1.33722352,0.1033393979555215,1.5468147333563582,12.599,0.177,0.1,0.0,-0.024,-1.0,-0.0
1279,1776071599.0265274,-3.9159419105401643,-1.33722352,0.1033393979555215,1.5468147333563582,12.599,0.177,0.1,0.0,-0.024,-1.0,-0.0
1280,1776071599.0340426,-3.9159419105401643,-1.33722352,0.1033393979555215,1.5468147333563582,12.599,0.177,0.1,0.0,-0.024,-1.0,-0.0
1281,1776071599.04074,-3.9159419105401643,-1.33722352,0.1033393979555215,1.5468147333563582,12.599,0.177,0.1,0.0,-0.024,-1.0,-0.0
1282,1776071599.0490587,-3.9159419105401643,-1.33722352,0.1033393979555215,1.5468147333563582,12.599,0.177,0.1,0.0,-0.024,-1.0,-0.0
1283,1776071599.055321,-3.9159419105401643,-1.33722352,0.1033393979555215,1.5468147333563582,12.599,0.177,0.1,0.0,-0.024,-1.0,-0.0
1284,1776071599.0622404,-3.9159419105401643,-1.33722352,0.1033393979555215,1.5468147333563582,12.599,0.177,0.1,0.0,-0.024,-1.0,-0.0
1285,1776071599.0704193,-3.9159419105401643,-1.33722352,0.1033393979555215,1.5468147333563582,12.599,0.177,0.1,0.0,-0.024,-1.0,-0.0
1286,1776071599.078911,-3.9159419105401643,-1.33722352,0.1033393979555215,1.5468147333563582,12.599,0.177,0.1,0.0,-0.024,-1.0,-0.0
1287,1776071599.087206,-3.9159419105401643,-1.33722352,0.1033393979555215,1.5468147333563582,12.599,0.177,0.1,0.0,-0.024,-1.0,-0.0
1288,1776071599.0950584,-3.9159419105401643,-1.33722352,0.1033393979555215,1.5468147333563582,12.599,0.177,0.1,0.0,-0.024,-1.0,-0.0
1289,1776071599.1036408,-3.9159419105401643,-1.33722352,0.1033393979555215,1.5468147333563582,12.599,0.177,0.1,0.0,-0.024,-1.0,-0.0
1290,1776071599.1124966,-3.9159419105401643,-1.33722352,0.1033393979555215,1.5468147333563582,12.599,0.177,0.1,0.0,-0.024,-1.0,-0.0
1291,1776071599.120293,-3.9159419105401643,-1.33722352,0.1033393979555215,1.5468147333563582,12.599,0.177,0.1,0.0,-0.024,-1.0,-0.0
1292,1776071599.1287754,-3.9159419105401643,-1.33722352,0.1033393979555215,1.5468147333563582,12.599,0.177,0.1,0.0,-0.024,-1.0,-0.0
1293,1776071599.136655,-3.9159419105401643,-1.33722352,0.1033393979555215,1.5468147333563582,12.599,0.177,0.1,0.0,-0.024,-1.0,-0.0
1294,1776071599.1455653,-3.9159419105401643,-1.33722352,0.1033393979555215,1.5468147333563582,12.599,0.177,0.1,0.0,-0.024,-1.0,-0.0
1295,1776071599.153598,-3.9159419105401643,-1.33722352,0.1033393979555215,1.5468147333563582,12.599,0.177,0.1,0.0,-0.024,-1.0,-0.0
1296,1776071599.1626883,-3.9159419105401643,-1.33722352,0.1033393979555215,1.5468147333563582,12.599,0.177,0.1,0.0,-0.024,-1.0,-0.0
1297,1776071599.1752388,-3.9159419105401643,-1.33722352,0.1033393979555215,1.5468147333563582,12.599,0.177,0.1,0.0,-0.024,-1.0,-0.0
1298,1776071599.1991153,-3.9159419105401643,-1.33722352,0.1033393979555215,1.5468147333563582,12.599,0.177,0.1,0.0,-0.024,-1.0,-0.0
1299,1776071599.2145698,-3.9159419105401643,-1.33722352,0.1033393979555215,1.5468147333563582,12.599,0.177,0.1,0.0,-0.024,-1.0,-0.0
1300,1776071599.2248003,-3.9159419105401643,-1.33722352,0.1033393979555215,1.5468147333563582,12.599,0.177,0.1,0.0,-0.024,-1.0,-0.0
1301,1776071599.235322,-3.9159419105401643,-1.33722352,0.1033393979555215,1.5468147333563582,12.599,0.177,0.1,0.0,-0.024,-1.0,-0.0
1302,1776071599.2445593,-3.917446620540164,-1.33722352,0.10373344070402801,1.5468147333563582,12.599,0.177,0.1,0.0,0.024,1.0,0.0
1303,1776071599.251457,-3.9179481905401645,-1.336972735,0.10255131245850846,1.5468147333563582,12.599,0.177,0.1,0.0,0.024,1.0,0.0
1304,1776071599.258215,-3.9131832755401645,-1.33722352,0.10412748345253409,1.5468147333563582,12.599,0.177,0.1,0.0,0.024,1.0,0.0
1305,1776071599.264403,-3.914687985540164,-1.33722352,0.10373344070402801,1.5468147333563582,12.599,0.177,0.1,0.0,-0.024,-1.0,-0.0
1306,1776071599.2704694,-3.9159419105401643,-1.33722352,0.1033393979555215,1.5468147333563582,12.599,0.177,0.1,0.0,-0.024,-1.0,-0.0
1307,1776071599.2787874,-3.9159419105401643,-1.33722352,0.1033393979555215,1.5468147333563582,12.599,0.177,0.1,0.0,-0.024,-1.0,-0.0
1308,1776071599.286617,-3.9159419105401643,-1.33722352,0.1033393979555215,1.5468147333563582,12.599,0.177,0.1,0.0,-0.024,-1.0,-0.0
1309,1776071599.2951863,-3.9159419105401643,-1.33722352,0.1033393979555215,1.5468147333563582,12.599,0.177,0.1,0.0,-0.024,-1.0,-0.0
1310,1776071599.3037863,-3.9159419105401643,-1.33722352,0.1033393979555215,1.5468147333563582,12.599,0.177,0.1,0.0,-0.024,-1.0,-0.0
1311,1776071599.3118203,-3.9159419105401643,-1.33722352,0.1033393979555215,1.5468147333563582,12.599,0.177,0.1,0.0,-0.024,-1.0,-0.0
1312,1776071599.3203115,-3.9159419105401643,-1.33722352,0.1033393979555215,1.5468147333563582,12.599,0.177,0.1,0.0,-0.024,-1.0,-0.0
1313,1776071599.3287904,-3.9159419105401643,-1.33722352,0.1033393979555215,1.5468147333563582,12.599,0.177,0.1,0.0,-0.024,-1.0,-0.0
1314,1776071599.336816,-3.9159419105401643,-1.33722352,0.1033393979555215,1.5468147333563582,12.599,0.177,0.1,0.0,-0.024,-1.0,-0.0
1315,1776071599.345399,-3.9159419105401643,-1.33722352,0.1033393979555215,1.5468147333563582,12.599,0.177,0.1,0.0,-0.024,-1.0,-0.0
1316,1776071599.3533566,-3.9159419105401643,-1.33722352,0.1033393979555215,1.5468147333563582,12.599,0.177,0.1,0.0,-0.024,-1.0,-0.0
1317,1776071599.3622923,-3.9159419105401643,-1.33722352,0.1033393979555215,1.5468147333563582,12.599,0.177,0.1,0.0,-0.024,-1.0,-0.0
1318,1776071599.3700473,-3.9159419105401643,-1.33722352,0.1033393979555215,1.5468147333563582,12.599,0.177,0.1,0.0,-0.024,-1.0,-0.0
1319,1776071599.3785336,-3.9159419105401643,-1.33722352,0.1033393979555215,1.5468147333563582,12.599,0.177,0.1,0.0,-0.024,-1.0,-0.0
1320,1776071599.3873515,-3.9159419105401643,-1.33722352,0.1033393979555215,1.5468147333563582,12.599,0.177,0.1,0.0,-0.024,-1.0,-0.0
1321,1776071599.3961494,-3.9159419105401643,-1.33722352,0.1033393979555215,1.5468147333563582,12.599,0.177,0.1,0.0,-0.024,-1.0,-0.0
1322,1776071599.404019,-3.9159419105401643,-1.33722352,0.1033393979555215,1.5468147333563582,12.599,0.177,0.1,0.0,-0.024,-1.0,-0.0
1323,1776071599.413092,-3.9159419105401643,-1.33722352,0.1033393979555215,1.5468147333563582,12.599,0.177,0.1,0.0,-0.024,-1.0,-0.0
1324,1776071599.424054,-3.9159419105401643,-1.33722352,0.1033393979555215,1.5468147333563582,12.599,0.177,0.1,0.0,-0.024,-1.0,-0.0
1325,1776071599.432985,-3.9159419105401643,-1.33722352,0.1033393979555215,1.5468147333563582,12.599,0.177,0.1,0.0,-0.024,-1.0,-0.0
1326,1776071599.4431715,-3.9159419105401643,-1.33722352,0.1033393979555215,1.5468147333563582,12.599,0.177,0.1,0.0,-0.024,-1.0,-0.0
1327,1776071599.450241,-3.9156911255401643,-1.33722352,0.1033393979555215,1.5468147333563582,12.599,0.177,0.1,0.0,-0.024,-1.0,-0.0
1328,1776071599.4571526,-3.9156911255401643,-1.33722352,0.1033393979555215,1.5468147333563582,12.599,0.177,0.1,0.0,-0.024,-1.0,-0.0
1329,1776071599.4645643,-3.915314020540164,-1.336972735,0.1033393979555215,1.5468147333563582,12.599,0.178,0.1,0.0,-0.024,-1.0,-0.0
1330,1776071599.4702888,-3.915063235540164,-1.336972735,0.1033393979555215,1.5468147333563582,12.599,0.178,0.1,0.0,-0.024,-1.0,-0.0
1331,1776071599.478397,-3.915063235540164,-1.336972735,0.1033393979555215,1.5468147333563582,12.599,0.178,0.1,0.0,-0.024,-1.0,-0.0
1332,1776071599.4874194,-3.915063235540164,-1.336972735,0.1033393979555215,1.5478125288963445,12.599,0.178,0.1,0.0,-0.023,-1.0,-0.0
1333,1776071599.4950488,-3.915063235540164,-1.336972735,0.1033393979555215,1.5478125288963445,12.599,0.178,0.1,0.0,-0.023,-1.0,-0.0
1334,1776071599.503892,-3.9148124505401642,-1.336972735,0.1033393979555215,1.5478125288963445,12.599,0.178,0.1,0.0,-0.023,-1.0,-0.0
1335,1776071599.5118003,-3.9143108805401643,-1.3367219499999998,0.1033393979555215,1.5488105076593788,12.599,0.178,0.1,0.0,-0.022,-1.0,-0.0
1336,1776071599.520161,-3.9145616655401643,-1.3367219499999998,0.1033393979555215,1.5488105076593788,12.599,0.178,0.1,0.0,-0.022,-1.0,-0.0
1337,1776071599.5283105,-3.9133077405401644,-1.33622038,0.1033393979555215,1.5488105076593788,12.599,0.178,0.1,0.0,-0.022,-1.0,-0.0
1338,1776071599.5367131,-3.913809310540165,-1.336471165,0.1033393979555215,1.549808661742218,12.599,0.178,0.1,0.0,-0.021,-1.0,-0.0
1339,1776071599.5455537,-3.9143108805401643,-1.3367219499999998,0.1033393979555215,1.549808661742218,12.599,0.178,0.1,0.0,-0.021,-1.0,-0.0
1340,1776071599.5533762,-3.9135585255401644,-1.336471165,0.1033393979555215,1.5508069832332516,12.599,0.178,0.1,0.0,-0.02,-1.0,-0.0
1341,1776071599.5620077,-3.9133077405401644,-1.33622038,0.1033393979555215,1.5508069832332516,12.599,0.178,0.1,0.0,-0.02,-1.0,-0.0
1342,1776071599.5702949,-3.9135585255401644,-1.336471165,0.1033393979555215,1.5518054642128765,12.599,0.178,0.1,0.0,-0.019,-1.0,-0.0
1343,1776071599.5783486,-3.913809310540165,-1.336471165,0.1033393979555215,1.5528040967538708,12.599,0.178,0.1,0.0,-0.018,-1.0,-0.0
1344,1776071599.5868528,-3.9128061705401644,-1.33622038,0.1033393979555215,1.5528040967538708,12.599,0.178,0.1,0.0,-0.018,-1.0,-0.0
1345,1776071599.5956197,-3.9135585255401644,-1.336471165,0.1033393979555215,1.5538028729217692,12.599,0.178,0.1,0.0,-0.017,-1.0,-0.0
1346,1776071599.603798,-3.9125553855401645,-1.335969595,0.1033393979555215,1.5548017847752391,12.599,0.178,0.1,0.0,-0.016,-1.0,-0.0
1347,1776071599.611699,-3.9129306355401643,-1.33622038,0.1033393979555215,1.5548017847752391,12.599,0.179,0.1,0.0,-0.016,-1.0,-0.0
1348,1776071599.6199415,-3.911927495540164,-1.33571881,0.1033393979555215,1.5558008243664576,12.599,0.179,0.1,0.0,-0.015,-1.0,-0.0
1349,1776071599.6285732,-3.9134322055401647,-1.336471165,0.1033393979555215,1.5567999837414896,12.599,0.179,0.1,0.0,-0.014,-1.0,-0.0
1350,1776071599.6370962,-3.9136829905401647,-1.336471165,0.1033393979555215,1.5577992549406658,12.599,0.179,0.1,0.0,-0.013,-1.0,-0.0
1351,1776071599.6457143,-3.914435345540164,-1.3367219499999998,0.1033393979555215,1.5577992549406658,12.599,0.179,0.1,0.0,-0.013,-1.0,-0.0
1352,1776071599.6558168,-3.914435345540164,-1.3367219499999998,0.1033393979555215,1.5577992549406658,12.599,0.179,0.1,0.0,-0.013,-1.0,-0.0
1353,1776071599.6621747,-3.9149369155401645,-1.336972735,0.1033393979555215,1.5577992549406658,12.599,0.179,0.1,0.0,-0.013,-1.0,-0.0
1354,1776071599.671024,-3.9154384855401645,-1.336972735,0.1033393979555215,1.5587986299989616,12.599,0.179,0.1,0.0,-0.012,-1.0,-0.0
1355,1776071599.6821375,-3.9156892705401645,-1.33722352,0.1033393979555215,1.5587986299989616,12.599,0.179,0.1,0.0,-0.012,-1.0,-0.0
1356,1776071599.6892548,-3.9156892705401645,-1.33722352,0.1033393979555215,1.5587986299989616,12.599,0.179,0.1,0.0,-0.012,-1.0,-0.0
1357,1776071599.698084,-3.9156892705401645,-1.33722352,0.1033393979555215,1.5587986299989616,12.599,0.179,0.1,0.0,-0.012,-1.0,-0.0
1358,1776071599.7048345,-3.9156892705401645,-1.33722352,0.1033393979555215,1.5587986299989616,12.599,0.179,0.1,0.0,-0.012,-1.0,-0.0
1359,1776071599.7132213,-3.9156892705401645,-1.33722352,0.1033393979555215,1.5587986299989616,12.599,0.179,0.1,0.0,-0.012,-1.0,-0.0
1360,1776071599.7203128,-3.9156892705401645,-1.33722352,0.1033393979555215,1.5587986299989616,12.599,0.179,0.1,0.0,-0.012,-1.0,-0.0
1361,1776071599.7287986,-3.9156892705401645,-1.33722352,0.1033393979555215,1.5587986299989616,12.599,0.179,0.1,0.0,-0.012,-1.0,-0.0
1362,1776071599.7384565,-3.9156892705401645,-1.33722352,0.1033393979555215,1.5587986299989616,12.599,0.179,0.1,0.0,-0.012,-1.0,-0.0
1363,1776071599.7499952,-3.9156892705401645,-1.33722352,0.1033393979555215,1.5587986299989616,12.599,0.179,0.1,0.0,-0.012,-1.0,-0.0
1364,1776071599.7594135,-3.9156892705401645,-1.33722352,0.1033393979555215,1.5587986299989616,12.599,0.179,0.1,0.0,-0.012,-1.0,-0.0
1365,1776071599.7657483,-3.9156892705401645,-1.33722352,0.1033393979555215,1.5587986299989616,12.599,0.179,0.1,0.0,-0.012,-1.0,-0.0
1366,1776071599.7713842,-3.9156892705401645,-1.33722352,0.1033393979555215,1.5587986299989616,12.599,0.179,0.1,0.0,-0.012,-1.0,-0.0
1367,1776071599.7790341,-3.9156892705401645,-1.33722352,0.1033393979555215,1.5587986299989616,12.599,0.179,0.1,0.0,-0.012,-1.0,-0.0
1368,1776071599.7877848,-3.9156892705401645,-1.33722352,0.1033393979555215,1.5587986299989616,12.599,0.179,0.1,0.0,-0.012,-1.0,-0.0
1369,1776071599.7956622,-3.9156892705401645,-1.33722352,0.1033393979555215,1.5587986299989616,12.599,0.179,0.1,0.0,-0.012,-1.0,-0.0
1370,1776071599.8032904,-3.9156892705401645,-1.33722352,0.1033393979555215,1.5587986299989616,12.599,0.179,0.1,0.0,-0.012,-1.0,-0.0
1371,1776071599.8126879,-3.9156892705401645,-1.33722352,0.1033393979555215,1.5587986299989616,12.599,0.179,0.1,0.0,-0.012,-1.0,-0.0
1372,1776071599.820061,-3.9156892705401645,-1.33722352,0.1033393979555215,1.5587986299989616,12.599,0.179,0.1,0.0,-0.012,-1.0,-0.0
1373,1776071599.8286245,-3.9156892705401645,-1.33722352,0.1033393979555215,1.5587986299989616,12.599,0.179,0.1,0.0,-0.012,-1.0,-0.0
1374,1776071599.8367069,-3.9156892705401645,-1.33722352,0.1033393979555215,1.5587986299989616,12.599,0.179,0.1,0.0,-0.012,-1.0,-0.0
1375,1776071599.8451095,-3.9156892705401645,-1.33722352,0.1033393979555215,1.5587986299989616,12.599,0.179,0.1,0.0,-0.012,-1.0,-0.0
1376,1776071599.8534858,-3.9156892705401645,-1.33722352,0.1033393979555215,1.5587986299989616,12.599,0.179,0.1,0.0,-0.012,-1.0,-0.0
1377,1776071599.8616168,-3.9156892705401645,-1.33722352,0.1033393979555215,1.5587986299989616,12.599,0.179,0.1,0.0,-0.012,-1.0,-0.0
1378,1776071599.8699574,-3.9156892705401645,-1.33722352,0.1033393979555215,1.5587986299989616,12.599,0.179,0.1,0.0,-0.012,-1.0,-0.0
1379,1776071599.878459,-3.9156892705401645,-1.33722352,0.1033393979555215,1.5587986299989616,12.599,0.179,0.1,0.0,-0.012,-1.0,-0.0
1380,1776071599.8867686,-3.9156892705401645,-1.33722352,0.1033393979555215,1.5587986299989616,12.599,0.179,0.1,0.0,-0.012,-1.0,-0.0
1381,1776071599.8954575,-3.9156892705401645,-1.33722352,0.1033393979555215,1.5587986299989616,12.599,0.179,0.1,0.0,-0.012,-1.0,-0.0
1382,1776071599.9034312,-3.9156892705401645,-1.33722352,0.1033393979555215,1.5587986299989616,12.599,0.179,0.1,0.0,-0.012,-1.0,-0.0
1383,1776071599.9121997,-3.9156892705401645,-1.33722352,0.1033393979555215,1.5587986299989616,12.599,0.179,0.1,0.0,-0.012,-1.0,-0.0
1384,1776071599.920353,-3.9156892705401645,-1.33722352,0.1033393979555215,1.5587986299989616,12.599,0.179,0.1,0.0,-0.012,-1.0,-0.0
1385,1776071599.9285147,-3.9156892705401645,-1.33722352,0.1033393979555215,1.5587986299989616,12.599,0.179,0.1,0.0,-0.012,-1.0,-0.0
1386,1776071599.9370563,-3.9156892705401645,-1.33722352,0.1033393979555215,1.5587986299989616,12.599,0.179,0.1,0.0,-0.012,-1.0,-0.0
1387,1776071599.945152,-3.9156892705401645,-1.33722352,0.1033393979555215,1.5587986299989616,12.599,0.179,0.1,0.0,-0.012,-1.0,-0.0
1388,1776071599.954408,-3.9156892705401645,-1.33722352,0.1033393979555215,1.5587986299989616,12.599,0.179,0.1,0.0,-0.012,-1.0,-0.0
1389,1776071599.9626517,-3.9156892705401645,-1.33722352,0.1033393979555215,1.5587986299989616,12.599,0.179,0.1,0.0,-0.012,-1.0,-0.0
1390,1776071599.970485,-3.9156892705401645,-1.33722352,0.1033393979555215,1.5587986299989616,12.599,0.179,0.1,0.0,-0.012,-1.0,-0.0
1391,1776071599.9790475,-3.9156892705401645,-1.33722352,0.1033393979555215,1.5587986299989616,12.599,0.179,0.1,0.0,-0.012,-1.0,-0.0
1392,1776071599.9869123,-3.9156892705401645,-1.33722352,0.1033393979555215,1.5587986299989616,12.599,0.179,0.1,0.0,-0.012,-1.0,-0.0
1393,1776071599.995997,-3.9156892705401645,-1.33722352,0.1033393979555215,1.5587986299989616,12.599,0.179,0.1,0.0,-0.012,-1.0,-0.0
1394,1776071600.0044787,-3.9156892705401645,-1.33722352,0.1033393979555215,1.5587986299989616,12.599,0.179,0.1,0.0,-0.012,-1.0,-0.0
1395,1776071600.0120795,-3.9156892705401645,-1.33722352,0.1033393979555215,1.5587986299989616,12.599,0.179,0.1,0.0,-0.012,-1.0,-0.0
1396,1776071600.0204623,-3.9156892705401645,-1.33722352,0.1033393979555215,1.5587986299989616,12.599,0.179,0.1,0.0,-0.012,-1.0,-0.0
1397,1776071600.0282772,-3.9156892705401645,-1.33722352,0.1033393979555215,1.5587986299989616,12.599,0.179,0.1,0.0,-0.012,-1.0,-0.0
1398,1776071600.036675,-3.9156892705401645,-1.33722352,0.1033393979555215,1.5587986299989616,12.599,0.179,0.1,0.0,-0.012,-1.0,-0.0
1399,1776071600.0452275,-3.9156892705401645,-1.33722352,0.1033393979555215,1.5587986299989616,12.599,0.179,0.1,0.0,-0.012,-1.0,-0.0
1400,1776071600.0533788,-3.9156892705401645,-1.33722352,0.1033393979555215,1.5587986299989616,12.599,0.179,0.1,0.0,-0.012,-1.0,-0.0
1401,1776071600.0621548,-3.9156892705401645,-1.33722352,0.1033393979555215,1.5587986299989616,12.599,0.179,0.1,0.0,-0.012,-1.0,-0.0
1402,1776071600.0699215,-3.9156892705401645,-1.33722352,0.1033393979555215,1.5587986299989616,12.599,0.179,0.1,0.0,-0.012,-1.0,-0.0
1403,1776071600.078643,-3.9156892705401645,-1.33722352,0.1033393979555215,1.5587986299989616,12.599,0.179,0.1,0.0,-0.012,-1.0,-0.0
1404,1776071600.0871055,-3.9156892705401645,-1.33722352,0.1033393979555215,1.5587986299989616,12.599,0.179,0.1,0.0,-0.012,-1.0,-0.0
1405,1776071600.0978773,-3.9156892705401645,-1.33722352,0.1033393979555215,1.5587986299989616,12.599,0.179,0.1,0.0,-0.012,-1.0,-0.0
1406,1776071600.1065383,-3.9156892705401645,-1.33722352,0.1033393979555215,1.5587986299989616,12.599,0.179,0.1,0.0,-0.012,-1.0,-0.0
1407,1776071600.1133633,-3.9156892705401645,-1.33722352,0.1033393979555215,1.5587986299989616,12.599,0.179,0.1,0.0,-0.012,-1.0,-0.0
1408,1776071600.1206896,-3.9156892705401645,-1.33722352,0.1033393979555215,1.5587986299989616,12.599,0.179,0.1,0.0,-0.012,-1.0,-0.0
1409,1776071600.1291416,-3.9156892705401645,-1.33722352,0.1033393979555215,1.5587986299989616,12.599,0.179,0.1,0.0,-0.012,-1.0,-0.0
1410,1776071600.1370666,-3.9156892705401645,-1.33722352,0.1033393979555215,1.5587986299989616,12.599,0.179,0.1,0.0,-0.012,-1.0,-0.0
1411,1776071600.1454785,-3.9156892705401645,-1.33722352,0.1033393979555215,1.5587986299989616,12.599,0.179,0.1,0.0,-0.012,-1.0,-0.0
1412,1776071600.1541007,-3.9156892705401645,-1.33722352,0.1033393979555215,1.5587986299989616,12.599,0.179,0.1,0.0,-0.012,-1.0,-0.0
1413,1776071600.165416,-3.9156892705401645,-1.33722352,0.1033393979555215,1.5587986299989616,12.599,0.179,0.1,0.0,-0.012,-1.0,-0.0
1414,1776071600.1783555,-3.9156892705401645,-1.33722352,0.1033393979555215,1.5587986299989616,12.599,0.179,0.1,0.0,-0.012,-1.0,-0.0
1415,1776071600.1945117,-3.916190840540165,-1.336972735,0.10294535520701475,1.5587986299989616,12.599,0.179,0.1,0.0,0.012,1.0,0.0
1416,1776071600.2067428,-3.9139337755401646,-1.33722352,0.10412748345253409,1.5587986299989616,12.599,0.179,0.1,0.0,-0.012,-1.0,-0.0
1417,1776071600.2169428,-3.9154384855401645,-1.33722352,0.1033393979555215,1.5587986299989616,12.599,0.179,0.1,0.0,-0.012,-1.0,-0.0
1418,1776071600.2283392,-3.9151877005401645,-1.336972735,0.1033393979555215,1.5587986299989616,12.599,0.179,0.1,0.0,-0.012,-1.0,-0.0
1419,1776071600.2385366,-3.9149369155401645,-1.336972735,0.1033393979555215,1.5587986299989616,12.599,0.179,0.1,0.0,-0.012,-1.0,-0.0
1420,1776071600.2484446,-3.9154384855401645,-1.33722352,0.1033393979555215,1.5587986299989616,12.599,0.179,0.1,0.0,-0.012,-1.0,-0.0
1421,1776071600.2544827,-3.9156892705401645,-1.3370972,0.1033393979555215,1.5587986299989616,12.598,0.179,0.1,0.0,-0.012,-1.0,-0.0
1422,1776071600.2619069,-3.9156892705401645,-1.3370972,0.1033393979555215,1.5587986299989616,12.598,0.179,0.1,0.0,-0.012,-1.0,-0.0
1423,1776071600.2705038,-3.9156892705401645,-1.3370972,0.1033393979555215,1.5587986299989616,12.598,0.179,0.1,0.0,-0.012,-1.0,-0.0
1424,1776071600.28014,-3.9156892705401645,-1.3370972,0.1033393979555215,1.5587986299989616,12.598,0.179,0.1,0.0,-0.012,-1.0,-0.0
1425,1776071600.2913918,-3.9156892705401645,-1.3370972,0.1033393979555215,1.5587986299989616,12.598,0.179,0.1,0.0,-0.012,-1.0,-0.0
1426,1776071600.3007743,-3.9156892705401645,-1.3370972,0.1033393979555215,1.5587986299989616,12.598,0.179,0.1,0.0,-0.012,-1.0,-0.0
1427,1776071600.3099272,-3.9156892705401645,-1.3370972,0.1033393979555215,1.5587986299989616,12.598,0.179,0.1,0.0,-0.012,-1.0,-0.0
1428,1776071600.3176615,-3.9156892705401645,-1.3370972,0.1033393979555215,1.5587986299989616,12.598,0.179,0.1,0.0,-0.012,-1.0,-0.0
1429,1776071600.3251011,-3.9154384855401645,-1.3370972,0.1033393979555215,1.5587986299989616,12.598,0.179,0.1,0.0,-0.012,-1.0,-0.0
1430,1776071600.3335302,-3.9154384855401645,-1.3370972,0.1033393979555215,1.5587986299989616,12.598,0.179,0.1,0.0,-0.012,-1.0,-0.0
1431,1776071600.3410103,-3.9156892705401645,-1.3370972,0.1033393979555215,1.5587986299989616,12.598,0.179,0.1,0.0,-0.012,-1.0,-0.0
1432,1776071600.3466303,-3.9156892705401645,-1.3370972,0.1033393979555215,1.5587986299989616,12.598,0.179,0.1,0.0,-0.012,-1.0,-0.0
1433,1776071600.3548598,-3.9156892705401645,-1.3370972,0.1033393979555215,1.5587986299989616,12.598,0.179,0.1,0.0,-0.012,-1.0,-0.0
1434,1776071600.3622797,-3.9156892705401645,-1.3370972,0.1033393979555215,1.5587986299989616,12.598,0.179,0.1,0.0,-0.012,-1.0,-0.0
1435,1776071600.3700135,-3.9156892705401645,-1.3370972,0.1033393979555215,1.5587986299989616,12.598,0.179,0.1,0.0,-0.012,-1.0,-0.0
1436,1776071600.3787806,-3.9156892705401645,-1.3370972,0.1033393979555215,1.5587986299989616,12.598,0.179,0.1,0.0,-0.012,-1.0,-0.0
1437,1776071600.3869941,-3.9156892705401645,-1.3370972,0.1033393979555215,1.5587986299989616,12.598,0.179,0.1,0.0,-0.012,-1.0,-0.0
1438,1776071600.395687,-3.9156892705401645,-1.3370972,0.1033393979555215,1.5587986299989616,12.598,0.179,0.1,0.0,-0.012,-1.0,-0.0
1439,1776071600.4044242,-3.9156892705401645,-1.3370972,0.1033393979555215,1.5587986299989616,12.598,0.179,0.1,0.0,-0.012,-1.0,-0.0
1440,1776071600.4142876,-3.9156892705401645,-1.3370972,0.1033393979555215,1.5587986299989616,12.598,0.179,0.1,0.0,-0.012,-1.0,-0.0
1441,1776071600.4237165,-3.9156892705401645,-1.3370972,0.1033393979555215,1.5587986299989616,12.598,0.179,0.1,0.0,-0.012,-1.0,-0.0
1442,1776071600.4330134,-3.9156892705401645,-1.3370972,0.1033393979555215,1.5587986299989616,12.598,0.179,0.1,0.0,-0.012,-1.0,-0.0
1443,1776071600.4418619,-3.9156892705401645,-1.3370972,0.1033393979555215,1.5587986299989616,12.598,0.179,0.1,0.0,-0.012,-1.0,-0.0
1444,1776071600.4523652,-3.9156892705401645,-1.3370972,0.1033393979555215,1.5587986299989616,12.598,0.179,0.1,0.0,-0.012,-1.0,-0.0
1445,1776071600.4606922,-3.9156892705401645,-1.3370972,0.1033393979555215,1.5587986299989616,12.598,0.179,0.1,0.0,-0.012,-1.0,-0.0
1446,1776071600.4673574,-3.9156892705401645,-1.3370972,0.1033393979555215,1.5587986299989616,12.598,0.179,0.1,0.0,-0.012,-1.0,-0.0
1447,1776071600.4738975,-3.9156892705401645,-1.3370972,0.1033393979555215,1.5587986299989616,12.598,0.179,0.1,0.0,-0.012,-1.0,-0.0
1448,1776071600.4801116,-3.9156892705401645,-1.3370972,0.1033393979555215,1.5587986299989616,12.598,0.179,0.1,0.0,-0.012,-1.0,-0.0
1449,1776071600.4875038,-3.9156892705401645,-1.3370972,0.1033393979555215,1.5587986299989616,12.598,0.179,0.1,0.0,-0.012,-1.0,-0.0
1450,1776071600.495296,-3.9156892705401645,-1.3370972,0.1033393979555215,1.5587986299989616,12.598,0.179,0.1,0.0,-0.012,-1.0,-0.0
1451,1776071600.50439,-3.9156892705401645,-1.3370972,0.1033393979555215,1.5587986299989616,12.598,0.179,0.1,0.0,-0.012,-1.0,-0.0
1452,1776071600.512545,-3.9156892705401645,-1.3370972,0.1033393979555215,1.5587986299989616,12.598,0.179,0.1,0.0,-0.012,-1.0,-0.0
1453,1776071600.5208168,-3.9156892705401645,-1.3370972,0.1033393979555215,1.5587986299989616,12.598,0.179,0.1,0.0,-0.012,-1.0,-0.0
1454,1776071600.5310204,-3.9156892705401645,-1.3370972,0.1033393979555215,1.5587986299989616,12.598,0.179,0.1,0.0,-0.012,-1.0,-0.0
1455,1776071600.5390832,-3.9156892705401645,-1.3370972,0.1033393979555215,1.5587986299989616,12.598,0.179,0.1,0.0,-0.012,-1.0,-0.0
1456,1776071600.5553799,-3.9156892705401645,-1.3370972,0.1033393979555215,1.5587986299989616,12.598,0.179,0.1,0.0,-0.012,-1.0,-0.0
1457,1776071600.5719593,-3.9156892705401645,-1.3370972,0.1033393979555215,1.5587986299989616,12.598,0.179,0.1,0.0,-0.012,-1.0,-0.0
1458,1776071600.5846498,-3.9156892705401645,-1.3370972,0.1033393979555215,1.5587986299989616,12.598,0.179,0.1,0.0,-0.012,-1.0,-0.0
1459,1776071600.5966887,-3.9156892705401645,-1.3370972,0.1033393979555215,1.5587986299989616,12.598,0.179,0.1,0.0,-0.012,-1.0,-0.0
1460,1776071600.6074526,-3.9156892705401645,-1.3370972,0.1033393979555215,1.5587986299989616,12.598,0.179,0.1,0.0,-0.012,-1.0,-0.0
1461,1776071600.6172931,-3.9156892705401645,-1.3370972,0.1033393979555215,1.5587986299989616,12.598,0.179,0.1,0.0,-0.012,-1.0,-0.0
1462,1776071600.6272936,-3.9156892705401645,-1.3370972,0.1033393979555215,1.5587986299989616,12.598,0.179,0.1,0.0,-0.012,-1.0,-0.0
1463,1776071600.637392,-3.9156892705401645,-1.3370972,0.1033393979555215,1.5587986299989616,12.598,0.179,0.1,0.0,-0.012,-1.0,-0.0
1464,1776071600.647037,-3.9156892705401645,-1.3370972,0.1033393979555215,1.5587986299989616,12.598,0.179,0.1,0.0,-0.012,-1.0,-0.0
1465,1776071600.6533425,-3.9156892705401645,-1.3370972,0.1033393979555215,1.5587986299989616,12.598,0.179,0.1,0.0,-0.012,-1.0,-0.0
1466,1776071600.6619115,-3.9156892705401645,-1.3370972,0.1033393979555215,1.5587986299989616,12.598,0.179,0.1,0.0,-0.012,-1.0,-0.0
1467,1776071600.6702971,-3.9156892705401645,-1.3370972,0.1033393979555215,1.5587986299989616,12.598,0.179,0.1,0.0,-0.012,-1.0,-0.0
1468,1776071600.6784394,-3.9156892705401645,-1.3370972,0.1033393979555215,1.5587986299989616,12.598,0.179,0.1,0.0,-0.012,-1.0,-0.0
1469,1776071600.6869361,-3.9156892705401645,-1.3370972,0.1033393979555215,1.5587986299989616,12.598,0.179,0.1,0.0,-0.012,-1.0,-0.0
1470,1776071600.6956668,-3.9156892705401645,-1.3370972,0.1033393979555215,1.5587986299989616,12.598,0.179,0.1,0.0,-0.012,-1.0,-0.0
1471,1776071600.7043307,-3.9156892705401645,-1.3370972,0.1033393979555215,1.5587986299989616,12.598,0.179,0.1,0.0,-0.012,-1.0,-0.0
1472,1776071600.712518,-3.9156892705401645,-1.3370972,0.1033393979555215,1.5587986299989616,12.598,0.179,0.1,0.0,-0.012,-1.0,-0.0
1473,1776071600.7204792,-3.9156892705401645,-1.3370972,0.1033393979555215,1.5587986299989616,12.598,0.179,0.1,0.0,-0.012,-1.0,-0.0
1474,1776071600.7290165,-3.9156892705401645,-1.3370972,0.1033393979555215,1.5587986299989616,12.598,0.179,0.1,0.0,-0.012,-1.0,-0.0
1475,1776071600.7367399,-3.9156892705401645,-1.3370972,0.1033393979555215,1.5587986299989616,12.598,0.179,0.1,0.0,-0.012,-1.0,-0.0
1476,1776071600.745186,-3.9156892705401645,-1.3370972,0.1033393979555215,1.5587986299989616,12.598,0.179,0.1,0.0,-0.012,-1.0,-0.0
1477,1776071600.7546754,-3.9156892705401645,-1.3370972,0.1033393979555215,1.5587986299989616,12.598,0.179,0.1,0.0,-0.012,-1.0,-0.0
1478,1776071600.7626057,-3.9156892705401645,-1.3370972,0.1033393979555215,1.5587986299989616,12.598,0.179,0.1,0.0,-0.012,-1.0,-0.0
1479,1776071600.7701302,-3.9156892705401645,-1.3370972,0.1033393979555215,1.5587986299989616,12.598,0.179,0.1,0.0,-0.012,-1.0,-0.0
1480,1776071600.7789063,-3.9156892705401645,-1.3370972,0.1033393979555215,1.5587986299989616,12.598,0.179,0.1,0.0,-0.012,-1.0,-0.0
1481,1776071600.7876027,-3.9156892705401645,-1.3370972,0.1033393979555215,1.5587986299989616,12.598,0.179,0.1,0.0,-0.012,-1.0,-0.0
1482,1776071600.795428,-3.9156892705401645,-1.3370972,0.1033393979555215,1.5587986299989616,12.598,0.179,0.1,0.0,-0.012,-1.0,-0.0
1483,1776071600.8034163,-3.9156892705401645,-1.3370972,0.1033393979555215,1.5587986299989616,12.598,0.179,0.1,0.0,-0.012,-1.0,-0.0
1484,1776071600.811826,-3.9156892705401645,-1.3370972,0.1033393979555215,1.5587986299989616,12.598,0.179,0.1,0.0,-0.012,-1.0,-0.0
1485,1776071600.8203123,-3.9156892705401645,-1.3370972,0.1033393979555215,1.5587986299989616,12.598,0.179,0.1,0.0,-0.012,-1.0,-0.0
1486,1776071600.8283591,-3.9156892705401645,-1.3370972,0.1033393979555215,1.5587986299989616,12.598,0.179,0.1,0.0,-0.012,-1.0,-0.0
1487,1776071600.8365967,-3.9156892705401645,-1.3370972,0.1033393979555215,1.5587986299989616,12.598,0.179,0.1,0.0,-0.012,-1.0,-0.0
1488,1776071600.8449728,-3.9156892705401645,-1.3370972,0.1033393979555215,1.5587986299989616,12.598,0.179,0.1,0.0,-0.012,-1.0,-0.0
1489,1776071600.853367,-3.9156892705401645,-1.3370972,0.1033393979555215,1.5587986299989616,12.598,0.179,0.1,0.0,-0.012,-1.0,-0.0
1490,1776071600.861686,-3.9156892705401645,-1.3370972,0.1033393979555215,1.5587986299989616,12.598,0.179,0.1,0.0,-0.012,-1.0,-0.0
1491,1776071600.8701375,-3.9156892705401645,-1.3370972,0.1033393979555215,1.5587986299989616,12.598,0.179,0.1,0.0,-0.012,-1.0,-0.0
1492,1776071600.878473,-3.9156892705401645,-1.3370972,0.1033393979555215,1.5587986299989616,12.598,0.179,0.1,0.0,-0.012,-1.0,-0.0
1493,1776071600.8867033,-3.9156892705401645,-1.3370972,0.1033393979555215,1.5587986299989616,12.598,0.179,0.1,0.0,-0.012,-1.0,-0.0
1494,1776071600.895303,-3.9156892705401645,-1.3370972,0.1033393979555215,1.5587986299989616,12.598,0.179,0.1,0.0,-0.012,-1.0,-0.0
1495,1776071600.9033883,-3.9156892705401645,-1.3370972,0.1033393979555215,1.5587986299989616,12.598,0.179,0.1,0.0,-0.012,-1.0,-0.0
1496,1776071600.9115558,-3.9156892705401645,-1.3370972,0.1033393979555215,1.5587986299989616,12.598,0.179,0.1,0.0,-0.012,-1.0,-0.0
1497,1776071600.9200058,-3.9156892705401645,-1.3370972,0.1033393979555215,1.5587986299989616,12.598,0.179,0.1,0.0,-0.012,-1.0,-0.0
1498,1776071600.928398,-3.9156892705401645,-1.3370972,0.1033393979555215,1.5587986299989616,12.598,0.179,0.1,0.0,-0.012,-1.0,-0.0
1499,1776071600.936661,-3.9156892705401645,-1.3370972,0.1033393979555215,1.5587986299989616,12.598,0.179,0.1,0.0,-0.012,-1.0,-0.0
1500,1776071600.945195,-3.9156892705401645,-1.3370972,0.1033393979555215,1.5587986299989616,12.598,0.179,0.1,0.0,-0.012,-1.0,-0.0
1501,1776071600.9532788,-3.9156892705401645,-1.3370972,0.1033393979555215,1.5587986299989616,12.598,0.179,0.1,0.0,-0.012,-1.0,-0.0
1502,1776071600.9620285,-3.9156892705401645,-1.3370972,0.1033393979555215,1.5587986299989616,12.598,0.179,0.1,0.0,-0.012,-1.0,-0.0
1503,1776071600.9702427,-3.9156892705401645,-1.3370972,0.1033393979555215,1.5587986299989616,12.598,0.179,0.1,0.0,-0.012,-1.0,-0.0
1504,1776071600.9784493,-3.9156892705401645,-1.3370972,0.1033393979555215,1.5587986299989616,12.598,0.179,0.1,0.0,-0.012,-1.0,-0.0
1505,1776071600.9872987,-3.9156892705401645,-1.3370972,0.1033393979555215,1.5587986299989616,12.598,0.179,0.1,0.0,-0.012,-1.0,-0.0
1506,1776071600.9951725,-3.9156892705401645,-1.3370972,0.1033393979555215,1.5587986299989616,12.598,0.179,0.1,0.0,-0.012,-1.0,-0.0
1507,1776071601.0035222,-3.9156892705401645,-1.3370972,0.1033393979555215,1.5587986299989616,12.598,0.179,0.1,0.0,-0.012,-1.0,-0.0
1508,1776071601.0117137,-3.9156892705401645,-1.3370972,0.1033393979555215,1.5587986299989616,12.598,0.179,0.1,0.0,-0.012,-1.0,-0.0
1509,1776071601.019916,-3.9156892705401645,-1.3370972,0.1033393979555215,1.5587986299989616,12.598,0.179,0.1,0.0,-0.012,-1.0,-0.0
1510,1776071601.0286918,-3.9156892705401645,-1.3370972,0.1033393979555215,1.5587986299989616,12.598,0.179,0.1,0.0,-0.012,-1.0,-0.0
1511,1776071601.0366518,-3.9156892705401645,-1.3370972,0.1033393979555215,1.5587986299989616,12.598,0.179,0.1,0.0,-0.012,-1.0,-0.0
1512,1776071601.0449927,-3.9156892705401645,-1.3370972,0.1033393979555215,1.5587986299989616,12.598,0.179,0.1,0.0,-0.012,-1.0,-0.0
1513,1776071601.0534353,-3.9156892705401645,-1.3370972,0.1033393979555215,1.5587986299989616,12.598,0.179,0.1,0.0,-0.012,-1.0,-0.0
1514,1776071601.0616782,-3.9156892705401645,-1.3370972,0.1033393979555215,1.5587986299989616,12.598,0.179,0.1,0.0,-0.012,-1.0,-0.0
1515,1776071601.070099,-3.9156892705401645,-1.3370972,0.1033393979555215,1.5587986299989616,12.598,0.179,0.1,0.0,-0.012,-1.0,-0.0
1516,1776071601.0785074,-3.9156892705401645,-1.3370972,0.1033393979555215,1.5587986299989616,12.598,0.179,0.1,0.0,-0.012,-1.0,-0.0
1517,1776071601.0867753,-3.9156892705401645,-1.3370972,0.1033393979555215,1.5587986299989616,12.598,0.179,0.1,0.0,-0.012,-1.0,-0.0
1518,1776071601.0951247,-3.9156892705401645,-1.3370972,0.1033393979555215,1.5587986299989616,12.598,0.179,0.1,0.0,-0.012,-1.0,-0.0
1519,1776071601.103557,-3.9156892705401645,-1.3370972,0.1033393979555215,1.5587986299989616,12.598,0.179,0.1,0.0,-0.012,-1.0,-0.0
1520,1776071601.1117616,-3.9156892705401645,-1.3370972,0.1033393979555215,1.5587986299989616,12.598,0.179,0.1,0.0,-0.012,-1.0,-0.0
1521,1776071601.1204798,-3.9156892705401645,-1.3370972,0.1033393979555215,1.5587986299989616,12.598,0.179,0.1,0.0,-0.012,-1.0,-0.0
1522,1776071601.1283958,-3.9156892705401645,-1.3370972,0.1033393979555215,1.5587986299989616,12.598,0.179,0.1,0.0,-0.012,-1.0,-0.0
1523,1776071601.136725,-3.9156892705401645,-1.3370972,0.1033393979555215,1.5587986299989616,12.598,0.179,0.1,0.0,-0.012,-1.0,-0.0
1524,1776071601.145218,-3.9156892705401645,-1.3370972,0.1033393979555215,1.5587986299989616,12.598,0.179,0.1,0.0,-0.012,-1.0,-0.0
1525,1776071601.1534214,-3.9156892705401645,-1.3370972,0.1033393979555215,1.5587986299989616,12.598,0.179,0.1,0.0,-0.012,-1.0,-0.0
1526,1776071601.161702,-3.9156892705401645,-1.3370972,0.1033393979555215,1.5587986299989616,12.598,0.179,0.1,0.0,-0.012,-1.0,-0.0
1527,1776071601.1700816,-3.9156892705401645,-1.3370972,0.1033393979555215,1.5587986299989616,12.598,0.179,0.1,0.0,-0.012,-1.0,-0.0
1528,1776071601.1783977,-3.9156892705401645,-1.3370972,0.1033393979555215,1.5587986299989616,12.598,0.179,0.1,0.0,-0.012,-1.0,-0.0
1529,1776071601.1872003,-3.9156892705401645,-1.3370972,0.1033393979555215,1.5587986299989616,12.598,0.179,0.1,0.0,-0.012,-1.0,-0.0
1530,1776071601.1954274,-3.9156892705401645,-1.3370972,0.1033393979555215,1.5587986299989616,12.598,0.179,0.1,0.0,-0.012,-1.0,-0.0
1531,1776071601.2037833,-3.9156892705401645,-1.3370972,0.1033393979555215,1.5587986299989616,12.598,0.179,0.1,0.0,-0.012,-1.0,-0.0
1532,1776071601.2116625,-3.9156892705401645,-1.3370972,0.1033393979555215,1.5587986299989616,12.598,0.179,0.1,0.0,-0.012,-1.0,-0.0
1533,1776071601.2205987,-3.9156892705401645,-1.3370972,0.1033393979555215,1.5587986299989616,12.598,0.179,0.1,0.0,-0.012,-1.0,-0.0
1534,1776071601.228768,-3.9156892705401645,-1.3370972,0.1033393979555215,1.5587986299989616,12.598,0.179,0.1,0.0,-0.012,-1.0,-0.0
1535,1776071601.2374465,-3.9156892705401645,-1.3370972,0.1033393979555215,1.5587986299989616,12.598,0.179,0.1,0.0,-0.012,-1.0,-0.0
1536,1776071601.2463684,-3.9156892705401645,-1.3370972,0.1033393979555215,1.5587986299989616,12.598,0.179,0.1,0.0,-0.012,-1.0,-0.0
1537,1776071601.254642,-3.9156892705401645,-1.3370972,0.1033393979555215,1.5587986299989616,12.598,0.179,0.1,0.0,-0.012,-1.0,-0.0
1538,1776071601.2628045,-3.9156892705401645,-1.3370972,0.1033393979555215,1.5587986299989616,12.598,0.179,0.1,0.0,-0.012,-1.0,-0.0
1539,1776071601.270084,-3.9156892705401645,-1.3370972,0.1033393979555215,1.5587986299989616,12.598,0.179,0.1,0.0,-0.012,-1.0,-0.0
1540,1776071601.278931,-3.9156892705401645,-1.3370972,0.1033393979555215,1.5587986299989616,12.598,0.179,0.1,0.0,-0.012,-1.0,-0.0
1541,1776071601.2871916,-3.918698690540164,-1.3370972,0.1033393979555215,1.5587986299989616,12.598,0.179,0.1,0.0,0.012,1.0,0.0
1542,1776071601.2953112,-3.9149369155401645,-1.3370972,0.10373344070402801,1.5597981009463782,12.598,0.179,0.1,0.0,0.011,1.0,0.0
1543,1776071601.3034723,-3.9149369155401645,-1.3370972,0.10373344070402801,1.5597981009463782,12.598,0.179,0.1,0.0,0.011,1.0,0.0
1544,1776071601.3122191,-3.9156892705401645,-1.3370972,0.1033393979555215,1.5597981009463782,12.598,0.179,0.1,0.0,-0.011,-1.0,-0.0
1545,1776071601.3201487,-3.9156892705401645,-1.3370972,0.1033393979555215,1.5597981009463782,12.598,0.179,0.1,0.0,-0.011,-1.0,-0.0
1546,1776071601.3283472,-3.9156892705401645,-1.3370972,0.1033393979555215,1.5597981009463782,12.598,0.179,0.1,0.0,-0.011,-1.0,-0.0
1547,1776071601.3382416,-3.9156892705401645,-1.3370972,0.1033393979555215,1.5597981009463782,12.598,0.179,0.1,0.0,-0.011,-1.0,-0.0
1548,1776071601.3473644,-3.9156892705401645,-1.3370972,0.1033393979555215,1.5597981009463782,12.598,0.179,0.1,0.0,-0.011,-1.0,-0.0
1549,1776071601.3549924,-3.9156892705401645,-1.3370972,0.1033393979555215,1.5597981009463782,12.598,0.179,0.1,0.0,-0.011,-1.0,-0.0
1550,1776071601.3641038,-3.9156892705401645,-1.3370972,0.1033393979555215,1.5597981009463782,12.598,0.179,0.1,0.0,-0.011,-1.0,-0.0
1551,1776071601.3752103,-3.9156892705401645,-1.3370972,0.1033393979555215,1.5597981009463782,12.598,0.179,0.1,0.0,-0.011,-1.0,-0.0
1552,1776071601.3849707,-3.9156892705401645,-1.3370972,0.1033393979555215,1.5597981009463782,12.598,0.179,0.1,0.0,-0.011,-1.0,-0.0
1553,1776071601.3958576,-3.9156892705401645,-1.3370972,0.1033393979555215,1.5597981009463782,12.598,0.179,0.1,0.0,-0.011,-1.0,-0.0
1554,1776071601.4042482,-3.9156892705401645,-1.3370972,0.1033393979555215,1.5597981009463782,12.598,0.179,0.1,0.0,-0.011,-1.0,-0.0
1555,1776071601.4119465,-3.9156892705401645,-1.3370972,0.1033393979555215,1.5597981009463782,12.598,0.179,0.1,0.0,-0.011,-1.0,-0.0
1556,1776071601.420319,-3.9156892705401645,-1.3370972,0.1033393979555215,1.5597981009463782,12.598,0.179,0.1,0.0,-0.011,-1.0,-0.0
1557,1776071601.4292977,-3.9156892705401645,-1.3370972,0.1033393979555215,1.5597981009463782,12.598,0.179,0.1,0.0,-0.011,-1.0,-0.0
1558,1776071601.4374237,-3.9156892705401645,-1.3370972,0.1033393979555215,1.5597981009463782,12.598,0.179,0.1,0.0,-0.011,-1.0,-0.0
1559,1776071601.4452431,-3.9156892705401645,-1.3370972,0.1033393979555215,1.5597981009463782,12.598,0.179,0.1,0.0,-0.011,-1.0,-0.0
1560,1776071601.4537227,-3.9156892705401645,-1.3370972,0.1033393979555215,1.5597981009463782,12.598,0.179,0.1,0.0,-0.011,-1.0,-0.0
1561,1776071601.4617767,-3.9156892705401645,-1.3370972,0.1033393979555215,1.5597981009463782,12.598,0.179,0.1,0.0,-0.011,-1.0,-0.0
1562,1776071601.470088,-3.9156892705401645,-1.3370972,0.1033393979555215,1.5597981009463782,12.598,0.179,0.1,0.0,-0.011,-1.0,-0.0
1563,1776071601.4784021,-3.9156892705401645,-1.3370972,0.1033393979555215,1.5597981009463782,12.598,0.179,0.1,0.0,-0.011,-1.0,-0.0
1564,1776071601.487191,-3.9156892705401645,-1.3370972,0.1033393979555215,1.5597981009463782,12.598,0.179,0.1,0.0,-0.011,-1.0,-0.0
1565,1776071601.4958417,-3.9156892705401645,-1.3370972,0.1033393979555215,1.5597981009463782,12.598,0.179,0.1,0.0,-0.011,-1.0,-0.0
1566,1776071601.503778,-3.9156892705401645,-1.3370972,0.1033393979555215,1.5597981009463782,12.598,0.179,0.1,0.0,-0.011,-1.0,-0.0
1567,1776071601.5117846,-3.9156892705401645,-1.3370972,0.1033393979555215,1.5597981009463782,12.598,0.179,0.1,0.0,-0.011,-1.0,-0.0
1568,1776071601.5202634,-3.9156892705401645,-1.3370972,0.1033393979555215,1.5597981009463782,12.598,0.179,0.1,0.0,-0.011,-1.0,-0.0
1569,1776071601.528662,-3.9156892705401645,-1.3370972,0.1033393979555215,1.5597981009463782,12.598,0.179,0.1,0.0,-0.011,-1.0,-0.0
1570,1776071601.5369089,-3.9156892705401645,-1.3370972,0.1033393979555215,1.5597981009463782,12.598,0.179,0.1,0.0,-0.011,-1.0,-0.0
1571,1776071601.5450022,-3.9156892705401645,-1.3370972,0.1033393979555215,1.5597981009463782,12.598,0.179,0.1,0.0,-0.011,-1.0,-0.0
1572,1776071601.55344,-3.9156892705401645,-1.3370972,0.1033393979555215,1.5597981009463782,12.598,0.179,0.1,0.0,-0.011,-1.0,-0.0
1573,1776071601.561899,-3.9156892705401645,-1.3370972,0.1033393979555215,1.5597981009463782,12.598,0.179,0.1,0.0,-0.011,-1.0,-0.0
1574,1776071601.5705166,-3.9156892705401645,-1.3370972,0.1033393979555215,1.5597981009463782,12.598,0.179,0.1,0.0,-0.011,-1.0,-0.0
1575,1776071601.5782561,-3.9156892705401645,-1.3370972,0.1033393979555215,1.5597981009463782,12.598,0.179,0.1,0.0,-0.011,-1.0,-0.0
1576,1776071601.587486,-3.9156892705401645,-1.3370972,0.1033393979555215,1.5597981009463782,12.598,0.179,0.1,0.0,-0.011,-1.0,-0.0
1577,1776071601.597761,-3.9156892705401645,-1.3370972,0.1033393979555215,1.5597981009463782,12.598,0.179,0.1,0.0,-0.011,-1.0,-0.0
1578,1776071601.6078753,-3.9156892705401645,-1.3370972,0.1033393979555215,1.5597981009463782,12.598,0.179,0.1,0.0,-0.011,-1.0,-0.0
1579,1776071601.615132,-3.9156892705401645,-1.3370972,0.1033393979555215,1.5597981009463782,12.598,0.179,0.1,0.0,-0.011,-1.0,-0.0
1580,1776071601.6214397,-3.9156892705401645,-1.3370972,0.1033393979555215,1.5597981009463782,12.598,0.179,0.1,0.0,-0.011,-1.0,-0.0
1581,1776071601.6287105,-3.9156892705401645,-1.3370972,0.1033393979555215,1.5597981009463782,12.598,0.179,0.1,0.0,-0.011,-1.0,-0.0
1582,1776071601.636855,-3.9156892705401645,-1.3370972,0.1033393979555215,1.5597981009463782,12.598,0.179,0.1,0.0,-0.011,-1.0,-0.0
1583,1776071601.645116,-3.9156892705401645,-1.3370972,0.1033393979555215,1.5597981009463782,12.598,0.179,0.1,0.0,-0.011,-1.0,-0.0
1584,1776071601.653294,-3.9156892705401645,-1.3370972,0.1033393979555215,1.5597981009463782,12.598,0.179,0.1,0.0,-0.011,-1.0,-0.0
1585,1776071601.6617079,-3.9156892705401645,-1.3370972,0.1033393979555215,1.5597981009463782,12.598,0.179,0.1,0.0,-0.011,-1.0,-0.0
1586,1776071601.670044,-3.9156892705401645,-1.3370972,0.1033393979555215,1.5597981009463782,12.598,0.179,0.1,0.0,-0.011,-1.0,-0.0
1587,1776071601.6783125,-3.9156892705401645,-1.3370972,0.1033393979555215,1.5597981009463782,12.598,0.179,0.1,0.0,-0.011,-1.0,-0.0
1588,1776071601.6869972,-3.9156892705401645,-1.3370972,0.1033393979555215,1.5597981009463782,12.598,0.179,0.1,0.0,-0.011,-1.0,-0.0
1589,1776071601.6951358,-3.9156892705401645,-1.3370972,0.1033393979555215,1.5597981009463782,12.598,0.179,0.1,0.0,-0.011,-1.0,-0.0
1590,1776071601.703321,-3.9156892705401645,-1.3370972,0.1033393979555215,1.5597981009463782,12.598,0.179,0.1,0.0,-0.011,-1.0,-0.0
1591,1776071601.7117283,-3.9156892705401645,-1.3370972,0.1033393979555215,1.5597981009463782,12.598,0.179,0.1,0.0,-0.011,-1.0,-0.0
1592,1776071601.7203794,-3.9156892705401645,-1.3370972,0.1033393979555215,1.5597981009463782,12.598,0.179,0.1,0.0,-0.011,-1.0,-0.0
1593,1776071601.7288637,-3.9156892705401645,-1.3370972,0.1033393979555215,1.5597981009463782,12.598,0.179,0.1,0.0,-0.011,-1.0,-0.0
1594,1776071601.7367373,-3.9156892705401645,-1.3370972,0.1033393979555215,1.5597981009463782,12.598,0.179,0.1,0.0,-0.011,-1.0,-0.0
1595,1776071601.745335,-3.9156892705401645,-1.3370972,0.1033393979555215,1.5597981009463782,12.598,0.179,0.1,0.0,-0.011,-1.0,-0.0
1596,1776071601.7534044,-3.9156892705401645,-1.3370972,0.1033393979555215,1.5597981009463782,12.598,0.179,0.1,0.0,-0.011,-1.0,-0.0
1597,1776071601.7619517,-3.9156892705401645,-1.3370972,0.1033393979555215,1.5597981009463782,12.598,0.179,0.1,0.0,-0.011,-1.0,-0.0
1598,1776071601.7703152,-3.9156892705401645,-1.3370972,0.1033393979555215,1.5597981009463782,12.598,0.179,0.1,0.0,-0.011,-1.0,-0.0
1599,1776071601.7783468,-3.9156892705401645,-1.3370972,0.1033393979555215,1.5597981009463782,12.598,0.179,0.1,0.0,-0.011,-1.0,-0.0
1600,1776071601.786661,-3.9156892705401645,-1.3370972,0.1033393979555215,1.5597981009463782,12.598,0.179,0.1,0.0,-0.011,-1.0,-0.0
1601,1776071601.7953475,-3.9156892705401645,-1.3370972,0.1033393979555215,1.5597981009463782,12.598,0.179,0.1,0.0,-0.011,-1.0,-0.0
1602,1776071601.803614,-3.9156892705401645,-1.3370972,0.1033393979555215,1.5597981009463782,12.598,0.179,0.1,0.0,-0.011,-1.0,-0.0
1603,1776071601.811764,-3.9156892705401645,-1.3370972,0.1033393979555215,1.5597981009463782,12.598,0.179,0.1,0.0,-0.011,-1.0,-0.0
1604,1776071601.8199475,-3.9156892705401645,-1.3370972,0.1033393979555215,1.5597981009463782,12.598,0.179,0.1,0.0,-0.011,-1.0,-0.0
1605,1776071601.828607,-3.9156892705401645,-1.3370972,0.1033393979555215,1.5597981009463782,12.598,0.179,0.1,0.0,-0.011,-1.0,-0.0
1606,1776071601.8371143,-3.9156892705401645,-1.3370972,0.1033393979555215,1.5597981009463782,12.598,0.179,0.1,0.0,-0.011,-1.0,-0.0
1607,1776071601.8452573,-3.9156892705401645,-1.3370972,0.1033393979555215,1.5597981009463782,12.598,0.179,0.1,0.0,-0.011,-1.0,-0.0
1608,1776071601.8534768,-3.9156892705401645,-1.3370972,0.1033393979555215,1.5597981009463782,12.598,0.179,0.1,0.0,-0.011,-1.0,-0.0
1609,1776071601.8620908,-3.9156892705401645,-1.3370972,0.1033393979555215,1.5597981009463782,12.598,0.179,0.1,0.0,-0.011,-1.0,-0.0
1610,1776071601.8705237,-3.9156892705401645,-1.3370972,0.1033393979555215,1.5597981009463782,12.598,0.179,0.1,0.0,-0.011,-1.0,-0.0
1611,1776071601.878759,-3.9156892705401645,-1.3370972,0.1033393979555215,1.5597981009463782,12.598,0.179,0.1,0.0,-0.011,-1.0,-0.0
1612,1776071601.8868754,-3.9156892705401645,-1.3370972,0.1033393979555215,1.5597981009463782,12.598,0.179,0.1,0.0,-0.011,-1.0,-0.0
1613,1776071601.89521,-3.9156892705401645,-1.3370972,0.1033393979555215,1.5597981009463782,12.598,0.179,0.1,0.0,-0.011,-1.0,-0.0
1614,1776071601.903297,-3.9156892705401645,-1.3370972,0.1033393979555215,1.5597981009463782,12.598,0.179,0.1,0.0,-0.011,-1.0,-0.0
1615,1776071601.9119582,-3.9156892705401645,-1.3370972,0.1033393979555215,1.5597981009463782,12.598,0.179,0.1,0.0,-0.011,-1.0,-0.0
1616,1776071601.9200351,-3.9156892705401645,-1.3370972,0.1033393979555215,1.5597981009463782,12.598,0.179,0.1,0.0,-0.011,-1.0,-0.0
1617,1776071601.9286444,-3.9156892705401645,-1.3370972,0.1033393979555215,1.5597981009463782,12.598,0.179,0.1,0.0,-0.011,-1.0,-0.0
1618,1776071601.9368153,-3.9156892705401645,-1.3370972,0.1033393979555215,1.5597981009463782,12.598,0.179,0.1,0.0,-0.011,-1.0,-0.0
1619,1776071601.9449782,-3.9156892705401645,-1.3370972,0.1033393979555215,1.5597981009463782,12.598,0.179,0.1,0.0,-0.011,-1.0,-0.0
1620,1776071601.9534101,-3.9156892705401645,-1.3370972,0.1033393979555215,1.5597981009463782,12.598,0.179,0.1,0.0,-0.011,-1.0,-0.0
1621,1776071601.9616733,-3.9156892705401645,-1.3370972,0.1033393979555215,1.5597981009463782,12.598,0.179,0.1,0.0,-0.011,-1.0,-0.0
1622,1776071601.9703593,-3.9156892705401645,-1.3370972,0.1033393979555215,1.5597981009463782,12.598,0.179,0.1,0.0,-0.011,-1.0,-0.0
1623,1776071601.9786642,-3.9156892705401645,-1.3370972,0.1033393979555215,1.5597981009463782,12.598,0.179,0.1,0.0,-0.011,-1.0,-0.0
1624,1776071601.987463,-3.9156892705401645,-1.3370972,0.1033393979555215,1.5597981009463782,12.598,0.179,0.1,0.0,-0.011,-1.0,-0.0
1625,1776071601.995402,-3.9156892705401645,-1.3370972,0.1033393979555215,1.5597981009463782,12.598,0.179,0.1,0.0,-0.011,-1.0,-0.0
1626,1776071602.0040576,-3.9156892705401645,-1.3370972,0.1033393979555215,1.5597981009463782,12.598,0.179,0.1,0.0,-0.011,-1.0,-0.0
1627,1776071602.0118563,-3.9156892705401645,-1.3370972,0.1033393979555215,1.5597981009463782,12.598,0.179,0.1,0.0,-0.011,-1.0,-0.0
1628,1776071602.0206788,-3.9156892705401645,-1.3370972,0.1033393979555215,1.5597981009463782,12.598,0.179,0.1,0.0,-0.011,-1.0,-0.0
1629,1776071602.0289102,-3.9156892705401645,-1.3370972,0.1033393979555215,1.5597981009463782,12.598,0.179,0.1,0.0,-0.011,-1.0,-0.0
1630,1776071602.0371652,-3.9156892705401645,-1.3370972,0.1033393979555215,1.5597981009463782,12.598,0.179,0.1,0.0,-0.011,-1.0,-0.0
1631,1776071602.0454614,-3.9156892705401645,-1.3370972,0.1033393979555215,1.5597981009463782,12.598,0.179,0.1,0.0,-0.011,-1.0,-0.0
1632,1776071602.0534313,-3.9156892705401645,-1.3370972,0.1033393979555215,1.5597981009463782,12.598,0.179,0.1,0.0,-0.011,-1.0,-0.0
1633,1776071602.0621715,-3.9156892705401645,-1.3370972,0.1033393979555215,1.5597981009463782,12.598,0.179,0.1,0.0,-0.011,-1.0,-0.0
1634,1776071602.0701234,-3.9156892705401645,-1.3370972,0.1033393979555215,1.5597981009463782,12.598,0.179,0.1,0.0,-0.011,-1.0,-0.0
1635,1776071602.0783737,-3.9156892705401645,-1.3370972,0.1033393979555215,1.5597981009463782,12.598,0.179,0.1,0.0,-0.011,-1.0,-0.0
1636,1776071602.0867782,-3.9156892705401645,-1.3370972,0.1033393979555215,1.5597981009463782,12.598,0.179,0.1,0.0,-0.011,-1.0,-0.0
1637,1776071602.0952566,-3.9156892705401645,-1.3370972,0.1033393979555215,1.5597981009463782,12.598,0.179,0.1,0.0,-0.011,-1.0,-0.0
1638,1776071602.1032805,-3.9156892705401645,-1.3370972,0.1033393979555215,1.5597981009463782,12.598,0.179,0.1,0.0,-0.011,-1.0,-0.0
1639,1776071602.1121874,-3.9156892705401645,-1.3370972,0.1033393979555215,1.5597981009463782,12.598,0.179,0.1,0.0,-0.011,-1.0,-0.0
1640,1776071602.1202025,-3.9156892705401645,-1.3370972,0.1033393979555215,1.5597981009463782,12.598,0.179,0.1,0.0,-0.011,-1.0,-0.0
1641,1776071602.1291356,-3.9156892705401645,-1.3370972,0.1033393979555215,1.5597981009463782,12.598,0.179,0.1,0.0,-0.011,-1.0,-0.0
1642,1776071602.1370964,-3.9156892705401645,-1.3370972,0.1033393979555215,1.5597981009463782,12.598,0.179,0.1,0.0,-0.011,-1.0,-0.0
1643,1776071602.1452346,-3.9156892705401645,-1.3370972,0.1033393979555215,1.5597981009463782,12.598,0.179,0.1,0.0,-0.011,-1.0,-0.0
1644,1776071602.1533291,-3.9156892705401645,-1.3370972,0.1033393979555215,1.5597981009463782,12.598,0.179,0.1,0.0,-0.011,-1.0,-0.0
1645,1776071602.1615973,-3.9156892705401645,-1.3370972,0.1033393979555215,1.5597981009463782,12.598,0.179,0.1,0.0,-0.011,-1.0,-0.0
1646,1776071602.1704664,-3.9156892705401645,-1.3370972,0.1033393979555215,1.5597981009463782,12.598,0.179,0.1,0.0,-0.011,-1.0,-0.0
1647,1776071602.1785598,-3.9156892705401645,-1.3370972,0.1033393979555215,1.5597981009463782,12.598,0.179,0.1,0.0,-0.011,-1.0,-0.0
1648,1776071602.1867015,-3.9156892705401645,-1.3370972,0.1033393979555215,1.5597981009463782,12.598,0.179,0.1,0.0,-0.011,-1.0,-0.0
1649,1776071602.1954381,-3.9156892705401645,-1.3370972,0.1033393979555215,1.5597981009463782,12.598,0.179,0.1,0.0,-0.011,-1.0,-0.0
1650,1776071602.2036524,-3.9156892705401645,-1.3370972,0.1033393979555215,1.5597981009463782,12.598,0.179,0.1,0.0,-0.011,-1.0,-0.0
1651,1776071602.2116811,-3.9156892705401645,-1.3370972,0.1033393979555215,1.5597981009463782,12.598,0.179,0.1,0.0,-0.011,-1.0,-0.0
1652,1776071602.220476,-3.9156892705401645,-1.3370972,0.1033393979555215,1.5597981009463782,12.598,0.179,0.1,0.0,-0.011,-1.0,-0.0
1653,1776071602.2289126,-3.9156892705401645,-1.3370972,0.1033393979555215,1.5597981009463782,12.598,0.179,0.1,0.0,-0.011,-1.0,-0.0
1654,1776071602.2368388,-3.9156892705401645,-1.3370972,0.1033393979555215,1.5597981009463782,12.598,0.179,0.1,0.0,-0.011,-1.0,-0.0
1655,1776071602.2449841,-3.9156892705401645,-1.3370972,0.1033393979555215,1.5597981009463782,12.598,0.179,0.1,0.0,-0.011,-1.0,-0.0
1656,1776071602.253925,-3.9156892705401645,-1.3370972,0.1033393979555215,1.5597981009463782,12.598,0.179,0.1,0.0,-0.011,-1.0,-0.0
1657,1776071602.2623487,-3.9156892705401645,-1.3370972,0.1033393979555215,1.5597981009463782,12.598,0.179,0.1,0.0,-0.011,-1.0,-0.0
1658,1776071602.2707675,-3.9156892705401645,-1.3370972,0.1033393979555215,1.5597981009463782,12.598,0.179,0.1,0.0,-0.011,-1.0,-0.0
1659,1776071602.278528,-3.9156892705401645,-1.3370972,0.1033393979555215,1.5597981009463782,12.598,0.179,0.1,0.0,-0.011,-1.0,-0.0
1660,1776071602.2867048,-3.9156892705401645,-1.3370972,0.1033393979555215,1.5597981009463782,12.598,0.179,0.1,0.0,-0.011,-1.0,-0.0
1661,1776071602.2955694,-3.9156892705401645,-1.3370972,0.1033393979555215,1.5597981009463782,12.598,0.179,0.1,0.0,-0.011,-1.0,-0.0
1662,1776071602.30398,-3.9156892705401645,-1.3370972,0.1033393979555215,1.5597981009463782,12.598,0.179,0.1,0.0,-0.011,-1.0,-0.0
1663,1776071602.3124676,-3.9156892705401645,-1.3370972,0.1033393979555215,1.5597981009463782,12.598,0.179,0.1,0.0,-0.011,-1.0,-0.0
1664,1776071602.3203912,-3.9156892705401645,-1.3370972,0.1033393979555215,1.5597981009463782,12.598,0.179,0.1,0.0,-0.011,-1.0,-0.0
1665,1776071602.328439,-3.9156892705401645,-1.3370972,0.1033393979555215,1.5597981009463782,12.598,0.179,0.1,0.0,-0.011,-1.0,-0.0
1666,1776071602.3373685,-3.9156892705401645,-1.3370972,0.1033393979555215,1.5597981009463782,12.598,0.179,0.1,0.0,-0.011,-1.0,-0.0
1667,1776071602.3450034,-3.9156892705401645,-1.3370972,0.1033393979555215,1.5597981009463782,12.598,0.179,0.1,0.0,-0.011,-1.0,-0.0
1668,1776071602.3542664,-3.9156892705401645,-1.3370972,0.1033393979555215,1.5597981009463782,12.598,0.179,0.1,0.0,-0.011,-1.0,-0.0
1669,1776071602.3619695,-3.9156892705401645,-1.3370972,0.1033393979555215,1.5597981009463782,12.598,0.179,0.1,0.0,-0.011,-1.0,-0.0
1670,1776071602.3701088,-3.9156892705401645,-1.3370972,0.1033393979555215,1.5597981009463782,12.598,0.179,0.1,0.0,-0.011,-1.0,-0.0
1671,1776071602.3785088,-3.9156892705401645,-1.3370972,0.1033393979555215,1.5597981009463782,12.598,0.179,0.1,0.0,-0.011,-1.0,-0.0
1672,1776071602.3868577,-3.9156892705401645,-1.3370972,0.1033393979555215,1.5597981009463782,12.598,0.179,0.1,0.0,-0.011,-1.0,-0.0
1673,1776071602.395156,-3.9156892705401645,-1.3370972,0.1033393979555215,1.5597981009463782,12.598,0.179,0.1,0.0,-0.011,-1.0,-0.0
1674,1776071602.4033444,-3.9156892705401645,-1.3370972,0.1033393979555215,1.5597981009463782,12.598,0.179,0.1,0.0,-0.011,-1.0,-0.0
1675,1776071602.4118109,-3.9156892705401645,-1.3370972,0.1033393979555215,1.5597981009463782,12.598,0.179,0.1,0.0,-0.011,-1.0,-0.0
1676,1776071602.4199572,-3.9156892705401645,-1.3370972,0.1033393979555215,1.5597981009463782,12.598,0.179,0.1,0.0,-0.011,-1.0,-0.0
1677,1776071602.429006,-3.9156892705401645,-1.3370972,0.1033393979555215,1.5597981009463782,12.598,0.179,0.1,0.0,-0.011,-1.0,-0.0
1678,1776071602.4379332,-3.9156892705401645,-1.3370972,0.1033393979555215,1.5597981009463782,12.598,0.179,0.1,0.0,-0.011,-1.0,-0.0
1679,1776071602.446794,-3.9156892705401645,-1.3370972,0.1033393979555215,1.5597981009463782,12.598,0.179,0.1,0.0,-0.011,-1.0,-0.0
1680,1776071602.4539554,-3.9156892705401645,-1.3370972,0.1033393979555215,1.5597981009463782,12.598,0.179,0.1,0.0,-0.011,-1.0,-0.0
1681,1776071602.4628987,-3.9156892705401645,-1.3370972,0.1033393979555215,1.5597981009463782,12.598,0.179,0.1,0.0,-0.011,-1.0,-0.0
1682,1776071602.4712274,-3.9156892705401645,-1.3370972,0.1033393979555215,1.5597981009463782,12.598,0.179,0.1,0.0,-0.011,-1.0,-0.0
1683,1776071602.4832072,-3.9156892705401645,-1.3370972,0.1033393979555215,1.5597981009463782,12.598,0.179,0.1,0.0,-0.011,-1.0,-0.0
1684,1776071602.4955184,-3.9156892705401645,-1.3370972,0.1033393979555215,1.5597981009463782,12.598,0.179,0.1,0.0,-0.011,-1.0,-0.0
1685,1776071602.5045695,-3.9156892705401645,-1.3370972,0.1033393979555215,1.5597981009463782,12.598,0.179,0.1,0.0,-0.011,-1.0,-0.0
1686,1776071602.5124962,-3.9156892705401645,-1.3370972,0.1033393979555215,1.5597981009463782,12.598,0.179,0.1,0.0,-0.011,-1.0,-0.0
1687,1776071602.5199902,-3.9156892705401645,-1.3370972,0.1033393979555215,1.5597981009463782,12.598,0.179,0.1,0.0,-0.011,-1.0,-0.0
1688,1776071602.5291758,-3.9156892705401645,-1.3370972,0.1033393979555215,1.5597981009463782,12.598,0.179,0.1,0.0,-0.011,-1.0,-0.0
1689,1776071602.5372415,-3.9156892705401645,-1.3370972,0.1033393979555215,1.5597981009463782,12.598,0.179,0.1,0.0,-0.011,-1.0,-0.0
1690,1776071602.54586,-3.9156892705401645,-1.3370972,0.1033393979555215,1.5597981009463782,12.598,0.179,0.1,0.0,-0.011,-1.0,-0.0
1691,1776071602.56125,-3.9156892705401645,-1.3370972,0.1033393979555215,1.5597981009463782,12.598,0.179,0.1,0.0,-0.011,-1.0,-0.0
1692,1776071602.5759232,-3.9156892705401645,-1.3370972,0.1033393979555215,1.5597981009463782,12.598,0.179,0.1,0.0,-0.011,-1.0,-0.0
1693,1776071602.5822303,-3.9156892705401645,-1.3370972,0.1033393979555215,1.5597981009463782,12.598,0.179,0.1,0.0,-0.011,-1.0,-0.0
1694,1776071602.5981765,-3.9156892705401645,-1.3370972,0.1033393979555215,1.5597981009463782,12.598,0.179,0.1,0.0,-0.011,-1.0,-0.0
1695,1776071602.6184006,-3.9156892705401645,-1.3370972,0.1033393979555215,1.5597981009463782,12.598,0.179,0.1,0.0,-0.011,-1.0,-0.0
1696,1776071602.6298113,-3.9156892705401645,-1.3370972,0.1033393979555215,1.5597981009463782,12.598,0.179,0.1,0.0,-0.011,-1.0,-0.0
1697,1776071602.639794,-3.9156892705401645,-1.3370972,0.1033393979555215,1.5597981009463782,12.598,0.179,0.1,0.0,-0.011,-1.0,-0.0
1698,1776071602.6456344,-3.9156892705401645,-1.3370972,0.1033393979555215,1.5597981009463782,12.598,0.179,0.1,0.0,-0.011,-1.0,-0.0
1699,1776071602.6538,-3.9156892705401645,-1.3370972,0.1033393979555215,1.5597981009463782,12.598,0.179,0.1,0.0,-0.011,-1.0,-0.0
1700,1776071602.6618264,-3.9156892705401645,-1.3370972,0.1033393979555215,1.5597981009463782,12.598,0.179,0.1,0.0,-0.011,-1.0,-0.0
1701,1776071602.6702166,-3.9156892705401645,-1.3370972,0.1033393979555215,1.5597981009463782,12.598,0.179,0.1,0.0,-0.011,-1.0,-0.0
1702,1776071602.6783025,-3.9156892705401645,-1.3370972,0.1033393979555215,1.5597981009463782,12.598,0.179,0.1,0.0,-0.011,-1.0,-0.0
1703,1776071602.686842,-3.9156892705401645,-1.3370972,0.1033393979555215,1.5597981009463782,12.598,0.179,0.1,0.0,-0.011,-1.0,-0.0
1704,1776071602.6952791,-3.9156892705401645,-1.3370972,0.1033393979555215,1.5597981009463782,12.598,0.179,0.1,0.0,-0.011,-1.0,-0.0
1705,1776071602.7034032,-3.9156892705401645,-1.3370972,0.1033393979555215,1.5597981009463782,12.598,0.179,0.1,0.0,-0.011,-1.0,-0.0
1706,1776071602.7116785,-3.9194510455401645,-1.3370972,0.10176322696149542,1.5597981009463782,12.598,0.179,0.1,0.0,0.011,1.0,0.0
1707,1776071602.720194,-3.9151877005401645,-1.3370972,0.1033393979555215,1.5597981009463782,12.598,0.179,0.1,0.0,0.011,1.0,0.0
1708,1776071602.7282515,-3.9124290655401643,-1.3370972,0.10452152620104083,1.5597981009463782,12.598,0.179,0.1,0.0,-0.011,-1.0,-0.0
1709,1776071602.7367518,-3.9156892705401645,-1.3370972,0.1033393979555215,1.5597981009463782,12.598,0.179,0.1,0.0,-0.011,-1.0,-0.0
1710,1776071602.7452102,-3.9156892705401645,-1.3370972,0.1033393979555215,1.5597981009463782,12.598,0.179,0.1,0.0,-0.011,-1.0,-0.0
1711,1776071602.7534661,-3.9156892705401645,-1.3370972,0.1033393979555215,1.5597981009463782,12.598,0.179,0.1,0.0,-0.011,-1.0,-0.0
1712,1776071602.761808,-3.9156892705401645,-1.3370972,0.1033393979555215,1.5597981009463782,12.598,0.179,0.1,0.0,-0.011,-1.0,-0.0
1713,1776071602.7702732,-3.9156892705401645,-1.3370972,0.1033393979555215,1.5597981009463782,12.598,0.179,0.1,0.0,-0.011,-1.0,-0.0
1714,1776071602.7790844,-3.9156892705401645,-1.3370972,0.1033393979555215,1.5597981009463782,12.598,0.179,0.1,0.0,-0.011,-1.0,-0.0
1715,1776071602.7870247,-3.9156892705401645,-1.3370972,0.1033393979555215,1.5597981009463782,12.598,0.179,0.1,0.0,-0.011,-1.0,-0.0
1716,1776071602.7954414,-3.9156892705401645,-1.3370972,0.1033393979555215,1.5597981009463782,12.598,0.179,0.1,0.0,-0.011,-1.0,-0.0
1717,1776071602.8032892,-3.9156892705401645,-1.3370972,0.1033393979555215,1.5597981009463782,12.598,0.179,0.1,0.0,-0.011,-1.0,-0.0
1718,1776071602.8116472,-3.9156892705401645,-1.3370972,0.1033393979555215,1.5597981009463782,12.598,0.179,0.1,0.0,-0.011,-1.0,-0.0
1719,1776071602.8200629,-3.9156892705401645,-1.3370972,0.1033393979555215,1.5597981009463782,12.598,0.179,0.1,0.0,-0.011,-1.0,-0.0
1720,1776071602.8285768,-3.9156892705401645,-1.3370972,0.1033393979555215,1.5597981009463782,12.598,0.179,0.1,0.0,-0.011,-1.0,-0.0
1721,1776071602.8367345,-3.9156892705401645,-1.3370972,0.1033393979555215,1.5597981009463782,12.598,0.179,0.1,0.0,-0.011,-1.0,-0.0
1722,1776071602.845047,-3.9156892705401645,-1.3370972,0.1033393979555215,1.5597981009463782,12.598,0.179,0.1,0.0,-0.011,-1.0,-0.0
1723,1776071602.8537247,-3.9156892705401645,-1.3370972,0.1033393979555215,1.5597981009463782,12.598,0.179,0.1,0.0,-0.011,-1.0,-0.0
1724,1776071602.8619347,-3.9156892705401645,-1.3370972,0.1033393979555215,1.5597981009463782,12.598,0.179,0.1,0.0,-0.011,-1.0,-0.0
1725,1776071602.8703704,-3.9156892705401645,-1.3370972,0.1033393979555215,1.5597981009463782,12.598,0.179,0.1,0.0,-0.011,-1.0,-0.0
1726,1776071602.878504,-3.9156892705401645,-1.3370972,0.1033393979555215,1.5597981009463782,12.598,0.179,0.1,0.0,-0.011,-1.0,-0.0
1727,1776071602.8872724,-3.9156892705401645,-1.3370972,0.1033393979555215,1.5597981009463782,12.598,0.179,0.1,0.0,-0.011,-1.0,-0.0
1728,1776071602.8950746,-3.9156892705401645,-1.3370972,0.1033393979555215,1.5597981009463782,12.598,0.179,0.1,0.0,-0.011,-1.0,-0.0
1729,1776071602.9036894,-3.9156892705401645,-1.3370972,0.1033393979555215,1.5597981009463782,12.598,0.179,0.1,0.0,-0.011,-1.0,-0.0
1730,1776071602.9119754,-3.9156892705401645,-1.3370972,0.1033393979555215,1.5597981009463782,12.598,0.179,0.1,0.0,-0.011,-1.0,-0.0
1731,1776071602.9208646,-3.9156892705401645,-1.3370972,0.1033393979555215,1.5597981009463782,12.598,0.179,0.1,0.0,-0.011,-1.0,-0.0
1732,1776071602.929111,-3.9156892705401645,-1.3370972,0.1033393979555215,1.5597981009463782,12.598,0.179,0.1,0.0,-0.011,-1.0,-0.0
1733,1776071602.9369287,-3.9156892705401645,-1.3370972,0.1033393979555215,1.5597981009463782,12.598,0.179,0.1,0.0,-0.011,-1.0,-0.0
1734,1776071602.945099,-3.9156892705401645,-1.3370972,0.1033393979555215,1.5597981009463782,12.598,0.179,0.1,0.0,-0.011,-1.0,-0.0
1735,1776071602.9534125,-3.9156892705401645,-1.3370972,0.1033393979555215,1.5597981009463782,12.598,0.179,0.1,0.0,-0.011,-1.0,-0.0
1736,1776071602.9617474,-3.9156892705401645,-1.3370972,0.1033393979555215,1.5597981009463782,12.598,0.179,0.1,0.0,-0.011,-1.0,-0.0
1737,1776071602.9702528,-3.9156892705401645,-1.3370972,0.1033393979555215,1.5597981009463782,12.598,0.179,0.1,0.0,-0.011,-1.0,-0.0
1738,1776071602.978548,-3.9156892705401645,-1.3370972,0.1033393979555215,1.5597981009463782,12.598,0.179,0.1,0.0,-0.011,-1.0,-0.0
1739,1776071602.987118,-3.9156892705401645,-1.3370972,0.1033393979555215,1.5597981009463782,12.598,0.179,0.1,0.0,-0.011,-1.0,-0.0
1740,1776071602.9952312,-3.9156892705401645,-1.3370972,0.1033393979555215,1.5597981009463782,12.598,0.179,0.1,0.0,-0.011,-1.0,-0.0
1741,1776071603.003799,-3.9156892705401645,-1.3370972,0.1033393979555215,1.5597981009463782,12.598,0.179,0.1,0.0,-0.011,-1.0,-0.0
1742,1776071603.0123703,-3.9156892705401645,-1.3370972,0.1033393979555215,1.5597981009463782,12.598,0.179,0.1,0.0,-0.011,-1.0,-0.0
1743,1776071603.0206032,-3.9156892705401645,-1.3370972,0.1033393979555215,1.5597981009463782,12.598,0.179,0.1,0.0,-0.011,-1.0,-0.0
1744,1776071603.0289156,-3.9156892705401645,-1.3370972,0.1033393979555215,1.5597981009463782,12.598,0.179,0.1,0.0,-0.011,-1.0,-0.0
1745,1776071603.0369964,-3.9156892705401645,-1.3370972,0.1033393979555215,1.5597981009463782,12.598,0.179,0.1,0.0,-0.011,-1.0,-0.0
1746,1776071603.0450392,-3.9156892705401645,-1.3370972,0.1033393979555215,1.5597981009463782,12.598,0.179,0.1,0.0,-0.011,-1.0,-0.0
1747,1776071603.0534909,-3.9156892705401645,-1.3370972,0.1033393979555215,1.5597981009463782,12.598,0.179,0.1,0.0,-0.011,-1.0,-0.0
1748,1776071603.0617971,-3.9156892705401645,-1.3370972,0.1033393979555215,1.5597981009463782,12.598,0.179,0.1,0.0,-0.011,-1.0,-0.0
1749,1776071603.0702739,-3.9156892705401645,-1.3370972,0.1033393979555215,1.5597981009463782,12.598,0.179,0.1,0.0,-0.011,-1.0,-0.0
1750,1776071603.078393,-3.9156892705401645,-1.3370972,0.1033393979555215,1.5597981009463782,12.598,0.179,0.1,0.0,-0.011,-1.0,-0.0
1751,1776071603.0869129,-3.9156892705401645,-1.3370972,0.1033393979555215,1.5597981009463782,12.598,0.179,0.1,0.0,-0.011,-1.0,-0.0
1752,1776071603.0950482,-3.9156892705401645,-1.3370972,0.1033393979555215,1.5597981009463782,12.598,0.179,0.1,0.0,-0.011,-1.0,-0.0
1753,1776071603.1038797,-3.9156892705401645,-1.3370972,0.1033393979555215,1.5597981009463782,12.598,0.179,0.1,0.0,-0.011,-1.0,-0.0
1754,1776071603.1117804,-3.9156892705401645,-1.3370972,0.1033393979555215,1.5597981009463782,12.598,0.179,0.1,0.0,-0.011,-1.0,-0.0
1755,1776071603.120109,-3.9156892705401645,-1.3370972,0.1033393979555215,1.5597981009463782,12.598,0.179,0.1,0.0,-0.011,-1.0,-0.0
1756,1776071603.128514,-3.9156892705401645,-1.3370972,0.1033393979555215,1.5597981009463782,12.598,0.179,0.1,0.0,-0.011,-1.0,-0.0
1757,1776071603.1370392,-3.9156892705401645,-1.3370972,0.1033393979555215,1.5597981009463782,12.598,0.179,0.1,0.0,-0.011,-1.0,-0.0
1758,1776071603.145755,-3.9156892705401645,-1.3370972,0.1033393979555215,1.5597981009463782,12.598,0.179,0.1,0.0,-0.011,-1.0,-0.0
1759,1776071603.1561923,-3.9156892705401645,-1.3370972,0.1033393979555215,1.5597981009463782,12.598,0.179,0.1,0.0,-0.011,-1.0,-0.0
1760,1776071603.1669095,-3.9156892705401645,-1.3370972,0.1033393979555215,1.5597981009463782,12.598,0.179,0.1,0.0,-0.011,-1.0,-0.0
1761,1776071603.1809633,-3.9156892705401645,-1.3370972,0.1033393979555215,1.5597981009463782,12.598,0.179,0.1,0.0,-0.011,-1.0,-0.0
1762,1776071603.198995,-3.9156892705401645,-1.3370972,0.1033393979555215,1.5597981009463782,12.598,0.179,0.1,0.0,-0.011,-1.0,-0.0
1763,1776071603.2127035,-3.9156892705401645,-1.3370972,0.1033393979555215,1.5597981009463782,12.598,0.179,0.1,0.0,-0.011,-1.0,-0.0
1764,1776071603.224386,-3.9156892705401645,-1.3370972,0.1033393979555215,1.5597981009463782,12.598,0.179,0.1,0.0,-0.011,-1.0,-0.0
1765,1776071603.2342339,-3.9156892705401645,-1.3370972,0.1033393979555215,1.5597981009463782,12.598,0.179,0.1,0.0,-0.011,-1.0,-0.0
1766,1776071603.2443154,-3.9156892705401645,-1.3370972,0.1033393979555215,1.5597981009463782,12.598,0.179,0.1,0.0,-0.011,-1.0,-0.0
1767,1776071603.2545917,-3.9156892705401645,-1.3370972,0.1033393979555215,1.5597981009463782,12.598,0.179,0.1,0.0,-0.011,-1.0,-0.0
1768,1776071603.2665255,-3.9156892705401645,-1.3370972,0.1033393979555215,1.5597981009463782,12.598,0.179,0.1,0.0,-0.011,-1.0,-0.0
1769,1776071603.2768297,-3.9156892705401645,-1.3370972,0.1033393979555215,1.5597981009463782,12.598,0.179,0.1,0.0,-0.011,-1.0,-0.0
1770,1776071603.284786,-3.9156892705401645,-1.3370972,0.1033393979555215,1.5597981009463782,12.598,0.179,0.1,0.0,-0.011,-1.0,-0.0
1771,1776071603.2907722,-3.9156892705401645,-1.3370972,0.1033393979555215,1.5597981009463782,12.598,0.179,0.1,0.0,-0.011,-1.0,-0.0
1772,1776071603.2963412,-3.9156892705401645,-1.3370972,0.1033393979555215,1.5597981009463782,12.598,0.179,0.1,0.0,-0.011,-1.0,-0.0
1773,1776071603.3036582,-3.9156892705401645,-1.3370972,0.1033393979555215,1.5597981009463782,12.598,0.179,0.1,0.0,-0.011,-1.0,-0.0
1774,1776071603.311749,-3.9156892705401645,-1.3370972,0.1033393979555215,1.5597981009463782,12.598,0.179,0.1,0.0,-0.011,-1.0,-0.0
1775,1776071603.320366,-3.9156892705401645,-1.3370972,0.1033393979555215,1.5597981009463782,12.598,0.179,0.1,0.0,-0.011,-1.0,-0.0
1776,1776071603.3287878,-3.9156892705401645,-1.3370972,0.1033393979555215,1.5597981009463782,12.598,0.179,0.1,0.0,-0.011,-1.0,-0.0
1777,1776071603.336969,-3.9156892705401645,-1.3370972,0.1033393979555215,1.5597981009463782,12.598,0.179,0.1,0.0,-0.011,-1.0,-0.0
1778,1776071603.344969,-3.9156892705401645,-1.3370972,0.1033393979555215,1.5597981009463782,12.598,0.179,0.1,0.0,-0.011,-1.0,-0.0
1779,1776071603.3539033,-3.9156892705401645,-1.3370972,0.1033393979555215,1.5597981009463782,12.598,0.179,0.1,0.0,-0.011,-1.0,-0.0
1780,1776071603.3617203,-3.9156892705401645,-1.3370972,0.1033393979555215,1.5597981009463782,12.598,0.179,0.1,0.0,-0.011,-1.0,-0.0
1781,1776071603.3700638,-3.9156892705401645,-1.3370972,0.1033393979555215,1.5597981009463782,12.598,0.179,0.1,0.0,-0.011,-1.0,-0.0
1782,1776071603.3788898,-3.9156892705401645,-1.3370972,0.1033393979555215,1.5597981009463782,12.598,0.179,0.1,0.0,-0.011,-1.0,-0.0
1783,1776071603.3916047,-3.9156892705401645,-1.3370972,0.1033393979555215,1.5597981009463782,12.598,0.179,0.1,0.0,-0.011,-1.0,-0.0
1784,1776071603.4062529,-3.9156892705401645,-1.3370972,0.1033393979555215,1.5597981009463782,12.598,0.179,0.1,0.0,-0.011,-1.0,-0.0
1785,1776071603.4185464,-3.9156892705401645,-1.3370972,0.1033393979555215,1.5597981009463782,12.598,0.179,0.1,0.0,-0.011,-1.0,-0.0
1786,1776071603.4304793,-3.9156892705401645,-1.3370972,0.1033393979555215,1.5597981009463782,12.598,0.179,0.1,0.0,-0.011,-1.0,-0.0
1787,1776071603.4409983,-3.9156892705401645,-1.3370972,0.1033393979555215,1.5597981009463782,12.598,0.179,0.1,0.0,-0.011,-1.0,-0.0
1788,1776071603.4514294,-3.9156892705401645,-1.3370972,0.1033393979555215,1.5597981009463782,12.598,0.179,0.1,0.0,-0.011,-1.0,-0.0
1789,1776071603.4615848,-3.9156892705401645,-1.3370972,0.1033393979555215,1.5597981009463782,12.598,0.179,0.1,0.0,-0.011,-1.0,-0.0
1790,1776071603.4732697,-3.9156892705401645,-1.3370972,0.1033393979555215,1.5597981009463782,12.598,0.179,0.1,0.0,-0.011,-1.0,-0.0
1791,1776071603.4836118,-3.9156892705401645,-1.3370972,0.1033393979555215,1.5597981009463782,12.598,0.179,0.1,0.0,-0.011,-1.0,-0.0
1792,1776071603.4938967,-3.9156892705401645,-1.3370972,0.1033393979555215,1.5597981009463782,12.598,0.179,0.1,0.0,-0.011,-1.0,-0.0
1793,1776071603.504073,-3.9156892705401645,-1.3370972,0.1033393979555215,1.5597981009463782,12.598,0.179,0.1,0.0,-0.011,-1.0,-0.0
1794,1776071603.5161548,-3.9156892705401645,-1.3370972,0.1033393979555215,1.5597981009463782,12.598,0.179,0.1,0.0,-0.011,-1.0,-0.0
1795,1776071603.5259652,-3.9156892705401645,-1.3370972,0.1033393979555215,1.5597981009463782,12.598,0.179,0.1,0.0,-0.011,-1.0,-0.0
1796,1776071603.5360546,-3.9156892705401645,-1.3370972,0.1033393979555215,1.5597981009463782,12.598,0.179,0.1,0.0,-0.011,-1.0,-0.0
1797,1776071603.5451293,-3.9156892705401645,-1.3370972,0.1033393979555215,1.5597981009463782,12.598,0.179,0.1,0.0,-0.011,-1.0,-0.0
1798,1776071603.5534313,-3.9156892705401645,-1.3370972,0.1033393979555215,1.5597981009463782,12.598,0.179,0.1,0.0,-0.011,-1.0,-0.0
1799,1776071603.561615,-3.9156892705401645,-1.3370972,0.1033393979555215,1.5597981009463782,12.598,0.179,0.1,0.0,-0.011,-1.0,-0.0
1800,1776071603.5701475,-3.9156892705401645,-1.3370972,0.1033393979555215,1.5597981009463782,12.598,0.179,0.1,0.0,-0.011,-1.0,-0.0
1801,1776071603.5783103,-3.9156892705401645,-1.3370972,0.1033393979555215,1.5597981009463782,12.598,0.179,0.1,0.0,-0.011,-1.0,-0.0
1802,1776071603.5867972,-3.9156892705401645,-1.3370972,0.1033393979555215,1.5597981009463782,12.598,0.179,0.1,0.0,-0.011,-1.0,-0.0
1803,1776071603.5955286,-3.9156892705401645,-1.3370972,0.1033393979555215,1.5597981009463782,12.598,0.179,0.1,0.0,-0.011,-1.0,-0.0
1804,1776071603.6039183,-3.9156892705401645,-1.3370972,0.1033393979555215,1.5597981009463782,12.598,0.179,0.1,0.0,-0.011,-1.0,-0.0
1805,1776071603.6118712,-3.9156892705401645,-1.3370972,0.1033393979555215,1.5597981009463782,12.598,0.179,0.1,0.0,-0.011,-1.0,-0.0
1806,1776071603.620481,-3.9156892705401645,-1.3370972,0.1033393979555215,1.5597981009463782,12.598,0.179,0.1,0.0,-0.011,-1.0,-0.0
1807,1776071603.6284828,-3.9156892705401645,-1.3370972,0.1033393979555215,1.5597981009463782,12.598,0.179,0.1,0.0,-0.011,-1.0,-0.0
1808,1776071603.636926,-3.9156892705401645,-1.3370972,0.1033393979555215,1.5597981009463782,12.598,0.179,0.1,0.0,-0.011,-1.0,-0.0
1809,1776071603.645211,-3.9156892705401645,-1.3370972,0.1033393979555215,1.5597981009463782,12.598,0.179,0.1,0.0,-0.011,-1.0,-0.0
1810,1776071603.6538887,-3.9156892705401645,-1.3370972,0.1033393979555215,1.5597981009463782,12.598,0.179,0.1,0.0,-0.011,-1.0,-0.0
1811,1776071603.662758,-3.918447905540164,-1.3370972,0.10215726971000194,1.5597981009463782,12.598,0.179,0.1,0.0,0.011,1.0,0.0
1812,1776071603.670406,-3.9156892705401645,-1.3370972,0.1033393979555215,1.5597981009463782,12.598,0.179,0.1,0.0,0.011,1.0,0.0
1813,1776071603.6788914,-3.9156892705401645,-1.3370972,0.1033393979555215,1.5597981009463782,12.598,0.179,0.1,0.0,-0.011,-1.0,-0.0
1814,1776071603.6870542,-3.9156892705401645,-1.3370972,0.1033393979555215,1.5597981009463782,12.598,0.179,0.1,0.0,-0.011,-1.0,-0.0
1815,1776071603.6951928,-3.9156892705401645,-1.3370972,0.1033393979555215,1.5597981009463782,12.598,0.179,0.1,0.0,-0.011,-1.0,-0.0
1816,1776071603.7033718,-3.9156892705401645,-1.3370972,0.1033393979555215,1.5597981009463782,12.598,0.179,0.1,0.0,-0.011,-1.0,-0.0
1817,1776071603.7119853,-3.9156892705401645,-1.3370972,0.1033393979555215,1.5597981009463782,12.598,0.179,0.1,0.0,-0.011,-1.0,-0.0
1818,1776071603.7204654,-3.9156892705401645,-1.3370972,0.1033393979555215,1.5597981009463782,12.598,0.179,0.1,0.0,-0.011,-1.0,-0.0
1819,1776071603.7288334,-3.9156892705401645,-1.3370972,0.1033393979555215,1.5597981009463782,12.598,0.179,0.1,0.0,-0.011,-1.0,-0.0
1820,1776071603.7371182,-3.9156892705401645,-1.3370972,0.1033393979555215,1.5597981009463782,12.598,0.179,0.1,0.0,-0.011,-1.0,-0.0
1821,1776071603.7450264,-3.9156892705401645,-1.3370972,0.1033393979555215,1.5597981009463782,12.598,0.179,0.1,0.0,-0.011,-1.0,-0.0
1822,1776071603.753334,-3.9156892705401645,-1.3370972,0.1033393979555215,1.5597981009463782,12.598,0.179,0.1,0.0,-0.011,-1.0,-0.0
1823,1776071603.7616847,-3.9156892705401645,-1.3370972,0.1033393979555215,1.5597981009463782,12.598,0.179,0.1,0.0,-0.011,-1.0,-0.0
1824,1776071603.7701533,-3.9156892705401645,-1.3370972,0.1033393979555215,1.5597981009463782,12.598,0.179,0.1,0.0,-0.011,-1.0,-0.0
1825,1776071603.7786832,-3.9156892705401645,-1.3370972,0.1033393979555215,1.5597981009463782,12.598,0.179,0.1,0.0,-0.011,-1.0,-0.0
1826,1776071603.786758,-3.9156892705401645,-1.3370972,0.1033393979555215,1.5597981009463782,12.598,0.179,0.1,0.0,-0.011,-1.0,-0.0
1827,1776071603.7951283,-3.9156892705401645,-1.3370972,0.1033393979555215,1.5597981009463782,12.598,0.179,0.1,0.0,-0.011,-1.0,-0.0
1828,1776071603.8035967,-3.9156892705401645,-1.3370972,0.1033393979555215,1.5597981009463782,12.598,0.179,0.1,0.0,-0.011,-1.0,-0.0
1829,1776071603.812413,-3.9156892705401645,-1.3370972,0.1033393979555215,1.5597981009463782,12.598,0.179,0.1,0.0,-0.011,-1.0,-0.0
1830,1776071603.8207338,-3.9156892705401645,-1.3370972,0.1033393979555215,1.5597981009463782,12.598,0.179,0.1,0.0,-0.011,-1.0,-0.0
1831,1776071603.8286548,-3.9156892705401645,-1.3370972,0.1033393979555215,1.5597981009463782,12.598,0.179,0.1,0.0,-0.011,-1.0,-0.0
1832,1776071603.836882,-3.9156892705401645,-1.3370972,0.1033393979555215,1.5597981009463782,12.598,0.179,0.1,0.0,-0.011,-1.0,-0.0
1833,1776071603.8453317,-3.9156892705401645,-1.3370972,0.1033393979555215,1.5597981009463782,12.598,0.179,0.1,0.0,-0.011,-1.0,-0.0
1834,1776071603.8535025,-3.9156892705401645,-1.3370972,0.1033393979555215,1.5597981009463782,12.598,0.179,0.1,0.0,-0.011,-1.0,-0.0
1835,1776071603.8616364,-3.9156892705401645,-1.3370972,0.1033393979555215,1.5597981009463782,12.598,0.179,0.1,0.0,-0.011,-1.0,-0.0
1836,1776071603.8699443,-3.9156892705401645,-1.3370972,0.1033393979555215,1.5597981009463782,12.598,0.179,0.1,0.0,-0.011,-1.0,-0.0
1837,1776071603.878673,-3.9156892705401645,-1.3370972,0.1033393979555215,1.5597981009463782,12.598,0.179,0.1,0.0,-0.011,-1.0,-0.0
1838,1776071603.8868728,-3.9156892705401645,-1.3370972,0.1033393979555215,1.5597981009463782,12.598,0.179,0.1,0.0,-0.011,-1.0,-0.0
1839,1776071603.8950903,-3.9156892705401645,-1.3370972,0.1033393979555215,1.5597981009463782,12.598,0.179,0.1,0.0,-0.011,-1.0,-0.0
1840,1776071603.9036982,-3.9156892705401645,-1.3370972,0.1033393979555215,1.5597981009463782,12.598,0.179,0.1,0.0,-0.011,-1.0,-0.0
1841,1776071603.9123764,-3.9156892705401645,-1.3370972,0.1033393979555215,1.5597981009463782,12.598,0.179,0.1,0.0,-0.011,-1.0,-0.0
1842,1776071603.9205158,-3.9156892705401645,-1.3370972,0.1033393979555215,1.5597981009463782,12.598,0.179,0.1,0.0,-0.011,-1.0,-0.0
1843,1776071603.9286969,-3.9156892705401645,-1.3370972,0.1033393979555215,1.5597981009463782,12.598,0.179,0.1,0.0,-0.011,-1.0,-0.0
1844,1776071603.9368165,-3.9156892705401645,-1.3370972,0.1033393979555215,1.5597981009463782,12.598,0.179,0.1,0.0,-0.011,-1.0,-0.0
1845,1776071603.9449465,-3.9156892705401645,-1.3370972,0.1033393979555215,1.5597981009463782,12.598,0.179,0.1,0.0,-0.011,-1.0,-0.0
1846,1776071603.9534547,-3.9156892705401645,-1.3370972,0.1033393979555215,1.5597981009463782,12.598,0.179,0.1,0.0,-0.011,-1.0,-0.0
1847,1776071603.9617724,-3.9156892705401645,-1.3370972,0.1033393979555215,1.5597981009463782,12.598,0.179,0.1,0.0,-0.011,-1.0,-0.0
1848,1776071603.9700305,-3.9156892705401645,-1.3370972,0.1033393979555215,1.5597981009463782,12.598,0.179,0.1,0.0,-0.011,-1.0,-0.0
1849,1776071603.9783194,-3.9156892705401645,-1.3370972,0.1033393979555215,1.5597981009463782,12.598,0.179,0.1,0.0,-0.011,-1.0,-0.0
1850,1776071603.986859,-3.9156892705401645,-1.3370972,0.1033393979555215,1.5597981009463782,12.598,0.179,0.1,0.0,-0.011,-1.0,-0.0
1851,1776071603.99518,-3.9156892705401645,-1.3370972,0.1033393979555215,1.5597981009463782,12.598,0.179,0.1,0.0,-0.011,-1.0,-0.0
1852,1776071604.0041354,-3.9156892705401645,-1.3370972,0.1033393979555215,1.5597981009463782,12.598,0.179,0.1,0.0,-0.011,-1.0,-0.0
1853,1776071604.0123787,-3.9156892705401645,-1.3370972,0.1033393979555215,1.5597981009463782,12.598,0.179,0.1,0.0,-0.011,-1.0,-0.0
1854,1776071604.0202599,-3.9156892705401645,-1.3370972,0.1033393979555215,1.5597981009463782,12.598,0.179,0.1,0.0,-0.011,-1.0,-0.0
1855,1776071604.028423,-3.9156892705401645,-1.3370972,0.1033393979555215,1.5597981009463782,12.598,0.179,0.1,0.0,-0.011,-1.0,-0.0
1856,1776071604.0371196,-3.9156892705401645,-1.3370972,0.1033393979555215,1.5597981009463782,12.598,0.179,0.1,0.0,-0.011,-1.0,-0.0
1857,1776071604.045494,-3.9156892705401645,-1.3370972,0.1033393979555215,1.5597981009463782,12.598,0.179,0.1,0.0,-0.011,-1.0,-0.0
1858,1776071604.0535007,-3.9156892705401645,-1.3370972,0.1033393979555215,1.5597981009463782,12.598,0.179,0.1,0.0,-0.011,-1.0,-0.0
1859,1776071604.0620425,-3.9156892705401645,-1.3370972,0.1033393979555215,1.5597981009463782,12.598,0.179,0.1,0.0,-0.011,-1.0,-0.0
1860,1776071604.0701222,-3.9156892705401645,-1.3370972,0.1033393979555215,1.5597981009463782,12.598,0.179,0.1,0.0,-0.011,-1.0,-0.0
1861,1776071604.0788808,-3.9156892705401645,-1.3370972,0.1033393979555215,1.5597981009463782,12.598,0.179,0.1,0.0,-0.011,-1.0,-0.0
1862,1776071604.0868473,-3.9156892705401645,-1.3370972,0.1033393979555215,1.5597981009463782,12.598,0.179,0.1,0.0,-0.011,-1.0,-0.0
1863,1776071604.0954576,-3.9156892705401645,-1.3370972,0.1033393979555215,1.5597981009463782,12.598,0.179,0.1,0.0,-0.011,-1.0,-0.0
1864,1776071604.103729,-3.9156892705401645,-1.3370972,0.1033393979555215,1.5597981009463782,12.598,0.179,0.1,0.0,-0.011,-1.0,-0.0
1865,1776071604.1121309,-3.9156892705401645,-1.3370972,0.1033393979555215,1.5597981009463782,12.598,0.179,0.1,0.0,-0.011,-1.0,-0.0
1866,1776071604.120976,-3.9156892705401645,-1.3370972,0.1033393979555215,1.5597981009463782,12.598,0.179,0.1,0.0,-0.011,-1.0,-0.0
1867,1776071604.1289957,-3.9156892705401645,-1.3370972,0.1033393979555215,1.5597981009463782,12.598,0.179,0.1,0.0,-0.011,-1.0,-0.0
1868,1776071604.1369755,-3.9156892705401645,-1.3370972,0.1033393979555215,1.5597981009463782,12.598,0.179,0.1,0.0,-0.011,-1.0,-0.0
1869,1776071604.1451445,-3.9156892705401645,-1.3370972,0.1033393979555215,1.5597981009463782,12.598,0.179,0.1,0.0,-0.011,-1.0,-0.0
1870,1776071604.1533234,-3.9156892705401645,-1.3370972,0.1033393979555215,1.5597981009463782,12.598,0.179,0.1,0.0,-0.011,-1.0,-0.0
1871,1776071604.1617782,-3.9156892705401645,-1.3370972,0.1033393979555215,1.5597981009463782,12.598,0.179,0.1,0.0,-0.011,-1.0,-0.0
1872,1776071604.17029,-3.9156892705401645,-1.3370972,0.1033393979555215,1.5597981009463782,12.598,0.179,0.1,0.0,-0.011,-1.0,-0.0
1873,1776071604.178906,-3.9156892705401645,-1.3370972,0.1033393979555215,1.5597981009463782,12.598,0.179,0.1,0.0,-0.011,-1.0,-0.0
1874,1776071604.1870449,-3.9156892705401645,-1.3370972,0.1033393979555215,1.5597981009463782,12.598,0.179,0.1,0.0,-0.011,-1.0,-0.0
1875,1776071604.1951497,-3.9156892705401645,-1.3370972,0.1033393979555215,1.5597981009463782,12.598,0.179,0.1,0.0,-0.011,-1.0,-0.0
1876,1776071604.203711,-3.9156892705401645,-1.3370972,0.1033393979555215,1.5597981009463782,12.598,0.179,0.1,0.0,-0.011,-1.0,-0.0
1877,1776071604.2119892,-3.9156892705401645,-1.3370972,0.1033393979555215,1.5597981009463782,12.598,0.179,0.1,0.0,-0.011,-1.0,-0.0
1878,1776071604.2201452,-3.9156892705401645,-1.3370972,0.1033393979555215,1.5597981009463782,12.598,0.179,0.1,0.0,-0.011,-1.0,-0.0
1879,1776071604.2287788,-3.9156892705401645,-1.3370972,0.1033393979555215,1.5597981009463782,12.598,0.179,0.1,0.0,-0.011,-1.0,-0.0
1880,1776071604.2371972,-3.9156892705401645,-1.3370972,0.1033393979555215,1.5597981009463782,12.598,0.179,0.1,0.0,-0.011,-1.0,-0.0
1881,1776071604.2456102,-3.9156892705401645,-1.3370972,0.1033393979555215,1.5597981009463782,12.598,0.179,0.1,0.0,-0.011,-1.0,-0.0
1882,1776071604.2541018,-3.9156892705401645,-1.3370972,0.1033393979555215,1.5597981009463782,12.598,0.179,0.1,0.0,-0.011,-1.0,-0.0
1883,1776071604.2639158,-3.9156892705401645,-1.3370972,0.1033393979555215,1.5597981009463782,12.598,0.179,0.1,0.0,-0.011,-1.0,-0.0
1884,1776071604.2705402,-3.9156892705401645,-1.3370972,0.1033393979555215,1.5597981009463782,12.598,0.179,0.1,0.0,-0.011,-1.0,-0.0
1885,1776071604.2785063,-3.9156892705401645,-1.3370972,0.1033393979555215,1.5597981009463782,12.598,0.179,0.1,0.0,-0.011,-1.0,-0.0
1886,1776071604.2872484,-3.9156892705401645,-1.3370972,0.1033393979555215,1.5597981009463782,12.598,0.179,0.1,0.0,-0.011,-1.0,-0.0
1887,1776071604.2981884,-3.9156892705401645,-1.3370972,0.1033393979555215,1.5597981009463782,12.598,0.179,0.1,0.0,-0.011,-1.0,-0.0
1888,1776071604.3131702,-3.9156892705401645,-1.3370972,0.1033393979555215,1.5597981009463782,12.598,0.179,0.1,0.0,-0.011,-1.0,-0.0
1889,1776071604.327276,-3.9156892705401645,-1.3370972,0.1033393979555215,1.5597981009463782,12.598,0.179,0.1,0.0,-0.011,-1.0,-0.0
1890,1776071604.3377454,-3.9156892705401645,-1.3370972,0.1033393979555215,1.5597981009463782,12.598,0.179,0.1,0.0,-0.011,-1.0,-0.0
1891,1776071604.3485136,-3.9156892705401645,-1.3370972,0.1033393979555215,1.5597981009463782,12.598,0.179,0.1,0.0,-0.011,-1.0,-0.0
1892,1776071604.3598547,-3.9156892705401645,-1.3370972,0.1033393979555215,1.5597981009463782,12.598,0.179,0.1,0.0,-0.011,-1.0,-0.0
1893,1776071604.3700893,-3.9156892705401645,-1.3370972,0.1033393979555215,1.5597981009463782,12.598,0.179,0.1,0.0,-0.011,-1.0,-0.0
1894,1776071604.3802893,-3.9156892705401645,-1.3370972,0.1033393979555215,1.5597981009463782,12.598,0.179,0.1,0.0,-0.011,-1.0,-0.0
1895,1776071604.3903773,-3.9156892705401645,-1.3370972,0.1033393979555215,1.5597981009463782,12.598,0.179,0.1,0.0,-0.011,-1.0,-0.0
1896,1776071604.4005089,-3.9156892705401645,-1.3370972,0.1033393979555215,1.5597981009463782,12.598,0.179,0.1,0.0,-0.011,-1.0,-0.0
1897,1776071604.4102008,-3.9156892705401645,-1.3370972,0.1033393979555215,1.5597981009463782,12.598,0.179,0.1,0.0,-0.011,-1.0,-0.0
1898,1776071604.417161,-3.9156892705401645,-1.3370972,0.1033393979555215,1.5597981009463782,12.598,0.179,0.1,0.0,-0.011,-1.0,-0.0
1899,1776071604.4233508,-3.9156892705401645,-1.3370972,0.1033393979555215,1.5597981009463782,12.598,0.179,0.1,0.0,-0.011,-1.0,-0.0
1900,1776071604.4307847,-3.9156892705401645,-1.3370972,0.1033393979555215,1.5597981009463782,12.598,0.179,0.1,0.0,-0.011,-1.0,-0.0
1901,1776071604.4371173,-3.9156892705401645,-1.3370972,0.1033393979555215,1.5597981009463782,12.598,0.179,0.1,0.0,-0.011,-1.0,-0.0
1902,1776071604.4454277,-3.9156892705401645,-1.3370972,0.1033393979555215,1.5597981009463782,12.598,0.179,0.1,0.0,-0.011,-1.0,-0.0
1903,1776071604.4535654,-3.9156892705401645,-1.3370972,0.1033393979555215,1.5597981009463782,12.598,0.179,0.1,0.0,-0.011,-1.0,-0.0
1904,1776071604.4617789,-3.9156892705401645,-1.3370972,0.1033393979555215,1.5597981009463782,12.598,0.179,0.1,0.0,-0.011,-1.0,-0.0
1905,1776071604.4700658,-3.9156892705401645,-1.3370972,0.1033393979555215,1.5597981009463782,12.598,0.179,0.1,0.0,-0.011,-1.0,-0.0
1906,1776071604.478764,-3.9156892705401645,-1.3370972,0.1033393979555215,1.5597981009463782,12.598,0.179,0.1,0.0,-0.011,-1.0,-0.0
1907,1776071604.487262,-3.9156892705401645,-1.3370972,0.1033393979555215,1.5597981009463782,12.598,0.179,0.1,0.0,-0.011,-1.0,-0.0
1908,1776071604.495443,3.960911830540164,-1.3370972,0.1033393979555215,1.5597981009463782,12.598,0.179,0.1,0.0,-0.011,-1.0,0.0
1909,1776071604.5038671,3.960911830540164,-1.3370972,0.1033393979555215,1.5597981009463782,12.598,0.179,0.1,0.0,-0.011,-1.0,0.0
1910,1776071604.5117996,3.960911830540164,-1.3370972,0.1033393979555215,1.5597981009463782,12.598,0.179,0.1,0.0,-0.011,-1.0,0.0
1911,1776071604.5203135,3.960911830540164,-1.3370972,0.1033393979555215,1.5597981009463782,12.598,0.179,0.1,0.0,-0.011,-1.0,0.0
1912,1776071604.5294561,3.960911830540164,-1.3370972,0.1033393979555215,1.5597981009463782,12.598,0.179,0.1,0.0,-0.011,-1.0,0.0
1913,1776071604.5367548,3.960911830540164,-1.3370972,0.1033393979555215,1.5597981009463782,12.598,0.179,0.1,0.0,-0.011,-1.0,0.0
1914,1776071604.5453084,3.960911830540164,-1.3370972,0.1033393979555215,1.5597981009463782,12.598,0.179,0.1,0.0,-0.011,-1.0,0.0
1915,1776071604.5533268,3.960911830540164,-1.3370972,0.1033393979555215,1.5597981009463782,12.598,0.179,0.1,0.0,-0.011,-1.0,0.0
1916,1776071604.5621598,3.960911830540164,-1.3370972,0.1033393979555215,1.5597981009463782,12.598,0.179,0.1,0.0,-0.011,-1.0,0.0
1917,1776071604.570695,3.960911830540164,-1.3370972,0.1033393979555215,1.5597981009463782,12.598,0.179,0.1,0.0,-0.011,-1.0,0.0
1918,1776071604.5783994,3.960911830540164,-1.3370972,0.1033393979555215,1.5597981009463782,12.598,0.179,0.1,0.0,-0.011,-1.0,0.0
1919,1776071604.5870645,-3.916190840540165,-1.3370972,0.10373344070402801,1.5597981009463782,12.598,0.179,0.1,0.0,0.011,1.0,0.0
1920,1776071604.5953643,-3.9156892705401645,-1.3370972,0.1033393979555215,1.5597981009463782,12.598,0.179,0.1,0.0,0.011,1.0,0.0
1921,1776071604.6038392,-3.9156892705401645,-1.3370972,0.1033393979555215,1.5597981009463782,12.598,0.179,0.1,0.0,0.011,1.0,0.0
1922,1776071604.612158,-3.9156892705401645,-1.3370972,0.1033393979555215,1.5597981009463782,12.598,0.179,0.1,0.0,0.011,1.0,0.0
1923,1776071604.6201825,-3.9156892705401645,-1.3370972,0.1033393979555215,1.5597981009463782,12.598,0.179,0.1,0.0,0.011,1.0,0.0
1924,1776071604.6292436,-3.9156892705401645,-1.3370972,0.1033393979555215,1.5597981009463782,12.598,0.179,0.1,0.0,0.011,1.0,0.0
1925,1776071604.6373339,-3.9156892705401645,-1.3370972,0.1033393979555215,1.5597981009463782,12.598,0.179,0.1,0.0,0.011,1.0,0.0
1926,1776071604.645886,-3.9156892705401645,-1.3370972,0.1033393979555215,1.5597981009463782,12.598,0.179,0.1,0.0,0.011,1.0,0.0
1927,1776071604.6537366,-3.9156892705401645,-1.3370972,0.1033393979555215,1.5597981009463782,12.598,0.179,0.1,0.0,0.011,1.0,0.0
1928,1776071604.6616642,-3.9156892705401645,-1.3370972,0.1033393979555215,1.5597981009463782,12.598,0.179,0.1,0.0,0.011,1.0,0.0
1929,1776071604.669964,-3.9156892705401645,-1.3370972,0.1033393979555215,1.5597981009463782,12.598,0.179,0.1,0.0,0.011,1.0,0.0
1930,1776071604.6784906,-3.9156892705401645,-1.3370972,0.1033393979555215,1.5597981009463782,12.598,0.179,0.1,0.0,0.011,1.0,0.0
1931,1776071604.6870065,-3.9156892705401645,-1.3370972,0.1033393979555215,1.5597981009463782,12.598,0.179,0.1,0.0,0.011,1.0,0.0
1932,1776071604.695459,-3.9156892705401645,-1.3370972,0.1033393979555215,1.5597981009463782,12.598,0.179,0.1,0.0,0.011,1.0,0.0
1933,1776071604.7035587,-3.9156892705401645,-1.3370972,0.1033393979555215,1.5597981009463782,12.598,0.179,0.1,0.0,0.011,1.0,0.0
1934,1776071604.7116327,-3.9156892705401645,-1.3370972,0.1033393979555215,1.5597981009463782,12.598,0.179,0.1,0.0,0.011,1.0,0.0
1935,1776071604.720019,-3.9156892705401645,-1.3370972,0.1033393979555215,1.5597981009463782,12.598,0.179,0.1,0.0,0.011,1.0,0.0
1936,1776071604.7285511,-3.9156892705401645,-1.3370972,0.1033393979555215,1.5597981009463782,12.598,0.179,0.1,0.0,0.011,1.0,0.0
1937,1776071604.7368326,-3.9156892705401645,-1.3370972,0.1033393979555215,1.5597981009463782,12.598,0.179,0.1,0.0,0.011,1.0,0.0
1938,1776071604.7450962,-3.9156892705401645,-1.3370972,0.1033393979555215,1.5597981009463782,12.598,0.179,0.1,0.0,0.011,1.0,0.0
1939,1776071604.7536807,-3.9156892705401645,-1.3370972,0.1033393979555215,1.5597981009463782,12.598,0.179,0.1,0.0,0.011,1.0,0.0
1940,1776071604.7617188,-3.9156892705401645,-1.3370972,0.1033393979555215,1.5597981009463782,12.598,0.179,0.1,0.0,0.011,1.0,0.0
1941,1776071604.7700398,-3.9156892705401645,-1.3370972,0.1033393979555215,1.5597981009463782,12.598,0.179,0.1,0.0,0.011,1.0,0.0
1942,1776071604.7784626,-3.9156892705401645,-1.3370972,0.1033393979555215,1.5597981009463782,12.598,0.179,0.1,0.0,0.011,1.0,0.0
1943,1776071604.7867873,-3.9156892705401645,-1.3370972,0.1033393979555215,1.5597981009463782,12.598,0.179,0.1,0.0,0.011,1.0,0.0
1944,1776071604.795208,-3.9156892705401645,-1.3370972,0.1033393979555215,1.5597981009463782,12.598,0.179,0.1,0.0,0.011,1.0,0.0
1945,1776071604.8035989,-3.9156892705401645,-1.3370972,0.1033393979555215,1.5597981009463782,12.598,0.179,0.1,0.0,0.011,1.0,0.0
1946,1776071604.8125606,-3.9156892705401645,-1.3370972,0.1033393979555215,1.5597981009463782,12.598,0.179,0.1,0.0,0.011,1.0,0.0
1947,1776071604.819939,-3.9156892705401645,-1.3370972,0.1033393979555215,1.5597981009463782,12.598,0.179,0.1,0.0,0.011,1.0,0.0
1948,1776071604.8284032,-3.9156892705401645,-1.3370972,0.1033393979555215,1.5597981009463782,12.598,0.179,0.1,0.0,0.011,1.0,0.0
1949,1776071604.8373182,-3.9156892705401645,-1.3370972,0.1033393979555215,1.5597981009463782,12.598,0.179,0.1,0.0,0.011,1.0,0.0
1950,1776071604.8454616,-3.9156892705401645,-1.3370972,0.1033393979555215,1.5597981009463782,12.598,0.179,0.1,0.0,0.011,1.0,0.0
1951,1776071604.8538458,-3.9156892705401645,-1.3370972,0.1033393979555215,1.5597981009463782,12.598,0.179,0.1,0.0,0.011,1.0,0.0
1952,1776071604.8623137,-3.9156892705401645,-1.3370972,0.1033393979555215,1.5597981009463782,12.598,0.179,0.1,0.0,0.011,1.0,0.0
1953,1776071604.8709006,-3.9156892705401645,-1.3370972,0.1033393979555215,1.5597981009463782,12.598,0.179,0.1,0.0,0.011,1.0,0.0
1954,1776071604.8784559,-3.9156892705401645,-1.3370972,0.1033393979555215,1.5597981009463782,12.598,0.179,0.1,0.0,0.011,1.0,0.0
1955,1776071604.8870518,-3.9156892705401645,-1.3370972,0.1033393979555215,1.5597981009463782,12.598,0.179,0.1,0.0,0.011,1.0,0.0
1956,1776071604.8954072,-3.9156892705401645,-1.3370972,0.1033393979555215,1.5597981009463782,12.598,0.179,0.1,0.0,0.011,1.0,0.0
1957,1776071604.9042115,-3.9156892705401645,-1.3370972,0.1033393979555215,1.5597981009463782,12.598,0.179,0.1,0.0,0.011,1.0,0.0
1958,1776071604.9122343,-3.9156892705401645,-1.3370972,0.1033393979555215,1.5597981009463782,12.598,0.179,0.1,0.0,0.011,1.0,0.0
1959,1776071604.9206622,-3.9156892705401645,-1.3370972,0.1033393979555215,1.5597981009463782,12.598,0.179,0.1,0.0,0.011,1.0,0.0
1960,1776071604.928247,-3.9156892705401645,-1.3370972,0.1033393979555215,1.5597981009463782,12.598,0.179,0.1,0.0,0.011,1.0,0.0
1961,1776071604.9366102,-3.9156892705401645,-1.3370972,0.1033393979555215,1.5597981009463782,12.598,0.179,0.1,0.0,0.011,1.0,0.0
1962,1776071604.945017,-3.9156892705401645,-1.3370972,0.1033393979555215,1.5597981009463782,12.598,0.179,0.1,0.0,0.011,1.0,0.0
1963,1776071604.9537654,-3.9156892705401645,-1.3370972,0.1033393979555215,1.5597981009463782,12.598,0.179,0.1,0.0,0.011,1.0,0.0
1964,1776071604.9619377,-3.9156892705401645,-1.3370972,0.1033393979555215,1.5597981009463782,12.598,0.179,0.1,0.0,-0.011,-1.0,-0.0
1965,1776071604.9704714,-3.9156892705401645,-1.3370972,0.1033393979555215,1.5597981009463782,12.598,0.179,0.1,0.0,-0.011,-1.0,-0.0
1966,1776071604.9786174,-3.9156892705401645,-1.3370972,0.1033393979555215,1.5597981009463782,12.598,0.179,0.1,0.0,-0.011,-1.0,-0.0
1967,1776071604.9866807,-3.9156892705401645,-1.3370972,0.1033393979555215,1.5597981009463782,12.598,0.179,0.1,0.0,-0.011,-1.0,-0.0
1968,1776071604.9955492,-3.9156892705401645,-1.3370972,0.1033393979555215,1.5597981009463782,12.598,0.179,0.1,0.0,-0.011,-1.0,-0.0
1969,1776071605.0040927,-3.9156892705401645,-1.3370972,0.1033393979555215,1.5597981009463782,12.598,0.179,0.1,0.0,-0.011,-1.0,-0.0
1970,1776071605.0126135,-3.9156892705401645,-1.3370972,0.1033393979555215,1.5597981009463782,12.598,0.179,0.1,0.0,-0.011,-1.0,-0.0
1971,1776071605.0219328,-3.9156892705401645,-1.3370972,0.1033393979555215,1.5597981009463782,12.598,0.179,0.1,0.0,-0.011,-1.0,-0.0
1972,1776071605.0308928,-3.9156892705401645,-1.3370972,0.1033393979555215,1.5597981009463782,12.598,0.179,0.1,0.0,-0.011,-1.0,-0.0
1973,1776071605.0428274,-3.9156892705401645,-1.3370972,0.1033393979555215,1.5597981009463782,12.598,0.179,0.1,0.0,-0.011,-1.0,-0.0
1974,1776071605.0515668,-3.9156892705401645,-1.3370972,0.1033393979555215,1.5597981009463782,12.598,0.179,0.1,0.0,-0.011,-1.0,-0.0
1975,1776071605.0587113,-3.9156892705401645,-1.3370972,0.1033393979555215,1.5597981009463782,12.598,0.179,0.1,0.0,-0.011,-1.0,-0.0
1976,1776071605.0665932,-3.9156892705401645,-1.3370972,0.1033393979555215,1.5597981009463782,12.598,0.179,0.1,0.0,-0.011,-1.0,-0.0
1977,1776071605.0788722,-3.9156892705401645,-1.3370972,0.1033393979555215,1.5597981009463782,12.598,0.179,0.1,0.0,-0.011,-1.0,-0.0
1978,1776071605.0881338,-3.9156892705401645,-1.3370972,0.1033393979555215,1.5597981009463782,12.598,0.179,0.1,0.0,-0.011,-1.0,-0.0
1979,1776071605.0963812,-3.9156892705401645,-1.3370972,0.1033393979555215,1.5597981009463782,12.598,0.179,0.1,0.0,-0.011,-1.0,-0.0
1980,1776071605.1033251,-3.9156892705401645,-1.3370972,0.1033393979555215,1.5597981009463782,12.598,0.179,0.1,0.0,-0.011,-1.0,-0.0
1981,1776071605.1117513,-3.9156892705401645,-1.3370972,0.1033393979555215,1.5597981009463782,12.598,0.179,0.1,0.0,-0.011,-1.0,-0.0
1982,1776071605.1213977,-3.9156892705401645,-1.3370972,0.1033393979555215,1.5597981009463782,12.598,0.179,0.1,0.0,-0.011,-1.0,-0.0
1983,1776071605.1285167,-3.9156892705401645,-1.3370972,0.1033393979555215,1.5597981009463782,12.598,0.179,0.1,0.0,-0.011,-1.0,-0.0
1984,1776071605.137158,-3.9156892705401645,-1.3370972,0.1033393979555215,1.5597981009463782,12.598,0.179,0.1,0.0,-0.011,-1.0,-0.0
1985,1776071605.1451118,-3.9156892705401645,-1.3370972,0.1033393979555215,1.5597981009463782,12.598,0.179,0.1,0.0,-0.011,-1.0,-0.0
1986,1776071605.1536875,-3.9156892705401645,-1.3370972,0.1033393979555215,1.5597981009463782,12.598,0.179,0.1,0.0,-0.011,-1.0,-0.0
1987,1776071605.1618447,-3.9156892705401645,-1.3370972,0.1033393979555215,1.5597981009463782,12.598,0.179,0.1,0.0,-0.011,-1.0,-0.0
1988,1776071605.1703203,-3.9156892705401645,-1.3370972,0.1033393979555215,1.5597981009463782,12.598,0.179,0.1,0.0,-0.011,-1.0,-0.0
1989,1776071605.1786954,-3.9156892705401645,-1.3370972,0.1033393979555215,1.5597981009463782,12.598,0.179,0.1,0.0,-0.011,-1.0,-0.0
1990,1776071605.188297,-3.9156892705401645,-1.3370972,0.1033393979555215,1.5597981009463782,12.598,0.179,0.1,0.0,-0.011,-1.0,-0.0
1991,1776071605.1956336,-3.9156892705401645,-1.3370972,0.1033393979555215,1.5597981009463782,12.598,0.179,0.1,0.0,-0.011,-1.0,-0.0
1992,1776071605.2038615,-3.9156892705401645,-1.3370972,0.1033393979555215,1.5597981009463782,12.598,0.179,0.1,0.0,-0.011,-1.0,-0.0
1993,1776071605.2122905,-3.9156892705401645,-1.3370972,0.1033393979555215,1.5597981009463782,12.598,0.179,0.1,0.0,-0.011,-1.0,-0.0
1994,1776071605.2201724,-3.9156892705401645,-1.3370972,0.1033393979555215,1.5597981009463782,12.598,0.179,0.1,0.0,-0.011,-1.0,-0.0
1995,1776071605.2289605,-3.9156892705401645,-1.3370972,0.1033393979555215,1.5597981009463782,12.598,0.179,0.1,0.0,-0.011,-1.0,-0.0
1996,1776071605.2369378,-3.918698690540164,-1.336846415,0.10215726971000194,1.5597981009463782,12.598,0.179,0.1,0.0,0.011,1.0,0.0
1997,1776071605.2460556,-3.9129306355401643,-1.3370972,0.10452152620104083,1.5597981009463782,12.598,0.179,0.1,0.0,-0.011,-1.0,-0.0
1998,1776071605.25334,-3.9156892705401645,-1.3370972,0.1033393979555215,1.5597981009463782,12.598,0.179,0.1,0.0,-0.011,-1.0,-0.0
1999,1776071605.2618008,-3.9156892705401645,-1.3370972,0.1033393979555215,1.5597981009463782,12.598,0.179,0.1,0.0,-0.011,-1.0,-0.0
2000,1776071605.2703578,-3.9156892705401645,-1.3370972,0.1033393979555215,1.5597981009463782,12.598,0.179,0.1,0.0,-0.011,-1.0,-0.0
2001,1776071605.278447,-3.9156892705401645,-1.3370972,0.1033393979555215,1.5597981009463782,12.598,0.179,0.1,0.0,-0.011,-1.0,-0.0
2002,1776071605.286737,-3.9156892705401645,-1.3370972,0.1033393979555215,1.5597981009463782,12.598,0.179,0.1,0.0,-0.011,-1.0,-0.0
2003,1776071605.29541,-3.9156892705401645,-1.3370972,0.1033393979555215,1.5597981009463782,12.598,0.179,0.1,0.0,-0.011,-1.0,-0.0
2004,1776071605.303465,-3.9156892705401645,-1.3370972,0.1033393979555215,1.5597981009463782,12.598,0.179,0.1,0.0,-0.011,-1.0,-0.0
2005,1776071605.3120136,-3.9156892705401645,-1.3370972,0.1033393979555215,1.5597981009463782,12.598,0.179,0.1,0.0,-0.011,-1.0,-0.0
2006,1776071605.3204513,-3.9156892705401645,-1.3370972,0.1033393979555215,1.5597981009463782,12.598,0.179,0.1,0.0,-0.011,-1.0,-0.0
2007,1776071605.3288836,-3.9156892705401645,-1.3370972,0.1033393979555215,1.5597981009463782,12.598,0.179,0.1,0.0,-0.011,-1.0,-0.0
2008,1776071605.3375719,-3.9156892705401645,-1.3370972,0.1033393979555215,1.5597981009463782,12.598,0.179,0.1,0.0,-0.011,-1.0,-0.0
2009,1776071605.3456962,-3.9156892705401645,-1.3370972,0.1033393979555215,1.5597981009463782,12.598,0.179,0.1,0.0,-0.011,-1.0,-0.0
2010,1776071605.3533676,-3.9156892705401645,-1.3370972,0.1033393979555215,1.5597981009463782,12.598,0.179,0.1,0.0,-0.011,-1.0,-0.0
2011,1776071605.3620608,-3.9156892705401645,-1.3370972,0.1033393979555215,1.5597981009463782,12.598,0.179,0.1,0.0,-0.011,-1.0,-0.0
2012,1776071605.370638,-3.9156892705401645,-1.3370972,0.1033393979555215,1.5597981009463782,12.598,0.179,0.1,0.0,-0.011,-1.0,-0.0
2013,1776071605.3784955,-3.9156892705401645,-1.3370972,0.1033393979555215,1.5597981009463782,12.598,0.179,0.1,0.0,-0.011,-1.0,-0.0
2014,1776071605.386741,-3.9156892705401645,-1.3370972,0.1033393979555215,1.5597981009463782,12.598,0.179,0.1,0.0,-0.011,-1.0,-0.0
2015,1776071605.3957815,-3.9156892705401645,-1.3370972,0.1033393979555215,1.5597981009463782,12.598,0.179,0.1,0.0,-0.011,-1.0,-0.0
2016,1776071605.4038882,-3.9156892705401645,-1.3370972,0.1033393979555215,1.5597981009463782,12.598,0.179,0.1,0.0,-0.011,-1.0,-0.0
2017,1776071605.4126287,-3.9156892705401645,-1.3370972,0.1033393979555215,1.5597981009463782,12.598,0.179,0.1,0.0,-0.011,-1.0,-0.0
2018,1776071605.4246757,-3.9156892705401645,-1.3370972,0.1033393979555215,1.5597981009463782,12.598,0.179,0.1,0.0,-0.011,-1.0,-0.0
2019,1776071605.434693,-3.9156892705401645,-1.3370972,0.1033393979555215,1.5597981009463782,12.598,0.179,0.1,0.0,-0.011,-1.0,-0.0
2020,1776071605.4447868,-3.9156892705401645,-1.3370972,0.1033393979555215,1.5597981009463782,12.598,0.179,0.1,0.0,-0.011,-1.0,-0.0
2021,1776071605.4524324,-3.9156892705401645,-1.3370972,0.1033393979555215,1.5597981009463782,12.598,0.179,0.1,0.0,-0.011,-1.0,-0.0
2022,1776071605.4599888,-3.9156892705401645,-1.3370972,0.1033393979555215,1.5597981009463782,12.598,0.179,0.1,0.0,-0.011,-1.0,-0.0
2023,1776071605.466255,-3.9156892705401645,-1.3370972,0.1033393979555215,1.5597981009463782,12.598,0.179,0.1,0.0,-0.011,-1.0,-0.0
2024,1776071605.4724557,-3.9156892705401645,-1.3370972,0.1033393979555215,1.5597981009463782,12.598,0.179,0.1,0.0,-0.011,-1.0,-0.0
2025,1776071605.4792967,-3.9156892705401645,-1.3370972,0.1033393979555215,1.5597981009463782,12.598,0.179,0.1,0.0,-0.011,-1.0,-0.0
2026,1776071605.4874864,-3.9156892705401645,-1.3370972,0.1033393979555215,1.5597981009463782,12.598,0.179,0.1,0.0,-0.011,-1.0,-0.0
2027,1776071605.4951885,-3.9156892705401645,-1.3370972,0.1033393979555215,1.5597981009463782,12.598,0.179,0.1,0.0,-0.011,-1.0,-0.0
2028,1776071605.5033176,-3.9156892705401645,-1.3370972,0.1033393979555215,1.5597981009463782,12.598,0.179,0.1,0.0,-0.011,-1.0,-0.0
2029,1776071605.5124643,-3.9156892705401645,-1.3370972,0.1033393979555215,1.5597981009463782,12.598,0.179,0.1,0.0,-0.011,-1.0,-0.0
2030,1776071605.5204768,-3.9156892705401645,-1.3370972,0.1033393979555215,1.5597981009463782,12.598,0.179,0.1,0.0,-0.011,-1.0,-0.0
2031,1776071605.5293012,-3.9156892705401645,-1.3370972,0.1033393979555215,1.5597981009463782,12.598,0.179,0.1,0.0,-0.011,-1.0,-0.0
2032,1776071605.5383606,-3.9156892705401645,-1.3370972,0.1033393979555215,1.5597981009463782,12.598,0.179,0.1,0.0,-0.011,-1.0,-0.0
2033,1776071605.5472713,-3.9156892705401645,-1.3370972,0.1033393979555215,1.5597981009463782,12.598,0.179,0.1,0.0,-0.011,-1.0,-0.0
2034,1776071605.5549965,-3.9156892705401645,-1.3370972,0.1033393979555215,1.5597981009463782,12.598,0.179,0.1,0.0,-0.011,-1.0,-0.0
2035,1776071605.5639517,-3.9156892705401645,-1.3370972,0.1033393979555215,1.5597981009463782,12.598,0.179,0.1,0.0,-0.011,-1.0,-0.0
2036,1776071605.5714831,-3.9156892705401645,-1.3370972,0.1033393979555215,1.5597981009463782,12.598,0.179,0.1,0.0,-0.011,-1.0,-0.0
2037,1776071605.5788875,-3.9156892705401645,-1.3370972,0.1033393979555215,1.5597981009463782,12.598,0.179,0.1,0.0,-0.011,-1.0,-0.0
2038,1776071605.5867615,-3.9156892705401645,-1.3370972,0.1033393979555215,1.5597981009463782,12.598,0.179,0.1,0.0,-0.011,-1.0,-0.0
2039,1776071605.5968409,-3.9156892705401645,-1.3370972,0.1033393979555215,1.5597981009463782,12.598,0.179,0.1,0.0,-0.011,-1.0,-0.0
2040,1776071605.6036503,-3.9156892705401645,-1.3370972,0.1033393979555215,1.5597981009463782,12.598,0.179,0.1,0.0,-0.011,-1.0,-0.0
2041,1776071605.613035,-3.9156892705401645,-1.3370972,0.1033393979555215,1.5597981009463782,12.598,0.179,0.1,0.0,-0.011,-1.0,-0.0
2042,1776071605.620757,-3.9156892705401645,-1.3370972,0.1033393979555215,1.5597981009463782,12.598,0.179,0.1,0.0,-0.011,-1.0,-0.0
2043,1776071605.6289232,-3.9156892705401645,-1.3370972,0.1033393979555215,1.5597981009463782,12.598,0.179,0.1,0.0,-0.011,-1.0,-0.0
2044,1776071605.6368482,-3.9156892705401645,-1.3370972,0.1033393979555215,1.5597981009463782,12.598,0.179,0.1,0.0,-0.011,-1.0,-0.0
2045,1776071605.6450813,-3.9156892705401645,-1.3370972,0.1033393979555215,1.5597981009463782,12.598,0.179,0.1,0.0,-0.011,-1.0,-0.0
2046,1776071605.65333,-3.9156892705401645,-1.3370972,0.1033393979555215,1.5597981009463782,12.598,0.179,0.1,0.0,-0.011,-1.0,-0.0
2047,1776071605.6626456,-3.9156892705401645,-1.3370972,0.1033393979555215,1.5597981009463782,12.598,0.179,0.1,0.0,-0.011,-1.0,-0.0
2048,1776071605.6719131,-3.9156892705401645,-1.3370972,0.1033393979555215,1.5597981009463782,12.598,0.179,0.1,0.0,-0.011,-1.0,-0.0
2049,1776071605.67884,-3.9156892705401645,-1.3370972,0.1033393979555215,1.5597981009463782,12.598,0.179,0.1,0.0,-0.011,-1.0,-0.0
2050,1776071605.689908,-3.9156892705401645,-1.3370972,0.1033393979555215,1.5597981009463782,12.598,0.179,0.1,0.0,-0.011,-1.0,-0.0
2051,1776071605.6980298,-3.9156892705401645,-1.3370972,0.1033393979555215,1.5597981009463782,12.598,0.179,0.1,0.0,-0.011,-1.0,-0.0
2052,1776071605.7054517,-3.9156892705401645,-1.3370972,0.1033393979555215,1.5597981009463782,12.598,0.179,0.1,0.0,-0.011,-1.0,-0.0
2053,1776071605.7124166,-3.9156892705401645,-1.3370972,0.1033393979555215,1.5597981009463782,12.598,0.179,0.1,0.0,-0.011,-1.0,-0.0
2054,1776071605.7200072,-3.9156892705401645,-1.3370972,0.1033393979555215,1.5597981009463782,12.598,0.179,0.1,0.0,-0.011,-1.0,-0.0
2055,1776071605.7286656,-3.9156892705401645,-1.3370972,0.1033393979555215,1.5597981009463782,12.598,0.179,0.1,0.0,-0.011,-1.0,-0.0
2056,1776071605.7376,-3.9156892705401645,-1.3370972,0.1033393979555215,1.5597981009463782,12.598,0.179,0.1,0.0,-0.011,-1.0,-0.0
2057,1776071605.7448997,-3.9156892705401645,-1.3370972,0.1033393979555215,1.5597981009463782,12.598,0.179,0.1,0.0,-0.011,-1.0,-0.0
2058,1776071605.7534769,-3.9156892705401645,-1.3370972,0.1033393979555215,1.5597981009463782,12.598,0.179,0.1,0.0,-0.011,-1.0,-0.0
2059,1776071605.7619624,-3.9156892705401645,-1.3370972,0.1033393979555215,1.5597981009463782,12.598,0.179,0.1,0.0,-0.011,-1.0,-0.0
2060,1776071605.7716196,-3.9156892705401645,-1.3370972,0.1033393979555215,1.5597981009463782,12.598,0.179,0.1,0.0,-0.011,-1.0,-0.0
2061,1776071605.784982,-3.9156892705401645,-1.3370972,0.1033393979555215,1.5597981009463782,12.598,0.179,0.1,0.0,-0.011,-1.0,-0.0
2062,1776071605.8025906,-3.9156892705401645,-1.3370972,0.1033393979555215,1.5597981009463782,12.598,0.179,0.1,0.0,-0.011,-1.0,-0.0
2063,1776071605.8153546,-3.9156892705401645,-1.3370972,0.1033393979555215,1.5597981009463782,12.598,0.179,0.1,0.0,-0.011,-1.0,-0.0
2064,1776071605.8277547,-3.9156892705401645,-1.3370972,0.1033393979555215,1.5597981009463782,12.598,0.179,0.1,0.0,-0.011,-1.0,-0.0
2065,1776071605.8387973,-3.9156892705401645,-1.3370972,0.1033393979555215,1.5597981009463782,12.598,0.179,0.1,0.0,-0.011,-1.0,-0.0
2066,1776071605.8494718,-3.9156892705401645,-1.3370972,0.1033393979555215,1.5597981009463782,12.598,0.179,0.1,0.0,-0.011,-1.0,-0.0
2067,1776071605.8595517,-3.9156892705401645,-1.3370972,0.1033393979555215,1.5597981009463782,12.598,0.179,0.1,0.0,-0.011,-1.0,-0.0
2068,1776071605.8708012,-3.9156892705401645,-1.3370972,0.1033393979555215,1.5597981009463782,12.598,0.179,0.1,0.0,-0.011,-1.0,-0.0
2069,1776071605.8818939,-3.9156892705401645,-1.3370972,0.1033393979555215,1.5597981009463782,12.598,0.179,0.1,0.0,-0.011,-1.0,-0.0
2070,1776071605.8921757,-3.9156892705401645,-1.3370972,0.1033393979555215,1.5597981009463782,12.598,0.179,0.1,0.0,-0.011,-1.0,-0.0
2071,1776071605.9021993,-3.9156892705401645,-1.3370972,0.1033393979555215,1.5597981009463782,12.598,0.179,0.1,0.0,-0.011,-1.0,-0.0
2072,1776071605.912607,-3.9156892705401645,-1.3370972,0.1033393979555215,1.5597981009463782,12.598,0.179,0.1,0.0,-0.011,-1.0,-0.0
2073,1776071605.9236403,-3.9156892705401645,-1.3370972,0.1033393979555215,1.5597981009463782,12.598,0.179,0.1,0.0,-0.011,-1.0,-0.0
2074,1776071605.9344008,-3.9156892705401645,-1.3370972,0.1033393979555215,1.5597981009463782,12.598,0.179,0.1,0.0,-0.011,-1.0,-0.0
2075,1776071605.9450042,-3.9156892705401645,-1.3370972,0.1033393979555215,1.5597981009463782,12.598,0.179,0.1,0.0,-0.011,-1.0,-0.0
2076,1776071605.9555945,-3.9156892705401645,-1.3370972,0.1033393979555215,1.5597981009463782,12.598,0.179,0.1,0.0,-0.011,-1.0,-0.0
2077,1776071605.9643373,-3.9156892705401645,-1.3370972,0.1033393979555215,1.5597981009463782,12.598,0.179,0.1,0.0,-0.011,-1.0,-0.0
2078,1776071605.9722612,-3.9156892705401645,-1.3370972,0.1033393979555215,1.5597981009463782,12.598,0.179,0.1,0.0,-0.011,-1.0,-0.0
2079,1776071605.9797318,-3.9156892705401645,-1.3370972,0.1033393979555215,1.5597981009463782,12.598,0.179,0.1,0.0,-0.011,-1.0,-0.0
2080,1776071605.9884706,-3.9156892705401645,-1.3370972,0.1033393979555215,1.5597981009463782,12.598,0.179,0.1,0.0,-0.011,-1.0,-0.0
2081,1776071605.99528,-3.9156892705401645,-1.3370972,0.1033393979555215,1.5597981009463782,12.598,0.179,0.1,0.0,-0.011,-1.0,-0.0
2082,1776071606.0038924,-3.9156892705401645,-1.3370972,0.1033393979555215,1.5597981009463782,12.598,0.179,0.1,0.0,-0.011,-1.0,-0.0
2083,1776071606.012311,-3.9156892705401645,-1.3370972,0.1033393979555215,1.5597981009463782,12.598,0.179,0.1,0.0,-0.011,-1.0,-0.0
2084,1776071606.0203059,-3.9156892705401645,-1.3370972,0.1033393979555215,1.5597981009463782,12.598,0.179,0.1,0.0,-0.011,-1.0,-0.0
2085,1776071606.0282195,-3.9156892705401645,-1.3370972,0.1033393979555215,1.5597981009463782,12.598,0.179,0.1,0.0,-0.011,-1.0,-0.0
2086,1776071606.0367858,-3.9156892705401645,-1.3370972,0.1033393979555215,1.5597981009463782,12.598,0.179,0.1,0.0,-0.011,-1.0,-0.0
2087,1776071606.0452552,-3.9156892705401645,-1.3370972,0.1033393979555215,1.5597981009463782,12.598,0.179,0.1,0.0,-0.011,-1.0,-0.0
2088,1776071606.053287,-3.9156892705401645,-1.3370972,0.1033393979555215,1.5597981009463782,12.598,0.179,0.1,0.0,-0.011,-1.0,-0.0
2089,1776071606.0619092,-3.9156892705401645,-1.3370972,0.1033393979555215,1.5597981009463782,12.598,0.179,0.1,0.0,-0.011,-1.0,-0.0
2090,1776071606.0707011,-3.9156892705401645,-1.3370972,0.1033393979555215,1.5597981009463782,12.598,0.179,0.1,0.0,-0.011,-1.0,-0.0
2091,1776071606.078904,-3.9156892705401645,-1.3370972,0.1033393979555215,1.5597981009463782,12.598,0.179,0.1,0.0,-0.011,-1.0,-0.0
2092,1776071606.086783,-3.9156892705401645,-1.3370972,0.1033393979555215,1.5597981009463782,12.598,0.179,0.1,0.0,-0.011,-1.0,-0.0
2093,1776071606.0953891,-3.9156892705401645,-1.3370972,0.1033393979555215,1.5597981009463782,12.598,0.179,0.1,0.0,-0.011,-1.0,-0.0
2094,1776071606.1040292,-3.9156892705401645,-1.3370972,0.1033393979555215,1.5597981009463782,12.598,0.179,0.1,0.0,-0.011,-1.0,-0.0
2095,1776071606.111727,-3.9156892705401645,-1.3370972,0.1033393979555215,1.5597981009463782,12.598,0.179,0.1,0.0,-0.011,-1.0,-0.0
2096,1776071606.1200213,-3.9156892705401645,-1.3370972,0.1033393979555215,1.5597981009463782,12.598,0.179,0.1,0.0,-0.011,-1.0,-0.0
2097,1776071606.1287827,-3.9156892705401645,-1.3370972,0.1033393979555215,1.5597981009463782,12.598,0.179,0.1,0.0,-0.011,-1.0,-0.0
2098,1776071606.1366353,-3.9156892705401645,-1.3370972,0.1033393979555215,1.5597981009463782,12.598,0.179,0.1,0.0,-0.011,-1.0,-0.0
2099,1776071606.14499,-3.9156892705401645,-1.3370972,0.1033393979555215,1.5597981009463782,12.598,0.179,0.1,0.0,-0.011,-1.0,-0.0
2100,1776071606.1534967,-3.9156892705401645,-1.3370972,0.1033393979555215,1.5597981009463782,12.598,0.179,0.1,0.0,-0.011,-1.0,-0.0
2101,1776071606.1616852,-3.9156892705401645,-1.3370972,0.1033393979555215,1.5597981009463782,12.598,0.179,0.1,0.0,-0.011,-1.0,-0.0
2102,1776071606.1699264,-3.9156892705401645,-1.3370972,0.1033393979555215,1.5597981009463782,12.598,0.179,0.1,0.0,-0.011,-1.0,-0.0
2103,1776071606.1786182,-3.9156892705401645,-1.3370972,0.1033393979555215,1.5597981009463782,12.598,0.179,0.1,0.0,-0.011,-1.0,-0.0
2104,1776071606.1873498,-3.9156892705401645,-1.3370972,0.1033393979555215,1.5597981009463782,12.598,0.179,0.1,0.0,-0.011,-1.0,-0.0
2105,1776071606.1952698,-3.9156892705401645,-1.3370972,0.1033393979555215,1.5597981009463782,12.598,0.179,0.1,0.0,-0.011,-1.0,-0.0
2106,1776071606.2050905,-3.9156892705401645,-1.3370972,0.1033393979555215,1.5597981009463782,12.598,0.179,0.1,0.0,-0.011,-1.0,-0.0
2107,1776071606.2124507,-3.9156892705401645,-1.3370972,0.1033393979555215,1.5597981009463782,12.598,0.179,0.1,0.0,-0.011,-1.0,-0.0
2108,1776071606.2207308,-3.9156892705401645,-1.3370972,0.1033393979555215,1.5597981009463782,12.598,0.179,0.1,0.0,-0.011,-1.0,-0.0
2109,1776071606.229889,-3.9156892705401645,-1.3370972,0.1033393979555215,1.5597981009463782,12.598,0.179,0.1,0.0,-0.011,-1.0,-0.0
2110,1776071606.2372253,-3.9156892705401645,-1.3370972,0.1033393979555215,1.5597981009463782,12.598,0.179,0.1,0.0,-0.011,-1.0,-0.0
2111,1776071606.2453535,-3.9156892705401645,-1.3370972,0.1033393979555215,1.5597981009463782,12.598,0.179,0.1,0.0,-0.011,-1.0,-0.0
2112,1776071606.2532046,-3.9156892705401645,-1.3370972,0.1033393979555215,1.5597981009463782,12.598,0.179,0.1,0.0,-0.011,-1.0,-0.0
2113,1776071606.2615972,-3.9156892705401645,-1.3370972,0.1033393979555215,1.5597981009463782,12.598,0.179,0.1,0.0,-0.011,-1.0,-0.0
2114,1776071606.2700107,-3.9156892705401645,-1.3370972,0.1033393979555215,1.5597981009463782,12.598,0.179,0.1,0.0,-0.011,-1.0,-0.0
2115,1776071606.278332,-3.9156892705401645,-1.3370972,0.1033393979555215,1.5597981009463782,12.598,0.179,0.1,0.0,-0.011,-1.0,-0.0
2116,1776071606.286874,-3.9156892705401645,-1.3370972,0.1033393979555215,1.5597981009463782,12.598,0.179,0.1,0.0,-0.011,-1.0,-0.0
2117,1776071606.294913,-3.9156892705401645,-1.3370972,0.1033393979555215,1.5597981009463782,12.598,0.179,0.1,0.0,-0.011,-1.0,-0.0
2118,1776071606.3035753,-3.9156892705401645,-1.3370972,0.1033393979555215,1.5597981009463782,12.598,0.179,0.1,0.0,-0.011,-1.0,-0.0
2119,1776071606.3119786,-3.9156892705401645,-1.3370972,0.1033393979555215,1.5597981009463782,12.598,0.179,0.1,0.0,-0.011,-1.0,-0.0
2120,1776071606.319899,-3.9156892705401645,-1.3370972,0.1033393979555215,1.5597981009463782,12.598,0.179,0.1,0.0,-0.011,-1.0,-0.0
2121,1776071606.3283806,-3.9156892705401645,-1.3370972,0.1033393979555215,1.5597981009463782,12.598,0.179,0.1,0.0,-0.011,-1.0,-0.0
2122,1776071606.336733,-3.9156892705401645,-1.3370972,0.1033393979555215,1.5597981009463782,12.598,0.179,0.1,0.0,-0.011,-1.0,-0.0
2123,1776071606.3450346,-3.9156892705401645,-1.3370972,0.1033393979555215,1.5597981009463782,12.598,0.179,0.1,0.0,-0.011,-1.0,-0.0
2124,1776071606.3533878,-3.9156892705401645,-1.3370972,0.1033393979555215,1.5597981009463782,12.598,0.179,0.1,0.0,-0.011,-1.0,-0.0
2125,1776071606.3617527,-3.9156892705401645,-1.3370972,0.1033393979555215,1.5597981009463782,12.598,0.179,0.1,0.0,-0.011,-1.0,-0.0
2126,1776071606.370092,-3.9156892705401645,-1.3370972,0.1033393979555215,1.5597981009463782,12.598,0.179,0.1,0.0,-0.011,-1.0,-0.0
2127,1776071606.3785346,-3.9156892705401645,-1.3370972,0.1033393979555215,1.5597981009463782,12.598,0.179,0.1,0.0,-0.011,-1.0,-0.0
