step,timestamp,u0,u1,u2,u3,pose_x,pose_y,pose_z,pose_qw,pose_qx,pose_qy,pose_qz
0,1776122758.3846238,-0.09303880151652942,0.09287415676667779,-0.817374320825538,-0.0010261000152970699,0.995,0.995,0.164,0.999,0.032,-0.032,-0.0
1,1776122758.3909292,-0.09318319660656373,0.09300261733607648,-0.7800340265356924,-0.0010913752858949086,0.994,0.994,0.166,0.999,0.033,-0.033,-0.0
2,1776122758.399305,-0.10149928111763457,0.10103302504595169,-0.8181562022744056,-0.001228006152006213,0.994,0.994,0.169,0.999,0.035,-0.035,-0.0
3,1776122758.407679,-0.10756394424529925,0.10705856292831867,-0.8255496110087562,-0.001372755163875259,0.994,0.994,0.174,0.999,0.037,-0.037,-0.0
4,1776122758.4161744,-0.11717410791190806,0.11662482414364522,-0.8760874170149936,-0.001525636265211969,0.993,0.993,0.178,0.998,0.039,-0.039,-0.0
5,1776122758.4244647,-0.11672561280054891,0.11612795542049108,-0.803877623171897,-0.0016866641887718673,0.993,0.993,0.181,0.998,0.041,-0.041,-0.0
6,1776122758.4329987,-0.12666154845621988,0.1260378552165378,-0.886132586743334,-0.0017702380291980682,0.992,0.992,0.184,0.998,0.042,-0.042,-0.0
7,1776122758.44183,-0.1314895958809073,0.13080997952950324,-0.8775639804736021,-0.0019435155418199021,0.992,0.992,0.188,0.998,0.044,-0.044,-0.0
8,1776122758.4494038,-0.1552978475699636,0.15427347248885245,-1.0,-0.002218788105895966,0.991,0.991,0.193,0.998,0.047,-0.047,-0.0
9,1776122758.4574416,-0.14748058357703187,0.14651093948555619,-0.8966787007967327,-0.002412566511069654,0.991,0.99,0.196,0.998,0.049,-0.049,-0.0
10,1776122758.4657445,-0.1499068039459694,0.14902576026755687,-0.8928386075090783,-0.002512541665406206,0.99,0.99,0.2,0.997,0.05,-0.05,-0.0
11,1776122758.4742272,-0.15769264708986028,0.1566909830110566,-0.8848643490516769,-0.0028248400647033897,0.989,0.989,0.205,0.997,0.053,-0.053,-0.0
12,1776122758.4824393,-0.16594541649748895,0.1647289993466211,-0.9090012909079814,-0.003043375061766627,0.989,0.988,0.209,0.997,0.055,-0.055,-0.0
13,1776122758.4906328,-0.2206609265398366,0.21879764001919327,-1.0,-0.0033867345029369666,0.988,0.987,0.215,0.997,0.058,-0.058,-0.0
14,1776122758.4990072,-0.18677881876419108,0.18543665645578078,-0.9710732381974584,-0.00362604440816688,0.987,0.987,0.219,0.996,0.06,-0.06,-0.0
15,1776122758.5076525,-0.17925984162349087,0.17780457192897617,-0.8502024486033845,-0.0038737041284132977,0.986,0.986,0.223,0.996,0.062,-0.062,-0.0
16,1776122758.5162137,-0.1852933553299771,0.1837173921660289,-0.8522729965433271,-0.004129737668977665,0.985,0.985,0.227,0.996,0.064,-0.064,-0.0
17,1776122758.5243585,-0.2112281274666903,0.20933003142308707,-1.0,-0.004529543440668312,0.985,0.984,0.232,0.996,0.067,-0.067,-0.0
18,1776122758.533166,-0.19659368069289077,0.19500173869762347,-0.856213787359388,-0.0046670263711417566,0.984,0.984,0.234,0.995,0.068,-0.068,-0.0
19,1776122758.5422459,-0.21227183736214766,0.21045901924769084,-0.9144452780302142,-0.005092164920383809,0.983,0.983,0.241,0.995,0.071,-0.071,-0.0
20,1776122758.5490746,-0.21248856168262353,0.21059779597113232,-0.8905024371895884,-0.005238119167427894,0.982,0.982,0.243,0.995,0.072,-0.072,-0.0
21,1776122758.5576446,-0.24617031414578075,0.24369224695854402,-1.0,-0.005843238134586387,0.981,0.981,0.25,0.994,0.076,-0.076,-0.0
22,1776122758.5658715,-0.31020531941082885,0.3075460178137776,-1.0,-0.006158630535384216,0.98,0.98,0.255,0.994,0.078,-0.078,-0.0
23,1776122758.5745795,-0.24851515573159452,0.2457121595249387,-0.9454013462769605,-0.006815234856534956,0.978,0.978,0.262,0.993,0.082,-0.082,-0.0
24,1776122758.583002,-0.3270064565799055,0.3243844614435951,-1.0,-0.007330406723898305,0.977,0.977,0.267,0.993,0.085,-0.085,-0.0
25,1776122758.5913954,-0.2579627884786332,0.25460895554824103,-0.9101447346853411,-0.007684735532427309,0.976,0.976,0.272,0.992,0.087,-0.087,-0.0
26,1776122758.6004698,-0.26878790561401233,0.26507309700542625,-0.9234487846472887,-0.008232636717474012,0.975,0.975,0.277,0.992,0.09,-0.09,-0.0
27,1776122758.608504,-0.26574667815766867,0.2617659347905353,-0.8486875640076128,-0.008800335071533721,0.974,0.973,0.283,0.991,0.093,-0.093,-0.0
28,1776122758.6160378,-0.2954414359992704,0.2914250768958309,-0.9821746522640316,-0.009387955788565007,0.972,0.972,0.288,0.991,0.096,-0.096,-0.0
29,1776122758.6240067,-0.3540151636605417,0.35005552835575926,-1.0,-0.00999562861966856,0.971,0.971,0.293,0.99,0.099,-0.099,-0.0
30,1776122758.6323612,-0.30013961026527686,0.29521027065821526,-0.9029855579035124,-0.010623487916395766,0.969,0.969,0.299,0.99,0.102,-0.102,-0.0
31,1776122758.64092,-0.31098112676531287,0.3057572776014219,-0.9489885886123548,-0.010837284119306432,0.969,0.968,0.302,0.989,0.103,-0.103,-0.0
32,1776122758.6493645,-0.34180691503135063,0.3365928526519232,-1.0,-0.01194032658384881,0.966,0.966,0.311,0.988,0.108,-0.108,-0.0
33,1776122758.6577024,-0.3371889449748807,0.3307884493656589,-0.9618183270968074,-0.012629598067263343,0.965,0.964,0.316,0.988,0.111,-0.111,-0.0
34,1776122758.6661162,-0.3795996296032121,0.37373049258206875,-1.0,-0.013339640336948589,0.963,0.963,0.322,0.987,0.114,-0.114,0.0
35,1776122758.6740327,-0.38128700768512885,0.3747858893858047,-1.0,-0.014070611439801267,0.961,0.961,0.328,0.986,0.117,-0.117,0.0
36,1776122758.6826484,-0.39945783070014534,0.39208261123055693,-1.0,-0.015335849896929382,0.958,0.958,0.338,0.985,0.122,-0.122,0.0
37,1776122758.6913118,-0.4150594521096971,0.40696108249194196,-1.0,-0.016390751818289282,0.956,0.956,0.344,0.984,0.126,-0.126,0.0
38,1776122758.6991973,-0.4244038951952293,0.41577915162903467,-1.0,-0.017207117225343047,0.954,0.954,0.35,0.983,0.129,-0.129,0.0
39,1776122758.7084856,-0.4320447815500054,0.42229686590303017,-1.0,-0.01861624873629871,0.951,0.951,0.36,0.982,0.134,-0.134,0.0
40,1776122758.716566,-0.5010203153762213,0.49247362507048364,-1.0,-0.01978773174078037,0.948,0.949,0.367,0.981,0.138,-0.138,0.0
41,1776122758.7246864,-0.47665477643586107,0.4657220337755445,-1.0,-0.02099899060666649,0.946,0.946,0.374,0.98,0.142,-0.142,0.0
42,1776122758.7324922,-0.45410926238200344,0.4413026140809449,-1.0,-0.021933829148622436,0.943,0.944,0.38,0.979,0.145,-0.145,0.0
43,1776122758.7412786,-0.4651204122137048,0.4511525909880166,-1.0,-0.023215874534718444,0.94,0.941,0.387,0.977,0.149,-0.149,0.0
44,1776122758.7493486,-0.510678181766771,0.4975221923088079,-1.0,-0.02351754623286739,0.938,0.939,0.394,0.976,0.153,-0.153,0.001
45,1776122758.7583835,-0.5385145722876841,0.5245712521014372,-1.0,-0.024881093572858965,0.935,0.936,0.401,0.975,0.157,-0.157,0.001
46,1776122758.7657743,-0.5341907799176389,0.5189458159222741,-1.0,-0.025262455696952436,0.932,0.933,0.408,0.974,0.161,-0.161,0.002
47,1776122758.7747838,-0.5494761071938453,0.53237535771936,-1.0,-0.026424105766140727,0.927,0.929,0.419,0.972,0.167,-0.167,0.003
48,1776122758.7825613,-0.58684135785481,0.572743000637673,-1.0,-0.02686049847755943,0.922,0.924,0.43,0.969,0.173,-0.174,0.005
49,1776122758.7922726,-0.5911083501327886,0.5754924507145882,-1.0,-0.02741121736208944,0.919,0.921,0.437,0.968,0.177,-0.178,0.006
50,1776122758.7999692,-0.5736676624724866,0.5592171512137143,-1.0,-0.02740248532082292,0.917,0.919,0.441,0.967,0.179,-0.181,0.007
51,1776122758.8073072,-0.7125942671213005,0.7084185002816613,-1.0,-0.026600332071900157,0.912,0.914,0.451,0.965,0.184,-0.187,0.01
52,1776122758.8156493,-0.6059649153200869,0.5982719161102247,-1.0,-0.025440959910696982,0.909,0.911,0.458,0.963,0.188,-0.192,0.013
53,1776122758.8243773,-0.611502025781633,0.6071946132959196,-1.0,-0.024331280886952033,0.905,0.908,0.464,0.961,0.192,-0.197,0.016
54,1776122758.8325336,-0.6772181347194534,0.6830219342720255,-1.0,-0.023031198127940886,0.902,0.905,0.471,0.96,0.195,-0.202,0.019
55,1776122758.8412306,-0.650517941738491,0.6543660367100631,-1.0,-0.02177453265512167,0.898,0.901,0.477,0.958,0.199,-0.206,0.022
56,1776122758.849191,-0.6578935706348732,0.6678914978749008,-1.0,-0.019521607978908256,0.895,0.898,0.483,0.956,0.202,-0.211,0.026
57,1776122758.8577201,-0.6362044865353502,0.6510342058601278,-0.9965936759348881,-0.01729910328560931,0.891,0.895,0.489,0.954,0.205,-0.216,0.03
58,1776122758.8657346,-0.6892797464144134,0.7131379156387826,-1.0,-0.015106412240101341,0.888,0.892,0.495,0.952,0.208,-0.221,0.034
59,1776122758.8747087,-0.6619311189051477,0.6942649971200339,-1.0,-0.010558883577447524,0.884,0.887,0.502,0.949,0.212,-0.228,0.041
60,1776122758.8826566,-0.6591266494748108,0.7019150272897017,-0.9823347989698051,-0.00710059455064282,0.881,0.884,0.507,0.947,0.214,-0.233,0.046
61,1776122758.891206,-0.6677073541163978,0.7211987505895456,-0.9885460794586364,-0.0036448175155882477,0.878,0.882,0.512,0.945,0.216,-0.238,0.051
62,1776122758.899534,-0.6501857328131577,0.7151268577856856,-0.931116172374103,0.0008875892545885271,0.875,0.879,0.516,0.943,0.218,-0.243,0.057
63,1776122758.9077227,-0.7057837759322664,0.7874561406203893,-1.0,0.006750498592899338,0.871,0.875,0.521,0.94,0.221,-0.25,0.065
64,1776122758.915687,-0.6827072098325628,0.7878545775117766,-0.977032366974815,0.013787512849857256,0.868,0.872,0.526,0.937,0.223,-0.258,0.074
65,1776122758.92469,-0.6340274685071777,0.7542535398569301,-0.8658123410295786,0.020054211950839642,0.866,0.87,0.529,0.935,0.224,-0.262,0.081
66,1776122758.9323108,-0.6485901724623103,0.7852973632800062,-0.8938831429918059,0.02502526642412713,0.864,0.868,0.531,0.933,0.225,-0.267,0.087
67,1776122758.9409902,-0.6651089724507393,0.8229958537051825,-0.9343695752215577,0.03149621952523881,0.863,0.867,0.534,0.931,0.225,-0.272,0.094
68,1776122758.9490454,-0.7607150273544456,0.9369044309774383,-1.0,0.03794830550578704,0.861,0.865,0.536,0.929,0.226,-0.276,0.101
69,1776122758.9574156,-0.6820322570278807,0.888391906693018,-0.9721914750300327,0.047352949198966446,0.859,0.863,0.539,0.925,0.226,-0.283,0.111
70,1776122758.9664474,-0.6192007395584564,0.8552825827073858,-0.8540724172963623,0.057909419540237775,0.857,0.861,0.541,0.922,0.227,-0.29,0.122
71,1776122758.9742744,-0.6226119492114591,0.8944008420247872,-0.8726861932944345,0.06773856659163903,0.855,0.859,0.543,0.918,0.227,-0.297,0.132
72,1776122758.9837275,-0.5982779803813805,0.893413820893501,-0.8375098504318037,0.07470830039843669,0.854,0.858,0.544,0.915,0.227,-0.302,0.139
73,1776122758.9916792,-0.614323770836286,0.9451334756684934,-0.8803539717734525,0.08320530672097981,0.853,0.857,0.545,0.913,0.227,-0.307,0.147
74,1776122758.9994526,-0.5728388006673467,0.921324733369575,-0.8211410212519274,0.0910007010422104,0.852,0.857,0.546,0.91,0.226,-0.311,0.154
75,1776122759.0076728,-0.5533041656001686,0.9072067408828611,-0.786158416073979,0.09409300626329514,0.851,0.856,0.546,0.909,0.226,-0.314,0.157
76,1776122759.0158453,-0.5478945114965801,0.9136803169134159,-0.784081664085891,0.0983976349251551,0.85,0.856,0.547,0.907,0.226,-0.316,0.161
77,1776122759.0253181,-0.5478945114965801,0.9136803169134159,-0.7825926925309918,0.0983976349251551,0.85,0.856,0.547,0.907,0.226,-0.316,0.161
78,1776122759.0325518,-0.5478081850418954,0.9266062278711706,-0.7874084049521961,0.1016926589496126,0.85,0.856,0.547,0.906,0.226,-0.318,0.164
79,1776122759.0408144,-0.5545449321357189,0.977541298161171,-0.8223716713237156,0.11059017248284225,0.848,0.855,0.548,0.903,0.226,-0.323,0.172
80,1776122759.0502849,-0.5722006896509987,1.0600613663184317,-0.8888583575757522,0.11840462402303453,0.847,0.854,0.549,0.9,0.226,-0.328,0.179
81,1776122759.0578175,-0.5274042757620283,0.9765859755728339,-0.7894530467065679,0.12295144228846806,0.846,0.854,0.55,0.898,0.226,-0.33,0.183
82,1776122759.0658371,-0.5212752573816382,1.029825639924864,-0.8125950306228935,0.13567874541134226,0.844,0.853,0.551,0.893,0.226,-0.338,0.194
83,1776122759.074131,-0.5076103635074865,1.0487822618259135,-0.8124884923773379,0.14456050282512276,0.843,0.853,0.552,0.89,0.225,-0.343,0.201
84,1776122759.082622,-0.5019017736424821,1.1169871830654288,-0.8535627050402785,0.15790060140490214,0.84,0.852,0.554,0.884,0.225,-0.35,0.212
85,1776122759.0907283,-0.4901665429924742,1.141828830487574,-0.8593668080223198,0.16802779949971836,0.838,0.852,0.555,0.88,0.225,-0.355,0.22
86,1776122759.0993283,-0.47598793589882915,1.1506502853619085,-0.8509853720581284,0.17701026503278727,0.836,0.851,0.556,0.876,0.225,-0.36,0.227
87,1776122759.1078124,-0.45970663583723087,1.1619158792626403,-0.8412280701637354,0.1878110589517261,0.834,0.851,0.558,0.872,0.225,-0.366,0.235
88,1776122759.1158025,-0.45397923242240246,1.2635322562070834,-0.9122495317131671,0.2031258679559822,0.83,0.85,0.56,0.866,0.225,-0.374,0.246
89,1776122759.1242383,-0.42637097003284163,1.256637205745656,-0.8831841351419574,0.21713566241555737,0.826,0.849,0.562,0.859,0.225,-0.381,0.256
90,1776122759.1324682,-0.40190007014296314,1.2086086386916197,-0.8174727629596464,0.22697457205038463,0.823,0.849,0.564,0.854,0.226,-0.387,0.263
91,1776122759.141343,-0.445284705910215,1.5567893845463268,-1.0,0.24187891075476634,0.818,0.848,0.567,0.847,0.227,-0.395,0.273
92,1776122759.1494484,-0.38899363268493276,1.328662171612607,-0.8911525528822095,0.2511426456286739,0.815,0.847,0.569,0.843,0.228,-0.4,0.279
93,1776122759.1582265,-0.3626487292965781,1.2963199648377761,-0.8321464748036503,0.2633474794835827,0.809,0.846,0.573,0.835,0.23,-0.409,0.287
94,1776122759.1662745,-0.3695288437615576,1.3752891863941614,-0.8925287821434077,0.27067482807388155,0.805,0.845,0.575,0.83,0.232,-0.414,0.292
95,1776122759.174492,-0.3693808275082272,1.416968713323171,-0.9144952051933557,0.2787395372764368,0.801,0.844,0.578,0.826,0.234,-0.419,0.297
96,1776122759.1829996,-0.36689688635251927,1.4499850051018657,-0.9197180951213499,0.2872803481379448,0.794,0.842,0.582,0.818,0.238,-0.427,0.303
97,1776122759.1920068,-0.40095003088768577,1.6255302006857482,-1.0,0.29492575488144,0.786,0.84,0.587,0.811,0.242,-0.435,0.308
98,1776122759.1999998,-0.3559685945533411,1.4354937791293343,-0.8592361802461751,0.2963313437600726,0.781,0.839,0.59,0.806,0.246,-0.44,0.31
99,1776122759.2078278,-0.3755977633079388,1.5141893330644336,-0.9145024992344902,0.2998246367981891,0.775,0.838,0.594,0.801,0.25,-0.445,0.313
100,1776122759.2166095,-0.40810447645980263,1.6174592806678518,-0.9928170353208624,0.29925686858200173,0.769,0.836,0.597,0.796,0.254,-0.45,0.314
101,1776122759.2245474,-0.4097437038534115,1.5950833365572317,-0.9519369236736005,0.2999844510421442,0.763,0.834,0.601,0.791,0.259,-0.455,0.316
102,1776122759.2334087,-0.46016007066454795,1.7402725800765217,-1.0,0.30071731113110745,0.754,0.832,0.606,0.784,0.265,-0.463,0.318
103,1776122759.2419662,-0.42957004342452565,1.6255464002678266,-0.9306655459643897,0.30231487005680896,0.747,0.83,0.61,0.779,0.269,-0.468,0.32
104,1776122759.2499015,-0.4425501426034019,1.6334832984278806,-0.9209148114491383,0.30003535032742545,0.741,0.828,0.614,0.773,0.274,-0.473,0.321
105,1776122759.2581446,-0.5087053401766412,1.8114833407158448,-1.0,0.29993605055304473,0.734,0.825,0.618,0.768,0.278,-0.479,0.322
106,1776122759.266527,-0.46156794228840853,1.6625035407015094,-0.9045656844066874,0.29912647045616103,0.727,0.823,0.622,0.762,0.282,-0.485,0.323
107,1776122759.2744298,-0.48310172630862214,1.709673480668802,-0.9243681560294208,0.2982255981233966,0.719,0.82,0.626,0.756,0.286,-0.491,0.324
108,1776122759.283206,-0.5192905087247177,1.7902814050866132,-0.9682072353110484,0.29797559142601676,0.712,0.817,0.63,0.751,0.29,-0.497,0.325
109,1776122759.2911396,-0.692985732053896,2.189374619633665,-1.0,0.29409282183465,0.696,0.811,0.638,0.738,0.297,-0.51,0.326
110,1776122759.299409,-0.6873168734675409,2.149750992723942,-1.0,0.2926468028713217,0.689,0.807,0.642,0.732,0.301,-0.516,0.327
111,1776122759.308314,-0.6011004142694787,1.9410629057347422,-0.9996507497935733,0.29026286148900415,0.68,0.804,0.646,0.726,0.304,-0.523,0.327
112,1776122759.3165278,-0.6850697046493691,2.0872300213474615,-1.0,0.28492074216520236,0.672,0.8,0.649,0.719,0.308,-0.53,0.327
113,1776122759.3253095,-0.6366707122984233,1.953810412270502,-0.9602468382739233,0.27987701719095065,0.664,0.796,0.653,0.713,0.312,-0.537,0.327
114,1776122759.3328397,-0.6221002892683668,1.906472004918796,-0.9177839882534937,0.275252765275814,0.66,0.794,0.655,0.709,0.314,-0.54,0.327
115,1776122759.3412273,-0.7203216326449571,2.071505334696277,-1.0,0.26834273546086196,0.647,0.787,0.661,0.698,0.319,-0.55,0.328
116,1776122759.3497014,-0.7794891345908544,2.079904327399553,-0.9652894886065151,0.24476211736681797,0.63,0.778,0.669,0.683,0.327,-0.564,0.328
117,1776122759.357889,-0.9369147232267363,2.306158464325108,-1.0,0.23463736155522597,0.622,0.773,0.672,0.675,0.331,-0.572,0.329
118,1776122759.366338,-1.3082245767320138,2.651712687717208,-1.0,0.1712322607705456,0.605,0.763,0.679,0.658,0.34,-0.586,0.329
119,1776122759.3742764,-1.0765125488575473,2.186918797880816,-0.9472642197036244,0.14855332980014888,0.6,0.76,0.68,0.654,0.342,-0.589,0.329
120,1776122759.385237,-1.488923470290358,2.106798519031767,-0.8634400158482999,-0.03992531906092639,0.584,0.749,0.686,0.636,0.35,-0.604,0.329
121,1776122759.392771,-2.269160040417851,2.521376295212089,-1.0,-0.242825099487403,0.575,0.744,0.689,0.627,0.354,-0.611,0.33
122,1776122759.4006724,-2.8777216649125483,2.254911835619919,-0.9107189416209299,-0.5524797897173627,0.567,0.738,0.691,0.617,0.359,-0.618,0.33
123,1776122759.4081872,-3.6043900058815717,2.4321500437748322,-0.9977024181744444,-0.7764587809838449,0.559,0.732,0.694,0.607,0.363,-0.625,0.33
124,1776122759.4165766,-3.6920386557092604,2.260942408023939,-0.9164230737365574,-0.858296765873542,0.555,0.73,0.695,0.602,0.365,-0.629,0.33
125,1776122759.4245832,-3.970801371202857,2.1234124413309785,-0.8690379730493679,-0.9841619951609971,0.543,0.721,0.698,0.586,0.371,-0.64,0.33
126,1776122759.4334128,3.5419677399457874,2.338253408329055,-0.9428177338383449,-1.0511000108466957,0.532,0.713,0.7,0.57,0.377,-0.651,0.331
127,1776122759.441068,3.676782007563058,2.0815128615802534,-0.8552337054243546,-1.06898756275774,0.528,0.71,0.701,0.565,0.378,-0.655,0.331
128,1776122759.4497309,3.5679153798756316,2.0669422583212804,-0.8521751302545714,-1.0955477131189686,0.517,0.702,0.703,0.548,0.384,-0.666,0.331
129,1776122759.4581711,3.5726378083919355,1.99461642912812,-0.8351247538232378,-1.100949885786325,0.513,0.699,0.704,0.542,0.385,-0.669,0.331
130,1776122759.4659886,3.4751661432107723,1.9900085094773425,-0.8298956598470981,-1.1215579052937052,0.503,0.692,0.705,0.524,0.39,-0.68,0.332
131,1776122759.4755883,3.379641707137006,2.0046538722522116,-0.8215142238829067,-1.1350791043391841,0.494,0.685,0.706,0.506,0.394,-0.691,0.332
132,1776122759.4837844,3.4125494452092693,1.8949861535450778,-0.7987469439086585,-1.1437158303844226,0.488,0.68,0.706,0.494,0.397,-0.698,0.333
133,1776122759.4916854,3.4736971413326523,1.7551040453023166,-0.7813025247288186,-1.1485338228149657,0.483,0.676,0.707,0.482,0.4,-0.705,0.333
134,1776122759.4997716,3.419596236970342,1.7611082486105998,-0.7711446127067771,-1.1557844135206854,0.478,0.673,0.707,0.469,0.402,-0.712,0.334
135,1776122759.507971,3.2750850231950177,1.927659250779272,-0.736355745213511,-1.1600035383225284,0.474,0.67,0.706,0.456,0.404,-0.719,0.334
136,1776122759.5163302,3.4251061992654974,1.6050759597220445,-0.7439297568742604,-1.1668384418149724,0.468,0.667,0.706,0.437,0.407,-0.728,0.336
137,1776122759.5241528,3.4368389917256392,1.525221504781816,-0.7339655825369016,-1.1697172088580587,0.464,0.665,0.705,0.419,0.41,-0.737,0.336
138,1776122759.5328085,3.459992659113186,1.4521227038651208,-0.7076453504469535,-1.1723260683096242,0.462,0.665,0.703,0.402,0.412,-0.746,0.335
139,1776122759.5412226,3.4798663317404435,1.408312786833427,-0.6807373379238166,-1.172433934320257,0.461,0.666,0.702,0.39,0.414,-0.751,0.335
140,1776122759.5501206,3.494104298636551,1.3235969774724552,-0.6890928677024372,-1.1738816315146425,0.461,0.668,0.7,0.374,0.416,-0.759,0.334
141,1776122759.5588608,3.5107487061042555,1.2959421310795187,-0.6783406078680652,-1.1723103159476023,0.461,0.67,0.699,0.369,0.417,-0.761,0.333
142,1776122759.5672436,3.560841689979786,1.2344351079972429,-0.6431576976262926,-1.1730469118035116,0.462,0.673,0.698,0.359,0.418,-0.766,0.332
143,1776122759.5755587,3.5389658712565164,1.181698597840785,-0.6639222902932959,-1.1722899129785411,0.465,0.678,0.695,0.344,0.42,-0.772,0.331
144,1776122759.5846903,3.557105360740355,1.1155571900730255,-0.6500111210917305,-1.1709186287695,0.47,0.686,0.692,0.33,0.422,-0.778,0.329
145,1776122759.5931003,3.7075478694476787,0.9727463597231334,-0.5458641624821852,-1.1672575700239052,0.473,0.691,0.689,0.32,0.424,-0.781,0.327
146,1776122759.6018581,3.8894863252507936,0.8093065077595089,-0.4241855852536731,-1.1677425306500833,0.478,0.697,0.687,0.312,0.425,-0.785,0.326
147,1776122759.6109881,3.6163925869597744,0.9577612963585672,-0.5980325020258663,-1.1668050577553515,0.485,0.707,0.683,0.299,0.426,-0.79,0.324
148,1776122759.6196334,4.314692886430829,0.9979564464525343,-0.18239146703239129,-1.1673380546705228,0.488,0.716,0.679,0.294,0.427,-0.79,0.327
149,1776122759.6281269,3.8149423515949086,1.0386094172221918,-0.4510023811308179,-1.171805921016894,0.49,0.73,0.674,0.29,0.427,-0.789,0.334
150,1776122759.6374762,3.5587008898973584,1.072100710815655,-0.588003017228086,-1.1764497282419815,0.492,0.74,0.669,0.287,0.426,-0.788,0.34
151,1776122759.6459923,4.237465800728565,0.9142297751630069,-0.07600867915606802,-1.1880160197989043,0.495,0.757,0.662,0.282,0.422,-0.787,0.351
152,1776122759.6543972,3.55483665886646,1.0312707940993144,-0.4866621530223618,-1.199962965106479,0.499,0.774,0.654,0.275,0.418,-0.787,0.362
153,1776122759.6636798,3.6307819846338805,0.999907556390719,-0.37915597998179884,-1.2093801589604842,0.501,0.786,0.648,0.267,0.414,-0.788,0.37
154,1776122759.6729128,3.6127678682571593,0.9678198100309752,-0.313011160776131,-1.2256888898575133,0.505,0.805,0.638,0.256,0.406,-0.789,0.383
155,1776122759.6813836,4.069592829126652,0.8047778903397855,0.20096652579670282,-1.2426140154433214,0.51,0.824,0.627,0.246,0.396,-0.794,0.391
156,1776122759.6904917,3.66802008282631,0.8426094881931809,-0.08653217071346697,-1.2592302851220312,0.515,0.844,0.614,0.237,0.384,-0.799,0.397
157,1776122759.6993644,3.6091560984142914,0.7858413530213947,-0.05328006993937595,-1.2787299918265478,0.521,0.863,0.601,0.228,0.369,-0.806,0.402
158,1776122759.708876,3.713581326493939,0.6950965041371836,0.1289070550118745,-1.2922385365536202,0.525,0.876,0.592,0.222,0.358,-0.811,0.405
159,1776122759.718128,3.2192250804329063,0.8043860860211157,-0.3636876084063383,-1.319034641693462,0.533,0.894,0.578,0.213,0.337,-0.819,0.413
160,1776122759.7276752,3.2605906890596192,0.7206719731221878,-0.24710531739184327,-1.3360603969482852,0.539,0.906,0.568,0.207,0.322,-0.824,0.417
161,1776122759.737134,3.4172082495604728,0.554587845586304,0.04088556922296327,-1.3571833317135567,0.545,0.917,0.558,0.202,0.304,-0.83,0.422
162,1776122759.7470498,3.1797498389574974,0.5787909118996848,-0.17331460868586257,-1.389600200583371,0.556,0.933,0.543,0.193,0.275,-0.837,0.432
163,1776122759.7563803,3.062441755793876,0.5841517459950114,-0.26715114537381857,-1.4134472630228834,0.564,0.943,0.533,0.187,0.253,-0.841,0.44
164,1776122759.7654586,3.0251077444161427,0.4507413370530334,-0.1728158512020841,-1.4527016252188665,0.577,0.956,0.518,0.178,0.216,-0.846,0.455
165,1776122759.7746012,3.1219878667304646,0.11879912284987838,0.21902171809202975,-1.494343940104302,0.592,0.969,0.503,0.169,0.174,-0.848,0.471
166,1776122759.7842636,2.8749788227417543,0.18840803329905953,-0.062165727062894915,-1.5375331472373501,0.608,0.979,0.488,0.16,0.128,-0.848,0.488
167,1776122759.793911,2.9869657071708997,-0.41310580694936205,0.5412727981791896,1.5589947881358797,0.626,0.989,0.473,0.151,0.077,-0.846,0.505
168,1776122759.8033586,2.613998474781249,-0.022097525461587254,-0.15285174527308276,1.4988175198218483,0.653,0.998,0.452,0.14,0.005,-0.838,0.528
169,1776122759.8127127,2.707037075524153,-0.7958143935276584,0.6040500120644148,1.4686729326510404,0.667,1.002,0.442,0.134,-0.033,-0.831,0.539
170,1776122759.822009,2.5373820551644757,-0.5096785782179865,0.20603217566689458,1.422956271578906,0.69,1.006,0.426,0.127,-0.091,-0.818,0.553
171,1776122759.8317785,2.4094372591198416,-0.6286437245314426,0.13901024801480366,1.3783859435037402,0.715,1.007,0.41,0.122,-0.148,-0.802,0.566
172,1776122759.8409371,1.9750832663605222,-2.788841583980487,1.0,1.3210183175677448,0.753,1.004,0.389,0.123,-0.216,-0.777,0.578
173,1776122759.8505652,2.1912291232445837,-0.7715632345922114,0.01836384615984099,1.2939971272359063,0.775,1.0,0.378,0.128,-0.245,-0.764,0.583
174,1776122759.8597412,2.0568498469063483,-0.9062540100213478,0.05615728961046895,1.2576285615043585,0.809,0.99,0.362,0.141,-0.279,-0.746,0.588
175,1776122759.8696842,1.4449978434017874,-1.841649276629481,0.6832646492795087,1.21777783450163,0.86,0.969,0.339,0.171,-0.305,-0.725,0.594
176,1776122759.8793745,1.570241723784971,-1.1624369151315073,0.258852516111197,1.1948458455572901,0.901,0.946,0.321,0.202,-0.309,-0.711,0.599
177,1776122759.8887913,1.6213346831620605,-0.8560809878317747,0.10454026859621157,1.1833756434549518,0.929,0.927,0.308,0.225,-0.304,-0.703,0.602
178,1776122759.8986013,1.5857305608480023,-0.5600539914368651,0.17212662752349894,1.1737829126535766,0.982,0.886,0.279,0.274,-0.274,-0.69,0.612
179,1776122759.9081066,1.413744055851505,-0.43969608310405756,0.2150688962212779,1.1770676251354066,1.018,0.853,0.255,0.309,-0.234,-0.683,0.619
180,1776122759.9178672,-0.2546723749112107,-1.5535112694405917,1.0,1.1875600232382006,1.052,0.815,0.23,0.342,-0.183,-0.68,0.623
181,1776122759.9280179,0.09139719052663338,-0.79490690084608,1.0,1.2053375548959158,1.085,0.77,0.205,0.369,-0.123,-0.68,0.622
182,1776122759.9378588,0.9765807360746485,0.0016126738276537366,0.323586082318678,1.2211154959713353,1.105,0.739,0.188,0.383,-0.081,-0.682,0.618
183,1776122759.9475954,0.2008375160068428,-0.10065874981146024,0.7928826049004498,1.249428769603901,1.131,0.688,0.164,0.401,-0.016,-0.687,0.606
184,1776122759.9575224,0.7411136895648163,0.4326168802383932,0.3196223056756209,1.2848720337490112,1.153,0.634,0.142,0.415,0.049,-0.694,0.586
185,1776122759.9676251,0.36773454963489544,0.6019760300319041,0.4437242458074475,1.3309413270269546,1.169,0.576,0.122,0.426,0.112,-0.703,0.558
186,1776122759.9778938,-1.3582166097674573,0.6406139324880189,1.0,1.3924094783748489,1.18,0.516,0.105,0.434,0.17,-0.714,0.523
187,1776122759.9888277,0.09804707803883701,1.381110008476259,-1.0,1.474343146571011,1.183,0.467,0.101,0.438,0.221,-0.726,0.482
188,1776122759.9998376,1.8508109385829608,1.381706530952778,-1.0,1.540404767378189,1.181,0.451,0.115,0.442,0.249,-0.736,0.448
189,1776122760.0098035,2.305150958707025,1.5779293051572,-1.0,-1.4039883115872633,1.172,0.402,0.149,0.459,0.313,-0.747,0.365
190,1776122760.0202909,2.3677923446974565,1.6742654235830594,-1.0,-1.310288405513241,1.167,0.38,0.16,0.469,0.337,-0.746,0.332
191,1776122760.0306895,2.992111900541538,1.6942408451780577,-0.6693589490978852,-1.1024260427297436,1.154,0.331,0.176,0.493,0.385,-0.731,0.272
192,1776122760.0410194,-5.014810901461899,1.8024204923389966,-0.2105866515908068,-0.9913036849472484,1.145,0.297,0.177,0.514,0.406,-0.716,0.244
193,1776122760.0520117,-4.753804173650554,1.9897201522225338,-0.24573052088872493,-0.8117158349596675,1.128,0.241,0.173,0.553,0.429,-0.685,0.201
194,1776122760.06238,-4.231876894531137,1.9385961741899749,-0.20738870127975884,-0.6498839035245582,1.109,0.189,0.17,0.587,0.459,-0.645,0.173
195,1776122760.0724354,-3.6303286532189727,1.7762917345258815,0.0313402743925979,-0.5102749414943537,1.09,0.142,0.162,0.619,0.487,-0.597,0.154
196,1776122760.083038,-3.295507854964967,1.6762462320935354,0.001726138332053706,-0.42923643708988435,1.077,0.112,0.154,0.64,0.505,-0.561,0.146
197,1776122760.093823,-2.7910877328979926,1.4678226355768367,-0.09249787372526685,-0.32421831927658956,1.058,0.07,0.142,0.667,0.53,-0.503,0.142
198,1776122760.1050012,-2.9227627681672907,1.534491501282336,0.03887743880607508,-0.19703057179245004,1.031,0.017,0.127,0.696,0.564,-0.417,0.158
199,1776122760.115813,-3.020491371558988,1.6243670321107009,0.02029649970371139,-0.10689801894031328,1.009,-0.019,0.119,0.708,0.586,-0.348,0.182
200,1776122760.126458,-3.228828236996278,1.8094263164038022,0.14593520655471348,-0.011361981280919389,0.987,-0.053,0.111,0.715,0.605,-0.273,0.219
201,1776122760.136531,-2.913707657492397,1.6390568637910419,0.06981089141212338,0.056583141272478404,0.971,-0.074,0.107,0.715,0.615,-0.22,0.251
202,1776122760.1466577,-2.5641413267323543,1.4147963090431583,-0.022662914103914522,0.12920940613367138,0.955,-0.093,0.102,0.711,0.621,-0.162,0.287
203,1776122760.1571143,-2.517242171434581,1.497886563766653,0.03460609219164512,0.24461695527741503,0.931,-0.118,0.095,0.696,0.623,-0.071,0.349
204,1776122760.1679153,-2.018452832024258,1.0138118081691887,-0.1465207643592049,0.3629248191652231,0.906,-0.136,0.088,0.669,0.617,0.023,0.414
205,1776122760.1784248,-2.0458527935082054,1.312984532615321,-0.16963647875896348,0.5091355500837718,0.874,-0.152,0.081,0.62,0.595,0.134,0.494
206,1776122760.1893137,-1.8944967327066926,1.0543526527618672,-0.20360478719050423,0.6006903271221811,0.85,-0.159,0.079,0.58,0.574,0.198,0.543
207,1776122760.2005353,-1.8653714389564602,1.063423146056955,-0.1918575694161535,0.691343400967221,0.819,-0.166,0.075,0.537,0.546,0.253,0.591
208,1776122760.2108428,-1.82398756262981,0.9685426620527074,-0.2100576005282938,0.7556772104847496,0.781,-0.176,0.071,0.51,0.518,0.277,0.629
209,1776122760.2215085,-1.7983750724585819,0.9477756058024823,-0.219595258552434,0.7645853035869086,0.759,-0.183,0.069,0.512,0.508,0.269,0.639
210,1776122760.231934,-2.2033408412341364,2.0502922831190524,-0.09673455307840251,0.7524100569306599,0.737,-0.191,0.067,0.525,0.505,0.245,0.64
211,1776122760.2422962,-1.749880717662357,1.018022062756907,-0.24399343539512186,0.721352532167731,0.716,-0.2,0.066,0.549,0.507,0.206,0.632
212,1776122760.2523904,-1.665452857924449,1.0630689593416678,-0.2911654595912002,0.6275786878632382,0.683,-0.217,0.065,0.604,0.52,0.108,0.594
213,1776122760.2627933,-2.465501015541216,2.7406838599340717,-0.5540857396632795,0.5480807214262247,0.664,-0.227,0.067,0.639,0.531,0.032,0.555
214,1776122760.2734282,-1.7704177946194386,1.5727937221153658,-0.4678841445586327,0.45065244227649026,0.646,-0.235,0.069,0.672,0.541,-0.055,0.503
215,1776122760.283543,-1.5922101303037584,1.262677046841012,-0.3923348384219436,0.2895051412193013,0.625,-0.244,0.075,0.702,0.551,-0.177,0.415
216,1776122760.2939577,-1.7120962044420578,1.611306450966596,-0.5916270656789417,0.15131466956130754,0.61,-0.247,0.08,0.711,0.554,-0.264,0.343
217,1776122760.3046784,-1.8012278291057615,1.4628829953134619,-0.495787841683741,0.010682644091737874,0.595,-0.247,0.087,0.711,0.553,-0.339,0.273
218,1776122760.3147912,-1.918883136950331,2.0099940253817064,-0.990037484645681,-0.14851491158552332,0.576,-0.246,0.097,0.703,0.547,-0.412,0.193
219,1776122760.325144,-2.0115451153642123,1.6669824028222786,-0.719437017998293,-0.20444303163576352,0.566,-0.245,0.103,0.7,0.542,-0.436,0.162
220,1776122760.336117,-2.0920737748518636,1.5778289247120898,-0.6850881649075258,-0.2767697997028183,0.545,-0.243,0.116,0.698,0.531,-0.466,0.116
221,1776122760.3472965,-2.0474958107886048,2.4096978051046425,-1.0,-0.298806893551445,0.523,-0.242,0.129,0.706,0.519,-0.474,0.091
222,1776122760.357766,-2.0248226026934484,1.8586064916408918,-1.0,-0.2901436978357763,0.505,-0.241,0.14,0.717,0.51,-0.469,0.084
223,1776122760.368851,-1.9297850318181011,1.4486047886435456,-0.652775562681705,-0.2528175637728744,0.482,-0.24,0.156,0.736,0.499,-0.45,0.087
224,1776122760.3790438,-1.8058602524218186,1.7858069031003907,-1.0,-0.2089943655000397,0.464,-0.24,0.168,0.752,0.491,-0.428,0.098
225,1776122760.3895872,-1.6796263840005117,1.722138677173196,-0.9714153109028815,-0.15648464705289283,0.446,-0.238,0.18,0.77,0.484,-0.4,0.114
226,1776122760.4015057,-1.607532217539555,1.521799023328102,-0.7875108163060571,-0.11874305828491735,0.433,-0.237,0.188,0.781,0.479,-0.379,0.127
227,1776122760.412789,-1.4114757411193404,1.582282974608931,-0.8981828294239518,-0.03846969678333439,0.407,-0.233,0.205,0.803,0.47,-0.33,0.158
228,1776122760.4233394,-1.3846567437098884,1.294229617207962,-0.6496553240720675,0.0003492848352883871,0.393,-0.229,0.213,0.813,0.466,-0.303,0.174
229,1776122760.4335434,-0.9775922251105801,2.042608090125327,-1.0,0.07437941893909958,0.365,-0.221,0.23,0.829,0.458,-0.247,0.208
230,1776122760.4443128,-1.2927886206050636,1.473592647999234,-0.635328949805283,0.10067703320795225,0.344,-0.216,0.237,0.81,0.508,-0.189,0.223
231,1776122760.4545321,-1.4656966135566243,1.127367615177851,-0.5239151861753643,0.11220231084350962,0.329,-0.211,0.241,0.787,0.551,-0.153,0.23
232,1776122760.465178,-1.5835139323702192,1.173335054527995,-0.47141409713673277,0.11368252741067986,0.308,-0.202,0.246,0.757,0.603,-0.112,0.223
233,1776122760.4758306,-1.435435385135541,1.962944212218788,-0.22935874392906686,0.069111327884208,0.29,-0.198,0.245,0.774,0.603,-0.101,0.162
234,1776122760.4860718,-1.7856911096065502,0.5345325130337057,-0.16973204852161017,0.03760714685540868,0.272,-0.194,0.24,0.783,0.608,-0.078,0.107
235,1776122760.4966252,-1.7829151462180175,0.5187890625748907,-0.14222312080700095,0.030840699860634136,0.267,-0.193,0.236,0.785,0.608,-0.072,0.094
236,1776122760.507406,-1.7662824004415243,0.5483748595330382,-0.019142408131719968,0.01855315667504939,0.258,-0.192,0.227,0.789,0.606,-0.065,0.073
237,1776122760.5181346,-1.7640583050768748,0.41387870884038863,-0.17131040635691586,0.011278763211935026,0.252,-0.192,0.221,0.794,0.602,-0.062,0.061
238,1776122760.5281775,-1.7361757834363434,0.40955238755459933,-0.1144354428098624,0.004789412698551047,0.245,-0.191,0.214,0.802,0.593,-0.061,0.051
239,1776122760.5385835,-1.7173940295737782,0.37173213567140906,-0.12888878412162064,0.002017298214820431,0.242,-0.191,0.209,0.808,0.584,-0.063,0.048
240,1776122760.5491495,-1.6876465417852586,0.3274215021984328,-0.18392852852954467,-6.694594582003891e-05,0.24,-0.191,0.204,0.818,0.57,-0.069,0.048
241,1776122760.5599144,-1.67625328497145,0.32578529770309705,-0.11642754553110024,-0.0007597450833145957,0.239,-0.192,0.201,0.822,0.562,-0.073,0.049
242,1776122760.5699556,-1.6594005208082274,0.32074190206163566,-0.054830636381110964,-0.003996648906134124,0.24,-0.193,0.196,0.831,0.548,-0.086,0.052
243,1776122760.5806901,-1.611416290873968,0.3565324806941073,-0.17942220958999644,-0.007371575206195343,0.241,-0.194,0.192,0.836,0.537,-0.099,0.055
244,1776122760.5916183,-1.5841047896264353,0.3941858101499658,-0.19821658851446744,-0.013155511271662016,0.242,-0.195,0.189,0.84,0.527,-0.115,0.057
245,1776122760.602003,-1.577426686210996,0.4345226053994735,-0.2000671292531606,-0.02181909676467977,0.243,-0.196,0.186,0.841,0.52,-0.134,0.058
246,1776122760.613401,-1.5977124569530579,0.47578530205429964,-0.20132988955866493,-0.03246650500539686,0.243,-0.197,0.184,0.836,0.525,-0.148,0.056
247,1776122760.6238565,-1.6274056821235243,0.531809283408736,-0.1369812485482722,-0.045688336657232556,0.243,-0.198,0.181,0.83,0.531,-0.164,0.053
248,1776122760.6349006,-1.6498948130808495,0.6299491101730069,-0.25369853416617005,-0.07825941442486092,0.239,-0.198,0.179,0.816,0.542,-0.197,0.042
249,1776122760.6457782,-1.694734068858991,0.6671047339884268,-0.2620540639447907,-0.1079231499035778,0.236,-0.197,0.177,0.804,0.55,-0.223,0.03
250,1776122760.6565735,-1.7301649642487749,0.6881672050175643,-0.26608169086898203,-0.1291050786668792,0.233,-0.197,0.177,0.796,0.556,-0.24,0.021
251,1776122760.6680038,-1.7633260353531943,0.7805783396488856,-0.2549353882861036,-0.16402240646555633,0.228,-0.195,0.176,0.782,0.564,-0.267,0.006
252,1776122760.6770682,-1.7875631233907974,0.8704454410101344,-0.248517598685303,-0.19991296099646186,0.223,-0.193,0.175,0.767,0.571,-0.293,-0.01
253,1776122760.6855645,-1.870415912551121,0.7786944001148922,-0.26712480730423327,-0.22454068169001595,0.219,-0.191,0.175,0.756,0.576,-0.31,-0.021
254,1776122760.6939368,-1.9069891274671011,0.7958412278477164,-0.2680000922403728,-0.24859875077350518,0.215,-0.19,0.175,0.746,0.58,-0.327,-0.031
255,1776122760.7021265,-1.8780529141952107,0.9268458761092105,-0.2613885649548898,-0.2719752270612057,0.212,-0.188,0.175,0.735,0.584,-0.342,-0.042
256,1776122760.71037,-1.8474932050307302,1.0483280816588618,-0.26896257661563894,-0.2941946252442222,0.208,-0.186,0.175,0.724,0.588,-0.357,-0.051
257,1776122760.7163346,-1.9935398175824568,0.8133024531625884,-0.27811275927041457,-0.30499661843951864,0.206,-0.185,0.175,0.719,0.589,-0.364,-0.056
258,1776122760.7269282,-2.050369695181801,0.7297456494625085,-0.2614498582084457,-0.3255680491294537,0.204,-0.183,0.174,0.713,0.589,-0.373,-0.072
259,1776122760.7348602,-2.061447253278237,0.722192449909334,-0.26626557062964973,-0.34295748034747925,0.201,-0.182,0.174,0.707,0.59,-0.38,-0.086
260,1776122760.7416754,-2.0668157722964096,0.7219146695049496,-0.2742336250389058,-0.36495090871664765,0.198,-0.18,0.174,0.7,0.591,-0.388,-0.105
261,1776122760.7494407,-2.098838193587726,0.6695876313805463,-0.27235061073550026,-0.37674905907828343,0.197,-0.179,0.174,0.695,0.591,-0.392,-0.116
262,1776122760.7574499,-2.104975835243629,0.6525733654953828,-0.27716632315670453,-0.3892271178969695,0.194,-0.177,0.174,0.69,0.593,-0.394,-0.13
263,1776122760.7662034,-2.127688632592666,0.6160687996514133,-0.2512467011944045,-0.38929711822039165,0.192,-0.176,0.174,0.69,0.594,-0.391,-0.134
264,1776122760.7752044,-2.1189977416079624,0.6276013468645493,-0.2464050825876296,-0.3832093145292331,0.19,-0.176,0.173,0.693,0.594,-0.387,-0.131
265,1776122760.7831688,-2.1143511363006575,0.615458697328444,-0.25358505149987265,-0.3795539272182193,0.19,-0.176,0.173,0.695,0.593,-0.385,-0.129
266,1776122760.7913754,-2.103801050976945,0.6331015387508909,-0.24933778070542834,-0.3718155945969197,0.189,-0.176,0.173,0.699,0.592,-0.381,-0.124
267,1776122760.7990184,-2.0929778458800543,0.6336965176022155,-0.24764850408670513,-0.36124197011606357,0.188,-0.176,0.172,0.704,0.592,-0.376,-0.116
268,1776122760.8073988,-2.0896251402902974,0.6262065562062615,-0.2504940027653768,-0.3578123776114,0.187,-0.176,0.172,0.705,0.592,-0.374,-0.114
269,1776122760.8157156,-2.0844848476373663,0.6291530109629714,-0.25688588618060715,-0.35059130486618445,0.187,-0.176,0.172,0.708,0.592,-0.371,-0.108
270,1776122760.824231,-2.078491695870638,0.637609882325707,-0.2609135131047984,-0.34542249208191783,0.186,-0.175,0.172,0.709,0.592,-0.368,-0.105
271,1776122760.8322713,-2.0668241743421514,0.6314095625848618,-0.261989103104762,-0.3299865391507035,0.185,-0.176,0.173,0.714,0.593,-0.36,-0.094
272,1776122760.8415165,-2.059108630101551,0.6399537541699987,-0.2723214140050567,-0.319481565832428,0.185,-0.176,0.173,0.718,0.594,-0.354,-0.087
273,1776122760.8492112,-2.0468988159094423,0.6368538449578747,-0.2726089185080077,-0.3062580155498976,0.185,-0.176,0.174,0.721,0.595,-0.346,-0.079
274,1776122760.8579092,-2.0251129447368506,0.6341459058285196,-0.2723020751986277,-0.28559514577249506,0.184,-0.176,0.174,0.727,0.596,-0.333,-0.067
275,1776122760.8658445,-2.0214547233377,0.6323342614221511,-0.27022532321054005,-0.279273000400862,0.184,-0.176,0.175,0.729,0.597,-0.329,-0.063
276,1776122760.8740413,-2.00339534833064,0.6295652255790971,-0.2821338051048604,-0.26499381103793723,0.184,-0.176,0.175,0.733,0.597,-0.319,-0.056
277,1776122760.8826878,-1.988557357340842,0.6224073843842417,-0.2698119416556045,-0.25121067699389815,0.183,-0.176,0.176,0.738,0.598,-0.309,-0.049
278,1776122760.8907807,-1.9829563138988353,0.6200186911699181,-0.27147531208875697,-0.2448695876939698,0.183,-0.176,0.176,0.74,0.599,-0.304,-0.046
279,1776122760.8997853,-1.9550204371950073,0.6138141984116723,-0.2733389875857337,-0.22223057883609207,0.183,-0.175,0.177,0.746,0.6,-0.287,-0.035
280,1776122760.908088,-1.9550204371950073,0.6138141984116723,-0.27185001603083436,-0.22223057883609207,0.183,-0.175,0.177,0.746,0.6,-0.287,-0.035
281,1776122760.9162056,-1.9529185183237834,0.6043749799659368,-0.25538742003268977,-0.2160316612889769,0.182,-0.175,0.177,0.748,0.601,-0.282,-0.032
282,1776122760.9256194,-1.9302800119765247,0.6015287825383383,-0.2600093947692117,-0.20152277822319697,0.182,-0.175,0.178,0.752,0.601,-0.27,-0.026
283,1776122760.932948,-1.9183175512390915,0.6076515856384407,-0.26521914993892215,-0.19458770632870825,0.182,-0.175,0.178,0.753,0.602,-0.264,-0.023
284,1776122760.9411948,-1.9035365539040816,0.5950460109563561,-0.25112081043181633,-0.18195301556705012,0.181,-0.175,0.178,0.757,0.602,-0.253,-0.018
285,1776122760.9503164,-1.9037497653300102,0.578964431160608,-0.2429331121523075,-0.17593884959618175,0.18,-0.174,0.178,0.759,0.603,-0.247,-0.016
286,1776122760.9621367,-1.8931790270321103,0.5709613066652633,-0.23119902913624013,-0.16453319167569788,0.18,-0.174,0.178,0.761,0.604,-0.237,-0.011
287,1776122760.9723763,-1.8885186496211759,0.5618431969334523,-0.22458750185075693,-0.1547659703702219,0.179,-0.173,0.178,0.763,0.605,-0.229,-0.006
288,1776122760.9829729,-1.870880490926053,0.5704128271215491,-0.20989481453132042,-0.14305068103036436,0.177,-0.173,0.177,0.766,0.604,-0.221,0.001
289,1776122760.993865,-1.865054997121157,0.5651904705581474,-0.21077009946745984,-0.13671207021520346,0.176,-0.172,0.177,0.768,0.603,-0.217,0.005
290,1776122761.0039396,-1.8440344823715855,0.5700869549653288,-0.2008059251301011,-0.12205799527439648,0.174,-0.171,0.176,0.771,0.602,-0.207,0.014
291,1776122761.014372,-1.837272687852406,0.5613394376710868,-0.20187494775092296,-0.11152409544189644,0.172,-0.17,0.175,0.773,0.602,-0.199,0.02
292,1776122761.024771,-1.8266503910414387,0.5618222792168812,-0.20078001894453024,-0.10455184826548228,0.171,-0.17,0.175,0.775,0.601,-0.194,0.024
293,1776122761.0349996,-1.8088604200958713,0.5785191871388431,-0.19219827791651478,-0.09862206594266074,0.17,-0.169,0.175,0.776,0.601,-0.189,0.027
294,1776122761.0456507,-1.8196998018151056,0.5425041057982493,-0.210605181471621,-0.09322032743009503,0.169,-0.168,0.174,0.777,0.6,-0.185,0.03
295,1776122761.0563464,-1.8002075329323037,0.5662063339010709,-0.2099042954137348,-0.08799257161776587,0.168,-0.167,0.174,0.779,0.6,-0.181,0.033
296,1776122761.0634422,-1.814252024707856,0.528010245503222,-0.21669022157747142,-0.08490725807965933,0.167,-0.167,0.174,0.78,0.599,-0.178,0.034
297,1776122761.070421,-1.8089876896042731,0.5346798568068359,-0.21953572025614332,-0.08342264227302953,0.166,-0.167,0.174,0.78,0.599,-0.177,0.035
298,1776122761.0772452,-1.8108037582171388,0.5232097752633021,-0.21765270595273778,-0.08251870047461332,0.166,-0.166,0.174,0.781,0.598,-0.176,0.035
299,1776122761.0840356,-1.8096912349512462,0.5264218480811931,-0.22089224737991608,-0.08171843526033802,0.165,-0.166,0.174,0.781,0.598,-0.176,0.036
300,1776122761.0906932,-1.8076666439128997,0.5247832134932306,-0.2241317888070946,-0.08183634848369813,0.165,-0.166,0.174,0.781,0.598,-0.175,0.035
301,1776122761.0993257,-1.8083556530419336,0.5212541115252862,-0.22284312231601933,-0.08310038217969894,0.164,-0.165,0.175,0.782,0.597,-0.176,0.034
302,1776122761.108467,-1.8065358016674518,0.5201733855157126,-0.22352466956747685,-0.08516741157682182,0.163,-0.165,0.176,0.783,0.596,-0.177,0.032
303,1776122761.1159778,-1.8032755966674516,0.5256906555157126,-0.22952251023420034,-0.08516741157682182,0.163,-0.165,0.176,0.783,0.596,-0.177,0.032
304,1776122761.1242015,-1.8023570813419119,0.5232197277084966,-0.22645736768527536,-0.08646698597991044,0.162,-0.164,0.176,0.783,0.595,-0.178,0.031
305,1776122761.1323981,-1.802087799040851,0.5221304283862078,-0.22713891493673255,-0.08925021773888975,0.162,-0.164,0.177,0.783,0.594,-0.18,0.029
306,1776122761.1409953,-1.806215584145007,0.514040452533111,-0.2150107891721592,-0.09005153858228868,0.162,-0.164,0.177,0.783,0.594,-0.18,0.028
307,1776122761.148971,-1.805619221983452,0.5183666280268002,-0.21903841609635033,-0.0907358495891856,0.162,-0.164,0.177,0.783,0.594,-0.181,0.028
308,1776122761.1574938,-1.8068925668892502,0.5148286515483871,-0.21282093155937354,-0.09429592354655371,0.161,-0.164,0.177,0.784,0.593,-0.183,0.025
309,1776122761.1656046,-1.8091889013856415,0.513578034283107,-0.20956205132576633,-0.09578482535752085,0.161,-0.164,0.178,0.784,0.593,-0.184,0.024
310,1776122761.174039,-1.8124209431491831,0.5120899193715076,-0.20649690877684124,-0.09878877655209703,0.161,-0.164,0.178,0.783,0.593,-0.186,0.022
311,1776122761.1823556,-1.810443838537027,0.5115336221269875,-0.2022496379823968,-0.10008677383699202,0.161,-0.164,0.178,0.783,0.592,-0.187,0.021
312,1776122761.1907153,-1.8148464443641672,0.5100359921871411,-0.20391300841554938,-0.10307095965386118,0.161,-0.164,0.178,0.783,0.592,-0.189,0.019
313,1776122761.1993191,-1.8168957180082652,0.5118606740069918,-0.1973014811300663,-0.10525964269125729,0.161,-0.164,0.178,0.783,0.592,-0.191,0.018
314,1776122761.2072747,-1.8197450097776942,0.510109172061714,-0.19541846682666064,-0.10675601396200284,0.161,-0.164,0.178,0.783,0.592,-0.192,0.017
315,1776122761.2158554,-1.8227051552259113,0.5071580798809464,-0.1907771532837097,-0.11056680740315425,0.162,-0.164,0.178,0.782,0.592,-0.194,0.014
316,1776122761.2244534,-1.8220356153983266,0.5081920838640376,-0.1873179679862782,-0.11256535319315672,0.162,-0.164,0.178,0.782,0.591,-0.196,0.013
317,1776122761.2332907,-1.8319455374883171,0.49842006524388666,-0.1811004834493014,-0.11556783775666558,0.162,-0.165,0.178,0.782,0.591,-0.198,0.011
318,1776122761.2409792,-1.8282217004287926,0.507614672455995,-0.18118768288842824,-0.11778688199715977,0.163,-0.165,0.178,0.781,0.591,-0.2,0.01
319,1776122761.249563,-1.83028132830888,0.5088727362432645,-0.1793046685850227,-0.1207977627594862,0.163,-0.165,0.178,0.781,0.591,-0.202,0.008
320,1776122761.2575543,-1.8317535874224087,0.5112819473186501,-0.17781569703012345,-0.12302334722124432,0.164,-0.166,0.178,0.78,0.591,-0.204,0.007
321,1776122761.265964,-1.8594579161389586,0.47844205348152513,-0.15800045398010276,-0.12625400217328508,0.164,-0.166,0.177,0.78,0.592,-0.206,0.005
322,1776122761.274463,-1.840605579690843,0.5099306088292984,-0.17187914961695583,-0.12697524798996473,0.165,-0.166,0.177,0.779,0.592,-0.207,0.005
323,1776122761.2832987,-1.841799963802926,0.5101762388074795,-0.1703901780620567,-0.12848832459994494,0.165,-0.166,0.177,0.779,0.592,-0.208,0.004
324,1776122761.291619,-1.85441182431653,0.4923654172345973,-0.15983822329150876,-0.13000277351652598,0.165,-0.167,0.177,0.779,0.592,-0.209,0.003
325,1776122761.3001869,-1.8511300160360897,0.5002706195528563,-0.16150159372466133,-0.1307261027743505,0.166,-0.167,0.177,0.778,0.592,-0.21,0.003
326,1776122761.3073585,-1.8577344907157385,0.49016406678186364,-0.15646623743320398,-0.13303684933591373,0.166,-0.167,0.177,0.778,0.592,-0.211,0.001
327,1776122761.315855,-1.856927730756474,0.4994885938895064,-0.15792930280253226,-0.1360049200845353,0.168,-0.168,0.176,0.777,0.592,-0.214,-0.0
328,1776122761.3239608,-1.8544274433061931,0.5070444735134433,-0.16116884422971078,-0.13904610679098364,0.169,-0.169,0.176,0.776,0.592,-0.216,-0.002
329,1776122761.3325708,-1.8559809240207388,0.5154039758611154,-0.16243817191435683,-0.14151960572484676,0.17,-0.169,0.176,0.775,0.593,-0.218,-0.003
330,1776122761.3410845,-1.856616781046491,0.5170157877654838,-0.16134324310796422,-0.1430451238548073,0.171,-0.17,0.176,0.775,0.593,-0.219,-0.004
331,1776122761.3490498,-1.859389045711027,0.5146151061093712,-0.15847183824372169,-0.14457211076784646,0.172,-0.17,0.175,0.775,0.593,-0.22,-0.005
332,1776122761.358641,-1.8668514835260897,0.504427192836015,-0.15186031095823826,-0.14530407802647716,0.173,-0.171,0.175,0.774,0.593,-0.221,-0.005
333,1776122761.3658824,-1.8616116218023742,0.5161943983686792,-0.15431176688840387,-0.14683302614317506,0.173,-0.171,0.175,0.774,0.593,-0.222,-0.006
334,1776122761.3743696,-1.8876470491597785,0.4728956965289629,-0.13115044416564925,-0.1475668857844853,0.174,-0.172,0.175,0.773,0.593,-0.223,-0.006
335,1776122761.3839202,-1.8699760409977442,0.5092908879911094,-0.1458172252995149,-0.1485828128456793,0.175,-0.172,0.175,0.773,0.594,-0.223,-0.007
336,1776122761.3906214,-1.870893515758679,0.5118511035766755,-0.1433398631837789,-0.14932531399174975,0.175,-0.172,0.174,0.773,0.594,-0.224,-0.007
337,1776122761.3994522,-1.8735276857586791,0.5074614385766755,-0.13791046414381514,-0.14932531399174975,0.176,-0.173,0.174,0.773,0.594,-0.224,-0.007
338,1776122761.4074314,-1.8617407907586792,0.5282765935766754,-0.1490308605411228,-0.14932531399174975,0.176,-0.173,0.174,0.773,0.594,-0.224,-0.007
339,1776122761.4167297,-1.863671661929996,0.5235410344328603,-0.14399550424966523,-0.14931820596496007,0.177,-0.173,0.174,0.772,0.594,-0.224,-0.007
340,1776122761.4253147,-1.8619161669299962,0.5268012394328603,-0.14447674643729858,-0.14931820596496007,0.177,-0.173,0.174,0.772,0.594,-0.224,-0.007
341,1776122761.4345653,-1.8864930969299962,0.4851709294328602,-0.10712988476831142,-0.14931820596496007,0.177,-0.173,0.174,0.772,0.594,-0.224,-0.007
342,1776122761.4437418,-1.865051906929996,0.5220363244328603,-0.1338116860420533,-0.14931820596496007,0.177,-0.174,0.173,0.772,0.594,-0.224,-0.007
343,1776122761.453064,-1.861791701929996,0.5279288444328603,-0.13626314197221878,-0.14931820596496007,0.178,-0.174,0.173,0.772,0.594,-0.224,-0.007
344,1776122761.4621892,-1.8602869919299962,0.5304366944328602,-0.13753246965686494,-0.14931820596496007,0.178,-0.174,0.173,0.772,0.594,-0.224,-0.007
345,1776122761.4718235,-1.8618671107586793,0.5295286635766755,-0.13131498511988793,-0.14932531399174975,0.178,-0.174,0.173,0.773,0.594,-0.224,-0.007
346,1776122761.4811082,-1.860111615758679,0.5325380835766755,-0.13179622730752127,-0.14932531399174975,0.178,-0.174,0.173,0.773,0.594,-0.224,-0.007
347,1776122761.4903224,-1.859359260758679,0.5334149035766754,-0.13168312168282392,-0.14932531399174975,0.179,-0.174,0.172,0.773,0.594,-0.224,-0.007
348,1776122761.499621,-1.8583561207586792,0.5349196135766755,-0.1337405348644829,-0.14932531399174975,0.179,-0.174,0.172,0.773,0.594,-0.224,-0.007
349,1776122761.5082197,-1.857528356929996,0.5353260744328603,-0.13185752056107702,-0.14931820596496007,0.179,-0.174,0.172,0.772,0.594,-0.224,-0.007
350,1776122761.5167108,-1.8570267869299963,0.5365799994328603,-0.130368549006178,-0.14931820596496007,0.179,-0.174,0.172,0.772,0.594,-0.224,-0.007
351,1776122761.5238812,-1.8557728619299962,0.5393386344328603,-0.12809149195426595,-0.14931820596496007,0.179,-0.174,0.172,0.772,0.594,-0.224,-0.007
352,1776122761.5326757,-1.857037961479315,0.5429572998512735,-0.13093699063293796,-0.14954563195267448,0.178,-0.174,0.172,0.772,0.595,-0.224,-0.007
353,1776122761.541049,-1.8585426714793152,0.5399478798512735,-0.13023610457505153,-0.14954563195267448,0.178,-0.174,0.172,0.772,0.595,-0.224,-0.007
354,1776122761.5490048,-1.8585426714793152,0.5394463098512735,-0.12953521851716565,-0.14954563195267448,0.178,-0.174,0.172,0.772,0.595,-0.224,-0.007
355,1776122761.5572405,-1.8630655065257036,0.5374213853691162,-0.12844028971077281,-0.14977299416554776,0.178,-0.174,0.172,0.772,0.596,-0.224,-0.007
356,1776122761.5657084,-1.8615770986070896,0.5347722141498689,-0.1273453609043802,-0.14902132409537586,0.178,-0.174,0.172,0.771,0.596,-0.223,-0.007
357,1776122761.5744164,-1.8613263136070897,0.5357753541498689,-0.12309809010993578,-0.14902132409537586,0.178,-0.174,0.172,0.771,0.596,-0.223,-0.007
358,1776122761.5823047,-1.8627468486249177,0.5378279544047267,-0.11924486206399765,-0.14976589006240484,0.178,-0.174,0.172,0.771,0.596,-0.224,-0.007
359,1776122761.5908341,-1.8632484186249174,0.5365740294047268,-0.11854397600611144,-0.14976589006240484,0.178,-0.174,0.172,0.771,0.596,-0.224,-0.007
360,1776122761.599574,-1.8634992036249176,0.5363232444047267,-0.1166609617027059,-0.14976589006240484,0.178,-0.174,0.172,0.771,0.596,-0.224,-0.007
361,1776122761.607448,-1.8637499886249176,0.5358216744047267,-0.11556603289631329,-0.14976589006240484,0.178,-0.174,0.172,0.771,0.596,-0.224,-0.007
362,1776122761.6162498,-1.8675221433475822,0.5353014632005417,-0.11328897584440123,-0.149993190429351,0.178,-0.174,0.172,0.771,0.597,-0.224,-0.007
363,1776122761.6245594,-1.8672068858767197,0.5342034270318007,-0.11258808978651502,-0.1499860882598768,0.178,-0.174,0.172,0.77,0.597,-0.224,-0.007
364,1776122761.6324582,-1.8677084558767196,0.5337018570318007,-0.10971668492227227,-0.1499860882598768,0.178,-0.174,0.171,0.77,0.597,-0.224,-0.007
365,1776122761.6408174,-1.8677084558767196,0.5334510720318006,-0.10862175611587954,-0.1499860882598768,0.178,-0.174,0.171,0.77,0.597,-0.224,-0.007
366,1776122761.6489408,-1.8714822705731833,0.5329308640993731,-0.10634469906396748,-0.1502133267179943,0.178,-0.174,0.171,0.77,0.598,-0.224,-0.007
367,1776122761.6577666,-1.8724243617001903,0.5305790075275449,-0.10170338552101632,-0.15020622648415252,0.178,-0.174,0.171,0.769,0.598,-0.224,-0.007
368,1776122761.665925,-1.8756982514114044,0.5308111578606683,-0.10139654221163674,-0.15043340297067018,0.178,-0.174,0.171,0.769,0.599,-0.224,-0.007
369,1776122761.6742175,-1.877531407952841,0.5282985929420946,-0.09399692942914073,-0.1496430693404355,0.178,-0.174,0.171,0.768,0.599,-0.224,-0.006
370,1776122761.6829102,-1.8815610574093162,0.5275302609028195,-0.09112552456489798,-0.14987039763423424,0.178,-0.174,0.17,0.768,0.6,-0.224,-0.006
371,1776122761.6912053,-1.8804334524093165,0.5295365409028195,-0.09357698049506336,-0.14987039763423424,0.178,-0.175,0.17,0.768,0.6,-0.224,-0.006
372,1776122761.6995935,-1.8814365924093164,0.5280318309028196,-0.08932970970061904,-0.14987039763423424,0.178,-0.175,0.17,0.768,0.6,-0.224,-0.006
373,1776122761.707439,-1.8859651747503694,0.5262603589363967,-0.08547648165468125,-0.1500976620609846,0.178,-0.175,0.17,0.768,0.601,-0.224,-0.006
374,1776122761.7158968,-1.8861657947581068,0.524785262619223,-0.08359346735127549,-0.15009157545400742,0.179,-0.175,0.17,0.767,0.601,-0.224,-0.006
375,1776122761.7245774,-1.88958223298497,0.5261216087536178,-0.08111610523553947,-0.14953710490083738,0.179,-0.175,0.169,0.767,0.602,-0.224,-0.005
376,1776122761.7330728,-1.8912907974323472,0.5225155987141008,-0.07489862069856257,-0.14953202934098553,0.179,-0.175,0.169,0.766,0.602,-0.224,-0.005
377,1776122761.741745,-1.894068809123044,0.5236298881327442,-0.0757739056347021,-0.1497593832407941,0.18,-0.175,0.169,0.766,0.603,-0.224,-0.005
378,1776122761.7508223,-1.8928320111227481,0.5269916081248119,-0.07743727606785467,-0.148978842849188,0.18,-0.176,0.169,0.766,0.603,-0.224,-0.004
379,1776122761.7594452,-1.8918288711227478,0.5284963181248119,-0.07771821319166372,-0.148978842849188,0.18,-0.176,0.168,0.766,0.603,-0.224,-0.004
380,1776122761.7684553,-1.897074393821776,0.5245023774307475,-0.07150072865468693,-0.1492022851344252,0.181,-0.176,0.168,0.765,0.604,-0.224,-0.004
381,1776122761.7767725,-1.8941462513858114,0.5252237436709342,-0.07434622733335905,-0.14844969419635393,0.181,-0.176,0.168,0.765,0.604,-0.223,-0.004
382,1776122761.785671,-1.8956694411601145,0.5245750903481909,-0.0683224804810646,-0.14767035200072134,0.181,-0.177,0.167,0.765,0.604,-0.223,-0.003
383,1776122761.794637,-1.9029271668742163,0.5175772359441307,-0.05698244021350385,-0.14789392665818413,0.182,-0.177,0.167,0.764,0.605,-0.223,-0.003
384,1776122761.8032124,-1.9036795218742164,0.5165740959441307,-0.05332294985224828,-0.14789392665818413,0.182,-0.177,0.166,0.764,0.605,-0.223,-0.003
385,1776122761.81164,-1.9010652307481326,0.5218210898678042,-0.056956534027933325,-0.1471157107364981,0.183,-0.177,0.166,0.764,0.605,-0.223,-0.002
386,1776122761.8196003,-1.8966774207481325,0.5285922848678041,-0.06590641161888444,-0.1471157107364981,0.183,-0.178,0.165,0.764,0.605,-0.223,-0.002
387,1776122761.8278828,-1.9059564657481325,0.5142975398678041,-0.04038083240509105,-0.1471157107364981,0.183,-0.178,0.165,0.764,0.605,-0.223,-0.002
388,1776122761.8364015,-1.9089916238053097,0.515169031240833,-0.04007398909571114,-0.14734248401525651,0.184,-0.178,0.165,0.764,0.606,-0.223,-0.002
389,1776122761.8452337,-1.9029727838053099,0.524448076240833,-0.05296429417172699,-0.14734248401525651,0.184,-0.178,0.164,0.764,0.606,-0.223,-0.002
390,1776122761.853984,-1.9007372690402569,0.5296984784085523,-0.05679161603209415,-0.14656437621397164,0.185,-0.179,0.163,0.764,0.606,-0.223,-0.001
391,1776122761.861633,-1.9042482590402567,0.5241812084085523,-0.045057533016026996,-0.14656437621397164,0.185,-0.179,0.163,0.764,0.606,-0.223,-0.001
392,1776122761.870112,-1.9095147440402567,0.5180360484085523,-0.021301862480942124,-0.14656437621397164,0.186,-0.179,0.162,0.764,0.606,-0.223,-0.001
393,1776122761.8787286,-1.898328230261623,0.531581103957789,-0.032422258878249455,-0.14633739086149455,0.186,-0.18,0.162,0.764,0.605,-0.223,-0.001
394,1776122761.8871362,-1.898077445261623,0.5368475889577891,-0.0102427593371901,-0.14633739086149455,0.186,-0.18,0.161,0.764,0.605,-0.223,-0.001
395,1776122761.8956752,-1.8940648852616229,0.538101513957789,-0.03948912216579514,-0.14633739086149455,0.186,-0.18,0.161,0.764,0.605,-0.223,-0.001
396,1776122761.9035575,-1.9076072752616229,0.529574823957789,0.05204190111240159,-0.14633739086149455,0.186,-0.18,0.16,0.764,0.605,-0.223,-0.001
397,1776122761.9118183,-1.8973511397573992,0.5347635873221942,-0.03434066024964044,-0.1478691997119974,0.186,-0.18,0.16,0.764,0.605,-0.224,-0.002
398,1776122761.9187691,-1.8941037824364326,0.5346137725980743,-0.03540968287046231,-0.14764336376128614,0.186,-0.18,0.159,0.765,0.604,-0.224,-0.002
399,1776122761.9259257,-1.8933514274364327,0.5346137725980743,-0.040619438040172984,-0.14764336376128614,0.186,-0.18,0.159,0.765,0.604,-0.224,-0.002
400,1776122761.933103,-1.8941037824364326,0.5336106325980743,-0.03834238098826093,-0.14764336376128614,0.186,-0.18,0.159,0.765,0.604,-0.224,-0.002
401,1776122761.9408162,-1.8903599633654937,0.5338361727031495,-0.04158192241543923,-0.14741746573863204,0.187,-0.18,0.159,0.766,0.603,-0.224,-0.002
402,1776122761.9500177,-1.8850554803318755,0.5352458801344293,-0.04639763483664361,-0.1479704237032632,0.187,-0.181,0.159,0.766,0.602,-0.224,-0.003
403,1776122761.9571896,-1.884852183466211,0.5365953747989942,-0.04549644371493344,-0.147973474772429,0.187,-0.181,0.158,0.767,0.602,-0.224,-0.003
404,1776122761.9656894,-1.8805674766137668,0.5373557279027849,-0.045977685902566234,-0.1477456303953877,0.187,-0.181,0.158,0.767,0.601,-0.224,-0.003
405,1776122761.9744632,-1.8778400746862551,0.5377101863028673,-0.04212445785662844,-0.14752077554227908,0.187,-0.181,0.158,0.768,0.6,-0.224,-0.003
406,1776122761.9835873,-1.87678287409027,0.5343151091637982,-0.03905931530770357,-0.14755562229811328,0.187,-0.181,0.158,0.768,0.6,-0.223,-0.004
407,1776122761.9931128,-1.8738120025695955,0.5339166835961054,-0.03914651474682995,-0.1473329689436177,0.187,-0.181,0.158,0.769,0.599,-0.223,-0.004
408,1776122762.0007875,-1.8773229925695956,0.5281486285961055,-0.027806474479269316,-0.1473329689436177,0.187,-0.181,0.158,0.769,0.599,-0.223,-0.004
409,1776122762.0082178,-1.8700305452256325,0.5341781252964605,-0.03735069988255113,-0.1471061870022312,0.187,-0.181,0.158,0.769,0.598,-0.223,-0.004
410,1776122762.0158145,-1.8702108075035015,0.5336807710312461,-0.036255771076158405,-0.1478958325726516,0.187,-0.181,0.158,0.77,0.598,-0.223,-0.005
411,1776122762.023931,-1.8672515946185495,0.5337865129354323,-0.03397871402424635,-0.14767428332678476,0.187,-0.181,0.158,0.771,0.597,-0.223,-0.005
412,1776122762.0323353,-1.863726028071029,0.5340506173620143,-0.03288378521785362,-0.14744759085449918,0.187,-0.181,0.158,0.771,0.596,-0.223,-0.005
413,1776122762.0408986,-1.860644330897129,0.5330731063160155,-0.03139481366295471,-0.14801405734769732,0.187,-0.181,0.158,0.772,0.595,-0.223,-0.006
414,1776122762.0495944,-1.860393545897129,0.5333238913160154,-0.030299884856561987,-0.14801405734769732,0.187,-0.181,0.158,0.772,0.595,-0.223,-0.006
415,1776122762.0576394,-1.860644330897129,0.5330731063160155,-0.0276287850561433,-0.14801405734769732,0.187,-0.181,0.158,0.772,0.595,-0.223,-0.006
416,1776122762.065898,-1.8607172679246708,0.5339178232078499,-0.026927898998257094,-0.14802015345788377,0.187,-0.181,0.158,0.773,0.595,-0.223,-0.006
417,1776122762.0745099,-1.8609680529246708,0.5339178232078499,-0.025044884694851555,-0.14802015345788377,0.187,-0.181,0.158,0.773,0.595,-0.223,-0.006
418,1776122762.0821867,-1.8595552974331009,0.532110252214429,-0.023949955888458607,-0.1472781227615768,0.187,-0.181,0.158,0.773,0.595,-0.222,-0.006
419,1776122762.0906625,-1.8595552974331009,0.532110252214429,-0.022460984333559586,-0.1472781227615768,0.187,-0.181,0.158,0.773,0.595,-0.222,-0.006
420,1776122762.0991728,-1.8595552974331009,0.532110252214429,-0.020577970030153936,-0.1472781227615768,0.187,-0.181,0.158,0.773,0.595,-0.222,-0.006
421,1776122762.1077847,-1.8595552974331009,0.532110252214429,-0.01948304122376132,-0.1472781227615768,0.187,-0.181,0.158,0.773,0.595,-0.222,-0.006
422,1776122762.1156356,-1.8595552974331009,0.532110252214429,-0.01760002692035556,-0.1472781227615768,0.187,-0.181,0.158,0.773,0.595,-0.222,-0.006
423,1776122762.1238947,-1.8592301964109001,0.5315193303992093,-0.016505098113962946,-0.14727202716969082,0.187,-0.181,0.158,0.772,0.595,-0.222,-0.006
424,1776122762.1326683,-1.8592301964109001,0.5315193303992093,-0.014622083810557296,-0.14727202716969082,0.187,-0.181,0.158,0.772,0.595,-0.222,-0.006
425,1776122762.1408348,-1.8594809814109001,0.5312685453992093,-0.012345026758645128,-0.14727202716969082,0.187,-0.181,0.158,0.772,0.595,-0.222,-0.006
426,1776122762.1492422,-1.8594809814109001,0.5312685453992093,-0.010856055203745996,-0.14727202716969082,0.187,-0.181,0.158,0.772,0.595,-0.222,-0.006
427,1776122762.1578836,-1.8592301964109001,0.5315193303992093,-0.0101551691458599,-0.14727202716969082,0.187,-0.181,0.158,0.772,0.595,-0.222,-0.006
428,1776122762.1661205,-1.8592301964109001,0.5315193303992093,-0.008666197590960656,-0.14727202716969082,0.187,-0.181,0.158,0.772,0.595,-0.222,-0.006
429,1776122762.174133,-1.8597317664109,0.5312685453992093,-0.005006707229704976,-0.14727202716969082,0.187,-0.181,0.157,0.772,0.595,-0.222,-0.006
430,1776122762.1824694,-1.8592301964109001,0.5315193303992093,-0.005093906668831805,-0.14727202716969082,0.187,-0.181,0.157,0.772,0.595,-0.222,-0.006
431,1776122762.1911755,-1.8604841214109,0.5302654053992093,0.0019116633651579118,-0.14727202716969082,0.187,-0.181,0.157,0.772,0.595,-0.222,-0.006
432,1776122762.1992064,-1.86275294116672,0.5315033609173261,-0.002115963559033318,-0.14749753402952054,0.187,-0.181,0.157,0.772,0.596,-0.222,-0.006
433,1776122762.207838,-1.86275294116672,0.5317541459173261,-0.0006269920041342969,-0.14749753402952054,0.187,-0.181,0.157,0.772,0.596,-0.222,-0.006
434,1776122762.2155628,-1.8631233623765746,0.5296666346459012,0.00165006504777776,-0.14828527847846806,0.187,-0.181,0.157,0.772,0.596,-0.222,-0.007
435,1776122762.2245634,-1.8628725773765746,0.5299174196459012,0.0023509511056640786,-0.14828527847846806,0.187,-0.181,0.157,0.772,0.596,-0.222,-0.007
436,1776122762.2322938,-1.8628725773765746,0.5299174196459012,0.003445879912056693,-0.14828527847846806,0.187,-0.181,0.157,0.772,0.596,-0.222,-0.007
437,1776122762.240712,-1.8631233623765746,0.5296666346459012,0.005328894215462343,-0.14828527847846806,0.187,-0.181,0.157,0.772,0.596,-0.222,-0.007
438,1776122762.2493665,-1.8628725773765746,0.5299174196459012,0.006817865770361253,-0.14828527847846806,0.187,-0.181,0.157,0.772,0.596,-0.222,-0.007
439,1776122762.257426,-1.8628725773765746,0.5299174196459012,0.008306837325260608,-0.14828527847846806,0.187,-0.181,0.157,0.772,0.596,-0.222,-0.007
440,1776122762.2657006,-1.8633741473765746,0.5294158496459012,0.012160065371198625,-0.14828527847846806,0.187,-0.181,0.157,0.772,0.596,-0.222,-0.007
441,1776122762.2747667,-1.8631233623765746,0.5296666346459012,0.012466908680578426,-0.14828527847846806,0.187,-0.181,0.157,0.772,0.596,-0.222,-0.007
442,1776122762.2833173,-1.8628725773765746,0.5299174196459012,0.012379709241451708,-0.14828527847846806,0.187,-0.181,0.157,0.772,0.596,-0.222,-0.007
443,1776122762.2909832,-1.8628725773765746,0.5299174196459012,0.013474638047844323,-0.14828527847846806,0.187,-0.181,0.157,0.772,0.596,-0.222,-0.007
444,1776122762.2995887,-1.8628725773765746,0.5299174196459012,0.014963609602743677,-0.14828527847846806,0.187,-0.181,0.157,0.772,0.596,-0.222,-0.007
445,1776122762.3075042,-1.8628725773765746,0.5299174196459012,0.017240666654655845,-0.14828527847846806,0.187,-0.181,0.157,0.772,0.596,-0.222,-0.007
446,1776122762.315784,-1.8628725773765746,0.5299174196459012,0.01833559546104846,-0.14828527847846806,0.187,-0.181,0.157,0.772,0.596,-0.222,-0.007
447,1776122762.3254497,-1.8628725773765746,0.5299174196459012,0.01982456701594737,-0.14828527847846806,0.187,-0.181,0.157,0.772,0.596,-0.222,-0.007
448,1776122762.3334048,-1.8617154574287051,0.527864204133952,0.021313538570846724,-0.1475435386009053,0.187,-0.181,0.157,0.772,0.596,-0.221,-0.007
449,1776122762.3416455,-1.862217027428705,0.5273626341339519,0.02516676661678452,-0.1475435386009053,0.187,-0.181,0.157,0.772,0.596,-0.221,-0.007
450,1776122762.349614,-1.8617154574287051,0.527864204133952,0.02429148168064499,-0.1475435386009053,0.187,-0.181,0.157,0.772,0.596,-0.221,-0.007
451,1776122762.3576467,-1.8617154574287051,0.527864204133952,0.02578045323554412,-0.1475435386009053,0.187,-0.181,0.157,0.772,0.596,-0.221,-0.007
452,1776122762.3662853,-1.8617154574287051,0.527864204133952,0.027663467538949993,-0.1475435386009053,0.187,-0.181,0.157,0.772,0.596,-0.221,-0.007
453,1776122762.3747344,-1.8617154574287051,0.527864204133952,0.02836435359683609,-0.1475435386009053,0.187,-0.181,0.157,0.772,0.596,-0.221,-0.007
454,1776122762.3830616,-1.862969382428705,0.5266102791339519,0.03694609462485143,-0.1475435386009053,0.187,-0.181,0.157,0.772,0.596,-0.221,-0.007
455,1776122762.3908775,-1.8617154574287051,0.527864204133952,0.030948253958127836,-0.1475435386009053,0.187,-0.181,0.157,0.772,0.596,-0.221,-0.007
456,1776122762.399148,-1.8617154574287051,0.527864204133952,0.03361935375854652,-0.1475435386009053,0.187,-0.181,0.157,0.772,0.596,-0.221,-0.007
457,1776122762.4076295,-1.8617154574287051,0.527864204133952,0.03432023981643262,-0.1475435386009053,0.187,-0.181,0.157,0.772,0.596,-0.221,-0.007
458,1776122762.4157405,-1.8617154574287051,0.527864204133952,0.03640355918366245,-0.1475435386009053,0.187,-0.181,0.156,0.772,0.596,-0.221,-0.007
459,1776122762.4241838,-1.8617154574287051,0.527864204133952,0.0378925307385618,-0.1475435386009053,0.187,-0.181,0.156,0.772,0.596,-0.221,-0.007
460,1776122762.4328156,-1.8649159828275226,0.527258041344759,0.04016958779047375,-0.14776064132112518,0.187,-0.181,0.156,0.771,0.597,-0.221,-0.007
461,1776122762.4410884,-1.8649159828275226,0.527258041344759,0.04126451659686636,-0.14776064132112518,0.187,-0.181,0.156,0.771,0.597,-0.221,-0.007
462,1776122762.4490294,-1.8650340294996817,0.5256713407618527,0.04275348815176572,-0.14854699744559482,0.187,-0.181,0.156,0.771,0.597,-0.221,-0.008
463,1776122762.457463,-1.8650340294996817,0.5255450207618528,0.04424245970666463,-0.14854699744559482,0.188,-0.181,0.156,0.771,0.597,-0.221,-0.008
464,1776122762.4660227,-1.8650340294996817,0.5255450207618528,0.045337388513057464,-0.14854699744559482,0.188,-0.181,0.156,0.771,0.597,-0.221,-0.008
465,1776122762.4738982,-1.8650340294996817,0.5255450207618528,0.04682636006795682,-0.14854699744559482,0.188,-0.181,0.156,0.771,0.597,-0.221,-0.008
466,1776122762.4827163,-1.8655355994996818,0.5250434507618528,0.05107363086240113,-0.14854699744559482,0.188,-0.181,0.156,0.771,0.597,-0.221,-0.008
467,1776122762.490776,-1.8650340294996817,0.5255450207618528,0.050592388674767896,-0.14854699744559482,0.188,-0.181,0.156,0.771,0.597,-0.221,-0.008
468,1776122762.499545,-1.8650340294996817,0.5255450207618528,0.05168731748116051,-0.14854699744559482,0.188,-0.181,0.156,0.771,0.597,-0.221,-0.008
469,1776122762.5081992,-1.8652848144996819,0.5252942357618529,0.05396437453307268,-0.14854699744559482,0.188,-0.181,0.156,0.771,0.597,-0.221,-0.008
470,1776122762.52058,-1.8652848144996819,0.5252942357618529,0.05545334608797181,-0.14854699744559482,0.188,-0.181,0.156,0.771,0.597,-0.221,-0.008
471,1776122762.5319421,-1.8650340294996817,0.5255450207618528,0.05615423214585791,-0.14854699744559482,0.188,-0.181,0.156,0.771,0.597,-0.221,-0.008
472,1776122762.5436995,-1.8650340294996817,0.5255450207618528,0.05724916095225052,-0.14854699744559482,0.188,-0.181,0.156,0.771,0.597,-0.221,-0.008
473,1776122762.5547066,-1.8650340294996817,0.5255450207618528,0.05834408975864336,-0.14854699744559482,0.188,-0.181,0.156,0.771,0.597,-0.221,-0.008
474,1776122762.5658996,-1.8650340294996817,0.5255450207618528,0.06022710406204901,-0.14854699744559482,0.188,-0.181,0.156,0.771,0.597,-0.221,-0.008
475,1776122762.5768478,-1.8638817622403325,0.5234969069464065,0.061716075616948585,-0.14780554457338296,0.188,-0.181,0.156,0.771,0.597,-0.22,-0.008
476,1776122762.5873652,-1.8638817622403325,0.5234969069464065,0.06359908992035379,-0.14780554457338296,0.188,-0.181,0.156,0.771,0.597,-0.22,-0.008
477,1776122762.597632,-1.8638817622403325,0.5234969069464065,0.06548210422375944,-0.14780554457338296,0.188,-0.181,0.156,0.771,0.597,-0.22,-0.008
478,1776122762.607437,-1.8638817622403325,0.5234969069464065,0.0669710757786588,-0.14780554457338296,0.188,-0.181,0.156,0.771,0.597,-0.22,-0.008
479,1776122762.6165352,-1.8641325472403327,0.5232461219464065,0.06924813283057074,-0.14780554457338296,0.188,-0.181,0.156,0.771,0.597,-0.22,-0.008
480,1776122762.6246827,-1.8641325472403327,0.5232461219464065,0.06885409008206422,-0.14780554457338296,0.188,-0.181,0.156,0.771,0.597,-0.22,-0.008
481,1776122762.6323721,-1.8638817622403325,0.5234969069464065,0.06767196183654511,-0.14780554457338296,0.188,-0.181,0.156,0.771,0.597,-0.22,-0.008
482,1776122762.6419106,-1.8638817622403325,0.5234969069464065,0.06767196183654511,-0.14780554457338296,0.188,-0.181,0.156,0.771,0.597,-0.22,-0.008
483,1776122762.649441,-1.8674015276686171,0.5234756615759075,0.06905439514588818,-0.14802845178638366,0.188,-0.181,0.155,0.771,0.598,-0.22,-0.008
484,1776122762.6576447,-1.8674015276686171,0.5234756615759075,0.06866035239738166,-0.14802845178638366,0.188,-0.181,0.155,0.771,0.598,-0.22,-0.008
485,1776122762.6660502,-1.8675177041818878,0.5218879255081459,0.06787226690036885,-0.14881443915910672,0.188,-0.181,0.155,0.771,0.598,-0.22,-0.009
486,1776122762.6739783,-1.8675177041818878,0.5218879255081459,0.06826630964887537,-0.14881443915910672,0.188,-0.181,0.155,0.771,0.598,-0.22,-0.009
487,1776122762.6826198,-1.8675177041818878,0.5218879255081459,0.06826630964887537,-0.14881443915910672,0.188,-0.181,0.155,0.771,0.598,-0.22,-0.009
488,1776122762.6908557,-1.8675177041818878,0.5218879255081459,0.06826630964887537,-0.14881443915910672,0.188,-0.181,0.155,0.771,0.598,-0.22,-0.009
489,1776122762.6992168,-1.8675177041818878,0.5218879255081459,0.06905439514588818,-0.14881443915910672,0.188,-0.181,0.155,0.771,0.598,-0.22,-0.009
490,1776122762.7078147,-1.867644024181888,0.5218879255081459,0.06866035239738166,-0.14881443915910672,0.188,-0.182,0.155,0.771,0.598,-0.22,-0.009
491,1776122762.7156184,-1.8678948091818879,0.5216371405081459,0.06905439514588818,-0.14881443915910672,0.188,-0.182,0.155,0.771,0.598,-0.22,-0.009
492,1776122762.7239785,-1.8678948091818879,0.5216371405081459,0.06905439514588818,-0.14881443915910672,0.188,-0.182,0.155,0.771,0.598,-0.22,-0.009
493,1776122762.7328546,-1.867644024181888,0.5216371405081459,0.06905439514588818,-0.14881443915910672,0.188,-0.182,0.155,0.771,0.598,-0.22,-0.009
494,1776122762.7409978,-1.867644024181888,0.5216371405081459,0.06905439514588818,-0.14881443915910672,0.188,-0.182,0.155,0.771,0.598,-0.22,-0.009
495,1776122762.7495656,-1.8678948091818879,0.5216371405081459,0.06944843789439448,-0.14881443915910672,0.188,-0.182,0.155,0.771,0.598,-0.22,-0.009
496,1776122762.757194,-1.867644024181888,0.5218879255081459,0.06826630964887537,-0.14881443915910672,0.188,-0.182,0.155,0.771,0.598,-0.22,-0.009
497,1776122762.7658641,-1.867644024181888,0.5218879255081459,0.06866035239738166,-0.14881443915910672,0.188,-0.182,0.155,0.771,0.598,-0.22,-0.009
498,1776122762.7742715,-1.8667487670432883,0.5195911072600501,0.06905439514588818,-0.14807326883705638,0.188,-0.182,0.155,0.771,0.598,-0.219,-0.009
499,1776122762.782299,-1.866497982043288,0.5195911072600501,0.06905439514588818,-0.14807326883705638,0.188,-0.182,0.155,0.771,0.598,-0.219,-0.009
500,1776122762.79076,-1.866497982043288,0.5195911072600501,0.06905439514588818,-0.14807326883705638,0.188,-0.182,0.155,0.771,0.598,-0.219,-0.009
501,1776122762.799257,-1.866497982043288,0.5198418922600502,0.06826630964887537,-0.14807326883705638,0.188,-0.182,0.155,0.771,0.598,-0.219,-0.009
502,1776122762.80911,-1.866497982043288,0.5198418922600502,0.06826630964887537,-0.14807326883705638,0.188,-0.182,0.155,0.771,0.598,-0.219,-0.009
503,1776122762.8184712,-1.866497982043288,0.5198418922600502,0.06826630964887537,-0.14807326883705638,0.188,-0.182,0.155,0.771,0.598,-0.219,-0.009
504,1776122762.8261867,-1.866497982043288,0.5198418922600502,0.06866035239738166,-0.14807326883705638,0.188,-0.182,0.155,0.771,0.598,-0.219,-0.009
505,1776122762.8336546,-1.866497982043288,0.5198418922600502,0.06787226690036885,-0.14807326883705638,0.188,-0.182,0.155,0.771,0.598,-0.219,-0.009
506,1776122762.8408802,-1.866497982043288,0.5198418922600502,0.06866035239738166,-0.14807326883705638,0.188,-0.182,0.155,0.771,0.598,-0.219,-0.009
507,1776122762.8490772,-1.8666140262092554,0.5182557513969933,0.06866035239738166,-0.1488591017995841,0.188,-0.182,0.155,0.771,0.598,-0.219,-0.01
508,1776122762.8577788,-1.8666140262092554,0.5182557513969933,0.06905439514588818,-0.1488591017995841,0.188,-0.182,0.155,0.771,0.598,-0.219,-0.01
509,1776122762.8660522,-1.8666140262092554,0.5182557513969933,0.06905439514588818,-0.1488591017995841,0.188,-0.182,0.155,0.771,0.598,-0.219,-0.01
510,1776122762.874568,-1.8668648112092554,0.5180049663969933,0.06944843789439448,-0.1488591017995841,0.188,-0.182,0.155,0.771,0.598,-0.219,-0.01
511,1776122762.8830457,-1.8666140262092554,0.5182557513969933,0.06826630964887537,-0.1488591017995841,0.188,-0.182,0.155,0.771,0.598,-0.219,-0.01
512,1776122762.8924701,-1.8666140262092554,0.5182557513969933,0.06826630964887537,-0.1488591017995841,0.188,-0.182,0.155,0.771,0.598,-0.219,-0.01
513,1776122762.8995235,-1.8666140262092554,0.5182557513969933,0.06826630964887537,-0.1488591017995841,0.188,-0.182,0.155,0.771,0.598,-0.219,-0.01
514,1776122762.9074812,-1.8666140262092554,0.5182557513969933,0.06964874295821888,-0.1488591017995841,0.188,-0.182,0.154,0.771,0.598,-0.219,-0.01
515,1776122762.9164147,-1.8668648112092554,0.5180049663969933,0.07043682845523169,-0.1488591017995841,0.188,-0.182,0.154,0.771,0.598,-0.219,-0.01
516,1776122762.9266577,-1.8666140262092554,0.5182557513969933,0.06886065746120607,-0.1488591017995841,0.188,-0.182,0.154,0.771,0.598,-0.219,-0.01
517,1776122762.9360003,-1.8666140262092554,0.5180049663969933,0.06964874295821888,-0.1488591017995841,0.188,-0.182,0.154,0.771,0.598,-0.219,-0.01
518,1776122762.9474897,-1.8666140262092554,0.5182557513969933,0.06925470020971236,-0.1488591017995841,0.188,-0.182,0.154,0.771,0.598,-0.219,-0.01
519,1776122762.9574442,-1.8666140262092554,0.5182557513969933,0.06886065746120607,-0.1488591017995841,0.188,-0.182,0.154,0.771,0.598,-0.219,-0.01
520,1776122762.9676116,-1.8666140262092554,0.5182557513969933,0.06964874295821888,-0.1488591017995841,0.188,-0.182,0.154,0.771,0.598,-0.219,-0.01
521,1776122762.9780188,-1.8666140262092554,0.5182557513969933,0.06964874295821888,-0.1488591017995841,0.188,-0.182,0.154,0.771,0.598,-0.219,-0.01
522,1776122762.9860647,-1.8666140262092554,0.5182557513969933,0.06925470020971236,-0.1488591017995841,0.188,-0.182,0.154,0.771,0.598,-0.219,-0.01
523,1776122762.9926395,-1.8668648112092554,0.5180049663969933,0.07043682845523169,-0.1488591017995841,0.188,-0.182,0.154,0.771,0.598,-0.219,-0.01
524,1776122763.0004413,-1.8666140262092554,0.5182557513969933,0.06925470020971236,-0.1488591017995841,0.188,-0.182,0.154,0.771,0.598,-0.219,-0.01
525,1776122763.007988,-1.8666140262092554,0.5182557513969933,0.06886065746120607,-0.1488591017995841,0.188,-0.182,0.154,0.771,0.598,-0.219,-0.01
526,1776122763.015737,-1.8666140262092554,0.5182557513969933,0.06886065746120607,-0.1488591017995841,0.188,-0.182,0.154,0.771,0.598,-0.219,-0.01
527,1776122763.0242722,-1.86547352972716,0.5162117631737885,0.06964874295821888,-0.14811923422878154,0.188,-0.182,0.154,0.771,0.598,-0.218,-0.01
528,1776122763.0329792,-1.86547352972716,0.5162117631737885,0.06925470020971236,-0.14811923422878154,0.188,-0.182,0.154,0.771,0.598,-0.218,-0.01
529,1776122763.0423157,-1.86547352972716,0.5162117631737885,0.06925470020971236,-0.14811923422878154,0.188,-0.182,0.154,0.771,0.598,-0.218,-0.01
530,1776122763.0540814,-1.86547352972716,0.5162117631737885,0.06886065746120607,-0.14811923422878154,0.188,-0.182,0.154,0.771,0.598,-0.218,-0.01
531,1776122763.063603,-1.86547352972716,0.5162117631737885,0.06886065746120607,-0.14811923422878154,0.188,-0.182,0.154,0.771,0.598,-0.218,-0.01
532,1776122763.071351,-1.8674798097271603,0.5142054831737884,0.08028789716789331,-0.14811923422878154,0.188,-0.182,0.154,0.771,0.598,-0.218,-0.01
533,1776122763.0782435,-1.8663417904218995,0.513874844448798,0.07358917044328361,-0.1489049192779032,0.188,-0.182,0.154,0.771,0.598,-0.218,-0.011
534,1776122763.086082,-1.8655894354218991,0.5146271994487981,0.06886065746120607,-0.1489049192779032,0.188,-0.182,0.154,0.771,0.598,-0.218,-0.011
535,1776122763.0928502,-1.8658402204218993,0.514376414448798,0.07004278570672517,-0.1489049192779032,0.188,-0.182,0.154,0.771,0.598,-0.218,-0.011
536,1776122763.1008964,-1.8655894354218991,0.5146271994487981,0.06925470020971236,-0.1489049192779032,0.188,-0.182,0.154,0.771,0.598,-0.218,-0.011
537,1776122763.108087,-1.8691028778617673,0.5145980583659829,0.06964874295821888,-0.14912510405258872,0.188,-0.182,0.154,0.771,0.599,-0.218,-0.011
538,1776122763.1157646,-1.8691028778617673,0.5145980583659829,0.06886065746120607,-0.14912510405258872,0.188,-0.182,0.154,0.771,0.599,-0.218,-0.011
539,1776122763.1238244,-1.8691028778617673,0.5145980583659829,0.06925470020971236,-0.14912510405258872,0.188,-0.182,0.154,0.771,0.599,-0.218,-0.011
540,1776122763.132899,-1.8693536628617673,0.5143472733659828,0.07004278570672517,-0.14912510405258872,0.188,-0.182,0.154,0.771,0.599,-0.218,-0.011
541,1776122763.1407032,-1.8693536628617673,0.5143472733659828,0.07043682845523169,-0.14912510405258872,0.188,-0.182,0.154,0.771,0.599,-0.218,-0.011
542,1776122763.1493766,-1.8691028778617673,0.5145980583659829,0.06846661471269955,-0.14912510405258872,0.188,-0.182,0.154,0.771,0.599,-0.218,-0.011
543,1776122763.1582549,-1.8691028778617673,0.5145980583659829,0.06886065746120607,-0.14912510405258872,0.188,-0.182,0.154,0.771,0.599,-0.218,-0.011
544,1776122763.1658099,-1.8691028778617673,0.5145980583659829,0.06984904802204306,-0.14912510405258872,0.188,-0.182,0.153,0.771,0.599,-0.218,-0.011
545,1776122763.1749227,-1.8691028778617673,0.5145980583659829,0.07024309077054935,-0.14912510405258872,0.188,-0.182,0.153,0.771,0.599,-0.218,-0.011
546,1776122763.1824465,-1.8691028778617673,0.5145980583659829,0.06984904802204306,-0.14912510405258872,0.188,-0.182,0.153,0.771,0.599,-0.218,-0.011
547,1776122763.191736,-1.8691028778617673,0.5145980583659829,0.06945500527353654,-0.14912510405258872,0.188,-0.182,0.153,0.771,0.599,-0.218,-0.011
548,1776122763.1994827,-1.8691028778617673,0.5145980583659829,0.06945500527353654,-0.14912510405258872,0.188,-0.182,0.153,0.771,0.599,-0.218,-0.011
549,1776122763.2077467,-1.8691028778617673,0.5145980583659829,0.06945500527353654,-0.14912510405258872,0.188,-0.182,0.153,0.771,0.599,-0.218,-0.011
550,1776122763.2156045,-1.8691028778617673,0.5145980583659829,0.06945500527353654,-0.14912510405258872,0.188,-0.182,0.153,0.771,0.599,-0.218,-0.011
551,1776122763.2239814,-1.8691028778617673,0.5145980583659829,0.06945500527353654,-0.14912510405258872,0.188,-0.182,0.153,0.771,0.599,-0.218,-0.011
552,1776122763.2326314,-1.8695412149503716,0.5132682277501691,0.07378947550710757,-0.14911399523895721,0.188,-0.182,0.153,0.77,0.599,-0.218,-0.011
553,1776122763.2453258,-1.8695412149503716,0.5132682277501691,0.07378947550710757,-0.14911399523895721,0.188,-0.182,0.153,0.77,0.599,-0.218,-0.011
554,1776122763.2546701,-1.8687888599503715,0.514020582750169,0.07024309077054935,-0.14911399523895721,0.188,-0.182,0.153,0.77,0.599,-0.218,-0.011
555,1776122763.2620025,-1.8687888599503715,0.514020582750169,0.06984904802204306,-0.14911399523895721,0.188,-0.182,0.153,0.77,0.599,-0.218,-0.011
556,1776122763.2688527,-1.8687888599503715,0.514020582750169,0.06984904802204306,-0.14911399523895721,0.188,-0.182,0.153,0.77,0.599,-0.218,-0.011
557,1776122763.2768185,-1.8676532072550764,0.5119815995979258,0.06984904802204306,-0.1483744001889203,0.188,-0.182,0.153,0.77,0.599,-0.217,-0.011
558,1776122763.284075,-1.8676532072550764,0.5119815995979258,0.06945500527353654,-0.1483744001889203,0.188,-0.182,0.153,0.77,0.599,-0.217,-0.011
559,1776122763.2923658,-1.8679039922550766,0.5117308145979257,0.07103117626756239,-0.1483744001889203,0.188,-0.182,0.153,0.77,0.599,-0.217,-0.011
560,1776122763.300013,-1.8679039922550766,0.5117308145979257,0.07103117626756239,-0.1483744001889203,0.188,-0.182,0.153,0.77,0.599,-0.217,-0.011
561,1776122763.3076477,-1.8677675488477261,0.5103962068667992,0.06984904802204306,-0.1491587452557158,0.188,-0.182,0.153,0.77,0.599,-0.217,-0.012
562,1776122763.3159611,-1.8677675488477261,0.5103962068667992,0.06984904802204306,-0.1491587452557158,0.188,-0.182,0.153,0.77,0.599,-0.217,-0.012
563,1776122763.325147,-1.868018333847726,0.5101454218667992,0.07063713351905587,-0.1491587452557158,0.188,-0.182,0.153,0.77,0.599,-0.217,-0.012
564,1776122763.3327649,-1.8677675488477261,0.5103962068667992,0.06984904802204306,-0.1491587452557158,0.188,-0.182,0.153,0.77,0.599,-0.217,-0.012
565,1776122763.3412726,-1.8677675488477261,0.5102698868667992,0.06984904802204306,-0.1491587452557158,0.189,-0.182,0.153,0.77,0.599,-0.217,-0.012
566,1776122763.3490338,-1.8692722588477262,0.5087651768667992,0.07812394574067882,-0.1491587452557158,0.189,-0.182,0.153,0.77,0.599,-0.217,-0.012
567,1776122763.3576746,-1.871281652002849,0.5102381330005089,0.06984904802204306,-0.14937765239521547,0.189,-0.182,0.153,0.77,0.6,-0.217,-0.012
568,1776122763.366259,-1.871281652002849,0.5102381330005089,0.07024309077054935,-0.14937765239521547,0.189,-0.182,0.153,0.77,0.6,-0.217,-0.012
569,1776122763.3741965,-1.871281652002849,0.5102381330005089,0.06984904802204306,-0.14937765239521547,0.189,-0.182,0.153,0.77,0.6,-0.217,-0.012
570,1776122763.3837795,-1.871281652002849,0.5102381330005089,0.07024309077054935,-0.14937765239521547,0.189,-0.182,0.153,0.77,0.6,-0.217,-0.012
571,1776122763.391376,-1.871281652002849,0.5102381330005089,0.07024309077054935,-0.14937765239521547,0.189,-0.182,0.153,0.77,0.6,-0.217,-0.012
572,1776122763.3988798,-1.871281652002849,0.5102381330005089,0.06984904802204306,-0.14937765239521547,0.189,-0.182,0.153,0.77,0.6,-0.217,-0.012
573,1776122763.4074857,-1.8715324370028492,0.5099873480005089,0.07123148133138635,-0.14937765239521547,0.189,-0.182,0.152,0.77,0.6,-0.217,-0.012
574,1776122763.41576,-1.871281652002849,0.5102381330005089,0.07044339583437353,-0.14937765239521547,0.189,-0.182,0.152,0.77,0.6,-0.217,-0.012
575,1776122763.4239728,-1.871281652002849,0.5102381330005089,0.07004935308586724,-0.14937765239521547,0.189,-0.182,0.152,0.77,0.6,-0.217,-0.012
576,1776122763.4331925,-1.871281652002849,0.5102381330005089,0.07004935308586724,-0.14937765239521547,0.189,-0.182,0.152,0.77,0.6,-0.217,-0.012
577,1776122763.4416823,-1.871281652002849,0.5102381330005089,0.07044339583437353,-0.14937765239521547,0.189,-0.182,0.152,0.77,0.6,-0.217,-0.012
578,1776122763.449538,-1.871281652002849,0.5102381330005089,0.07044339583437353,-0.14937765239521547,0.189,-0.182,0.152,0.77,0.6,-0.217,-0.012
579,1776122763.4577417,-1.871281652002849,0.5102381330005089,0.07004935308586724,-0.14937765239521547,0.189,-0.182,0.152,0.77,0.6,-0.217,-0.012
580,1776122763.4659445,-1.871281652002849,0.5102381330005089,0.07004935308586724,-0.14937765239521547,0.189,-0.182,0.152,0.77,0.6,-0.217,-0.012
581,1776122763.4745924,-1.8715324370028492,0.5099873480005089,0.07123148133138635,-0.14937765239521547,0.189,-0.182,0.152,0.77,0.6,-0.217,-0.012
582,1776122763.4826124,-1.871281652002849,0.5102381330005089,0.07004935308586724,-0.14937765239521547,0.189,-0.182,0.152,0.77,0.6,-0.217,-0.012
583,1776122763.491158,-1.871281652002849,0.5102381330005089,0.07044339583437353,-0.14937765239521547,0.189,-0.182,0.152,0.77,0.6,-0.217,-0.012
584,1776122763.4988613,-1.871281652002849,0.5102381330005089,0.07004935308586724,-0.14937765239521547,0.189,-0.182,0.152,0.77,0.6,-0.217,-0.012
585,1776122763.5077703,-1.8701522014063832,0.5082011596042567,0.07044339583437353,-0.14863832534271948,0.189,-0.182,0.152,0.77,0.6,-0.216,-0.012
586,1776122763.5156157,-1.8701522014063832,0.5082011596042567,0.07044339583437353,-0.14863832534271948,0.189,-0.182,0.152,0.77,0.6,-0.216,-0.012
587,1776122763.5240269,-1.870264707221418,0.5066146777731116,0.07044339583437353,-0.14942234164195572,0.189,-0.182,0.152,0.77,0.6,-0.216,-0.013
588,1776122763.5328596,-1.870264707221418,0.5066146777731116,0.07004935308586724,-0.14942234164195572,0.189,-0.182,0.152,0.77,0.6,-0.216,-0.013
589,1776122763.5404716,-1.870515492221418,0.5063638927731116,0.07123148133138635,-0.14942234164195572,0.189,-0.182,0.152,0.77,0.6,-0.216,-0.013
590,1776122763.5493233,-1.870264707221418,0.5066146777731116,0.07044339583437353,-0.14942234164195572,0.189,-0.182,0.152,0.77,0.6,-0.216,-0.013
591,1776122763.5580668,-1.870264707221418,0.5066146777731116,0.07004935308586724,-0.14942234164195572,0.189,-0.182,0.152,0.77,0.6,-0.216,-0.013
592,1776122763.5665507,-1.870264707221418,0.5066146777731116,0.07044339583437353,-0.14942234164195572,0.189,-0.182,0.152,0.77,0.6,-0.216,-0.013
593,1776122763.5748458,-1.870264707221418,0.5066146777731116,0.07004935308586724,-0.14942234164195572,0.189,-0.182,0.152,0.77,0.6,-0.216,-0.013
594,1776122763.583203,-1.870264707221418,0.5066146777731116,0.07083743858288005,-0.14942234164195572,0.189,-0.182,0.152,0.77,0.6,-0.216,-0.013
595,1776122763.593922,-1.870515492221418,0.5063638927731116,0.07201956682839938,-0.14942234164195572,0.189,-0.182,0.152,0.77,0.6,-0.216,-0.013
596,1776122763.605115,-1.870264707221418,0.5066146777731116,0.07044339583437353,-0.14942234164195572,0.189,-0.182,0.152,0.77,0.6,-0.216,-0.013
597,1776122763.6167476,-1.870264707221418,0.5066146777731116,0.07004935308586724,-0.14942234164195572,0.189,-0.182,0.152,0.77,0.6,-0.216,-0.013
598,1776122763.6270783,-1.870264707221418,0.5066146777731116,0.07044339583437353,-0.14942234164195572,0.189,-0.182,0.152,0.77,0.6,-0.216,-0.013
599,1776122763.637331,-1.8703910272214181,0.5066146777731116,0.07044339583437353,-0.14942234164195572,0.189,-0.183,0.152,0.77,0.6,-0.216,-0.013
600,1776122763.6482284,-1.874653978080675,0.5058279564376776,0.07477786606794457,-0.14963997329448078,0.189,-0.183,0.152,0.77,0.601,-0.216,-0.013
601,1776122763.6584516,-1.873901623080675,0.5065803114376776,0.07044339583437353,-0.14963997329448078,0.189,-0.183,0.152,0.77,0.601,-0.216,-0.013
602,1776122763.6682441,-1.873901623080675,0.5065803114376776,0.07044339583437353,-0.14963997329448078,0.189,-0.183,0.152,0.77,0.601,-0.216,-0.013
603,1776122763.678811,-1.8741524080806748,0.5063295264376776,0.07201956682839938,-0.14963997329448078,0.189,-0.183,0.152,0.77,0.601,-0.216,-0.013
604,1776122763.6886008,-1.8749047630806752,0.5055771714376776,0.0765543421257946,-0.14963997329448078,0.189,-0.183,0.151,0.77,0.601,-0.216,-0.013
605,1776122763.6993287,-1.873901623080675,0.5065803114376776,0.07143178639521075,-0.14963997329448078,0.189,-0.183,0.151,0.77,0.601,-0.216,-0.013
606,1776122763.7095463,-1.874653978080675,0.5058279564376776,0.07576625662878178,-0.14963997329448078,0.189,-0.183,0.151,0.77,0.601,-0.216,-0.013
607,1776122763.719996,-1.873901623080675,0.5065803114376776,0.07103774364670423,-0.14963997329448078,0.189,-0.183,0.151,0.77,0.601,-0.216,-0.013
608,1776122763.7302928,-1.873901623080675,0.5065803114376776,0.07064370089819771,-0.14963997329448078,0.189,-0.183,0.151,0.77,0.601,-0.216,-0.013
609,1776122763.7410555,-1.873901623080675,0.5063295264376776,0.07143178639521075,-0.14963997329448078,0.189,-0.183,0.151,0.77,0.601,-0.216,-0.013
610,1776122763.751528,-1.8730291552728986,0.5042945424774035,0.07261391464072986,-0.14890091032130112,0.189,-0.183,0.151,0.77,0.601,-0.215,-0.013
611,1776122763.7620149,-1.8728890562143652,0.502957745922274,0.07103774364670423,-0.14968460809072817,0.189,-0.183,0.151,0.77,0.601,-0.215,-0.014
612,1776122763.7725072,-1.873139841214365,0.5027069609222741,0.07182582914371682,-0.14968460809072817,0.189,-0.183,0.151,0.77,0.601,-0.215,-0.014
613,1776122763.7824495,-1.873139841214365,0.5027069609222741,0.07182582914371682,-0.14968460809072817,0.189,-0.183,0.151,0.77,0.601,-0.215,-0.014
614,1776122763.792758,-1.8728890562143652,0.502957745922274,0.07103774364670423,-0.14968460809072817,0.189,-0.183,0.151,0.77,0.601,-0.215,-0.014
615,1776122763.8016102,-1.872830188429281,0.5021391858415911,0.07261391464072986,-0.1496705174447482,0.189,-0.183,0.151,0.769,0.601,-0.215,-0.014
616,1776122763.809083,-1.8725794034292813,0.5023899708415911,0.07064370089819771,-0.1496705174447482,0.189,-0.183,0.151,0.769,0.601,-0.215,-0.014
617,1776122763.8177466,-1.872830188429281,0.5021391858415911,0.07182582914371682,-0.1496705174447482,0.189,-0.183,0.151,0.769,0.601,-0.215,-0.014
618,1776122763.824588,-1.872830188429281,0.5021391858415911,0.07182582914371682,-0.1496705174447482,0.189,-0.183,0.151,0.769,0.601,-0.215,-0.014
619,1776122763.8323138,-1.8725794034292813,0.5023899708415911,0.07103774364670423,-0.1496705174447482,0.189,-0.183,0.151,0.769,0.601,-0.215,-0.014
620,1776122763.841866,-1.8725794034292813,0.5023899708415911,0.07103774364670423,-0.1496705174447482,0.189,-0.183,0.151,0.769,0.601,-0.215,-0.014
621,1776122763.8493202,-1.8725794034292813,0.5023899708415911,0.07143178639521075,-0.1496705174447482,0.189,-0.183,0.151,0.769,0.601,-0.215,-0.014
622,1776122763.8576276,-1.8725794034292813,0.5023899708415911,0.07103774364670423,-0.1496705174447482,0.189,-0.183,0.151,0.769,0.601,-0.215,-0.014
623,1776122763.8662925,-1.8725794034292813,0.5023899708415911,0.07064370089819771,-0.1496705174447482,0.189,-0.183,0.151,0.769,0.601,-0.215,-0.014
624,1776122763.874161,-1.8725794034292813,0.5023899708415911,0.07103774364670423,-0.1496705174447482,0.189,-0.183,0.151,0.769,0.601,-0.215,-0.014
625,1776122763.882337,-1.8760906871284113,0.5023530023898806,0.07064370089819771,-0.14988688247787144,0.189,-0.183,0.151,0.769,0.602,-0.215,-0.014
626,1776122763.890711,-1.8760906871284113,0.5023530023898806,0.07202613420754145,-0.14988688247787144,0.189,-0.183,0.15,0.769,0.602,-0.215,-0.014
627,1776122763.8993292,-1.8760906871284113,0.5023530023898806,0.07202613420754145,-0.14988688247787144,0.189,-0.183,0.15,0.769,0.602,-0.215,-0.014
628,1776122763.9087875,-1.8760906871284113,0.5023530023898806,0.07163209145903493,-0.14988688247787144,0.189,-0.183,0.15,0.769,0.602,-0.215,-0.014
629,1776122763.9189255,-1.8760906871284113,0.5023530023898806,0.07163209145903493,-0.14988688247787144,0.189,-0.183,0.15,0.769,0.602,-0.215,-0.014
630,1776122763.9294012,-1.8760906871284113,0.5023530023898806,0.07123804871052841,-0.14988688247787144,0.189,-0.183,0.15,0.769,0.602,-0.215,-0.014
631,1776122763.9393468,-1.8760906871284113,0.5023530023898806,0.07163209145903493,-0.14988688247787144,0.189,-0.183,0.15,0.769,0.602,-0.215,-0.014
632,1776122763.9497094,-1.8760906871284113,0.5023530023898806,0.07123804871052841,-0.14988688247787144,0.189,-0.183,0.15,0.769,0.602,-0.215,-0.014
633,1776122763.9600382,-1.8764506540440424,0.5005129142605776,0.07242017695604752,-0.15066935141917798,0.189,-0.183,0.15,0.769,0.602,-0.215,-0.015
634,1776122763.966424,-1.8761998690440427,0.5007636992605776,0.07163209145903493,-0.15066935141917798,0.189,-0.183,0.15,0.769,0.602,-0.215,-0.015
635,1776122763.9747968,-1.8750814355403174,0.49873447341781263,0.07163209145903493,-0.14993047699179715,0.189,-0.183,0.15,0.769,0.602,-0.214,-0.015
636,1776122763.9825222,-1.8750814355403174,0.49873447341781263,0.0708440059620219,-0.14993047699179715,0.189,-0.183,0.15,0.769,0.602,-0.214,-0.015
637,1776122763.9909828,-1.8750814355403174,0.49873447341781263,0.07163209145903493,-0.14993047699179715,0.189,-0.183,0.15,0.769,0.602,-0.214,-0.015
638,1776122763.9989471,-1.8753322205403171,0.49848368841781265,0.07281421970455426,-0.14993047699179715,0.189,-0.183,0.15,0.769,0.602,-0.214,-0.015
639,1776122764.0078883,-1.8753322205403171,0.49848368841781265,0.07281421970455426,-0.14993047699179715,0.189,-0.183,0.15,0.769,0.602,-0.214,-0.015
640,1776122764.0162897,-1.8750814355403174,0.49873447341781263,0.07163209145903493,-0.14993047699179715,0.189,-0.183,0.15,0.769,0.602,-0.214,-0.015
641,1776122764.024161,-1.875583005540317,0.4982329034178127,0.07399634795007382,-0.14993047699179715,0.189,-0.183,0.15,0.769,0.602,-0.214,-0.015
642,1776122764.0325556,-1.8750814355403174,0.49873447341781263,0.07163209145903493,-0.14993047699179715,0.189,-0.183,0.15,0.769,0.602,-0.214,-0.015
643,1776122764.0413105,-1.8753322205403171,0.49848368841781265,0.07281421970455426,-0.14993047699179715,0.189,-0.183,0.15,0.769,0.602,-0.214,-0.015
644,1776122764.049041,-1.8753322205403171,0.49848368841781265,0.07281421970455426,-0.14993047699179715,0.189,-0.183,0.15,0.769,0.602,-0.214,-0.015
645,1776122764.058126,-1.8750814355403174,0.49873447341781263,0.07123804871052841,-0.14993047699179715,0.189,-0.183,0.15,0.769,0.602,-0.214,-0.015
646,1776122764.0662107,-1.8750814355403174,0.49873447341781263,0.07163209145903493,-0.14993047699179715,0.189,-0.183,0.15,0.769,0.602,-0.214,-0.015
647,1776122764.0743036,-1.8750814355403174,0.49873447341781263,0.07123804871052841,-0.14993047699179715,0.189,-0.183,0.15,0.769,0.602,-0.214,-0.015
648,1776122764.0827096,-1.8753322205403171,0.49848368841781265,0.07281421970455426,-0.14993047699179715,0.189,-0.183,0.15,0.769,0.602,-0.214,-0.015
649,1776122764.091688,-1.8750814355403174,0.49873447341781263,0.07123804871052841,-0.14993047699179715,0.189,-0.183,0.15,0.769,0.602,-0.214,-0.015
650,1776122764.1001842,-1.8750814355403174,0.49873447341781263,0.07163209145903493,-0.14993047699179715,0.189,-0.183,0.15,0.769,0.602,-0.214,-0.015
651,1776122764.1076117,-1.8750814355403174,0.49873447341781263,0.07163209145903493,-0.14993047699179715,0.189,-0.183,0.15,0.769,0.602,-0.214,-0.015
652,1776122764.1157305,-1.8750814355403174,0.49873447341781263,0.07202613420754145,-0.14993047699179715,0.189,-0.183,0.15,0.769,0.602,-0.214,-0.015
653,1776122764.124452,-1.8758337905403173,0.49798211841781265,0.07557251894409944,-0.14993047699179715,0.189,-0.183,0.15,0.769,0.602,-0.214,-0.015
654,1776122764.132474,-1.8788400124564755,0.4984441173467443,0.07301452476837822,-0.1501455769369873,0.189,-0.183,0.149,0.769,0.603,-0.214,-0.015
655,1776122764.1413069,-1.8785892274564757,0.4986949023467443,0.07143835377435237,-0.1501455769369873,0.189,-0.183,0.149,0.769,0.603,-0.214,-0.015
656,1776122764.1493225,-1.8785892274564757,0.4986949023467443,0.0722264392713654,-0.1501455769369873,0.189,-0.183,0.149,0.769,0.603,-0.214,-0.015
657,1776122764.1580203,-1.8785892274564757,0.4986949023467443,0.0722264392713654,-0.1501455769369873,0.189,-0.183,0.149,0.769,0.603,-0.214,-0.015
658,1776122764.1658556,-1.8786966155765803,0.49710448325856066,0.07183239652285889,-0.15092774773213058,0.189,-0.183,0.149,0.769,0.603,-0.214,-0.016
659,1776122764.1741517,-1.8786966155765803,0.49710448325856066,0.07262048201987192,-0.15092774773213058,0.189,-0.183,0.149,0.769,0.603,-0.214,-0.016
660,1776122764.1830988,-1.8786966155765803,0.49710448325856066,0.07183239652285889,-0.15092774773213058,0.189,-0.183,0.149,0.769,0.603,-0.214,-0.016
661,1776122764.1906927,-1.8775843777399457,0.49507719046823057,0.07183239652285889,-0.15018913142082882,0.189,-0.183,0.149,0.769,0.603,-0.213,-0.016
662,1776122764.1990325,-1.8775843777399457,0.49507719046823057,0.07183239652285889,-0.15018913142082882,0.189,-0.183,0.149,0.769,0.603,-0.213,-0.016
663,1776122764.2078624,-1.8775843777399457,0.49507719046823057,0.07183239652285889,-0.15018913142082882,0.189,-0.183,0.149,0.769,0.603,-0.213,-0.016
664,1776122764.216485,-1.8778351627399454,0.49482640546823053,0.07301452476837822,-0.15018913142082882,0.189,-0.183,0.149,0.769,0.603,-0.213,-0.016
665,1776122764.2245855,-1.8778351627399454,0.49482640546823053,0.07301452476837822,-0.15018913142082882,0.189,-0.183,0.149,0.769,0.603,-0.213,-0.016
666,1776122764.2325065,-1.8775843777399457,0.4949508704682306,0.07183239652285889,-0.15018913142082882,0.19,-0.183,0.149,0.769,0.603,-0.213,-0.016
667,1776122764.240824,-1.8778351627399454,0.4947000854682305,0.07301452476837822,-0.15018913142082882,0.19,-0.183,0.149,0.769,0.603,-0.213,-0.016
668,1776122764.2495039,-1.8775843777399457,0.4949508704682306,0.0722264392713654,-0.15018913142082882,0.19,-0.183,0.149,0.769,0.603,-0.213,-0.016
669,1776122764.2578754,-1.8775843777399457,0.4949508704682306,0.07262048201987192,-0.15018913142082882,0.19,-0.183,0.149,0.769,0.603,-0.213,-0.016
670,1776122764.2660015,-1.8775843777399457,0.4949508704682306,0.07262048201987192,-0.15018913142082882,0.19,-0.183,0.149,0.769,0.603,-0.213,-0.016
671,1776122764.2741394,-1.8775843777399457,0.4949508704682306,0.07262048201987192,-0.15018913142082882,0.19,-0.183,0.149,0.769,0.603,-0.213,-0.016
672,1776122764.2828255,-1.8775843777399457,0.4949508704682306,0.07183239652285889,-0.15018913142082882,0.19,-0.183,0.149,0.769,0.603,-0.213,-0.016
673,1776122764.2917936,-1.8778351627399454,0.4947000854682305,0.07301452476837822,-0.15018913142082882,0.19,-0.183,0.149,0.769,0.603,-0.213,-0.016
674,1776122764.3004436,-1.8778351627399454,0.4947000854682305,0.07301452476837822,-0.15018913142082882,0.19,-0.183,0.149,0.769,0.603,-0.213,-0.016
675,1776122764.3085973,-1.8772801978305191,0.4943895327413237,0.07262048201987192,-0.15017306604422093,0.19,-0.183,0.149,0.768,0.603,-0.213,-0.016
676,1776122764.3170958,-1.8772801978305191,0.4943895327413237,0.07183239652285889,-0.15017306604422093,0.19,-0.183,0.149,0.768,0.603,-0.213,-0.016
677,1776122764.3261862,-1.877530982830519,0.49413874774132366,0.07380261026539126,-0.15017306604422093,0.19,-0.183,0.149,0.768,0.603,-0.213,-0.016
678,1776122764.3375466,-1.8772801978305191,0.4943895327413237,0.07301452476837822,-0.15017306604422093,0.19,-0.183,0.149,0.768,0.603,-0.213,-0.016
679,1776122764.3497908,-1.8772801978305191,0.4943895327413237,0.07183239652285889,-0.15017306604422093,0.19,-0.183,0.149,0.768,0.603,-0.213,-0.016
680,1776122764.3606215,-1.8772801978305191,0.4943895327413237,0.07262048201987192,-0.15017306604422093,0.19,-0.183,0.149,0.768,0.603,-0.213,-0.016
681,1776122764.371183,-1.8772801978305191,0.4943895327413237,0.07183239652285889,-0.15017306604422093,0.19,-0.183,0.149,0.768,0.603,-0.213,-0.016
682,1776122764.3817961,-1.8772801978305191,0.4943895327413237,0.07143835377435237,-0.15017306604422093,0.19,-0.183,0.149,0.768,0.603,-0.213,-0.016
683,1776122764.3934066,-1.877530982830519,0.49413874774132366,0.07340856751688474,-0.15017306604422093,0.19,-0.183,0.149,0.768,0.603,-0.213,-0.016
684,1776122764.4035354,-1.8811453620655199,0.4925052692843936,0.07340856751688474,-0.1511678043950426,0.19,-0.183,0.149,0.768,0.604,-0.213,-0.017
685,1776122764.4101083,-1.8808945770655199,0.49275605428439356,0.07242674433518959,-0.1511678043950426,0.19,-0.183,0.148,0.768,0.604,-0.213,-0.017
686,1776122764.417292,-1.8808945770655199,0.49275605428439356,0.07282078708369588,-0.1511678043950426,0.19,-0.183,0.148,0.768,0.604,-0.213,-0.017
687,1776122764.4242537,-1.8808945770655199,0.49275605428439356,0.07321482983220262,-0.1511678043950426,0.19,-0.183,0.148,0.768,0.604,-0.213,-0.017
688,1776122764.4328117,-1.879787192923767,0.49073359865825106,0.07282078708369588,-0.15042944250123372,0.19,-0.183,0.148,0.768,0.604,-0.212,-0.017
689,1776122764.4408004,-1.879787192923767,0.49073359865825106,0.07282078708369588,-0.15042944250123372,0.19,-0.183,0.148,0.768,0.604,-0.212,-0.017
690,1776122764.4489155,-1.879787192923767,0.49073359865825106,0.07242674433518959,-0.15042944250123372,0.19,-0.183,0.148,0.768,0.604,-0.212,-0.017
691,1776122764.458082,-1.879787192923767,0.49073359865825106,0.07242674433518959,-0.15042944250123372,0.19,-0.183,0.148,0.768,0.604,-0.212,-0.017
692,1776122764.4658823,-1.879787192923767,0.49073359865825106,0.07321482983220262,-0.15042944250123372,0.19,-0.183,0.148,0.768,0.604,-0.212,-0.017
693,1776122764.4739504,-1.879787192923767,0.49073359865825106,0.07321482983220262,-0.15042944250123372,0.19,-0.183,0.148,0.768,0.604,-0.212,-0.017
694,1776122764.4824386,-1.879787192923767,0.49073359865825106,0.07242674433518959,-0.15042944250123372,0.19,-0.183,0.148,0.768,0.604,-0.212,-0.017
695,1776122764.4913454,-1.879787192923767,0.49073359865825106,0.07321482983220262,-0.15042944250123372,0.19,-0.183,0.148,0.768,0.604,-0.212,-0.017
696,1776122764.4995482,-1.879787192923767,0.49073359865825106,0.07242674433518959,-0.15042944250123372,0.19,-0.183,0.148,0.768,0.604,-0.212,-0.017
697,1776122764.5073166,-1.8800379779237668,0.490482813658251,0.07439695807772173,-0.15042944250123372,0.19,-0.183,0.148,0.768,0.604,-0.212,-0.017
698,1776122764.5160477,-1.879913512923767,0.49073359865825106,0.07242674433518959,-0.15042944250123372,0.19,-0.184,0.148,0.768,0.604,-0.212,-0.017
699,1776122764.5246804,-1.879913512923767,0.49073359865825106,0.07321482983220262,-0.15042944250123372,0.19,-0.184,0.148,0.768,0.604,-0.212,-0.017
700,1776122764.5325563,-1.879913512923767,0.49073359865825106,0.07242674433518959,-0.15042944250123372,0.19,-0.184,0.148,0.768,0.604,-0.212,-0.017
701,1776122764.5410542,-1.879913512923767,0.49073359865825106,0.07282078708369588,-0.15042944250123372,0.19,-0.184,0.148,0.768,0.604,-0.212,-0.017
702,1776122764.5489974,-1.879913512923767,0.49073359865825106,0.07242674433518959,-0.15042944250123372,0.19,-0.184,0.148,0.768,0.604,-0.212,-0.017
703,1776122764.557815,-1.879913512923767,0.49073359865825106,0.07321482983220262,-0.15042944250123372,0.19,-0.184,0.148,0.768,0.604,-0.212,-0.017
704,1776122764.5671482,-1.879913512923767,0.49073359865825106,0.07242674433518959,-0.15042944250123372,0.19,-0.184,0.148,0.768,0.604,-0.212,-0.017
705,1776122764.5760417,-1.879913512923767,0.49073359865825106,0.07321482983220262,-0.15042944250123372,0.19,-0.184,0.148,0.768,0.604,-0.212,-0.017
706,1776122764.5842583,-1.879913512923767,0.49073359865825106,0.07242674433518959,-0.15042944250123372,0.19,-0.184,0.148,0.768,0.604,-0.212,-0.017
707,1776122764.5931625,-1.879913512923767,0.49073359865825106,0.07282078708369588,-0.15042944250123372,0.19,-0.184,0.148,0.768,0.604,-0.212,-0.017
708,1776122764.6010025,-1.879913512923767,0.49073359865825106,0.07282078708369588,-0.15042944250123372,0.19,-0.184,0.148,0.768,0.604,-0.212,-0.017
709,1776122764.6095212,-1.879913512923767,0.49073359865825106,0.0736088725807087,-0.15042944250123372,0.19,-0.184,0.148,0.768,0.604,-0.212,-0.017
710,1776122764.6160486,-1.880164297923767,0.490482813658251,0.07479100082622825,-0.15042944250123372,0.19,-0.184,0.148,0.768,0.604,-0.212,-0.017
711,1776122764.6269736,-1.8800192668519005,0.4891437558712575,0.07321482983220262,-0.15121025095022286,0.19,-0.184,0.148,0.768,0.604,-0.212,-0.018
712,1776122764.6372335,-1.8800192668519005,0.4891437558712575,0.07282078708369588,-0.15121025095022286,0.19,-0.184,0.148,0.768,0.604,-0.212,-0.018
713,1776122764.6461887,-1.8800192668519005,0.4891437558712575,0.07242674433518959,-0.15121025095022286,0.19,-0.184,0.148,0.768,0.604,-0.212,-0.018
714,1776122764.6520097,-1.8800192668519005,0.4891437558712575,0.07321482983220262,-0.15121025095022286,0.19,-0.184,0.148,0.768,0.604,-0.212,-0.018
715,1776122764.6600513,-1.8800192668519005,0.4891437558712575,0.07302109214752006,-0.15121025095022286,0.19,-0.184,0.147,0.768,0.604,-0.212,-0.018
716,1776122764.666819,-1.8800192668519005,0.4891437558712575,0.07302109214752006,-0.15121025095022286,0.19,-0.184,0.147,0.768,0.604,-0.212,-0.018
717,1776122764.6744952,-1.8824214566561863,0.4870758166293909,0.07302109214752006,-0.1506845380549128,0.19,-0.184,0.147,0.768,0.605,-0.211,-0.018
718,1776122764.6828804,-1.8824214566561863,0.4870758166293909,0.07341513489602658,-0.1506845380549128,0.19,-0.184,0.147,0.768,0.605,-0.211,-0.018
719,1776122764.6907275,-1.8824214566561863,0.4870758166293909,0.07302109214752006,-0.1506845380549128,0.19,-0.184,0.147,0.768,0.605,-0.211,-0.018
720,1776122764.6996193,-1.8826722416561865,0.48682503162939084,0.07459726314154591,-0.1506845380549128,0.19,-0.184,0.147,0.768,0.605,-0.211,-0.018
721,1776122764.7074134,-1.8824214566561863,0.4870758166293909,0.07302109214752006,-0.1506845380549128,0.19,-0.184,0.147,0.768,0.605,-0.211,-0.018
722,1776122764.7158372,-1.8824214566561863,0.4870758166293909,0.07302109214752006,-0.1506845380549128,0.19,-0.184,0.147,0.768,0.605,-0.211,-0.018
723,1776122764.7244854,-1.8824214566561863,0.4870758166293909,0.07302109214752006,-0.1506845380549128,0.19,-0.184,0.147,0.768,0.605,-0.211,-0.018
724,1776122764.7323308,-1.8824214566561863,0.4870758166293909,0.07302109214752006,-0.1506845380549128,0.19,-0.184,0.147,0.768,0.605,-0.211,-0.018
725,1776122764.7410424,-1.8824214566561863,0.4870758166293909,0.07341513489602658,-0.1506845380549128,0.19,-0.184,0.147,0.768,0.605,-0.211,-0.018
726,1776122764.7489522,-1.8824214566561863,0.4870758166293909,0.07420322039303962,-0.1506845380549128,0.19,-0.184,0.147,0.768,0.605,-0.211,-0.018
727,1776122764.7582812,-1.8824214566561863,0.4870758166293909,0.07302109214752006,-0.1506845380549128,0.19,-0.184,0.147,0.768,0.605,-0.211,-0.018
728,1776122764.7657487,-1.8824214566561863,0.4870758166293909,0.07341513489602658,-0.1506845380549128,0.19,-0.184,0.147,0.768,0.605,-0.211,-0.018
729,1776122764.773923,-1.8831738116561862,0.4863234616293909,0.07735556238109109,-0.1506845380549128,0.19,-0.184,0.147,0.768,0.605,-0.211,-0.018
730,1776122764.782227,-1.8824214566561863,0.4870758166293909,0.07341513489602658,-0.1506845380549128,0.19,-0.184,0.147,0.768,0.605,-0.211,-0.018
731,1776122764.7914178,-1.8824214566561863,0.4870758166293909,0.07341513489602658,-0.1506845380549128,0.19,-0.184,0.147,0.768,0.605,-0.211,-0.018
732,1776122764.8009083,-1.8824214566561863,0.4870758166293909,0.07341513489602658,-0.1506845380549128,0.19,-0.184,0.147,0.768,0.605,-0.211,-0.018
733,1776122764.8114257,-1.8824214566561863,0.4870758166293909,0.07341513489602658,-0.1506845380549128,0.19,-0.184,0.147,0.768,0.605,-0.211,-0.018
734,1776122764.822261,-1.8824214566561863,0.4870758166293909,0.07302109214752006,-0.1506845380549128,0.19,-0.184,0.147,0.768,0.605,-0.211,-0.018
735,1776122764.8328078,-1.8834245966561864,0.48607267662939085,0.07932577612362346,-0.1506845380549128,0.19,-0.184,0.147,0.768,0.605,-0.211,-0.018
736,1776122764.8432205,-1.8821227835819323,0.4865208672215541,0.07262704939901354,-0.15066650654696215,0.19,-0.184,0.147,0.767,0.605,-0.211,-0.018
737,1776122764.8530025,-1.8821227835819323,0.4865208672215541,0.07302109214752006,-0.15066650654696215,0.19,-0.184,0.147,0.767,0.605,-0.211,-0.018
738,1776122764.8636599,-1.8821227835819323,0.4865208672215541,0.07420322039303962,-0.15066650654696215,0.19,-0.184,0.147,0.767,0.605,-0.211,-0.018
739,1776122764.8743079,-1.8822270334987854,0.4849300923501419,0.07262704939901354,-0.15144606234942876,0.19,-0.184,0.147,0.767,0.605,-0.211,-0.019
740,1776122764.8849814,-1.8822270334987854,0.4849300923501419,0.07341513489602658,-0.15144606234942876,0.19,-0.184,0.147,0.767,0.605,-0.211,-0.019
741,1776122764.895822,-1.8822270334987854,0.4849300923501419,0.07341513489602658,-0.15144606234942876,0.19,-0.184,0.147,0.767,0.605,-0.211,-0.019
742,1776122764.9066358,-1.8822270334987854,0.4849300923501419,0.07341513489602658,-0.15144606234942876,0.19,-0.184,0.147,0.767,0.605,-0.211,-0.019
743,1776122764.9215918,-1.8811299285675511,0.48291427199573134,0.07361543995985076,-0.15070919832762203,0.19,-0.184,0.146,0.767,0.605,-0.21,-0.019
744,1776122764.9330928,-1.8811299285675511,0.48291427199573134,0.07440352545686357,-0.15070919832762203,0.19,-0.184,0.146,0.767,0.605,-0.21,-0.019
745,1776122764.943616,-1.884634829295777,0.4828643493398788,0.07479756820537009,-0.15091935231151005,0.19,-0.184,0.146,0.767,0.606,-0.21,-0.019
746,1776122764.9543788,-1.884634829295777,0.4828643493398788,0.07400948270835706,-0.15091935231151005,0.19,-0.184,0.146,0.767,0.606,-0.21,-0.019
747,1776122764.9648588,-1.884634829295777,0.4828643493398788,0.07361543995985076,-0.15091935231151005,0.19,-0.184,0.146,0.767,0.606,-0.21,-0.019
748,1776122764.975158,-1.884634829295777,0.4828643493398788,0.07400948270835706,-0.15091935231151005,0.19,-0.184,0.146,0.767,0.606,-0.21,-0.019
749,1776122764.985664,-1.884634829295777,0.4828643493398788,0.07440352545686357,-0.15091935231151005,0.19,-0.184,0.146,0.767,0.606,-0.21,-0.019
750,1776122764.9958513,-1.884634829295777,0.4828643493398788,0.07400948270835706,-0.15091935231151005,0.19,-0.184,0.146,0.767,0.606,-0.21,-0.019
751,1776122765.005868,-1.884885614295777,0.48261356433987884,0.07479756820537009,-0.15091935231151005,0.19,-0.184,0.146,0.767,0.606,-0.21,-0.019
752,1776122765.0165536,-1.884634829295777,0.4828643493398788,0.07361543995985076,-0.15091935231151005,0.19,-0.184,0.146,0.767,0.606,-0.21,-0.019
753,1776122765.0269659,-1.884885614295777,0.48261356433987884,0.0755856537023829,-0.15091935231151005,0.19,-0.184,0.146,0.767,0.606,-0.21,-0.019
754,1776122765.0375752,-1.884634829295777,0.4828643493398788,0.07440352545686357,-0.15091935231151005,0.19,-0.184,0.146,0.767,0.606,-0.21,-0.019
755,1776122765.0480971,-1.884634829295777,0.4828643493398788,0.07440352545686357,-0.15091935231151005,0.19,-0.184,0.146,0.767,0.606,-0.21,-0.019
756,1776122765.0581038,-1.884885614295777,0.48261356433987884,0.07479756820537009,-0.15091935231151005,0.19,-0.184,0.146,0.767,0.606,-0.21,-0.019
757,1776122765.0692508,-1.8849881118659142,0.4810216207289972,0.07519161095387639,-0.15169865213781228,0.19,-0.184,0.146,0.767,0.606,-0.21,-0.02
758,1776122765.079862,-1.884737326865914,0.4812724057289972,0.07440352545686357,-0.15169865213781228,0.19,-0.184,0.146,0.767,0.606,-0.21,-0.02
759,1776122765.0904677,-1.884737326865914,0.4812724057289972,0.07440352545686357,-0.15169865213781228,0.19,-0.184,0.146,0.767,0.606,-0.21,-0.02
760,1776122765.1013799,-1.8849881118659142,0.48077083572899726,0.07597969645088942,-0.15169865213781228,0.19,-0.184,0.146,0.767,0.606,-0.21,-0.02
761,1776122765.111236,-1.884737326865914,0.4812724057289972,0.07400948270835706,-0.15169865213781228,0.19,-0.184,0.146,0.767,0.606,-0.21,-0.02
762,1776122765.1216998,-1.8849881118659142,0.4810216207289972,0.07597969645088942,-0.15169865213781228,0.19,-0.184,0.146,0.767,0.606,-0.21,-0.02
763,1776122765.1324542,-1.8836463984801681,0.4792584237855974,0.07440352545686357,-0.15096202751300278,0.19,-0.184,0.146,0.767,0.606,-0.209,-0.02
764,1776122765.143199,-1.883897183480168,0.47900763878559743,0.07618000151471338,-0.15096202751300278,0.19,-0.184,0.145,0.767,0.606,-0.209,-0.02
765,1776122765.1531625,-1.8836463984801681,0.4792584237855974,0.07499787326919405,-0.15096202751300278,0.19,-0.184,0.145,0.767,0.606,-0.209,-0.02
766,1776122765.163903,-1.8836463984801681,0.4792584237855974,0.07499787326919405,-0.15096202751300278,0.19,-0.184,0.145,0.767,0.606,-0.209,-0.02
767,1776122765.1743312,-1.8836463984801681,0.4791321037855974,0.07499787326919405,-0.15096202751300278,0.191,-0.184,0.145,0.767,0.606,-0.209,-0.02
768,1776122765.1847029,-1.8836463984801681,0.4791321037855974,0.07499787326919405,-0.15096202751300278,0.191,-0.184,0.145,0.767,0.606,-0.209,-0.02
769,1776122765.1949832,-1.8836463984801681,0.4791321037855974,0.07460383052068753,-0.15096202751300278,0.191,-0.184,0.145,0.767,0.606,-0.209,-0.02
770,1776122765.2051687,-1.8836463984801681,0.4791321037855974,0.07420978777218101,-0.15096202751300278,0.191,-0.184,0.145,0.767,0.606,-0.209,-0.02
771,1776122765.215887,-1.8873986462874661,0.47882881641315683,0.07578595876620686,-0.15117094079802346,0.191,-0.184,0.145,0.767,0.607,-0.209,-0.02
772,1776122765.225943,-1.8871478612874661,0.47907960141315686,0.07420978777218101,-0.15117094079802346,0.191,-0.184,0.145,0.767,0.607,-0.209,-0.02
773,1776122765.2337236,-1.8871478612874661,0.47907960141315686,0.07460383052068753,-0.15117094079802346,0.191,-0.184,0.145,0.767,0.607,-0.209,-0.02
774,1776122765.2410629,-1.8871478612874661,0.47907960141315686,0.07460383052068753,-0.15117094079802346,0.191,-0.184,0.145,0.767,0.607,-0.209,-0.02
775,1776122765.2490509,-1.8871478612874661,0.47907960141315686,0.07499787326919405,-0.15117094079802346,0.191,-0.184,0.145,0.767,0.607,-0.209,-0.02
776,1776122765.257488,-1.8871478612874661,0.47907960141315686,0.07499787326919405,-0.15117094079802346,0.191,-0.184,0.145,0.767,0.607,-0.209,-0.02
777,1776122765.2663758,-1.8871478612874661,0.47907960141315686,0.07460383052068753,-0.15117094079802346,0.191,-0.184,0.145,0.767,0.607,-0.209,-0.02
778,1776122765.2740688,-1.887248621986343,0.4774864784111916,0.07420978777218101,-0.15194999447901564,0.191,-0.184,0.145,0.767,0.607,-0.209,-0.021
779,1776122765.2824655,-1.888251761986343,0.47648333841119156,0.08051447174828441,-0.15194999447901564,0.191,-0.184,0.145,0.767,0.607,-0.209,-0.021
780,1776122765.2916243,-1.887248621986343,0.4774864784111916,0.07420978777218101,-0.15194999447901564,0.191,-0.184,0.145,0.767,0.607,-0.209,-0.021
781,1776122765.2994423,-1.887248621986343,0.4774864784111916,0.07499787326919405,-0.15194999447901564,0.191,-0.184,0.145,0.767,0.607,-0.209,-0.021
782,1776122765.308162,-1.887499406986343,0.4772356934111916,0.07539191601770057,-0.15194999447901564,0.191,-0.184,0.145,0.767,0.607,-0.209,-0.021
783,1776122765.3157227,-1.887248621986343,0.4774864784111916,0.07420978777218101,-0.15194999447901564,0.191,-0.184,0.145,0.767,0.607,-0.209,-0.021
784,1776122765.324676,-1.887248621986343,0.4774864784111916,0.07460383052068753,-0.15194999447901564,0.191,-0.184,0.145,0.767,0.607,-0.209,-0.021
785,1776122765.333291,-1.887499406986343,0.4772356934111916,0.07578595876620686,-0.15194999447901564,0.191,-0.184,0.145,0.767,0.607,-0.209,-0.021
786,1776122765.3416402,-1.885869666042761,0.4749288152060187,0.07420978777218101,-0.15119263483404657,0.191,-0.184,0.145,0.766,0.607,-0.208,-0.021
787,1776122765.3495464,-1.885869666042761,0.4749288152060187,0.07420978777218101,-0.15119263483404657,0.191,-0.184,0.145,0.766,0.607,-0.208,-0.021
788,1776122765.3582058,-1.8871235910427608,0.47367489020601866,0.0828787282393233,-0.15119263483404657,0.191,-0.184,0.145,0.766,0.607,-0.208,-0.021
789,1776122765.366357,-1.885869666042761,0.4749288152060187,0.07480413558451193,-0.15119263483404657,0.191,-0.184,0.144,0.766,0.607,-0.208,-0.021
790,1776122765.3742838,-1.885869666042761,0.4749288152060187,0.07441009283600541,-0.15119263483404657,0.191,-0.184,0.144,0.766,0.607,-0.208,-0.021
791,1776122765.3843195,-1.885869666042761,0.4749288152060187,0.07559222108152497,-0.15119263483404657,0.191,-0.184,0.144,0.766,0.607,-0.208,-0.021
792,1776122765.3938692,-1.885869666042761,0.4749288152060187,0.07559222108152497,-0.15119263483404657,0.191,-0.184,0.144,0.766,0.607,-0.208,-0.021
793,1776122765.4024153,-1.885869666042761,0.4749288152060187,0.07519817833301845,-0.15119263483404657,0.191,-0.184,0.144,0.766,0.607,-0.208,-0.021
794,1776122765.4101562,-1.885869666042761,0.4749288152060187,0.07480413558451193,-0.15119263483404657,0.191,-0.184,0.144,0.766,0.607,-0.208,-0.021
795,1776122765.4164217,-1.885869666042761,0.4749288152060187,0.07480413558451193,-0.15119263483404657,0.191,-0.184,0.144,0.766,0.607,-0.208,-0.021
796,1776122765.4242587,-1.885869666042761,0.4749288152060187,0.07519817833301845,-0.15119263483404657,0.191,-0.184,0.144,0.766,0.607,-0.208,-0.021
797,1776122765.4324248,-1.885869666042761,0.4749288152060187,0.07519817833301845,-0.15119263483404657,0.191,-0.184,0.144,0.766,0.607,-0.208,-0.021
798,1776122765.4408605,-1.885869666042761,0.4749288152060187,0.07519817833301845,-0.15119263483404657,0.191,-0.184,0.144,0.766,0.607,-0.208,-0.021
799,1776122765.4501579,-1.8893719119705412,0.47487374471647237,0.07480413558451193,-0.1514003176013873,0.191,-0.184,0.144,0.766,0.608,-0.208,-0.021
800,1776122765.4595807,-1.8893719119705412,0.47487374471647237,0.07480413558451193,-0.1514003176013873,0.191,-0.184,0.144,0.766,0.608,-0.208,-0.021
801,1776122765.4699812,-1.8893719119705412,0.47487374471647237,0.07441009283600541,-0.1514003176013873,0.191,-0.184,0.144,0.766,0.608,-0.208,-0.021
802,1776122765.480012,-1.8897490169705413,0.4746229597164724,0.07598626383003126,-0.1514003176013873,0.191,-0.185,0.144,0.766,0.608,-0.208,-0.021
803,1776122765.4879599,-1.8894982319705411,0.47487374471647237,0.07598626383003126,-0.1514003176013873,0.191,-0.185,0.144,0.766,0.608,-0.208,-0.021
804,1776122765.4956474,-1.889597518990777,0.4732796439708171,0.07519817833301845,-0.15217815592920433,0.191,-0.185,0.144,0.766,0.608,-0.208,-0.022
805,1776122765.5034044,-1.889597518990777,0.4732796439708171,0.07480413558451193,-0.15217815592920433,0.191,-0.185,0.144,0.766,0.608,-0.208,-0.022
806,1776122765.509489,-1.889597518990777,0.4732796439708171,0.07559222108152497,-0.15217815592920433,0.191,-0.185,0.144,0.766,0.608,-0.208,-0.022
807,1776122765.5174387,-1.889597518990777,0.4732796439708171,0.07519817833301845,-0.15217815592920433,0.191,-0.185,0.144,0.766,0.608,-0.208,-0.022
808,1776122765.5282109,-1.889597518990777,0.4732796439708171,0.07519817833301845,-0.15217815592920433,0.191,-0.185,0.144,0.766,0.608,-0.208,-0.022
809,1776122765.5389192,-1.889597518990777,0.4732796439708171,0.07519817833301845,-0.15217815592920433,0.191,-0.185,0.144,0.766,0.608,-0.208,-0.022
810,1776122765.5492277,-1.889597518990777,0.4732796439708171,0.07559222108152497,-0.15217815592920433,0.191,-0.185,0.144,0.766,0.608,-0.208,-0.022
811,1776122765.5598109,-1.8898483039907772,0.47302885897081715,0.076380306578538,-0.15217815592920433,0.191,-0.185,0.144,0.766,0.608,-0.208,-0.022
812,1776122765.570764,-1.8898483039907772,0.47302885897081715,0.07677434932704408,-0.15217815592920433,0.191,-0.185,0.144,0.766,0.608,-0.208,-0.022
813,1776122765.5815623,-1.8885176172390459,0.4712721667378951,0.07480413558451193,-0.15144199779004383,0.191,-0.185,0.144,0.766,0.608,-0.207,-0.022
814,1776122765.5920937,-1.8887684022390459,0.47102138173789515,0.07677434932704408,-0.15144199779004383,0.191,-0.185,0.144,0.766,0.608,-0.207,-0.022
815,1776122765.602898,-1.8887684022390459,0.47102138173789515,0.07677434932704408,-0.15144199779004383,0.191,-0.185,0.144,0.766,0.608,-0.207,-0.022
816,1776122765.6134698,-1.8887684022390459,0.47102138173789515,0.07697465439086826,-0.15144199779004383,0.191,-0.185,0.143,0.766,0.608,-0.207,-0.022
817,1776122765.6243966,-1.8885176172390459,0.4712721667378951,0.0757925261453487,-0.15144199779004383,0.191,-0.185,0.143,0.766,0.608,-0.207,-0.022
818,1776122765.6349306,-1.8885176172390459,0.4712721667378951,0.0757925261453487,-0.15144199779004383,0.191,-0.185,0.143,0.766,0.608,-0.207,-0.022
819,1776122765.646423,-1.8885176172390459,0.4712721667378951,0.07658061164236174,-0.15144199779004383,0.191,-0.185,0.143,0.766,0.608,-0.207,-0.022
820,1776122765.653057,-1.8885176172390459,0.4712721667378951,0.0757925261453487,-0.15144199779004383,0.191,-0.185,0.143,0.766,0.608,-0.207,-0.022
821,1776122765.6606402,-1.8885176172390459,0.4712721667378951,0.07618656889385522,-0.15144199779004383,0.191,-0.185,0.143,0.766,0.608,-0.207,-0.022
822,1776122765.668916,-1.8885176172390459,0.4712721667378951,0.0757925261453487,-0.15144199779004383,0.191,-0.185,0.143,0.766,0.608,-0.207,-0.022
823,1776122765.677554,-1.8885176172390459,0.4712721667378951,0.07539848339684219,-0.15144199779004383,0.191,-0.185,0.143,0.766,0.608,-0.207,-0.022
824,1776122765.6847026,-1.8885176172390459,0.4712721667378951,0.0757925261453487,-0.15144199779004383,0.191,-0.185,0.143,0.766,0.608,-0.207,-0.022
825,1776122765.6932771,-1.8885176172390459,0.4712721667378951,0.07539848339684219,-0.15144199779004383,0.191,-0.185,0.143,0.766,0.608,-0.207,-0.022
826,1776122765.703759,-1.8886167907726021,0.4696794588555464,0.07539848339684219,-0.15221979236590094,0.191,-0.185,0.143,0.766,0.608,-0.207,-0.023
827,1776122765.7151062,-1.8888675757726023,0.46942867385554643,0.07776273988788107,-0.15221979236590094,0.191,-0.185,0.143,0.766,0.608,-0.207,-0.023
828,1776122765.7259328,-1.8886167907726021,0.4696794588555464,0.0757925261453487,-0.15221979236590094,0.191,-0.185,0.143,0.766,0.608,-0.207,-0.023
829,1776122765.736799,-1.89211401403769,0.4696192204073655,0.0757925261453487,-0.1524260631334255,0.191,-0.185,0.143,0.766,0.609,-0.207,-0.023
830,1776122765.7475793,-1.89211401403769,0.4696192204073655,0.07539848339684219,-0.1524260631334255,0.191,-0.185,0.143,0.766,0.609,-0.207,-0.023
831,1776122765.758296,-1.8923647990376902,0.46936843540736545,0.07736869713937433,-0.1524260631334255,0.191,-0.185,0.143,0.766,0.609,-0.207,-0.023
832,1776122765.7685497,-1.89211401403769,0.4696192204073655,0.07500444064833567,-0.1524260631334255,0.191,-0.185,0.143,0.766,0.609,-0.207,-0.023
833,1776122765.7771819,-1.8923647990376902,0.46936843540736545,0.07776273988788107,-0.1524260631334255,0.191,-0.185,0.143,0.766,0.609,-0.207,-0.023
834,1776122765.7859457,-1.89211401403769,0.4696192204073655,0.0757925261453487,-0.1524260631334255,0.191,-0.185,0.143,0.766,0.609,-0.207,-0.023
835,1776122765.7928662,-1.89211401403769,0.4696192204073655,0.07618656889385522,-0.1524260631334255,0.191,-0.185,0.143,0.766,0.609,-0.207,-0.023
836,1776122765.8003604,-1.89211401403769,0.4696192204073655,0.0757925261453487,-0.1524260631334255,0.191,-0.185,0.143,0.766,0.609,-0.207,-0.023
837,1776122765.8082216,-1.891040283141151,0.46761351645441424,0.07539848339684219,-0.15169013220108438,0.191,-0.185,0.143,0.766,0.609,-0.206,-0.023
838,1776122765.8161566,-1.891040283141151,0.46761351645441424,0.07618656889385522,-0.15169013220108438,0.191,-0.185,0.143,0.766,0.609,-0.206,-0.023
839,1776122765.8251348,-1.8912910681411512,0.4673627314544142,0.07776273988788107,-0.15169013220108438,0.191,-0.185,0.143,0.766,0.609,-0.206,-0.023
840,1776122765.8334053,-1.891040283141151,0.46761351645441424,0.07539848339684219,-0.15169013220108438,0.191,-0.185,0.143,0.766,0.609,-0.206,-0.023
841,1776122765.8405626,-1.891040283141151,0.46761351645441424,0.07618656889385522,-0.15169013220108438,0.191,-0.185,0.143,0.766,0.609,-0.206,-0.023
842,1776122765.8493094,-1.891040283141151,0.46761351645441424,0.07539848339684219,-0.15169013220108438,0.191,-0.185,0.143,0.766,0.609,-0.206,-0.023
843,1776122765.8576016,-1.8907516596981433,0.4670742880847605,0.07717495945469222,-0.15166721541702888,0.191,-0.185,0.142,0.765,0.609,-0.206,-0.023
844,1776122765.86586,-1.8907516596981433,0.4670742880847605,0.0767809167061857,-0.15166721541702888,0.191,-0.185,0.142,0.765,0.609,-0.206,-0.023
845,1776122765.8742976,-1.8907516596981433,0.4670742880847605,0.0767809167061857,-0.15166721541702888,0.191,-0.185,0.142,0.765,0.609,-0.206,-0.023
846,1776122765.8824456,-1.8907516596981433,0.4670742880847605,0.0767809167061857,-0.15166721541702888,0.191,-0.185,0.142,0.765,0.609,-0.206,-0.023
847,1776122765.8906913,-1.8910024446981433,0.46682350308476045,0.07717495945469222,-0.15166721541702888,0.191,-0.185,0.142,0.765,0.609,-0.206,-0.023
848,1776122765.8991385,-1.8908493701284002,0.4654805676096638,0.07638687395767918,-0.15244381775322272,0.191,-0.185,0.142,0.765,0.609,-0.206,-0.024
849,1776122765.9075973,-1.8911001551284001,0.46522978260966374,0.07835708770021155,-0.15244381775322272,0.191,-0.185,0.142,0.765,0.609,-0.206,-0.024
850,1776122765.9169946,-1.8908493701284002,0.4654805676096638,0.07599283120917288,-0.15244381775322272,0.191,-0.185,0.142,0.765,0.609,-0.206,-0.024
851,1776122765.926966,-1.8908493701284002,0.4654805676096638,0.07599283120917288,-0.15244381775322272,0.191,-0.185,0.142,0.765,0.609,-0.206,-0.024
852,1776122765.9373138,-1.8908493701284002,0.4654805676096638,0.07638687395767918,-0.15244381775322272,0.191,-0.185,0.142,0.765,0.609,-0.206,-0.024
853,1776122765.9476457,-1.8908493701284002,0.4654805676096638,0.0767809167061857,-0.15244381775322272,0.191,-0.185,0.142,0.765,0.609,-0.206,-0.024
854,1776122765.958375,-1.8908493701284002,0.4654805676096638,0.0767809167061857,-0.15244381775322272,0.191,-0.185,0.142,0.765,0.609,-0.206,-0.024
855,1776122765.9691818,-1.8911001551284001,0.46522978260966374,0.07717495945469222,-0.15244381775322272,0.191,-0.185,0.142,0.765,0.609,-0.206,-0.024
856,1776122765.9792542,-1.8943474076376916,0.46541777329114603,0.07599283120917288,-0.15264886996776317,0.191,-0.185,0.142,0.765,0.61,-0.206,-0.024
857,1776122765.9898834,-1.8943474076376916,0.46541777329114603,0.07638687395767918,-0.15264886996776317,0.191,-0.185,0.142,0.765,0.61,-0.206,-0.024
858,1776122766.0003831,-1.8943474076376916,0.46541777329114603,0.07599283120917288,-0.15264886996776317,0.191,-0.185,0.142,0.765,0.61,-0.206,-0.024
859,1776122766.0108337,-1.8943474076376916,0.46541777329114603,0.0767809167061857,-0.15264886996776317,0.191,-0.185,0.142,0.765,0.61,-0.206,-0.024
860,1776122766.021229,-1.893278536739743,0.4634166950039445,0.07717495945469222,-0.1519131615784986,0.191,-0.185,0.142,0.765,0.61,-0.205,-0.024
861,1776122766.0284066,-1.893278536739743,0.4634166950039445,0.07599283120917288,-0.1519131615784986,0.191,-0.185,0.142,0.765,0.61,-0.205,-0.024
862,1776122766.0365524,-1.893278536739743,0.4634166950039445,0.0767809167061857,-0.1519131615784986,0.191,-0.185,0.142,0.765,0.61,-0.205,-0.024
863,1776122766.0435777,-1.893278536739743,0.4634166950039445,0.07599283120917288,-0.1519131615784986,0.191,-0.185,0.142,0.765,0.61,-0.205,-0.024
864,1776122766.051219,-1.893278536739743,0.4634166950039445,0.0767809167061857,-0.1519131615784986,0.191,-0.185,0.142,0.765,0.61,-0.205,-0.024
865,1776122766.0581882,-1.893278536739743,0.4634166950039445,0.0767809167061857,-0.1519131615784986,0.191,-0.185,0.142,0.765,0.61,-0.205,-0.024
866,1776122766.066255,-1.893278536739743,0.4634166950039445,0.0767809167061857,-0.1519131615784986,0.191,-0.185,0.142,0.765,0.61,-0.205,-0.024
867,1776122766.074815,-1.893278536739743,0.4634166950039445,0.07776930726702291,-0.1519131615784986,0.191,-0.185,0.141,0.765,0.61,-0.205,-0.024
868,1776122766.0830443,-1.893278536739743,0.4634166950039445,0.07698122177000988,-0.1519131615784986,0.191,-0.185,0.141,0.765,0.61,-0.205,-0.024
869,1776122766.090796,-1.893278536739743,0.4634166950039445,0.07698122177000988,-0.1519131615784986,0.191,-0.185,0.141,0.765,0.61,-0.205,-0.024
870,1776122766.0999293,-1.8935293217397429,0.46303959000394457,0.07816335001552943,-0.1519131615784986,0.192,-0.185,0.141,0.765,0.61,-0.205,-0.024
871,1776122766.1074843,-1.89337455108404,0.46169542290090226,0.07698122177000988,-0.1526895586993556,0.192,-0.185,0.141,0.765,0.61,-0.205,-0.025
872,1776122766.1160407,-1.89337455108404,0.46169542290090226,0.07698122177000988,-0.1526895586993556,0.192,-0.185,0.141,0.765,0.61,-0.205,-0.025
873,1776122766.124752,-1.89337455108404,0.46169542290090226,0.07658717902150358,-0.1526895586993556,0.192,-0.185,0.141,0.765,0.61,-0.205,-0.025
874,1776122766.132802,-1.89337455108404,0.46169542290090226,0.07658717902150358,-0.1526895586993556,0.192,-0.185,0.141,0.765,0.61,-0.205,-0.025
875,1776122766.140927,-1.89337455108404,0.46169542290090226,0.07698122177000988,-0.1526895586993556,0.192,-0.185,0.141,0.765,0.61,-0.205,-0.025
876,1776122766.1497562,-1.89387612108404,0.4611938529009022,0.07973952100955528,-0.1526895586993556,0.192,-0.185,0.141,0.765,0.61,-0.205,-0.025
877,1776122766.1573722,-1.89337455108404,0.46169542290090226,0.07698122177000988,-0.1526895586993556,0.192,-0.185,0.141,0.765,0.61,-0.205,-0.025
878,1776122766.1660254,-1.89337455108404,0.46169542290090226,0.07698122177000988,-0.1526895586993556,0.192,-0.185,0.141,0.765,0.61,-0.205,-0.025
879,1776122766.1741984,-1.89337455108404,0.46169542290090226,0.07658717902150358,-0.1526895586993556,0.192,-0.185,0.141,0.765,0.61,-0.205,-0.025
880,1776122766.1833403,-1.89337455108404,0.46169542290090226,0.07698122177000988,-0.1526895586993556,0.192,-0.185,0.141,0.765,0.61,-0.205,-0.025
881,1776122766.1921833,-1.89337455108404,0.46169542290090226,0.07698122177000988,-0.1526895586993556,0.192,-0.185,0.141,0.765,0.61,-0.205,-0.025
882,1776122766.1999311,-1.89337455108404,0.46169542290090226,0.07698122177000988,-0.1526895586993556,0.192,-0.185,0.141,0.765,0.61,-0.205,-0.025
883,1776122766.208266,-1.89337455108404,0.46169542290090226,0.07658717902150358,-0.1526895586993556,0.192,-0.185,0.141,0.765,0.61,-0.205,-0.025
884,1776122766.217246,-1.89337455108404,0.46169542290090226,0.07698122177000988,-0.1526895586993556,0.192,-0.185,0.141,0.765,0.61,-0.205,-0.025
885,1776122766.224354,-1.89337455108404,0.46169542290090226,0.0773752645185164,-0.1526895586993556,0.192,-0.185,0.141,0.765,0.61,-0.205,-0.025
886,1776122766.2326636,-1.89337455108404,0.46169542290090226,0.07658717902150358,-0.1526895586993556,0.192,-0.185,0.141,0.765,0.61,-0.205,-0.025
887,1776122766.2413104,-1.8966184009746945,0.4618808538086411,0.07619313627299684,-0.15289339099523833,0.192,-0.185,0.141,0.765,0.611,-0.205,-0.025
888,1776122766.2491987,-1.8958064843039961,0.45963071874433825,0.07776930726702291,-0.15215790154326733,0.192,-0.185,0.141,0.765,0.611,-0.204,-0.025
889,1776122766.257817,-1.8958064843039961,0.45963071874433825,0.07658717902150358,-0.15215790154326733,0.192,-0.185,0.141,0.765,0.611,-0.204,-0.025
890,1776122766.2661989,-1.8958064843039961,0.45963071874433825,0.07658717902150358,-0.15215790154326733,0.192,-0.185,0.141,0.765,0.611,-0.204,-0.025
891,1776122766.2782254,-1.8958064843039961,0.45963071874433825,0.07698122177000988,-0.15215790154326733,0.192,-0.185,0.141,0.765,0.611,-0.204,-0.025
892,1776122766.2894893,-1.8958064843039961,0.45963071874433825,0.0773752645185164,-0.15215790154326733,0.192,-0.185,0.141,0.765,0.611,-0.204,-0.025
893,1776122766.3006144,-1.8958064843039961,0.45963071874433825,0.07658717902150358,-0.15215790154326733,0.192,-0.185,0.141,0.765,0.611,-0.204,-0.025
894,1776122766.311191,-1.8958064843039961,0.45963071874433825,0.07619313627299684,-0.15215790154326733,0.192,-0.185,0.141,0.765,0.611,-0.204,-0.025
895,1776122766.3221285,-1.8958064843039961,0.45963071874433825,0.07776930726702291,-0.15215790154326733,0.192,-0.185,0.141,0.765,0.611,-0.204,-0.025
896,1776122766.3331618,-1.8958064843039961,0.45963071874433825,0.07776930726702291,-0.15215790154326733,0.192,-0.185,0.141,0.765,0.611,-0.204,-0.025
897,1776122766.3441794,-1.8958064843039961,0.45937993374433816,0.07757556958234058,-0.15215790154326733,0.192,-0.185,0.14,0.765,0.611,-0.204,-0.025
898,1776122766.3540752,-1.8958064843039961,0.45963071874433825,0.0779696123308471,-0.15215790154326733,0.192,-0.185,0.14,0.765,0.611,-0.204,-0.025
899,1776122766.3645868,-1.895900817766051,0.4580345243393076,0.07757556958234058,-0.15293410301375573,0.192,-0.185,0.14,0.765,0.611,-0.204,-0.026
900,1776122766.3752441,-1.895900817766051,0.4580345243393076,0.07836365507935339,-0.15293410301375573,0.192,-0.185,0.14,0.765,0.611,-0.204,-0.026
901,1776122766.3857625,-1.895900817766051,0.4580345243393076,0.07678748408532776,-0.15293410301375573,0.192,-0.185,0.14,0.765,0.611,-0.204,-0.026
902,1776122766.3976774,-1.895900817766051,0.4580345243393076,0.07757556958234058,-0.15293410301375573,0.192,-0.185,0.14,0.765,0.611,-0.204,-0.026
903,1776122766.4084816,-1.8956180438787644,0.4575017210176234,0.07718152683383406,-0.15290827556235034,0.192,-0.185,0.14,0.764,0.611,-0.204,-0.026
904,1776122766.4193108,-1.8961196138787642,0.4570001510176233,0.08033386882188576,-0.15290827556235034,0.192,-0.185,0.14,0.764,0.611,-0.204,-0.026
905,1776122766.4298742,-1.8963703988787644,0.4567493660176234,0.08230408256441812,-0.15290827556235034,0.192,-0.185,0.14,0.764,0.611,-0.204,-0.026
906,1776122766.4411545,-1.8956180438787644,0.4575017210176234,0.07678748408532776,-0.15290827556235034,0.192,-0.185,0.14,0.764,0.611,-0.204,-0.026
907,1776122766.4519305,-1.8956180438787644,0.4575017210176234,0.07718152683383406,-0.15290827556235034,0.192,-0.185,0.14,0.764,0.611,-0.204,-0.026
908,1776122766.46173,-1.8956180438787644,0.4575017210176234,0.07718152683383406,-0.15290827556235034,0.192,-0.185,0.14,0.764,0.611,-0.204,-0.026
909,1776122766.472397,-1.8957443638787643,0.4575017210176234,0.07718152683383406,-0.15290827556235034,0.192,-0.186,0.14,0.764,0.611,-0.204,-0.026
910,1776122766.482768,-1.8957443638787643,0.4575017210176234,0.0779696123308471,-0.15290827556235034,0.192,-0.186,0.14,0.764,0.611,-0.204,-0.026
911,1776122766.4925604,-1.8959951488787643,0.4572509360176234,0.07836365507935339,-0.15290827556235034,0.192,-0.186,0.14,0.764,0.611,-0.204,-0.026
912,1776122766.5029922,-1.8957443638787643,0.4575017210176234,0.07718152683383406,-0.15290827556235034,0.192,-0.186,0.14,0.764,0.611,-0.204,-0.026
913,1776122766.5136924,-1.8957443638787643,0.4575017210176234,0.0779696123308471,-0.15290827556235034,0.192,-0.186,0.14,0.764,0.611,-0.204,-0.026
914,1776122766.5238578,-1.8946856827735792,0.4555069060196454,0.0779696123308471,-0.15217398569003035,0.192,-0.186,0.14,0.764,0.611,-0.203,-0.026
915,1776122766.534652,-1.8946856827735792,0.4555069060196454,0.07678748408532776,-0.15217398569003035,0.192,-0.186,0.14,0.764,0.611,-0.203,-0.026
916,1776122766.54521,-1.8946856827735792,0.4555069060196454,0.07718152683383406,-0.15217398569003035,0.192,-0.186,0.14,0.764,0.611,-0.203,-0.026
917,1776122766.5552838,-1.8981819995870015,0.45543903586339257,0.07718152683383406,-0.15237562350334827,0.192,-0.186,0.14,0.764,0.612,-0.203,-0.026
918,1776122766.5655577,-1.8981819995870015,0.45543903586339257,0.07757556958234058,-0.15237562350334827,0.192,-0.186,0.14,0.764,0.612,-0.203,-0.026
919,1776122766.5759878,-1.8981819995870015,0.45543903586339257,0.07757556958234058,-0.15237562350334827,0.192,-0.186,0.14,0.764,0.612,-0.203,-0.026
920,1776122766.5863335,-1.8981819995870015,0.45543903586339257,0.07678748408532776,-0.15237562350334827,0.192,-0.186,0.14,0.764,0.612,-0.203,-0.026
921,1776122766.596688,-1.8981819995870015,0.45543903586339257,0.07757556958234058,-0.15237562350334827,0.192,-0.186,0.14,0.764,0.612,-0.203,-0.026
922,1776122766.6073563,-1.8982748998961818,0.45384178380484635,0.07856396014317757,-0.15315066882124315,0.192,-0.186,0.139,0.764,0.612,-0.203,-0.027
923,1776122766.6183114,-1.8982748998961818,0.45384178380484635,0.07856396014317757,-0.15315066882124315,0.192,-0.186,0.139,0.764,0.612,-0.203,-0.027
924,1776122766.6291747,-1.8982748998961818,0.45384178380484635,0.07777587464616453,-0.15315066882124315,0.192,-0.186,0.139,0.764,0.612,-0.203,-0.027
925,1776122766.639226,-1.8982748998961818,0.45384178380484635,0.07856396014317757,-0.15315066882124315,0.192,-0.186,0.139,0.764,0.612,-0.203,-0.027
926,1776122766.6497078,-1.8982748998961818,0.45384178380484635,0.07816991739467105,-0.15315066882124315,0.192,-0.186,0.139,0.764,0.612,-0.203,-0.027
927,1776122766.6600676,-1.8982748998961818,0.45384178380484635,0.07816991739467105,-0.15315066882124315,0.192,-0.186,0.139,0.764,0.612,-0.203,-0.027
928,1776122766.6704369,-1.898525684896182,0.4535909988048463,0.08014013113720342,-0.15315066882124315,0.192,-0.186,0.139,0.764,0.612,-0.203,-0.027
929,1776122766.6811752,-1.8982748998961818,0.45384178380484635,0.07856396014317757,-0.15315066882124315,0.192,-0.186,0.139,0.764,0.612,-0.203,-0.027
930,1776122766.691753,-1.8982748998961818,0.45384178380484635,0.07895800289168409,-0.15315066882124315,0.192,-0.186,0.139,0.764,0.612,-0.203,-0.027
931,1776122766.7022827,-1.8982748998961818,0.45384178380484635,0.07777587464616453,-0.15315066882124315,0.192,-0.186,0.139,0.764,0.612,-0.203,-0.027
932,1776122766.713023,-1.898525684896182,0.4535909988048463,0.0797460883886969,-0.15315066882124315,0.192,-0.186,0.139,0.764,0.612,-0.203,-0.027
933,1776122766.723046,-1.8982748998961818,0.45384178380484635,0.07856396014317757,-0.15315066882124315,0.192,-0.186,0.139,0.764,0.612,-0.203,-0.027
934,1776122766.7333663,-1.8982748998961818,0.45384178380484635,0.07856396014317757,-0.15315066882124315,0.192,-0.186,0.139,0.764,0.612,-0.203,-0.027
935,1776122766.7440963,-1.897222373824444,0.45184865172597616,0.07856396014317757,-0.15241658723977777,0.192,-0.186,0.139,0.764,0.612,-0.202,-0.027
936,1776122766.7540104,-1.897222373824444,0.45184865172597616,0.07816991739467105,-0.15241658723977777,0.192,-0.186,0.139,0.764,0.612,-0.202,-0.027
937,1776122766.7651904,-1.897222373824444,0.45184865172597616,0.07816991739467105,-0.15241658723977777,0.192,-0.186,0.139,0.764,0.612,-0.202,-0.027
938,1776122766.775951,-1.897222373824444,0.45184865172597616,0.07777587464616453,-0.15241658723977777,0.192,-0.186,0.139,0.764,0.612,-0.202,-0.027
939,1776122766.7870932,-1.897222373824444,0.45184865172597616,0.07738183189765824,-0.15241658723977777,0.192,-0.186,0.139,0.764,0.612,-0.202,-0.027
940,1776122766.7977185,-1.897473158824444,0.4515978667259762,0.0793520456401906,-0.15241658723977777,0.192,-0.186,0.139,0.764,0.612,-0.202,-0.027
941,1776122766.8081207,-1.897222373824444,0.45184865172597616,0.07777587464616453,-0.15241658723977777,0.192,-0.186,0.139,0.764,0.612,-0.202,-0.027
942,1776122766.8180788,-1.8973151666301,0.45025271442519677,0.07816991739467105,-0.15319162974854975,0.192,-0.186,0.139,0.764,0.612,-0.202,-0.028
943,1776122766.8283281,-1.8978167366301,0.4497511444251967,0.08092821663421645,-0.15319162974854975,0.192,-0.186,0.139,0.764,0.612,-0.202,-0.028
944,1776122766.839016,-1.8973151666301,0.45025271442519677,0.07777587464616453,-0.15319162974854975,0.192,-0.186,0.139,0.764,0.612,-0.202,-0.028
945,1776122766.8496747,-1.8973151666301,0.45025271442519677,0.07915830795550827,-0.15319162974854975,0.192,-0.186,0.138,0.764,0.612,-0.202,-0.028
946,1776122766.8606386,-1.900806556447187,0.4501797115740082,0.07837022245849523,-0.15339188714625934,0.192,-0.186,0.138,0.764,0.613,-0.202,-0.028
947,1776122766.8705285,-1.900806556447187,0.4501797115740082,0.07837022245849523,-0.15339188714625934,0.192,-0.186,0.138,0.764,0.613,-0.202,-0.028
948,1776122766.8808427,-1.900806556447187,0.4501797115740082,0.07915830795550827,-0.15339188714625934,0.192,-0.186,0.138,0.764,0.613,-0.202,-0.028
949,1776122766.8922563,-1.900806556447187,0.4501797115740082,0.07876426520700153,-0.15339188714625934,0.192,-0.186,0.138,0.764,0.613,-0.202,-0.028
950,1776122766.9027877,-1.900806556447187,0.4501797115740082,0.07837022245849523,-0.15339188714625934,0.192,-0.186,0.138,0.764,0.613,-0.202,-0.028
951,1776122766.9140813,-1.900806556447187,0.4501797115740082,0.07915830795550827,-0.15339188714625934,0.192,-0.186,0.138,0.764,0.613,-0.202,-0.028
952,1776122766.9248757,-1.900806556447187,0.4501797115740082,0.07837022245849523,-0.15339188714625934,0.192,-0.186,0.138,0.764,0.613,-0.202,-0.028
953,1776122766.9356203,-1.900806556447187,0.4501797115740082,0.07876426520700153,-0.15339188714625934,0.192,-0.186,0.138,0.764,0.613,-0.202,-0.028
954,1776122766.9464564,-1.900806556447187,0.4501797115740082,0.07837022245849523,-0.15339188714625934,0.192,-0.186,0.138,0.764,0.613,-0.202,-0.028
955,1776122766.9562747,-1.9007802096493496,0.449402299062708,0.07994639345252108,-0.15336413172702928,0.192,-0.186,0.138,0.763,0.613,-0.202,-0.028
956,1776122766.9664705,-1.9005294246493494,0.4496530840627081,0.07955235070401456,-0.15336413172702928,0.192,-0.186,0.138,0.763,0.613,-0.202,-0.028
957,1776122766.9760158,-1.9005294246493494,0.4496530840627081,0.07876426520700153,-0.15336413172702928,0.192,-0.186,0.138,0.763,0.613,-0.202,-0.028
958,1776122766.9867864,-1.8994817608422547,0.44766445950067024,0.07915830795550827,-0.15263025302021863,0.192,-0.186,0.138,0.763,0.613,-0.201,-0.028
959,1776122766.997376,-1.899732545842255,0.44741367450067016,0.0803404362010276,-0.15263025302021863,0.192,-0.186,0.138,0.763,0.613,-0.201,-0.028
960,1776122767.008089,-1.8994817608422547,0.44766445950067024,0.07955235070401456,-0.15263025302021863,0.192,-0.186,0.138,0.763,0.613,-0.201,-0.028
961,1776122767.0187316,-1.8994817608422547,0.44766445950067024,0.07876426520700153,-0.15263025302021863,0.192,-0.186,0.138,0.763,0.613,-0.201,-0.028
962,1776122767.0294192,-1.8994817608422547,0.44766445950067024,0.07915830795550827,-0.15263025302021863,0.192,-0.186,0.138,0.763,0.613,-0.201,-0.028
963,1776122767.040392,-1.8995731309754573,0.4460674303970511,0.07837022245849523,-0.15340416174622426,0.192,-0.186,0.138,0.763,0.613,-0.201,-0.029
964,1776122767.050474,-1.8995731309754573,0.4460674303970511,0.07955235070401456,-0.15340416174622426,0.192,-0.186,0.138,0.763,0.613,-0.201,-0.029
965,1776122767.0609083,-1.8995731309754573,0.4460674303970511,0.07837022245849523,-0.15340416174622426,0.192,-0.186,0.138,0.763,0.613,-0.201,-0.029
966,1776122767.0713763,-1.8995731309754573,0.4460674303970511,0.07837022245849523,-0.15340416174622426,0.192,-0.186,0.138,0.763,0.613,-0.201,-0.029
967,1776122767.0819337,-1.8995731309754573,0.4460674303970511,0.07935861301933222,-0.15340416174622426,0.192,-0.186,0.137,0.763,0.613,-0.201,-0.029
968,1776122767.093459,-1.8998239159754573,0.445816645397051,0.08054074126485178,-0.15340416174622426,0.192,-0.186,0.137,0.763,0.613,-0.201,-0.029
969,1776122767.1042829,-1.9030653969547044,0.445991891853424,0.07935861301933222,-0.15360322401460957,0.192,-0.186,0.137,0.763,0.614,-0.201,-0.029
970,1776122767.1148157,-1.9030653969547044,0.445991891853424,0.07935861301933222,-0.15360322401460957,0.192,-0.186,0.137,0.763,0.614,-0.201,-0.029
971,1776122767.1253893,-1.9030653969547044,0.445991891853424,0.0789645702708257,-0.15360322401460957,0.192,-0.186,0.137,0.763,0.614,-0.201,-0.029
972,1776122767.1361206,-1.9030653969547044,0.445991891853424,0.07975265576783874,-0.15360322401460957,0.192,-0.186,0.137,0.763,0.614,-0.201,-0.029
973,1776122767.1472178,-1.9030653969547044,0.445991891853424,0.0789645702708257,-0.15360322401460957,0.192,-0.186,0.137,0.763,0.614,-0.201,-0.029
974,1776122767.15807,-1.9030653969547044,0.445991891853424,0.07935861301933222,-0.15360322401460957,0.192,-0.186,0.137,0.763,0.614,-0.201,-0.029
975,1776122767.1681297,-1.9030653969547044,0.445865571853424,0.07975265576783874,-0.15360322401460957,0.193,-0.186,0.137,0.763,0.614,-0.201,-0.029
976,1776122767.1789858,-1.9030653969547044,0.445865571853424,0.0789645702708257,-0.15360322401460957,0.193,-0.186,0.137,0.763,0.614,-0.201,-0.029
977,1776122767.1894648,-1.9030653969547044,0.445865571853424,0.07975265576783874,-0.15360322401460957,0.193,-0.186,0.137,0.763,0.614,-0.201,-0.029
978,1776122767.19984,-1.9030653969547044,0.445865571853424,0.07975265576783874,-0.15360322401460957,0.193,-0.186,0.137,0.763,0.614,-0.201,-0.029
979,1776122767.2103744,-1.9022746723795096,0.4436278012951459,0.08132882676186459,-0.15286954523547197,0.193,-0.186,0.137,0.763,0.614,-0.2,-0.029
980,1776122767.2208765,-1.9022746723795096,0.4436278012951459,0.08093478401335807,-0.15286954523547197,0.193,-0.186,0.137,0.763,0.614,-0.2,-0.029
981,1776122767.231776,-1.9020238873795097,0.44387858629514587,0.07975265576783874,-0.15286954523547197,0.193,-0.186,0.137,0.763,0.614,-0.2,-0.029
982,1776122767.242555,-1.9020238873795097,0.44387858629514587,0.0789645702708257,-0.15286954523547197,0.193,-0.186,0.137,0.763,0.614,-0.2,-0.029
983,1776122767.2531474,-1.9020238873795097,0.44387858629514587,0.07935861301933222,-0.15286954523547197,0.193,-0.186,0.137,0.763,0.614,-0.2,-0.029
984,1776122767.2637243,-1.902113616815337,0.4422802630603735,0.08014669851634526,-0.1536432980951947,0.193,-0.186,0.137,0.763,0.614,-0.2,-0.03
985,1776122767.2740529,-1.902113616815337,0.4422802630603735,0.07935861301933222,-0.1536432980951947,0.193,-0.186,0.137,0.763,0.614,-0.2,-0.03
986,1776122767.2848496,-1.902113616815337,0.4422802630603735,0.07935861301933222,-0.1536432980951947,0.193,-0.186,0.137,0.763,0.614,-0.2,-0.03
987,1776122767.295626,-1.902113616815337,0.4422802630603735,0.0789645702708257,-0.1536432980951947,0.193,-0.186,0.137,0.763,0.614,-0.2,-0.03
988,1776122767.3062298,-1.902113616815337,0.4422802630603735,0.07975265576783874,-0.1536432980951947,0.193,-0.186,0.137,0.763,0.614,-0.2,-0.03
989,1776122767.3168607,-1.902113616815337,0.4422802630603735,0.0789645702708257,-0.1536432980951947,0.193,-0.186,0.137,0.763,0.614,-0.2,-0.03
990,1776122767.327375,-1.902113616815337,0.4422802630603735,0.07955891808315663,-0.1536432980951947,0.193,-0.186,0.136,0.763,0.614,-0.2,-0.03
991,1776122767.3379545,-1.9023644018153372,0.4420294780603735,0.08152913182568877,-0.1536432980951947,0.193,-0.186,0.136,0.763,0.614,-0.2,-0.03
992,1776122767.3486803,-1.902113616815337,0.4422802630603735,0.08074104632867596,-0.1536432980951947,0.193,-0.186,0.136,0.763,0.614,-0.2,-0.03
993,1776122767.3590665,-1.9023644018153372,0.4420294780603735,0.08113508907718248,-0.1536432980951947,0.193,-0.186,0.136,0.763,0.614,-0.2,-0.03
994,1776122767.3698223,-1.9056025237147145,0.4422021836585977,0.07995296083166292,-0.1538411625415855,0.193,-0.186,0.136,0.763,0.615,-0.2,-0.03
995,1776122767.3810961,-1.9056025237147145,0.4422021836585977,0.07995296083166292,-0.1538411625415855,0.193,-0.186,0.136,0.763,0.615,-0.2,-0.03
996,1776122767.3913317,-1.9056025237147145,0.4422021836585977,0.08034700358016944,-0.1538411625415855,0.193,-0.186,0.136,0.763,0.615,-0.2,-0.03
997,1776122767.4028032,-1.9056025237147145,0.4422021836585977,0.07995296083166292,-0.1538411625415855,0.193,-0.186,0.136,0.763,0.615,-0.2,-0.03
998,1776122767.413806,-1.9056025237147145,0.4422021836585977,0.07955891808315663,-0.1538411625415855,0.193,-0.186,0.136,0.763,0.615,-0.2,-0.03
999,1776122767.4278271,-1.9056025237147145,0.4422021836585977,0.08034700358016944,-0.1538411625415855,0.193,-0.186,0.136,0.763,0.615,-0.2,-0.03
1000,1776122767.441767,-1.904294431539464,0.439699153525904,0.08074104632867596,-0.15307800128830945,0.193,-0.186,0.136,0.762,0.615,-0.199,-0.03
1001,1776122767.4524786,-1.904294431539464,0.439699153525904,0.07955891808315663,-0.15307800128830945,0.193,-0.186,0.136,0.762,0.615,-0.199,-0.03
1002,1776122767.4631836,-1.904294431539464,0.439699153525904,0.08034700358016944,-0.15307800128830945,0.193,-0.186,0.136,0.762,0.615,-0.199,-0.03
1003,1776122767.4742956,-1.904294431539464,0.439699153525904,0.07955891808315663,-0.15307800128830945,0.193,-0.186,0.136,0.762,0.615,-0.199,-0.03
1004,1776122767.4857447,-1.9046335420171037,0.4378489226387793,0.08192317457419529,-0.1538506443052842,0.193,-0.186,0.136,0.762,0.615,-0.199,-0.031
1005,1776122767.4968226,-1.9043827570171035,0.43809970763877926,0.07995296083166292,-0.1538506443052842,0.193,-0.186,0.136,0.762,0.615,-0.199,-0.031
1006,1776122767.5070465,-1.9043827570171035,0.43809970763877926,0.08034700358016944,-0.1538506443052842,0.193,-0.186,0.136,0.762,0.615,-0.199,-0.031
1007,1776122767.517715,-1.9045090770171036,0.43809970763877926,0.07955891808315663,-0.1538506443052842,0.193,-0.187,0.136,0.762,0.615,-0.199,-0.031
1008,1776122767.5282097,-1.9045090770171036,0.43809970763877926,0.08074104632867596,-0.1538506443052842,0.193,-0.187,0.136,0.762,0.615,-0.199,-0.031
1009,1776122767.53903,-1.9047598620171036,0.4378489226387793,0.08113508907718248,-0.1538506443052842,0.193,-0.187,0.136,0.762,0.615,-0.199,-0.031
1010,1776122767.5504837,-1.9045090770171036,0.43809970763877926,0.08074104632867596,-0.1538506443052842,0.193,-0.187,0.136,0.762,0.615,-0.199,-0.031
1011,1776122767.5610626,-1.9045090770171036,0.43809970763877926,0.07955891808315663,-0.1538506443052842,0.193,-0.187,0.136,0.762,0.615,-0.199,-0.031
1012,1776122767.572447,-1.9045090770171036,0.43809970763877926,0.07995296083166292,-0.1538506443052842,0.193,-0.187,0.136,0.762,0.615,-0.199,-0.031
1013,1776122767.583638,-1.9042582920171034,0.4383504926387793,0.07975922314698058,-0.1538506443052842,0.193,-0.187,0.135,0.762,0.615,-0.199,-0.031
1014,1776122767.594244,-1.9045090770171036,0.43809970763877926,0.0805473086439934,-0.1538506443052842,0.193,-0.187,0.135,0.762,0.615,-0.199,-0.031
1015,1776122767.605386,-1.9045090770171036,0.43809970763877926,0.08015326589548732,-0.1538506443052842,0.193,-0.187,0.135,0.762,0.615,-0.199,-0.031
1016,1776122767.6163561,-1.9045090770171036,0.43809970763877926,0.08015326589548732,-0.1538506443052842,0.193,-0.187,0.135,0.762,0.615,-0.199,-0.031
1017,1776122767.6268308,-1.9047598620171036,0.4378489226387793,0.08212347963801947,-0.1538506443052842,0.193,-0.187,0.135,0.762,0.615,-0.199,-0.031
1018,1776122767.6374252,-1.9045090770171036,0.43809970763877926,0.08094135139249992,-0.1538506443052842,0.193,-0.187,0.135,0.762,0.615,-0.199,-0.031
1019,1776122767.6478574,-1.9045090770171036,0.43809970763877926,0.08015326589548732,-0.1538506443052842,0.193,-0.187,0.135,0.762,0.615,-0.199,-0.031
1020,1776122767.6583538,-1.9045090770171036,0.43809970763877926,0.0805473086439934,-0.1538506443052842,0.193,-0.187,0.135,0.762,0.615,-0.199,-0.031
1021,1776122767.6691062,-1.9079988794327791,0.43801910004094174,0.0805473086439934,-0.15404732289596312,0.193,-0.187,0.135,0.762,0.616,-0.199,-0.031
1022,1776122767.6800299,-1.9079988794327791,0.43801910004094174,0.0805473086439934,-0.15404732289596312,0.193,-0.187,0.135,0.762,0.616,-0.199,-0.031
1023,1776122767.690799,-1.9074699635004768,0.4355365902584061,0.08369965063204532,-0.1533140296270797,0.193,-0.187,0.135,0.762,0.616,-0.198,-0.031
1024,1776122767.7021437,-1.9069683935004766,0.4360381602584061,0.0805473086439934,-0.1533140296270797,0.193,-0.187,0.135,0.762,0.616,-0.198,-0.031
1025,1776122767.7136834,-1.907055104136249,0.4344373957842647,0.08133539414100643,-0.15408653711850356,0.193,-0.187,0.135,0.762,0.616,-0.198,-0.032
1026,1776122767.7238185,-1.907055104136249,0.4344373957842647,0.08015326589548732,-0.15408653711850356,0.193,-0.187,0.135,0.762,0.616,-0.198,-0.032
1027,1776122767.7352066,-1.907305889136249,0.43418661078426474,0.08212347963801947,-0.15408653711850356,0.193,-0.187,0.135,0.762,0.616,-0.198,-0.032
1028,1776122767.7457175,-1.907055104136249,0.4344373957842647,0.08015326589548732,-0.15408653711850356,0.193,-0.187,0.135,0.762,0.616,-0.198,-0.032
1029,1776122767.7562976,-1.907055104136249,0.4344373957842647,0.08015326589548732,-0.15408653711850356,0.193,-0.187,0.135,0.762,0.616,-0.198,-0.032
1030,1776122767.7668002,-1.907055104136249,0.4344373957842647,0.0805473086439934,-0.15408653711850356,0.193,-0.187,0.135,0.762,0.616,-0.198,-0.032
1031,1776122767.7774656,-1.907055104136249,0.4344373957842647,0.08094135139249992,-0.15408653711850356,0.193,-0.187,0.135,0.762,0.616,-0.198,-0.032
1032,1776122767.7880192,-1.907556674136249,0.43393582578426476,0.08369965063204532,-0.15408653711850356,0.193,-0.187,0.135,0.762,0.616,-0.198,-0.032
1033,1776122767.7983718,-1.907055104136249,0.4344373957842647,0.08015326589548732,-0.15408653711850356,0.193,-0.187,0.135,0.762,0.616,-0.198,-0.032
1034,1776122767.8091304,-1.907055104136249,0.4344373957842647,0.08133539414100643,-0.15408653711850356,0.193,-0.187,0.135,0.762,0.616,-0.198,-0.032
1035,1776122767.8200505,-1.906804319136249,0.43468818078426474,0.07975922314698058,-0.15408653711850356,0.193,-0.187,0.135,0.762,0.616,-0.198,-0.032
1036,1776122767.8316474,-1.907305889136249,0.43418661078426474,0.08212347963801947,-0.15408653711850356,0.193,-0.187,0.135,0.762,0.616,-0.198,-0.032
1037,1776122767.8454278,-1.907055104136249,0.4344373957842647,0.08153569920483039,-0.15408653711850356,0.193,-0.187,0.134,0.762,0.616,-0.198,-0.032
1038,1776122767.8555772,-1.907055104136249,0.4344373957842647,0.08114165645632365,-0.15408653711850356,0.193,-0.187,0.134,0.762,0.616,-0.198,-0.032
1039,1776122767.865905,-1.907055104136249,0.4344373957842647,0.08074761370781758,-0.15408653711850356,0.193,-0.187,0.134,0.762,0.616,-0.198,-0.032
1040,1776122767.8757792,-1.907305889136249,0.43418661078426474,0.08311187019885602,-0.15408653711850356,0.193,-0.187,0.134,0.762,0.616,-0.198,-0.032
1041,1776122767.8863502,-1.907055104136249,0.4344373957842647,0.08114165645632365,-0.15408653711850356,0.193,-0.187,0.134,0.762,0.616,-0.198,-0.032
1042,1776122767.8961406,-1.907055104136249,0.4344373957842647,0.08192974195333669,-0.15408653711850356,0.193,-0.187,0.134,0.762,0.616,-0.198,-0.032
1043,1776122767.9059865,-1.907055104136249,0.4344373957842647,0.08153569920483039,-0.15408653711850356,0.193,-0.187,0.134,0.762,0.616,-0.198,-0.032
1044,1776122767.9155798,-1.907055104136249,0.4344373957842647,0.08153569920483039,-0.15408653711850356,0.193,-0.187,0.134,0.762,0.616,-0.198,-0.032
1045,1776122767.9250538,-1.906029863248064,0.4324579975655496,0.08114165645632365,-0.1533544044730474,0.193,-0.187,0.134,0.762,0.616,-0.197,-0.032
1046,1776122767.934178,-1.9061164723744082,0.43085847131619226,0.08192974195333669,-0.15412694909959046,0.193,-0.187,0.134,0.762,0.616,-0.197,-0.033
1047,1776122767.9434109,-1.9061164723744082,0.43085847131619226,0.08035357095931106,-0.15412694909959046,0.193,-0.187,0.134,0.762,0.616,-0.197,-0.033
1048,1776122767.9525552,-1.9061164723744082,0.43085847131619226,0.08192974195333669,-0.15412694909959046,0.193,-0.187,0.134,0.762,0.616,-0.197,-0.033
1049,1776122767.9626653,-1.9061164723744082,0.43085847131619226,0.08114165645632365,-0.15412694909959046,0.193,-0.187,0.134,0.762,0.616,-0.197,-0.033
1050,1776122767.972821,-1.9096023305137177,0.43077279791376333,0.08114165645632365,-0.15432130193653312,0.193,-0.187,0.134,0.762,0.617,-0.197,-0.033
1051,1776122767.9825857,-1.9093355370746439,0.43026138637625927,0.08153569920483039,-0.15428874872690823,0.193,-0.187,0.134,0.761,0.617,-0.197,-0.033
1052,1776122767.9905462,-1.9093355370746439,0.43026138637625927,0.08114165645632365,-0.15428874872690823,0.193,-0.187,0.134,0.761,0.617,-0.197,-0.033
1053,1776122767.9989767,-1.9093355370746439,0.43026138637625927,0.08192974195333669,-0.15428874872690823,0.193,-0.187,0.134,0.761,0.617,-0.197,-0.033
1054,1776122768.0076694,-1.909084752074644,0.43051217137625925,0.08035357095931106,-0.15428874872690823,0.193,-0.187,0.134,0.761,0.617,-0.197,-0.033
1055,1776122768.0155537,-1.9093355370746439,0.43026138637625927,0.08114165645632365,-0.15428874872690823,0.193,-0.187,0.134,0.761,0.617,-0.197,-0.033
1056,1776122768.025116,-1.9093355370746439,0.43026138637625927,0.08074761370781758,-0.15428874872690823,0.193,-0.187,0.134,0.761,0.617,-0.197,-0.033
1057,1776122768.0336313,-1.9093355370746439,0.43026138637625927,0.08074761370781758,-0.15428874872690823,0.193,-0.187,0.134,0.761,0.617,-0.197,-0.033
1058,1776122768.042256,-1.9093355370746439,0.43026138637625927,0.08074761370781758,-0.15428874872690823,0.193,-0.187,0.134,0.761,0.617,-0.197,-0.033
1059,1776122768.051804,-1.9093355370746439,0.43026138637625927,0.08153569920483039,-0.15428874872690823,0.193,-0.187,0.134,0.761,0.617,-0.197,-0.033
1060,1776122768.0610464,-1.9093355370746439,0.43026138637625927,0.08114165645632365,-0.15428874872690823,0.193,-0.187,0.134,0.761,0.617,-0.197,-0.033
1061,1776122768.0689962,-1.9093355370746439,0.43026138637625927,0.08114165645632365,-0.15428874872690823,0.193,-0.187,0.134,0.761,0.617,-0.197,-0.033
1062,1776122768.0777495,-1.9093355370746439,0.43026138637625927,0.08173600426865435,-0.15428874872690823,0.193,-0.187,0.133,0.761,0.617,-0.197,-0.033
1063,1776122768.086662,-1.9093355370746439,0.43026138637625927,0.08173600426865435,-0.15428874872690823,0.193,-0.187,0.133,0.761,0.617,-0.197,-0.033
1064,1776122768.0958543,-1.9093355370746439,0.43026138637625927,0.08173600426865435,-0.15428874872690823,0.193,-0.187,0.133,0.761,0.617,-0.197,-0.033
1065,1776122768.1048424,-1.9093355370746439,0.43026138637625927,0.08134196152014805,-0.15428874872690823,0.193,-0.187,0.133,0.761,0.617,-0.197,-0.033
1066,1776122768.115917,-1.9093355370746439,0.43026138637625927,0.08134196152014805,-0.15428874872690823,0.193,-0.187,0.133,0.761,0.617,-0.197,-0.033
1067,1776122768.1271877,-1.9093355370746439,0.43026138637625927,0.08213004701716087,-0.15428874872690823,0.193,-0.187,0.133,0.761,0.617,-0.197,-0.033
1068,1776122768.1396646,-1.9093355370746439,0.43026138637625927,0.08173600426865435,-0.15428874872690823,0.193,-0.187,0.133,0.761,0.617,-0.197,-0.033
1069,1776122768.1506097,-1.9093355370746439,0.43026138637625927,0.08173600426865435,-0.15428874872690823,0.193,-0.187,0.133,0.761,0.617,-0.197,-0.033
1070,1776122768.1602817,-1.9083151658587676,0.42828635689184913,0.08134196152014805,-0.15355679469077368,0.193,-0.187,0.133,0.761,0.617,-0.196,-0.033
1071,1776122768.1710196,-1.9084003923401525,0.42668566071853575,0.0829181325141739,-0.15432826216934317,0.193,-0.187,0.133,0.761,0.617,-0.196,-0.034
1072,1776122768.1813054,-1.9084003923401525,0.42668566071853575,0.08134196152014805,-0.15432826216934317,0.193,-0.187,0.133,0.761,0.617,-0.196,-0.034
1073,1776122768.1919353,-1.9081496073401525,0.42693644571853573,0.08094791877164154,-0.15432826216934317,0.193,-0.187,0.133,0.761,0.617,-0.196,-0.034
1074,1776122768.2027466,-1.9084003923401525,0.42668566071853575,0.08213004701716087,-0.15432826216934317,0.193,-0.187,0.133,0.761,0.617,-0.196,-0.034
1075,1776122768.2131915,-1.9084003923401525,0.42668566071853575,0.08134196152014805,-0.15432826216934317,0.193,-0.187,0.133,0.761,0.617,-0.196,-0.034
1076,1776122768.2236893,-1.9084003923401525,0.42668566071853575,0.08213004701716087,-0.15432826216934317,0.193,-0.187,0.133,0.761,0.617,-0.196,-0.034
1077,1776122768.2340987,-1.9084003923401525,0.42668566071853575,0.08213004701716087,-0.15432826216934317,0.193,-0.187,0.133,0.761,0.617,-0.196,-0.034
1078,1776122768.2437909,-1.9118871836804974,0.4265974695805209,0.08173600426865435,-0.1545214420733474,0.193,-0.187,0.133,0.761,0.618,-0.196,-0.034
1079,1776122768.2542813,-1.9118871836804974,0.4264711495805209,0.08252408976566739,-0.1545214420733474,0.194,-0.187,0.133,0.761,0.618,-0.196,-0.034
1080,1776122768.2646747,-1.9118871836804974,0.4264711495805209,0.08252408976566739,-0.1545214420733474,0.194,-0.187,0.133,0.761,0.618,-0.196,-0.034
1081,1776122768.278507,-1.9118871836804974,0.4264711495805209,0.08213004701716087,-0.1545214420733474,0.194,-0.187,0.133,0.761,0.618,-0.196,-0.034
1082,1776122768.2872434,-1.9118871836804974,0.4264711495805209,0.08213004701716087,-0.1545214420733474,0.194,-0.187,0.133,0.761,0.618,-0.196,-0.034
1083,1776122768.2949328,-1.9118871836804974,0.4264711495805209,0.08173600426865435,-0.1545214420733474,0.194,-0.187,0.133,0.761,0.618,-0.196,-0.034
1084,1776122768.3035755,-1.9118871836804974,0.4264711495805209,0.08213004701716087,-0.1545214420733474,0.194,-0.187,0.133,0.761,0.618,-0.196,-0.034
1085,1776122768.3121786,-1.9118871836804974,0.4264711495805209,0.08173600426865435,-0.1545214420733474,0.194,-0.187,0.133,0.761,0.618,-0.196,-0.034
1086,1776122768.3206098,-1.9118871836804974,0.4264711495805209,0.08134196152014805,-0.1545214420733474,0.194,-0.187,0.133,0.761,0.618,-0.196,-0.034
1087,1776122768.3295484,-1.9118871836804974,0.4264711495805209,0.08272439482949179,-0.1545214420733474,0.194,-0.187,0.132,0.761,0.618,-0.196,-0.034
1088,1776122768.3373919,-1.9118871836804974,0.4264711495805209,0.08233035208098549,-0.1545214420733474,0.194,-0.187,0.132,0.761,0.618,-0.196,-0.034
1089,1776122768.3460193,-1.9118871836804974,0.4264711495805209,0.08154226658397246,-0.1545214420733474,0.194,-0.187,0.132,0.761,0.618,-0.196,-0.034
1090,1776122768.3537369,-1.9118871836804974,0.4264711495805209,0.08272439482949179,-0.1545214420733474,0.194,-0.187,0.132,0.761,0.618,-0.196,-0.034
1091,1776122768.361261,-1.9118871836804974,0.4264711495805209,0.08193630933247897,-0.1545214420733474,0.194,-0.187,0.132,0.761,0.618,-0.196,-0.034
1092,1776122768.369468,-1.9121379686804973,0.4262203645805209,0.08430056582351786,-0.1545214420733474,0.194,-0.187,0.132,0.761,0.618,-0.196,-0.034
1093,1776122768.377734,-1.9116363986804972,0.42672193458052093,0.08154226658397246,-0.1545214420733474,0.194,-0.187,0.132,0.761,0.618,-0.196,-0.034
1094,1776122768.3851697,-1.9126395386804973,0.425718794580521,0.08824099330858237,-0.1545214420733474,0.194,-0.187,0.132,0.761,0.618,-0.196,-0.034
1095,1776122768.3916337,-1.9121379686804973,0.4262203645805209,0.08390652307501134,-0.1545214420733474,0.194,-0.187,0.132,0.761,0.618,-0.196,-0.034
1096,1776122768.3996193,-1.9109565912007411,0.42289560129389936,0.08193630933247897,-0.15456102443525335,0.194,-0.187,0.132,0.761,0.618,-0.195,-0.035
1097,1776122768.4073226,-1.9109565912007411,0.42289560129389936,0.08272439482949179,-0.15456102443525335,0.194,-0.187,0.132,0.761,0.618,-0.195,-0.035
1098,1776122768.4158762,-1.9109565912007411,0.42289560129389936,0.0831184375779983,-0.15456102443525335,0.194,-0.187,0.132,0.761,0.618,-0.195,-0.035
1099,1776122768.4241655,-1.9109565912007411,0.42289560129389936,0.08272439482949179,-0.15456102443525335,0.194,-0.187,0.132,0.761,0.618,-0.195,-0.035
1100,1776122768.433409,-1.9109565912007411,0.42289560129389936,0.08193630933247897,-0.15456102443525335,0.194,-0.187,0.132,0.761,0.618,-0.195,-0.035
1101,1776122768.4419067,-1.9109565912007411,0.42289560129389936,0.08233035208098549,-0.15456102443525335,0.194,-0.187,0.132,0.761,0.618,-0.195,-0.035
1102,1776122768.4498978,-1.910691286679658,0.42239021074852695,0.08193630933247897,-0.15452655736591292,0.194,-0.187,0.132,0.76,0.618,-0.195,-0.035
1103,1776122768.4574423,-1.910691286679658,0.42239021074852695,0.08233035208098549,-0.15452655736591292,0.194,-0.187,0.132,0.76,0.618,-0.195,-0.035
1104,1776122768.465742,-1.910691286679658,0.42239021074852695,0.08272439482949179,-0.15452655736591292,0.194,-0.187,0.132,0.76,0.618,-0.195,-0.035
1105,1776122768.4742677,-1.910691286679658,0.42239021074852695,0.08193630933247897,-0.15452655736591292,0.194,-0.187,0.132,0.76,0.618,-0.195,-0.035
1106,1776122768.4824262,-1.910691286679658,0.42239021074852695,0.08193630933247897,-0.15452655736591292,0.194,-0.187,0.132,0.76,0.618,-0.195,-0.035
1107,1776122768.4916987,-1.910691286679658,0.42239021074852695,0.08233035208098549,-0.15452655736591292,0.194,-0.187,0.132,0.76,0.618,-0.195,-0.035
1108,1776122768.4996471,-1.910691286679658,0.42239021074852695,0.08272439482949179,-0.15452655736591292,0.194,-0.187,0.132,0.76,0.618,-0.195,-0.035
1109,1776122768.5077612,-1.9141790252219137,0.4222995052705716,0.08193630933247897,-0.1547185688524199,0.194,-0.187,0.132,0.76,0.619,-0.195,-0.035
1110,1776122768.5161347,-1.9141790252219137,0.4222995052705716,0.08272439482949179,-0.1547185688524199,0.194,-0.187,0.132,0.76,0.619,-0.195,-0.035
1111,1776122768.5251162,-1.9141790252219137,0.4222995052705716,0.08272439482949179,-0.1547185688524199,0.194,-0.187,0.132,0.76,0.619,-0.195,-0.035
1112,1776122768.5324006,-1.9141790252219137,0.4222995052705716,0.08272439482949179,-0.1547185688524199,0.194,-0.187,0.132,0.76,0.619,-0.195,-0.035
1113,1776122768.5409641,-1.9141790252219137,0.4222995052705716,0.08233035208098549,-0.1547185688524199,0.194,-0.187,0.132,0.76,0.619,-0.195,-0.035
1114,1776122768.5492127,-1.9141790252219137,0.4222995052705716,0.08233035208098549,-0.1547185688524199,0.194,-0.187,0.132,0.76,0.619,-0.195,-0.035
1115,1776122768.5577714,-1.9141790252219137,0.4222995052705716,0.08233035208098549,-0.1547185688524199,0.194,-0.187,0.132,0.76,0.619,-0.195,-0.035
1116,1776122768.5666273,-1.9141790252219137,0.4222995052705716,0.08193630933247897,-0.1547185688524199,0.194,-0.187,0.132,0.76,0.619,-0.195,-0.035
1117,1776122768.574854,-1.9141790252219137,0.4222995052705716,0.08233035208098549,-0.1547185688524199,0.194,-0.187,0.132,0.76,0.619,-0.195,-0.035
1118,1776122768.5835476,-1.9141790252219137,0.4222995052705716,0.0831184375779983,-0.1547185688524199,0.194,-0.187,0.132,0.76,0.619,-0.195,-0.035
1119,1776122768.5920167,-1.9141790252219137,0.4222995052705716,0.08292469989331575,-0.1547185688524199,0.194,-0.187,0.131,0.76,0.619,-0.195,-0.035
1120,1776122768.5995133,-1.9141790252219137,0.4222995052705716,0.08292469989331575,-0.1547185688524199,0.194,-0.187,0.131,0.76,0.619,-0.195,-0.035
1121,1776122768.6080205,-1.9141790252219137,0.4222995052705716,0.08253065714480945,-0.1547185688524199,0.194,-0.187,0.131,0.76,0.619,-0.195,-0.035
1122,1776122768.616276,-1.9141790252219137,0.4222995052705716,0.08331874264182204,-0.1547185688524199,0.194,-0.187,0.131,0.76,0.619,-0.195,-0.035
1123,1776122768.6243284,-1.9132519471890057,0.4187270699628101,0.08292469989331575,-0.15475726679832008,0.194,-0.187,0.131,0.76,0.619,-0.194,-0.036
1124,1776122768.6325667,-1.913502732189006,0.4184762849628101,0.08568299913286093,-0.15475726679832008,0.194,-0.187,0.131,0.76,0.619,-0.194,-0.036
1125,1776122768.6405628,-1.9133782671890058,0.4187270699628101,0.08292469989331575,-0.15475726679832008,0.194,-0.188,0.131,0.76,0.619,-0.194,-0.036
1126,1776122768.6490948,-1.9133782671890058,0.4187270699628101,0.08292469989331575,-0.15475726679832008,0.194,-0.188,0.131,0.76,0.619,-0.194,-0.036
1127,1776122768.6573179,-1.9133782671890058,0.4187270699628101,0.08292469989331575,-0.15475726679832008,0.194,-0.188,0.131,0.76,0.619,-0.194,-0.036
1128,1776122768.6663334,-1.9133782671890058,0.4187270699628101,0.08371278539032856,-0.15475726679832008,0.194,-0.188,0.131,0.76,0.619,-0.194,-0.036
1129,1776122768.6741595,-1.9133782671890058,0.4187270699628101,0.08331874264182204,-0.15475726679832008,0.194,-0.188,0.131,0.76,0.619,-0.194,-0.036
1130,1776122768.6824498,-1.9136290521890058,0.4184762849628101,0.08489491363584811,-0.15475726679832008,0.194,-0.188,0.131,0.76,0.619,-0.194,-0.036
1131,1776122768.6910336,-1.9133782671890058,0.4187270699628101,0.08292469989331575,-0.15475726679832008,0.194,-0.188,0.131,0.76,0.619,-0.194,-0.036
1132,1776122768.6991713,-1.9133782671890058,0.4187270699628101,0.08371278539032856,-0.15475726679832008,0.194,-0.188,0.131,0.76,0.619,-0.194,-0.036
1133,1776122768.707368,-1.9133782671890058,0.4187270699628101,0.08253065714480945,-0.15475726679832008,0.194,-0.188,0.131,0.76,0.619,-0.194,-0.036
1134,1776122768.7160087,-1.9133782671890058,0.4187270699628101,0.08331874264182204,-0.15475726679832008,0.194,-0.188,0.131,0.76,0.619,-0.194,-0.036
1135,1776122768.724348,-1.9133782671890058,0.4187270699628101,0.08331874264182204,-0.15475726679832008,0.194,-0.188,0.131,0.76,0.619,-0.194,-0.036
1136,1776122768.7325506,-1.9133782671890058,0.4187270699628101,0.08292469989331575,-0.15475726679832008,0.194,-0.188,0.131,0.76,0.619,-0.194,-0.036
1137,1776122768.74105,-1.9133782671890058,0.4187270699628101,0.08292469989331575,-0.15475726679832008,0.194,-0.188,0.131,0.76,0.619,-0.194,-0.036
1138,1776122768.7493875,-1.9133782671890058,0.4187270699628101,0.08292469989331575,-0.15475726679832008,0.194,-0.188,0.131,0.76,0.619,-0.194,-0.036
1139,1776122768.7580802,-1.9133782671890058,0.4187270699628101,0.08331874264182204,-0.15475726679832008,0.194,-0.188,0.131,0.76,0.619,-0.194,-0.036
1140,1776122768.766014,-1.9136290521890058,0.4184762849628101,0.08410682813883508,-0.15475726679832008,0.194,-0.188,0.131,0.76,0.619,-0.194,-0.036
1141,1776122768.7777598,-1.9133782671890058,0.4187270699628101,0.08292469989331575,-0.15475726679832008,0.194,-0.188,0.131,0.76,0.619,-0.194,-0.036
1142,1776122768.7886746,-1.9133782671890058,0.4187270699628101,0.08253065714480945,-0.15475726679832008,0.194,-0.188,0.131,0.76,0.619,-0.194,-0.036
1143,1776122768.800408,-1.9133782671890058,0.4187270699628101,0.08292469989331575,-0.15475726679832008,0.194,-0.188,0.131,0.76,0.619,-0.194,-0.036
1144,1776122768.810951,-1.9133782671890058,0.4187270699628101,0.08292469989331575,-0.15475726679832008,0.194,-0.188,0.131,0.76,0.619,-0.194,-0.036
1145,1776122768.8216732,-1.9133782671890058,0.4187270699628101,0.08292469989331575,-0.15475726679832008,0.194,-0.188,0.131,0.76,0.619,-0.194,-0.036
1146,1776122768.8323119,-1.9168626879606527,0.4186338437963803,0.08312500495713993,-0.15494810568157782,0.194,-0.188,0.13,0.76,0.62,-0.194,-0.036
1147,1776122768.842781,-1.9168626879606527,0.4186338437963803,0.08351904770564644,-0.15494810568157782,0.194,-0.188,0.13,0.76,0.62,-0.194,-0.036
1148,1776122768.853104,-1.9168626879606527,0.4186338437963803,0.08351904770564644,-0.15494810568157782,0.194,-0.188,0.13,0.76,0.62,-0.194,-0.036
1149,1776122768.8638668,-1.916943429909953,0.4170285626856447,0.08312500495713993,-0.15571836370775177,0.194,-0.188,0.13,0.76,0.62,-0.194,-0.037
1150,1776122768.874248,-1.916943429909953,0.4170285626856447,0.08351904770564644,-0.15571836370775177,0.194,-0.188,0.13,0.76,0.62,-0.194,-0.037
1151,1776122768.8847272,-1.9159401880323352,0.41506151915901596,0.08391309045415274,-0.15498688379865758,0.194,-0.188,0.13,0.76,0.62,-0.193,-0.037
1152,1776122768.895396,-1.9159401880323352,0.41506151915901596,0.08312500495713993,-0.15498688379865758,0.194,-0.188,0.13,0.76,0.62,-0.193,-0.037
1153,1776122768.9060895,-1.9161909730323352,0.4148107341590159,0.08509521869967207,-0.15498688379865758,0.194,-0.188,0.13,0.76,0.62,-0.193,-0.037
1154,1776122768.917325,-1.9159401880323352,0.41506151915901596,0.08391309045415274,-0.15498688379865758,0.194,-0.188,0.13,0.76,0.62,-0.193,-0.037
1155,1776122768.9275138,-1.9159401880323352,0.41506151915901596,0.08312500495713993,-0.15498688379865758,0.194,-0.188,0.13,0.76,0.62,-0.193,-0.037
1156,1776122768.938151,-1.9159401880323352,0.41506151915901596,0.08391309045415274,-0.15498688379865758,0.194,-0.188,0.13,0.76,0.62,-0.193,-0.037
1157,1776122768.9490921,-1.9161909730323352,0.4148107341590159,0.08509521869967207,-0.15498688379865758,0.194,-0.188,0.13,0.76,0.62,-0.193,-0.037
1158,1776122768.9601007,-1.9159401880323352,0.41506151915901596,0.08351904770564644,-0.15498688379865758,0.194,-0.188,0.13,0.76,0.62,-0.193,-0.037
1159,1776122768.9713094,-1.9159401880323352,0.41506151915901596,0.08312500495713993,-0.15498688379865758,0.194,-0.188,0.13,0.76,0.62,-0.193,-0.037
1160,1776122768.9827876,-1.9161909730323352,0.4148107341590159,0.0858833041966851,-0.15498688379865758,0.194,-0.188,0.13,0.76,0.62,-0.193,-0.037
1161,1776122768.9907806,-1.9159401880323352,0.41506151915901596,0.08351904770564644,-0.15498688379865758,0.194,-0.188,0.13,0.76,0.62,-0.193,-0.037
1162,1776122768.9990187,-1.9156806684265029,0.41456211933467535,0.08351904770564644,-0.15495051686508599,0.194,-0.188,0.13,0.759,0.62,-0.193,-0.037
1163,1776122769.0078566,-1.9156806684265029,0.41456211933467535,0.08351904770564644,-0.15495051686508599,0.194,-0.188,0.13,0.759,0.62,-0.193,-0.037
1164,1776122769.0160437,-1.9156806684265029,0.41456211933467535,0.08351904770564644,-0.15495051686508599,0.194,-0.188,0.13,0.759,0.62,-0.193,-0.037
1165,1776122769.0250475,-1.9156806684265029,0.41456211933467535,0.08351904770564644,-0.15495051686508599,0.194,-0.188,0.13,0.759,0.62,-0.193,-0.037
1166,1776122769.032196,-1.9156806684265029,0.41456211933467535,0.08351904770564644,-0.15495051686508599,0.194,-0.188,0.13,0.759,0.62,-0.193,-0.037
1167,1776122769.0414784,-1.9156806684265029,0.41456211933467535,0.08430713320265903,-0.15495051686508599,0.194,-0.188,0.13,0.759,0.62,-0.193,-0.037
1168,1776122769.0491428,-1.9156806684265029,0.41456211933467535,0.08391309045415274,-0.15495051686508599,0.194,-0.188,0.13,0.759,0.62,-0.193,-0.037
1169,1776122769.057571,-1.9156806684265029,0.41456211933467535,0.08450743826648321,-0.15495051686508599,0.194,-0.188,0.129,0.759,0.62,-0.193,-0.037
1170,1776122769.0657344,-1.9157615246588957,0.4129581724920659,0.08411339551797692,-0.1557198990643676,0.194,-0.188,0.129,0.759,0.62,-0.193,-0.038
1171,1776122769.07546,-1.9157615246588957,0.4129581724920659,0.08411339551797692,-0.1557198990643676,0.194,-0.188,0.129,0.759,0.62,-0.193,-0.038
1172,1776122769.085907,-1.9157615246588957,0.4129581724920659,0.08411339551797692,-0.1557198990643676,0.194,-0.188,0.129,0.759,0.62,-0.193,-0.038
1173,1776122769.0966163,-1.9192454480136967,0.4128598830281306,0.08411339551797692,-0.1559094215948974,0.194,-0.188,0.129,0.759,0.621,-0.193,-0.038
1174,1776122769.107005,-1.9182470952658308,0.41089708864192453,0.08411339551797692,-0.1551781034242751,0.194,-0.188,0.129,0.759,0.621,-0.192,-0.038
1175,1776122769.1175063,-1.9182470952658308,0.41089708864192453,0.0837193527694704,-0.1551781034242751,0.194,-0.188,0.129,0.759,0.621,-0.192,-0.038
1176,1776122769.127885,-1.9182470952658308,0.41089708864192453,0.0837193527694704,-0.1551781034242751,0.194,-0.188,0.129,0.759,0.621,-0.192,-0.038
1177,1776122769.1384332,-1.9182470952658308,0.41089708864192453,0.08450743826648321,-0.1551781034242751,0.194,-0.188,0.129,0.759,0.621,-0.192,-0.038
1178,1776122769.1488464,-1.9182470952658308,0.41089708864192453,0.08450743826648321,-0.1551781034242751,0.194,-0.188,0.129,0.759,0.621,-0.192,-0.038
1179,1776122769.1602826,-1.9182470952658308,0.41089708864192453,0.08411339551797692,-0.1551781034242751,0.194,-0.188,0.129,0.759,0.621,-0.192,-0.038
1180,1776122769.1702757,-1.9182470952658308,0.41089708864192453,0.08411339551797692,-0.1551781034242751,0.194,-0.188,0.129,0.759,0.621,-0.192,-0.038
1181,1776122769.179727,-1.9182470952658308,0.41089708864192453,0.08490148101498973,-0.1551781034242751,0.194,-0.188,0.129,0.759,0.621,-0.192,-0.038
1182,1776122769.1868398,-1.9182470952658308,0.41089708864192453,0.0837193527694704,-0.1551781034242751,0.194,-0.188,0.129,0.759,0.621,-0.192,-0.038
1183,1776122769.1931639,-1.9182470952658308,0.41089708864192453,0.08450743826648321,-0.1551781034242751,0.194,-0.188,0.129,0.759,0.621,-0.192,-0.038
1184,1776122769.200649,-1.9182470952658308,0.41089708864192453,0.08411339551797692,-0.1551781034242751,0.194,-0.188,0.129,0.759,0.621,-0.192,-0.038
1185,1776122769.2077675,-1.9182470952658308,0.41089708864192453,0.08411339551797692,-0.1551781034242751,0.194,-0.188,0.129,0.759,0.621,-0.192,-0.038
1186,1776122769.2157352,-1.9182470952658308,0.41089708864192453,0.08490148101498973,-0.1551781034242751,0.194,-0.188,0.129,0.759,0.621,-0.192,-0.038
1187,1776122769.2247307,-1.9182470952658308,0.41089708864192453,0.08411339551797692,-0.1551781034242751,0.194,-0.188,0.129,0.759,0.621,-0.192,-0.038
1188,1776122769.23384,-1.9182470952658308,0.41089708864192453,0.08411339551797692,-0.1551781034242751,0.194,-0.188,0.129,0.759,0.621,-0.192,-0.038
1189,1776122769.241097,-1.9182470952658308,0.41089708864192453,0.0837193527694704,-0.1551781034242751,0.194,-0.188,0.129,0.759,0.621,-0.192,-0.038
1190,1776122769.2496054,-1.9182470952658308,0.41089708864192453,0.0837193527694704,-0.1551781034242751,0.194,-0.188,0.129,0.759,0.621,-0.192,-0.038
1191,1776122769.2574914,-1.9182470952658308,0.41089708864192453,0.08490148101498973,-0.1551781034242751,0.194,-0.188,0.129,0.759,0.621,-0.192,-0.038
1192,1776122769.2661862,-1.9182470952658308,0.41089708864192453,0.08450743826648321,-0.1551781034242751,0.194,-0.188,0.129,0.759,0.621,-0.192,-0.038
1193,1776122769.2748387,-1.9182470952658308,0.41089708864192453,0.08411339551797692,-0.1551781034242751,0.194,-0.188,0.129,0.759,0.621,-0.192,-0.038
1194,1776122769.2854807,-1.9182470952658308,0.41089708864192453,0.0837193527694704,-0.1551781034242751,0.194,-0.188,0.129,0.759,0.621,-0.192,-0.038
1195,1776122769.295847,-1.9183264033011225,0.40929174177616207,0.08490148101498973,-0.1559474140600911,0.194,-0.188,0.129,0.759,0.621,-0.192,-0.039
1196,1776122769.3072693,-1.9183264033011225,0.40929174177616207,0.08411339551797692,-0.1559474140600911,0.194,-0.188,0.129,0.759,0.621,-0.192,-0.039
1197,1776122769.3177574,-1.9183264033011225,0.40929174177616207,0.0847077433303074,-0.1559474140600911,0.194,-0.188,0.128,0.759,0.621,-0.192,-0.039
1198,1776122769.3241365,-1.9183264033011225,0.40929174177616207,0.0843137005818011,-0.1559474140600911,0.194,-0.188,0.128,0.759,0.621,-0.192,-0.039
1199,1776122769.3335447,-1.9173332222037316,0.40733035005299617,0.0843137005818011,-0.1552172172965847,0.194,-0.188,0.128,0.759,0.621,-0.191,-0.039
1200,1776122769.3424776,-1.9173332222037316,0.40733035005299617,0.0847077433303074,-0.1552172172965847,0.194,-0.188,0.128,0.759,0.621,-0.191,-0.039
1201,1776122769.3501606,-1.9173332222037316,0.40733035005299617,0.0847077433303074,-0.1552172172965847,0.194,-0.188,0.128,0.759,0.621,-0.191,-0.039
1202,1776122769.3573413,-1.9173332222037316,0.40733035005299617,0.0847077433303074,-0.1552172172965847,0.194,-0.188,0.128,0.759,0.621,-0.191,-0.039
1203,1776122769.3660567,-1.9173332222037316,0.40733035005299617,0.08510178607881391,-0.1552172172965847,0.194,-0.188,0.128,0.759,0.621,-0.191,-0.039
1204,1776122769.3741686,-1.9208148132851504,0.40722958774921575,0.0847077433303074,-0.15540461672271547,0.194,-0.188,0.128,0.759,0.622,-0.191,-0.039
1205,1776122769.3840556,-1.9208148132851504,0.40722958774921575,0.0847077433303074,-0.15540461672271547,0.194,-0.188,0.128,0.759,0.622,-0.191,-0.039
1206,1776122769.3914654,-1.9208148132851504,0.40722958774921575,0.0843137005818011,-0.15540461672271547,0.194,-0.188,0.128,0.759,0.622,-0.191,-0.039
1207,1776122769.3996165,-1.9208148132851504,0.4071032677492157,0.0847077433303074,-0.15540461672271547,0.195,-0.188,0.128,0.759,0.622,-0.191,-0.039
1208,1776122769.4073632,-1.9208148132851504,0.4071032677492157,0.08588987157582673,-0.15540461672271547,0.195,-0.188,0.128,0.759,0.622,-0.191,-0.039
1209,1776122769.4167664,-1.9208148132851504,0.4071032677492157,0.0843137005818011,-0.15540461672271547,0.195,-0.188,0.128,0.759,0.622,-0.191,-0.039
1210,1776122769.4255617,-1.9208148132851504,0.4071032677492157,0.0843137005818011,-0.15540461672271547,0.195,-0.188,0.128,0.759,0.622,-0.191,-0.039
1211,1776122769.4329162,-1.9208148132851504,0.4071032677492157,0.0847077433303074,-0.15540461672271547,0.195,-0.188,0.128,0.759,0.622,-0.191,-0.039
1212,1776122769.4406512,-1.9208148132851504,0.4071032677492157,0.0847077433303074,-0.15540461672271547,0.195,-0.188,0.128,0.759,0.622,-0.191,-0.039
1213,1776122769.4524581,-1.9208148132851504,0.4071032677492157,0.0847077433303074,-0.15540461672271547,0.195,-0.188,0.128,0.759,0.622,-0.191,-0.039
1214,1776122769.463898,-1.9208148132851504,0.4071032677492157,0.08588987157582673,-0.15540461672271547,0.195,-0.188,0.128,0.759,0.622,-0.191,-0.039
1215,1776122769.474255,-1.9205611182849958,0.406609819908048,0.08510178607881391,-0.15536635558251177,0.195,-0.188,0.128,0.758,0.622,-0.191,-0.039
1216,1776122769.4855168,-1.9203103332849958,0.40686060490804793,0.08391965783329458,-0.15536635558251177,0.195,-0.188,0.128,0.758,0.622,-0.191,-0.039
1217,1776122769.4969873,-1.9203103332849958,0.40686060490804793,0.08391965783329458,-0.15536635558251177,0.195,-0.188,0.128,0.758,0.622,-0.191,-0.039
1218,1776122769.5081894,-1.9205611182849958,0.406609819908048,0.0847077433303074,-0.15536635558251177,0.195,-0.188,0.128,0.758,0.622,-0.191,-0.039
1219,1776122769.5181613,-1.9205611182849958,0.406609819908048,0.0843137005818011,-0.15536635558251177,0.195,-0.188,0.128,0.758,0.622,-0.191,-0.039
1220,1776122769.529783,-1.9211406597437084,0.40450164889370355,0.08943625631238494,-0.15613465467317245,0.195,-0.188,0.128,0.758,0.622,-0.191,-0.04
1221,1776122769.5398574,-1.9208898747437084,0.4047524338937036,0.08628391432433324,-0.15613465467317245,0.195,-0.188,0.128,0.758,0.622,-0.191,-0.04
1222,1776122769.551663,-1.9206390897437082,0.40500321889370355,0.0847077433303074,-0.15613465467317245,0.195,-0.188,0.128,0.758,0.622,-0.191,-0.04
1223,1776122769.562224,-1.9206390897437082,0.40500321889370355,0.08530209114263809,-0.15613465467317245,0.195,-0.188,0.127,0.758,0.622,-0.191,-0.04
1224,1776122769.572695,-1.9196507966228393,0.4030460223556504,0.0860901766396509,-0.15540460844666096,0.195,-0.188,0.127,0.758,0.622,-0.19,-0.04
1225,1776122769.583293,-1.9196507966228393,0.4030460223556504,0.08648421938815742,-0.15540460844666096,0.195,-0.188,0.127,0.758,0.622,-0.19,-0.04
1226,1776122769.5936432,-1.9199015816228393,0.4027952373556504,0.08845443313068979,-0.15540460844666096,0.195,-0.188,0.127,0.758,0.622,-0.19,-0.04
1227,1776122769.604284,-1.9196507966228393,0.4030460223556504,0.0849080483941318,-0.15540460844666096,0.195,-0.188,0.127,0.758,0.622,-0.19,-0.04
1228,1776122769.613018,-1.9199015816228393,0.4027952373556504,0.08687826213666394,-0.15540460844666096,0.195,-0.188,0.127,0.758,0.622,-0.19,-0.04
1229,1776122769.6216028,-1.9196507966228393,0.4030460223556504,0.08569613389114483,-0.15540460844666096,0.195,-0.188,0.127,0.758,0.622,-0.19,-0.04
1230,1776122769.629189,-1.9196507966228393,0.4030460223556504,0.0849080483941318,-0.15540460844666096,0.195,-0.188,0.127,0.758,0.622,-0.19,-0.04
1231,1776122769.6371648,-1.9196507966228393,0.4030460223556504,0.08569613389114483,-0.15540460844666096,0.195,-0.188,0.127,0.758,0.622,-0.19,-0.04
1232,1776122769.6472757,-1.9194000116228391,0.4032968073556505,0.08451400564562528,-0.15540460844666096,0.195,-0.188,0.127,0.758,0.622,-0.19,-0.04
1233,1776122769.6571438,-1.923133385960054,0.40294276108284804,0.0849080483941318,-0.15559086023248261,0.195,-0.188,0.127,0.758,0.623,-0.19,-0.04
1234,1776122769.665763,-1.923133385960054,0.40294276108284804,0.0849080483941318,-0.15559086023248261,0.195,-0.188,0.127,0.758,0.623,-0.19,-0.04
1235,1776122769.6744008,-1.923133385960054,0.40294276108284804,0.08569613389114483,-0.15559086023248261,0.195,-0.188,0.127,0.758,0.623,-0.19,-0.04
1236,1776122769.6821728,-1.923133385960054,0.40294276108284804,0.08451400564562528,-0.15559086023248261,0.195,-0.188,0.127,0.758,0.623,-0.19,-0.04
1237,1776122769.690694,-1.923133385960054,0.40294276108284804,0.08648421938815742,-0.15559086023248261,0.195,-0.188,0.127,0.758,0.623,-0.19,-0.04
1238,1776122769.6992211,-1.923133385960054,0.40294276108284804,0.08648421938815742,-0.15559086023248261,0.195,-0.188,0.127,0.758,0.623,-0.19,-0.04
1239,1776122769.707798,-1.922882600960054,0.40319354608284813,0.08451400564562528,-0.15559086023248261,0.195,-0.188,0.127,0.758,0.623,-0.19,-0.04
1240,1776122769.7159653,-1.923133385960054,0.40294276108284804,0.0849080483941318,-0.15559086023248261,0.195,-0.188,0.127,0.758,0.623,-0.19,-0.04
1241,1776122769.7241619,-1.923133385960054,0.40294276108284804,0.0849080483941318,-0.15559086023248261,0.195,-0.188,0.127,0.758,0.623,-0.19,-0.04
1242,1776122769.7322893,-1.923133385960054,0.40294276108284804,0.08530209114263809,-0.15559086023248261,0.195,-0.188,0.127,0.758,0.623,-0.19,-0.04
1243,1776122769.7409801,-1.9232098344894952,0.4013347355085968,0.08569613389114483,-0.1563591071852675,0.195,-0.188,0.127,0.758,0.623,-0.19,-0.041
1244,1776122769.7498538,-1.9232098344894952,0.4013347355085968,0.0849080483941318,-0.1563591071852675,0.195,-0.188,0.127,0.758,0.623,-0.19,-0.041
1245,1776122769.7575881,-1.9232098344894952,0.4013347355085968,0.0849080483941318,-0.1563591071852675,0.195,-0.188,0.127,0.758,0.623,-0.19,-0.041
1246,1776122769.7656617,-1.9232098344894952,0.4013347355085968,0.0860901766396509,-0.1563591071852675,0.195,-0.188,0.127,0.758,0.623,-0.19,-0.041
1247,1776122769.774656,-1.9232098344894952,0.4013347355085968,0.08569613389114483,-0.1563591071852675,0.195,-0.188,0.127,0.758,0.623,-0.19,-0.041
1248,1776122769.7829456,-1.9232098344894952,0.4013347355085968,0.0849080483941318,-0.1563591071852675,0.195,-0.188,0.127,0.758,0.623,-0.19,-0.041
1249,1776122769.7913437,-1.922227671416995,0.39937893927519513,0.08550239620646227,-0.15562921152975254,0.195,-0.188,0.126,0.758,0.623,-0.189,-0.041
1250,1776122769.8003972,-1.922227671416995,0.39937893927519513,0.0866845244519816,-0.15562921152975254,0.195,-0.188,0.126,0.758,0.623,-0.189,-0.041
1251,1776122769.8081312,-1.922227671416995,0.39937893927519513,0.08589643895496879,-0.15562921152975254,0.195,-0.188,0.126,0.758,0.623,-0.189,-0.041
1252,1776122769.8158076,-1.921976886416995,0.3996297242751951,0.08510835345795575,-0.15562921152975254,0.195,-0.188,0.126,0.758,0.623,-0.189,-0.041
1253,1776122769.8244555,-1.922227671416995,0.39937893927519513,0.08589643895496879,-0.15562921152975254,0.195,-0.188,0.126,0.758,0.623,-0.189,-0.041
1254,1776122769.833577,-1.922353991416995,0.39937893927519513,0.08589643895496879,-0.15562921152975254,0.195,-0.189,0.126,0.758,0.623,-0.189,-0.041
1255,1776122769.841035,-1.922353991416995,0.39937893927519513,0.0866845244519816,-0.15562921152975254,0.195,-0.189,0.126,0.758,0.623,-0.189,-0.041
1256,1776122769.849289,-1.922353991416995,0.39937893927519513,0.08629048170347531,-0.15562921152975254,0.195,-0.189,0.126,0.758,0.623,-0.189,-0.041
1257,1776122769.8595338,-1.922353991416995,0.39937893927519513,0.08550239620646227,-0.15562921152975254,0.195,-0.189,0.126,0.758,0.623,-0.189,-0.041
1258,1776122769.8672862,-1.922353991416995,0.39937893927519513,0.08629048170347531,-0.15562921152975254,0.195,-0.189,0.126,0.758,0.623,-0.189,-0.041
1259,1776122769.874674,-1.922353991416995,0.39937893927519513,0.08550239620646227,-0.15562921152975254,0.195,-0.189,0.126,0.758,0.623,-0.189,-0.041
1260,1776122769.8824818,-1.922353991416995,0.39937893927519513,0.08589643895496879,-0.15562921152975254,0.195,-0.189,0.126,0.758,0.623,-0.189,-0.041
1261,1776122769.891108,-1.922353991416995,0.39937893927519513,0.08550239620646227,-0.15562921152975254,0.195,-0.189,0.126,0.758,0.623,-0.189,-0.041
1262,1776122769.8996272,-1.922353991416995,0.39937893927519513,0.08589643895496879,-0.15562921152975254,0.195,-0.189,0.126,0.758,0.623,-0.189,-0.041
1263,1776122769.9075682,-1.922353991416995,0.39937893927519513,0.0866845244519816,-0.15562921152975254,0.195,-0.189,0.126,0.758,0.623,-0.189,-0.041
1264,1776122769.916086,-1.922353991416995,0.39937893927519513,0.08589643895496879,-0.15562921152975254,0.195,-0.189,0.126,0.758,0.623,-0.189,-0.041
1265,1776122769.92405,-1.9226047764169951,0.3991281542751951,0.08786665269750116,-0.15562921152975254,0.195,-0.189,0.126,0.758,0.623,-0.189,-0.041
1266,1776122769.93294,-1.9258332947877599,0.39927317193914513,0.0866845244519816,-0.15581431033043583,0.195,-0.189,0.126,0.758,0.624,-0.189,-0.041
1267,1776122769.940666,-1.9258332947877599,0.39927317193914513,0.08629048170347531,-0.15581431033043583,0.195,-0.189,0.126,0.758,0.624,-0.189,-0.041
1268,1776122769.9489684,-1.9255854646127037,0.3987856382431189,0.08550239620646227,-0.15577416036983216,0.195,-0.189,0.126,0.757,0.624,-0.189,-0.041
1269,1776122769.9581807,-1.9255854646127037,0.3987856382431189,0.08589643895496879,-0.15577416036983216,0.195,-0.189,0.126,0.757,0.624,-0.189,-0.041
1270,1776122769.9661481,-1.9256605949294916,0.39717632816697335,0.08629048170347531,-0.15654141816241057,0.195,-0.189,0.126,0.757,0.624,-0.189,-0.042
1271,1776122769.9741926,-1.9256605949294916,0.39717632816697335,0.08550239620646227,-0.15654141816241057,0.195,-0.189,0.126,0.757,0.624,-0.189,-0.042
1272,1776122769.982655,-1.9256605949294916,0.39717632816697335,0.08629048170347531,-0.15654141816241057,0.195,-0.189,0.126,0.757,0.624,-0.189,-0.042
1273,1776122769.9906554,-1.9256605949294916,0.39717632816697335,0.08550239620646227,-0.15654141816241057,0.195,-0.189,0.126,0.757,0.624,-0.189,-0.042
1274,1776122769.9990554,-1.9256605949294916,0.39717632816697335,0.0866845244519816,-0.15654141816241057,0.195,-0.189,0.126,0.757,0.624,-0.189,-0.042
1275,1776122770.007893,-1.9256605949294916,0.39717632816697335,0.08629048170347531,-0.15654141816241057,0.195,-0.189,0.126,0.757,0.624,-0.189,-0.042
1276,1776122770.015778,-1.9256605949294916,0.39717632816697335,0.08589643895496879,-0.15654141816241057,0.195,-0.189,0.126,0.757,0.624,-0.189,-0.042
1277,1776122770.0240502,-1.9246833301700281,0.3952246742796244,0.08589643895496879,-0.15581166364014837,0.195,-0.189,0.126,0.757,0.624,-0.188,-0.042
1278,1776122770.0324056,-1.9246833301700281,0.3952246742796244,0.08589643895496879,-0.15581166364014837,0.195,-0.189,0.126,0.757,0.624,-0.188,-0.042
1279,1776122770.0410547,-1.9246833301700281,0.3952246742796244,0.08649078676729927,-0.15581166364014837,0.195,-0.189,0.125,0.757,0.624,-0.188,-0.042
1280,1776122770.0496676,-1.9246833301700281,0.3952246742796244,0.08688482951580578,-0.15581166364014837,0.195,-0.189,0.125,0.757,0.624,-0.188,-0.042
1281,1776122770.0573552,-1.9246833301700281,0.3952246742796244,0.08688482951580578,-0.15581166364014837,0.195,-0.189,0.125,0.757,0.624,-0.188,-0.042
1282,1776122770.06558,-1.9246833301700281,0.3952246742796244,0.08649078676729927,-0.15581166364014837,0.195,-0.189,0.125,0.757,0.624,-0.188,-0.042
1283,1776122770.0745072,-1.9246833301700281,0.3952246742796244,0.08688482951580578,-0.15581166364014837,0.195,-0.189,0.125,0.757,0.624,-0.188,-0.042
1284,1776122770.0822246,-1.9246833301700281,0.3952246742796244,0.08688482951580578,-0.15581166364014837,0.195,-0.189,0.125,0.757,0.624,-0.188,-0.042
1285,1776122770.0907717,-1.924934115170028,0.39497388927962435,0.08846100050983163,-0.15581166364014837,0.195,-0.189,0.125,0.757,0.624,-0.188,-0.042
1286,1776122770.0993571,-1.9246833301700281,0.3952246742796244,0.08649078676729927,-0.15581166364014837,0.195,-0.189,0.125,0.757,0.624,-0.188,-0.042
1287,1776122770.1078749,-1.9246833301700281,0.3952246742796244,0.08688482951580578,-0.15581166364014837,0.195,-0.189,0.125,0.757,0.624,-0.188,-0.042
1288,1776122770.1157913,-1.9246833301700281,0.3952246742796244,0.08649078676729927,-0.15581166364014837,0.195,-0.189,0.125,0.757,0.624,-0.188,-0.042
1289,1776122770.1246443,-1.9246833301700281,0.3952246742796244,0.08688482951580578,-0.15581166364014837,0.195,-0.189,0.125,0.757,0.624,-0.188,-0.042
1290,1776122770.1323946,-1.9246833301700281,0.3952246742796244,0.08609674401879297,-0.15581166364014837,0.195,-0.189,0.125,0.757,0.624,-0.188,-0.042
1291,1776122770.1408992,-1.9246833301700281,0.3952246742796244,0.08649078676729927,-0.15581166364014837,0.195,-0.189,0.125,0.757,0.624,-0.188,-0.042
1292,1776122770.1495626,-1.9246833301700281,0.3952246742796244,0.08688482951580578,-0.15581166364014837,0.195,-0.189,0.125,0.757,0.624,-0.188,-0.042
1293,1776122770.1573925,-1.9246833301700281,0.3952246742796244,0.08609674401879297,-0.15581166364014837,0.195,-0.189,0.125,0.757,0.624,-0.188,-0.042
1294,1776122770.166241,-1.9246833301700281,0.3952246742796244,0.08649078676729927,-0.15581166364014837,0.195,-0.189,0.125,0.757,0.624,-0.188,-0.042
1295,1776122770.1764834,-1.9246833301700281,0.3952246742796244,0.08649078676729927,-0.15581166364014837,0.195,-0.189,0.125,0.757,0.624,-0.188,-0.042
1296,1776122770.1870682,-1.9246833301700281,0.3952246742796244,0.08609674401879297,-0.15581166364014837,0.195,-0.189,0.125,0.757,0.624,-0.188,-0.042
1297,1776122770.197588,-1.924934115170028,0.39497388927962435,0.08924908600684467,-0.15581166364014837,0.195,-0.189,0.125,0.757,0.624,-0.188,-0.042
1298,1776122770.2080274,-1.924758376418548,0.39361645881052953,0.08649078676729927,-0.1565790371346301,0.195,-0.189,0.125,0.757,0.624,-0.188,-0.043
1299,1776122770.2184465,-1.924758376418548,0.39361645881052953,0.08649078676729927,-0.1565790371346301,0.195,-0.189,0.125,0.757,0.624,-0.188,-0.043
1300,1776122770.2287598,-1.924758376418548,0.39361645881052953,0.08649078676729927,-0.1565790371346301,0.195,-0.189,0.125,0.757,0.624,-0.188,-0.043
1301,1776122770.2392633,-1.924758376418548,0.39361645881052953,0.08727887226431208,-0.1565790371346301,0.195,-0.189,0.125,0.757,0.624,-0.188,-0.043
1302,1776122770.2497246,-1.9282372785849304,0.39350565433774987,0.08609674401879297,-0.1567628478989292,0.195,-0.189,0.125,0.757,0.625,-0.188,-0.043
1303,1776122770.2602854,-1.9282372785849304,0.39350565433774987,0.08688482951580578,-0.1567628478989292,0.195,-0.189,0.125,0.757,0.625,-0.188,-0.043
1304,1776122770.270721,-1.9272661452210915,0.3915553599149867,0.08649078676729927,-0.15603323520838175,0.195,-0.189,0.125,0.757,0.625,-0.187,-0.043
1305,1776122770.28133,-1.9272661452210915,0.3915553599149867,0.08688482951580578,-0.15603323520838175,0.195,-0.189,0.125,0.757,0.625,-0.187,-0.043
1306,1776122770.2923558,-1.9272661452210915,0.3915553599149867,0.08649078676729927,-0.15603323520838175,0.195,-0.189,0.125,0.757,0.625,-0.187,-0.043
1307,1776122770.3024523,-1.9272661452210915,0.3915553599149867,0.08708513457962996,-0.15603323520838175,0.195,-0.189,0.124,0.757,0.625,-0.187,-0.043
1308,1776122770.3127875,-1.9272661452210915,0.3915553599149867,0.08708513457962996,-0.15603323520838175,0.195,-0.189,0.124,0.757,0.625,-0.187,-0.043
1309,1776122770.323641,-1.9272661452210915,0.3915553599149867,0.08787322007664256,-0.15603323520838175,0.195,-0.189,0.124,0.757,0.625,-0.187,-0.043
1310,1776122770.3339336,-1.9272661452210915,0.3915553599149867,0.08787322007664256,-0.15603323520838175,0.195,-0.189,0.124,0.757,0.625,-0.187,-0.043
1311,1776122770.3434422,-1.9272661452210915,0.3915553599149867,0.08747917732813648,-0.15603323520838175,0.195,-0.189,0.124,0.757,0.625,-0.187,-0.043
1312,1776122770.3504853,-1.9272661452210915,0.3915553599149867,0.08708513457962996,-0.15603323520838175,0.195,-0.189,0.124,0.757,0.625,-0.187,-0.043
1313,1776122770.3578563,-1.9272661452210915,0.3915553599149867,0.08669109183112345,-0.15603323520838175,0.195,-0.189,0.124,0.757,0.625,-0.187,-0.043
1314,1776122770.3659496,-1.9272661452210915,0.3915553599149867,0.08747917732813648,-0.15603323520838175,0.195,-0.189,0.124,0.757,0.625,-0.187,-0.043
1315,1776122770.3739438,-1.9270153602210918,0.3918061449149866,0.08629704908261693,-0.15603323520838175,0.195,-0.189,0.124,0.757,0.625,-0.187,-0.043
1316,1776122770.3837502,-1.9272661452210915,0.3915553599149867,0.08669109183112345,-0.15603323520838175,0.195,-0.189,0.124,0.757,0.625,-0.187,-0.043
1317,1776122770.3906567,-1.9272661452210915,0.3915553599149867,0.08708513457962996,-0.15603323520838175,0.195,-0.189,0.124,0.757,0.625,-0.187,-0.043
1318,1776122770.3990474,-1.9272661452210915,0.3915553599149867,0.08669109183112345,-0.15603323520838175,0.195,-0.189,0.124,0.757,0.625,-0.187,-0.043
1319,1776122770.407468,-1.9273396966311653,0.3899456821556915,0.08708513457962996,-0.1568005831281676,0.195,-0.189,0.124,0.757,0.625,-0.187,-0.044
1320,1776122770.4171975,-1.9273396966311653,0.3899456821556915,0.08669109183112345,-0.1568005831281676,0.195,-0.189,0.124,0.757,0.625,-0.187,-0.044
1321,1776122770.4243414,-1.9273396966311653,0.3899456821556915,0.08669109183112345,-0.1568005831281676,0.195,-0.189,0.124,0.757,0.625,-0.187,-0.044
1322,1776122770.4325218,-1.927344435984821,0.38921337580399606,0.08905534832216211,-0.1567575963688711,0.195,-0.189,0.124,0.756,0.625,-0.187,-0.044
1323,1776122770.4407227,-1.9270936509848209,0.38946416080399615,0.08708513457962996,-0.1567575963688711,0.195,-0.189,0.124,0.756,0.625,-0.187,-0.044
1324,1776122770.4499369,-1.9270936509848209,0.38946416080399615,0.08747917732813648,-0.1567575963688711,0.195,-0.189,0.124,0.756,0.625,-0.187,-0.044
1325,1776122770.4579024,-1.9270936509848209,0.38946416080399615,0.08669109183112345,-0.1567575963688711,0.195,-0.189,0.124,0.756,0.625,-0.187,-0.044
1326,1776122770.46598,-1.9265873416311654,0.39069803715569146,0.08235662159755242,-0.1568005831281676,0.195,-0.189,0.124,0.757,0.625,-0.187,-0.044
1327,1776122770.4754868,-1.9137272058772552,0.39290718432045296,0.06423065516625504,-0.15710818448145603,0.195,-0.189,0.124,0.759,0.622,-0.187,-0.045
1328,1776122770.4864373,-1.8814755503494445,0.39807539225102573,0.030930759227888016,-0.15746357927571863,0.195,-0.189,0.125,0.765,0.614,-0.187,-0.047
1329,1776122770.4970317,-1.8209173912243402,0.4108562494920864,-0.05517086501034496,-0.1579118290266714,0.195,-0.188,0.126,0.775,0.601,-0.187,-0.05
1330,1776122770.507904,-1.76492260005416,0.4020785416558117,0.04333325473712879,-0.15994256138126473,0.194,-0.187,0.128,0.793,0.577,-0.188,-0.056
1331,1776122770.5187168,-1.6900509847345797,0.41871665349008447,-0.06503506848129015,-0.16099798904305146,0.194,-0.187,0.13,0.802,0.563,-0.189,-0.059
1332,1776122770.5294647,-1.5905068205550859,0.41842326978688293,0.012384480531516973,-0.1641579981882116,0.194,-0.185,0.133,0.827,0.524,-0.191,-0.068
1333,1776122770.5409336,-1.393885754683317,0.44889567135551917,-0.1893719740829336,-0.16503481707477247,0.193,-0.183,0.135,0.846,0.492,-0.193,-0.073
1334,1776122770.5515456,-1.4133579174652455,0.4427534619289009,0.030891354953037187,-0.1667347939707146,0.193,-0.182,0.137,0.862,0.462,-0.196,-0.078
1335,1776122770.562938,-1.3624276736568084,0.45243138849141956,0.03600734330447963,-0.16672342906718685,0.193,-0.181,0.139,0.871,0.443,-0.198,-0.08
1336,1776122770.5736732,-1.3207335582095945,0.4619418317837486,0.04841640619286225,-0.16679428639270358,0.193,-0.179,0.14,0.879,0.425,-0.2,-0.082
1337,1776122770.5841866,-1.2814256621431155,0.4650226917563069,0.026744055025006874,-0.1661197707987082,0.193,-0.179,0.14,0.884,0.414,-0.202,-0.082
1338,1776122770.5947585,-1.2919799638879281,0.469547042081997,0.06437185381780308,-0.1648940912955906,0.193,-0.178,0.141,0.886,0.409,-0.203,-0.081
1339,1776122770.6053784,-1.2994676143036161,0.4357628197771464,0.06082546908124509,-0.16258363092191566,0.193,-0.179,0.141,0.888,0.406,-0.203,-0.079
1340,1776122770.6158736,-1.2926870320865442,0.45677980686885405,0.07225270878793233,-0.1605144845904987,0.194,-0.179,0.141,0.888,0.405,-0.203,-0.077
1341,1776122770.6271222,-1.2877873992114144,0.46448053769039643,0.07619313627299684,-0.15485167189308044,0.196,-0.179,0.141,0.889,0.405,-0.201,-0.072
1342,1776122770.6370883,-1.285784417829037,0.4344439157198486,0.07776930726702291,-0.1472044133433155,0.199,-0.181,0.141,0.891,0.402,-0.198,-0.066
1343,1776122770.6485422,-1.3236584158883486,0.2806126223148826,0.08407399124312631,-0.14088866475331135,0.202,-0.182,0.141,0.894,0.398,-0.196,-0.061
1344,1776122770.6589177,-1.2554711412320592,0.4349761688799784,0.0773752645185164,-0.13500008393930982,0.205,-0.183,0.141,0.897,0.394,-0.193,-0.057
1345,1776122770.669202,-1.2608797867025847,0.3450640621299727,0.07816335001552943,-0.130180112782359,0.208,-0.184,0.141,0.9,0.388,-0.191,-0.054
1346,1776122770.6796622,-1.208705475221838,0.4104135363902235,0.0742229225304647,-0.12422456033821593,0.213,-0.185,0.141,0.905,0.378,-0.188,-0.051
1347,1776122770.6901324,-1.194715002154199,0.39245671229315876,0.07146462329091952,-0.12085896010002958,0.215,-0.186,0.141,0.908,0.372,-0.187,-0.049
1348,1776122770.7012653,-1.157561339137028,0.4043880413231345,0.06831228130286782,-0.11713573749381732,0.22,-0.186,0.141,0.913,0.361,-0.185,-0.048
1349,1776122770.711357,-1.1199822547637872,0.33762163609624807,0.051762485865596286,-0.11185006918952627,0.226,-0.188,0.141,0.919,0.344,-0.184,-0.046
1350,1776122770.7218165,-1.1135138394317008,0.1262419667918158,-0.0008455047495875556,-0.10906882086588118,0.231,-0.189,0.142,0.925,0.33,-0.183,-0.046
1351,1776122770.7322466,-1.009790085485928,0.38468745313769676,0.04466314901333823,-0.10603061582799092,0.239,-0.19,0.143,0.932,0.309,-0.182,-0.047
1352,1776122770.7424788,-0.9988979907097085,0.3639457988108422,0.03618794623087851,-0.10519116258309279,0.241,-0.19,0.144,0.934,0.304,-0.182,-0.047
1353,1776122770.7527108,-0.9386119890180505,0.33204735725947515,0.016679546490237396,-0.10220677707359443,0.249,-0.191,0.145,0.941,0.281,-0.182,-0.048
1354,1776122770.762176,-0.9119853434484528,0.13721278490281147,-0.06213557059019659,-0.10125523254762131,0.256,-0.192,0.147,0.946,0.264,-0.182,-0.05
1355,1776122770.772554,-0.8390337760192443,0.23490489816051777,-0.038893615807457205,-0.10058188621479344,0.265,-0.193,0.149,0.952,0.241,-0.183,-0.053
1356,1776122770.782797,-0.7975568667260535,0.33661913418063827,-0.0026482503240043975,-0.09948361287525356,0.27,-0.193,0.151,0.955,0.229,-0.183,-0.054
1357,1776122770.793213,-0.740262755888364,0.3865367254023099,0.012712849488605737,-0.10008701479815363,0.28,-0.194,0.153,0.959,0.208,-0.184,-0.058
1358,1776122770.8038745,-0.6980645608195659,0.36923841758510706,0.0010787373389526955,-0.10017566632616455,0.29,-0.195,0.156,0.962,0.19,-0.185,-0.061
1359,1776122770.814654,-0.6875882107719608,0.3067226464601664,-0.028875078926680287,-0.10082056490312048,0.295,-0.196,0.158,0.964,0.182,-0.185,-0.063
1360,1776122770.825747,-0.6705570274934763,0.31252051879483767,-0.03144620786068497,-0.1025729055771747,0.306,-0.197,0.161,0.965,0.172,-0.187,-0.066
1361,1776122770.8358824,-0.6657303736691809,0.3200956169967028,-0.031058732491320407,-0.10386063662204792,0.314,-0.198,0.163,0.965,0.168,-0.187,-0.068
1362,1776122770.8464515,-0.6810320216588489,0.3016635140778481,-0.04466305838350615,-0.10431327185227589,0.322,-0.2,0.166,0.965,0.169,-0.188,-0.068
1363,1776122770.8570654,-0.688219945206388,0.35542149465824097,-0.019844932606740806,-0.10522002647872297,0.33,-0.202,0.168,0.964,0.174,-0.188,-0.068
1364,1776122770.867315,-0.7463358535069653,0.34022844069034497,-0.02537466584411452,-0.10413139157681987,0.343,-0.206,0.172,0.961,0.192,-0.187,-0.064
1365,1776122770.877933,-0.7921382674492484,0.3258407864431689,-0.029127923023638647,-0.10150309236493185,0.351,-0.209,0.175,0.959,0.207,-0.186,-0.059
1366,1776122770.8915372,-0.8785617864527647,0.2671319318776597,-0.047854804646408455,-0.09747063242754374,0.362,-0.213,0.178,0.954,0.233,-0.184,-0.051
1367,1776122770.9016995,-0.9297191653748331,0.3503536605115607,-0.0015646327656118064,-0.08783611454493613,0.376,-0.218,0.181,0.946,0.269,-0.178,-0.037
1368,1776122770.9120939,-0.9970707812420838,0.2798359618775879,-0.025808112867471755,-0.08018789004905498,0.385,-0.221,0.184,0.941,0.29,-0.174,-0.027
1369,1776122770.9211075,-1.094436817848466,-0.0011782077183612215,-0.13180561221571008,-0.07771391365528976,0.388,-0.221,0.184,0.939,0.297,-0.172,-0.024
1370,1776122770.9281151,-1.065250223470853,0.2433590832250755,-0.03547201127459276,-0.06530005168194741,0.4,-0.225,0.187,0.932,0.322,-0.164,-0.01
1371,1776122770.9354873,-1.2250100461870297,-0.42587215808242107,-0.31249063085377793,-0.05843569044368952,0.406,-0.226,0.189,0.929,0.333,-0.159,-0.003
1372,1776122770.943891,-1.1356245665810658,0.022377467562910168,-0.13655382733521315,-0.05218177463887755,0.412,-0.227,0.19,0.927,0.342,-0.154,0.003
1373,1776122770.951606,-1.1102692008130615,0.19926142270895503,-0.06583300504701584,-0.0416218610001463,0.421,-0.228,0.193,0.924,0.352,-0.145,0.012
1374,1776122770.9594836,-1.1148619365591805,0.1669346356045594,-0.08711788084550653,-0.03525857859125146,0.427,-0.229,0.195,0.923,0.357,-0.139,0.017
1375,1776122770.9667296,-1.103933904688947,0.2850598349019829,-0.024471651212120915,-0.029534779355011732,0.433,-0.229,0.197,0.923,0.36,-0.133,0.021
1376,1776122770.9752676,-1.0903700126992704,0.16013110618461845,-0.09797704225643045,-0.019165030491514714,0.444,-0.23,0.202,0.925,0.36,-0.121,0.027
1377,1776122770.9825935,-1.07226431574157,0.13769678874953983,-0.10901680659375312,-0.014607908977882332,0.45,-0.229,0.204,0.926,0.357,-0.115,0.029
1378,1776122770.9911358,-1.065954544089472,0.14220002790364317,-0.10370051317848683,-0.012392746076907999,0.452,-0.229,0.205,0.927,0.356,-0.112,0.03
1379,1776122771.0004919,-1.0188412996698573,0.13782291973260968,-0.08480616338760172,-0.005361338836586038,0.466,-0.228,0.211,0.934,0.343,-0.097,0.03
1380,1776122771.0086088,0.038038177161459144,-1.89099578422646,-1.0,0.01288847788018219,0.485,-0.219,0.256,0.938,0.34,-0.059,0.035
1381,1776122771.0165544,-0.5403145923219524,-1.4004635798415919,-0.019158641486425432,-0.01228342705251907,0.53,-0.212,0.259,0.957,0.268,-0.109,0.018
1382,1776122771.0240438,-0.14063092363205418,-0.7059593381034804,0.4060463210477572,-0.033227203915658546,0.618,-0.189,0.249,0.965,0.141,-0.22,0.001
1383,1776122771.032834,0.3720564849989097,-1.1684635143920488,1.0,-0.014546691066812004,0.677,-0.169,0.225,0.956,0.059,-0.287,0.005
1384,1776122771.0412114,0.8171807338213155,-1.6810148888722802,1.0,0.011026197024044504,0.712,-0.156,0.204,0.946,0.014,-0.325,0.014
1385,1776122771.0492282,0.27442542596105096,0.18010480960748323,1.0,0.043955911423719705,0.744,-0.143,0.18,0.933,-0.021,-0.358,0.027
1386,1776122771.057979,0.40775731382709535,0.2386165674796875,1.0,0.08211714457642519,0.771,-0.131,0.153,0.92,-0.045,-0.386,0.044
1387,1776122771.0668519,0.556219312966456,0.20968456259920998,1.0,0.12143066523901248,0.794,-0.12,0.125,0.908,-0.058,-0.411,0.063
1388,1776122771.0750759,0.5288097826608862,0.556458939326024,1.0,0.17696690429735074,0.82,-0.107,0.081,0.89,-0.058,-0.442,0.094
1389,1776122771.083981,0.6801725161601666,0.4524567024594877,1.0,0.23591784682834074,0.841,-0.096,0.024,0.869,-0.025,-0.476,0.136
1390,1776122771.0921168,0.4111874777542593,0.9097583051463997,1.0,0.25667653773844956,0.848,-0.092,-0.003,0.858,0.002,-0.488,0.157
1391,1776122771.1011229,0.18598508893167648,1.2153556984117868,1.0,0.2699268100798141,0.851,-0.091,-0.028,0.848,0.037,-0.499,0.177
1392,1776122771.1094398,-0.05109857653633924,1.4600577935712693,1.0,0.2700800484520794,0.85,-0.092,-0.05,0.836,0.076,-0.508,0.193
1393,1776122771.117043,-0.28225121580881035,1.405215221355729,0.12474248657856424,0.22852274423424818,0.849,-0.097,-0.064,0.813,0.143,-0.528,0.202
1394,1776122771.1258419,-0.6247531613053879,1.5966167347517004,0.03134122042424892,0.1556161312923292,0.848,-0.103,-0.06,0.791,0.191,-0.546,0.198
1395,1776122771.1348636,-1.6523495929702057,2.055333171141724,-0.2969292259773435,-0.04231372634233336,0.838,-0.12,-0.05,0.752,0.272,-0.569,0.19
1396,1776122771.144189,-2.178621261648159,2.3466645445621257,-0.4523889413318558,-0.12804302477843338,0.831,-0.128,-0.047,0.737,0.302,-0.575,0.188
1397,1776122771.1507356,-2.54477411789364,2.1867450011727665,-0.3251525378391191,-0.3597079940682558,0.808,-0.149,-0.035,0.691,0.38,-0.591,0.171
1398,1776122771.1591203,-2.693028261449716,1.9937738476413132,-0.05328274350708506,-0.45071440270295793,0.789,-0.162,-0.029,0.662,0.425,-0.597,0.155
1399,1776122771.1679192,-3.4377495196629635,2.934738054470765,0.11850676008344929,-0.5071788386830106,0.752,-0.184,-0.025,0.624,0.488,-0.595,0.139
1400,1776122771.1766958,-2.930495552943871,1.727209589111241,0.14746561840910366,-0.5061205385986993,0.727,-0.197,-0.024,0.6,0.53,-0.583,0.141
1401,1776122771.1841676,-3.292137616712129,2.395100012002761,0.30370685188148694,-0.4704814720659271,0.685,-0.216,-0.025,0.57,0.587,-0.552,0.16
1402,1776122771.192706,-3.2527308584242562,2.3564930246787172,0.33819544344451513,-0.42968764976765617,0.657,-0.226,-0.028,0.555,0.619,-0.524,0.184
1403,1776122771.200413,-3.1269667314127587,2.0812135126842564,0.2718025240107469,-0.3797270681829894,0.631,-0.235,-0.029,0.541,0.646,-0.492,0.219
1404,1776122771.207615,-3.031422137675312,2.291320345371935,0.38155984791765163,-0.28259944618185473,0.594,-0.245,-0.034,0.528,0.671,-0.438,0.282
1405,1776122771.21596,-2.7493343241789767,1.8206604712993653,0.37802659793937643,-0.1256250296765292,0.556,-0.249,-0.038,0.501,0.712,-0.342,0.354
1406,1776122771.2245784,-2.5307820798955496,1.9709167400613765,0.4659244003728851,0.027360845073017816,0.527,-0.247,-0.046,0.481,0.744,-0.237,0.399
1407,1776122771.2334778,-2.5108168849677512,1.704740210774356,0.3254514442199019,0.06399780629365047,0.521,-0.246,-0.047,0.478,0.748,-0.211,0.408
1408,1776122771.241934,-2.482624866421897,1.6116934141440702,0.30122109887632553,0.09959389675833155,0.515,-0.245,-0.048,0.475,0.752,-0.186,0.418
1409,1776122771.2491336,-2.447761026691171,1.5463658110248604,0.2872358649939166,0.13254828811255895,0.51,-0.244,-0.049,0.473,0.754,-0.162,0.426
1410,1776122771.2576842,-2.360137446282513,1.3651904255397573,0.16724656438412788,0.23974349084108265,0.492,-0.239,-0.048,0.466,0.753,-0.087,0.457
1411,1776122771.2666895,-2.1356123172218315,1.6584393887913436,0.09178409435556945,0.3085638275443915,0.481,-0.236,-0.047,0.465,0.746,-0.038,0.476
1412,1776122771.2746246,-2.255342268740719,1.1929759530219741,0.13689870536998838,0.34581089324501324,0.476,-0.234,-0.046,0.466,0.739,-0.011,0.486
1413,1776122771.2824507,-2.1689436954669006,1.3255010857960208,0.050403038383249,0.3617527852653243,0.474,-0.233,-0.045,0.467,0.736,0.001,0.49
1414,1776122771.2917264,-2.1588446706917566,1.0373439539597278,0.13491535686917278,0.42392358118943024,0.469,-0.229,-0.042,0.473,0.72,0.048,0.506
1415,1776122771.2990005,-2.053453305777115,1.041580699903721,0.010197543277306265,0.43822152991160185,0.469,-0.229,-0.041,0.474,0.715,0.059,0.51
1416,1776122771.3080232,-2.090067486268198,0.9058652332014554,0.12367528746802581,0.4765608085174191,0.47,-0.227,-0.039,0.48,0.702,0.091,0.519
1417,1776122771.3161073,-2.0618010851605795,0.8285666487830422,0.1191405121706306,0.5001443919159582,0.471,-0.225,-0.038,0.483,0.693,0.113,0.524
1418,1776122771.324892,-2.033298384927223,0.7889353810292988,0.13982447277764898,0.5228457962990183,0.474,-0.224,-0.037,0.487,0.682,0.134,0.529
1419,1776122771.3328757,-2.015686702790715,0.7640610570239201,0.14573511400524586,0.5350940794160356,0.475,-0.223,-0.037,0.489,0.676,0.145,0.532
1420,1776122771.3408322,-1.9956418509638167,0.7401166796443143,0.1644488608697321,0.5581288644033979,0.478,-0.222,-0.036,0.494,0.663,0.165,0.538
1421,1776122771.3493624,-1.8815497014022509,0.5097426327829964,0.15380970666005744,0.578204279781099,0.481,-0.221,-0.036,0.5,0.649,0.183,0.543
1422,1776122771.3581269,-1.953322039960718,0.6730806671025509,0.17902844256447126,0.5875226555654346,0.482,-0.22,-0.036,0.503,0.643,0.192,0.545
1423,1776122771.3671775,-1.9252805055835294,0.632351973691552,0.18730334028310702,0.60210824572981,0.485,-0.219,-0.036,0.511,0.629,0.206,0.548
1424,1776122771.3772104,-1.8896480987454023,0.5580591990806242,0.20818760595394936,0.6153236412491174,0.488,-0.218,-0.036,0.52,0.615,0.22,0.55
1425,1776122771.3864021,-1.860556006978686,0.49300980251830195,0.2347887751677067,0.6245204471220462,0.491,-0.218,-0.037,0.53,0.602,0.23,0.551
1426,1776122771.3942928,-1.8472765114989702,0.496986057799821,0.22316779777633688,0.6304263788081882,0.494,-0.217,-0.038,0.541,0.589,0.239,0.55
1427,1776122771.4026148,-1.830798371978139,0.4519690082830786,0.21036469213944775,0.6333192864818654,0.497,-0.217,-0.039,0.554,0.577,0.245,0.548
1428,1776122771.4111884,-1.8111126877514647,0.41831854531091134,0.18829829822308564,0.6299265398305672,0.5,-0.217,-0.039,0.569,0.566,0.245,0.544
1429,1776122771.4196355,-1.7669335550753709,0.37909709916876383,0.2030781849816492,0.6200210447773462,0.504,-0.218,-0.04,0.592,0.551,0.243,0.535
1430,1776122771.4276361,-1.7849028212016174,0.17459412745053504,0.26888332398222836,0.6155492095715961,0.506,-0.218,-0.04,0.601,0.546,0.242,0.531
1431,1776122771.4343987,-1.7289049542089605,0.3156494142219287,0.2235749752831271,0.6047572153513162,0.51,-0.219,-0.042,0.618,0.537,0.239,0.522
1432,1776122771.442928,-1.7131283961596078,0.1574533474535245,0.2941151946449254,0.5829994792584676,0.516,-0.22,-0.044,0.645,0.525,0.233,0.504
1433,1776122771.4496405,-1.6803592189109733,0.17038826690089393,0.28091804625952954,0.5659782920044241,0.52,-0.221,-0.045,0.663,0.518,0.228,0.49
1434,1776122771.4576228,-1.660533696524781,0.12333649633092221,0.2899875968543202,0.5455149343777755,0.525,-0.222,-0.047,0.682,0.512,0.222,0.473
1435,1776122771.4662461,-1.7137426329066294,-0.5930635244609507,0.7019757088656817,0.5020824289538744,0.536,-0.223,-0.052,0.716,0.504,0.208,0.437
1436,1776122771.474073,-1.6062318897990462,-0.0787260609174702,0.3510904923893887,0.4666724891490368,0.546,-0.224,-0.055,0.738,0.501,0.197,0.407
1437,1776122771.4836414,-1.5832735188106273,0.023286445299416432,0.27485307162210115,0.4426564635918289,0.553,-0.225,-0.058,0.751,0.501,0.19,0.386
1438,1776122771.490973,-1.579470681408309,0.00021143961548611756,0.27584146218293837,0.43048908525335006,0.557,-0.225,-0.059,0.757,0.501,0.187,0.375
1439,1776122771.4999607,-1.5875219104375764,-0.27735918250509306,0.3552509270757034,0.39493884731959006,0.569,-0.226,-0.062,0.772,0.505,0.177,0.343
1440,1776122771.5073771,-1.5899201832257148,-0.5173068465941119,0.39899623953906227,0.37122781207189665,0.579,-0.226,-0.064,0.78,0.509,0.171,0.321
1441,1776122771.5158868,-1.5995120687071545,-0.2520317775874382,0.3109375363165805,0.32974316891375344,0.594,-0.227,-0.067,0.79,0.52,0.157,0.284
1442,1776122771.5250113,-1.594294235609881,-0.271803667892697,0.2873081061644762,0.28563603025574896,0.616,-0.226,-0.071,0.797,0.533,0.142,0.244
1443,1776122771.5325317,-1.5969264479068606,-0.3104482526983659,0.28869053947381995,0.2755272654492309,0.622,-0.225,-0.072,0.798,0.537,0.138,0.235
1444,1776122771.541656,-1.6207629151158744,-0.3460887417329274,0.2573674246571269,0.24675736577161325,0.641,-0.224,-0.073,0.798,0.551,0.13,0.207
1445,1776122771.5498755,-1.6368036332640252,-0.2872799369727573,0.23747154954712135,0.23726710464543535,0.647,-0.223,-0.074,0.797,0.556,0.127,0.198
1446,1776122771.5577977,-1.6450875961867257,-0.33018278002170925,0.23353112206205662,0.22796007142948632,0.654,-0.222,-0.074,0.796,0.562,0.124,0.189
1447,1776122771.565609,-1.463305176581585,-1.7276663221387014,0.22860887139529695,0.20192627398984053,0.675,-0.219,-0.075,0.789,0.58,0.117,0.163
1448,1776122771.5750754,-1.4336617396230105,-1.8561570960505598,0.07118550967739412,0.1652820027879807,0.711,-0.212,-0.074,0.771,0.616,0.107,0.125
1449,1776122771.5829244,-1.592091409801238,-1.1877377506367397,0.07965414508071222,0.15259776838873973,0.726,-0.208,-0.073,0.761,0.631,0.103,0.112
1450,1776122771.5916424,-1.655836965318908,-1.0226993465925955,0.061721916334097404,0.14083311712361396,0.741,-0.204,-0.072,0.75,0.647,0.1,0.099
1451,1776122771.5997415,-1.8702687028458624,-0.39969121427777593,0.13776559941670263,0.12926402021531558,0.756,-0.2,-0.07,0.738,0.663,0.097,0.086
1452,1776122771.6081,-1.8138546684992916,-0.6787919602396998,0.06525516631237194,0.11786395069609927,0.77,-0.195,-0.068,0.725,0.678,0.093,0.074
1453,1776122771.616838,-1.9381820072418023,-0.415978867195318,0.019933682854986756,0.11164995055045249,0.777,-0.193,-0.066,0.718,0.687,0.09,0.068
1454,1776122771.624039,-1.968105784564902,-0.4954663675451731,-0.06204691097178283,0.09157629467631186,0.796,-0.186,-0.06,0.696,0.711,0.08,0.049
1455,1776122771.6329288,-1.9733878577226114,-0.5711519422289532,-0.1156498595269454,0.07802572235857567,0.808,-0.181,-0.056,0.682,0.727,0.073,0.036
1456,1776122771.6410944,-2.0182629212783723,-0.5459021919011403,-0.12078555001581281,0.06383217648111357,0.819,-0.176,-0.052,0.667,0.742,0.065,0.023
1457,1776122771.6496398,-2.2284528907844905,-0.3051948562304817,0.00625711579224153,0.02903158792780437,0.844,-0.163,-0.041,0.633,0.773,0.044,-0.008
1458,1776122771.6579852,-2.31810258701853,-0.171090613522644,0.16958455135859962,0.026323877804646244,0.849,-0.16,-0.04,0.63,0.775,0.042,-0.01
1459,1776122771.6660187,-2.1963455420185296,-0.3880214935226439,0.15795700658808798,0.026323877804646244,0.851,-0.159,-0.039,0.63,0.775,0.042,-0.01
1460,1776122771.6739078,-2.2868660026028844,-0.21123738291648395,0.15401657910302347,0.02620976672507623,0.855,-0.156,-0.039,0.633,0.773,0.042,-0.01
1461,1776122771.6828218,-2.3378301796571104,-0.08923256856040147,0.174112759276853,0.02672279169936996,0.858,-0.155,-0.039,0.638,0.768,0.043,-0.01
1462,1776122771.6911602,-2.332977143080714,-0.06534506818843809,0.19223872570815037,0.028503220393609106,0.859,-0.155,-0.039,0.644,0.763,0.044,-0.008
1463,1776122771.699726,-2.339851793885343,-0.034040986961822596,0.20603022190587672,0.031113864251012393,0.858,-0.155,-0.039,0.649,0.759,0.046,-0.006
1464,1776122771.7073798,-2.321902290017763,-0.047773923862902114,0.1961791531932151,0.03318699122165255,0.857,-0.155,-0.039,0.651,0.757,0.048,-0.005
1465,1776122771.716489,-2.314336164490567,-0.018034396768500622,0.20898882620924608,0.040548257130278965,0.855,-0.157,-0.04,0.659,0.75,0.053,0.001
1466,1776122771.7244062,-2.409177458290346,0.15222526885788665,0.2903619374654012,0.047291339800063545,0.853,-0.159,-0.041,0.665,0.745,0.057,0.007
1467,1776122771.7328582,-2.3319669476326563,0.05600106098373391,0.2407125511535868,0.051399874956598174,0.851,-0.16,-0.041,0.668,0.742,0.06,0.01
1468,1776122771.7409747,-2.286139161621132,0.023249473869757918,0.22160476154059472,0.06030285127091265,0.848,-0.162,-0.042,0.674,0.736,0.066,0.017
1469,1776122771.749206,-2.2970830687953057,0.08267748657614664,0.2419012467782482,0.07060000842233041,0.844,-0.164,-0.043,0.68,0.73,0.072,0.026
1470,1776122771.7575164,-2.2518846634681116,0.07775582515952344,0.23363291643875428,0.08570174715940895,0.838,-0.168,-0.045,0.688,0.72,0.081,0.039
1471,1776122771.7659829,-2.207880416557669,0.04778107150657638,0.21925363980783907,0.09606384594419991,0.833,-0.17,-0.046,0.694,0.713,0.087,0.048
1472,1776122771.7739289,-2.3151640213011753,0.3059789476783553,0.3022029220580209,0.10720043973629147,0.828,-0.173,-0.047,0.7,0.706,0.093,0.058
1473,1776122771.782455,-2.2069843296069784,0.15260485619492475,0.24566107133691384,0.11835942127665686,0.823,-0.176,-0.048,0.705,0.699,0.099,0.068
1474,1776122771.7907927,-2.1866648091867593,0.16470260681193913,0.24349711990969958,0.1310450436835009,0.818,-0.178,-0.049,0.71,0.692,0.106,0.079
1475,1776122771.7992253,-2.126727585652135,0.08700194421168493,0.2169025180750841,0.14312646045762628,0.813,-0.181,-0.05,0.714,0.686,0.112,0.09
1476,1776122771.8075624,-2.1513396909728324,0.1735895552786243,0.23502848450638147,0.14937261656113032,0.81,-0.182,-0.05,0.715,0.682,0.115,0.096
1477,1776122771.815657,-2.1058379187617042,0.1230199095345619,0.21749686588741457,0.16224357661252667,0.805,-0.184,-0.051,0.718,0.676,0.121,0.108
1478,1776122771.8247454,-2.1352211353853914,0.23382173528858988,0.2318827098974714,0.17594979994413817,0.8,-0.186,-0.052,0.72,0.671,0.128,0.12
1479,1776122771.8328729,-2.095550693826185,0.19905973902588944,0.21415078621468053,0.19629205547073264,0.792,-0.189,-0.052,0.722,0.664,0.138,0.138
1480,1776122771.840972,-2.060147000044085,0.14510917044346222,0.2017417233262977,0.20941718668817408,0.787,-0.191,-0.053,0.722,0.66,0.144,0.15
1481,1776122771.849657,-2.0465671054346104,0.1265069649908521,0.19780129584123296,0.2160169866058943,0.785,-0.192,-0.053,0.722,0.658,0.147,0.156
1482,1776122771.857509,-2.0501466116476976,0.14473980135398454,0.1962251248472071,0.2226323085438424,0.783,-0.193,-0.053,0.721,0.657,0.15,0.162
1483,1776122771.8658385,-2.042878869184065,0.1484744793283542,0.19110256911662304,0.2351478346881088,0.778,-0.195,-0.053,0.72,0.654,0.156,0.173
1484,1776122771.8749945,-2.0466594447508792,0.16788695342897852,0.18519192788902616,0.24618107005118808,0.774,-0.196,-0.053,0.717,0.653,0.161,0.183
1485,1776122771.883113,-2.037475920270516,0.14593593010642716,0.1806571525916314,0.2556514618749803,0.77,-0.197,-0.052,0.714,0.652,0.166,0.191
1486,1776122771.8910728,-2.0308440423398135,0.12416951638154218,0.17868693884909903,0.26457399586748187,0.767,-0.199,-0.052,0.711,0.652,0.17,0.199
1487,1776122771.8992436,-2.0362266308861177,0.1109230548570534,0.17711076785507318,0.27276126911787213,0.764,-0.2,-0.052,0.707,0.654,0.175,0.205
1488,1776122771.9091568,-2.045355928127908,0.11388671246853303,0.17178790706066516,0.2786745145941247,0.762,-0.201,-0.051,0.703,0.656,0.178,0.21
1489,1776122771.9185638,-2.059739470734079,0.13728095101527263,0.15917853910845836,0.2816000871088245,0.761,-0.201,-0.051,0.701,0.657,0.18,0.212
1490,1776122771.9264805,-2.047874273500144,0.09800678693583148,0.1737581208031973,0.28378069598404115,0.76,-0.201,-0.051,0.699,0.658,0.181,0.214
1491,1776122771.9337578,-2.065362185219921,0.12133856677954435,0.15700802030210181,0.28529555313387617,0.759,-0.202,-0.05,0.697,0.66,0.182,0.215
1492,1776122771.9412398,-2.0623319019719575,0.09737407964548125,0.16961738825430883,0.28663087602665466,0.759,-0.202,-0.05,0.694,0.662,0.183,0.216
1493,1776122771.9496052,-2.075919701038274,0.08989265075141308,0.1658706984539262,0.2880388470855552,0.757,-0.203,-0.049,0.69,0.666,0.185,0.216
1494,1776122771.9573696,-2.0884545216007613,0.08564017607678394,0.16429452745990059,0.288518020953542,0.757,-0.203,-0.049,0.685,0.67,0.186,0.216
1495,1776122771.9659548,-2.105051184177706,0.08154778369490233,0.16330613689906337,0.2885366745351668,0.757,-0.203,-0.048,0.681,0.675,0.187,0.215
1496,1776122771.9739811,-2.144423284021601,0.06302781757928012,0.14399147484310482,0.28367461696077206,0.757,-0.204,-0.046,0.67,0.687,0.187,0.209
1497,1776122771.9824462,-2.163786747101492,0.06026143665966001,0.1660578687594667,0.27839299351510377,0.758,-0.204,-0.046,0.664,0.695,0.185,0.204
1498,1776122771.9907055,-2.167983064230229,0.03818898728308931,0.15167202474940988,0.27697824574259045,0.758,-0.204,-0.045,0.663,0.697,0.185,0.202
1499,1776122771.9992802,-2.181483931717744,0.04222596485950143,0.16428139270161668,0.2724097586604397,0.759,-0.204,-0.045,0.659,0.702,0.183,0.198
1500,1776122772.0073729,-2.1926833443183016,0.02508571550943306,0.16250491664376687,0.2672762033520998,0.76,-0.203,-0.044,0.656,0.707,0.181,0.193
1501,1776122772.0162635,-2.207976922593344,0.03979412082657949,0.17196194260792175,0.26202696682327925,0.762,-0.203,-0.044,0.653,0.711,0.179,0.188
1502,1776122772.0239675,-2.226121164657782,0.03039162599534335,0.16979142380156542,0.25403524644441666,0.765,-0.202,-0.043,0.649,0.718,0.175,0.181
1503,1776122772.032571,-2.228474430560243,-0.003258831471382302,0.16072844058591662,0.24749784553759438,0.767,-0.202,-0.043,0.647,0.722,0.172,0.175
1504,1776122772.0407884,-2.239403843675129,0.018598850806225524,0.1686092955560461,0.244578605257384,0.768,-0.201,-0.043,0.646,0.724,0.17,0.173
1505,1776122772.0496385,-2.247900431930172,0.0034189600227045955,0.16525664850417043,0.23947646901339104,0.77,-0.201,-0.042,0.643,0.728,0.168,0.168
1506,1776122772.0578055,-2.261691708056322,0.0018600115195617395,0.16801494774371584,0.23000150806294797,0.774,-0.2,-0.042,0.64,0.733,0.163,0.16
1507,1776122772.0666063,-2.2725199055832523,-0.01002511243328224,0.16820868542839773,0.22225157597152498,0.777,-0.198,-0.041,0.638,0.738,0.159,0.153
1508,1776122772.074921,-2.2725199055832523,-0.01002511243328224,0.16820868542839773,0.22225157597152498,0.777,-0.198,-0.041,0.638,0.738,0.159,0.153
1509,1776122772.0827334,-2.2689379592951537,-0.04343569156010895,0.16545038618885233,0.2144007348422851,0.781,-0.197,-0.041,0.637,0.741,0.155,0.146
1510,1776122772.0911233,-2.2772412020655755,-0.02603466551015994,0.16958455135859962,0.21140438731457634,0.782,-0.196,-0.04,0.636,0.742,0.153,0.144
1511,1776122772.099389,-2.2876218711421514,-0.007242532726580273,0.17391902159217087,0.20934614086310413,0.784,-0.196,-0.04,0.636,0.743,0.152,0.142
1512,1776122772.1074698,-2.2877709360345437,-0.02025488306015667,0.17391902159217087,0.2044347974659767,0.786,-0.195,-0.04,0.636,0.745,0.149,0.138
1513,1776122772.115902,-2.296922935861847,-0.003273281778711945,0.17864753457424842,0.20089064000969037,0.788,-0.194,-0.04,0.636,0.746,0.147,0.135
1514,1776122772.1244407,-2.296615215218457,-0.004669143162245755,0.18022370556827427,0.1987089736358578,0.79,-0.194,-0.04,0.636,0.746,0.146,0.133
1515,1776122772.1324766,-2.2674471497215634,-0.07265827844500261,0.18022370556827427,0.1951637237318517,0.792,-0.193,-0.04,0.637,0.746,0.144,0.13
1516,1776122772.141053,-2.262620192223023,-0.08095048967605946,0.18613434679587115,0.1916229407908528,0.794,-0.192,-0.04,0.638,0.746,0.142,0.127
1517,1776122772.149629,-2.2896304749711875,-0.006144401787574092,0.18652838954437767,0.18875828590827642,0.795,-0.191,-0.04,0.64,0.745,0.14,0.125
1518,1776122772.1574743,-2.283413273106047,-0.021931798088119344,0.1900747742809359,0.1880715381859686,0.796,-0.191,-0.04,0.64,0.745,0.14,0.124
1519,1776122772.1659236,-2.284633838075229,0.0004962571317055047,0.1908628597779487,0.1853075064147521,0.799,-0.19,-0.04,0.644,0.743,0.138,0.122
1520,1776122772.1744924,-2.2823421863444087,0.0012442391690420354,0.19165094527496174,0.1846033852186157,0.799,-0.189,-0.04,0.645,0.742,0.138,0.121
1521,1776122772.1825545,-2.2782359562851973,0.0033421324022503054,0.19382146408131784,0.18379721013695602,0.8,-0.189,-0.041,0.646,0.741,0.137,0.121
1522,1776122772.1910467,-2.267314618857809,-0.004189446583454367,0.20288444729696642,0.1838802604320176,0.801,-0.189,-0.041,0.649,0.739,0.137,0.121
1523,1776122772.2000692,-2.27080608314903,0.008611266803353518,0.1953976350753439,0.1831721608459685,0.801,-0.188,-0.041,0.65,0.738,0.137,0.12
1524,1776122772.2082953,-2.224656915896079,-0.06351960447289975,0.26632532980650714,0.1823554488947227,0.801,-0.188,-0.041,0.652,0.736,0.136,0.12
1525,1776122772.21571,-2.249818430098988,0.013776698206801235,0.202296666863778,0.18310748317570558,0.802,-0.188,-0.042,0.657,0.732,0.136,0.121
1526,1776122772.2244709,-2.2207188772652886,0.012066267853539434,0.2044671856701341,0.18370337246506432,0.803,-0.187,-0.043,0.665,0.724,0.136,0.122
1527,1776122772.2327204,-2.2207188772652886,0.012066267853539434,0.2044671856701341,0.18370337246506432,0.803,-0.187,-0.043,0.665,0.724,0.136,0.122
1528,1776122772.2414632,-2.210599421446342,0.011630380621546916,0.2019091914944129,0.18366417335682345,0.803,-0.187,-0.044,0.668,0.721,0.136,0.122
1529,1776122772.2491655,-2.2076037012179652,0.011394880016890844,0.19915089225486793,0.18376496628444156,0.803,-0.187,-0.044,0.67,0.72,0.136,0.122
1530,1776122772.2582488,-2.182940091516418,0.002142752222053609,0.22062950573804097,0.18430285512093478,0.804,-0.187,-0.045,0.674,0.715,0.136,0.123
1531,1776122772.2662585,-2.18006417989634,0.006521829618047723,0.20762609503732765,0.1843933411883604,0.804,-0.186,-0.045,0.677,0.713,0.136,0.123
1532,1776122772.2747545,-2.1787497205294333,0.008881858480679803,0.19974524006719863,0.18438121492394913,0.804,-0.186,-0.045,0.678,0.712,0.136,0.123
1533,1776122772.2833319,-2.1622954399357015,0.0024195356720679807,0.22398215278991684,0.18434483476693128,0.804,-0.186,-0.046,0.681,0.709,0.136,0.123
1534,1776122772.2914355,-2.159458434778507,0.006136422559354929,0.2101906565921905,0.1843205801925115,0.804,-0.186,-0.046,0.683,0.707,0.136,0.123
1535,1776122772.3037415,-2.158255969289959,0.009709902191081088,0.19797533138849022,0.183552164809392,0.804,-0.186,-0.046,0.684,0.706,0.135,0.123
1536,1776122772.316206,-2.1463991874065185,0.011029399583820898,0.21491916957426804,0.1835185597727919,0.804,-0.186,-0.046,0.687,0.703,0.135,0.123
1537,1776122772.3269513,-2.1461348310969,0.010633273896701916,0.19620542270978203,0.1835073577079695,0.804,-0.186,-0.047,0.688,0.702,0.135,0.123
1538,1776122772.3371663,-2.143333680848176,0.012657274989050733,0.19975180744634002,0.18361096944384764,0.804,-0.186,-0.047,0.69,0.701,0.135,0.123
1539,1776122772.3479118,-2.140827012294076,0.013515062961871447,0.19778159370380788,0.18359976897124528,0.804,-0.186,-0.047,0.691,0.7,0.135,0.123
1540,1776122772.358908,-2.137655384706374,0.015104863474952825,0.19384116621874337,0.18283955305787944,0.804,-0.186,-0.047,0.692,0.699,0.134,0.123
1541,1776122772.368633,-2.137919724183023,0.021614031853328504,0.1967997705221125,0.18209441832262174,0.803,-0.186,-0.048,0.693,0.698,0.134,0.122
1542,1776122772.379308,-2.1396752191830233,0.0251250218533285,0.19561764227659317,0.18209441832262174,0.803,-0.186,-0.048,0.693,0.698,0.134,0.122
1543,1776122772.3875232,-2.138382905446181,0.024731954835781327,0.19443551403107384,0.18134702239985923,0.802,-0.187,-0.048,0.693,0.698,0.133,0.122
1544,1776122772.3955035,-2.137630550446181,0.02222410483578132,0.1932533857855545,0.18134702239985923,0.802,-0.187,-0.048,0.693,0.698,0.133,0.122
1545,1776122772.4029949,-2.1391269980560916,0.017974121473320198,0.19088912929451562,0.18135730770215536,0.801,-0.187,-0.048,0.692,0.699,0.133,0.122
1546,1776122772.4104779,-2.1461456445285934,0.026387848702604928,0.19364742853406103,0.18136759284386647,0.801,-0.187,-0.048,0.691,0.7,0.133,0.122
1547,1776122772.4174194,-2.1428854395285937,0.018864298702604924,0.19088912929451562,0.18136759284386647,0.801,-0.187,-0.048,0.691,0.7,0.133,0.122
1548,1776122772.4241369,-2.145739104957522,0.02098299040290735,0.19088912929451562,0.18062840554420542,0.801,-0.187,-0.048,0.69,0.701,0.132,0.122
1549,1776122772.4330065,-2.148755921748865,0.020616716780583345,0.1904950865460091,0.18063776070496865,0.801,-0.187,-0.048,0.689,0.702,0.132,0.122
1550,1776122772.4424684,-2.1509008140452814,0.018119694725895533,0.18931295830048978,0.18064711573345402,0.8,-0.188,-0.048,0.688,0.703,0.132,0.122
1551,1776122772.4516697,-2.1744917770481136,0.06038686440326577,0.20349849724672242,0.18065647062965784,0.8,-0.188,-0.048,0.687,0.704,0.132,0.122
1552,1776122772.458259,-2.162001454203917,0.020908939611830962,0.1901010437975026,0.18067518002520577,0.799,-0.188,-0.048,0.685,0.706,0.132,0.122
1553,1776122772.465729,-2.1658986917769245,0.025267042159314385,0.1904950865460091,0.179930182742637,0.799,-0.188,-0.048,0.684,0.707,0.131,0.122
1554,1776122772.4740689,-2.1704503288158623,0.028158441948904572,0.19167721479152866,0.17993860652732727,0.799,-0.188,-0.048,0.683,0.708,0.131,0.122
1555,1776122772.4836557,-2.191182917213492,0.03789915875666535,0.19621199008892387,0.18009489515276406,0.798,-0.188,-0.049,0.679,0.713,0.131,0.122
1556,1776122772.491346,-2.1885052813155177,0.035413363631283376,0.19424177634639173,0.1792214753919888,0.798,-0.189,-0.049,0.678,0.713,0.13,0.122
1557,1776122772.4990566,-2.1961677976634317,0.03768013454097305,0.19542390459191106,0.17923645852609502,0.798,-0.189,-0.049,0.676,0.715,0.13,0.122
1558,1776122772.5073445,-2.202595162342328,0.03781615879479814,0.19542390459191106,0.17925144132377227,0.797,-0.189,-0.049,0.674,0.717,0.13,0.122
1559,1776122772.5159855,-2.206407741023467,0.03474578782646021,0.19266560535236565,0.1785022612443363,0.797,-0.189,-0.049,0.672,0.719,0.129,0.122
1560,1776122772.5245533,-2.213125110092077,0.03525205141001905,0.19305964810087217,0.17851537835585926,0.797,-0.189,-0.049,0.67,0.721,0.129,0.122
1561,1776122772.5330808,-2.217493815613506,0.03801396207445491,0.19542390459191106,0.1785219368153522,0.796,-0.189,-0.049,0.669,0.722,0.129,0.122
1562,1776122772.5405645,-2.2196100146826314,0.03488149886545541,0.19286591041619006,0.17852849521066436,0.796,-0.189,-0.05,0.668,0.723,0.129,0.122
1563,1776122772.5490754,-2.223235460251212,0.03551081194161897,0.19325995316469613,0.17853505354179436,0.796,-0.189,-0.05,0.667,0.724,0.129,0.122
1564,1776122772.5583131,-2.2232673553378333,0.03875798983793416,0.19523016690722872,0.17765251327776263,0.796,-0.189,-0.05,0.666,0.724,0.128,0.122
1565,1776122772.5710835,-2.2232673553378333,0.03875798983793416,0.19523016690722872,0.17765251327776263,0.796,-0.189,-0.05,0.666,0.724,0.128,0.122
1566,1776122772.5795844,-2.2252463564390403,0.03530209927439154,0.1908956966736577,0.1777725175439955,0.796,-0.189,-0.05,0.666,0.725,0.128,0.122
1567,1776122772.5874817,-2.2254971414390403,0.03605445427439154,0.19286591041619006,0.1777725175439955,0.796,-0.189,-0.05,0.666,0.725,0.128,0.122
1568,1776122772.593974,-2.225649941040928,0.036626167721871945,0.19404803866170917,0.17765813895536425,0.796,-0.189,-0.05,0.665,0.725,0.128,0.122
1569,1776122772.6018794,-2.224897586040928,0.034619887721871946,0.1920778249191768,0.17765813895536425,0.796,-0.189,-0.05,0.665,0.725,0.128,0.122
1570,1776122772.609419,-2.224646801040928,0.03386753272187195,0.1908956966736577,0.17765813895536425,0.796,-0.189,-0.05,0.665,0.725,0.128,0.122
1571,1776122772.616049,-2.2237416464390405,0.03229267927439154,0.1920778249191768,0.1777725175439955,0.796,-0.189,-0.05,0.666,0.725,0.128,0.122
1572,1776122772.6242995,-2.2171011534938465,0.0263993823985283,0.1948361241587222,0.17776689282169258,0.796,-0.189,-0.05,0.667,0.724,0.128,0.122
1573,1776122772.6326215,-2.2154808837233553,0.028781992373075785,0.1916837821706705,0.17776126805239967,0.796,-0.189,-0.05,0.668,0.723,0.128,0.122
1574,1776122772.6406434,-2.208360195092077,0.02509618641001905,0.1908956966736577,0.17851537835585926,0.796,-0.189,-0.05,0.67,0.721,0.129,0.122
1575,1776122772.6492352,-2.193964669794131,0.0032746167135520275,0.19601825240424153,0.1785088198321869,0.797,-0.189,-0.05,0.671,0.72,0.129,0.122
1576,1776122772.6576235,-2.1980402797124046,0.023583509590151826,0.18931952567963162,0.17849570259230885,0.797,-0.189,-0.05,0.673,0.718,0.129,0.122
1577,1776122772.6662724,-2.1980402797124046,0.023583509590151826,0.18931952567963162,0.17849570259230885,0.797,-0.189,-0.05,0.673,0.718,0.129,0.122
1578,1776122772.6739357,-2.190225490522991,0.018124684294622672,0.18813739743411229,0.17924394996698823,0.797,-0.189,-0.05,0.675,0.716,0.13,0.122
1579,1776122772.6824636,-2.1828761926634317,0.009216964540973049,0.18695526918859273,0.17923645852609502,0.797,-0.189,-0.05,0.676,0.715,0.13,0.122
1580,1776122772.6909914,-2.175839711315518,0.00883015363128338,0.18774335468560577,0.1792214753919888,0.798,-0.188,-0.05,0.678,0.713,0.13,0.122
1581,1776122772.699066,-2.1762788856548885,0.01622345715425645,0.1885314401826188,0.1792139836987797,0.798,-0.188,-0.05,0.679,0.712,0.13,0.122
1582,1776122772.7078993,-2.1691018392050343,0.003577394821941392,0.18695526918859273,0.17924183749055075,0.798,-0.188,-0.05,0.68,0.711,0.131,0.121
1583,1776122772.7160676,-2.168221021983209,0.008635957030801748,0.1885314401826188,0.17934577687705555,0.798,-0.188,-0.05,0.682,0.71,0.131,0.121
1584,1776122772.72444,-2.1614341806563786,0.008326781918365053,0.18931952567963162,0.17921374298450987,0.799,-0.188,-0.05,0.683,0.708,0.131,0.121
1585,1776122772.7322073,-2.1571323996256173,0.006190237984216962,0.18971356842813814,0.17920437788632093,0.799,-0.188,-0.05,0.684,0.707,0.131,0.121
1586,1776122772.7409186,-2.156243901165708,0.007853455008578085,0.18931952567963162,0.17994845819837024,0.799,-0.188,-0.05,0.685,0.706,0.132,0.121
1587,1776122772.7491934,-2.1512003791210246,0.004209680135975129,0.19010761117664465,0.17993816215963382,0.799,-0.188,-0.05,0.686,0.705,0.132,0.121
1588,1776122772.7577522,-2.1487940232042786,0.005956851894590174,0.18971356842813814,0.17992786596134736,0.8,-0.187,-0.05,0.687,0.704,0.132,0.121
1589,1776122772.7659924,-2.1450141439482135,0.005071705121929642,0.19010761117664465,0.17991756960351576,0.8,-0.187,-0.05,0.688,0.703,0.132,0.121
1590,1776122772.7742383,-2.1424930715294375,0.005942049655491679,0.19010761117664465,0.17990727308614418,0.8,-0.187,-0.05,0.689,0.702,0.132,0.121
1591,1776122772.7825437,-2.1357135507695957,-0.0004603746672339382,0.19227812998300098,0.1798969764092376,0.8,-0.187,-0.051,0.69,0.701,0.132,0.121
1592,1776122772.7910087,-2.139099385381865,0.0024917158485301847,0.19109600173748165,0.18075966417137138,0.8,-0.187,-0.051,0.691,0.701,0.133,0.121
1593,1776122772.7989013,-2.1363701591090187,0.0036930236899018285,0.19109600173748165,0.18063524678881124,0.8,-0.187,-0.051,0.691,0.7,0.133,0.121
1594,1776122772.8080046,-2.1331123545124853,0.0036821614397934232,0.19109600173748165,0.18062402000926162,0.801,-0.187,-0.051,0.692,0.699,0.133,0.121
1595,1776122772.816152,-2.1336139245124848,0.0041837314397934235,0.19109600173748165,0.18062402000926162,0.801,-0.187,-0.051,0.692,0.699,0.133,0.121
1596,1776122772.8242087,-2.133090324389637,0.0033486660829619886,0.19149004448598816,0.18073721464510648,0.801,-0.187,-0.051,0.693,0.699,0.133,0.121
1597,1776122772.8333743,-2.1293579100013353,0.0025436893632601975,0.1926721727315075,0.18061279303922195,0.801,-0.187,-0.051,0.693,0.698,0.133,0.121
1598,1776122772.8414915,-2.1303610500013352,0.0042991843632601955,0.19188408723449446,0.18061279303922195,0.801,-0.187,-0.051,0.693,0.698,0.133,0.121
1599,1776122772.8490674,-2.1303610500013352,0.004549969363260198,0.19188408723449446,0.18061279303922195,0.801,-0.187,-0.051,0.693,0.698,0.133,0.121
1600,1776122772.8573606,-2.1311134050013356,0.005803894363260196,0.19149004448598816,0.18061279303922195,0.801,-0.187,-0.051,0.693,0.698,0.133,0.121
1601,1776122772.8660052,-2.1316149750013356,0.006556249363260194,0.19149004448598816,0.18061279303922195,0.801,-0.187,-0.051,0.693,0.698,0.133,0.121
1602,1776122772.874088,-2.1318657600013355,0.0070578193632601935,0.19149004448598816,0.18061279303922195,0.801,-0.187,-0.051,0.693,0.698,0.133,0.121
1603,1776122772.8831403,-2.1323673300013355,0.008060959363260194,0.19188408723449446,0.18061279303922195,0.801,-0.187,-0.051,0.693,0.698,0.133,0.121
1604,1776122772.8915746,-2.1323673300013355,0.008060959363260194,0.19188408723449446,0.18061279303922195,0.801,-0.187,-0.051,0.693,0.698,0.133,0.121
1605,1776122772.8991756,-2.1358489593896373,0.008615151082961988,0.19188408723449446,0.18073721464510648,0.801,-0.187,-0.051,0.693,0.699,0.133,0.121
1606,1776122772.9071653,-2.136623344512485,0.010453356439793423,0.19227812998300098,0.18062402000926162,0.801,-0.187,-0.051,0.692,0.699,0.133,0.121
1607,1776122772.9159544,-2.140131934109019,0.010715003689901829,0.19149004448598816,0.18063524678881124,0.8,-0.187,-0.051,0.691,0.7,0.133,0.121
1608,1776122772.924015,-2.1433946550041343,0.011101111278087028,0.19109600173748165,0.18064647337786427,0.8,-0.187,-0.051,0.69,0.701,0.133,0.121
1609,1776122772.9325447,-2.1471638480603232,0.012239569368839904,0.19149004448598816,0.18065769977641433,0.8,-0.187,-0.051,0.689,0.702,0.133,0.121
1610,1776122772.9407222,-2.148417773060323,0.017004484368839907,0.1993708994561174,0.18065769977641433,0.8,-0.187,-0.051,0.689,0.702,0.133,0.121
1611,1776122772.9494853,-2.148417773060323,0.017004484368839907,0.1993708994561174,0.18065769977641433,0.8,-0.187,-0.051,0.689,0.702,0.133,0.121
1612,1776122772.9573393,-2.145659138060323,0.011487214368839906,0.19760099077740922,0.18065769977641433,0.8,-0.187,-0.052,0.689,0.702,0.133,0.121
1613,1776122772.9662976,-2.1311018780560915,0.010075321473320197,0.2129686579691612,0.18135730770215536,0.8,-0.187,-0.052,0.692,0.699,0.133,0.122
1614,1776122772.9738183,-2.0918574371723007,-0.0024679703133952337,0.21356300578149146,0.1848341237558769,0.8,-0.187,-0.053,0.702,0.688,0.136,0.124
1615,1776122772.9835055,-2.017863350972911,-0.02002355384049627,0.24725694446836566,0.19034384472753682,0.8,-0.186,-0.054,0.718,0.67,0.14,0.128
1616,1776122772.9907773,-2.017863350972911,-0.02002355384049627,0.24725694446836566,0.19034384472753682,0.8,-0.186,-0.054,0.718,0.67,0.14,0.128
1617,1776122772.999169,-1.9800960364342912,-0.02870592068702931,0.24036448005907296,0.19354588276378648,0.8,-0.185,-0.055,0.727,0.658,0.143,0.13
1618,1776122773.0074382,-1.9317988443042202,-0.04251846766779032,0.25750862330867474,0.19697084584098684,0.801,-0.184,-0.056,0.738,0.646,0.146,0.132
1619,1776122773.0155542,-1.8983644001861335,-0.04909966171386297,0.23840083369568243,0.20091509611032585,0.801,-0.184,-0.057,0.748,0.633,0.149,0.135
1620,1776122773.0240839,-1.8131534533170472,-0.07168668803647163,0.22776824686514985,0.2077030239917641,0.802,-0.182,-0.059,0.768,0.605,0.155,0.14
1621,1776122773.0327072,-1.7630242166591057,-0.08818574021426935,0.23309110765955787,0.21150273891315974,0.802,-0.181,-0.06,0.777,0.592,0.158,0.143
1622,1776122773.0408576,-1.6996093169701814,-0.1079032216557647,0.20472002976709258,0.21696317607863083,0.803,-0.179,-0.06,0.793,0.568,0.162,0.148
1623,1776122773.049998,-1.6575579852543356,-0.12296760797926805,0.18422980684475654,0.2213087424632277,0.805,-0.177,-0.06,0.803,0.552,0.165,0.152
1624,1776122773.0606337,-1.6575579852543356,-0.12296760797926805,0.18422980684475654,0.2213087424632277,0.805,-0.177,-0.06,0.803,0.552,0.165,0.152
1625,1776122773.072529,-1.6311839170933504,-0.12560633091563653,0.17181417657723186,0.22370368936781543,0.806,-0.176,-0.059,0.811,0.539,0.166,0.155
1626,1776122773.0834532,-1.5703693864182897,-0.19767903882789892,0.06798062865620813,0.22496139245203514,0.807,-0.175,-0.058,0.815,0.532,0.166,0.157
1627,1776122773.0946834,-1.5699530565640059,-0.19632652447200818,0.04847222891556724,0.2255148037989354,0.809,-0.174,-0.057,0.818,0.527,0.166,0.158
1628,1776122773.105632,-1.5826983803678254,-0.14716837744624817,0.09790817540527419,0.22660393429545364,0.813,-0.173,-0.052,0.822,0.521,0.164,0.161
1629,1776122773.1166725,-1.577838225978278,-0.17469208406954131,-0.01126136806844158,0.22503615928059592,0.817,-0.172,-0.046,0.822,0.521,0.16,0.162
1630,1776122773.1270201,-1.5767172002286856,-0.31078560646487546,-0.45320329634543577,0.2239023944028504,0.821,-0.171,-0.039,0.821,0.525,0.156,0.163
1631,1776122773.137548,-1.590282984888698,-0.30092003330419204,-0.504054513040195,0.22218678979695594,0.824,-0.171,-0.033,0.818,0.529,0.153,0.163
1632,1776122773.1479738,-1.6288343021430705,-0.13810033296389088,0.17723883174833754,0.2158052867030268,0.827,-0.171,-0.031,0.813,0.541,0.144,0.161
1633,1776122773.1580634,-1.6734761724398237,-0.27816084274753466,0.37723851244236384,0.22888971346370446,0.835,-0.168,-0.038,0.781,0.582,0.15,0.171
1634,1776122773.1686006,-1.5523670927842093,-0.724919547359643,0.6787009171872329,0.25929532136121397,0.848,-0.163,-0.044,0.746,0.614,0.175,0.188
1635,1776122773.1810808,-1.7752400192098605,-0.4294785523921933,0.5155869214429827,0.28715725707836165,0.861,-0.156,-0.05,0.711,0.643,0.2,0.201
1636,1776122773.191578,-2.042320443722217,-0.2515899891206028,0.04432492898753693,0.31354446254498997,0.877,-0.147,-0.054,0.663,0.682,0.226,0.21
1637,1776122773.2023091,-2.0675503107003594,-0.3958792200217583,-0.20531757063916178,0.3183267751859505,0.886,-0.143,-0.049,0.629,0.711,0.234,0.208
1638,1776122773.2134771,-2.183408868843059,-0.21465525397632515,-0.046324605306374944,0.31783454680351764,0.889,-0.142,-0.048,0.619,0.72,0.236,0.205
1639,1776122773.2242215,-2.3511336429430445,-0.011632522644070496,0.2694908065528421,0.3179151891771666,0.896,-0.138,-0.045,0.596,0.74,0.241,0.199
1640,1776122773.2350533,-2.3118248352250776,-0.03762706099824901,0.4056424272305381,0.31798537581638137,0.897,-0.137,-0.048,0.595,0.74,0.238,0.203
1641,1776122773.2459674,-2.2662822406834247,-0.06506408998403229,0.5979418558808338,0.31841196299522817,0.898,-0.136,-0.05,0.596,0.74,0.235,0.207
1642,1776122773.256747,-2.2962436748432338,0.0043952456971373625,0.4856528073147752,0.3176668591373848,0.9,-0.134,-0.054,0.598,0.738,0.23,0.212
1643,1776122773.2673337,-2.3268457522423547,0.054050904409624234,0.29829533146866494,0.31656685048390404,0.9,-0.133,-0.057,0.601,0.736,0.226,0.215
1644,1776122773.2781947,-2.299733704517071,0.05508060057845182,0.27250194988934595,0.3153082934819696,0.902,-0.131,-0.062,0.606,0.732,0.22,0.22
1645,1776122773.288318,-2.265808006409165,0.052308945419390615,0.2998977719792577,0.3121104014461736,0.904,-0.13,-0.065,0.613,0.727,0.214,0.222
1646,1776122773.2990825,-2.2110193404978706,0.026045457989502144,0.30365102915878195,0.3065516222843399,0.906,-0.127,-0.068,0.627,0.718,0.208,0.22
1647,1776122773.3100357,-2.1678204893178976,-0.00446609825607271,0.3296644179393502,0.3015410870029839,0.908,-0.126,-0.07,0.635,0.713,0.204,0.217
1648,1776122773.3203206,-2.151456895244666,0.009012531885314755,0.27923351350966463,0.2943757986036747,0.91,-0.124,-0.072,0.647,0.705,0.198,0.213
1649,1776122773.3318982,-2.1373476812940457,0.010940004914424008,0.26150815720601583,0.2886499510492936,0.912,-0.122,-0.074,0.655,0.7,0.194,0.209
1650,1776122773.342565,-2.09434826797052,-0.008125899711026391,0.266243237567235,0.28001449417200996,0.915,-0.12,-0.076,0.667,0.692,0.188,0.203
1651,1776122773.3534296,-2.0758201260405755,-0.010237718168206738,0.2569865166669041,0.27495352414693364,0.917,-0.118,-0.077,0.675,0.686,0.185,0.199
1652,1776122773.364178,-2.058009939404589,-0.013416636379552567,0.25048809500611835,0.26832896214103164,0.919,-0.116,-0.078,0.682,0.681,0.181,0.194
1653,1776122773.3754408,-2.030135713032399,-0.027771393594333248,0.2565990412975392,0.2632700826873716,0.92,-0.115,-0.079,0.689,0.676,0.178,0.19
1654,1776122773.386856,-2.0334373353923745,-0.011068274804479552,0.22764018297188526,0.2552637054720898,0.922,-0.113,-0.08,0.698,0.67,0.174,0.183
1655,1776122773.3985393,-2.0211137955609857,-0.016273231794593584,0.2235060178021382,0.25000492916574635,0.923,-0.112,-0.081,0.703,0.666,0.172,0.178
1656,1776122773.4082887,-2.0096609791499045,-0.01955831192603215,0.21680729107752805,0.24198482889735973,0.925,-0.11,-0.081,0.71,0.662,0.168,0.171
1657,1776122773.4164157,-2.005669940006366,-0.021495861340260037,0.21207877809545095,0.2382471561939753,0.925,-0.11,-0.081,0.713,0.66,0.167,0.167
1658,1776122773.4250255,-1.9985176007580603,-0.02516453984721626,0.20932047885590555,0.2352950079582382,0.925,-0.11,-0.081,0.715,0.659,0.166,0.164
1659,1776122773.4328957,-2.010050213923732,-0.008597699900227265,0.19158855517311468,0.2308216942499136,0.925,-0.11,-0.081,0.717,0.658,0.164,0.16
1660,1776122773.4413722,-2.0205539450766854,-0.01237735051362484,0.1927706834186338,0.22566925724282788,0.924,-0.11,-0.081,0.719,0.658,0.163,0.154
1661,1776122773.4502022,-2.017386588148156,-0.017887491719789064,0.19671111090369875,0.22337303264394148,0.924,-0.11,-0.081,0.719,0.658,0.162,0.152
1662,1776122773.4573007,-2.0575968159203892,0.01587470679427397,0.16735164245039647,0.21826333857320704,0.922,-0.112,-0.08,0.719,0.66,0.161,0.146
1663,1776122773.465898,-2.051102482877553,-0.004899022069924861,0.18015474808728538,0.2161023880227969,0.921,-0.113,-0.079,0.718,0.662,0.161,0.143
1664,1776122773.4741793,-2.0647143775568293,0.0009170887451061027,0.17582027785371435,0.21472365700571924,0.919,-0.114,-0.079,0.717,0.664,0.161,0.141
1665,1776122773.482677,-2.085596374375246,-0.00038078851250904043,0.17581371047457273,0.2117807249761208,0.916,-0.117,-0.077,0.711,0.67,0.161,0.137
1666,1776122773.4921505,-2.103241295367699,0.0020003233387603015,0.17285510617120337,0.2119828995661164,0.914,-0.119,-0.076,0.708,0.674,0.162,0.136
1667,1776122773.503613,-2.1585318724854705,0.05860326345682184,0.13502700231458298,0.21127455324312583,0.913,-0.12,-0.076,0.706,0.676,0.162,0.135
1668,1776122773.514541,-2.1190618087210953,0.005800068179813929,0.17009680693165796,0.21132385479392882,0.912,-0.121,-0.076,0.704,0.678,0.162,0.135
1669,1776122773.525421,-2.1264532111027585,0.005404549237059495,0.16989650186783378,0.2121273983152594,0.911,-0.121,-0.075,0.702,0.68,0.163,0.135
1670,1776122773.5361974,-2.159015534166331,0.01571867377884386,0.16339151282790643,0.21370685201615794,0.908,-0.124,-0.074,0.694,0.687,0.165,0.135
1671,1776122773.547113,-2.355677763815167,0.22105893971846896,0.025276245786820306,0.21768577509522133,0.905,-0.127,-0.073,0.687,0.694,0.168,0.137
1672,1776122773.557519,-2.1914078045583825,0.006967003101577029,0.17363005690993272,0.21998989388547843,0.903,-0.128,-0.072,0.681,0.699,0.17,0.138
1673,1776122773.5678318,-2.209754109217866,0.0026638726382647083,0.18249273506175712,0.22599619124106574,0.9,-0.13,-0.071,0.672,0.706,0.174,0.142
1674,1776122773.5788121,-2.25328236801297,0.035460916852553315,0.1716532757882585,0.23257853880362922,0.897,-0.132,-0.07,0.663,0.712,0.178,0.147
1675,1776122773.5891433,-2.2733973349611762,0.04429974083144922,0.17263509896995366,0.23838305408832242,0.896,-0.134,-0.069,0.656,0.716,0.182,0.151
1676,1776122773.5995948,-2.3277457982393255,0.10192172533473565,0.1608138165147599,0.24433251487237886,0.894,-0.135,-0.069,0.65,0.72,0.186,0.155
1677,1776122773.6090572,-2.3091064815208413,0.06242312442233708,0.18524446692216046,0.24947892789012657,0.893,-0.136,-0.069,0.644,0.724,0.189,0.159
1678,1776122773.6161902,-2.3018751589298287,0.03012884771068026,0.2004118290500887,0.25753020102307733,0.89,-0.138,-0.068,0.636,0.728,0.195,0.164
1679,1776122773.6239064,-2.3275638616146357,0.040325908549235304,0.20928107458105472,0.2670930330012645,0.887,-0.139,-0.069,0.626,0.734,0.201,0.171
1680,1776122773.632357,-2.35301875398736,0.07068850496057073,0.23312394455526664,0.27208996858063267,0.885,-0.141,-0.07,0.62,0.737,0.204,0.175
1681,1776122773.6410885,-2.352300377213888,0.05848558042894189,0.23312394455526664,0.27354354173877204,0.884,-0.141,-0.07,0.617,0.739,0.205,0.176
1682,1776122773.649108,-2.348639820157851,0.047378608543584215,0.22465530915194853,0.2742780194905128,0.883,-0.141,-0.071,0.616,0.74,0.205,0.177
1683,1776122773.657456,-2.352144423841694,0.048793591062213294,0.2343126401799278,0.27570655222410223,0.882,-0.142,-0.072,0.614,0.741,0.206,0.178
1684,1776122773.6662035,-2.3535297294865027,0.04533241059664803,0.23727124448329717,0.2771356077403929,0.882,-0.142,-0.073,0.612,0.742,0.207,0.179
1685,1776122773.6744084,-2.3533762813290995,0.048485611389173934,0.254215082669075,0.2769833666773344,0.881,-0.142,-0.073,0.611,0.742,0.207,0.179
1686,1776122773.6826193,-2.351233483280194,0.04304060579199127,0.26328463326386564,0.27771495572632166,0.881,-0.142,-0.075,0.61,0.743,0.207,0.18
1687,1776122773.690862,-2.348976418280194,0.043166925791991266,0.28003473376496113,0.27771495572632166,0.88,-0.142,-0.076,0.61,0.743,0.207,0.18
1688,1776122773.6993823,-2.3439351752818727,0.035147226554181774,0.2745247026650126,0.278541431621259,0.88,-0.142,-0.078,0.611,0.742,0.208,0.18
1689,1776122773.70774,-2.341176540281873,0.03339173155418178,0.2869403329325366,0.278541431621259,0.88,-0.142,-0.079,0.611,0.742,0.208,0.18
1690,1776122773.7159276,-2.339466164972799,0.031666506238707495,0.2668441527587071,0.27851766087420554,0.88,-0.142,-0.079,0.612,0.741,0.208,0.18
1691,1776122773.724315,-2.3286148862289737,0.021290254064210094,0.2784782649083606,0.2787588370391895,0.88,-0.141,-0.082,0.615,0.739,0.209,0.179
1692,1776122773.7329335,-2.309126400237259,0.013229794172105595,0.3163129361441228,0.278682457011824,0.881,-0.14,-0.084,0.618,0.736,0.209,0.179
1693,1776122773.7405806,-2.306675656787721,0.00870163375398893,0.28203778440320226,0.2796279127720372,0.881,-0.14,-0.086,0.621,0.734,0.21,0.179
1694,1776122773.7489514,-2.2861673118720973,-0.002358614109983585,0.31297999122967246,0.27964576384196116,0.881,-0.139,-0.089,0.625,0.73,0.211,0.178
1695,1776122773.7574022,-2.2612721178673465,-0.0150105527431306,0.37760956936387413,0.28040258864088075,0.882,-0.138,-0.091,0.628,0.727,0.212,0.178
1696,1776122773.7659547,-2.267348200186346,-0.013341695231908968,0.322450151952111,0.280462695049044,0.882,-0.138,-0.093,0.63,0.725,0.213,0.177
1697,1776122773.776154,-2.267348200186346,-0.013341695231908968,0.322450151952111,0.280462695049044,0.882,-0.138,-0.093,0.63,0.725,0.213,0.177
1698,1776122773.7866971,-2.248314971778722,-0.022538078969543508,0.3598907804393665,0.2813596973654961,0.883,-0.137,-0.095,0.634,0.722,0.214,0.177
1699,1776122773.797142,-2.137228495944101,-0.07931519910114665,0.7832995647782739,0.28290812224482564,0.883,-0.136,-0.098,0.638,0.718,0.216,0.177
1700,1776122773.8055184,-2.2262418156249364,-0.033737542880981505,0.3735016737106942,0.2836789705933452,0.883,-0.135,-0.1,0.64,0.716,0.217,0.177
1701,1776122773.812382,-2.231999486855246,-0.03280171380012711,0.3004165949314581,0.2844810638545549,0.884,-0.134,-0.103,0.644,0.712,0.219,0.176
1702,1776122773.8188903,-2.1836011397030153,-0.05491175747241085,0.4787242223202035,0.28509540248663556,0.884,-0.133,-0.104,0.645,0.71,0.22,0.176
1703,1776122773.8255544,-2.2060502410439566,-0.0472376565577496,0.3347114488098033,0.28587796437641966,0.885,-0.132,-0.107,0.649,0.706,0.222,0.175
1704,1776122773.83516,-2.200228655518954,-0.05099121789242175,0.3274315090311468,0.28742605446410546,0.885,-0.131,-0.11,0.652,0.703,0.224,0.175
1705,1776122773.8425832,-2.193024916435697,-0.0570353126716096,0.3268502959770998,0.2882285802421973,0.885,-0.13,-0.113,0.655,0.7,0.226,0.174
1706,1776122773.8510497,-2.1820102260551892,-0.0624001009806232,0.3487295195879214,0.2888767601250333,0.886,-0.129,-0.116,0.657,0.697,0.228,0.173
1707,1776122773.8595402,-2.1682530236494264,-0.06863741672315572,0.4042961145064745,0.2890681205917486,0.886,-0.129,-0.118,0.659,0.696,0.229,0.172
1708,1776122773.8684616,-2.1766630285698465,-0.07305358192746209,0.3243185713179457,0.29048914770768297,0.886,-0.127,-0.122,0.662,0.692,0.232,0.171
1709,1776122773.8768861,-2.1592812503073615,-0.07269535539317527,0.43288063222104745,0.29058252786592015,0.886,-0.127,-0.123,0.662,0.692,0.233,0.17
1710,1776122773.884519,-2.181315851895476,-0.07937000479069375,0.30028853103819353,0.2906236645343434,0.886,-0.127,-0.124,0.663,0.691,0.234,0.169
1711,1776122773.8918004,-2.1701303165275365,-0.07864676746026986,0.3643303287392061,0.2906636720206583,0.885,-0.126,-0.127,0.664,0.69,0.235,0.168
1712,1776122773.90086,-2.18271557758576,-0.08920248540453514,0.3058248316547092,0.29011997229685754,0.885,-0.125,-0.13,0.664,0.69,0.237,0.165
1713,1776122773.9091957,-2.186216453225927,-0.09459844566382576,0.2963743730696957,0.2894845427315396,0.885,-0.125,-0.132,0.664,0.69,0.238,0.163
1714,1776122773.9165957,-2.1988116511136413,-0.10683460224276799,0.24515538314299734,0.28740820384898613,0.885,-0.125,-0.134,0.662,0.692,0.238,0.16
1715,1776122773.9247744,-2.211198776378986,-0.10692970428441986,0.23057580144825818,0.28700982187865354,0.885,-0.125,-0.134,0.66,0.695,0.238,0.159
1716,1776122773.9324725,-2.2227529337635468,-0.11065165823595823,0.21106740170761729,0.285041865049789,0.885,-0.125,-0.133,0.658,0.698,0.237,0.157
1717,1776122773.9413192,-2.2332615903204243,-0.1055437921285299,0.21401943863184503,0.2829500856646817,0.885,-0.125,-0.132,0.655,0.701,0.236,0.155
1718,1776122773.9489918,-2.240817159883993,-0.10391723141048047,0.2069266691587286,0.2816487930295545,0.886,-0.125,-0.132,0.654,0.703,0.235,0.154
1719,1776122773.957945,-2.2646808377484824,-0.10358165722988748,0.1588468864617989,0.278859237058863,0.886,-0.125,-0.13,0.649,0.708,0.233,0.152
1720,1776122773.9660273,-2.272226506413001,-0.09603092662648809,0.1866236165419335,0.27600990525757946,0.886,-0.126,-0.129,0.645,0.712,0.231,0.15
1721,1776122773.9743774,-2.288256287437021,-0.09338984640634773,0.18839352522064123,0.2743466141484908,0.886,-0.126,-0.128,0.642,0.717,0.23,0.148
1722,1776122773.9825697,-2.3319842254397094,-0.10467437131176194,-0.02695412052771129,0.27363146972305813,0.886,-0.126,-0.127,0.64,0.719,0.229,0.148
1723,1776122773.9913876,-2.3080911926360517,-0.08577061967734945,0.18168823111688992,0.2707980446552448,0.886,-0.126,-0.126,0.636,0.723,0.227,0.146
1724,1776122773.9990304,-2.316168373000798,-0.08355450586769038,0.1676964298553394,0.27008007575504706,0.886,-0.127,-0.125,0.634,0.725,0.226,0.146
1725,1776122774.0078444,-2.3328823122717117,-0.09286639065800843,0.1485755054840634,0.2653503388900458,0.887,-0.127,-0.122,0.628,0.732,0.223,0.142
1726,1776122774.0156956,-2.344477939735409,-0.09603410196626315,0.11901573196693671,0.26401521553528057,0.888,-0.127,-0.12,0.625,0.735,0.222,0.141
1727,1776122774.0242794,-2.3499506054605046,-0.09004290945415885,0.14836863304109738,0.2634741027191316,0.888,-0.127,-0.119,0.623,0.737,0.222,0.14
1728,1776122774.0335612,-2.35939473927181,-0.08754448182869239,0.1499382366559816,0.2622656434344485,0.889,-0.128,-0.117,0.621,0.74,0.221,0.139
1729,1776122774.0410058,-2.361799698180582,-0.08413391813331927,0.16215356185968166,0.26067583378978626,0.889,-0.128,-0.117,0.619,0.741,0.22,0.138
1730,1776122774.0490382,-2.3679591373078197,-0.07918906230303549,0.1735742341872275,0.2593991569278581,0.889,-0.128,-0.115,0.618,0.743,0.219,0.137
1731,1776122774.057892,-2.3668459081914155,-0.07381110738756334,0.1911058528061944,0.2600735579542368,0.889,-0.128,-0.114,0.618,0.743,0.219,0.138
1732,1776122774.0661583,-2.3653387174231764,-0.07363861926882664,0.18854129125133157,0.2592099004227104,0.89,-0.128,-0.113,0.618,0.743,0.218,0.138
1733,1776122774.0742762,-2.360233021645911,-0.07574083023760207,0.1932698042334089,0.2590201239174725,0.89,-0.128,-0.113,0.618,0.742,0.218,0.138
1734,1776122774.083294,-2.358504754159287,-0.07266885229685241,0.20646695261880477,0.25981651560161745,0.89,-0.128,-0.112,0.619,0.742,0.218,0.139
1735,1776122774.0926073,-2.358504754159287,-0.07266885229685241,0.20646695261880477,0.25981651560161745,0.89,-0.128,-0.112,0.619,0.742,0.218,0.139
1736,1776122774.10157,-2.3541502370248226,-0.07577669836130906,0.20213248238523351,0.25962688069758033,0.89,-0.128,-0.112,0.619,0.741,0.218,0.139
1737,1776122774.1093998,-2.353538764470193,-0.07494600445420287,0.20823686129751273,0.2597478041989516,0.891,-0.128,-0.111,0.62,0.741,0.218,0.139
1738,1776122774.1178975,-2.3472152284966383,-0.07417920900205158,0.20981303229153858,0.259497993562139,0.891,-0.128,-0.111,0.621,0.74,0.217,0.14
1739,1776122774.1263545,-2.3411262092513923,-0.07871335237985089,0.2102070750400451,0.2594309971606266,0.892,-0.127,-0.111,0.622,0.739,0.217,0.14
1740,1776122774.1343522,-2.3343143278111866,-0.08201957412467761,0.21158294097024677,0.2600456947011395,0.892,-0.127,-0.11,0.623,0.738,0.217,0.141
1741,1776122774.1407828,-2.3328743064730073,-0.07790321698240638,0.21749358219784365,0.2599796083893926,0.892,-0.127,-0.11,0.624,0.737,0.217,0.141
1742,1776122774.149268,-2.3224189355943854,-0.08596150258948504,0.22301018067693423,0.26082581600878013,0.893,-0.127,-0.11,0.627,0.735,0.218,0.141
1743,1776122774.1578891,-2.320425234596617,-0.0764741135522753,0.22616252266498593,0.2612565147744477,0.894,-0.126,-0.11,0.628,0.733,0.218,0.142
1744,1776122774.1670825,-2.305407629285718,-0.09222120749392688,0.23601359137764755,0.26131383303936995,0.894,-0.126,-0.11,0.63,0.732,0.218,0.142
1745,1776122774.1743906,-2.309364083820501,-0.07747870966683833,0.23286124938959585,0.2611818159809803,0.894,-0.126,-0.11,0.632,0.73,0.218,0.142
1746,1776122774.1826005,-2.3003339474825677,-0.07758492522405996,0.2421245376690686,0.2617430467289524,0.895,-0.125,-0.111,0.634,0.728,0.218,0.143
1747,1776122774.1908298,-2.298467061925339,-0.07833260452129612,0.24291262316608142,0.2625281092804497,0.895,-0.125,-0.111,0.635,0.727,0.219,0.143
1748,1776122774.199075,-2.290179503436515,-0.07990161627196708,0.25059974045152833,0.2623962417996611,0.895,-0.125,-0.112,0.637,0.725,0.219,0.143
1749,1776122774.2075326,-2.2851675999267265,-0.08021689282554453,0.24390101372691886,0.2622643340375395,0.895,-0.125,-0.112,0.639,0.723,0.219,0.143
1750,1776122774.215755,-2.283154497879347,-0.08101823659877266,0.2523762165093786,0.26238843259357036,0.895,-0.125,-0.113,0.64,0.723,0.219,0.143
1751,1776122774.226961,-2.283154497879347,-0.08101823659877266,0.2523762165093786,0.26238843259357036,0.895,-0.125,-0.113,0.64,0.723,0.219,0.143
1752,1776122774.2400799,-2.2794050476923835,-0.08167754680153698,0.2539523875034042,0.262322482555142,0.895,-0.124,-0.113,0.641,0.722,0.219,0.143
1753,1776122774.251239,-2.2741451998080597,-0.08205035130783454,0.2537586498187221,0.2637381183330289,0.895,-0.124,-0.114,0.643,0.72,0.22,0.144
1754,1776122774.2621372,-2.2676662170469615,-0.08282613994151951,0.2539589548825463,0.26348157582901816,0.895,-0.124,-0.115,0.644,0.718,0.22,0.144
1755,1776122774.273016,-2.2617021142528135,-0.08279001307959849,0.2695269271381222,0.2635405248295461,0.895,-0.123,-0.116,0.646,0.717,0.22,0.144
1756,1776122774.2835538,-2.2593600699577383,-0.08345464558920627,0.2638165909743493,0.2634746401207018,0.895,-0.123,-0.117,0.647,0.716,0.22,0.144
1757,1776122774.29412,-2.255822181971444,-0.08349213552781536,0.27899052048141915,0.2642511788371166,0.895,-0.123,-0.118,0.648,0.715,0.221,0.144
1758,1776122774.3048477,-2.253806058980417,-0.08570488112180084,0.27406826981465926,0.2634768961262626,0.895,-0.123,-0.119,0.649,0.714,0.221,0.143
1759,1776122774.3154078,-2.253250823160181,-0.08857435350794207,0.2618595119901006,0.26412731423720903,0.894,-0.123,-0.121,0.649,0.713,0.222,0.143
1760,1776122774.3248312,-2.2523721481601813,-0.08631728850794207,0.27565100818782695,0.26412731423720903,0.894,-0.122,-0.121,0.649,0.713,0.222,0.143
1761,1776122774.332939,-2.2590714742092546,-0.08909522185723798,0.25871373738119074,0.2651636199573831,0.894,-0.122,-0.123,0.649,0.714,0.223,0.143
1762,1776122774.3407743,-2.259352980111931,-0.08932766720073819,0.26226012211774874,0.26433397487740273,0.894,-0.122,-0.123,0.648,0.714,0.223,0.142
1763,1776122774.3489428,-2.2642971328583363,-0.08984875486122924,0.26324851267858573,0.26537312580861266,0.894,-0.122,-0.124,0.648,0.715,0.224,0.142
1764,1776122774.3578234,-2.2655626305022287,-0.08613109036355436,0.2760581856946167,0.2644239667356168,0.893,-0.122,-0.125,0.646,0.715,0.224,0.141
1765,1776122774.3660972,-2.269437394733933,-0.09104269475081259,0.2532037062812418,0.2646181096265417,0.893,-0.122,-0.125,0.646,0.716,0.224,0.141
1766,1776122774.3747323,-2.274612565577849,-0.09024272087395863,0.2573444388301309,0.2655388487876153,0.893,-0.122,-0.126,0.645,0.717,0.225,0.141
1767,1776122774.3826008,-2.274435293250523,-0.09480614394661524,0.24867549836298863,0.26483759354261094,0.893,-0.122,-0.126,0.645,0.717,0.225,0.14
1768,1776122774.3908002,-2.278540227557927,-0.09438892957617259,0.24394698538091109,0.2649112317082633,0.893,-0.122,-0.126,0.644,0.718,0.225,0.14
1769,1776122774.398893,-2.2831506895810167,-0.09058525020898031,0.24966388892382563,0.264984857172553,0.892,-0.122,-0.127,0.643,0.719,0.225,0.14
1770,1776122774.407378,-2.2838978287229286,-0.08876501794546926,0.2512400599178517,0.26486358493376383,0.892,-0.122,-0.127,0.642,0.719,0.225,0.14
1771,1776122774.4156675,-2.287342346734344,-0.0911632452589116,0.24651154693577393,0.2642403075712766,0.892,-0.122,-0.127,0.641,0.72,0.225,0.139
1772,1776122774.424054,-2.29020628462967,-0.0930704474851331,0.24178303395369638,0.2644353503490694,0.892,-0.122,-0.127,0.641,0.721,0.225,0.139
1773,1776122774.4329023,-2.295970950199705,-0.08757547083882075,0.24789398024511722,0.264389414942044,0.892,-0.123,-0.128,0.639,0.722,0.225,0.139
1774,1776122774.4406629,-2.297796028374636,-0.08730192140882838,0.24986419398764959,0.26524364973697273,0.891,-0.123,-0.128,0.639,0.722,0.226,0.139
1775,1776122774.4489942,-2.3040531846413446,-0.08847405740440664,0.24395355276005248,0.2653942946359327,0.891,-0.123,-0.128,0.637,0.724,0.226,0.139
1776,1776122774.4574215,-2.3027992596413442,-0.09148347740440663,0.23961908252648123,0.2653942946359327,0.891,-0.123,-0.128,0.637,0.724,0.226,0.139
1777,1776122774.4660134,-2.3027992596413442,-0.09148347740440663,0.23961908252648123,0.2653942946359327,0.891,-0.123,-0.128,0.637,0.724,0.226,0.139
1778,1776122774.475403,-2.3098132752542364,-0.08605265960908758,0.2447416382570653,0.2646587081710149,0.891,-0.123,-0.128,0.635,0.725,0.226,0.138
1779,1776122774.484425,-2.309348212974117,-0.08962463204413655,0.23883099702946864,0.2639969833867302,0.891,-0.123,-0.128,0.635,0.726,0.225,0.138
1780,1776122774.4930387,-2.3165059962623973,-0.08294315685415495,0.24316546726303967,0.2640724047485045,0.891,-0.123,-0.128,0.634,0.727,0.225,0.138
1781,1776122774.5015473,-2.3171470986851994,-0.08754706320129177,0.23764886878394909,0.26414781283757827,0.891,-0.123,-0.128,0.633,0.728,0.225,0.138
1782,1776122774.510338,-2.3225568165270114,-0.08399958559028306,0.23764886878394909,0.2642232076540254,0.89,-0.123,-0.128,0.632,0.729,0.225,0.138
1783,1776122774.519139,-2.324710000731235,-0.0858449685261359,0.23627300285374764,0.2642985891979221,0.89,-0.123,-0.129,0.631,0.73,0.225,0.138
1784,1776122774.5300932,-2.3283715369009936,-0.0849317715141256,0.23410248404739087,0.26437395746934694,0.89,-0.123,-0.128,0.63,0.731,0.225,0.138
1785,1776122774.5404577,-2.3271802078423254,-0.0878767577285455,0.23016205656232636,0.2642544016267632,0.89,-0.123,-0.128,0.629,0.731,0.225,0.138
1786,1776122774.5519407,-2.3317296693396545,-0.08721443384284616,0.22582758632875533,0.2643297776785929,0.89,-0.124,-0.128,0.628,0.732,0.225,0.138
1787,1776122774.563715,-2.3352531130675898,-0.08914829142045959,0.2226752443407034,0.2637227670219785,0.89,-0.124,-0.128,0.627,0.733,0.225,0.137
1788,1776122774.5738614,-2.33424997306759,-0.08889750642045958,0.228191842819794,0.2637227670219785,0.89,-0.124,-0.128,0.627,0.733,0.225,0.137
1789,1776122774.5845985,-2.33424997306759,-0.08990064642045958,0.22523323851642507,0.2637227670219785,0.89,-0.124,-0.127,0.627,0.733,0.225,0.137
1790,1776122774.595638,-2.3348040759630946,-0.09273188938144047,0.22208089652837315,0.26458606586345007,0.89,-0.124,-0.127,0.627,0.733,0.226,0.137
1791,1776122774.6067338,-2.3348040759630946,-0.09448738438144048,0.2169583407977893,0.26458606586345007,0.89,-0.124,-0.127,0.627,0.733,0.226,0.137
1792,1776122774.6177492,-2.3306992641176585,-0.09420601641502539,0.2218805914645492,0.2643902710423414,0.891,-0.124,-0.126,0.627,0.732,0.226,0.137
1793,1776122774.6281376,-2.3303776410233197,-0.09326989845720439,0.22739718994363955,0.2645089715222528,0.891,-0.124,-0.126,0.628,0.732,0.226,0.137
1794,1776122774.639553,-2.3301268560233193,-0.0947746084572044,0.22345676245857482,0.2645089715222528,0.891,-0.124,-0.126,0.628,0.732,0.226,0.137
1795,1776122774.6501465,-2.3267071392141916,-0.09518635314254136,0.22385080520708134,0.26443186328021545,0.891,-0.124,-0.126,0.629,0.731,0.226,0.137
1796,1776122774.6600323,-2.3267071392141916,-0.09543713814254134,0.2216802864007248,0.26443186328021545,0.891,-0.124,-0.125,0.629,0.731,0.226,0.137
1797,1776122774.6671033,-2.326642868084842,-0.09525343161193206,0.22404454289176368,0.26455055221963625,0.891,-0.124,-0.125,0.63,0.731,0.226,0.137
1798,1776122774.6740563,-2.3229443541336336,-0.09677082469421061,0.21458751692760858,0.2650398232739284,0.891,-0.124,-0.125,0.63,0.73,0.226,0.138
1799,1776122774.6833885,-2.3195334948735815,-0.09605747985805144,0.21872168209735565,0.26496362746761043,0.892,-0.124,-0.124,0.631,0.729,0.226,0.138
1800,1776122774.6909652,-2.319229950107903,-0.09662612803798076,0.2183276393488489,0.265083110283724,0.892,-0.124,-0.124,0.632,0.729,0.226,0.138
1801,1776122774.699209,-2.318979165107903,-0.10063868803798076,0.20532422864813582,0.265083110283724,0.892,-0.124,-0.124,0.632,0.729,0.226,0.138
1802,1776122774.708081,-2.31656681818985,-0.0923737618710563,0.21812733428502495,0.2640281938358584,0.892,-0.124,-0.123,0.632,0.728,0.225,0.138
1803,1776122774.7160964,-2.3168176031898504,-0.0923737618710563,0.21655116329099933,0.2640281938358584,0.892,-0.124,-0.123,0.632,0.728,0.225,0.138
1804,1776122774.7239676,-2.315426446274627,-0.0926129869872709,0.21733924878801192,0.2648364253995649,0.892,-0.124,-0.123,0.633,0.728,0.225,0.139
1805,1776122774.7333064,-2.3118174306175208,-0.09271189792082879,0.2191091574667201,0.26464156552749196,0.892,-0.124,-0.122,0.633,0.727,0.225,0.139
1806,1776122774.740802,-2.310467037500514,-0.09067981954717087,0.22383767044879788,0.26390483662005965,0.892,-0.124,-0.122,0.634,0.727,0.224,0.139
1807,1776122774.7493837,-2.310717822500514,-0.09105692454717086,0.22107937120925247,0.26390483662005965,0.893,-0.124,-0.122,0.634,0.727,0.224,0.139
1808,1776122774.7583175,-2.310628857423903,-0.08897736620688262,0.22166715164244155,0.26459528742043414,0.893,-0.124,-0.121,0.634,0.727,0.224,0.14
1809,1776122774.7657988,-2.310879642423903,-0.08972972120688262,0.21615055316335097,0.26459528742043414,0.893,-0.124,-0.121,0.634,0.727,0.224,0.14
1810,1776122774.7744417,-2.309323282321731,-0.08688114092192693,0.22481949363049303,0.2637393567199642,0.893,-0.124,-0.121,0.634,0.727,0.223,0.14
1811,1776122774.783557,-2.309323282321731,-0.08688114092192693,0.22481949363049303,0.2637393567199642,0.893,-0.124,-0.121,0.634,0.727,0.223,0.14
1812,1776122774.7921731,-2.309574067321731,-0.08688114092192693,0.2236373653849737,0.2637393567199642,0.893,-0.124,-0.121,0.634,0.727,0.223,0.14
1813,1776122774.7990456,-2.3110787773217307,-0.08913820592192692,0.20629948445068935,0.2637393567199642,0.893,-0.124,-0.121,0.634,0.727,0.223,0.14
1814,1776122774.8077419,-2.3089486756495496,-0.08511201053190093,0.22540727406368188,0.26455279719881536,0.893,-0.124,-0.12,0.635,0.727,0.223,0.141
1815,1776122774.816082,-2.3089486756495496,-0.08511201053190093,0.22540727406368188,0.26455279719881536,0.893,-0.124,-0.12,0.635,0.727,0.223,0.141
1816,1776122774.8242855,-2.3089486756495496,-0.08486122553190092,0.226589402309201,0.26455279719881536,0.893,-0.124,-0.12,0.635,0.727,0.223,0.141
1817,1776122774.8327696,-2.308150970377137,-0.0832643429867205,0.22501323131517537,0.26369816525964446,0.893,-0.124,-0.12,0.635,0.727,0.222,0.141
1818,1776122774.840543,-2.3084017553771368,-0.0832643429867205,0.22501323131517537,0.26369816525964446,0.893,-0.124,-0.12,0.635,0.727,0.222,0.141
1819,1776122774.8490574,-2.3081853407599215,-0.08220452994694556,0.2293477015487464,0.26357596040720643,0.893,-0.124,-0.12,0.634,0.727,0.222,0.141
1820,1776122774.857902,-2.3079345557599216,-0.08195374494694557,0.23052982979426573,0.26357596040720643,0.893,-0.124,-0.12,0.634,0.727,0.222,0.141
1821,1776122774.8665216,-2.3079345557599216,-0.08170295994694557,0.23210600078829158,0.26357596040720643,0.893,-0.124,-0.12,0.634,0.727,0.222,0.141
1822,1776122774.874306,-2.3079345557599216,-0.08170295994694557,0.2325000435367981,0.26357596040720643,0.893,-0.124,-0.12,0.634,0.727,0.222,0.141
1823,1776122774.8829093,-2.3076837707599216,-0.08170295994694557,0.2325000435367981,0.26357596040720643,0.893,-0.124,-0.12,0.634,0.727,0.222,0.141
1824,1776122774.8907866,-2.30759660730369,-0.07912261759038676,0.2364404710218626,0.2642682184914756,0.893,-0.124,-0.12,0.634,0.727,0.222,0.142
1825,1776122774.8992794,-2.307432985759922,-0.08069981994694557,0.23801664201588868,0.26357596040720643,0.893,-0.124,-0.12,0.634,0.727,0.222,0.141
1826,1776122774.9110465,-2.307432985759922,-0.08069981994694557,0.23801664201588868,0.26357596040720643,0.893,-0.124,-0.12,0.634,0.727,0.222,0.141
1827,1776122774.9214363,-2.307432985759922,-0.08170295994694557,0.23368217178231743,0.26357596040720643,0.893,-0.124,-0.12,0.634,0.727,0.222,0.141
1828,1776122774.9315195,-2.307432985759922,-0.08120138994694556,0.23782290433120634,0.26357596040720643,0.893,-0.124,-0.121,0.634,0.727,0.222,0.141
1829,1776122774.942563,-2.307432985759922,-0.08145217494694557,0.23703481883419353,0.26357596040720643,0.893,-0.124,-0.121,0.634,0.727,0.222,0.141
1830,1776122774.9532676,-2.3071822007599216,-0.08132585494694557,0.23742886158269982,0.26357596040720643,0.892,-0.124,-0.121,0.634,0.727,0.222,0.141
1831,1776122774.9637527,-2.3090379775496577,-0.0767079600869357,0.2618595119901006,0.2637683523174091,0.892,-0.124,-0.121,0.634,0.728,0.222,0.141
1832,1776122774.9746327,-2.3105826300194705,-0.07966073816749217,0.2425514173132839,0.26364616744608654,0.892,-0.124,-0.121,0.633,0.728,0.222,0.141
1833,1776122774.9854832,-2.3116306881894446,-0.0815032317025722,0.2407815086345757,0.26450171519900095,0.892,-0.124,-0.122,0.633,0.728,0.223,0.141
1834,1776122774.9961903,-2.3108783331894447,-0.07999852170257221,0.2506325773472371,0.26450171519900095,0.892,-0.124,-0.122,0.633,0.728,0.223,0.141
1835,1776122775.0072463,-2.311218766521806,-0.08283244545696039,0.24610436942898395,0.263811297125968,0.892,-0.124,-0.123,0.633,0.728,0.223,0.14
1836,1776122775.0180488,-2.3117203365218058,-0.08358480045696039,0.24098181369839966,0.263811297125968,0.892,-0.124,-0.123,0.633,0.728,0.223,0.14
1837,1776122775.0284264,-2.3117701619043616,-0.08291978293971304,0.25516735264463253,0.26466802463154415,0.892,-0.124,-0.123,0.633,0.728,0.224,0.14
1838,1776122775.039223,-2.3125225169043615,-0.08467527793971305,0.24472850349878206,0.26466802463154415,0.892,-0.124,-0.124,0.633,0.728,0.224,0.14
1839,1776122775.0498264,-2.3124063791776677,-0.08519064027338602,0.2498510592293659,0.26385802533305575,0.892,-0.124,-0.124,0.632,0.728,0.224,0.139
1840,1776122775.060415,-2.3124063791776677,-0.08493985527338603,0.2524156207842292,0.26385802533305575,0.892,-0.124,-0.125,0.632,0.728,0.224,0.139
1841,1776122775.070986,-2.313967226569821,-0.0872820345141865,0.2461109368081258,0.26471605579478136,0.892,-0.124,-0.125,0.632,0.728,0.225,0.139
1842,1776122775.0826638,-2.3162871915270116,-0.08713532559028306,0.2571441337663065,0.2642232076540254,0.891,-0.123,-0.125,0.632,0.729,0.225,0.138
1843,1776122775.093223,-2.3172903315270115,-0.08889082059028305,0.24552315637493694,0.2642232076540254,0.891,-0.123,-0.126,0.632,0.729,0.225,0.138
1844,1776122775.1036022,-2.317849705107903,-0.08947782803798077,0.25222188309954685,0.265083110283724,0.891,-0.123,-0.126,0.632,0.729,0.226,0.138
1845,1776122775.1141946,-2.3181532498735815,-0.08890917985805143,0.2524221881633708,0.26496362746761043,0.891,-0.123,-0.127,0.631,0.729,0.226,0.138
1846,1776122775.1249068,-2.318247530935931,-0.09074352632231406,0.2528162309118773,0.2642776050932582,0.891,-0.123,-0.127,0.631,0.729,0.226,0.137
1847,1776122775.136193,-2.3195655823068093,-0.09258225103294697,0.24966388892382563,0.2651388225327289,0.891,-0.123,-0.127,0.631,0.729,0.227,0.137
1848,1776122775.1469507,-2.3195655823068093,-0.09258225103294697,0.25144036498167543,0.2651388225327289,0.891,-0.123,-0.128,0.631,0.729,0.227,0.137
1849,1776122775.1576347,-2.3188132273068094,-0.09107754103294698,0.260503348197324,0.2651388225327289,0.891,-0.123,-0.128,0.631,0.729,0.227,0.137
1850,1776122775.1681774,-2.32382538118628,-0.0942557414785281,0.24552972375407855,0.26453256832081273,0.891,-0.123,-0.128,0.63,0.73,0.227,0.136
1851,1776122775.1789236,-2.3248957004902646,-0.09584144196571028,0.24573002881790273,0.2653957829908557,0.891,-0.123,-0.129,0.63,0.73,0.228,0.136
1852,1776122775.1896317,-2.3248957004902646,-0.09559065696571029,0.24730619981192858,0.2653957829908557,0.891,-0.123,-0.129,0.63,0.73,0.228,0.136
1853,1776122775.2005374,-2.3251464854902646,-0.09596590696571028,0.24375981507537037,0.2653957829908557,0.89,-0.123,-0.129,0.63,0.73,0.228,0.136
1854,1776122775.2112005,-2.3241433454902647,-0.09370884196571028,0.2577516163369209,0.2653957829908557,0.89,-0.123,-0.13,0.63,0.73,0.228,0.136
1855,1776122775.2219214,-2.3252091304342097,-0.0946396589136298,0.24790054762425928,0.26527801975484366,0.89,-0.123,-0.13,0.629,0.73,0.228,0.136
1856,1776122775.2334328,-2.32580877945935,-0.0977311311710357,0.24159586364815588,0.2645954880899245,0.89,-0.123,-0.13,0.629,0.73,0.228,0.135
1857,1776122775.2439911,-2.3291614338044555,-0.09764207761818526,0.23962564990562352,0.2647930875995038,0.89,-0.123,-0.13,0.629,0.731,0.228,0.135
1858,1776122775.2548044,-2.3291614338044555,-0.09764207761818526,0.23962564990562352,0.2647930875995038,0.89,-0.123,-0.13,0.629,0.731,0.228,0.135
1859,1776122775.2648504,-2.3294122188044555,-0.09789286261818525,0.2384435216601044,0.2647930875995038,0.89,-0.123,-0.13,0.629,0.731,0.228,0.135
1860,1776122775.275564,-2.3294122188044555,-0.09814364761818524,0.23765543616309137,0.2647930875995038,0.89,-0.123,-0.13,0.629,0.731,0.228,0.135
1861,1776122775.2858076,-2.3294122188044555,-0.09814364761818524,0.23686735066607856,0.2647930875995038,0.89,-0.123,-0.13,0.629,0.731,0.228,0.135
1862,1776122775.296631,-2.3294122188044555,-0.09839443261818526,0.235685222420559,0.2647930875995038,0.89,-0.123,-0.13,0.629,0.731,0.228,0.135
1863,1776122775.307998,-2.3295635851473966,-0.09680519783438714,0.23450309417503967,0.26547542789779205,0.89,-0.123,-0.13,0.629,0.731,0.228,0.136
1864,1776122775.318013,-2.3295635851473966,-0.09705598283438713,0.23410905142653315,0.26547542789779205,0.89,-0.123,-0.13,0.629,0.731,0.228,0.136
1865,1776122775.3293164,-2.3295635851473966,-0.09730676783438713,0.23135075218698797,0.26547542789779205,0.89,-0.123,-0.13,0.629,0.731,0.228,0.136
1866,1776122775.3406715,-2.3295635851473966,-0.09730676783438713,0.232138837684001,0.26547542789779205,0.89,-0.123,-0.13,0.629,0.731,0.228,0.136
1867,1776122775.3514457,-2.3295635851473966,-0.09730676783438713,0.23253288043250708,0.26547542789779205,0.89,-0.123,-0.13,0.629,0.731,0.228,0.136
1868,1776122775.3620098,-2.3251405360069306,-0.09631674419446398,0.23095670943848146,0.26441469155554603,0.89,-0.123,-0.13,0.629,0.73,0.227,0.136
1869,1776122775.372673,-2.3250793061862804,-0.0973896264785281,0.22721001963809906,0.26453256832081273,0.89,-0.123,-0.129,0.63,0.73,0.227,0.136
1870,1776122775.382678,-2.324731681072225,-0.09605401755275628,0.22760406238660535,0.2652167501676088,0.89,-0.123,-0.129,0.63,0.73,0.227,0.137
1871,1776122775.394193,-2.324982466072225,-0.09618033755275628,0.22642193414108625,0.2652167501676088,0.891,-0.123,-0.129,0.63,0.73,0.227,0.137
1872,1776122775.4048584,-2.324982466072225,-0.09592955255275626,0.22760406238660535,0.2652167501676088,0.891,-0.123,-0.129,0.63,0.73,0.227,0.137
1873,1776122775.415327,-2.324982466072225,-0.09693269255275627,0.2226752443407034,0.2652167501676088,0.891,-0.123,-0.128,0.63,0.73,0.227,0.137
1874,1776122775.4262402,-2.323607635648637,-0.09566526758216554,0.22385737258622296,0.2644734514746927,0.891,-0.123,-0.128,0.631,0.73,0.226,0.137
1875,1776122775.4364944,-2.3202538109359314,-0.09651158132231405,0.2218871588436906,0.2642776050932582,0.891,-0.123,-0.128,0.631,0.729,0.226,0.137
1876,1776122775.446626,-2.3201595298735818,-0.09442644985805143,0.22306928708920992,0.26496362746761043,0.891,-0.123,-0.128,0.631,0.729,0.226,0.138
1877,1776122775.4573817,-2.3199087448735813,-0.09292173985805142,0.2295677087499961,0.26496362746761043,0.891,-0.123,-0.127,0.631,0.729,0.226,0.138
1878,1776122775.4672945,-2.3199087448735813,-0.09317252485805144,0.22838558050447655,0.26496362746761043,0.891,-0.123,-0.127,0.631,0.729,0.226,0.138
1879,1776122775.4769309,-2.320106770107903,-0.09725216303798076,0.21301791331272457,0.265083110283724,0.891,-0.123,-0.127,0.632,0.729,0.226,0.138
1880,1776122775.4872365,-2.319605200107903,-0.09424274303798078,0.22641536676194418,0.265083110283724,0.891,-0.123,-0.127,0.632,0.729,0.226,0.138
1881,1776122775.4974608,-2.3185442565270113,-0.09315416559028306,0.22483919576791855,0.2642232076540254,0.891,-0.123,-0.127,0.632,0.729,0.225,0.138
1882,1776122775.508149,-2.31493578818985,-0.09174587187105629,0.23094357468019777,0.2640281938358584,0.891,-0.123,-0.126,0.632,0.728,0.225,0.138
1883,1776122775.5187798,-2.314844046569821,-0.0905422395141865,0.22936740368617192,0.26471605579478136,0.892,-0.123,-0.126,0.632,0.728,0.225,0.139
1884,1776122775.5293388,-2.3145932615698213,-0.0917961645141865,0.22621506169812022,0.26471605579478136,0.892,-0.123,-0.126,0.632,0.728,0.225,0.139
1885,1776122775.5399044,-2.314547771274627,-0.0908574919872709,0.2313376174287043,0.2648364253995649,0.892,-0.123,-0.126,0.633,0.728,0.225,0.139
1886,1776122775.5504384,-2.314296986274627,-0.0911082769872709,0.2317316601772108,0.2648364253995649,0.892,-0.123,-0.126,0.633,0.728,0.225,0.139
1887,1776122775.560654,-2.314296986274627,-0.0906067069872709,0.23291378842273014,0.2648364253995649,0.892,-0.123,-0.126,0.633,0.728,0.225,0.139
1888,1776122775.5707757,-2.314296986274627,-0.09035592198727091,0.234489959416756,0.2648364253995649,0.892,-0.123,-0.126,0.633,0.728,0.225,0.139
1889,1776122775.5813794,-2.314046201274627,-0.09035592198727091,0.23527804491376902,0.2648364253995649,0.892,-0.123,-0.126,0.633,0.728,0.225,0.139
1890,1776122775.591815,-2.314046201274627,-0.0898543519872709,0.23685421590779465,0.2648364253995649,0.892,-0.123,-0.126,0.633,0.728,0.225,0.139
1891,1776122775.6019864,-2.3106879706175207,-0.0899532629208288,0.23724825865630117,0.26464156552749196,0.892,-0.123,-0.126,0.633,0.727,0.225,0.139
1892,1776122775.6127107,-2.3115933516065077,-0.09287360991521679,0.24118868614136568,0.26481119503378037,0.892,-0.123,-0.126,0.633,0.727,0.226,0.138
1893,1776122775.622518,-2.3115933516065077,-0.09287360991521679,0.24000655789584635,0.26481119503378037,0.892,-0.123,-0.126,0.633,0.727,0.226,0.138
1894,1776122775.632794,-2.314949681185858,-0.09202477988693104,0.24315889988389805,0.2650069222086262,0.892,-0.123,-0.126,0.633,0.728,0.226,0.138
1895,1776122775.6431468,-2.3144481111858575,-0.09127242488693105,0.24808771792979978,0.2650069222086262,0.892,-0.123,-0.127,0.633,0.728,0.226,0.138
1896,1776122775.653129,-2.315200466185858,-0.09202477988693104,0.24178303395369638,0.2650069222086262,0.892,-0.123,-0.127,0.633,0.728,0.226,0.138
1897,1776122775.6642995,-2.314949681185858,-0.09139688988693104,0.2453294186902546,0.2650069222086262,0.891,-0.123,-0.127,0.633,0.728,0.226,0.138
1898,1776122775.6748707,-2.315749199283489,-0.09132977643191977,0.24158929626901382,0.26488741805426225,0.891,-0.123,-0.128,0.632,0.728,0.226,0.138
1899,1776122775.6855693,-2.315498414283489,-0.09082820643191976,0.244347595508559,0.26488741805426225,0.891,-0.123,-0.128,0.632,0.728,0.226,0.138
1900,1776122775.695848,-2.3169109864739186,-0.09500306279048155,0.23961908252648123,0.2650608806537538,0.891,-0.123,-0.128,0.632,0.728,0.227,0.137
1901,1776122775.7066047,-2.3169109864739186,-0.09450149279048155,0.24237738176602663,0.2650608806537538,0.891,-0.123,-0.128,0.632,0.728,0.227,0.137
1902,1776122775.7174175,-2.3166602014739186,-0.09324756779048154,0.2474999374966107,0.2650608806537538,0.891,-0.123,-0.128,0.632,0.728,0.227,0.137
1903,1776122775.72795,-2.3202634957623895,-0.09365511937876345,0.2445479005723834,0.26525744004872,0.891,-0.123,-0.129,0.632,0.729,0.227,0.137
1904,1776122775.7384398,-2.3205687223068097,-0.09358539103294695,0.24257768682985126,0.2651388225327289,0.891,-0.123,-0.129,0.631,0.729,0.227,0.137
1905,1776122775.7488153,-2.3205687223068097,-0.09383617603294697,0.2413955585843317,0.2651388225327289,0.891,-0.123,-0.129,0.631,0.729,0.227,0.137
1906,1776122775.7593772,-2.3205687223068097,-0.09333460603294697,0.24297172957835755,0.2651388225327289,0.891,-0.123,-0.129,0.631,0.729,0.227,0.137
1907,1776122775.7696576,-2.3205687223068097,-0.09258225103294697,0.24612407156640925,0.2651388225327289,0.891,-0.123,-0.129,0.631,0.729,0.227,0.137
1908,1776122775.7801583,-2.324230111072225,-0.09216777755275628,0.24435416288770107,0.2652167501676088,0.891,-0.123,-0.13,0.63,0.73,0.227,0.137
1909,1776122775.7913737,-2.324230111072225,-0.09216777755275628,0.24435416288770107,0.2652167501676088,0.891,-0.123,-0.13,0.63,0.73,0.227,0.137
1910,1776122775.801785,-2.324230111072225,-0.09229224255275627,0.24396012013919477,0.2652167501676088,0.89,-0.123,-0.13,0.63,0.73,0.227,0.137
1911,1776122775.8126185,-2.32407616618628,-0.0928754964785281,0.2500710664306156,0.26453256832081273,0.89,-0.123,-0.131,0.63,0.73,0.227,0.136
1912,1776122775.8231783,-2.3246389660069307,-0.09255496919446397,0.24810085268808324,0.26441469155554603,0.89,-0.123,-0.131,0.629,0.73,0.227,0.136
1913,1776122775.833839,-2.327742794613446,-0.09120955608329559,0.2532234084186671,0.2646114236036226,0.89,-0.123,-0.131,0.629,0.731,0.227,0.136
1914,1776122775.8443415,-2.3280588751473967,-0.08878007783438713,0.27095533210145795,0.26547542789779205,0.89,-0.123,-0.131,0.629,0.731,0.228,0.136
1915,1776122775.8546112,-2.329381082629721,-0.0944758468886743,0.2443607302668429,0.26535768668258336,0.89,-0.123,-0.132,0.628,0.731,0.228,0.136
1916,1776122775.8651073,-2.329381082629721,-0.0944758468886743,0.24475477301534898,0.26535768668258336,0.89,-0.123,-0.132,0.628,0.731,0.228,0.136
1917,1776122775.875599,-2.332479552211435,-0.09413355784950028,0.2451488157638555,0.2655550579084725,0.89,-0.123,-0.132,0.628,0.732,0.228,0.136
1918,1776122775.8859692,-2.332479552211435,-0.09413355784950028,0.2451488157638555,0.2655550579084725,0.89,-0.123,-0.132,0.628,0.732,0.228,0.136
1919,1776122775.8963647,-2.3317271972114346,-0.09287963284950028,0.25342371348249126,0.2655550579084725,0.89,-0.123,-0.132,0.628,0.732,0.228,0.136
1920,1776122775.9065862,-2.332479552211435,-0.09488591284950029,0.24239051652431054,0.2655550579084725,0.89,-0.123,-0.132,0.628,0.732,0.228,0.136
1921,1776122775.9171927,-2.332479552211435,-0.09513669784950028,0.2416024310272975,0.2655550579084725,0.89,-0.123,-0.132,0.628,0.732,0.228,0.136
1922,1776122775.9269376,-2.332604017211435,-0.09538748284950029,0.24062060784560213,0.2655550579084725,0.89,-0.122,-0.133,0.628,0.732,0.228,0.136
1923,1776122775.9364626,-2.332353232211435,-0.09538748284950029,0.24101465059410843,0.2655550579084725,0.89,-0.122,-0.133,0.628,0.732,0.228,0.136
1924,1776122775.9440205,-2.332353232211435,-0.09588905284950028,0.24062060784560213,0.2655550579084725,0.89,-0.122,-0.133,0.628,0.732,0.228,0.136
1925,1776122775.951008,-2.332604017211435,-0.09588905284950028,0.23904443685157628,0.2655550579084725,0.89,-0.122,-0.133,0.628,0.732,0.228,0.136
1926,1776122775.959001,-2.332604017211435,-0.09613983784950028,0.23825635135456347,0.2655550579084725,0.89,-0.122,-0.133,0.628,0.732,0.228,0.136
1927,1776122775.9660516,-2.332604017211435,-0.09639062284950028,0.23746826585755043,0.2655550579084725,0.89,-0.122,-0.133,0.628,0.732,0.228,0.136
1928,1776122775.974174,-2.332353232211435,-0.09714297784950028,0.2362861376120311,0.2655550579084725,0.89,-0.122,-0.133,0.628,0.732,0.228,0.136
1929,1776122775.9826033,-2.329254762629721,-0.0964821268886743,0.23746826585755043,0.26535768668258336,0.89,-0.122,-0.133,0.628,0.731,0.228,0.136
1930,1776122775.990859,-2.329254762629721,-0.09698369688867431,0.23589209486352458,0.26535768668258336,0.89,-0.122,-0.133,0.628,0.731,0.228,0.136
1931,1776122775.9992042,-2.329254762629721,-0.0972344818886743,0.2352977470511941,0.26535768668258336,0.89,-0.122,-0.132,0.628,0.731,0.228,0.136
1932,1776122776.0074916,-2.3289356951473965,-0.09755755283438713,0.2352977470511941,0.26547542789779205,0.89,-0.122,-0.132,0.629,0.731,0.228,0.136
1933,1776122776.0164242,-2.3286849101473965,-0.09881147783438714,0.23214540506314219,0.26547542789779205,0.89,-0.122,-0.132,0.629,0.731,0.228,0.136
1934,1776122776.0240607,-2.3289356951473965,-0.09830990783438713,0.23293349056015522,0.26547542789779205,0.89,-0.122,-0.132,0.629,0.731,0.228,0.136
1935,1776122776.0326858,-2.3289356951473965,-0.09830990783438713,0.23293349056015522,0.26547542789779205,0.89,-0.122,-0.132,0.629,0.731,0.228,0.136
1936,1776122776.0408983,-2.3289356951473965,-0.09780833783438712,0.23450966155418107,0.26547542789779205,0.89,-0.122,-0.132,0.629,0.731,0.228,0.136
1937,1776122776.0497909,-2.3255843804342096,-0.09940457391362979,0.23096327681762285,0.26527801975484366,0.89,-0.122,-0.132,0.629,0.73,0.228,0.136
1938,1776122776.0572455,-2.3252709504902644,-0.09972768196571029,0.23135731956612937,0.2653957829908557,0.89,-0.122,-0.132,0.63,0.73,0.228,0.136
1939,1776122776.0658195,-2.3252709504902644,-0.09972768196571029,0.23135731956612937,0.2653957829908557,0.89,-0.122,-0.132,0.63,0.73,0.228,0.136
1940,1776122776.0748987,-2.3252709504902644,-0.09872454196571027,0.23411561880567455,0.2653957829908557,0.89,-0.122,-0.132,0.63,0.73,0.228,0.136
1941,1776122776.0823154,-2.3255217354902644,-0.09872454196571027,0.23411561880567455,0.2653957829908557,0.89,-0.122,-0.132,0.63,0.73,0.228,0.136
1942,1776122776.091427,-2.3255217354902644,-0.09822297196571028,0.2349037043026876,0.2653957829908557,0.89,-0.122,-0.132,0.63,0.73,0.228,0.136
1943,1776122776.0990746,-2.3252709504902644,-0.09897532696571028,0.23233914274782475,0.2653957829908557,0.89,-0.122,-0.131,0.63,0.73,0.228,0.136
1944,1776122776.108656,-2.3255217354902644,-0.09822297196571028,0.23470339923886363,0.2653957829908557,0.89,-0.122,-0.131,0.63,0.73,0.228,0.136
1945,1776122776.1173918,-2.3255217354902644,-0.09860007696571028,0.23352127099334408,0.2653957829908557,0.891,-0.122,-0.131,0.63,0.73,0.228,0.136
1946,1776122776.1254098,-2.3255217354902644,-0.09935243196571028,0.2315510572508117,0.2653957829908557,0.891,-0.122,-0.131,0.63,0.73,0.228,0.136
1947,1776122776.1332939,-2.3216098132655105,-0.10177340574441604,0.2252463732747083,0.2653161231875259,0.891,-0.122,-0.131,0.631,0.729,0.228,0.136
1948,1776122776.1418133,-2.3137040696623057,-0.10629005303521848,0.20475615035237227,0.2658436564588051,0.891,-0.122,-0.131,0.633,0.727,0.228,0.137
1949,1776122776.1490738,-2.2948282513029556,-0.11025859396304512,0.18997626359380915,0.2668352733649778,0.891,-0.122,-0.13,0.638,0.722,0.228,0.139
1950,1776122776.1584115,-2.2408920179489002,-0.13056842040059002,0.11352540300441327,0.2708570812452265,0.892,-0.122,-0.128,0.652,0.708,0.229,0.145
1951,1776122776.1663845,-2.1922175508157107,-0.12960147068260586,0.12928054556553037,0.2749101217303072,0.892,-0.122,-0.126,0.665,0.694,0.23,0.151
1952,1776122776.1751673,-2.152521249191215,-0.1363348940821635,0.11035992625807811,0.2769926004747779,0.893,-0.122,-0.124,0.675,0.683,0.23,0.155
1953,1776122776.182413,-2.1150598738005253,-0.14484720916606275,0.09340952069315867,0.2801156583316954,0.894,-0.122,-0.122,0.686,0.672,0.231,0.159
1954,1776122776.1914864,-2.0212351012364587,-0.20695952522632027,-0.18026958659243453,0.28514239194011504,0.895,-0.121,-0.117,0.705,0.649,0.231,0.168
1955,1776122776.1990793,-2.021945427145708,-0.14158577341042647,0.1444150707977494,0.28624971446228553,0.896,-0.121,-0.115,0.71,0.643,0.231,0.17
1956,1776122776.2080834,-1.9607681414134779,-0.16446924638502203,0.045690943849025834,0.2897710325726516,0.898,-0.12,-0.11,0.724,0.626,0.23,0.177
1957,1776122776.216237,-1.9201180264918705,-0.1925997997987087,-0.07095884446717038,0.29224026112477125,0.899,-0.12,-0.106,0.733,0.615,0.23,0.181
1958,1776122776.22395,-1.855591275742408,-0.19099120358424534,-0.04813063457036304,0.29479007153141235,0.902,-0.119,-0.098,0.748,0.594,0.228,0.188
1959,1776122776.2326899,-1.7781417911673836,-0.20723549157925525,-0.11535761115513621,0.2969947092631564,0.906,-0.118,-0.085,0.765,0.571,0.224,0.196
1960,1776122776.2406318,-1.7508232905047658,-0.21161526630664482,-0.12778637618094435,0.29676914341451816,0.908,-0.118,-0.08,0.771,0.563,0.222,0.198
1961,1776122776.2493498,-1.7125511257627246,-0.21022048847687272,-0.1098869843300383,0.29795250543759605,0.911,-0.117,-0.071,0.779,0.551,0.22,0.202
1962,1776122776.2578433,-1.693183625686735,-0.19281034908225134,-0.030704094017664496,0.2978746376556083,0.913,-0.117,-0.065,0.784,0.544,0.218,0.204
1963,1776122776.2659442,-1.6663959568755087,-0.21312426228421746,-0.1095323458563825,0.29713585816102567,0.915,-0.116,-0.059,0.789,0.538,0.216,0.205
1964,1776122776.2742167,-1.635122474490351,-0.21060979477957908,-0.093997210496515,0.2962813907830891,0.919,-0.115,-0.05,0.795,0.529,0.213,0.207
1965,1776122776.2828999,-1.5932305597224137,-0.2975631075986215,-0.43603945095840857,0.29631419646080226,0.92,-0.114,-0.046,0.797,0.526,0.212,0.208
1966,1776122776.2911696,-1.5749377485091096,-0.28057224819816895,-0.35094591941843767,0.29550670961405434,0.923,-0.113,-0.04,0.801,0.52,0.21,0.209
1967,1776122776.2994902,-1.582357418040714,-0.2063923086330592,-0.06272663471295647,0.29473153738848573,0.926,-0.112,-0.033,0.805,0.514,0.208,0.21
1968,1776122776.307969,-1.5536163885255483,-0.20789606151040518,-0.05212031739899092,0.29382023762742737,0.93,-0.11,-0.023,0.81,0.506,0.206,0.211
1969,1776122776.3159802,-1.5119511825969232,-0.25303574897580666,-0.19596562274127527,0.2932850467269894,0.933,-0.108,-0.017,0.814,0.501,0.204,0.212
1970,1776122776.3240967,-1.5048868269837492,-0.21301290599375983,-0.0500089050049104,0.292449237995058,0.938,-0.106,-0.006,0.819,0.493,0.202,0.213
1971,1776122776.3329077,-1.4176618033683548,-0.32470557751149287,-0.3804367354545758,0.29179862362002595,0.942,-0.103,0.001,0.822,0.488,0.2,0.214
1972,1776122776.3406408,-1.318970070134251,-0.4026262469663617,-0.5526793882058925,0.29166934696993246,0.95,-0.098,0.015,0.829,0.476,0.198,0.216
1973,1776122776.3495252,-1.1393630960832857,-0.6217268148843818,-1.0,0.29078214240101186,0.954,-0.095,0.022,0.833,0.47,0.197,0.216
1974,1776122776.3571723,-1.3796285203647554,-0.2715812729165096,-0.16576224606825474,0.2915911820933501,0.956,-0.094,0.025,0.835,0.467,0.197,0.217
1975,1776122776.3657281,-1.2549288374380303,-0.3798730585119449,-0.4016460863929361,0.29106387823123175,0.965,-0.087,0.04,0.842,0.454,0.196,0.218
1976,1776122776.3739202,-1.2528345092132471,-0.3394718361668377,-0.2809081045609849,0.2916532376610074,0.972,-0.081,0.051,0.847,0.444,0.195,0.22
1977,1776122776.3826754,-1.124367032353183,-0.4224771890927748,-0.4182878251381924,0.2911436725755301,0.985,-0.07,0.068,0.855,0.426,0.195,0.221
1978,1776122776.3915615,-1.092431891194319,-0.4329608167886101,-0.42146643664281114,0.29170923855743736,0.99,-0.065,0.076,0.859,0.419,0.195,0.222
1979,1776122776.3991852,-1.1743484559900115,-0.3262260741035156,-0.1738335550334953,0.2909540499477952,0.995,-0.06,0.083,0.862,0.411,0.195,0.222
1980,1776122776.407416,-1.0998493531952673,-0.3744647944891898,-0.24794642864841931,0.29161605404885693,1.003,-0.052,0.093,0.867,0.4,0.196,0.223
1981,1776122776.415893,-1.0808200597467454,-0.3747899138009758,-0.23437493965194256,0.2910209827693985,1.008,-0.046,0.1,0.87,0.393,0.196,0.223
1982,1776122776.4240756,-1.0256772562453667,-0.41977472047725056,-0.3128025813630122,0.2912834416550816,1.011,-0.043,0.104,0.872,0.389,0.197,0.223
1983,1776122776.4326978,-0.9863019516190866,-0.43005383789908536,-0.30928903352216286,0.291736374165495,1.019,-0.034,0.114,0.876,0.378,0.198,0.224
1984,1776122776.4407926,-0.8035043018502139,-0.5821711354206571,-0.5953772036961387,0.29198423865777495,1.022,-0.03,0.118,0.878,0.374,0.199,0.224
1985,1776122776.4494736,-0.7359384992689041,-0.6161896072259944,-0.6259516372906693,0.2924867613461017,1.031,-0.02,0.129,0.882,0.363,0.202,0.224
1986,1776122776.457645,-0.9368376355006134,-0.4445790407253903,-0.2853115322755444,0.29252353043036566,1.034,-0.016,0.132,0.883,0.359,0.203,0.224
1987,1776122776.4665387,-0.9317908890618942,-0.4387208038999087,-0.25893693764217873,0.2937618734732395,1.04,-0.009,0.14,0.885,0.352,0.205,0.225
1988,1776122776.4745815,-0.06457331217945877,-1.0845330256637675,-1.0,0.2946963306446548,1.049,0.003,0.15,0.888,0.342,0.209,0.225
1989,1776122776.4830768,-0.7845465134881464,-0.5369498448246989,-0.3945467495406778,0.29559104097015837,1.055,0.011,0.158,0.89,0.336,0.212,0.225
1990,1776122776.4912188,-0.3202804302711968,-0.8537644754533562,-0.946058831419036,0.2981933257927407,1.067,0.029,0.173,0.892,0.325,0.22,0.225
1991,1776122776.4996185,-0.8029976421449939,-0.52546014627376,-0.3055653295487769,0.30010713451768406,1.074,0.038,0.18,0.892,0.321,0.225,0.225
1992,1776122776.5075495,-0.800204084153756,-0.5281273797947609,-0.3008499513249827,0.30079692001395436,1.077,0.043,0.184,0.892,0.319,0.227,0.225
1993,1776122776.5160184,-0.7139272186092336,-0.5892108869310577,-0.3916997906827189,0.3018888289986719,1.083,0.052,0.191,0.892,0.316,0.232,0.224
1994,1776122776.5246584,-0.4676107976857557,-0.7451209891394299,-0.6622331233594017,0.30299281142472706,1.089,0.062,0.198,0.892,0.313,0.237,0.223
1995,1776122776.5325365,0.11029771542562557,-1.0777579124202545,-1.0,0.3073058533001818,1.101,0.083,0.213,0.89,0.311,0.248,0.222
1996,1776122776.5407,-0.5852772872371887,-0.6884210579573355,-0.5005409651993455,0.3083648751184874,1.104,0.088,0.217,0.889,0.311,0.252,0.221
1997,1776122776.549207,-0.428492762369367,-0.7847342718566472,-0.6455815335454328,0.31197081273269556,1.113,0.105,0.227,0.887,0.312,0.262,0.219
1998,1776122776.5572128,-0.8108186521681716,-0.6077427653350899,-0.2691098079327874,0.3164825578564244,1.122,0.122,0.238,0.883,0.315,0.273,0.217
1999,1776122776.5657332,-0.6893815075431309,-0.6889020520290754,-0.38026269990731854,0.32198453477243494,1.13,0.14,0.248,0.878,0.319,0.285,0.215
2000,1776122776.5749598,-0.42743775740023027,-0.8304021063052588,-0.5794939972417572,0.33111500550024725,1.141,0.165,0.261,0.87,0.326,0.303,0.212
2001,1776122776.58286,-0.4942388486674579,-0.8073565286846249,-0.5202004146602472,0.33300210141221653,1.143,0.171,0.264,0.868,0.328,0.307,0.211
2002,1776122776.590843,-0.8119481802811864,-0.6990177019934174,-0.2814302112027559,0.3381808157137806,1.148,0.184,0.27,0.863,0.332,0.317,0.209
2003,1776122776.5999494,-0.904780025652614,-0.6967705275670463,-0.21998581195231492,0.3468879084753154,1.156,0.204,0.278,0.856,0.339,0.332,0.206
2004,1776122776.6092508,-0.5111991211880923,-0.8483840793367143,-0.4400751054410288,0.3528441167380031,1.16,0.218,0.283,0.851,0.343,0.342,0.204
2005,1776122776.6176865,-0.9448650511522212,-0.7270558024779645,-0.19282969920107773,0.3597680369825055,1.165,0.232,0.288,0.845,0.347,0.353,0.202
2006,1776122776.6265068,-0.8035955541161292,-0.7894144979879271,-0.2491909469957856,0.3664118430804458,1.169,0.247,0.292,0.84,0.351,0.363,0.2
2007,1776122776.6333444,-0.7977801211237492,-0.8106812591628741,-0.2310781153227719,0.37379623583230587,1.173,0.261,0.296,0.834,0.354,0.374,0.198
2008,1776122776.6414044,-0.9746379552562877,-0.7916316877833364,-0.1386915092458607,0.38409143693816933,1.179,0.284,0.301,0.827,0.357,0.389,0.195
2009,1776122776.649159,-0.9726956056553161,-0.8230302549614302,-0.10422261982025804,0.39415189914248067,1.185,0.308,0.304,0.82,0.357,0.404,0.192
2010,1776122776.6577458,-0.5260595499461697,-0.9540470782188095,-0.09595428948076401,0.4034115288610749,1.191,0.332,0.306,0.814,0.355,0.418,0.189
2011,1776122776.6664062,-0.9515771615604379,-0.8868214081601878,-0.005718500072784072,0.4125050814061426,1.196,0.356,0.306,0.81,0.35,0.431,0.187
2012,1776122776.6740901,-0.7678138910291733,-0.9450171080165215,0.057922687500580716,0.4179723517180364,1.2,0.373,0.305,0.808,0.345,0.439,0.186
2013,1776122776.6833935,-0.7081479854641505,-0.9906599171571332,0.1631452361100898,0.42480599041038813,1.205,0.398,0.301,0.808,0.333,0.451,0.184
2014,1776122776.691335,-0.7297865191378092,-0.9939657434542148,0.18856427707832757,0.4263240454658417,1.207,0.407,0.3,0.808,0.328,0.454,0.184
2015,1776122776.698955,-0.907208253396646,-0.9944141120087417,0.22346661352728736,0.4291921866286752,1.213,0.441,0.291,0.811,0.304,0.465,0.183
2016,1776122776.7077878,0.008470875909897303,-1.1926018212106935,0.8908141287082623,0.42883935192657807,1.218,0.467,0.28,0.815,0.281,0.472,0.183
2017,1776122776.7158585,-0.7424529234651197,-1.0689656975831072,0.4341448527058389,0.42829496113071297,1.221,0.485,0.272,0.819,0.264,0.476,0.184
2018,1776122776.7241237,-0.6874891794574884,-1.0836624504715646,0.4989813032830064,0.4271076774305037,1.223,0.493,0.267,0.821,0.255,0.477,0.185
2019,1776122776.7324097,-0.6139883403014244,-1.114019008729779,0.6172466668680796,0.4208938764590594,1.227,0.519,0.251,0.827,0.225,0.481,0.186
2020,1776122776.7409356,-0.6053015168290394,-1.1258498259688472,0.6403605577575544,0.41262252361754226,1.231,0.544,0.232,0.833,0.192,0.483,0.189
2021,1776122776.7494512,0.09640262091594139,-1.2144113712237452,1.0,0.4016235900274733,1.234,0.576,0.203,0.839,0.145,0.487,0.194
2022,1776122776.7578018,-0.17435084797163752,-1.1926635873709852,1.0,0.3949710967036838,1.236,0.591,0.186,0.841,0.122,0.489,0.196
2023,1776122776.7669468,-0.09974586201204673,-1.2045780086857638,1.0,0.38888946489399023,1.236,0.606,0.169,0.842,0.099,0.492,0.198
2024,1776122776.7749968,-0.4268244058310864,-1.1986722542077475,0.8762345470135231,0.3864604169998211,1.237,0.612,0.16,0.842,0.088,0.494,0.199
2025,1776122776.7827258,0.05884761172617374,-1.2188267864030762,1.0,0.3800917948475306,1.237,0.625,0.141,0.841,0.067,0.498,0.2
2026,1776122776.7913122,-0.3716657902234428,-1.2676698886482642,0.9875384887083154,0.37195178544714874,1.236,0.646,0.104,0.835,0.029,0.511,0.201
2027,1776122776.7996788,-0.19478774258537832,-1.2883581763404406,1.0,0.3691435773185028,1.235,0.654,0.085,0.83,0.013,0.521,0.199
2028,1776122776.8077931,-0.3314338136975598,-1.362582849009823,1.0,0.3650664538602233,1.234,0.664,0.058,0.819,-0.009,0.54,0.193
2029,1776122776.8171651,-0.4387901115068837,-1.4304970616386408,0.9221372435249551,0.36410480378752286,1.233,0.669,0.041,0.811,-0.021,0.555,0.187
2030,1776122776.8251452,-0.5235591807988195,-1.556779348036977,0.7102473228947463,0.36055467155901894,1.232,0.675,0.009,0.79,-0.041,0.588,0.17
2031,1776122776.834062,-0.5026533708526543,-1.5646788063737045,1.0,0.36105234621565374,1.231,0.675,0.002,0.784,-0.045,0.597,0.165
2032,1776122776.8422256,-0.6843721308246796,-1.7156370083043069,0.8275768349521164,0.3699383145331267,1.231,0.674,-0.022,0.759,-0.056,0.632,0.143
2033,1776122776.8503103,-1.1621634418502091,-1.8427357086231064,1.0,0.4026344555139068,1.231,0.669,-0.037,0.741,-0.059,0.657,0.126
2034,1776122776.8588064,-1.1225632494858184,-1.900789577810548,0.5735046380942912,0.4582277993163112,1.232,0.66,-0.048,0.726,-0.06,0.676,0.111
2035,1776122776.8672085,-1.3608698016964558,-1.9380659990902513,0.6868017793586123,0.490712803718939,1.232,0.657,-0.051,0.722,-0.059,0.681,0.107
2036,1776122776.8747413,-1.4602818142397052,-1.9575042633617161,0.39227124329788543,0.5747086424377741,1.234,0.649,-0.056,0.715,-0.057,0.69,0.099
2037,1776122776.8831692,-1.8591749335821024,-2.001446033657118,0.2904210438776773,0.6850902055373442,1.236,0.635,-0.059,0.71,-0.051,0.697,0.091
2038,1776122776.8913698,-2.1166442124322886,-2.00570821354461,0.20787237175514428,0.7279906950542997,1.238,0.624,-0.06,0.708,-0.047,0.699,0.089
2039,1776122776.9005487,-2.573483069576038,-2.0665152346498585,-0.06441773484196334,0.7016402671309538,1.241,0.605,-0.058,0.71,-0.04,0.697,0.09
2040,1776122776.909361,-1.768133994856052,-1.9339385673788394,0.08314142340499409,0.669950619745446,1.243,0.592,-0.055,0.713,-0.036,0.694,0.093
2041,1776122776.9163826,-2.7700084800396905,-2.0430735387499595,-0.8296947240955068,0.5390348087203115,1.247,0.562,-0.044,0.726,-0.034,0.679,0.104
2042,1776122776.9240494,-1.9663467407662325,-1.4595395004955583,1.0,0.4273061929308465,1.244,0.553,-0.063,0.735,-0.057,0.664,0.121
2043,1776122776.9328845,-1.362408510049624,-1.5921644111370912,1.0,0.32227717637085435,1.239,0.533,-0.084,0.746,-0.09,0.644,0.143
2044,1776122776.9408534,-0.8105263858449935,-1.6956424391178637,0.7257430539797634,0.2954240547810298,1.237,0.524,-0.09,0.748,-0.1,0.639,0.148
2045,1776122776.9488142,-0.7946483565448288,-1.6581772343061925,0.6223823573569469,0.17433345377565734,1.229,0.471,-0.113,0.751,-0.139,0.627,0.156
2046,1776122776.958037,-1.5316977124498692,-1.5293353581089153,0.7585536801720678,0.07418559491510866,1.223,0.43,-0.122,0.744,-0.152,0.634,0.145
2047,1776122776.9660916,-2.7856895012043537,-1.3390210719772415,0.8456502623502797,-0.03278765391203214,1.218,0.402,-0.126,0.737,-0.155,0.646,0.13
2048,1776122776.9752655,-0.4384341577865075,-1.571463884328791,0.152535635106553,-0.4539688774145262,1.21,0.346,-0.128,0.714,-0.145,0.68,0.083
2049,1776122776.982463,-0.4384341577865075,-1.571463884328791,0.152535635106553,-0.4539688774145262,1.21,0.346,-0.128,0.714,-0.145,0.68,0.083
2050,1776122776.9909627,1.0599366801254149,-1.690939104037909,0.054606161033984746,-0.710055977380065,1.206,0.32,-0.125,0.7,-0.134,0.699,0.052
2051,1776122777.0002882,2.1232803626709864,-1.7037200076340973,-0.0662040619685258,-1.0128437153319942,1.199,0.277,-0.114,0.671,-0.098,0.735,-0.016
2052,1776122777.0089796,1.8271440571731856,-1.6414320342266953,-0.6208487836975105,-1.0844373662553066,1.198,0.261,-0.105,0.658,-0.077,0.748,-0.051
2053,1776122777.016567,1.9752940595322013,-1.6542179571261344,-0.9089334371305855,-1.1305328579933247,1.197,0.249,-0.093,0.647,-0.054,0.756,-0.084
2054,1776122777.0242422,2.4300801200851145,-1.685583981994135,-0.5370227563319023,-1.1709269413617667,1.198,0.236,-0.073,0.637,-0.019,0.76,-0.13
2055,1776122777.0323257,2.4807621256960597,-1.695019082701336,-0.30756838018701804,-1.172037826781998,1.2,0.232,-0.05,0.637,0.015,0.752,-0.169
2056,1776122777.0410268,2.453359379354532,-1.7964470731637499,-1.0,-1.1564153877923993,1.203,0.232,-0.033,0.642,0.037,0.742,-0.19
2057,1776122777.0493577,2.2904425454723305,-1.8519773532973127,-1.0,-1.0967436345491373,1.208,0.236,0.005,0.658,0.074,0.719,-0.211
2058,1776122777.0573094,2.0403678676745334,-1.837073813935443,-0.8376182670300577,-1.0223103976598178,1.211,0.241,0.029,0.67,0.099,0.701,-0.222
2059,1776122777.0664282,1.578499330348546,-1.8811964715947866,-1.0,-0.8054604900359187,1.214,0.252,0.071,0.691,0.138,0.67,-0.232
2060,1776122777.074042,1.139741707106201,-1.8262094088063097,-1.0,-0.6795816623107651,1.214,0.256,0.09,0.699,0.153,0.658,-0.232
2061,1776122777.0827274,0.06714656971768562,-1.720017211950349,-1.0,-0.2851074194598922,1.21,0.267,0.153,0.722,0.2,0.622,-0.227
2062,1776122777.0912411,-0.202066346734563,-1.6681535824967124,-1.0,-0.18747811159720934,1.208,0.272,0.174,0.73,0.216,0.609,-0.223
2063,1776122777.0994012,-0.6231587573829391,-1.4244187171355815,-1.0,-0.018563656970848625,1.196,0.287,0.241,0.749,0.263,0.571,-0.207
2064,1776122777.1074235,-0.8456878858576169,-1.3106826612664977,-1.0,0.04527781253758162,1.185,0.299,0.286,0.761,0.293,0.547,-0.191
2065,1776122777.1160197,-0.8888395384528397,-0.9801606050231824,-1.0,0.2635162337810243,1.167,0.324,0.336,0.724,0.382,0.553,-0.155
2066,1776122777.1241987,-1.5592864277584788,-0.9098095702360398,-1.0,0.414328123174998,1.154,0.343,0.364,0.677,0.447,0.571,-0.12
2067,1776122777.1327887,-1.484507359293944,-0.35383053094268746,-1.0,0.5183564975901488,1.138,0.363,0.392,0.627,0.502,0.59,-0.08
2068,1776122777.1412065,-2.3305149439389274,-0.5127682889224817,-1.0,0.6145438749502641,1.109,0.392,0.433,0.549,0.566,0.615,-0.011
2069,1776122777.1490436,-2.410501352645219,-0.25687093859771926,-1.0,0.660677366238391,1.089,0.411,0.458,0.495,0.596,0.631,0.037
2070,1776122777.1572993,-2.448277509686039,0.13187764890801248,-1.0,0.718037302725831,1.057,0.438,0.492,0.414,0.625,0.653,0.11
2071,1776122777.1661668,-1.6111400416457249,1.3829212940125952,-1.0,0.7512018889148595,1.035,0.456,0.512,0.359,0.635,0.665,0.158
2072,1776122777.174353,-2.6935482549784244,0.17760722049536226,-0.786632419062892,0.7679895388758737,1.025,0.464,0.522,0.331,0.638,0.671,0.181
2073,1776122777.1825676,-2.118618702638736,1.1071349623175157,-1.0,0.8151800458795535,0.995,0.49,0.547,0.248,0.639,0.685,0.246
2074,1776122777.1908815,-2.4940333868827884,0.8031549787109085,-0.9831907930866285,0.8478862776011472,0.976,0.507,0.561,0.193,0.633,0.693,0.286
2075,1776122777.2000122,-2.2962974803210754,1.148573500245491,-1.0,0.8972189280905318,0.951,0.532,0.579,0.111,0.617,0.702,0.338
2076,1776122777.2081528,-2.431743129068168,1.0981637122194032,-0.8388693527565655,0.9310784633566984,0.935,0.549,0.59,0.058,0.602,0.706,0.368
2077,1776122777.2170563,-2.333495553155264,1.2562909129505828,-0.8379137990914373,0.9660787761942587,0.921,0.567,0.599,0.005,0.585,0.708,0.395
2078,1776122777.2249405,-2.3604637843016802,1.3421915291380555,-0.7087071818561681,1.0215535650539673,0.901,0.593,0.611,0.071,-0.556,-0.709,-0.428
2079,1776122777.232345,-2.4722737733994493,1.2941987488397007,-0.6048867686934277,1.0410048429730778,0.895,0.601,0.614,0.095,-0.545,-0.708,-0.438
2080,1776122777.2414017,-2.389638212669122,1.466439060348077,-0.5824591689242683,1.1062353128649376,0.876,0.627,0.624,0.167,-0.511,-0.705,-0.463
2081,1776122777.249411,-2.353544910136463,1.6124504046449661,-0.467050615265867,1.2405385424461217,0.845,0.671,0.638,0.277,-0.448,-0.692,-0.494
2082,1776122777.258272,-2.2328332880260104,1.6981690205508206,-0.4231378346343928,1.3453262556452092,0.826,0.697,0.645,0.336,-0.408,-0.68,-0.508
2083,1776122777.266368,-2.039715219606679,1.8291696438440816,-0.4682655804070953,1.3865992887756702,0.82,0.705,0.648,0.355,-0.394,-0.676,-0.512
2084,1776122777.2744,-1.684362676624696,1.9948187651713487,-0.476954223011663,1.5266014608323615,0.799,0.731,0.654,0.407,-0.351,-0.661,-0.524
2085,1776122777.2826555,-1.7466756138921604,1.8108857580794233,-0.3670294309366433,-1.511684704289876,0.785,0.748,0.658,0.439,-0.322,-0.649,-0.531
2086,1776122777.2909906,0.1125258114239,3.3441124864908183,-0.9121908571849056,-1.4587995999597945,0.777,0.757,0.659,0.454,-0.307,-0.643,-0.535
2087,1776122777.2997324,-0.19930876042544837,2.949493860877384,-0.688975491224707,-1.355513863415547,0.762,0.774,0.662,0.482,-0.277,-0.629,-0.543
2088,1776122777.3080344,-1.0849946082233395,1.863588114061389,-0.33789653706373224,-1.2203826891409184,0.737,0.799,0.666,0.519,-0.232,-0.605,-0.557
2089,1776122777.315948,0.25553464441480456,3.040536113870454,-0.46537921727428566,-1.1129326755450342,0.711,0.825,0.669,0.553,-0.187,-0.577,-0.572
2090,1776122777.3246984,-0.6815662454096156,1.8473098875983147,-0.2823496442826047,-1.052191579539384,0.692,0.841,0.67,0.574,-0.158,-0.554,-0.582
2091,1776122777.3328822,-0.5091999715211828,1.894651506991444,-0.2488560106595552,-1.0008769257932424,0.672,0.857,0.67,0.594,-0.129,-0.529,-0.592
2092,1776122777.3414688,-0.5250080902188639,1.622289669619104,-0.18639695133170986,-0.9321694375781009,0.64,0.881,0.669,0.625,-0.089,-0.485,-0.605
2093,1776122777.3492997,-0.2776719388118532,1.8262168541435801,-0.11112821898783376,-0.8915454368221164,0.618,0.897,0.667,0.645,-0.064,-0.452,-0.612
2094,1776122777.3574364,-0.4870847147327085,1.3501397513334745,-0.14028081499817002,-0.8546297971270912,0.595,0.911,0.665,0.666,-0.041,-0.416,-0.618
2095,1776122777.366354,-0.04338154316530193,1.9877576354394035,0.06266433524094173,-0.8205087135952989,0.572,0.924,0.661,0.686,-0.021,-0.376,-0.623
2096,1776122777.3744333,-0.36889991573919223,1.2159523828758738,-0.20547847142813525,-0.7764959432273834,0.533,0.936,0.66,0.712,-0.015,-0.298,-0.635
2097,1776122777.3827982,-0.19158224498713314,1.8240946833318339,-0.13690846580886895,-0.7409976900488533,0.493,0.943,0.658,0.735,-0.021,-0.215,-0.642
2098,1776122777.391309,-0.26394722151015076,3.660215536038322,-0.11385368133167018,-0.7223361190576051,0.467,0.943,0.657,0.748,-0.033,-0.162,-0.643
2099,1776122777.39963,-0.1947912071668595,1.6084106484084613,-0.11483550451336522,-0.6963818217204764,0.428,0.94,0.656,0.764,-0.058,-0.087,-0.637
2100,1776122777.4083536,-0.6405870149082338,0.6689387591107816,-0.8609850020164909,-0.6898187924878008,0.419,0.924,0.665,0.767,-0.073,-0.041,-0.636
2101,1776122777.4163308,-0.44014597729028976,0.5040187851705566,-0.7244787428651394,-0.6835577133289075,0.41,0.907,0.674,0.77,-0.087,0.003,-0.632
2102,1776122777.4242964,-0.3284583404488238,0.3600929440342482,-0.7008755822296022,-0.6727874595879926,0.399,0.88,0.686,0.775,-0.107,0.063,-0.62
2103,1776122777.432314,-0.20630920850573958,0.2566854796221368,-0.6483004285101273,-0.6647047162625809,0.392,0.86,0.695,0.778,-0.119,0.098,-0.609
2104,1776122777.4408953,-0.3090348428415018,0.22552242242231865,-0.7464499097839457,-0.6556916003684031,0.386,0.838,0.705,0.782,-0.13,0.129,-0.596
2105,1776122777.4497433,-0.8326783830628068,0.24553573301667048,-1.0,-0.6400980698955019,0.377,0.803,0.718,0.789,-0.144,0.167,-0.574
2106,1776122777.4586499,-0.16429229017311436,0.04166999987073243,-0.6641672165166543,-0.6289752157667545,0.373,0.778,0.727,0.793,-0.153,0.19,-0.558
2107,1776122777.4665308,-0.2530607849219211,0.02454542416547916,-0.7055548398681166,-0.6222239541050664,0.371,0.766,0.731,0.796,-0.158,0.2,-0.549
2108,1776122777.4740503,-0.48652399350781705,-0.025046533559676617,-0.7975868074713717,-0.6105041186734862,0.368,0.741,0.738,0.8,-0.166,0.22,-0.532
2109,1776122777.4823294,-1.9079013921706747,-0.03759672179385305,-1.0,-0.5996045115108359,0.366,0.716,0.745,0.804,-0.175,0.239,-0.515
2110,1776122777.4908917,-0.3725674739872061,-0.25397925706021335,-0.6782443937070477,-0.5816534987250869,0.366,0.677,0.754,0.81,-0.189,0.264,-0.488
2111,1776122777.5010948,-0.18698010204745458,-0.37497612464134233,-0.5758195486119344,-0.5657954831408206,0.369,0.639,0.762,0.814,-0.204,0.287,-0.462
2112,1776122777.5086114,-0.25829489826469554,-0.46815131939429205,-0.5612531016754789,-0.5551541176601698,0.373,0.613,0.766,0.816,-0.214,0.3,-0.445
2113,1776122777.5162055,0.024868974305355635,-0.46003389760774765,-0.4792987773652764,-0.5504022714404964,0.375,0.6,0.768,0.817,-0.219,0.306,-0.437
2114,1776122777.5246992,0.1750307024112692,-0.5230337980921529,-0.4060199609013577,-0.537281753004936,0.384,0.56,0.772,0.818,-0.234,0.323,-0.414
2115,1776122777.5333116,0.36778116443765396,-0.5237497941319053,-0.3528307572321271,-0.5298019977731157,0.391,0.532,0.774,0.818,-0.244,0.333,-0.4
2116,1776122777.5410833,-0.21398304270852947,-0.7382566028512136,-0.34002765159523796,-0.5228938835109359,0.4,0.504,0.775,0.818,-0.254,0.343,-0.386
2117,1776122777.5493388,0.29929706427973346,-0.6947260647355401,-0.2119571909514958,-0.4983813915854214,0.414,0.46,0.773,0.819,-0.285,0.353,-0.352
2118,1776122777.5574794,0.43262658238575197,-0.6852275029091811,-0.13608754341614715,-0.4568346915494828,0.432,0.415,0.768,0.821,-0.332,0.353,-0.304
2119,1776122777.5655785,0.1606165685643181,-0.8113622538128439,0.021155215375356917,-0.4262625376296995,0.444,0.385,0.762,0.822,-0.36,0.348,-0.272
2120,1776122777.5744197,-0.3461859524202833,-1.0500268027047404,0.4842079839035851,-0.3602475841678618,0.469,0.322,0.746,0.825,-0.409,0.33,-0.207
2121,1776122777.5825324,0.00915193252653438,-0.925135028830811,0.439520252533381,-0.32618704781262703,0.481,0.29,0.735,0.827,-0.429,0.317,-0.176
2122,1776122777.590729,0.4715532004361985,-0.7721439742671085,0.025995373802844668,-0.29474203017288414,0.492,0.264,0.728,0.847,-0.4,0.32,-0.146
2123,1776122777.599016,0.36576482901088525,-0.8447107204711723,0.07212464489466774,-0.2591676673937881,0.503,0.238,0.72,0.865,-0.368,0.32,-0.117
2124,1776122777.6073382,0.07247896737986409,-0.9830550397151029,0.2171455111033298,-0.24051284449351237,0.508,0.224,0.716,0.874,-0.352,0.319,-0.103
2125,1776122777.6162398,-0.18449097622277705,-1.1157589539584933,0.3600155606430606,-0.20163471301718647,0.52,0.199,0.707,0.891,-0.317,0.315,-0.077
2126,1776122777.6238377,-2.3229106041071717,-2.2047077832814455,1.0,-0.16093649690359318,0.532,0.174,0.697,0.907,-0.281,0.309,-0.052
2127,1776122777.6328194,-2.4790052735423815,-2.4030582883581815,1.0,-0.1205460501703835,0.546,0.149,0.686,0.921,-0.245,0.301,-0.029
2128,1776122777.6418505,0.06217384341331531,-0.9106170675521514,0.09830221815378049,-0.06529988250047074,0.567,0.115,0.668,0.939,-0.193,0.285,0.0
2129,1776122777.649058,-2.8650955605452397,-3.120984650673321,1.0,-0.03465275403343522,0.583,0.094,0.655,0.949,-0.161,0.272,0.015
2130,1776122777.65759,-2.246802251395047,-3.0178376625897947,1.0,-0.0043549463283183805,0.609,0.066,0.634,0.961,-0.12,0.248,0.027
2131,1776122777.6658032,-2.0062066192081023,-3.65708065118743,1.0,0.008177559461134276,0.648,0.035,0.604,0.973,-0.079,0.214,0.025
2132,1776122777.6747932,-1.3775342664971182,-3.6161474810439733,1.0,0.0019763636421144333,0.682,0.018,0.581,0.98,-0.058,0.188,0.013
2133,1776122777.6827157,-0.14051894698177997,-0.8623685584744705,0.30078108447382634,-0.006571530495298541,0.705,0.01,0.566,0.984,-0.048,0.17,0.002
2134,1776122777.6910744,-0.29323950177149277,-1.9986899684399178,1.0,-0.0192201657918327,0.73,0.005,0.55,0.987,-0.042,0.154,-0.012
2135,1776122777.6991856,-0.0017939220572856485,-1.017564177429521,0.5385202094060593,-0.038616148196892325,0.769,0.003,0.526,0.989,-0.047,0.138,-0.031
2136,1776122777.7075698,0.2776338552098391,-1.3572872959222861,0.7803672299914717,-0.05959455206356543,0.822,0.009,0.495,0.985,-0.073,0.147,-0.047
2137,1776122777.715777,0.40888989252756164,-1.596963522098328,0.9766267882642572,-0.06528538776262191,0.835,0.012,0.487,0.984,-0.082,0.149,-0.051
2138,1776122777.7248614,0.46017659363313,-0.9028963106664785,0.33206479501566877,-0.08063448306624552,0.889,0.032,0.459,0.979,-0.119,0.153,-0.06
2139,1776122777.7324684,0.6920458254405228,-1.2386988611080527,0.5858480271912558,-0.08420125648430729,0.902,0.039,0.453,0.978,-0.129,0.153,-0.062
2140,1776122777.7406988,0.8329397340509346,-1.3400335873526867,0.6187932846559674,-0.08455871655896025,0.928,0.053,0.44,0.977,-0.142,0.15,-0.061
2141,1776122777.7491517,0.9187675208112731,-1.2530305167550717,0.34282216204989524,-0.054981162155990325,0.978,0.089,0.423,0.972,-0.146,0.18,-0.026
2142,1776122777.7577457,1.7802804400547196,-2.0514214598388296,0.6699104802059686,-0.028370501929931378,1.012,0.121,0.413,0.968,-0.15,0.2,0.004
2143,1776122777.766257,1.1791966826985274,-1.3782706974321202,0.337752145352445,-0.013877190809494674,1.029,0.138,0.407,0.966,-0.153,0.209,0.02
2144,1776122777.7742405,1.3501385661471914,-1.4856172512298582,0.3887970997318866,7.748745748108056e-05,1.045,0.156,0.402,0.963,-0.155,0.217,0.035
2145,1776122777.7830648,1.1692637970055546,-1.2929312506098705,0.28813559593633986,0.01572186989372144,1.06,0.175,0.397,0.961,-0.156,0.224,0.051
2146,1776122777.791248,1.9472929392202551,-1.4162625117315997,0.6846148421044012,0.07754562873674496,1.112,0.258,0.375,0.963,-0.159,0.191,0.105
2147,1776122777.8001719,4.072241374717443,-2.03597680386048,1.0,0.10602586570114038,1.132,0.303,0.362,0.968,-0.155,0.154,0.127
2148,1776122777.8079512,1.7654840694518887,-0.962151088068076,0.5422307786211615,0.11859114175177406,1.14,0.327,0.356,0.969,-0.153,0.137,0.137
2149,1776122777.815549,2.058077419085286,-0.8282111160306367,0.6157558718028964,0.14355165074185966,1.155,0.376,0.345,0.971,-0.147,0.104,0.157
2150,1776122777.8246434,1.7277660713299192,-0.4574125645618945,0.4615439584853218,0.17617858663792846,1.169,0.453,0.328,0.971,-0.137,0.064,0.184
2151,1776122777.8332162,1.7437824026877025,-0.2904005105903347,0.4483796469956345,0.1961385554016942,1.174,0.507,0.317,0.97,-0.13,0.043,0.201
2152,1776122777.840735,2.286089267663512,-0.22907676104699082,0.6146853890027877,0.20413834059935246,1.175,0.535,0.311,0.969,-0.126,0.036,0.208
2153,1776122777.8494692,1.907920982814526,0.0038262945248565927,0.49100850500489224,0.2283333617428157,1.17,0.621,0.295,0.966,-0.113,0.025,0.23
2154,1776122777.8581142,1.607332419297549,0.08517030199536248,0.3781513781430701,0.24179050090815848,1.161,0.682,0.284,0.964,-0.105,0.03,0.243
2155,1776122777.866587,2.269753360484135,0.35344314910554986,0.4829995861414986,0.25459063990020453,1.146,0.746,0.274,0.961,-0.098,0.049,0.256
2156,1776122777.8746738,2.8782989315606953,0.6184739347481354,0.5659620031499635,0.2602309977245793,1.135,0.78,0.269,0.958,-0.095,0.065,0.262
2157,1776122777.8832862,1.6057274894984532,0.3020616541094458,0.207796846895014,0.270789045615702,1.107,0.849,0.263,0.952,-0.09,0.109,0.272
2158,1776122777.8912466,1.818854698033163,0.6948545334847267,-0.08831642753888025,0.2963442437020358,1.019,0.989,0.26,0.92,-0.093,0.254,0.285
2159,1776122777.9000316,0.371393264324855,-0.16858325785680733,-1.0,0.2852598728354324,1.0,0.999,0.298,0.9,-0.097,0.332,0.264
2160,1776122777.9086657,1.0877736992688491,1.6618469197560706,-1.0,0.2784061535594907,0.989,1.004,0.317,0.887,-0.102,0.372,0.252
2161,1776122777.9180174,0.06581168351627013,-0.8757539222098242,-1.0,0.23344296982488894,0.902,1.018,0.419,0.792,-0.144,0.56,0.196
2162,1776122777.9252088,-2.403914077080828,2.2041045820582625,-1.0,0.17508218304212464,0.863,1.007,0.464,0.756,-0.167,0.606,0.182
2163,1776122777.933489,-2.8321937639730357,3.7336176742770153,-1.0,-0.013473945173167858,0.809,0.972,0.535,0.726,-0.201,0.634,0.173
2164,1776122777.941638,-0.005949229981812892,-0.2852268148607777,-1.0,-0.0862701652564146,0.767,0.946,0.579,0.722,-0.222,0.631,0.177
2165,1776122777.9504054,-0.17323536843751924,-0.002916866793527504,-1.0,-0.03769095005388988,0.699,0.902,0.637,0.736,-0.252,0.598,0.194
2166,1776122777.9577749,-0.32424665278858894,0.11504444058950299,-1.0,0.04004269965709564,0.651,0.871,0.672,0.757,-0.269,0.556,0.213
2167,1776122777.9667976,-2.2308124960824895,2.53268191954844,-1.0,0.1768248395832959,0.552,0.801,0.728,0.816,-0.29,0.425,0.264
2168,1776122777.9739676,-0.5790042031299155,0.38379755448542086,-1.0,0.2063771558944379,0.527,0.782,0.739,0.832,-0.291,0.382,0.279
2169,1776122777.9822738,-0.8366483880137886,1.0231176819350947,-0.9264983042498034,0.30883820416149316,0.429,0.702,0.771,0.884,-0.276,0.163,0.339
2170,1776122777.991087,-0.9630134487608004,1.3881879278332732,-0.6323848424984175,0.36132984871941454,0.383,0.659,0.778,0.896,-0.25,0.03,0.367
2171,1776122777.9990027,-4.149483567361895,4.867139786528001,-0.12625667991312928,0.4137414509829829,0.339,0.617,0.779,0.89,-0.213,-0.11,0.387
2172,1776122778.008434,-0.7746090557728291,2.116622131248928,0.4467241186458508,0.538373224524416,0.261,0.534,0.761,0.831,-0.118,-0.366,0.403
2173,1776122778.0159006,-0.9487745467184767,2.4571363618408344,0.7623621655344024,0.5771989388057476,0.243,0.514,0.753,0.808,-0.094,-0.421,0.402
2174,1776122778.0245175,-0.0656146014903419,2.210835928354777,0.7143709967220482,0.732820945102788,0.194,0.456,0.723,0.728,-0.026,-0.564,0.388
2175,1776122778.0323336,0.22445645975372244,2.196238816033795,0.7074949050267723,0.8061515039175812,0.178,0.438,0.712,0.699,-0.005,-0.605,0.381
2176,1776122778.0408046,0.652891046733276,2.3136601018210854,0.9144362597398161,0.9874766973631381,0.149,0.402,0.686,0.64,0.032,-0.677,0.363
2177,1776122778.0501332,1.1111077407571277,2.37404043366787,1.0,1.1966348359681964,0.121,0.367,0.657,0.579,0.065,-0.738,0.342
2178,1776122778.0586472,1.9227400090821005,2.0888809839069666,1.0,1.4479551660589969,0.082,0.319,0.609,0.488,0.106,-0.811,0.305
2179,1776122778.066916,1.4488736217816875,2.505213922258263,1.0,-1.5458007138465455,0.046,0.274,0.554,0.399,0.139,-0.868,0.262
2180,1776122778.0744948,2.711352346515281,1.4937466815326181,1.0,-1.4827554127263773,0.025,0.245,0.514,0.341,0.159,-0.898,0.231
2181,1776122778.082805,2.376601917897919,1.4101308326174251,1.0,-1.4019234896746318,-0.009,0.191,0.426,0.221,0.192,-0.943,0.16
2182,1776122778.0915744,2.8210833247595257,1.051416411210752,1.0,-1.3875056495669107,-0.015,0.179,0.402,0.189,0.199,-0.951,0.14
2183,1776122778.0996432,2.9215319636847004,0.7657733300910954,1.0,-1.3639100612859267,-0.025,0.155,0.353,0.12,0.213,-0.965,0.099
2184,1776122778.1076493,3.1448011946493484,0.11042239169060165,1.0,-1.3433661955926486,-0.035,0.112,0.246,0.033,-0.225,0.974,-0.01
2185,1776122778.1156955,3.159725983717377,-0.07656456463085874,1.0,-1.3442242724286833,-0.034,0.104,0.218,0.075,-0.224,0.972,0.014
2186,1776122778.1248882,-4.573420753887407,-0.8105292416598647,1.0,-1.3663604212246754,-0.027,0.082,0.131,0.219,-0.208,0.949,0.092
2187,1776122778.1328926,-4.311843307044112,-0.9760624125242523,1.0,-1.38428150584668,-0.023,0.077,0.101,0.272,-0.197,0.934,0.12
2188,1776122778.1410506,-3.847661034025807,-1.2094760776166429,1.0,-1.4526805171531718,-0.011,0.069,0.04,0.383,-0.165,0.891,0.179
2189,1776122778.1492882,-2.4501789320886154,-2.218550664268335,1.0,1.1821059344881728,0.024,0.063,-0.084,0.597,-0.057,0.741,0.301
2190,1776122778.1576297,-1.4899761757181256,-2.412947928017318,1.0,0.8581967906592299,0.046,0.065,-0.147,0.68,0.015,0.639,0.359
2191,1776122778.1661494,-0.9757245931458839,-1.4377964658965265,1.0,0.6760268118648811,0.084,0.074,-0.241,0.754,0.136,0.476,0.432
2192,1776122778.1740623,0.06211135315827363,-2.8497943193510777,1.0,0.6298734517242656,0.131,0.094,-0.332,0.765,0.248,0.329,0.494
2193,1776122778.1822262,-0.24498890694146894,-1.3362753267176373,1.0,0.6380050497266498,0.211,0.136,-0.44,0.715,0.363,0.181,0.569
2194,1776122778.1907015,0.21404171371885922,-2.2181224883541266,1.0,0.6734443627667823,0.282,0.172,-0.504,0.652,0.42,0.104,0.622
2195,1776122778.1993651,0.7739962844901389,-2.9870608972552213,1.0,0.7305880926779849,0.363,0.212,-0.554,0.583,0.453,0.052,0.672
2196,1776122778.207454,-0.21876424843554587,-0.8307967645426731,1.0,0.7541901473372284,0.392,0.227,-0.567,0.561,0.459,0.038,0.688
2197,1776122778.2169418,1.247232889051121,-3.2064381784541114,1.0,0.834056991816852,0.486,0.275,-0.597,0.498,0.464,0.006,0.732
2198,1776122778.2247732,0.35462490268557956,-1.3644026642093343,1.0,0.8641967098272566,0.519,0.293,-0.604,0.478,0.463,-0.002,0.746
2199,1776122778.233103,0.4221616213521924,-1.1772187197394834,0.6684901426916614,0.9235265103078885,0.588,0.331,-0.61,0.442,0.458,-0.015,0.771
2200,1776122778.2415497,0.8676201404093793,-1.696121815959472,0.14439025561723184,0.9784744847485547,0.661,0.372,-0.608,0.41,0.452,-0.023,0.792
2201,1776122778.2495172,2.8296656771766844,-4.752173474081779,-1.0,1.024526187606373,0.737,0.417,-0.595,0.383,0.447,-0.029,0.808
2202,1776122778.2577133,1.984530439121343,-1.1129671865468576,-1.0,1.011705176338511,0.791,0.482,-0.566,0.469,0.328,-0.079,0.817
2203,1776122778.2655585,2.7923087401095263,-1.5387336840794774,-1.0,0.9593643598074001,0.842,0.549,-0.526,0.552,0.214,-0.122,0.797
2204,1776122778.2747514,3.307745805685398,-1.7217402940041637,-1.0,0.7363017193624946,0.956,0.714,-0.382,0.739,-0.033,-0.151,0.655
2205,1776122778.282777,2.372226381102058,-1.0773026852540097,-1.0,0.6836251596076597,0.976,0.745,-0.346,0.771,-0.07,-0.143,0.616
2206,1776122778.2909536,2.639480089746639,-1.0624575355433985,-1.0,0.5175670933753158,1.024,0.836,-0.224,0.857,-0.146,-0.087,0.487
2207,1776122778.299157,2.5068906858352755,-0.940790310868701,-1.0,0.46022585616868184,1.036,0.864,-0.178,0.881,-0.16,-0.056,0.441
2208,1776122778.3075743,1.8572781073791744,-0.6357275850558932,-1.0,0.34786854763806363,1.052,0.917,-0.08,0.922,-0.17,0.031,0.348
2209,1776122778.3159277,1.1251623509544122,-0.511644484845149,-1.0,0.1153193560461601,1.048,0.996,0.135,0.919,-0.138,0.339,0.144
2210,1776122778.3241549,0.5956603489603067,4.695753780219564,-1.0,-0.4687829271614763,0.996,1.006,0.285,0.739,-0.13,0.661,-0.0
2211,1776122778.3326504,2.328618665541679,0.45913042582047664,-1.0,-1.1576944367907247,0.944,0.988,0.363,0.58,-0.151,0.799,-0.057
2212,1776122778.3411639,2.708848401480202,0.3707474888061715,-1.0,-1.2814267772930519,0.859,0.947,0.456,0.381,-0.183,0.898,-0.118
2213,1776122778.349011,2.637116192422395,0.7343982513034423,-1.0,-1.3030659047053963,0.799,0.915,0.508,0.276,-0.199,0.927,-0.157
2214,1776122778.357527,1.6067986960884428,2.6476657762367557,-1.0,-1.3151810368297738,0.738,0.88,0.553,0.187,-0.212,0.939,-0.197
2215,1776122778.365693,1.4899763357660964,2.7356233719962226,-1.0,-1.330645281944649,0.645,0.822,0.611,0.082,-0.224,0.935,-0.263
2216,1776122778.374405,0.9300298261737856,3.408850832030014,-1.0,-1.3432786565725494,0.581,0.781,0.642,0.027,-0.228,0.922,-0.311
2217,1776122778.382508,1.3781283843533694,2.5333345209100524,-1.0,-1.361438949925795,0.518,0.735,0.667,0.018,0.228,-0.903,0.364
2218,1776122778.3907752,1.4264492401600373,2.3527832947658225,-1.0,-1.3718396841987812,0.487,0.711,0.678,0.037,0.227,-0.891,0.391
2219,1776122778.3993773,0.8192888542903921,3.000056466187294,-1.0,-1.385303859929112,0.455,0.687,0.686,0.054,0.224,-0.878,0.42
2220,1776122778.407804,1.467116609112881,1.9421283537391651,-0.2743795900347724,-1.4060733961974385,0.334,0.585,0.702,0.079,0.236,-0.811,0.529
2221,1776122778.4158537,-4.200123629743338,8.891664718532994,1.0,-1.37637875152125,0.306,0.563,0.699,0.059,0.262,-0.792,0.548
2222,1776122778.4247155,0.9127288753252594,2.2072508864353804,0.2526689130727999,-1.3224542574690576,0.251,0.516,0.687,0.018,0.308,-0.747,0.589
2223,1776122778.432769,1.3062973015267099,1.5254153984137837,0.2042442972370888,-1.2758771641077729,0.201,0.468,0.669,0.024,-0.346,0.693,-0.633
2224,1776122778.440786,-0.8105481134172337,3.608679530307236,1.0,-1.2504555826881651,0.153,0.422,0.646,0.06,-0.367,0.622,-0.689
2225,1776122778.4492042,-0.0004302463052735561,1.91929848079436,1.0,-1.2573792002844602,0.07,0.333,0.583,0.122,-0.36,0.439,-0.814
2226,1776122778.4577634,-1.2522185307388984,2.2150555962687686,1.0,-1.2880800228149547,0.022,0.27,0.524,0.164,-0.316,0.287,-0.889
2227,1776122778.4659016,-1.0037375820315488,1.3524347760608944,1.0,-1.3201518604649132,-0.012,0.21,0.456,0.201,-0.239,0.133,-0.941
2228,1776122778.474163,-0.852596461233961,1.0735794209563245,1.0,-1.3279722455599419,-0.021,0.191,0.431,0.211,-0.206,0.084,-0.952
2229,1776122778.482876,-1.5961288530648197,0.738946729092996,1.0,-1.3325464912552862,-0.038,0.138,0.356,0.238,-0.092,-0.053,-0.966
2230,1776122778.4910402,-1.0910688345566184,0.4523901543552445,1.0,-1.3277678378995652,-0.041,0.121,0.331,0.245,-0.05,-0.094,-0.964
2231,1776122778.4990659,-2.3382697639583934,0.02453375108049667,1.0,-1.2930592743465947,-0.043,0.076,0.253,0.263,0.081,-0.203,-0.94
2232,1776122778.5079808,-1.8745249027222888,-0.2512637032049287,1.0,-1.256121320493243,-0.039,0.049,0.201,0.271,0.167,-0.264,-0.911
2233,1776122778.5156708,-2.3021701065716984,-0.4847922473307299,1.0,-1.2338202365509767,-0.036,0.038,0.175,0.274,0.208,-0.291,-0.893
2234,1776122778.5247378,-1.9718293462758532,-0.696503232695178,1.0,-1.1321140384196555,-0.016,-0.001,0.072,0.28,0.349,-0.385,-0.807
2235,1776122778.5330255,-1.9279247737339242,-0.6597439191528253,1.0,-1.0842420208532662,-0.002,-0.014,0.021,0.278,0.402,-0.426,-0.761
2236,1776122778.5406272,-2.0799996606496056,-0.8164680881670577,1.0,-1.0480832524412806,0.013,-0.023,-0.029,0.272,0.44,-0.467,-0.717
2237,1776122778.5490522,-2.1203412042422034,-0.8734833260177052,1.0,-1.0236960814069365,0.049,-0.027,-0.128,0.245,0.473,-0.551,-0.642
2238,1776122778.55821,-1.8354892850751259,-1.3804322013745736,1.0,-1.0551476861147313,0.078,-0.017,-0.201,0.211,0.458,-0.617,-0.604
2239,1776122778.5660396,-1.940700511320557,-0.9429738016272518,1.0,-1.0985804167280324,0.099,-0.004,-0.248,0.181,0.43,-0.661,-0.588
2240,1776122778.575083,-1.8055496344356932,-0.905044065185599,1.0,-1.1928717283263597,0.132,0.024,-0.315,0.124,0.362,-0.722,-0.576
2241,1776122778.583337,-1.7920815712274711,-0.8598520015096183,1.0,-1.2314251624988686,0.143,0.036,-0.337,0.102,0.333,-0.74,-0.575
2242,1776122778.5909035,0.16137522156107678,-2.0278755069905383,1.0,-1.4097295560597882,0.188,0.095,-0.42,0.006,0.191,-0.792,-0.58
2243,1776122778.5998654,-0.8662933721687159,-1.1655218632310531,1.0,-1.5465240368903381,0.222,0.147,-0.479,0.058,-0.07,0.815,0.572
2244,1776122778.607819,-1.2707180761451826,-0.7539790332378615,1.0,1.4654529077148906,0.258,0.208,-0.535,0.111,0.051,0.821,0.558
2245,1776122778.6166255,0.31637779188079945,-1.4783366599719503,1.0,1.384925425423728,0.283,0.256,-0.57,0.14,0.128,0.816,0.546
2246,1776122778.6244876,0.4839048942494702,-1.3820491829998307,1.0,1.2758292897417873,0.323,0.34,-0.617,0.173,0.234,0.801,0.523
2247,1776122778.632652,-0.0046413348204421825,-1.0728710640948713,1.0,1.2139138878915798,0.352,0.405,-0.643,0.185,0.297,0.791,0.503
2248,1776122778.6407826,-0.37434071533741614,-0.8528264461194854,0.476195040462444,1.098429563683916,0.438,0.605,-0.675,0.176,0.421,0.782,0.425
2249,1776122778.6494172,10.307651433769047,-5.506766441701437,-1.0,1.0714466083132375,0.479,0.699,-0.666,0.152,0.456,0.79,0.381
2250,1776122778.6575894,0.053998304693909066,-1.1978140934586627,-1.0,1.0594725623434098,0.524,0.801,-0.637,0.115,0.478,0.805,0.332
2251,1776122778.6665843,0.4965520429175859,-1.7875467134406273,-1.0,1.0728304492583778,0.604,0.957,-0.542,0.03,0.483,0.835,0.263
2252,1776122778.674345,-0.17771545594917995,-1.5954341973748456,-1.0,1.085262475024126,0.634,1.006,-0.494,0.005,-0.476,-0.844,-0.248
2253,1776122778.6825242,0.43490394360531526,-3.365562659653593,-1.0,1.1449906110394235,0.732,1.125,-0.29,0.114,-0.433,-0.857,-0.255
2254,1776122778.691228,-2.2384879358234575,-1.7935661987047375,-1.0,1.2143295387899704,0.797,1.162,-0.113,0.174,-0.391,-0.844,-0.323
2255,1776122778.6991532,-4.0934950865829745,-0.6168646845100837,-1.0,1.4009081265182768,0.874,1.131,0.17,0.216,-0.317,-0.756,-0.531
2256,1776122778.7073798,-4.415646176377404,-0.29925041485077286,-1.0,1.4769449839101787,0.891,1.101,0.256,0.213,-0.289,-0.699,-0.618
2257,1776122778.7168505,-3.5521928829912834,0.4378961324192472,-1.0,-1.5037462286478873,0.919,0.934,0.501,0.132,-0.18,-0.334,-0.916
2258,1776122778.7243567,-2.797304902055306,0.619314227763796,-1.0,-1.5027213734479323,0.916,0.894,0.539,0.103,-0.156,-0.223,-0.957
2259,1776122778.7327206,-1.7935930269147562,0.9678458612381245,-1.0,-1.5177649322496964,0.891,0.814,0.605,0.052,-0.11,0.001,-0.993
2260,1776122778.7412949,-2.6911795029331826,1.9331448223979657,-1.0,-1.5467714105164394,0.788,0.617,0.718,0.004,0.077,-0.357,0.931
2261,1776122778.7493062,-2.7867988975312863,1.8780072358573228,-1.0,-1.551054852906153,0.736,0.496,0.743,0.017,0.071,-0.484,0.872
2262,1776122778.75766,-3.223516194097134,1.722790901664955,0.7493349823846793,-1.5550419491340752,0.68,0.333,0.734,0.032,0.064,-0.63,0.773
2263,1776122778.76593,-1.6217256961611022,1.4709774845109747,1.0,-1.5592587102694129,0.648,0.242,0.709,0.041,0.057,-0.707,0.704
2264,1776122778.7753012,-0.19849485739276787,1.382092890406161,1.0,-1.5641557264082062,0.614,0.165,0.677,0.047,0.047,-0.772,0.632
2265,1776122778.7828004,-0.8725655465602463,2.210146352477997,1.0,-1.5649845572575012,0.593,0.133,0.659,0.047,0.042,-0.802,0.594
2266,1776122778.7913349,1.09862149422133,1.5921738482932555,1.0,-1.5634184815899346,0.543,0.079,0.624,0.04,0.033,-0.853,0.52
2267,1776122778.799693,1.8976453313401955,1.2669122202326246,0.5860040344595598,-1.5616372752974814,0.484,0.038,0.589,0.026,0.024,-0.885,0.465
2268,1776122778.8085709,2.3607740760930085,0.9516567019472508,0.4671508447074597,-1.5192002007382401,0.392,-0.005,0.539,0.048,-0.034,0.898,-0.437
2269,1776122778.8159318,1.2428762751416982,1.6218313658400043,1.0,-1.4168332678611069,0.363,-0.015,0.513,0.17,-0.089,0.898,-0.395
2270,1776122778.8247097,2.3085651602128667,-0.1626962639083785,0.6777403327999212,1.5353039943262632,0.373,-0.05,0.477,0.035,-0.025,-0.939,0.341
2271,1776122778.8331704,2.3072687915803716,-0.17251481563499582,0.7283879150074475,1.462794901947209,0.379,-0.059,0.468,0.096,-0.08,-0.937,0.326
2272,1776122778.841034,2.4562746719304522,-0.240944707469664,0.27134753634967557,1.1709243900083268,0.4,-0.076,0.448,0.247,-0.314,-0.856,0.327
2273,1776122778.8491657,2.1141133169446036,-0.34197806313782736,-0.5579286083742971,1.0473321703771992,0.416,-0.084,0.447,0.29,-0.409,-0.765,0.404
2274,1776122778.858312,2.2668450477966515,-0.38959713632530174,-0.6840584542154831,1.0625918259268068,0.443,-0.09,0.453,0.308,-0.379,-0.737,0.468
2275,1776122778.8659832,2.273518435903205,-0.27592159333689265,-0.9132468972389635,1.0851569131877612,0.459,-0.088,0.464,0.315,-0.347,-0.725,0.505
2276,1776122778.8741848,2.1754758446151525,-0.065533419751337,-0.9685015873821204,1.1352147188530206,0.479,-0.081,0.486,0.315,-0.285,-0.708,0.564
2277,1776122778.8828683,2.151461482624716,0.01923095854064094,-1.0,1.1854181762117533,0.488,-0.074,0.504,0.306,-0.228,-0.696,0.609
2278,1776122778.8918917,2.1730909652036643,0.21557771106156692,-1.0,1.2457321811789175,0.492,-0.064,0.525,0.287,-0.162,-0.683,0.652
2279,1776122778.899712,2.235022105315242,0.3262849512592962,-1.0,1.2821694848629581,0.491,-0.057,0.537,0.272,-0.125,-0.676,0.674
2280,1776122778.9078934,1.9673121062775614,0.5841327116762172,-1.0,1.4278441050266588,0.483,-0.033,0.575,0.187,0.008,-0.625,0.758
2281,1776122778.9166064,1.7924706400137993,0.7941662678248943,-1.0,1.5359356065501797,0.472,-0.017,0.596,0.1,0.093,-0.535,0.834
2282,1776122778.9252892,0.8458022970187359,0.491011318809308,-0.7765472205397959,-1.4643205304174503,0.448,0.008,0.619,0.089,-0.079,0.245,-0.962
2283,1776122778.9331107,0.5420647891967373,0.09406661371156928,-0.7344208127687222,-1.4034864464894492,0.443,0.021,0.625,0.168,0.008,0.097,-0.981
2284,1776122778.941347,0.49432076338306674,-0.5301544998224712,-0.7902107443119336,-1.3331013335332116,0.448,0.038,0.63,0.226,0.112,-0.056,-0.966
2285,1776122778.9496589,-0.025805320800660638,-1.4688894715179726,-0.5291903060559489,-1.168749993139113,0.486,0.091,0.635,0.253,0.337,-0.372,-0.827
2286,1776122778.9580276,-1.0416924493245212,-1.3164803623819938,-0.3617320347432528,-1.086153888540349,0.518,0.127,0.633,0.212,0.442,-0.524,-0.697
2287,1776122778.965669,-1.1505738528544114,-2.251024445800495,-0.06009235649539346,-1.0164708940493732,0.559,0.164,0.628,0.128,0.526,-0.661,-0.519
2288,1776122778.9746375,3.956096216442459,-3.577768399608502,-0.1627208360777399,-0.950540639203822,0.673,0.203,0.617,0.155,-0.567,0.807,0.053
2289,1776122778.9830668,3.2312776371490997,-2.1131171671558455,-0.3085265498276819,-0.946066405666474,0.709,0.201,0.615,0.231,-0.544,0.804,-0.064
2290,1776122778.9911122,1.9719478858988884,-2.9224513149652482,-0.008456475194706492,-0.9391837529195988,0.785,0.183,0.608,0.369,-0.467,0.749,-0.29
2291,1776122779.0000443,1.035067412431749,-2.511479285816575,0.8161633062500722,-0.9310717775218742,0.905,0.153,0.577,0.533,-0.274,0.512,-0.615
2292,1776122779.0077171,1.1955736954137286,-2.8703962864925865,1.0,-0.9331022642585093,0.942,0.156,0.559,0.568,-0.186,0.381,-0.706
2293,1776122779.0156622,1.536335574856057,-2.142883597469815,1.0,-0.9503606693962466,1.002,0.19,0.503,0.583,-0.004,0.1,-0.807
2294,1776122779.0266,-0.20943123832627536,-0.7101395882689653,1.0,-1.0014242942844593,1.061,0.25,0.37,0.487,0.233,-0.282,-0.793
2295,1776122779.037489,-1.1517930767706126,-0.5402090437674242,1.0,-1.0527782821205527,1.078,0.292,0.296,0.288,0.409,-0.573,-0.649
2296,1776122779.0486352,-2.1700148237701993,-0.7217589944325019,-1.0,-1.0387475430882587,1.087,0.319,0.297,0.075,0.519,-0.717,-0.46
2297,1776122779.0594873,-2.9680006450314687,-0.14150578170042089,-1.0,-0.8798812338495166,1.072,0.37,0.376,0.08,-0.64,0.719,0.259
2298,1776122779.0701077,-3.7195941815735587,0.7853004311641695,-1.0,-0.7642384234515773,1.04,0.386,0.432,0.086,-0.715,0.668,0.185
2299,1776122779.0811973,-6.027338810976519,0.5468767572957356,-0.7987358884455272,-0.6904411235753626,1.015,0.359,0.451,0.048,-0.767,0.622,0.151
2300,1776122779.0930316,-5.385493990329894,0.06031674238856155,0.7917617974442668,-0.6410586254447722,0.997,0.228,0.403,0.056,0.798,-0.578,-0.162
2301,1776122779.1036587,-6.588786754478567,-0.1542953885222657,1.0,-0.5959881858880518,0.985,0.133,0.339,0.15,0.813,-0.54,-0.156
2302,1776122779.1146429,-3.7896278013720957,-5.765786453254793,1.0,-0.504662079234532,1.027,0.099,0.246,0.296,0.821,-0.483,-0.068
2303,1776122779.1250238,0.34537153586836267,-1.545161864353509,0.6403671525769989,-0.24357113869428879,1.148,0.215,0.173,0.428,0.819,-0.33,0.194
2304,1776122779.1358473,2.793624331632374,0.5148969932914114,-1.0,0.18554282184800452,1.2,0.36,0.247,0.407,0.721,-0.196,0.525
2305,1776122779.1464217,6.00877368673617,5.27363291867311,-1.0,1.3210393927934763,1.082,0.643,0.505,0.212,0.284,0.022,0.935
2306,1776122779.1566925,-4.182766456502011,11.133404964670909,-1.0,-1.4784915916823278,0.529,0.739,0.761,0.042,0.156,-0.315,-0.935
2307,1776122779.1670697,-6.369777686941841,11.84878315982683,1.0,-1.2863906517576131,0.306,0.654,0.742,0.077,0.36,-0.478,-0.798
2308,1776122779.1777472,-4.818972061889926,5.109048362346937,1.0,-0.9184643954816144,0.046,0.559,0.585,0.099,0.608,-0.664,-0.425
2309,1776122779.187839,-3.355445575539997,3.5986120922685476,1.0,-0.6374982262758833,-0.197,0.515,0.228,0.338,0.724,-0.598,-0.063
2310,1776122779.1986578,-1.8786432896781144,0.1445838547520249,1.0,-0.6159597808804116,-0.232,0.5,-0.125,0.668,0.45,-0.521,-0.282
2311,1776122779.2076871,-1.1402299136792353,-2.222245505753152,1.0,-1.5700662513230421,-0.096,0.557,-0.349,0.269,-0.214,-0.734,-0.586
2312,1776122779.2161386,-2.4853395790407284,-7.1320988823807765,1.0,1.0245768559452442,0.089,0.556,-0.513,0.166,0.506,0.648,0.545
2313,1776122779.224357,-0.4564092480968202,-2.3366894041677115,1.0,0.6816115028408776,0.207,0.61,-0.572,0.35,0.687,0.404,0.492
2314,1776122779.232555,14.59927715304944,-21.331316661714176,-1.0,0.4431812079912931,0.569,0.863,-0.552,0.316,0.764,0.065,0.558
2315,1776122779.2408695,-134.52991502245442,17.12866272181988,1.0,0.531374683117626,-0.081,0.247,0.336,0.761,0.406,0.227,0.453
2316,1776122779.2490695,-20.962671040950728,-34.872280370633526,1.0,0.3470171398129659,0.615,0.652,-0.656,0.228,-0.873,-0.199,0.383
2317,1776122779.2574239,11.881818799360984,15.715276873883232,-1.0,0.7764924221332316,0.314,0.895,-0.485,0.698,0.122,0.693,0.129
2318,1776122779.2658544,11.881818799360984,15.715276873883232,-1.0,0.7764924221332316,0.314,0.895,-0.485,0.698,0.122,0.693,0.129
2319,1776122779.274274,11.881818799360984,15.715276873883232,-1.0,0.7764924221332316,0.314,0.895,-0.485,0.698,0.122,0.693,0.129
2320,1776122779.282268,11.881818799360984,15.715276873883232,-1.0,0.7764924221332316,0.314,0.895,-0.485,0.698,0.122,0.693,0.129
2321,1776122779.2906032,11.881818799360984,15.715276873883232,-1.0,0.7764924221332316,0.314,0.895,-0.485,0.698,0.122,0.693,0.129
2322,1776122779.2991288,11.881818799360984,15.715276873883232,-1.0,0.7764924221332316,0.314,0.895,-0.485,0.698,0.122,0.693,0.129
2323,1776122779.30764,11.881818799360984,15.715276873883232,-1.0,0.7764924221332316,0.314,0.895,-0.485,0.698,0.122,0.693,0.129
2324,1776122779.3157558,11.881818799360984,15.715276873883232,-1.0,0.7764924221332316,0.314,0.895,-0.485,0.698,0.122,0.693,0.129
2325,1776122779.3239923,11.881818799360984,15.715276873883232,-1.0,0.7764924221332316,0.314,0.895,-0.485,0.698,0.122,0.693,0.129
2326,1776122779.3324516,11.881818799360984,15.715276873883232,-1.0,0.7764924221332316,0.314,0.895,-0.485,0.698,0.122,0.693,0.129
2327,1776122779.3406236,11.881818799360984,15.715276873883232,-1.0,0.7764924221332316,0.314,0.895,-0.485,0.698,0.122,0.693,0.129
2328,1776122779.3489456,11.881818799360984,15.715276873883232,-1.0,0.7764924221332316,0.314,0.895,-0.485,0.698,0.122,0.693,0.129
2329,1776122779.357568,11.881818799360984,15.715276873883232,-1.0,0.7764924221332316,0.314,0.895,-0.485,0.698,0.122,0.693,0.129
2330,1776122779.3655977,11.881818799360984,15.715276873883232,-1.0,0.7764924221332316,0.314,0.895,-0.485,0.698,0.122,0.693,0.129
2331,1776122779.3739486,11.881818799360984,15.715276873883232,-1.0,0.7764924221332316,0.314,0.895,-0.485,0.698,0.122,0.693,0.129
2332,1776122779.383006,11.881818799360984,15.715276873883232,-1.0,0.7764924221332316,0.314,0.895,-0.485,0.698,0.122,0.693,0.129
2333,1776122779.3906143,11.881818799360984,15.715276873883232,-1.0,0.7764924221332316,0.314,0.895,-0.485,0.698,0.122,0.693,0.129
2334,1776122779.3991513,11.881818799360984,15.715276873883232,-1.0,0.7764924221332316,0.314,0.895,-0.485,0.698,0.122,0.693,0.129
2335,1776122779.4073715,11.881818799360984,15.715276873883232,-1.0,0.7764924221332316,0.314,0.895,-0.485,0.698,0.122,0.693,0.129
2336,1776122779.4158287,11.881818799360984,15.715276873883232,-1.0,0.7764924221332316,0.314,0.895,-0.485,0.698,0.122,0.693,0.129
2337,1776122779.4242818,11.881818799360984,15.715276873883232,-1.0,0.7764924221332316,0.314,0.895,-0.485,0.698,0.122,0.693,0.129
2338,1776122779.432528,11.881818799360984,15.715276873883232,-1.0,0.7764924221332316,0.314,0.895,-0.485,0.698,0.122,0.693,0.129
2339,1776122779.4410675,11.881818799360984,15.715276873883232,-1.0,0.7764924221332316,0.314,0.895,-0.485,0.698,0.122,0.693,0.129
2340,1776122779.4493356,11.881818799360984,15.715276873883232,-1.0,0.7764924221332316,0.314,0.895,-0.485,0.698,0.122,0.693,0.129
2341,1776122779.4585292,11.881818799360984,15.715276873883232,-1.0,0.7764924221332316,0.314,0.895,-0.485,0.698,0.122,0.693,0.129
2342,1776122779.4656107,11.881818799360984,15.715276873883232,-1.0,0.7764924221332316,0.314,0.895,-0.485,0.698,0.122,0.693,0.129
2343,1776122779.4739473,11.881818799360984,15.715276873883232,-1.0,0.7764924221332316,0.314,0.895,-0.485,0.698,0.122,0.693,0.129
2344,1776122779.48237,11.881818799360984,15.715276873883232,-1.0,0.7764924221332316,0.314,0.895,-0.485,0.698,0.122,0.693,0.129
2345,1776122779.490661,11.881818799360984,15.715276873883232,-1.0,0.7764924221332316,0.314,0.895,-0.485,0.698,0.122,0.693,0.129
2346,1776122779.4989543,11.881818799360984,15.715276873883232,-1.0,0.7764924221332316,0.314,0.895,-0.485,0.698,0.122,0.693,0.129
