step,sim_time,u0,u1,u2,u3,pose_x,pose_y,pose_z,pose_qw,pose_qx,pose_qy,pose_qz,ref_x,ref_y,ref_z
209,1782949955.302406,0.0,0.0,0.05000000224000667,0.0,-0.394,0.682,0.757,1.0,-0.0,-0.0,-0.0,-0.39355300472431676,0.6816541800856928,0.7621064080923564
211,1782949955.318091,-0.0999998864118003,-0.0999990204484901,0.09874998587730689,0.00013005677975403985,-0.394,0.682,0.757,1.0,-0.0,-0.0,-0.0,-0.39355300472431676,0.6816541800856928,0.7621064080923564
212,1782949955.3368075,-0.19749528832808222,-0.19744554216946905,0.1462811918741118,0.06235702115670272,-0.394,0.682,0.757,1.0,-0.0,-0.0,-0.0,-0.39355300472431676,0.6816541800856928,0.7621064080923564
213,1782949955.3615701,-0.29240359110228686,-0.2636342569188308,0.1926230725738725,0.07445820715326544,-0.394,0.682,0.757,1.0,-0.0,-0.0,-0.0,-0.39355300472431676,0.6816541800856928,0.7621064080923564
214,1782949955.378306,-0.37795031064944484,-0.2379435110349712,0.2378067680525122,0.052125599445775876,-0.394,0.682,0.757,1.0,-0.0,-0.0,-0.0,-0.39355300472431676,0.6816541800856928,0.7621064080923564
215,1782949955.3990433,-0.3673133421434846,-0.24346412669163997,0.2818576396645409,0.03493934965764908,-0.394,0.682,0.757,1.0,-0.0,-0.0,-0.0,-0.39355300472431676,0.6816541800856928,0.7621064080923564
215,1782949955.4240737,-0.3694087356967266,-0.2526367927503734,0.3154901119328541,0.02553298854427345,-0.394,0.682,0.757,1.0,-0.0,-0.0,-0.0,-0.39355300472431676,0.6816541800856928,0.7621064080923564
216,1782949955.435242,-0.37230194764527513,-0.25568129201516226,0.321468690589907,0.021504139669218714,-0.394,0.682,0.757,1.0,-0.0,-0.0,-0.0,-0.39355300472431676,0.6816541800856928,0.7621064080923564
218,1782949955.457644,-0.3720072349458059,-0.2545696100985981,0.3225297223224898,0.01956496520800559,-0.394,0.682,0.757,1.0,-0.0,-0.0,-0.0,-0.39355300472431676,0.6816541800856928,0.7621064080923564
219,1782949955.474996,-0.36602959049088757,-0.2514271601277964,0.32270040538327516,0.017251245380116374,-0.394,0.682,0.757,1.0,-0.0,-0.0,-0.0,-0.39355300472431676,0.6816541800856928,0.7621064080923564
220,1782949955.5011554,-0.3583347961527086,-0.2431133377318956,0.3226199119566627,0.015033079274658563,-0.394,0.682,0.757,1.0,-0.001,-0.0,-0.0,-0.39355300472431676,0.6816541800856928,0.7621064080923564
220,1782949955.5137277,-0.34607974905807337,-0.22805917212710322,0.32118807561875445,0.012380182666856981,-0.393,0.681,0.758,1.0,-0.002,-0.001,-0.0,-0.39355300472431676,0.6816541800856928,0.7621064080923564
222,1782949955.535524,-0.3007088390938402,-0.18003415322812788,0.31582366058972405,0.007038295529513516,-0.393,0.681,0.759,1.0,-0.006,-0.003,-0.001,-0.39355300472431676,0.6816541800856928,0.7671064080923564
223,1782949955.5543017,-0.2753638019217071,-0.14327774162897494,0.3088859041611282,0.002932867452825335,-0.392,0.679,0.761,1.0,-0.011,-0.007,-0.001,-0.39355300472431676,0.6816541800856928,0.7671064080923564
224,1782949955.5753014,-0.2988449557224036,-0.15964885275889157,0.3102513752221254,0.0008019957938056109,-0.392,0.679,0.763,1.0,-0.014,-0.009,-0.001,-0.39355300472431676,0.6816541800856928,0.7671064080923564
225,1782949955.5977175,-0.24085729387746438,-0.12002399635327166,0.29696849867864983,-0.0013743607874545974,-0.391,0.677,0.767,1.0,-0.02,-0.012,-0.001,-0.39355300472431676,0.6816541800856928,0.7671064080923564
226,1782949955.617754,-0.1410428049941274,-0.06544765221300405,0.25505490567745404,-0.0031196092097746497,-0.39,0.675,0.772,1.0,-0.027,-0.016,-0.001,-0.39355300472431676,0.6816541800856928,0.7671064080923564
227,1782949955.6377795,-0.23491280633987272,-0.10563626444924226,0.27340927935924136,-0.0009106199945175999,-0.388,0.673,0.779,0.999,-0.035,-0.02,-0.001,-0.39355300472431676,0.6816541800856928,0.7671064080923564
227,1782949955.6552742,-0.23210823877827694,-0.12841683561891543,0.2733222211661993,-0.0025853761336464085,-0.388,0.671,0.782,0.999,-0.037,-0.021,-0.002,-0.39355300472431676,0.6816541800856928,0.7671064080923564
229,1782949955.6771336,-0.220779168531493,-0.14335675637874556,0.2688225397369464,-0.0029159478292742503,-0.386,0.669,0.79,0.999,-0.044,-0.024,-0.002,-0.39355300472431676,0.6816541800856928,0.7671064080923564
230,1782949955.699968,-0.2228326751051678,-0.14819679706929306,0.2661717732304667,-0.002255505242301003,-0.385,0.667,0.796,0.999,-0.048,-0.026,-0.002,-0.39355300472431676,0.6816541800856928,0.7721064080923564
230,1782949955.7199123,-0.22374165101876875,-0.130351247320399,0.2800256503019434,-0.001778824502200941,-0.384,0.665,0.801,0.998,-0.051,-0.027,-0.002,-0.39355300472431676,0.6816541800856928,0.7721064080923564
232,1782949955.7378309,-0.21914562677056187,-0.15991133250223852,0.26384824955816905,-0.0026745064107881597,-0.383,0.664,0.805,0.998,-0.054,-0.028,-0.002,-0.39355300472431676,0.6816541800856928,0.7721064080923564
233,1782949955.7610705,-0.21260912068242385,-0.1329421968028896,0.2766314551110877,-0.0018405234672913664,-0.382,0.662,0.811,0.998,-0.057,-0.029,-0.002,-0.39355300472431676,0.6816541800856928,0.7721064080923564
234,1782949955.7788754,-0.21422592086981074,-0.1354416712653424,0.27730406420923515,-0.002352111263632542,-0.381,0.66,0.816,0.998,-0.06,-0.03,-0.002,-0.39355300472431676,0.6816541800856928,0.7721064080923564
235,1782949955.8020952,-0.21380078585661388,-0.1580938702631991,0.2563899261713041,-0.002560237244558496,-0.38,0.658,0.824,0.997,-0.063,-0.032,-0.002,-0.39355300472431676,0.6816541800856928,0.7721064080923564
235,1782949955.8158293,-0.198164499934881,-0.12062931041776306,0.26991152620802994,-0.0015326641031603472,-0.379,0.656,0.829,0.997,-0.066,-0.033,-0.002,-0.39355300472431676,0.6816541800856928,0.7721064080923564
237,1782949955.8359563,-0.1962857162992998,-0.12080715056644672,0.27027809973726036,-0.0011664304782920583,-0.377,0.654,0.836,0.997,-0.069,-0.034,-0.001,-0.39355300472431676,0.6816541800856928,0.7721064080923564
238,1782949955.864627,-0.1878045582444007,-0.098616342455872,0.27857895995342274,-0.000987616052823197,-0.376,0.652,0.842,0.997,-0.071,-0.035,-0.001,-0.39355300472431676,0.6816541800856928,0.7721064080923564
238,1782949955.8962336,-0.20575292301434503,-0.1546038282751503,0.2499322286290553,-0.0018378409276144812,-0.376,0.652,0.844,0.997,-0.072,-0.035,-0.001,-0.39355300472431676,0.6816541800856928,0.7721064080923564
240,1782949955.9270952,-0.18975271478622416,-0.11496548027905515,0.26207660693540274,-0.0005037988954460864,-0.374,0.649,0.854,0.996,-0.075,-0.037,-0.001,-0.39355300472431676,0.6816541800856928,0.7721064080923564
240,1782949955.9537268,-0.1862668595420396,-0.11118904135358067,0.2608404084309,-0.0007251222416801313,-0.372,0.645,0.868,0.996,-0.079,-0.039,-0.001,-0.39355300472431676,0.6816541800856928,0.7771064080923564
243,1782949955.9704704,-0.1678776476928052,-0.09664116142353593,0.2581142186697951,-0.001035235735755067,-0.369,0.641,0.881,0.996,-0.083,-0.041,-0.001,-0.39355300472431676,0.6816541800856928,0.7771064080923564
243,1782949955.9793196,-0.23562094245547877,-0.19416074767057007,0.20166632185901706,-4.1478803970279414e-05,-0.368,0.639,0.89,0.995,-0.085,-0.042,-0.001,-0.39355300472431676,0.6816541800856928,0.7771064080923564
245,1782949955.9935997,-0.15785041493589858,-0.1142818357534322,0.22270511064113147,0.003235011071459423,-0.366,0.636,0.902,0.995,-0.088,-0.044,-0.001,-0.39355300472431676,0.6816541800856928,0.7771064080923564
246,1782949956.015586,-0.17704215315642235,-0.1288919613280866,0.22488103420465091,0.002864251136561553,-0.364,0.634,0.911,0.995,-0.09,-0.045,-0.001,-0.39355300472431676,0.6816541800856928,0.7771064080923564
246,1782949956.0325043,-0.1670127486179327,-0.12018171866025128,0.224625467530785,0.002471098103668835,-0.363,0.633,0.918,0.995,-0.092,-0.046,-0.001,-0.39355300472431676,0.6816541800856928,0.7771064080923564
248,1782949956.054998,-0.1587644690835384,-0.11372919585983915,0.22481614063263947,0.0019389595616604793,-0.362,0.631,0.926,0.995,-0.094,-0.047,-0.001,-0.39355300472431676,0.6816541800856928,0.7771064080923564
249,1782949956.077236,-0.15218741003794556,-0.1095424104570256,0.22547761730279395,0.0011617881460200855,-0.36,0.629,0.935,0.994,-0.096,-0.048,-0.001,-0.39355300472431676,0.6816541800856928,0.7771064080923564
250,1782949956.096928,-0.14084736433539055,-0.09496558127955645,0.22736695502465845,0.000359255795859056,-0.359,0.627,0.943,0.994,-0.098,-0.049,-0.001,-0.39355300472431676,0.6816541800856928,0.7821064080923564
251,1782949956.116583,-0.13314796716579264,-0.09301761244570907,0.2284381848413647,-0.00044747043121693114,-0.358,0.625,0.952,0.994,-0.1,-0.05,-0.001,-0.39355300472431676,0.6816541800856928,0.7821064080923564
251,1782949956.1362185,-0.12285155159797878,-0.07849645178212464,0.22965417066378077,-0.0010159626558005766,-0.356,0.623,0.96,0.993,-0.102,-0.052,-0.001,-0.39355300472431676,0.6816541800856928,0.7821064080923564
252,1782949956.1593997,-0.07169628562821312,-0.027140753370868145,0.2482185727674307,-0.0010672816103986257,-0.355,0.622,0.966,0.993,-0.103,-0.052,-0.001,-0.39355300472431676,0.6816541800856928,0.7821064080923564
254,1782949956.1787772,-0.11949962944888612,-0.06658684761613702,0.23417552594359717,-0.0022627428576822532,-0.354,0.621,0.97,0.993,-0.104,-0.053,-0.001,-0.39355300472431676,0.6816541800856928,0.7821064080923564
255,1782949956.199031,-0.1798433153749479,-0.1605452853391341,0.18360418511076604,-0.002731447713604787,-0.353,0.62,0.976,0.993,-0.105,-0.054,-0.001,-0.39355300472431676,0.6816541800856928,0.7821064080923564
256,1782949956.2147624,-0.07538158917387044,-0.05734773754373633,0.22888871466741864,-0.0045531603353695105,-0.352,0.619,0.983,0.993,-0.107,-0.055,-0.001,-0.39355300472431676,0.6816541800856928,0.7821064080923564
257,1782949956.2374249,-0.05486106060043071,-0.021257391517443616,0.2481788696486278,-0.0026611277874219316,-0.351,0.617,0.989,0.993,-0.108,-0.055,-0.001,-0.39355300472431676,0.6816541800856928,0.7821064080923564
257,1782949956.2578006,-0.03136445334472164,0.00011594554874604784,0.25219129461209916,-0.00270021882778011,-0.35,0.616,0.995,0.992,-0.109,-0.056,-0.001,-0.39355300472431676,0.6816541800856928,0.7821064080923564
258,1782949956.2753003,-0.06718707156281385,-0.030854270764062296,0.2386698559593297,-0.0029921273722792125,-0.349,0.615,0.999,0.992,-0.11,-0.057,-0.001,-0.39355300472431676,0.6816541800856928,0.7821064080923564
260,1782949956.2968006,-0.16040953623938234,-0.12961784859598088,0.19421374349461162,-0.0026778570609169447,-0.348,0.614,1.005,0.992,-0.111,-0.057,-0.001,-0.39355300472431676,0.6816541800856928,0.7821064080923564
260,1782949956.3178723,-0.05658616324111175,-0.05501994403369426,0.22953424894432378,-0.00370416016857508,-0.347,0.614,1.008,0.992,-0.112,-0.057,-0.001,-0.39355300472431676,0.6816541800856928,0.7871064080923564
261,1782949956.3402808,0.010122903839856326,0.02180700576801492,0.25699934559529514,-0.0033582835129745774,-0.346,0.613,1.013,0.992,-0.112,-0.058,-0.001,-0.39355300472431676,0.6816541800856928,0.7871064080923564
263,1782949956.3601513,-0.019718102613980104,-0.022973052224263123,0.2423834597726657,-0.0028444737015453944,-0.345,0.612,1.018,0.992,-0.113,-0.058,-0.001,-0.39355300472431676,0.6816541800856928,0.7871064080923564
264,1782949956.3785248,-0.11715182339251327,-0.12218096610712312,0.20326405073162337,-0.001912332114201327,-0.344,0.612,1.022,0.992,-0.114,-0.059,-0.001,-0.39355300472431676,0.6816541800856928,0.7871064080923564
265,1782949956.4022074,-0.10587933302657807,-0.15451981672905915,0.19768439996846265,-0.002262825880788605,-0.344,0.611,1.025,0.992,-0.114,-0.059,-0.001,-0.39355300472431676,0.6816541800856928,0.7871064080923564
266,1782949956.4266057,-0.007342265529069927,-0.05079642009205179,0.23348161674404774,-0.002885723492498709,-0.343,0.611,1.028,0.992,-0.114,-0.059,-0.001,-0.39355300472431676,0.6816541800856928,0.7871064080923564
266,1782949956.4446213,-0.06872095580469786,-0.12189011289218325,0.20803200513017012,-0.0013236479077364143,-0.342,0.61,1.035,0.992,-0.115,-0.06,-0.001,-0.39355300472431676,0.6816541800856928,0.7871064080923564
268,1782949956.4674494,0.03176029232855809,-0.01919277181801629,0.23822716914930955,-0.0024243603336100393,-0.341,0.61,1.039,0.991,-0.116,-0.06,-0.001,-0.39355300472431676,0.6816541800856928,0.7871064080923564
268,1782949956.4811935,0.05344980296898981,0.011471337540264137,0.24529797513332352,-0.0020322232680164715,-0.341,0.61,1.042,0.991,-0.116,-0.06,-0.001,-0.39355300472431676,0.6816541800856928,0.7871064080923564
270,1782949956.5024984,0.10296954208929679,0.08677735398538125,0.2652233545093594,-0.002799828682052215,-0.34,0.61,1.045,0.991,-0.117,-0.061,-0.001,-0.39355300472431676,0.6816541800856928,0.7921064080923564
271,1782949956.5201273,0.10222590705031173,0.06939692776968405,0.2543984329036232,-0.0020262008734377264,-0.339,0.61,1.049,0.991,-0.118,-0.062,-0.001,-0.39355300472431676,0.6816541800856928,0.7921064080923564
272,1782949956.5383039,0.10964356536261163,0.06819076536458284,0.253576851421011,-0.0018700201982916758,-0.338,0.61,1.052,0.991,-0.118,-0.062,-0.001,-0.39355300472431676,0.6816541800856928,0.7921064080923564
273,1782949956.55847,0.1258936001382942,0.09277810841803616,0.26141116927001407,-0.0022390811675854537,-0.338,0.61,1.055,0.991,-0.119,-0.063,-0.001,-0.39355300472431676,0.6816541800856928,0.7921064080923564
274,1782949956.5758662,0.1285525568555004,0.09773474132185415,0.26641536001508026,-0.002417451500476173,-0.337,0.61,1.058,0.991,-0.119,-0.063,-0.001,-0.39355300472431676,0.6816541800856928,0.7921064080923564
275,1782949956.597078,0.13596875855573506,0.07296588374022747,0.2551798821909057,-0.002053045021590893,-0.336,0.611,1.062,0.991,-0.119,-0.064,-0.001,-0.39355300472431676,0.6816541800856928,0.7921064080923564
276,1782949956.6174927,0.13345483261568483,0.0668178077611705,0.2519508178574537,-0.002227908532216559,-0.336,0.612,1.065,0.991,-0.118,-0.064,-0.001,-0.39355300472431676,0.6816541800856928,0.7921064080923564
277,1782949956.6380606,0.13753946852941107,0.06335688442766059,0.2503536291422195,-0.0022657145283926493,-0.336,0.613,1.067,0.991,-0.118,-0.064,-0.001,-0.39355300472431676,0.6816541800856928,0.7921064080923564
278,1782949956.658574,0.1599141213001629,-0.008073759017850818,0.22452753112938195,-0.00037632556203065753,-0.336,0.614,1.07,0.991,-0.117,-0.063,-0.001,-0.39355300472431676,0.6816541800856928,0.7921064080923564
279,1782949956.6760662,0.13404791329271426,0.05867856259199655,0.24344009160086766,-0.0024398150349448852,-0.336,0.615,1.072,0.991,-0.117,-0.063,-0.001,-0.39355300472431676,0.6816541800856928,0.7921064080923564
280,1782949956.6957633,0.14296123651367867,0.05734781186463993,0.24656688005612554,-0.0021607389229270145,-0.336,0.616,1.074,0.991,-0.116,-0.062,-0.001,-0.39355300472431676,0.6816541800856928,0.7921064080923564
281,1782949956.7166243,0.1431084112306126,0.05777233519363105,0.24770641199048155,-0.0022626239536243133,-0.336,0.617,1.076,0.991,-0.115,-0.062,-0.001,-0.39355300472431676,0.6816541800856928,0.7971064080923564
282,1782949956.7349186,0.14602527809478744,0.06458744686905935,0.24754752204554206,-0.0023859054758924576,-0.336,0.619,1.078,0.992,-0.114,-0.062,-0.001,-0.39355300472431676,0.6816541800856928,0.7971064080923564
283,1782949956.7599123,0.1540476825621179,0.06305478587810084,0.2472703452857671,-0.0021770114907857492,-0.336,0.62,1.08,0.992,-0.114,-0.061,-0.001,-0.39355300472431676,0.6816541800856928,0.7971064080923564
284,1782949956.777625,0.15180984020130173,0.07008275154071479,0.24696887137589396,-0.002391896479128706,-0.336,0.622,1.082,0.992,-0.112,-0.061,-0.001,-0.39355300472431676,0.6816541800856928,0.7971064080923564
285,1782949956.7996442,0.22416984176899404,0.04482094583822029,0.22191396092396692,-0.0006533034108528589,-0.336,0.623,1.085,0.992,-0.111,-0.06,-0.001,-0.39355300472431676,0.6816541800856928,0.7971064080923564
285,1782949956.8210871,0.227016904588558,0.05093997016618449,0.21734946374611627,-0.0005133903509133867,-0.336,0.625,1.086,0.992,-0.111,-0.06,-0.001,-0.39355300472431676,0.6816541800856928,0.7971064080923564
0,1782949956.836704,0.22108592597129267,0.06290724972232808,0.21646303936633193,-0.0010232624374022906,-0.337,0.626,1.088,0.992,-0.11,-0.06,-0.001,-0.39355300472431676,0.6816541800856928,0.7971064080923564
1,1782949956.8628387,0.1516015417238581,0.07915941325480254,0.24058608484033062,-0.0017405084272833198,-0.337,0.629,1.091,0.992,-0.108,-0.059,-0.0,-0.39355300472431676,0.6816541800856928,0.7971064080923564
2,1782949956.8847327,0.12866504741923396,0.0852392516619851,0.25296166551344784,-0.001510877234750737,-0.337,0.63,1.091,0.992,-0.107,-0.059,-0.0,-0.39355300472431676,0.6816541800856928,0.7971064080923564
2,1782949956.910146,0.11099706705348955,0.09002296540350953,0.259161158890364,-0.0014174552275656714,-0.338,0.632,1.093,0.993,-0.106,-0.059,-0.0,-0.39355300472431676,0.6816541800856928,0.7971064080923564
4,1782949956.943684,0.16098399963597654,0.09489798806319957,0.25057880588823017,-0.00031249659097499485,-0.339,0.636,1.095,0.993,-0.104,-0.058,-0.0,-0.39355300472431676,0.6816541800856928,0.7971064080923564
4,1782949956.9743998,0.1575075587239992,0.09642725461213623,0.25053463232492734,-0.00046910829610351506,-0.34,0.642,1.099,0.993,-0.1,-0.057,-0.0,-0.39355300472431676,0.6816541800856928,0.8021064080923564
7,1782949956.9979496,0.15741480742359099,0.09211374724073858,0.25012517254414224,-0.0006023453939059303,-0.341,0.647,1.101,0.994,-0.097,-0.056,-0.0,-0.39355300472431676,0.6816541800856928,0.8021064080923564
7,1782949957.0253892,0.23278515786513393,0.10954763955052427,0.23097188712962424,0.002063602078018472,-0.342,0.65,1.102,0.994,-0.095,-0.055,-0.0,-0.39355300472431676,0.6816541800856928,0.8021064080923564
10,1782949957.0566278,0.14535204510233513,0.07507305156325278,0.24623383782744918,0.001048064918600219,-0.343,0.653,1.104,0.994,-0.093,-0.054,-0.0,-0.39355300472431676,0.6816541800856928,0.8021064080923564
10,1782949957.0756998,0.22695743937010138,0.09710972198649528,0.23095281632335535,0.0026774780866702587,-0.344,0.657,1.105,0.994,-0.091,-0.053,-0.0,-0.39355300472431676,0.6816541800856928,0.8021064080923564
12,1782949957.0895863,0.12178134096635575,0.05713159706410755,0.25272207896728555,-8.195415882061678e-05,-0.346,0.661,1.107,0.995,-0.089,-0.052,0.0,-0.39355300472431676,0.6816541800856928,0.8021064080923564
12,1782949957.1146023,0.21872838842895562,0.10138043461148577,0.2347185711663715,0.0014877209275591238,-0.347,0.664,1.108,0.995,-0.087,-0.052,0.0,-0.39355300472431676,0.6816541800856928,0.8021064080923564
14,1782949957.1343184,0.21437802718580945,0.10815763753253284,0.2346533763601272,0.0035044197762794426,-0.347,0.667,1.109,0.995,-0.086,-0.051,0.0,-0.39355300472431676,0.6816541800856928,0.8071064080923565
14,1782949957.1456196,0.10926473288212302,0.05298812862393577,0.2553658200352997,3.0771069565361034e-05,-0.348,0.67,1.109,0.995,-0.084,-0.05,0.0,-0.39355300472431676,0.6816541800856928,0.8071064080923565
16,1782949957.15869,0.13440143598403193,0.06774597233380372,0.2540182016962318,-0.0008680605871793777,-0.349,0.672,1.11,0.995,-0.083,-0.049,0.0,-0.39355300472431676,0.6816541800856928,0.8071064080923565
17,1782949957.1747239,0.04889778203516701,0.05181581510572642,0.2589917250873842,-0.0018663279989405283,-0.351,0.678,1.111,0.996,-0.08,-0.048,0.0,-0.39355300472431676,0.6816541800856928,0.8071064080923565
18,1782949957.195784,0.10583203068281838,0.06629568632841512,0.2566623547018111,-0.0014921344214492303,-0.352,0.681,1.111,0.996,-0.078,-0.047,0.0,-0.39355300472431676,0.6816541800856928,0.8071064080923565
19,1782949957.2162623,0.10549719819309689,0.07540843047395535,0.2565357098687565,-0.0019145455588761404,-0.353,0.685,1.112,0.996,-0.076,-0.047,0.0,-0.39355300472431676,0.6816541800856928,0.8071064080923565
20,1782949957.236576,0.10111355592325123,0.07334179665953533,0.2565061157076152,-0.0021689988068255388,-0.355,0.689,1.112,0.996,-0.074,-0.046,0.0,-0.39355300472431676,0.6816541800856928,0.8071064080923565
21,1782949957.2563565,0.1013297663808823,0.06852113746888397,0.2563212110927553,-0.002175970162682608,-0.356,0.692,1.113,0.996,-0.073,-0.045,0.0,-0.39355300472431676,0.6816541800856928,0.8071064080923565
22,1782949957.27736,0.1985880819691436,0.13855390444803656,0.24588516434839053,0.0012620067545190752,-0.357,0.695,1.113,0.996,-0.072,-0.045,0.0,-0.39355300472431676,0.6816541800856928,0.8071064080923565
23,1782949957.2974672,0.10654359259861049,0.07766263878617684,0.25528831218235887,0.0009031243276008942,-0.358,0.697,1.113,0.996,-0.071,-0.045,0.0,-0.39355300472431676,0.6816541800856928,0.8121064080923563
24,1782949957.3189547,0.2037784646783617,0.13732269027125488,0.24704906255220177,0.002325298365793969,-0.359,0.7,1.114,0.997,-0.07,-0.044,0.0,-0.39355300472431676,0.6816541800856928,0.8121064080923563
25,1782949957.3370025,0.09868738887249223,0.04700719041831401,0.2599111212353285,-0.0019163289697891077,-0.359,0.703,1.114,0.997,-0.069,-0.044,0.0,-0.39355300472431676,0.6816541800856928,0.8121064080923563
26,1782949957.358977,0.01707094284329294,0.035158398521130875,0.2604357974126287,-0.0025176617567803745,-0.36,0.706,1.115,0.997,-0.068,-0.043,0.0,-0.39355300472431676,0.6816541800856928,0.8121064080923563
27,1782949957.3798304,-0.01449601786456435,0.01807311957736661,0.26048041070985734,-0.002467516635191895,-0.362,0.709,1.115,0.997,-0.067,-0.042,0.0,-0.39355300472431676,0.6816541800856928,0.8121064080923563
28,1782949957.397365,-0.030614935363819488,0.01680272888958527,0.26006476604832723,-0.0023450037356656786,-0.363,0.712,1.116,0.997,-0.066,-0.042,0.0,-0.39355300472431676,0.6816541800856928,0.8121064080923563
29,1782949957.4175453,0.030592832523289325,0.03044562302803689,0.25655187240331245,-0.0018480942681613787,-0.364,0.714,1.116,0.997,-0.065,-0.041,0.0,-0.39355300472431676,0.6816541800856928,0.8121064080923563
30,1782949957.4386632,0.12981617536900333,0.10356774114481879,0.24523790565167847,-0.00010316587018804695,-0.365,0.718,1.117,0.997,-0.064,-0.041,0.0,-0.39355300472431676,0.6816541800856928,0.8121064080923563
31,1782949957.457063,0.07150424942670153,0.04392480625412981,0.2529712477815403,0.00019563228479043353,-0.366,0.72,1.117,0.997,-0.064,-0.04,0.0,-0.39355300472431676,0.6816541800856928,0.8121064080923563
32,1782949957.475686,0.055009901195034766,0.04269285104001772,0.2537340779022439,-0.0006715254724389776,-0.367,0.723,1.118,0.997,-0.063,-0.04,0.0,-0.39355300472431676,0.6816541800856928,0.8121064080923563
33,1782949957.4951663,-0.0246533438966334,0.00914293001679152,0.25810972009780675,-0.0015501215720018923,-0.368,0.725,1.118,0.997,-0.062,-0.039,0.0,-0.39355300472431676,0.6816541800856928,0.8171064080923564
34,1782949957.5169814,0.03200754236906833,0.03168857587368975,0.2549905289005123,-0.0014393747692326695,-0.369,0.728,1.119,0.997,-0.062,-0.039,0.0,-0.39355300472431676,0.6816541800856928,0.8171064080923564
35,1782949957.5376322,0.0361899179437679,0.034151403862206206,0.2540211798211416,-0.0017277234942004239,-0.37,0.73,1.12,0.997,-0.062,-0.039,0.0,-0.39355300472431676,0.6816541800856928,0.8171064080923564
36,1782949957.5627136,0.030961560633130977,0.026811894671290984,0.2536403057751554,-0.0018454808899223698,-0.371,0.732,1.12,0.997,-0.061,-0.038,0.0,-0.39355300472431676,0.6816541800856928,0.8171064080923564
37,1782949957.5824394,-0.03551503946623964,0.002236465440234023,0.2568096934541283,-0.002063581165018297,-0.371,0.734,1.121,0.997,-0.061,-0.038,0.0,-0.39355300472431676,0.6816541800856928,0.8171064080923564
38,1782949957.6040735,-0.10933816662972215,-0.026906927797364005,0.26117892555392747,-0.002412309888126562,-0.372,0.736,1.122,0.997,-0.061,-0.038,0.0,-0.39355300472431676,0.6816541800856928,0.8171064080923564
39,1782949957.6271524,-0.01463326462039155,0.017849282212552525,0.25363579932391206,-0.0016108970980247407,-0.373,0.738,1.123,0.997,-0.061,-0.038,0.0,-0.39355300472431676,0.6816541800856928,0.8171064080923564
39,1782949957.6490102,0.0010547784988840792,0.02346287170334147,0.25163156541355913,-0.001757069356810788,-0.374,0.74,1.124,0.997,-0.06,-0.038,0.0,-0.39355300472431676,0.6816541800856928,0.8171064080923564
41,1782949957.6692474,0.10096639309834148,0.09448848653911604,0.2390285191538152,-0.0006802788547837361,-0.374,0.742,1.124,0.997,-0.06,-0.038,0.0,-0.39355300472431676,0.6816541800856928,0.8171064080923564
41,1782949957.688634,0.04130554447775158,0.03696418144006192,0.24790873677272077,-0.0007169185705124868,-0.375,0.744,1.125,0.997,-0.06,-0.038,0.0,-0.39355300472431676,0.6816541800856928,0.8171064080923564
43,1782949957.7077339,0.14016554514943141,0.0917503756303999,0.2369902387072011,-0.00038109169841728447,-0.376,0.745,1.126,0.997,-0.06,-0.037,0.0,-0.39355300472431676,0.6816541800856928,0.8221064080923564
43,1782949957.7282794,0.045552702238055826,0.026882348661352404,0.24726899172455857,-0.0003009177060723905,-0.377,0.747,1.127,0.997,-0.06,-0.037,0.0,-0.39355300472431676,0.6816541800856928,0.8221064080923564
45,1782949957.7535093,0.14369380137704674,0.0730535895618759,0.23617932708915848,-0.00030750968224430166,-0.377,0.749,1.129,0.997,-0.06,-0.037,0.0,-0.39355300472431676,0.6816541800856928,0.8221064080923564
45,1782949957.7745256,0.16844664117213992,0.06825837537453251,0.23409529414999125,-0.00022140945408032742,-0.378,0.751,1.129,0.997,-0.06,-0.037,0.0,-0.39355300472431676,0.6816541800856928,0.8221064080923564
47,1782949957.7973926,0.06423642573612481,-0.02363798004175481,0.2566727920555058,-0.0012716130692563643,-0.379,0.753,1.131,0.997,-0.06,-0.037,0.0,-0.39355300472431676,0.6816541800856928,0.8221064080923564
47,1782949957.81767,0.14374698536951946,0.04050865720056883,0.23887835633525645,-0.0030810321407995916,-0.379,0.754,1.132,0.998,-0.06,-0.037,0.0,-0.39355300472431676,0.6816541800856928,0.8221064080923564
49,1782949957.832117,0.040342511451333746,-0.01194732900664934,0.24786820996681308,-0.003172790133849918,-0.38,0.756,1.133,0.998,-0.06,-0.036,0.0,-0.39355300472431676,0.6816541800856928,0.8221064080923564
49,1782949957.8494706,0.11107587211665168,0.021665419593968997,0.2383555712438305,-0.0027210039809035507,-0.38,0.756,1.133,0.998,-0.06,-0.036,0.0,-0.39355300472431676,0.6816541800856928,0.8221064080923564
51,1782949957.868217,0.008993213082438362,-0.01533144156822519,0.24813075162334383,-0.0025202460729344,-0.381,0.757,1.133,0.998,-0.06,-0.036,0.0,-0.39355300472431676,0.6816541800856928,0.8221064080923564
51,1782949957.8859622,0.059291688154949146,0.014867980684386762,0.23946359392673555,-0.0021989804906622627,-0.381,0.758,1.134,0.998,-0.059,-0.036,0.0,-0.39355300472431676,0.6816541800856928,0.8221064080923564
53,1782949957.9060469,0.04600533206001555,0.010014726381330948,0.2382763787621484,-0.0021819622673363856,-0.382,0.76,1.135,0.998,-0.059,-0.035,0.0,-0.39355300472431676,0.6816541800856928,0.8221064080923564
53,1782949957.9264388,-0.05268205032244858,-0.02499088262358183,0.24956674353907596,-0.002136995972396102,-0.382,0.761,1.136,0.998,-0.058,-0.035,0.0,-0.39355300472431676,0.6816541800856928,0.8271064080923564
55,1782949957.9457757,-0.11261616829367799,-0.038687496256542483,0.25486479072398,-0.002138132995370469,-0.383,0.762,1.137,0.998,-0.057,-0.035,0.0,-0.39355300472431676,0.6816541800856928,0.8271064080923564
55,1782949957.9645681,-0.09257814439090008,-0.028224559365808685,0.2530622138139609,-0.001877188039040935,-0.383,0.764,1.138,0.998,-0.057,-0.035,0.0,-0.39355300472431676,0.6816541800856928,0.8271064080923564
57,1782949957.9834156,-0.09992634106170653,-0.02653010209825839,0.25298772452075535,-0.0018744947493485075,-0.384,0.764,1.138,0.998,-0.056,-0.035,0.0,-0.39355300472431676,0.6816541800856928,0.8271064080923564
58,1782949958.006936,-0.10320233639681059,-0.03444222515062889,0.2531822560698856,-0.0019080381555200965,-0.384,0.766,1.139,0.998,-0.055,-0.034,0.0,-0.39355300472431676,0.6816541800856928,0.8271064080923564
58,1782949958.02179,-0.12164488979464898,-0.044146253355874576,0.25569959841794093,-0.0019902064331414147,-0.385,0.768,1.14,0.998,-0.055,-0.034,0.0,-0.39355300472431676,0.6816541800856928,0.8271064080923564
60,1782949958.0384393,-0.13103000086524869,-0.04249195594139473,0.257090089649168,-0.000982407380260068,-0.385,0.769,1.142,0.998,-0.055,-0.035,0.001,-0.39355300472431676,0.6816541800856928,0.8271064080923564
61,1782949958.0593495,-0.11683328218380103,-0.03855598847441987,0.2556467615734609,-0.0002982380046484263,-0.386,0.77,1.143,0.998,-0.055,-0.035,0.001,-0.39355300472431676,0.6816541800856928,0.8271064080923564
62,1782949958.0805125,-0.08638625679059778,-0.03191952730783043,0.25211147617683155,0.00021462060721006847,-0.386,0.771,1.144,0.998,-0.056,-0.035,0.001,-0.39355300472431676,0.6816541800856928,0.8271064080923564
63,1782949958.0992672,-0.08760662283407217,-0.03251952640302234,0.25210494113729764,0.0005086325124710962,-0.386,0.771,1.144,0.998,-0.056,-0.035,0.001,-0.39355300472431676,0.6816541800856928,0.8321064080923564
64,1782949958.1199393,-0.013689309922042425,-0.018934565470917587,0.24242165020524137,0.0009239074489061901,-0.386,0.772,1.145,0.998,-0.057,-0.035,0.001,-0.39355300472431676,0.6816541800856928,0.8321064080923564
65,1782949958.138043,-0.09257868506784554,-0.040859942651262984,0.24951341038725647,0.0010097999628250417,-0.386,0.772,1.146,0.998,-0.057,-0.035,0.001,-0.39355300472431676,0.6816541800856928,0.8321064080923564
65,1782949958.1596284,-0.0954556571964049,-0.039871258194737115,0.25069422453985274,0.0009611857196201992,-0.386,0.772,1.147,0.998,-0.058,-0.036,0.001,-0.39355300472431676,0.6816541800856928,0.8321064080923564
67,1782949958.1788518,-0.10628069037342328,-0.04620070745707086,0.25397271339725724,-0.0002400075030352493,-0.386,0.772,1.148,0.998,-0.059,-0.036,0.0,-0.39355300472431676,0.6816541800856928,0.8321064080923564
68,1782949958.2003634,-0.06351005275638556,-0.049240968131334426,0.2425161164970513,-0.0010218664164638948,-0.386,0.772,1.149,0.998,-0.059,-0.036,0.0,-0.39355300472431676,0.6816541800856928,0.8321064080923564
69,1782949958.22347,-0.10786429753180843,-0.05519331521676195,0.24920237845210927,-0.0013163618533549998,-0.386,0.772,1.15,0.998,-0.06,-0.036,0.0,-0.39355300472431676,0.6816541800856928,0.8321064080923564
70,1782949958.2420228,-0.10630641581603364,-0.05875283960153818,0.2503938210421732,-0.0015775019088719129,-0.386,0.772,1.151,0.997,-0.061,-0.036,0.0,-0.39355300472431676,0.6816541800856928,0.8321064080923564
71,1782949958.2594926,-0.1108069462101548,-0.051528659531968266,0.2535684720854745,-0.0016358285214934298,-0.386,0.772,1.152,0.997,-0.062,-0.037,0.0,-0.39355300472431676,0.6816541800856928,0.8321064080923564
72,1782949958.2788723,-0.11435041327568825,-0.06180267022202989,0.25221027435928794,-0.0017903150119395078,-0.385,0.771,1.154,0.997,-0.063,-0.037,0.0,-0.39355300472431676,0.6816541800856928,0.8371064080923564
73,1782949958.2995083,-0.1197775056120298,-0.06467017665525789,0.25183933776136447,-0.001813990245080568,-0.385,0.771,1.155,0.997,-0.063,-0.037,0.0,-0.39355300472431676,0.6816541800856928,0.8371064080923564
74,1782949958.320479,-0.11293584634025292,-0.05085899092614858,0.2543606631157834,-0.0017648540824095808,-0.385,0.771,1.156,0.997,-0.064,-0.038,0.0,-0.39355300472431676,0.6816541800856928,0.8371064080923564
75,1782949958.343997,-0.11839539991049736,-0.0633843155655123,0.251990975959836,-0.0018469758018468485,-0.384,0.77,1.157,0.997,-0.065,-0.038,0.0,-0.39355300472431676,0.6816541800856928,0.8371064080923564
76,1782949958.364383,-0.14868917513364002,-0.09575357402446902,0.24340953143353136,-0.001954394736804139,-0.384,0.77,1.157,0.997,-0.065,-0.038,0.0,-0.39355300472431676,0.6816541800856928,0.8371064080923564
77,1782949958.3863451,-0.12053389991852077,-0.06407998491978098,0.2497753364055077,-0.0017617859413935166,-0.383,0.769,1.158,0.997,-0.066,-0.039,0.0,-0.39355300472431676,0.6816541800856928,0.8371064080923564
77,1782949958.403592,-0.11934775088060832,-0.06796095548442578,0.25069940377562683,-0.0017043200212159629,-0.383,0.769,1.159,0.997,-0.067,-0.039,0.0,-0.39355300472431676,0.6816541800856928,0.8371064080923564
79,1782949958.4340014,-0.12197645397805637,-0.07273363706726098,0.2508716027320379,-0.0016281598453814132,-0.382,0.767,1.161,0.997,-0.068,-0.039,0.0,-0.39355300472431676,0.6816541800856928,0.8371064080923564
79,1782949958.465812,-0.12394723568179053,-0.07000650146043234,0.25089079834996864,-0.0015756205619893904,-0.381,0.766,1.163,0.997,-0.069,-0.04,0.0,-0.39355300472431676,0.6816541800856928,0.8371064080923564
82,1782949958.494038,-0.12362974879186409,-0.07131080538510445,0.2510658335384731,-0.0015306845815313886,-0.38,0.764,1.165,0.997,-0.071,-0.041,0.0,-0.39355300472431676,0.6816541800856928,0.8371064080923564
82,1782949958.508771,-0.08838020984340211,-0.045878034413526905,0.2555029295355959,-0.0014541813045970216,-0.379,0.762,1.166,0.997,-0.072,-0.041,0.0,-0.39355300472431676,0.6816541800856928,0.8421064080923564
84,1782949958.5244446,-0.1001703975001579,-0.0518541930928903,0.25504850950178326,-0.0014643842002206818,-0.378,0.761,1.168,0.996,-0.073,-0.042,0.0,-0.39355300472431676,0.6816541800856928,0.8421064080923564
85,1782949958.5456917,-0.09594307888261225,-0.04630817240282198,0.2549963160918212,-0.0014897552450669237,-0.377,0.76,1.169,0.996,-0.074,-0.043,0.0,-0.39355300472431676,0.6816541800856928,0.8421064080923564
85,1782949958.5696278,-0.12249194110857496,-0.07321119742444407,0.2528931864831748,-0.0015555613576079615,-0.376,0.758,1.17,0.996,-0.075,-0.043,0.0,-0.39355300472431676,0.6816541800856928,0.8421064080923564
87,1782949958.595783,-0.12165449613772075,-0.07253988042811664,0.25239983370872937,-0.0016297949451162099,-0.375,0.757,1.171,0.996,-0.076,-0.044,0.0,-0.39355300472431676,0.6816541800856928,0.8421064080923564
87,1782949958.6186426,-0.08456779881872908,-0.053636380552621384,0.2542119154914618,-0.0015342615471107303,-0.374,0.754,1.173,0.996,-0.078,-0.044,0.0,-0.39355300472431676,0.6816541800856928,0.8421064080923564
89,1782949958.6374264,-0.1124064302958325,-0.07952008251521941,0.2521392597974895,-0.0014969852296776425,-0.372,0.752,1.175,0.996,-0.08,-0.045,0.0,-0.39355300472431676,0.6816541800856928,0.8421064080923564
89,1782949958.6563559,-0.10904198071555125,-0.07578265902438772,0.25160371111610585,-0.0015393789291926513,-0.371,0.751,1.176,0.996,-0.081,-0.046,0.0,-0.39355300472431676,0.6816541800856928,0.8421064080923564
91,1782949958.6831205,-0.11319582811605752,-0.07851024173824021,0.25242718808873293,-0.0015575199603286734,-0.37,0.749,1.177,0.996,-0.081,-0.046,0.0,-0.39355300472431676,0.6816541800856928,0.8471064080923564
91,1782949958.7054913,-0.1065422529041302,-0.07512338135438687,0.2521541575131644,-0.00047593784952158443,-0.369,0.747,1.179,0.995,-0.083,-0.047,0.001,-0.39355300472431676,0.6816541800856928,0.8471064080923564
94,1782949958.7250376,-0.10374436831055679,-0.07753471829131488,0.25185117519851996,0.00020966156228055814,-0.367,0.745,1.181,0.995,-0.084,-0.047,0.001,-0.39355300472431676,0.6816541800856928,0.8471064080923564
94,1782949958.7441773,-0.18268483528081111,-0.1508434416143903,0.24527268284186277,0.001027247614864726,-0.366,0.743,1.182,0.995,-0.085,-0.048,0.001,-0.39355300472431676,0.6816541800856928,0.8471064080923564
96,1782949958.7660956,-0.18062800722433386,-0.15537906880424773,0.2438720199602404,0.0020274786924528057,-0.365,0.741,1.184,0.995,-0.086,-0.049,0.001,-0.39355300472431676,0.6816541800856928,0.8471064080923564
96,1782949958.791892,-0.07611883914247171,-0.05187455400156743,0.2519724244185536,0.002221948606731763,-0.364,0.74,1.184,0.995,-0.087,-0.049,0.001,-0.39355300472431676,0.6816541800856928,0.8471064080923564
98,1782949958.8166485,-0.09167193957546957,-0.06577746858160541,0.25112317496525927,0.0016449646987860326,-0.363,0.738,1.186,0.995,-0.088,-0.05,0.001,-0.39355300472431676,0.6816541800856928,0.8471064080923564
98,1782949958.840989,-0.06098273661844602,-0.041113104866901784,0.25099802715864106,0.0013616149594120482,-0.361,0.735,1.188,0.995,-0.09,-0.051,0.001,-0.39355300472431676,0.6816541800856928,0.8471064080923564
100,1782949958.8657968,0.005440163462001317,0.007858113474632757,0.25395938731102813,0.0011439742875386032,-0.359,0.734,1.19,0.995,-0.091,-0.052,0.001,-0.39355300472431676,0.6816541800856928,0.8471064080923564
100,1782949958.8865523,0.027646541720888027,0.021961915772481123,0.255244552506692,0.0009797190991072825,-0.358,0.732,1.191,0.994,-0.093,-0.053,0.001,-0.39355300472431676,0.6816541800856928,0.8521064080923564
103,1782949958.9111354,0.022237501506100314,0.01789475058669944,0.25430380508824507,0.0008734465945723709,-0.357,0.73,1.193,0.994,-0.094,-0.054,0.001,-0.39355300472431676,0.6816541800856928,0.8521064080923564
103,1782949958.9316192,-0.01835310270652532,-0.01349483953148059,0.25188546463735306,0.0007755380309931901,-0.355,0.727,1.195,0.994,-0.095,-0.055,0.001,-0.39355300472431676,0.6816541800856928,0.8521064080923564
105,1782949958.954023,-0.11310334092497215,-0.10413509284252709,0.24542659654224958,0.000721328173838038,-0.354,0.726,1.196,0.994,-0.096,-0.055,0.001,-0.39355300472431676,0.6816541800856928,0.8521064080923564
105,1782949958.9808,-0.16473020302556768,-0.1475968079174456,0.24375482705407747,0.0008640500796577258,-0.352,0.724,1.198,0.994,-0.097,-0.056,0.001,-0.39355300472431676,0.6816541800856928,0.8521064080923564
107,1782949959.0054202,-0.06162621812819552,-0.06001565013965983,0.2490904185333777,0.000699915000059887,-0.35,0.722,1.2,0.994,-0.098,-0.056,0.001,-0.39355300472431676,0.6816541800856928,0.8521064080923564
109,1782949959.0282953,-0.009905225610495755,-0.022435728758357275,0.25227964587455,0.0004914241431746032,-0.349,0.72,1.202,0.994,-0.098,-0.056,0.001,-0.39355300472431676,0.6816541800856928,0.8521064080923564
109,1782949959.0491009,-0.10547870103076273,-0.11186293407709905,0.2472676743243926,0.0010513025542499281,-0.347,0.718,1.203,0.993,-0.099,-0.057,0.001,-0.39355300472431676,0.6816541800856928,0.8571064080923564
111,1782949959.0720208,-0.13864097375283566,-0.12654640163314276,0.24679262901899512,0.0011500144490950476,-0.346,0.717,1.205,0.993,-0.099,-0.057,0.001,-0.39355300472431676,0.6816541800856928,0.8571064080923564
111,1782949959.0969062,-0.038473758513385706,-0.02677300108377828,0.2518418062444442,0.0007834615775235905,-0.345,0.715,1.206,0.993,-0.1,-0.058,0.001,-0.39355300472431676,0.6816541800856928,0.8571064080923564
113,1782949959.1194806,-0.011640984440594151,-0.018148359480195025,0.25312602449683347,0.0003350846264685537,-0.344,0.714,1.207,0.993,-0.1,-0.058,0.001,-0.39355300472431676,0.6816541800856928,0.8571064080923564
113,1782949959.1405406,0.017842094582518606,0.007396837003511257,0.25364647734407475,0.0001648998486004755,-0.343,0.713,1.208,0.993,-0.101,-0.059,0.001,-0.39355300472431676,0.6816541800856928,0.8571064080923564
115,1782949959.165253,0.033211407658193914,0.019022667676083023,0.25414465698266353,8.985866083712213e-05,-0.341,0.711,1.209,0.993,-0.102,-0.06,0.001,-0.39355300472431676,0.6816541800856928,0.8571064080923564
115,1782949959.190099,-0.05089615082625554,-0.054430005536840124,0.25164264969616656,0.00038777775861375006,-0.34,0.71,1.21,0.993,-0.102,-0.06,0.001,-0.39355300472431676,0.6816541800856928,0.8571064080923564
118,1782949959.2179532,0.03125372543942384,0.011730780802340406,0.2540129815943295,0.00029208503483773944,-0.339,0.709,1.211,0.993,-0.103,-0.061,0.001,-0.39355300472431676,0.6816541800856928,0.8571064080923564
118,1782949959.2428877,0.06915253275595111,0.04363863019581283,0.25545712751572874,4.607957343696483e-05,-0.337,0.707,1.213,0.993,-0.104,-0.062,0.001,-0.39355300472431676,0.6816541800856928,0.8571064080923564
121,1782949959.277809,0.04218119033553129,0.02034912203686324,0.25590249485641126,0.0002481298298347343,-0.337,0.706,1.213,0.993,-0.104,-0.062,0.001,-0.39355300472431676,0.6816541800856928,0.8621064080923564
121,1782949959.3063965,0.0428540891738998,0.019431715271349286,0.2558797441559755,0.0003283252590910227,-0.335,0.704,1.215,0.993,-0.105,-0.063,0.001,-0.39355300472431676,0.6816541800856928,0.8621064080923564
124,1782949959.3357146,-0.04863888697003651,-0.06896733097215163,0.25395371804882444,0.0010502367860004266,-0.334,0.703,1.216,0.993,-0.105,-0.063,0.001,-0.39355300472431676,0.6816541800856928,0.8621064080923564
124,1782949959.3624003,-0.07966043960664149,-0.10194263683271462,0.25299334775520216,0.0011158235242247465,-0.332,0.702,1.217,0.993,-0.105,-0.063,0.001,-0.39355300472431676,0.6816541800856928,0.8621064080923564
127,1782949959.3852432,0.020222627243825175,-0.001467952495271263,0.2555260087218162,0.00031860352896867516,-0.331,0.7,1.218,0.993,-0.105,-0.063,0.001,-0.39355300472431676,0.6816541800856928,0.8621064080923564
127,1782949959.4111402,-0.07310443442014473,-0.09316147783457561,0.25353076275495273,0.0008266858000772026,-0.33,0.7,1.218,0.993,-0.104,-0.063,0.001,-0.39355300472431676,0.6816541800856928,0.8621064080923564
129,1782949959.4337986,0.024962826229444318,0.004922012092465747,0.2555885546024283,0.0003665729399395317,-0.329,0.699,1.219,0.993,-0.104,-0.063,0.001,-0.39355300472431676,0.6816541800856928,0.8621064080923564
129,1782949959.45934,0.06708678050683375,0.042062597274005305,0.2569558468119257,2.731485598555844e-05,-0.328,0.698,1.22,0.993,-0.104,-0.063,0.001,-0.39355300472431676,0.6816541800856928,0.8671064080923564
131,1782949959.4819982,0.055402009467867594,0.03710345349884871,0.2563843986618799,6.313367458018565e-05,-0.327,0.697,1.221,0.993,-0.104,-0.063,0.001,-0.39355300472431676,0.6816541800856928,0.8671064080923564
131,1782949959.4980936,0.05960754750966889,0.04153915735266265,0.25624409136134635,0.00010647077437476704,-0.327,0.697,1.221,0.993,-0.104,-0.063,0.001,-0.39355300472431676,0.6816541800856928,0.8671064080923564
133,1782949959.5134716,0.08105326387932354,0.05988511487079346,0.25689608804253083,4.7956741322288054e-05,-0.326,0.696,1.222,0.993,-0.104,-0.063,0.001,-0.39355300472431676,0.6816541800856928,0.8671064080923564
133,1782949959.5329206,0.08350053910962775,0.0616011528347594,0.2570167294915639,2.282351049136469e-05,-0.326,0.696,1.222,0.993,-0.104,-0.063,0.001,-0.39355300472431676,0.6816541800856928,0.8671064080923564
135,1782949959.5495372,0.08320999638660728,0.06677383504832843,0.2567784578669558,-0.00014172178735080517,-0.325,0.695,1.223,0.992,-0.104,-0.064,0.001,-0.39355300472431676,0.6816541800856928,0.8671064080923564
135,1782949959.565486,0.017418465716495884,0.0001253865681776628,0.252727643970058,0.0003279457386516615,-0.325,0.695,1.223,0.992,-0.104,-0.064,0.001,-0.39355300472431676,0.6816541800856928,0.8671064080923564
137,1782949959.5811977,0.016177356639747065,-0.0073909935089497905,0.2512378223581277,0.0005050055095919104,-0.324,0.695,1.224,0.992,-0.104,-0.064,0.001,-0.39355300472431676,0.6816541800856928,0.8671064080923564
138,1782949959.603111,0.0768077424328606,0.05634556053746861,0.25504686890718825,5.006752189943577e-05,-0.324,0.694,1.224,0.992,-0.104,-0.064,0.001,-0.39355300472431676,0.6816541800856928,0.8671064080923564
139,1782949959.6264532,0.08670605952045632,0.06348096414665369,0.256458269425605,-0.0001133236200117413,-0.323,0.694,1.225,0.993,-0.104,-0.064,0.001,-0.39355300472431676,0.6816541800856928,0.8721064080923564
139,1782949959.6461782,0.08797941393792319,0.06304944124283778,0.2565336380088983,-0.00019409512480356836,-0.323,0.694,1.226,0.993,-0.104,-0.064,0.001,-0.39355300472431676,0.6816541800856928,0.8721064080923564
141,1782949959.6624935,0.07771333527440212,0.049120345205324614,0.25513832855850516,-9.425348922566042e-05,-0.323,0.694,1.226,0.993,-0.104,-0.064,0.001,-0.39355300472431676,0.6816541800856928,0.8721064080923564
142,1782949959.680906,0.0371478886503248,-0.000445868883305639,0.25012056043407155,0.00025839429026513615,-0.322,0.693,1.227,0.993,-0.103,-0.064,0.001,-0.39355300472431676,0.6816541800856928,0.8721064080923564
143,1782949959.7020042,0.04529819038228064,-0.0066875413155440475,0.24830844413362121,0.0005573901565631126,-0.322,0.693,1.227,0.993,-0.103,-0.063,0.001,-0.39355300472431676,0.6816541800856928,0.8721064080923564
144,1782949959.723302,0.08874109861436506,0.05518893761780567,0.2538107775241638,-0.0001216711005614209,-0.322,0.694,1.228,0.993,-0.103,-0.063,0.001,-0.39355300472431676,0.6816541800856928,0.8721064080923564
145,1782949959.7386453,0.08707514508487715,0.06508783414402784,0.2549891403921554,-0.00031721353311445015,-0.322,0.694,1.228,0.993,-0.102,-0.063,0.001,-0.39355300472431676,0.6816541800856928,0.8721064080923564
146,1782949959.7599466,0.09151208343688934,0.0661094620119818,0.25483921891654193,-0.00030894256656102854,-0.321,0.694,1.229,0.993,-0.102,-0.063,0.001,-0.39355300472431676,0.6816541800856928,0.8721064080923564
147,1782949959.783173,0.08382964672319167,0.052942394039978385,0.25267876637337217,-0.00016348978041943492,-0.321,0.694,1.23,0.993,-0.101,-0.062,0.001,-0.39355300472431676,0.6816541800856928,0.8721064080923564
148,1782949959.8008628,0.08908057788604143,0.06736574549843953,0.2549720488888109,-0.00030088901734014347,-0.321,0.694,1.23,0.993,-0.101,-0.062,0.001,-0.39355300472431676,0.6816541800856928,0.8721064080923564
149,1782949959.8224938,0.08522406847590289,0.03592808748976609,0.24563089143393396,0.00010526984299385637,-0.321,0.695,1.231,0.993,-0.1,-0.062,0.001,-0.39355300472431676,0.6816541800856928,0.8721064080923564
149,1782949959.8421526,0.0876489344407768,0.06727232115785298,0.2529131396426757,-0.0002699655395314664,-0.321,0.695,1.231,0.993,-0.1,-0.062,0.001,-0.39355300472431676,0.6816541800856928,0.8771064080923564
151,1782949959.8605912,0.08485525204568509,0.06544716934060575,0.25517889602717575,-0.0002913441556719762,-0.321,0.696,1.232,0.993,-0.099,-0.061,0.001,-0.39355300472431676,0.6816541800856928,0.8771064080923564
151,1782949959.8837552,0.09226736621314334,0.06097383372733255,0.2518470304473685,-0.00018613047563850892,-0.322,0.696,1.233,0.993,-0.099,-0.061,0.001,-0.39355300472431676,0.6816541800856928,0.8771064080923564
153,1782949959.9001951,0.0922172479407451,0.06752150989419185,0.2534064080148327,-0.0002943983240599822,-0.322,0.697,1.233,0.993,-0.099,-0.061,0.001,-0.39355300472431676,0.6816541800856928,0.8771064080923564
154,1782949959.9222686,0.0903924948772016,0.06331532479232747,0.25336871276785683,-0.00025186190122155694,-0.322,0.698,1.234,0.993,-0.098,-0.06,0.001,-0.39355300472431676,0.6816541800856928,0.8771064080923564
155,1782949959.943149,0.11780468720632162,0.061449881246280286,0.24344364105784277,-3.816443111666508e-05,-0.322,0.698,1.235,0.993,-0.097,-0.06,0.001,-0.39355300472431676,0.6816541800856928,0.8771064080923564
156,1782949959.967469,0.083202310489467,0.06501980200090754,0.252321710880676,-0.00032644150164555584,-0.322,0.699,1.235,0.994,-0.097,-0.06,0.001,-0.39355300472431676,0.6816541800856928,0.8771064080923564
156,1782949959.9847865,0.13008980262131323,0.06726244423791594,0.24249232122913422,1.5830143323665804e-05,-0.323,0.7,1.236,0.994,-0.096,-0.059,0.001,-0.39355300472431676,0.6816541800856928,0.8771064080923564
158,1782949960.0051186,0.0935487151378804,0.06564281794525602,0.24820702087964996,-0.0002447094043031653,-0.323,0.701,1.237,0.994,-0.095,-0.059,0.001,-0.39355300472431676,0.6816541800856928,0.8771064080923564
158,1782949960.0240042,0.12965325217400347,0.0743038005085889,0.24317324958100847,-7.711830470584556e-05,-0.324,0.702,1.237,0.994,-0.094,-0.058,0.001,-0.39355300472431676,0.6816541800856928,0.8821064080923564
160,1782949960.0410056,0.09317219290625212,0.06696357643233146,0.24940439016681554,-0.0002075269270260811,-0.324,0.703,1.238,0.994,-0.094,-0.058,0.001,-0.39355300472431676,0.6816541800856928,0.8821064080923564
161,1782949960.0630646,0.08945148024876368,0.06469682702207386,0.2509601054343095,-0.00014264018380632598,-0.325,0.704,1.238,0.994,-0.093,-0.057,0.001,-0.39355300472431676,0.6816541800856928,0.8821064080923564
162,1782949960.0820825,0.06966401246608805,0.06028531246670773,0.2535633679369866,-0.0002577327768230543,-0.325,0.705,1.238,0.994,-0.092,-0.057,0.001,-0.39355300472431676,0.6816541800856928,0.8821064080923564
163,1782949960.103438,0.1266442805893495,0.08392430315412311,0.24729836033369607,-6.507557750832474e-05,-0.326,0.707,1.239,0.994,-0.091,-0.056,0.001,-0.39355300472431676,0.6816541800856928,0.8821064080923564
163,1782949960.1207402,0.06404372431255415,0.05772308696606025,0.2532621255208306,-0.00025502833204028353,-0.327,0.708,1.239,0.994,-0.09,-0.056,0.001,-0.39355300472431676,0.6816541800856928,0.8821064080923564
165,1782949960.1407917,0.05045291020430533,0.049735018951666335,0.25513125491630945,-0.00018244034631807748,-0.328,0.71,1.24,0.995,-0.089,-0.055,0.001,-0.39355300472431676,0.6816541800856928,0.8821064080923564
166,1782949960.1619067,0.040819995821082214,0.04150384894304092,0.2557104847750161,-0.00014424363198705178,-0.328,0.711,1.24,0.995,-0.088,-0.054,0.001,-0.39355300472431676,0.6816541800856928,0.8821064080923564
167,1782949960.1813002,0.06092064127672891,0.05896270058953547,0.2537589106925615,-0.00019331892192532606,-0.329,0.712,1.24,0.995,-0.087,-0.054,0.001,-0.39355300472431676,0.6816541800856928,0.8821064080923564
168,1782949960.2036586,0.03209199548905755,0.03999669124590806,0.25628670528471753,-0.0002135823029483774,-0.33,0.713,1.24,0.995,-0.086,-0.053,0.001,-0.39355300472431676,0.6816541800856928,0.8871064080923564
169,1782949960.2246792,0.04367938603860662,0.046129637537777275,0.25594497891339596,-0.00012526908501192302,-0.33,0.714,1.24,0.995,-0.086,-0.053,0.001,-0.39355300472431676,0.6816541800856928,0.8871064080923564
170,1782949960.2459867,0.1229227361879907,0.08895424143084532,0.25051131625242323,8.308343806033282e-05,-0.331,0.716,1.24,0.995,-0.085,-0.052,0.001,-0.39355300472431676,0.6816541800856928,0.8871064080923564
170,1782949960.2617548,0.06921497093677338,0.05843395904951851,0.2534946450812913,-9.633609265198752e-05,-0.332,0.717,1.24,0.995,-0.084,-0.052,0.001,-0.39355300472431676,0.6816541800856928,0.8871064080923564
172,1782949960.2811153,0.030562391964746125,0.04148462003537566,0.2558665072590575,-0.0001340697467309787,-0.333,0.718,1.24,0.995,-0.084,-0.052,0.001,-0.39355300472431676,0.6816541800856928,0.8871064080923564
173,1782949960.3065517,0.12106812942341283,0.1003009155175766,0.2497187218770106,0.00018551024856853506,-0.334,0.719,1.241,0.995,-0.083,-0.051,0.001,-0.39355300472431676,0.6816541800856928,0.8871064080923564
173,1782949960.3202167,0.0707821831090324,0.06117010235372647,0.2529118405356976,6.178342497720855e-05,-0.334,0.72,1.241,0.995,-0.083,-0.051,0.001,-0.39355300472431676,0.6816541800856928,0.8871064080923564
175,1782949960.3386996,0.1261490250225385,0.09767767251745613,0.24928157278638363,-3.98256348719285e-05,-0.335,0.721,1.241,0.995,-0.082,-0.05,0.001,-0.39355300472431676,0.6816541800856928,0.8871064080923564
176,1782949960.3609724,0.05826202458797064,0.05493074635880477,0.2526160718488102,-0.0001921244248740847,-0.336,0.723,1.241,0.995,-0.082,-0.05,0.001,-0.39355300472431676,0.6816541800856928,0.8871064080923564
177,1782949960.380146,0.05214881347907105,0.053797376662199387,0.2541338706765889,-0.00011539997545032987,-0.336,0.723,1.241,0.995,-0.082,-0.05,0.001,-0.39355300472431676,0.6816541800856928,0.8921064080923564
178,1782949960.4002247,0.03782148112571343,0.042500565941121636,0.25438935123501527,-8.055499894205566e-05,-0.337,0.725,1.241,0.995,-0.081,-0.049,0.001,-0.39355300472431676,0.6816541800856928,0.8921064080923564
179,1782949960.422078,0.08714827488329535,0.08407751431596899,0.2505319339796013,-0.00020928977623978188,-0.338,0.726,1.242,0.996,-0.08,-0.049,0.001,-0.39355300472431676,0.6816541800856928,0.8921064080923564
180,1782949960.4407382,0.03280681344104895,0.03913726653714979,0.25359476968982186,-0.00016149652908610564,-0.339,0.727,1.242,0.996,-0.08,-0.048,0.001,-0.39355300472431676,0.6816541800856928,0.8921064080923564
181,1782949960.4601464,-0.0023618239410117467,0.017724784124049264,0.25599626583420104,4.2661229761606974e-05,-0.339,0.727,1.242,0.996,-0.08,-0.048,0.001,-0.39355300472431676,0.6816541800856928,0.8921064080923564
182,1782949960.480314,-0.007509474502345032,0.02283611340904651,0.2557501019975116,0.00013332832324164422,-0.34,0.728,1.242,0.996,-0.079,-0.048,0.001,-0.39355300472431676,0.6816541800856928,0.8921064080923564
183,1782949960.5047872,-0.007014963662350901,0.017093891615941027,0.2556679557769601,0.00029438253945164594,-0.341,0.729,1.242,0.996,-0.079,-0.047,0.001,-0.39355300472431676,0.6816541800856928,0.8921064080923564
184,1782949960.5197573,-0.0149026064862964,0.017317294510571863,0.2555764692848042,0.0003064108560999589,-0.341,0.729,1.242,0.996,-0.078,-0.047,0.001,-0.39355300472431676,0.6816541800856928,0.8921064080923564
185,1782949960.5416434,0.008140588622833718,0.0374221451918525,0.2539237597314014,0.00040383566899785094,-0.342,0.731,1.242,0.996,-0.078,-0.047,0.001,-0.39355300472431676,0.6816541800856928,0.8921064080923564
186,1782949960.5593452,0.013831540306430298,0.03482729608896554,0.25322124097535514,0.0004975354771042871,-0.343,0.731,1.243,0.996,-0.078,-0.046,0.001,-0.39355300472431676,0.6816541800856928,0.8921064080923564
187,1782949960.584034,0.018732834149029175,0.034995829670653934,0.2537162080924991,0.0005801934872396046,-0.343,0.732,1.243,0.996,-0.078,-0.046,0.001,-0.39355300472431676,0.6816541800856928,0.8971064080923564
188,1782949960.6043577,0.012328506550491726,0.0377203787181288,0.2536341632150056,0.0004241167173931137,-0.344,0.733,1.243,0.996,-0.077,-0.046,0.001,-0.39355300472431676,0.6816541800856928,0.8971064080923564
188,1782949960.6252992,0.07900312322126002,0.09160182557621718,0.2486846106629143,0.0004609679821310855,-0.344,0.733,1.243,0.996,-0.077,-0.046,0.001,-0.39355300472431676,0.6816541800856928,0.8971064080923564
190,1782949960.643481,0.08736822084022434,0.09588609441223062,0.2472372931544659,0.0003123900033189012,-0.345,0.734,1.244,0.996,-0.077,-0.046,0.001,-0.39355300472431676,0.6816541800856928,0.8971064080923564
191,1782949960.6617327,0.021659436798848228,0.03434013131932678,0.25161550801955507,0.0002413358449043809,-0.346,0.735,1.244,0.996,-0.077,-0.045,0.001,-0.39355300472431676,0.6816541800856928,0.8971064080923564
192,1782949960.6803536,0.015915364922596216,0.03159889991699324,0.25230094563680616,0.000332185269486471,-0.346,0.736,1.244,0.996,-0.077,-0.045,0.001,-0.39355300472431676,0.6816541800856928,0.8971064080923564
193,1782949960.7028284,0.060930192068109214,0.06686172811190827,0.24699806404752356,0.0002497951057503807,-0.347,0.736,1.245,0.996,-0.077,-0.045,0.001,-0.39355300472431676,0.6816541800856928,0.8971064080923564
194,1782949960.7237995,-0.0215622446732985,-0.0023091972980219255,0.25498659982804434,0.0002618100815370627,-0.348,0.737,1.245,0.996,-0.077,-0.045,0.001,-0.39355300472431676,0.6816541800856928,0.8971064080923564
195,1782949960.740448,-0.02780309969945534,-0.002136956123254527,0.2557744894609139,0.0005193987488604496,-0.348,0.737,1.245,0.996,-0.077,-0.045,0.001,-0.39355300472431676,0.6816541800856928,0.8971064080923564
196,1782949960.7641091,-0.011832448414560208,0.00843029784941716,0.2532164151564907,0.0005584221921840219,-0.349,0.739,1.246,0.996,-0.076,-0.044,0.001,-0.39355300472431676,0.6816541800856928,0.9021064080923564
197,1782949960.785758,-0.011104680890423827,0.0021782888773494973,0.252676136610691,0.0006609942497402,-0.35,0.739,1.246,0.996,-0.076,-0.043,0.001,-0.39355300472431676,0.6816541800856928,0.9021064080923564
197,1782949960.8024392,-0.025703103530825798,-0.010306133490016385,0.2540841746913136,0.000781483694705856,-0.35,0.739,1.247,0.996,-0.076,-0.043,0.001,-0.39355300472431676,0.6816541800856928,0.9021064080923564
199,1782949960.824586,-0.011252615051225353,0.0049529744196646595,0.25213420629205646,0.0008305386999249987,-0.351,0.74,1.247,0.996,-0.076,-0.043,0.001,-0.39355300472431676,0.6816541800856928,0.9021064080923564
199,1782949960.848062,-0.01615613603935964,0.0011171288196018692,0.25143235570757216,0.0007797519313246075,-0.352,0.741,1.248,0.996,-0.075,-0.042,0.001,-0.39355300472431676,0.6816541800856928,0.9021064080923564
201,1782949960.8750963,-0.01579387821786278,0.003049590272037658,0.2511372995350283,0.0007733244729555501,-0.352,0.741,1.248,0.996,-0.075,-0.042,0.001,-0.39355300472431676,0.6816541800856928,0.9021064080923564
201,1782949960.8976786,-0.0122157932786417,0.009407027605921634,0.2504789417042714,-0.0003101827835426459,-0.353,0.742,1.249,0.996,-0.075,-0.042,0.0,-0.39355300472431676,0.6816541800856928,0.9021064080923564
203,1782949960.9248307,-0.03395284519725927,-0.012663021370386943,0.2533105468305702,-0.000949993802485633,-0.354,0.743,1.25,0.996,-0.075,-0.042,0.0,-0.39355300472431676,0.6816541800856928,0.9021064080923564
203,1782949960.9408853,-0.035794272311535064,-0.01386331580284997,0.25371883571812787,-0.00126368189262005,-0.355,0.744,1.25,0.996,-0.075,-0.042,0.0,-0.39355300472431676,0.6816541800856928,0.9021064080923564
205,1782949960.9548573,-0.015912913000098936,0.010954349904466533,0.2511564111842892,-0.0015141049460278134,-0.355,0.744,1.251,0.996,-0.075,-0.042,0.0,-0.39355300472431676,0.6816541800856928,0.9071064080923564
205,1782949960.9690785,0.02800948122243286,0.06769093995932857,0.24369089560015364,-0.001954468408775477,-0.356,0.744,1.252,0.996,-0.075,-0.042,0.0,-0.39355300472431676,0.6816541800856928,0.9071064080923564
207,1782949960.983387,-0.02488396136603701,0.007718966439321316,0.25132694376128223,-0.002102858574449618,-0.356,0.745,1.252,0.996,-0.075,-0.042,0.0,-0.39355300472431676,0.6816541800856928,0.9071064080923564
207,1782949961.0003407,0.026911485034504003,0.06700186295034397,0.2433214058954416,-0.002019637904407012,-0.357,0.745,1.253,0.996,-0.076,-0.042,0.0,-0.39355300472431676,0.6816541800856928,0.9071064080923564
209,1782949961.0261767,0.027550685656533996,0.06501608926396311,0.24176609352794604,-0.0020318387392681586,-0.357,0.746,1.254,0.996,-0.076,-0.042,0.0,-0.39355300472431676,0.6816541800856928,0.9071064080923564
209,1782949961.0522678,-0.019456469945369207,0.0021065544202347602,0.2505885931036409,-0.0019237046941529457,-0.358,0.746,1.254,0.996,-0.076,-0.042,0.0,-0.39355300472431676,0.6816541800856928,0.9071064080923564
211,1782949961.0710921,0.01269918153105699,0.052216401123885425,0.24334242950632654,-0.001744419890962555,-0.358,0.746,1.255,0.996,-0.076,-0.042,0.0,-0.39355300472431676,0.6816541800856928,0.9071064080923564
211,1782949961.0867136,-0.017923059513079664,0.012605145915022396,0.2490528061481553,-0.001742688349913975,-0.359,0.747,1.255,0.996,-0.076,-0.042,0.0,-0.39355300472431676,0.6816541800856928,0.9071064080923564
213,1782949961.1000223,-0.025525029911715593,-0.00042874685655101136,0.25017860749330095,-0.0015903232862639553,-0.359,0.747,1.256,0.996,-0.076,-0.042,0.0,-0.39355300472431676,0.6816541800856928,0.9071064080923564
214,1782949961.1195557,-0.04057605011521394,-0.030797392109987824,0.25354561138463316,-0.0014210744116134489,-0.36,0.747,1.257,0.996,-0.076,-0.041,0.0,-0.39355300472431676,0.6816541800856928,0.9071064080923564
215,1782949961.1388729,-0.040637676929085945,-0.027082695076268325,0.25284835418316026,-0.0012132024019887386,-0.36,0.747,1.257,0.996,-0.076,-0.041,0.0,-0.39355300472431676,0.6816541800856928,0.9121064080923564
216,1782949961.1609452,-0.0436976445483443,-0.03262246081289257,0.254256230667631,-0.0011602229172739133,-0.36,0.747,1.258,0.996,-0.076,-0.041,0.0,-0.39355300472431676,0.6816541800856928,0.9121064080923564
217,1782949961.1832974,-0.037448265692569566,-0.02607807527431482,0.25312615748699757,-0.001011263054130647,-0.361,0.747,1.258,0.996,-0.077,-0.041,0.0,-0.39355300472431676,0.6816541800856928,0.9121064080923564
218,1782949961.2027302,-0.03825981817031425,-0.03094430246654094,0.2543661430780157,-0.0009893333779178559,-0.361,0.747,1.258,0.996,-0.077,-0.041,0.0,-0.39355300472431676,0.6816541800856928,0.9121064080923564
219,1782949961.222674,-0.04056518261483065,-0.030855279788073918,0.2544618488100844,-0.0009468803474301634,-0.361,0.747,1.259,0.996,-0.077,-0.041,0.0,-0.39355300472431676,0.6816541800856928,0.9121064080923564
220,1782949961.2406914,-0.045014254458797365,-0.024927739645469273,0.25288683115422655,-0.0009413536126844397,-0.361,0.747,1.26,0.996,-0.077,-0.041,0.0,-0.39355300472431676,0.6816541800856928,0.9121064080923564
221,1782949961.261284,-0.048948291741845354,-0.025479566535302742,0.2525465405241444,-0.0009731426314101709,-0.361,0.747,1.26,0.996,-0.077,-0.041,0.0,-0.39355300472431676,0.6816541800856928,0.9121064080923564
222,1782949961.280175,-0.050827941671035534,-0.023792294277000255,0.25226340199220637,-0.0009889609919736969,-0.362,0.747,1.261,0.996,-0.077,-0.041,0.0,-0.39355300472431676,0.6816541800856928,0.9121064080923564
223,1782949961.3017833,-0.05550685514569641,-0.0254194504647589,0.25219312609288164,-0.0010130478179415782,-0.362,0.747,1.261,0.996,-0.077,-0.041,0.0,-0.39355300472431676,0.6816541800856928,0.9121064080923564
224,1782949961.3329675,-0.05019045579012142,-0.02673892820661862,0.2520102461069582,-0.0009730238204653198,-0.362,0.746,1.262,0.996,-0.078,-0.041,0.0,-0.39355300472431676,0.6816541800856928,0.9121064080923564
224,1782949961.3490415,-0.07068687233723074,-0.015171008327143572,0.24768391102025458,-0.0008887486098122718,-0.362,0.746,1.262,0.996,-0.078,-0.041,0.0,-0.39355300472431676,0.6816541800856928,0.9121064080923564
226,1782949961.3635194,-0.0536269143859068,-0.019446599330715266,0.2518875251476889,-0.0010605867175082085,-0.362,0.746,1.263,0.996,-0.078,-0.042,0.0,-0.39355300472431676,0.6816541800856928,0.9171064080923564
227,1782949961.3792179,-0.04057816645419847,-0.02778757938808106,0.2553217412875533,-0.0011794480690232526,-0.362,0.746,1.263,0.996,-0.078,-0.042,0.0,-0.39355300472431676,0.6816541800856928,0.9171064080923564
227,1782949961.4003243,-0.04913172247735911,-0.02714070906085305,0.2533799985909235,-0.0010562981397276947,-0.362,0.745,1.264,0.996,-0.079,-0.042,0.0,-0.39355300472431676,0.6816541800856928,0.9171064080923564
229,1782949961.422294,-0.08026790548516563,-0.028440710703122103,0.2490431757302923,-0.000969029251276298,-0.362,0.745,1.265,0.996,-0.079,-0.042,0.0,-0.39355300472431676,0.6816541800856928,0.9171064080923564
230,1782949961.447799,-0.05715776767277049,-0.03260839459984116,0.2522806440610589,-0.001084941718207083,-0.362,0.744,1.265,0.996,-0.079,-0.042,0.0,-0.39355300472431676,0.6816541800856928,0.9171064080923564
230,1782949961.4710178,-0.040152754996207234,-0.035221965273251596,0.2542254583210568,-0.0010376428011383886,-0.362,0.744,1.265,0.996,-0.08,-0.042,0.0,-0.39355300472431676,0.6816541800856928,0.9171064080923564
232,1782949961.4887054,-0.09049929074940541,-0.03888794984319782,0.24937008163211605,-0.0009109134253614639,-0.361,0.743,1.266,0.996,-0.08,-0.043,0.0,-0.39355300472431676,0.6816541800856928,0.9171064080923564
232,1782949961.5109067,-0.048583505946691675,-0.03251680002795648,0.25348660033837767,-0.0010432511523059476,-0.361,0.743,1.267,0.996,-0.08,-0.043,0.0,-0.39355300472431676,0.6816541800856928,0.9171064080923564
234,1782949961.5293636,-0.03293332774278298,-0.03188094769910745,0.2549674223273164,-0.0010104682508431863,-0.361,0.742,1.267,0.996,-0.081,-0.043,0.0,-0.39355300472431676,0.6816541800856928,0.9171064080923564
234,1782949961.5495074,-0.050701147510181364,-0.03799116873309307,0.2541038462607642,-0.0008988641907908771,-0.361,0.742,1.268,0.996,-0.081,-0.043,0.0,-0.39355300472431676,0.6816541800856928,0.9221064080923564
236,1782949961.5705996,-0.02181711751581702,-0.03267135395717834,0.25611364929058017,-0.0009137497506580485,-0.361,0.741,1.268,0.996,-0.082,-0.043,0.0,-0.39355300472431676,0.6816541800856928,0.9221064080923564
236,1782949961.5866003,-0.09857043375747232,-0.05384027664760359,0.2505206862411291,-0.0006784146533544025,-0.36,0.74,1.269,0.996,-0.082,-0.044,0.0,-0.39355300472431676,0.6816541800856928,0.9221064080923564
238,1782949961.6173885,-0.028087588131656988,-0.02809199559404095,0.2550544854500749,-0.000813479910898165,-0.36,0.74,1.27,0.996,-0.083,-0.044,0.0,-0.39355300472431676,0.6816541800856928,0.9221064080923564
238,1782949961.6378927,-0.05746082369317495,-0.039608306355737075,0.2533517142344278,0.0003053528265170465,-0.36,0.739,1.271,0.996,-0.083,-0.044,0.001,-0.39355300472431676,0.6816541800856928,0.9221064080923564
240,1782949961.6645882,-0.05917549992304412,-0.03997739251424436,0.25284091987500695,0.000979070151119561,-0.36,0.738,1.271,0.996,-0.083,-0.044,0.001,-0.39355300472431676,0.6816541800856928,0.9221064080923564
240,1782949961.6813548,-0.03222489578355123,-0.03497500290055096,0.25383902631699284,0.0013849909657572554,-0.359,0.737,1.272,0.995,-0.084,-0.044,0.001,-0.39355300472431676,0.6816541800856928,0.9221064080923564
242,1782949961.7040062,-0.10614034081959894,-0.055349813205093565,0.24732919992823685,0.0018060971631014794,-0.359,0.736,1.273,0.995,-0.084,-0.045,0.001,-0.39355300472431676,0.6816541800856928,0.9221064080923564
244,1782949961.722177,-0.05202660681656158,-0.03704695520485807,0.25131769469343035,0.0018919770152841062,-0.358,0.735,1.274,0.995,-0.085,-0.045,0.001,-0.39355300472431676,0.6816541800856928,0.9271064080923564
245,1782949961.743868,-0.10287004854085186,-0.06230746672250408,0.24652534536186205,0.0018879744803228925,-0.358,0.735,1.275,0.995,-0.085,-0.045,0.001,-0.39355300472431676,0.6816541800856928,0.9271064080923564
246,1782949961.7619114,-0.033354999855097045,-0.02299728680648426,0.25230980102149314,0.0017240023276529214,-0.358,0.734,1.276,0.995,-0.085,-0.046,0.001,-0.39355300472431676,0.6816541800856928,0.9271064080923564
247,1782949961.7881076,-0.09398573542319526,-0.058630256431442054,0.24589740538110347,0.001697356769984201,-0.357,0.734,1.277,0.995,-0.086,-0.046,0.001,-0.39355300472431676,0.6816541800856928,0.9271064080923564
247,1782949961.8055303,-0.09672238055725899,-0.0617557912864889,0.24471388074223838,0.0015304490553726489,-0.357,0.733,1.277,0.995,-0.086,-0.046,0.001,-0.39355300472431676,0.6816541800856928,0.9271064080923564
249,1782949961.82657,-0.09267422555321476,-0.061816398973577116,0.2443249818625674,0.0013052749157405983,-0.357,0.733,1.278,0.995,-0.086,-0.046,0.001,-0.39355300472431676,0.6816541800856928,0.9271064080923564
249,1782949961.8431172,-0.039060961433164856,-0.035306762277287546,0.24967520434206392,0.0011944406703844235,-0.357,0.732,1.279,0.995,-0.086,-0.046,0.001,-0.39355300472431676,0.6816541800856928,0.9271064080923564
251,1782949961.8611,-0.02523634692618139,-0.023961282002598887,0.25075895269477017,0.0011619151181369576,-0.356,0.731,1.28,0.995,-0.087,-0.047,0.001,-0.39355300472431676,0.6816541800856928,0.9271064080923564
252,1782949961.881991,-0.01616240432955946,-0.02148393281660634,0.25121829657645883,0.0012114746686187204,-0.356,0.731,1.28,0.995,-0.087,-0.047,0.001,-0.39355300472431676,0.6816541800856928,0.9271064080923564
253,1782949961.8999267,-0.0049295512112481,-0.019737378744891208,0.251420252020468,0.0013069824775187723,-0.356,0.73,1.281,0.995,-0.088,-0.047,0.001,-0.39355300472431676,0.6816541800856928,0.9271064080923564
254,1782949961.921806,-0.0015043680204942407,-0.01259295924578345,0.252399179380862,0.0012308904753786957,-0.355,0.73,1.282,0.995,-0.088,-0.048,0.001,-0.39355300472431676,0.6816541800856928,0.9321064080923565
255,1782949961.9419127,-0.033321885144178276,-0.038421612502382074,0.24840605470473592,0.0012868184235930382,-0.355,0.729,1.282,0.995,-0.089,-0.048,0.001,-0.39355300472431676,0.6816541800856928,0.9321064080923565
256,1782949961.9628215,0.019598662784032002,-0.006359690463056407,0.25407979949795956,0.0012280219163860455,-0.354,0.728,1.283,0.995,-0.089,-0.048,0.001,-0.39355300472431676,0.6816541800856928,0.9321064080923565
257,1782949961.9817283,0.004302918455623722,-0.016222529020466444,0.25308978089005046,0.0013190849604436316,-0.354,0.728,1.284,0.995,-0.089,-0.048,0.001,-0.39355300472431676,0.6816541800856928,0.9321064080923565
258,1782949962.002388,-0.04394771957709671,-0.04713435081381386,0.24882924338139129,0.0014566345993293085,-0.353,0.727,1.285,0.995,-0.09,-0.049,0.001,-0.39355300472431676,0.6816541800856928,0.9321064080923565
259,1782949962.0206122,-0.006575845525765109,-0.021578484779191928,0.2519888915006269,0.0014047363193872577,-0.353,0.727,1.286,0.995,-0.09,-0.049,0.001,-0.39355300472431676,0.6816541800856928,0.9321064080923565
260,1782949962.0427747,0.011360603596620517,-0.010408683072063923,0.25404224822228905,0.001353413082921705,-0.352,0.726,1.286,0.995,-0.09,-0.049,0.001,-0.39355300472431676,0.6816541800856928,0.9321064080923565
260,1782949962.0630352,0.02292388159897011,-0.007842979847682934,0.2543306860293616,0.0014602951256060996,-0.352,0.726,1.287,0.995,-0.091,-0.049,0.001,-0.39355300472431676,0.6816541800856928,0.9321064080923565
262,1782949962.0850856,0.021704774778624418,-0.00768593226083112,0.2544508248883269,0.001531766592627692,-0.352,0.725,1.287,0.995,-0.091,-0.049,0.001,-0.39355300472431676,0.6816541800856928,0.9321064080923565
262,1782949962.102594,0.0303797595382235,0.007293347243501391,0.2549428753968173,0.0013952492124385287,-0.352,0.725,1.288,0.995,-0.091,-0.05,0.001,-0.39355300472431676,0.6816541800856928,0.9321064080923565
263,1782949962.1195962,0.019958474608157358,0.00017250543948747754,0.25524989184548014,0.0014170863052869707,-0.351,0.724,1.289,0.995,-0.091,-0.05,0.001,-0.39355300472431676,0.6816541800856928,0.9371064080923565
265,1782949962.140256,-0.004716258654165528,-0.017430888053035234,0.25404906061605687,0.0015100836520510167,-0.35,0.723,1.29,0.995,-0.091,-0.05,0.001,-0.39355300472431676,0.6816541800856928,0.9371064080923565
266,1782949962.1606114,0.02252467898760367,0.00012054539773773132,0.2555042633423056,0.0014356662281170287,-0.35,0.723,1.29,0.995,-0.091,-0.05,0.001,-0.39355300472431676,0.6816541800856928,0.9371064080923565
267,1782949962.1779366,-0.06518647665650108,-0.06827677583109311,0.250215939925596,0.0016572459633008533,-0.349,0.722,1.291,0.995,-0.091,-0.05,0.001,-0.39355300472431676,0.6816541800856928,0.9371064080923565
268,1782949962.1993535,-0.09070093409397735,-0.08244537561815707,0.24868121653701053,0.0017968648866940342,-0.349,0.721,1.292,0.995,-0.091,-0.05,0.001,-0.39355300472431676,0.6816541800856928,0.9371064080923565
269,1782949962.217912,-0.027678492321845605,-0.03692855394720891,0.2522123687662223,0.001627231713987625,-0.348,0.721,1.292,0.995,-0.091,-0.05,0.001,-0.39355300472431676,0.6816541800856928,0.9371064080923565
270,1782949962.240509,-0.017915104762641715,-0.02985789395575149,0.2530274116719326,0.001488442928471169,-0.348,0.721,1.293,0.995,-0.091,-0.05,0.001,-0.39355300472431676,0.6816541800856928,0.9371064080923565
271,1782949962.2590504,-0.010910277682062292,-0.017640665464678903,0.25326985754995257,0.0013411648496295895,-0.347,0.72,1.293,0.995,-0.091,-0.051,0.001,-0.39355300472431676,0.6816541800856928,0.9371064080923565
272,1782949962.2813144,0.011936699865288676,-0.001628132891466929,0.2544306500689277,0.0012787473341922938,-0.347,0.72,1.294,0.995,-0.091,-0.051,0.001,-0.39355300472431676,0.6816541800856928,0.9371064080923565
272,1782949962.302085,-0.049234118982682325,-0.04743477696510874,0.2511283434920474,0.0013203861695335543,-0.347,0.719,1.294,0.995,-0.091,-0.051,0.001,-0.39355300472431676,0.6816541800856928,0.9421064080923565
274,1782949962.320162,-0.054496755414715506,-0.05331317805341166,0.2504618731340558,0.0013197881566241808,-0.346,0.719,1.295,0.995,-0.091,-0.051,0.001,-0.39355300472431676,0.6816541800856928,0.9421064080923565
275,1782949962.3396635,-0.009136168729534676,-0.010956171247180048,0.2535489018396883,0.0011204483346663346,-0.346,0.718,1.296,0.994,-0.091,-0.052,0.001,-0.39355300472431676,0.6816541800856928,0.9421064080923565
276,1782949962.360836,0.013258722263749797,0.0055559548615452155,0.25538695686147067,0.0009961538307324011,-0.345,0.718,1.296,0.994,-0.091,-0.052,0.001,-0.39355300472431676,0.6816541800856928,0.9421064080923565
277,1782949962.386807,0.026421888243226343,0.01117031100247326,0.2556588970165731,0.001013953748220027,-0.345,0.717,1.297,0.994,-0.092,-0.052,0.001,-0.39355300472431676,0.6816541800856928,0.9421064080923565
277,1782949962.4051104,0.027225671173932244,0.01156075722897379,0.25573162543431605,0.0010017566058544319,-0.345,0.717,1.297,0.994,-0.092,-0.052,0.001,-0.39355300472431676,0.6816541800856928,0.9421064080923565
279,1782949962.4276118,0.03383151173085459,0.014139776108583076,0.2561132343224418,0.000985841730209285,-0.344,0.717,1.298,0.994,-0.092,-0.052,0.001,-0.39355300472431676,0.6816541800856928,0.9421064080923565
279,1782949962.4475255,0.024990150535219694,0.013499456045585934,0.25554469638950256,0.0008755791122095885,-0.343,0.716,1.299,0.994,-0.092,-0.053,0.001,-0.39355300472431676,0.6816541800856928,0.9421064080923565
281,1782949962.4682708,0.022907769567457194,0.01131171108800855,0.2553372247940975,0.0008494523137120151,-0.343,0.716,1.299,0.994,-0.092,-0.053,0.001,-0.39355300472431676,0.6816541800856928,0.9421064080923565
281,1782949962.48803,0.019454755510019597,0.007699062024408312,0.25510272926647215,0.0008275326852287767,-0.342,0.715,1.3,0.994,-0.092,-0.053,0.001,-0.39355300472431676,0.6816541800856928,0.9421064080923565
283,1782949962.508998,0.020018848289422526,0.006015670676733732,0.25573351883044515,0.000821111085733035,-0.342,0.715,1.3,0.994,-0.092,-0.053,0.001,-0.39355300472431676,0.6816541800856928,0.9471064080923565
283,1782949962.5310626,0.002817419838896062,-0.00950724145436356,0.25442664575252927,0.0008902669300867609,-0.342,0.715,1.301,0.994,-0.092,-0.053,0.001,-0.39355300472431676,0.6816541800856928,0.9471064080923565
285,1782949962.553922,-0.0005969230885445927,-0.014822286698621491,0.25378799596104756,0.000941190053583091,-0.341,0.714,1.302,0.994,-0.092,-0.053,0.001,-0.39355300472431676,0.6816541800856928,0.9471064080923565
285,1782949962.5776286,-0.0011717335240166629,-0.01607148634864736,0.25335275653544714,0.000961971736070106,-0.341,0.714,1.302,0.994,-0.092,-0.053,0.001,-0.39355300472431676,0.6816541800856928,0.9471064080923565
287,1782949962.6001973,0.0011894527014548115,-0.015748519745901805,0.2529516411707448,0.0009688797541097028,-0.34,0.714,1.303,0.994,-0.092,-0.053,0.001,-0.39355300472431676,0.6816541800856928,0.9471064080923565
287,1782949962.6202188,-0.038825817907229616,-0.058703308185223055,0.24751521954058564,0.0011873191967743265,-0.34,0.713,1.304,0.994,-0.092,-0.053,0.001,-0.39355300472431676,0.6816541800856928,0.9471064080923565
289,1782949962.6403623,0.0017121976912702966,-0.017855627279942297,0.2508767769337586,0.0010791735362417796,-0.339,0.713,1.305,0.994,-0.092,-0.053,0.001,-0.39355300472431676,0.6816541800856928,0.9471064080923565
289,1782949962.6591039,-0.025004226147065253,-0.05080701015295388,0.24621213599226313,0.00118653453744195,-0.339,0.713,1.305,0.994,-0.092,-0.053,0.001,-0.39355300472431676,0.6816541800856928,0.9471064080923565
291,1782949962.6794164,0.011595956061285141,-0.010843865944244302,0.25024028499647344,0.0010771626819364125,-0.339,0.713,1.306,0.994,-0.092,-0.053,0.001,-0.39355300472431676,0.6816541800856928,0.9471064080923565
291,1782949962.6995237,0.021616511023161138,0.009648402732822959,0.2535728687645169,0.0008382471257247855,-0.339,0.712,1.307,0.994,-0.091,-0.053,0.001,-0.39355300472431676,0.6816541800856928,0.9521064080923565
293,1782949962.718878,0.0031648953438279774,-0.014602610334724816,0.24709674951564026,0.0009590754837043205,-0.338,0.712,1.308,0.994,-0.091,-0.053,0.001,-0.39355300472431676,0.6816541800856928,0.9521064080923565
293,1782949962.7415187,0.03893012253783565,0.02069121882794241,0.2536175133165858,0.0008346858753631843,-0.338,0.712,1.309,0.994,-0.092,-0.053,0.001,-0.39355300472431676,0.6816541800856928,0.9521064080923565
295,1782949962.7616017,0.03966453325511132,0.017670841860311218,0.25244733992910784,0.000843487457130139,-0.338,0.712,1.309,0.994,-0.092,-0.053,0.001,-0.39355300472431676,0.6816541800856928,0.9521064080923565
295,1782949962.781306,0.04274184139862207,0.02198213541950779,0.2537761708570122,0.0007913031302804164,-0.338,0.712,1.31,0.994,-0.092,-0.053,0.001,-0.39355300472431676,0.6816541800856928,0.9521064080923565
297,1782949962.8026125,0.04468990468563842,0.022624360284373556,0.25416555394288615,0.0007708675226272132,-0.337,0.712,1.31,0.994,-0.092,-0.053,0.001,-0.39355300472431676,0.6816541800856928,0.9521064080923565
297,1782949962.830087,0.045065878053981,0.02569485256488937,0.2524266269381993,0.0006737203247606788,-0.337,0.712,1.311,0.994,-0.092,-0.054,0.001,-0.39355300472431676,0.6816541800856928,0.9521064080923565
300,1782949962.8580668,0.03866491973605221,0.023708217769093355,0.2517791529825238,0.0005602847686313539,-0.337,0.713,1.312,0.994,-0.091,-0.054,0.001,-0.39355300472431676,0.6816541800856928,0.9521064080923565
300,1782949962.8867629,0.03844165235555736,0.007079937310016358,0.24699402273513787,0.0006452948249880352,-0.337,0.713,1.313,0.994,-0.091,-0.054,0.001,-0.39355300472431676,0.6816541800856928,0.9571064080923565
303,1782949962.9172406,0.03930266980993438,0.020235895016003376,0.2509116625541515,0.000526857917160063,-0.337,0.713,1.314,0.994,-0.091,-0.054,0.001,-0.39355300472431676,0.6816541800856928,0.9571064080923565
303,1782949962.9341478,0.0415200666250414,0.021929536552849724,0.25415938611441485,0.0006245237051962808,-0.337,0.714,1.315,0.994,-0.091,-0.053,0.001,-0.39355300472431676,0.6816541800856928,0.9571064080923565
305,1782949962.9501932,0.036136252241795445,0.014573815026765049,0.2523036287023979,0.0006067699092715032,-0.337,0.714,1.315,0.994,-0.09,-0.053,0.001,-0.39355300472431676,0.6816541800856928,0.9571064080923565
305,1782949962.9648788,0.04004399660441176,0.0005858526834924896,0.24695561924698398,0.000707859168152841,-0.337,0.714,1.316,0.995,-0.09,-0.053,0.001,-0.39355300472431676,0.6816541800856928,0.9571064080923565
307,1782949962.9808633,0.04290816995313406,0.0016047141488410126,0.24608220392936814,0.0007375688201300256,-0.337,0.714,1.316,0.995,-0.09,-0.053,0.001,-0.39355300472431676,0.6816541800856928,0.9571064080923565
308,1782949963.000554,0.041921723828655486,0.017836288062440444,0.25073230862969953,0.0006307968706923586,-0.337,0.715,1.317,0.995,-0.09,-0.053,0.001,-0.39355300472431676,0.6816541800856928,0.9571064080923565
309,1782949963.0196884,0.0436388332322542,0.013545668317985076,0.24775959106253775,0.000567491895034882,-0.337,0.715,1.318,0.995,-0.089,-0.053,0.001,-0.39355300472431676,0.6816541800856928,0.9621064080923565
310,1782949963.0430944,0.03844748617080076,0.023776336091249763,0.2520546329534329,0.0004747491398424975,-0.337,0.716,1.318,0.995,-0.089,-0.053,0.001,-0.39355300472431676,0.6816541800856928,0.9621064080923565
311,1782949963.0608997,0.038773721473408546,0.0262325436727355,0.25297156599022297,0.00043252075366486997,-0.337,0.716,1.318,0.995,-0.089,-0.053,0.001,-0.39355300472431676,0.6816541800856928,0.9621064080923565
312,1782949963.0831258,0.039744306218420095,0.02831376863629373,0.2533691348765064,0.00039527708595373277,-0.337,0.716,1.319,0.995,-0.089,-0.053,0.001,-0.39355300472431676,0.6816541800856928,0.9621064080923565
313,1782949963.1042747,0.03125102326769188,0.020461980149972976,0.2535969217501894,0.00043920709089405243,-0.337,0.716,1.319,0.995,-0.088,-0.052,0.001,-0.39355300472431676,0.6816541800856928,0.9621064080923565
314,1782949963.125663,0.04288531839919879,0.01782745456241896,0.25001759793992123,0.0004952067132519471,-0.337,0.717,1.319,0.995,-0.088,-0.052,0.001,-0.39355300472431676,0.6816541800856928,0.9621064080923565
314,1782949963.1445765,0.025883427665032325,0.022463212950567323,0.25532134416557095,0.00048306111780043685,-0.337,0.717,1.32,0.995,-0.088,-0.052,0.001,-0.39355300472431676,0.6816541800856928,0.9621064080923565
316,1782949963.1773093,0.03539684903795178,0.018399744898009027,0.250603223318528,0.0004907210087526707,-0.337,0.718,1.32,0.995,-0.087,-0.052,0.001,-0.39355300472431676,0.6816541800856928,0.9621064080923565
316,1782949963.2035565,0.02192023765139899,0.021373748821968838,0.2542708229757332,0.00046113439173915043,-0.337,0.718,1.321,0.995,-0.087,-0.052,0.001,-0.39355300472431676,0.6816541800856928,0.9621064080923565
319,1782949963.2281628,0.025286553979855592,0.021614757965020024,0.2538316037809521,0.0004824344683002174,-0.337,0.718,1.321,0.995,-0.087,-0.052,0.001,-0.39355300472431676,0.6816541800856928,0.9621064080923565
319,1782949963.2549162,0.017596089043520988,0.025080760806148423,0.25573235768894487,0.00035622960327710634,-0.338,0.719,1.321,0.995,-0.086,-0.052,0.001,-0.39355300472431676,0.6816541800856928,0.9671064080923565
321,1782949963.2775354,0.04007135025223792,0.01924547695146289,0.25156398758380394,0.0005624443660569632,-0.338,0.72,1.322,0.995,-0.086,-0.051,0.001,-0.39355300472431676,0.6816541800856928,0.9671064080923565
321,1782949963.2923102,0.02638501283820137,0.0180036774413767,0.25397302277402223,0.0005346674386456631,-0.338,0.72,1.322,0.995,-0.086,-0.051,0.001,-0.39355300472431676,0.6816541800856928,0.9671064080923565
323,1782949963.3069952,0.02560644544719621,0.017450795562651656,0.25434422243124394,0.0005537271863884967,-0.338,0.72,1.322,0.995,-0.086,-0.051,0.001,-0.39355300472431676,0.6816541800856928,0.9671064080923565
323,1782949963.324721,0.04262249205991342,0.018798998426089918,0.2507551361132221,0.0005973291306118834,-0.338,0.721,1.323,0.995,-0.086,-0.051,0.001,-0.39355300472431676,0.6816541800856928,0.9671064080923565
325,1782949963.339039,0.012159979580716206,0.016991959298358707,0.2552256635933978,0.00043728976261992776,-0.338,0.721,1.323,0.995,-0.085,-0.051,0.001,-0.39355300472431676,0.6816541800856928,0.9671064080923565
326,1782949963.3591332,0.0305628165142435,0.02033759066488051,0.25082431200651295,0.00041568668009937045,-0.338,0.721,1.323,0.995,-0.085,-0.051,0.001,-0.39355300472431676,0.6816541800856928,0.9671064080923565
327,1782949963.3865864,0.03183729787992951,0.022000122919444247,0.2497689985165909,0.0003345072688716153,-0.338,0.722,1.324,0.995,-0.085,-0.051,0.001,-0.39355300472431676,0.6816541800856928,0.9671064080923565
327,1782949963.4013782,0.012005666694946415,0.019372868302989576,0.2541321963729391,0.00030903535820742676,-0.339,0.722,1.324,0.995,-0.085,-0.051,0.001,-0.39355300472431676,0.6816541800856928,0.9671064080923565
329,1782949963.4200454,0.01639740155365285,0.01356329287210713,0.25463529848139643,0.000466162527731101,-0.339,0.722,1.324,0.995,-0.085,-0.05,0.001,-0.39355300472431676,0.6816541800856928,0.9721064080923565
329,1782949963.440917,0.007930742410476727,0.01404367241073478,0.25462431740534475,0.00042588242027981473,-0.339,0.723,1.325,0.995,-0.084,-0.05,0.001,-0.39355300472431676,0.6816541800856928,0.9721064080923565
331,1782949963.4600422,0.020143477194142227,0.01954134659140544,0.2511177780438331,0.0003863429947838551,-0.339,0.723,1.325,0.995,-0.084,-0.05,0.001,-0.39355300472431676,0.6816541800856928,0.9721064080923565
332,1782949963.4801562,0.0036987680705948232,0.014198644141250287,0.25500454942434625,0.0003764331502842344,-0.339,0.723,1.325,0.995,-0.084,-0.05,0.001,-0.39355300472431676,0.6816541800856928,0.9721064080923565
333,1782949963.498655,0.021708893261766327,0.021595766399827084,0.2506416779242228,0.0004213356098263686,-0.339,0.724,1.326,0.995,-0.084,-0.05,0.001,-0.39355300472431676,0.6816541800856928,0.9721064080923565
334,1782949963.5232801,0.024177594843756735,0.025433463535496175,0.24969035193760647,0.00038507157818871106,-0.34,0.724,1.326,0.995,-0.084,-0.05,0.001,-0.39355300472431676,0.6816541800856928,0.9721064080923565
335,1782949963.544466,0.005974919934409073,0.016225136864784374,0.25442668364168824,0.0003761155254260648,-0.34,0.724,1.326,0.995,-0.084,-0.05,0.001,-0.39355300472431676,0.6816541800856928,0.9721064080923565
336,1782949963.5633657,0.004636182169263163,0.016475744812846874,0.255053013765302,0.00039543770012853447,-0.34,0.724,1.327,0.995,-0.084,-0.05,0.001,-0.39355300472431676,0.6816541800856928,0.9721064080923565
337,1782949963.579082,-0.005648222615429372,0.015093810930683486,0.25669076286976206,0.00031002038493575584,-0.34,0.724,1.327,0.995,-0.083,-0.05,0.001,-0.39355300472431676,0.6816541800856928,0.9771064080923565
338,1782949963.6002498,0.002224733133814296,0.011364224943674789,0.2549848305903276,0.0004182981694424913,-0.34,0.725,1.327,0.995,-0.083,-0.049,0.001,-0.39355300472431676,0.6816541800856928,0.9771064080923565
339,1782949963.6185956,0.020880102574132187,0.02228245754606141,0.25010959460710325,0.0004378124409758507,-0.341,0.725,1.328,0.995,-0.083,-0.049,0.001,-0.39355300472431676,0.6816541800856928,0.9771064080923565
340,1782949963.6371665,0.02495332444870462,0.024679384033646907,0.2487437748618368,0.00042236310835412134,-0.341,0.725,1.328,0.995,-0.083,-0.049,0.001,-0.39355300472431676,0.6816541800856928,0.9771064080923565
341,1782949963.6579237,0.009596126385873278,0.014773149714149407,0.25261150425941564,0.00043392184165141776,-0.341,0.726,1.328,0.995,-0.083,-0.049,0.001,-0.39355300472431676,0.6816541800856928,0.9771064080923565
342,1782949963.6816301,0.026435438316629725,0.025566942637334368,0.24855108946996604,0.00043752350054045505,-0.341,0.726,1.329,0.995,-0.083,-0.049,0.001,-0.39355300472431676,0.6816541800856928,0.9771064080923565
343,1782949963.7012072,0.028560975091358944,0.026407880409404703,0.24773739537207834,0.00040643757996197417,-0.341,0.726,1.329,0.995,-0.083,-0.049,0.001,-0.39355300472431676,0.6816541800856928,0.9771064080923565
344,1782949963.722179,0.027392171434835806,0.028005744218982106,0.2474062511620764,0.00037291763945129975,-0.342,0.726,1.33,0.995,-0.083,-0.049,0.001,-0.39355300472431676,0.6816541800856928,0.9771064080923565
345,1782949963.7423272,0.0037449831797380408,0.013764853424133885,0.2534650382894608,0.00038887716812004115,-0.342,0.727,1.33,0.995,-0.083,-0.049,0.001,-0.39355300472431676,0.6816541800856928,0.9771064080923565
346,1782949963.7620475,-0.002097227230765094,0.0015625808208492593,0.25531793619233667,0.00056313818791188,-0.342,0.727,1.331,0.995,-0.083,-0.048,0.001,-0.39355300472431676,0.6816541800856928,0.9771064080923565
346,1782949963.7806547,0.023818338892982325,0.015169401604625566,0.2503414691921734,-0.00046208027840752156,-0.342,0.728,1.331,0.995,-0.083,-0.048,0.0,-0.39355300472431676,0.6816541800856928,0.9821064080923565
348,1782949963.8021538,0.0025281802985643795,0.008944245279745765,0.25337493674592093,-0.001189006298027366,-0.343,0.728,1.332,0.995,-0.082,-0.048,0.0,-0.39355300472431676,0.6816541800856928,0.9821064080923565
349,1782949963.8237646,-0.00025842122577775326,0.008508624904571003,0.25393279073003744,-0.0015624954633947582,-0.343,0.728,1.332,0.995,-0.082,-0.048,0.0,-0.39355300472431676,0.6816541800856928,0.9821064080923565
350,1782949963.8435326,-0.0017616140911878846,0.009426549396360737,0.25396018088771993,-0.0018103701682707465,-0.343,0.728,1.332,0.995,-0.082,-0.048,0.0,-0.39355300472431676,0.6816541800856928,0.9821064080923565
351,1782949963.859002,-6.68449158159536e-05,0.010797998561346556,0.2536677254539701,-0.001957202696987376,-0.343,0.729,1.333,0.995,-0.082,-0.048,0.0,-0.39355300472431676,0.6816541800856928,0.9821064080923565
352,1782949963.8811762,0.0007511937188821441,0.004018958977630882,0.25354150251501634,-0.001923375978107295,-0.344,0.729,1.333,0.996,-0.082,-0.047,0.0,-0.39355300472431676,0.6816541800856928,0.9821064080923565
353,1782949963.9082472,-0.004075059233709977,-0.0008800590719654491,0.2546776901630699,-0.001890133916351367,-0.344,0.729,1.334,0.996,-0.082,-0.047,0.0,-0.39355300472431676,0.6816541800856928,0.9821064080923565
353,1782949963.9343283,0.0024369221577169578,0.004834762730408047,0.2533503693707281,-0.0018292290715472192,-0.344,0.73,1.334,0.996,-0.082,-0.047,0.0,-0.39355300472431676,0.6816541800856928,0.9821064080923565
355,1782949963.9563637,0.00230226656838331,0.005332710410036356,0.2529773627217891,-0.001803552579453739,-0.344,0.73,1.334,0.996,-0.082,-0.047,0.0,-0.39355300472431676,0.6816541800856928,0.9821064080923565
355,1782949963.9749918,-0.0035265810307442396,0.002261705791214797,0.25422826651255637,-0.001772585259567285,-0.345,0.73,1.335,0.996,-0.082,-0.047,0.0,-0.39355300472431676,0.6816541800856928,0.9821064080923565
357,1782949963.99527,0.000798561906626658,0.007012892409075043,0.25364451971471325,-0.0016980512685720968,-0.345,0.73,1.335,0.996,-0.082,-0.047,0.0,-0.39355300472431676,0.6816541800856928,0.9871064080923565
357,1782949964.0149887,0.014052947186729024,0.02197151069530525,0.24841509896741482,-0.0015939120613538088,-0.345,0.731,1.336,0.996,-0.082,-0.047,0.0,-0.39355300472431676,0.6816541800856928,0.9871064080923565
359,1782949964.030162,-0.003927589979124329,0.003663265477483753,0.2536945513637175,-0.0016075728459586662,-0.345,0.731,1.337,0.996,-0.082,-0.047,0.0,-0.39355300472431676,0.6816541800856928,0.9871064080923565
359,1782949964.0460215,0.004668929920437617,0.020403060202969548,0.24806642990832514,-0.00042270857252530683,-0.345,0.731,1.337,0.996,-0.082,-0.047,0.001,-0.39355300472431676,0.6816541800856928,0.9871064080923565
361,1782949964.0602784,-0.007867245823736938,0.002481720682794498,0.254414447976646,0.0002092092122427412,-0.346,0.731,1.337,0.996,-0.082,-0.047,0.001,-0.39355300472431676,0.6816541800856928,0.9871064080923565
361,1782949964.083508,-0.010703144696533795,0.0003302669638681789,0.2546233545380333,0.0006735205815610596,-0.346,0.731,1.338,0.996,-0.082,-0.047,0.001,-0.39355300472431676,0.6816541800856928,0.9871064080923565
361,1782949964.1074643,-0.01218937757166767,-0.0004097146401495083,0.25465970849943786,0.0009513447463027532,-0.346,0.731,1.338,0.996,-0.082,-0.047,0.001,-0.39355300472431676,0.6816541800856928,0.9871064080923565
364,1782949964.121632,-0.010422054365249667,0.00740210687555741,0.24809791148353164,0.001511867098883431,-0.346,0.731,1.339,0.996,-0.082,-0.047,0.001,-0.39355300472431676,0.6816541800856928,0.9871064080923565
365,1782949964.1396463,-0.014244903729425128,-0.0006864439636749993,0.25148078937940677,0.0014953107797684244,-0.346,0.732,1.34,0.996,-0.082,-0.047,0.001,-0.39355300472431676,0.6816541800856928,0.9871064080923565
366,1782949964.1650918,-0.014324743675759036,-0.003808507452276382,0.2545657846969756,0.001380133554149924,-0.346,0.732,1.34,0.996,-0.082,-0.047,0.001,-0.39355300472431676,0.6816541800856928,0.9921064080923565
366,1782949964.1824713,-0.017438049495504072,0.002964434437345157,0.24871542072117891,0.0014363620978083739,-0.346,0.732,1.34,0.996,-0.082,-0.047,0.001,-0.39355300472431676,0.6816541800856928,0.9921064080923565
368,1782949964.1990032,-0.015494968625113147,-0.0037877967098134922,0.25471750304902135,0.001281585678601057,-0.347,0.732,1.341,0.996,-0.082,-0.047,0.001,-0.39355300472431676,0.6816541800856928,0.9921064080923565
369,1782949964.220271,-0.019563658294447842,-0.0025303590728557365,0.2534209770516685,0.0010969414120023636,-0.347,0.732,1.342,0.996,-0.082,-0.047,0.001,-0.39355300472431676,0.6816541800856928,0.9921064080923565
370,1782949964.2501135,-0.01912745552236595,-0.0046789704865205905,0.2547098448346425,0.0009414322575580238,-0.347,0.732,1.342,0.996,-0.082,-0.047,0.001,-0.39355300472431676,0.6816541800856928,0.9921064080923565
370,1782949964.269432,-0.0234308750640244,-0.004380205186126149,0.2533436333933191,0.0008270324376469844,-0.347,0.732,1.343,0.996,-0.082,-0.047,0.001,-0.39355300472431676,0.6816541800856928,0.9921064080923565
372,1782949964.2832904,-0.021107447277976688,-0.005371920670850983,0.2545841785105246,0.0007764061301475601,-0.347,0.732,1.343,0.996,-0.082,-0.047,0.001,-0.39355300472431676,0.6816541800856928,0.9921064080923565
373,1782949964.300126,-0.02726449294341223,-0.005782095035379806,0.2531130452147135,0.0006638508955462678,-0.347,0.731,1.344,0.996,-0.082,-0.047,0.001,-0.39355300472431676,0.6816541800856928,0.9921064080923565
374,1782949964.3211923,-0.03057234917921569,-0.007786041799060476,0.2528236585662081,0.0005945836718232123,-0.347,0.731,1.344,0.996,-0.082,-0.047,0.001,-0.39355300472431676,0.6816541800856928,0.9921064080923565
375,1782949964.3408644,-0.032094855625632995,-0.007963336515843309,0.25245381872749584,0.0005483040226445681,-0.347,0.731,1.345,0.996,-0.082,-0.047,0.001,-0.39355300472431676,0.6816541800856928,0.9921064080923565
376,1782949964.3630378,-0.032247515037447536,-0.009029397668861244,0.2531375115506076,0.0005200052879940533,-0.347,0.731,1.345,0.996,-0.082,-0.047,0.001,-0.39355300472431676,0.6816541800856928,0.9971064080923565
377,1782949964.3817666,-0.04996118074670422,-0.013188797476939311,0.2483256304173671,0.00039362378882741475,-0.347,0.731,1.346,0.995,-0.082,-0.047,0.001,-0.39355300472431676,0.6816541800856928,0.9971064080923565
378,1782949964.401977,-0.027162533523782464,-0.011582717395856314,0.2519147699617721,0.0005424313979662736,-0.347,0.731,1.347,0.995,-0.083,-0.047,0.001,-0.39355300472431676,0.6816541800856928,0.9971064080923565
379,1782949964.4270616,-0.016356267647328945,-0.009724812040944974,0.25509774303756116,0.0006253291998373079,-0.347,0.731,1.347,0.995,-0.083,-0.047,0.001,-0.39355300472431676,0.6816541800856928,0.9971064080923565
379,1782949964.441979,-0.02639578037871368,-0.011704119396571342,0.25319997798136573,0.0006973721577842678,-0.347,0.73,1.348,0.995,-0.083,-0.047,0.001,-0.39355300472431676,0.6816541800856928,0.9971064080923565
381,1782949964.46143,-0.01873958718302968,-0.011480707210099266,0.2551049121908989,-0.00024743729729480844,-0.347,0.73,1.349,0.995,-0.083,-0.047,0.0,-0.39355300472431676,0.6816541800856928,0.9971064080923565
382,1782949964.4814663,-0.02707226637677444,-0.013951386937123946,0.25309630495794233,-0.0009112612225038341,-0.347,0.73,1.349,0.995,-0.083,-0.047,0.0,-0.39355300472431676,0.6816541800856928,0.9971064080923565
383,1782949964.5010781,-0.022151127696163994,-0.013054970159931073,0.25430027554489404,-0.001310707655117667,-0.347,0.73,1.349,0.995,-0.083,-0.047,0.0,-0.39355300472431676,0.6816541800856928,0.9971064080923565
384,1782949964.519468,-0.01292478859794599,-0.013787783982089538,0.25427278749490384,-0.0014182590960743926,-0.347,0.73,1.35,0.995,-0.084,-0.047,0.0,-0.39355300472431676,0.6816541800856928,0.9971064080923565
385,1782949964.5456,-0.014943930577640084,-0.013690529203520605,0.2540989138350733,-0.0014901800553496789,-0.347,0.729,1.351,0.995,-0.084,-0.047,0.0,-0.39355300472431676,0.6816541800856928,0.9971064080923565
385,1782949964.5643225,-0.015101851064490392,-0.013688525387401373,0.2540641814183697,-0.001522871267447996,-0.347,0.729,1.351,0.995,-0.084,-0.047,0.0,-0.39355300472431676,0.6816541800856928,0.9971064080923565
387,1782949964.5880444,-0.02306061321603993,-0.01647878972131625,0.2528484882700758,-0.001544582482797382,-0.347,0.729,1.352,0.995,-0.084,-0.047,0.0,-0.39355300472431676,0.6816541800856928,1.0021064080923565
387,1782949964.6084287,-0.02551706177413608,-0.016885048450663204,0.252275265290693,-0.0014957435238679526,-0.347,0.729,1.353,0.995,-0.084,-0.047,0.0,-0.39355300472431676,0.6816541800856928,1.0021064080923565
389,1782949964.6271582,-0.01994182239976381,-0.017906060101157348,0.25186519057375173,-0.0014033192418310397,-0.347,0.728,1.354,0.995,-0.085,-0.047,0.0,-0.39355300472431676,0.6816541800856928,1.0021064080923565
389,1782949964.6426814,-0.021786706045257533,-0.011124757986656143,0.25139107410786526,-0.0014790190552733213,-0.346,0.728,1.355,0.995,-0.085,-0.048,0.0,-0.39355300472431676,0.6816541800856928,1.0021064080923565
391,1782949964.6622102,-0.00447733148075409,-0.0047771036382075385,0.25469724215840717,-0.0014897951308159398,-0.346,0.728,1.355,0.995,-0.085,-0.048,0.0,-0.39355300472431676,0.6816541800856928,1.0021064080923565
392,1782949964.6818962,-0.021533698162561322,-0.009117635626741562,0.25134394074459687,-0.0014529151285080477,-0.346,0.727,1.357,0.995,-0.085,-0.048,0.0,-0.39355300472431676,0.6816541800856928,1.0021064080923565
392,1782949964.7011192,-0.051116192546892134,-0.01866626917076728,0.24433952184372204,-0.00024159138633596624,-0.346,0.727,1.357,0.995,-0.085,-0.048,0.001,-0.39355300472431676,0.6816541800856928,1.0021064080923565
394,1782949964.720189,-0.05518070780099726,-0.0218857729575632,0.24317202780780955,0.0004710784744403312,-0.346,0.727,1.359,0.995,-0.085,-0.048,0.001,-0.39355300472431676,0.6816541800856928,1.0071064080923566
395,1782949964.7392027,-0.04522272550977368,-0.02270808645414857,0.24292216993978144,0.0009143974276399082,-0.346,0.727,1.359,0.995,-0.086,-0.048,0.001,-0.39355300472431676,0.6816541800856928,1.0071064080923566
396,1782949964.7611475,-0.0163102909846532,-0.012554433681291517,0.2492922829164866,0.001044067075954493,-0.346,0.726,1.36,0.995,-0.086,-0.048,0.001,-0.39355300472431676,0.6816541800856928,1.0071064080923566
397,1782949964.7812533,-0.00892850149575829,-0.009655355699300767,0.2508864846027424,0.001130766481987261,-0.346,0.726,1.361,0.995,-0.086,-0.048,0.001,-0.39355300472431676,0.6816541800856928,1.0071064080923566
398,1782949964.7998495,-0.005325924462970396,-0.008992694916125019,0.25143830000721196,0.0011504867330563095,-0.346,0.726,1.362,0.995,-0.086,-0.048,0.001,-0.39355300472431676,0.6816541800856928,1.0071064080923566
398,1782949964.8270762,0.005107860339323735,-0.004493250073925441,0.25417794611971006,0.0011600029920250858,-0.346,0.726,1.363,0.995,-0.086,-0.048,0.001,-0.39355300472431676,0.6816541800856928,1.0071064080923566
400,1782949964.8473184,-0.01571703281599332,-0.008575897962319752,0.24743651461224944,0.0010167979933766737,-0.345,0.726,1.363,0.995,-0.086,-0.049,0.001,-0.39355300472431676,0.6816541800856928,1.0071064080923566
400,1782949964.8661356,-0.02174769280539851,-0.010363227288960894,0.24616932072513303,0.0009259588129788333,-0.345,0.725,1.364,0.995,-0.086,-0.049,0.001,-0.39355300472431676,0.6816541800856928,1.0071064080923566
402,1782949964.8846881,0.0017327989036306259,-0.001672037802059238,0.250828494784843,0.000916295319706643,-0.345,0.725,1.364,0.995,-0.087,-0.049,0.001,-0.39355300472431676,0.6816541800856928,1.0071064080923566
403,1782949964.9003594,0.00285069175132761,-0.0019728870213374747,0.2517050670178626,0.0008859937258915208,-0.345,0.725,1.365,0.995,-0.087,-0.049,0.001,-0.39355300472431676,0.6816541800856928,1.0071064080923566
404,1782949964.920791,0.0036800126097349187,-0.0021571148163827773,0.2529251780896555,0.0008984792610101753,-0.345,0.725,1.365,0.995,-0.087,-0.049,0.001,-0.39355300472431676,0.6816541800856928,1.0121064080923565
405,1782949964.9419088,0.0029242224994668296,-0.0027621925637478246,0.25324165121203523,0.0009114188379235966,-0.345,0.725,1.366,0.995,-0.087,-0.049,0.001,-0.39355300472431676,0.6816541800856928,1.0121064080923565
406,1782949964.9640934,0.0012869795951979523,-0.00361503727265112,0.25323004552033934,0.0009266537674063359,-0.345,0.725,1.367,0.995,-0.087,-0.049,0.001,-0.39355300472431676,0.6816541800856928,1.0121064080923565
407,1782949964.9873652,0.0008886785132817161,-0.004010740402705449,0.25331243798118963,0.0009400414705055544,-0.345,0.725,1.367,0.995,-0.087,-0.049,0.001,-0.39355300472431676,0.6816541800856928,1.0121064080923565
407,1782949965.011226,-0.001698505728445699,-0.005478943950172227,0.2533932444708479,0.0009559040155507852,-0.345,0.724,1.367,0.995,-0.087,-0.049,0.001,-0.39355300472431676,0.6816541800856928,1.0121064080923565
409,1782949965.0370798,-0.02675394861414078,-0.020611119006948835,0.249409829187285,-0.00012071575483814324,-0.345,0.724,1.368,0.995,-0.087,-0.049,0.0,-0.39355300472431676,0.6816541800856928,1.0121064080923565
409,1782949965.0552025,-0.0005388302707410898,-0.005478159442084428,0.25380393527689993,-0.0007602224999191893,-0.345,0.724,1.368,0.995,-0.087,-0.049,0.0,-0.39355300472431676,0.6816541800856928,1.0121064080923565
411,1782949965.0745537,0.006923556790978096,-0.002266846438606522,0.25523681313289714,-0.0011296096708852089,-0.344,0.724,1.369,0.995,-0.087,-0.049,0.0,-0.39355300472431676,0.6816541800856928,1.0121064080923565
411,1782949965.0952272,-0.0034236353175946498,-0.009116355907166227,0.2535159628588769,-0.001367687968320229,-0.344,0.724,1.37,0.995,-0.087,-0.049,0.0,-0.39355300472431676,0.6816541800856928,1.0121064080923565
413,1782949965.1105137,-0.030490679032061953,-0.024382769143770584,0.2494945785443256,-0.0014556692935639181,-0.344,0.723,1.37,0.995,-0.087,-0.049,0.0,-0.39355300472431676,0.6816541800856928,1.0121064080923565
413,1782949965.1370344,-0.009795243310389994,-0.012256923957360229,0.25326873424225105,-0.0014726109607124023,-0.344,0.723,1.37,0.995,-0.087,-0.049,0.0,-0.39355300472431676,0.6816541800856928,1.0171064080923564
415,1782949965.1554484,-0.0075322600487130915,-0.010565246085162197,0.25378109626254153,-0.0015269100130424619,-0.344,0.723,1.371,0.995,-0.087,-0.049,0.0,-0.39355300472431676,0.6816541800856928,1.0171064080923564
415,1782949965.1713088,0.001455658291004941,-0.005802230698932896,0.25503284302135654,-0.0015501515591965823,-0.344,0.723,1.372,0.995,-0.087,-0.049,0.0,-0.39355300472431676,0.6816541800856928,1.0171064080923564
417,1782949965.1870127,-0.004676322526024283,-0.008753945405799036,0.2541652247713722,-0.001491214196215024,-0.344,0.723,1.372,0.995,-0.087,-0.049,0.0,-0.39355300472431676,0.6816541800856928,1.0171064080923564
417,1782949965.2025251,0.006500792022093147,-0.0018651087414663856,0.25563524368221646,-0.00038501787354681635,-0.344,0.723,1.373,0.995,-0.087,-0.049,0.001,-0.39355300472431676,0.6816541800856928,1.0171064080923564
419,1782949965.2256591,0.0025833447764067735,-0.0043956705825463765,0.2553206405686137,0.0002953005654861221,-0.343,0.722,1.373,0.995,-0.087,-0.049,0.001,-0.39355300472431676,0.6816541800856928,1.0171064080923564
419,1782949965.2459526,0.01026367347754428,0.002571297108589556,0.2550422419499971,0.0006659210793501706,-0.343,0.722,1.374,0.995,-0.088,-0.05,0.001,-0.39355300472431676,0.6816541800856928,1.0171064080923564
421,1782949965.2652779,0.0008071999130208531,-0.0028717175187969093,0.2535400606346905,0.000893962540540621,-0.343,0.722,1.375,0.995,-0.088,-0.05,0.001,-0.39355300472431676,0.6816541800856928,1.0171064080923564
421,1782949965.2841537,-0.0017711863984935447,-0.004481722378811151,0.2530580423781638,0.0010450797538934565,-0.343,0.722,1.375,0.995,-0.088,-0.05,0.001,-0.39355300472431676,0.6816541800856928,1.0171064080923564
423,1782949965.3026447,-0.004195770356520443,-0.0054930024376194635,0.2535057363836108,0.0011324186225138996,-0.343,0.721,1.376,0.995,-0.088,-0.05,0.001,-0.39355300472431676,0.6816541800856928,1.0221064080923565
424,1782949965.3242807,-0.03590172887715591,-0.029497916681341434,0.24897421838656938,0.00118418782936289,-0.342,0.721,1.377,0.995,-0.088,-0.05,0.001,-0.39355300472431676,0.6816541800856928,1.0221064080923565
425,1782949965.3419514,-0.01110540032058182,-0.012948673931794955,0.25239267724338954,0.0011896058122675903,-0.342,0.721,1.377,0.995,-0.088,-0.05,0.001,-0.39355300472431676,0.6816541800856928,1.0221064080923565
426,1782949965.3608477,-0.007108852475152066,-0.011104027140628355,0.2528292646803289,0.0010744089490293675,-0.342,0.721,1.378,0.995,-0.088,-0.05,0.001,-0.39355300472431676,0.6816541800856928,1.0221064080923565
427,1782949965.3853455,-0.03326848148011588,-0.028688501454471202,0.24853073894332314,0.0010339155813139426,-0.342,0.72,1.379,0.995,-0.088,-0.05,0.001,-0.39355300472431676,0.6816541800856928,1.0221064080923565
427,1782949965.4010985,0.0002372468520726312,-0.0038277380815749905,0.25355380584820825,0.0010019426738439837,-0.342,0.72,1.379,0.995,-0.088,-0.05,0.001,-0.39355300472431676,0.6816541800856928,1.0221064080923565
428,1782949965.4225867,0.0071631190942495,0.00023966235490512078,0.2544575204513981,0.000926295587302499,-0.342,0.72,1.38,0.995,-0.088,-0.05,0.001,-0.39355300472431676,0.6816541800856928,1.0221064080923565
430,1782949965.4479876,0.003234002895081958,-0.004097959937409627,0.2531794899760426,0.0009234811712726728,-0.341,0.72,1.381,0.995,-0.088,-0.05,0.001,-0.39355300472431676,0.6816541800856928,1.0221064080923565
430,1782949965.4644034,-0.01414987152258509,-0.01644995086596862,0.2490035934367485,0.0008565597340030639,-0.341,0.72,1.381,0.995,-0.088,-0.05,0.001,-0.39355300472431676,0.6816541800856928,1.0221064080923565
432,1782949965.4815466,0.003312215194810718,-0.004366269415171868,0.2528207559964573,0.0008855415619415136,-0.341,0.72,1.382,0.995,-0.088,-0.05,0.001,-0.39355300472431676,0.6816541800856928,1.0271064080923566
433,1782949965.5061314,-0.01211923910690753,-0.01460903189733069,0.24958583097831447,0.000809804086728149,-0.341,0.719,1.382,0.995,-0.088,-0.05,0.001,-0.39355300472431676,0.6816541800856928,1.0271064080923566
433,1782949965.529222,0.014150906917321742,0.004334982966911715,0.2551955580683509,0.0008258502936567361,-0.341,0.719,1.383,0.995,-0.088,-0.05,0.001,-0.39355300472431676,0.6816541800856928,1.0271064080923566
435,1782949965.5479434,0.015328172664848759,0.013934215786719172,0.255875267489818,0.0006704770170618697,-0.341,0.719,1.383,0.995,-0.088,-0.051,0.001,-0.39355300472431676,0.6816541800856928,1.0271064080923566
435,1782949965.5629404,0.00901559117238699,0.008767215127088588,0.25392555501738545,0.0006582259213575533,-0.341,0.719,1.384,0.995,-0.088,-0.051,0.001,-0.39355300472431676,0.6816541800856928,1.0271064080923566
437,1782949965.5897923,0.016239905460653972,0.013263611020534043,0.25551960684598674,0.0006306090553196745,-0.34,0.719,1.384,0.995,-0.088,-0.051,0.001,-0.39355300472431676,0.6816541800856928,1.0271064080923566
437,1782949965.6110115,0.010099860769415828,0.007557410513087953,0.25355154771127164,0.0006254371162762581,-0.34,0.719,1.385,0.995,-0.088,-0.051,0.001,-0.39355300472431676,0.6816541800856928,1.0271064080923566
439,1782949965.6308215,0.01002763311216361,0.006142626087767554,0.2530131497351032,0.000641428305903319,-0.34,0.719,1.385,0.995,-0.088,-0.051,0.001,-0.39355300472431676,0.6816541800856928,1.0271064080923566
439,1782949965.65927,0.015356624566636955,0.011367024630545999,0.2548052692435887,0.0006178613160738606,-0.34,0.719,1.386,0.995,-0.088,-0.051,0.001,-0.39355300472431676,0.6816541800856928,1.0271064080923566
441,1782949965.6821318,0.011428761333189996,0.006212281737456275,0.2532134004502043,0.0006244006872977896,-0.34,0.719,1.387,0.995,-0.088,-0.051,0.001,-0.39355300472431676,0.6816541800856928,1.0321064080923565
441,1782949965.7062955,0.011539355170789878,0.0052024174407102625,0.25265817105602156,0.0006389732000239509,-0.34,0.719,1.387,0.995,-0.088,-0.051,0.001,-0.39355300472431676,0.6816541800856928,1.0321064080923565
444,1782949965.735302,0.012359981081904184,0.005086472309183897,0.2521660838207615,0.0006475520438354047,-0.34,0.719,1.388,0.995,-0.088,-0.051,0.001,-0.39355300472431676,0.6816541800856928,1.0321064080923565
444,1782949965.762578,0.0035741422511183056,-0.00820996115144078,0.2461590214630901,-0.00040249423289327887,-0.34,0.719,1.389,0.995,-0.088,-0.051,0.0,-0.39355300472431676,0.6816541800856928,1.0321064080923565
446,1782949965.7878118,0.01719484632781903,0.00833609794838164,0.25207269920839764,-0.0010931769138635026,-0.34,0.719,1.39,0.995,-0.088,-0.051,0.0,-0.39355300472431676,0.6816541800856928,1.0321064080923565
448,1782949965.8116226,0.017052645032988305,0.008174167395059289,0.25117685400750833,-0.0015063978821954946,-0.34,0.719,1.391,0.995,-0.088,-0.051,0.0,-0.39355300472431676,0.6816541800856928,1.0321064080923565
448,1782949965.8400786,0.020414801639584132,0.0031352305695671358,0.2528719125045826,-0.001620170417592427,-0.34,0.719,1.392,0.995,-0.088,-0.05,0.0,-0.39355300472431676,0.6816541800856928,1.0321064080923565
450,1782949965.862971,0.02016110645717909,0.0014703355800583014,0.25133786562757676,-0.0017068912701730355,-0.34,0.719,1.392,0.995,-0.088,-0.05,0.0,-0.39355300472431676,0.6816541800856928,1.0321064080923565
450,1782949965.8844538,0.02028058182888224,-0.003012504204039127,0.24659276116710338,-0.0016426744322028098,-0.34,0.719,1.393,0.995,-0.088,-0.05,0.0,-0.39355300472431676,0.6816541800856928,1.0371064080923564
453,1782949965.906052,0.023543070092950386,-0.0010238311821045044,0.24564384299026062,-0.0015482912026206015,-0.34,0.72,1.394,0.995,-0.088,-0.05,0.0,-0.39355300472431676,0.6816541800856928,1.0371064080923564
453,1782949965.932359,0.024654491937494225,0.004544616111096304,0.2507633585817615,-0.0015297782404516094,-0.34,0.72,1.394,0.995,-0.088,-0.05,0.0,-0.39355300472431676,0.6816541800856928,1.0371064080923564
455,1782949965.9680302,0.025855895208737635,0.005957601259024142,0.2517520426949873,-0.0014502271738741671,-0.34,0.72,1.395,0.995,-0.088,-0.05,0.0,-0.39355300472431676,0.6816541800856928,1.0371064080923564
455,1782949966.005133,0.016912629577761552,0.008093058240151971,0.25374809052158886,-0.0004852384853467123,-0.34,0.72,1.396,0.995,-0.087,-0.05,0.001,-0.39355300472431676,0.6816541800856928,1.0371064080923564
458,1782949966.033529,0.015747682714018107,0.007922166120456979,0.24873353709263712,0.0003611800089523157,-0.34,0.72,1.397,0.995,-0.087,-0.05,0.001,-0.39355300472431676,0.6816541800856928,1.0371064080923564
458,1782949966.0611768,0.017662355427285933,0.008903186648928847,0.24875816269944004,0.0008962031354293424,-0.34,0.721,1.397,0.995,-0.087,-0.05,0.001,-0.39355300472431676,0.6816541800856928,1.0421064080923566
461,1782949966.0766394,0.008245477126525996,0.009057282833750397,0.2540155883636487,0.0009233511023320978,-0.34,0.721,1.399,0.995,-0.086,-0.05,0.001,-0.39355300472431676,0.6816541800856928,1.0421064080923566
461,1782949966.0920727,0.008797039561658688,0.009386223612996398,0.2557604169982159,0.0008739133085934976,-0.34,0.721,1.399,0.995,-0.086,-0.05,0.001,-0.39355300472431676,0.6816541800856928,1.0421064080923566
463,1782949966.1054344,0.008966626155027729,0.009012098798057238,0.2561640090699248,0.0008278526449910929,-0.34,0.721,1.399,0.995,-0.086,-0.05,0.001,-0.39355300472431676,0.6816541800856928,1.0421064080923566
463,1782949966.1206465,0.009656991855257459,0.007848169068137924,0.2509356717012111,0.0008771717957976702,-0.34,0.722,1.4,0.995,-0.086,-0.05,0.001,-0.39355300472431676,0.6816541800856928,1.0421064080923566
465,1782949966.1402106,0.010705442759529967,0.007226234002466091,0.25021125353513196,0.0008794575548512468,-0.34,0.722,1.4,0.995,-0.086,-0.05,0.001,-0.39355300472431676,0.6816541800856928,1.0421064080923566
466,1782949966.1605422,0.010660387123560478,0.008105243183872558,0.25342912784066285,0.0007938768289305152,-0.34,0.722,1.4,0.995,-0.086,-0.05,0.001,-0.39355300472431676,0.6816541800856928,1.0421064080923566
467,1782949966.1856096,0.01112284033435883,0.009734720988120943,0.2539520267469576,0.0007159918013065387,-0.341,0.722,1.401,0.995,-0.086,-0.05,0.001,-0.39355300472431676,0.6816541800856928,1.0421064080923566
467,1782949966.2010455,0.013419929253730253,0.008845979345596975,0.2509989587114862,0.0006185323958256283,-0.341,0.722,1.401,0.995,-0.086,-0.05,0.001,-0.39355300472431676,0.6816541800856928,1.0421064080923566
469,1782949966.2202349,0.011318756051733422,0.011269463546515318,0.2562731509861436,0.0006678745335676041,-0.341,0.722,1.401,0.995,-0.086,-0.05,0.001,-0.39355300472431676,0.6816541800856928,1.0471064080923567
470,1782949966.2408807,0.006251298064548938,0.010800913890553833,0.2553371736259125,0.0005543731562452638,-0.341,0.723,1.402,0.995,-0.085,-0.05,0.001,-0.39355300472431676,0.6816541800856928,1.0471064080923567
471,1782949966.2608097,0.00501180121845427,0.010583861046265245,0.25514781669929115,0.0005106363737728612,-0.341,0.723,1.402,0.995,-0.085,-0.05,0.001,-0.39355300472431676,0.6816541800856928,1.0471064080923567
472,1782949966.2788322,0.003969124035004647,0.010402002068660493,0.25600996083076943,0.0004794946978072896,-0.341,0.723,1.402,0.995,-0.085,-0.05,0.001,-0.39355300472431676,0.6816541800856928,1.0471064080923567
473,1782949966.2985039,0.0049784837152252875,0.010242158985400956,0.2549411097685334,0.0004620552498022853,-0.341,0.723,1.403,0.995,-0.085,-0.05,0.001,-0.39355300472431676,0.6816541800856928,1.0471064080923567
474,1782949966.3209798,0.007034157400663399,0.007644744312990098,0.2512947862919227,0.0004000906702636201,-0.341,0.723,1.403,0.995,-0.085,-0.05,0.001,-0.39355300472431676,0.6816541800856928,1.0471064080923567
474,1782949966.3541946,0.004260949130056186,0.00977538730900711,0.25494043468788596,0.00040825843847269727,-0.341,0.723,1.403,0.995,-0.085,-0.05,0.001,-0.39355300472431676,0.6816541800856928,1.0471064080923567
476,1782949966.3789318,0.002429315871060534,0.0023936518094692574,0.25630672045846664,0.0005977951370548476,-0.341,0.723,1.404,0.995,-0.085,-0.049,0.001,-0.39355300472431676,0.6816541800856928,1.0471064080923567
476,1782949966.4039774,0.004355024251714039,0.0003173408319995727,0.254333278614068,0.0007097778485679766,-0.341,0.723,1.404,0.995,-0.085,-0.049,0.001,-0.39355300472431676,0.6816541800856928,1.0471064080923567
479,1782949966.4280977,0.008464440236461165,-4.50945931162669e-06,0.25071100324235784,0.0007797353271694605,-0.341,0.723,1.405,0.995,-0.085,-0.049,0.001,-0.39355300472431676,0.6816541800856928,1.0521064080923566
479,1782949966.4505544,0.007255412697868649,0.0019120788230022907,0.2535188461495567,0.0008069213497697227,-0.341,0.724,1.405,0.995,-0.085,-0.049,0.001,-0.39355300472431676,0.6816541800856928,1.0521064080923566
481,1782949966.4709282,0.007075164646246347,0.0022964764024780964,0.2537300909531047,0.0008275620033920638,-0.341,0.724,1.406,0.995,-0.085,-0.049,0.001,-0.39355300472431676,0.6816541800856928,1.0521064080923566
481,1782949966.4944007,0.00670081860509874,0.002437430106924633,0.2535848100773876,0.0008386766160159073,-0.341,0.724,1.406,0.995,-0.085,-0.049,0.001,-0.39355300472431676,0.6816541800856928,1.0521064080923566
483,1782949966.5204842,0.007357451594803889,0.0040583435582078956,0.2532723757468018,0.0008397807654351558,-0.341,0.724,1.407,0.995,-0.085,-0.049,0.001,-0.39355300472431676,0.6816541800856928,1.0521064080923566
483,1782949966.5446491,0.0068560664019978994,0.00450399215202695,0.25312893111608076,0.0007731960323296927,-0.341,0.724,1.407,0.995,-0.085,-0.049,0.001,-0.39355300472431676,0.6816541800856928,1.0521064080923566
486,1782949966.5709257,0.006227498615180587,0.006760807460031331,0.2527284535834457,0.0007235257749554344,-0.342,0.724,1.408,0.995,-0.085,-0.049,0.001,-0.39355300472431676,0.6816541800856928,1.0521064080923566
486,1782949966.5963316,0.004904491467376148,0.005683898699279787,0.2541814191871002,0.0007028089632447858,-0.342,0.724,1.408,0.995,-0.085,-0.049,0.001,-0.39355300472431676,0.6816541800856928,1.0521064080923566
488,1782949966.6175454,0.009602550417075664,0.010339956943585157,0.24733545301946552,0.0005991587091634743,-0.342,0.725,1.409,0.995,-0.085,-0.049,0.001,-0.39355300472431676,0.6816541800856928,1.0521064080923566
488,1782949966.6361358,0.009144277817872682,0.00836757930158007,0.25168372606275974,0.0006217758418243677,-0.342,0.725,1.41,0.995,-0.085,-0.049,0.001,-0.39355300472431676,0.6816541800856928,1.0571064080923565
490,1782949966.6519513,0.007494343866371527,0.0067569576040996115,0.2541609952467654,0.000633219982527838,-0.342,0.725,1.41,0.995,-0.085,-0.049,0.001,-0.39355300472431676,0.6816541800856928,1.0571064080923565
490,1782949966.6678462,0.008190600460258076,0.008186371061770925,0.2526352141976539,0.000629795973824205,-0.342,0.725,1.411,0.995,-0.085,-0.049,0.001,-0.39355300472431676,0.6816541800856928,1.0571064080923565
492,1782949966.685009,0.00826299448493063,0.007172632221863423,0.254124996780255,0.0006402674084255669,-0.342,0.725,1.411,0.995,-0.085,-0.049,0.001,-0.39355300472431676,0.6816541800856928,1.0571064080923565
492,1782949966.6983013,0.012468970840757397,0.011473311863490992,0.2473632588646872,-0.0005775882277230511,-0.342,0.725,1.411,0.995,-0.085,-0.049,0.0,-0.39355300472431676,0.6816541800856928,1.0571064080923565
494,1782949966.7200541,0.013828393589117244,0.01121324564860805,0.2453129123578593,-0.001277153112215617,-0.342,0.726,1.413,0.995,-0.085,-0.049,0.0,-0.39355300472431676,0.6816541800856928,1.0571064080923565
495,1782949966.7395236,0.0005783091822418596,0.008375559984235729,0.25229660968216244,-0.0016921649874054453,-0.343,0.726,1.413,0.995,-0.084,-0.049,0.0,-0.39355300472431676,0.6816541800856928,1.0571064080923565
496,1782949966.7617524,0.0004202626117955677,0.009954641207614853,0.25174018390339836,-0.0019194114354582536,-0.343,0.726,1.414,0.995,-0.084,-0.049,0.0,-0.39355300472431676,0.6816541800856928,1.0571064080923565
497,1782949966.780761,0.0012635654035286548,0.010196060818388785,0.25259135531006066,-0.0019984382050464546,-0.343,0.726,1.414,0.995,-0.084,-0.049,0.0,-0.39355300472431676,0.6816541800856928,1.0621064080923566
498,1782949966.8004873,0.0005379490444292838,0.008357166269559848,0.25441644283975406,-0.002035924623929428,-0.343,0.726,1.415,0.995,-0.084,-0.049,0.0,-0.39355300472431676,0.6816541800856928,1.0621064080923566
499,1782949966.823847,0.0022466195767238935,0.00978703201979011,0.25304257960129856,-0.0020002425633456914,-0.343,0.726,1.416,0.995,-0.084,-0.049,0.0,-0.39355300472431676,0.6816541800856928,1.0621064080923566
500,1782949966.8435438,0.006994101824136971,0.013889912769204711,0.2478462795377327,-0.0019337626978848253,-0.343,0.726,1.416,0.995,-0.084,-0.049,0.0,-0.39355300472431676,0.6816541800856928,1.0621064080923566
500,1782949966.8617806,0.004619490326536381,0.010196829400348375,0.2517524859555235,-0.0018731664892391532,-0.343,0.727,1.416,0.995,-0.084,-0.049,0.0,-0.39355300472431676,0.6816541800856928,1.0621064080923566
502,1782949966.8802147,0.002898709178615818,0.008333534518557912,0.2539940954413478,-0.0018922865820193164,-0.343,0.727,1.417,0.995,-0.084,-0.049,0.0,-0.39355300472431676,0.6816541800856928,1.0621064080923566
503,1782949966.8993104,0.003603480424584826,0.010604579874772016,0.25259747007152206,-0.0018519115815473857,-0.344,0.727,1.418,0.995,-0.084,-0.049,0.0,-0.39355300472431676,0.6816541800856928,1.0621064080923566
504,1782949966.922717,0.006045937785726152,0.005921137375523926,0.24748108875424207,-0.0015359207029271966,-0.344,0.727,1.418,0.995,-0.084,-0.048,0.0,-0.39355300472431676,0.6816541800856928,1.0621064080923566
505,1782949966.9377813,0.00026561043249186643,-0.0006924721834693833,0.2543641547817487,-0.0015716525833843462,-0.344,0.727,1.418,0.995,-0.084,-0.048,0.0,-0.39355300472431676,0.6816541800856928,1.0621064080923566
506,1782949966.9611685,-0.00023796870131789685,0.0003587262198719871,0.25419928415014875,-0.0004938144766713495,-0.344,0.727,1.419,0.995,-0.084,-0.048,0.001,-0.39355300472431676,0.6816541800856928,1.0621064080923566
507,1782949966.9819229,0.0002889210668795793,0.0009196189843049089,0.2533678009345291,0.00026279263268550097,-0.344,0.727,1.419,0.995,-0.084,-0.048,0.001,-0.39355300472431676,0.6816541800856928,1.0671064080923567
508,1782949967.0031579,-8.029918557265169e-05,0.004979938131722303,0.24817337231398479,0.000809045356666287,-0.344,0.727,1.42,0.995,-0.084,-0.048,0.001,-0.39355300472431676,0.6816541800856928,1.0671064080923567
509,1782949967.022572,-0.00042379786587498896,0.0010332207197203437,0.2534223366254488,0.0009285693662024772,-0.344,0.728,1.421,0.995,-0.084,-0.048,0.001,-0.39355300472431676,0.6816541800856928,1.0671064080923567
510,1782949967.0427704,-0.001542262630972009,0.0010833421830590082,0.25436863997636633,0.0009827500846897026,-0.344,0.728,1.421,0.995,-0.084,-0.048,0.001,-0.39355300472431676,0.6816541800856928,1.0671064080923567
511,1782949967.0598826,-0.0024523824705383274,0.0016189245061737148,0.254463972110755,0.001024841227080995,-0.345,0.728,1.422,0.995,-0.084,-0.048,0.001,-0.39355300472431676,0.6816541800856928,1.0671064080923567
511,1782949967.0854273,-0.003900006838560811,0.0019426462170577113,0.25434160245582094,0.0009788509553482387,-0.345,0.728,1.423,0.995,-0.084,-0.048,0.001,-0.39355300472431676,0.6816541800856928,1.0671064080923567
513,1782949967.1004646,-0.0029506979552838463,0.000663699314261702,0.25588743704494776,0.000966499139375208,-0.345,0.728,1.423,0.995,-0.084,-0.048,0.001,-0.39355300472431676,0.6816541800856928,1.0671064080923567
514,1782949967.1224523,-0.007158107915023278,0.000990716114027252,0.2526926207264781,0.0008663997149331121,-0.345,0.728,1.424,0.995,-0.084,-0.048,0.001,-0.39355300472431676,0.6816541800856928,1.0671064080923567
515,1782949967.1448557,-0.007856476884175068,0.0013215750017829282,0.25266582497286344,0.0008110971961179452,-0.345,0.728,1.425,0.995,-0.084,-0.048,0.001,-0.39355300472431676,0.6816541800856928,1.0721064080923566
516,1782949967.1623476,-0.0071943845133558395,8.786664282195086e-05,0.2542384093940032,0.0007855683227271016,-0.345,0.728,1.425,0.995,-0.084,-0.048,0.001,-0.39355300472431676,0.6816541800856928,1.0721064080923566
516,1782949967.1856503,-0.020990693473161737,-0.0007192354097258144,0.24724293284501433,0.0005838816682282242,-0.345,0.728,1.426,0.995,-0.084,-0.048,0.001,-0.39355300472431676,0.6816541800856928,1.0721064080923566
518,1782949967.2063918,-0.025120416904185733,-0.0023895903055250207,0.24559438027115144,0.0004771013459210713,-0.345,0.728,1.427,0.995,-0.084,-0.048,0.001,-0.39355300472431676,0.6816541800856928,1.0721064080923566
518,1782949967.2254689,-0.02810591522323906,-0.0046432272091014495,0.24505583276115606,0.00040072962588974005,-0.345,0.728,1.428,0.995,-0.084,-0.048,0.001,-0.39355300472431676,0.6816541800856928,1.0721064080923566
520,1782949967.2437956,-0.008596721436436243,-0.003342851505339469,0.25370444965646355,-0.0005287141707860956,-0.345,0.728,1.428,0.995,-0.084,-0.048,0.0,-0.39355300472431676,0.6816541800856928,1.0721064080923566
520,1782949967.2626894,-0.012753813696346754,-0.0035668252559933715,0.2523053213589775,-0.0011442421032130954,-0.345,0.728,1.429,0.995,-0.084,-0.048,0.0,-0.39355300472431676,0.6816541800856928,1.0721064080923566
522,1782949967.2837408,-0.011188979358782786,-0.00436576132042063,0.25245660706772544,-0.0014873159377651966,-0.345,0.728,1.43,0.995,-0.084,-0.048,0.0,-0.39355300472431676,0.6816541800856928,1.0721064080923566
523,1782949967.3047624,-0.011222427172544824,-0.004004647803512996,0.2525273396476775,-0.0016430019614295404,-0.345,0.728,1.431,0.995,-0.084,-0.048,0.0,-0.39355300472431676,0.6816541800856928,1.0721064080923566
523,1782949967.3216858,-0.010667160053436354,-0.003986377027598499,0.2534798869739678,-0.001733877007422992,-0.345,0.728,1.431,0.995,-0.084,-0.048,0.0,-0.39355300472431676,0.6816541800856928,1.0771064080923565
525,1782949967.3404038,0.001570668808239856,-0.0032788865712653804,0.25555031018409025,-0.0017013059898271833,-0.345,0.727,1.432,0.995,-0.085,-0.048,0.0,-0.39355300472431676,0.6816541800856928,1.0771064080923565
526,1782949967.3654332,-0.0028065903957776948,-0.004449918321731253,0.2540507889873492,-0.0016481511963157849,-0.345,0.727,1.432,0.995,-0.085,-0.048,0.0,-0.39355300472431676,0.6816541800856928,1.0771064080923565
526,1782949967.385622,-0.0038613892353748062,-0.004920252001435064,0.25350638134069764,-0.001604093501390235,-0.345,0.727,1.433,0.995,-0.085,-0.048,0.0,-0.39355300472431676,0.6816541800856928,1.0771064080923565
526,1782949967.4032829,0.000450241323857588,-0.0036244681972236285,0.25533802675238615,-0.0015741611475454365,-0.345,0.727,1.433,0.995,-0.085,-0.048,0.0,-0.39355300472431676,0.6816541800856928,1.0771064080923565
529,1782949967.423361,-8.626034983313848e-05,-0.003586178780089818,0.2554475130799231,-0.0015541315429514967,-0.345,0.727,1.434,0.995,-0.085,-0.048,0.0,-0.39355300472431676,0.6816541800856928,1.0771064080923565
530,1782949967.440453,-0.00260348085374207,-0.004170167098011449,0.2546077552447532,-0.0015367677705182398,-0.345,0.727,1.434,0.995,-0.085,-0.048,0.0,-0.39355300472431676,0.6816541800856928,1.0771064080923565
531,1782949967.4598534,-0.009947337946844843,-0.005804043417946374,0.25261710841700896,-0.0003914443555561387,-0.345,0.727,1.435,0.995,-0.085,-0.048,0.001,-0.39355300472431676,0.6816541800856928,1.0771064080923565
532,1782949967.4855375,-0.00544183989961313,-0.004786499857945482,0.25431665827695665,0.00033705091040631596,-0.345,0.727,1.436,0.995,-0.085,-0.048,0.001,-0.39355300472431676,0.6816541800856928,1.0821064080923566
532,1782949967.502778,-0.02790922230123969,-0.010131805947499538,0.24795396186802499,0.0009281776417076301,-0.345,0.727,1.436,0.995,-0.085,-0.048,0.001,-0.39355300472431676,0.6816541800856928,1.0821064080923566
534,1782949967.5235302,-0.03276337687185581,-0.011920112667773174,0.24607171354485632,0.0012573236874544517,-0.345,0.727,1.437,0.995,-0.085,-0.048,0.001,-0.39355300472431676,0.6816541800856928,1.0821064080923566
535,1782949967.5394542,-0.014462074236841399,-0.007288560364792234,0.25084886293940367,0.0013269035665704363,-0.345,0.727,1.437,0.995,-0.085,-0.048,0.001,-0.39355300472431676,0.6816541800856928,1.0821064080923566
536,1782949967.561018,-0.012454920440167872,-0.0059928677131489555,0.251762820900547,0.0012738613155935767,-0.345,0.726,1.438,0.995,-0.085,-0.048,0.001,-0.39355300472431676,0.6816541800856928,1.0821064080923566
537,1782949967.5795481,-0.023999083167100095,-0.008441802725106168,0.24675398100701196,0.001170917354403147,-0.345,0.726,1.439,0.995,-0.085,-0.048,0.001,-0.39355300472431676,0.6816541800856928,1.0821064080923566
538,1782949967.6011121,-0.002598200244081375,-0.0029770793703591605,0.25392948125363085,0.001152199967830284,-0.345,0.726,1.44,0.995,-0.085,-0.048,0.001,-0.39355300472431676,0.6816541800856928,1.0821064080923566
539,1782949967.6210828,0.008602702304460624,-0.002132354433407521,0.254614148321523,0.0011692325584816941,-0.345,0.726,1.441,0.995,-0.086,-0.048,0.001,-0.39355300472431676,0.6816541800856928,1.0821064080923566
540,1782949967.6453962,0.007495070677150134,0.006431174628224899,0.2532176055000662,0.0009720949729325945,-0.345,0.726,1.441,0.995,-0.086,-0.049,0.001,-0.39355300472431676,0.6816541800856928,1.0871064080923567
540,1782949967.6637373,0.011572900471710505,0.0077326522533451274,0.2552034162178707,0.0008936827048597364,-0.345,0.726,1.442,0.995,-0.086,-0.049,0.001,-0.39355300472431676,0.6816541800856928,1.0871064080923567
542,1782949967.6811981,0.012565050083289963,0.00821277940310934,0.25619481560933416,0.0009034999601350919,-0.345,0.726,1.443,0.995,-0.086,-0.049,0.001,-0.39355300472431676,0.6816541800856928,1.0871064080923567
543,1782949967.7010596,0.004588507720640888,0.005320806959486073,0.25287497085853217,0.0008416425435288898,-0.345,0.726,1.444,0.995,-0.086,-0.049,0.001,-0.39355300472431676,0.6816541800856928,1.0871064080923567
544,1782949967.7233295,0.0006307748261277397,0.0034375177712242,0.2519046847628154,0.0008131457756608441,-0.345,0.726,1.445,0.995,-0.086,-0.049,0.001,-0.39355300472431676,0.6816541800856928,1.0871064080923567
545,1782949967.7428508,-0.0006833352031204347,0.002859895560356143,0.2517257192698762,0.0007957767394245478,-0.345,0.726,1.445,0.995,-0.086,-0.049,0.001,-0.39355300472431676,0.6816541800856928,1.0871064080923567
546,1782949967.7652123,-0.018445574034234365,-0.0058573167389633675,0.24634317003580689,-0.0003588570723529955,-0.345,0.726,1.445,0.995,-0.086,-0.049,0.0,-0.39355300472431676,0.6816541800856928,1.0871064080923567
546,1782949967.7817533,-0.0239371918092611,-0.010185808791029177,0.24496457758229045,-0.0010517161143666085,-0.345,0.726,1.446,0.995,-0.086,-0.049,0.0,-0.39355300472431676,0.6816541800856928,1.0871064080923567
548,1782949967.8060315,-0.024914814018610624,-0.011155013886600344,0.24471559793876885,-0.0014753059835204089,-0.345,0.726,1.446,0.995,-0.086,-0.049,0.0,-0.39355300472431676,0.6816541800856928,1.0871064080923567
548,1782949967.8231728,0.004486892386232528,0.003127163807911228,0.25337441554288087,-0.001584776867423688,-0.345,0.726,1.447,0.995,-0.086,-0.049,0.0,-0.39355300472431676,0.6816541800856928,1.0871064080923567
549,1782949967.8468168,-0.002701642427235987,-0.0001503496683035021,0.2526885277009566,-0.0017508011734364446,-0.345,0.725,1.448,0.995,-0.086,-0.049,0.0,-0.39355300472431676,0.6816541800856928,1.0921064080923566
549,1782949967.869157,0.008015694610047868,0.004169172810124203,0.2554453169196812,-0.0017472463197349298,-0.345,0.725,1.449,0.995,-0.086,-0.049,0.0,-0.39355300472431676,0.6816541800856928,1.0921064080923566
552,1782949967.888243,-0.008570856475180745,-0.0041925107738788395,0.24999840510004723,-0.0017059315670005992,-0.345,0.725,1.449,0.995,-0.086,-0.049,0.0,-0.39355300472431676,0.6816541800856928,1.0921064080923566
552,1782949967.9070244,-0.010680993975453638,-0.005062740720245484,0.24912630440871242,-0.0015954861627890825,-0.345,0.725,1.45,0.995,-0.086,-0.049,0.0,-0.39355300472431676,0.6816541800856928,1.0921064080923566
554,1782949967.9250534,0.006883859582813304,0.004013822641957241,0.2545421416398678,-0.0016051096724532853,-0.345,0.725,1.45,0.995,-0.086,-0.049,0.0,-0.39355300472431676,0.6816541800856928,1.0921064080923566
555,1782949967.9432511,0.007872691425018284,0.004209091746731987,0.255480496740572,-0.0016252320651198554,-0.345,0.725,1.451,0.995,-0.086,-0.049,0.0,-0.39355300472431676,0.6816541800856928,1.0921064080923566
556,1782949967.9655926,-0.010482735268711825,-0.006624677019200165,0.2503964163491639,-0.001350014745549725,-0.345,0.725,1.451,0.995,-0.086,-0.049,0.0,-0.39355300472431676,0.6816541800856928,1.0921064080923566
556,1782949967.9847784,-0.017401536873876702,-0.010255916859564616,0.2493945989749088,-9.021910518837504e-05,-0.345,0.725,1.452,0.995,-0.086,-0.049,0.001,-0.39355300472431676,0.6816541800856928,1.0921064080923566
558,1782949968.0030887,0.0003810007578725384,0.0007685152090691656,0.2538371177774961,0.0004787403628680432,-0.345,0.725,1.452,0.995,-0.086,-0.049,0.001,-0.39355300472431676,0.6816541800856928,1.0921064080923566
559,1782949968.0271993,0.005008453866177435,0.003504098037666298,0.2560326387838697,0.0007290566124528565,-0.345,0.725,1.452,0.995,-0.086,-0.049,0.001,-0.39355300472431676,0.6816541800856928,1.0971064080923565
559,1782949968.0425823,0.0056523697127093125,0.0036017496769127424,0.25627988227534937,0.0008922041719856739,-0.345,0.725,1.453,0.995,-0.086,-0.049,0.001,-0.39355300472431676,0.6816541800856928,1.0971064080923565
561,1782949968.0637727,-0.019044179680982536,-0.01176824425806582,0.25148832618126554,0.0011480266990571096,-0.345,0.724,1.454,0.995,-0.086,-0.049,0.001,-0.39355300472431676,0.6816541800856928,1.0971064080923565
562,1782949968.078185,-0.025228530087458356,-0.01469263526724595,0.2504535255529043,0.0012667199516884279,-0.345,0.724,1.454,0.995,-0.086,-0.049,0.001,-0.39355300472431676,0.6816541800856928,1.0971064080923565
562,1782949968.0981236,-0.003163461540432108,-0.0033403529331161915,0.25440213137347156,0.001173987359384146,-0.344,0.724,1.455,0.995,-0.086,-0.049,0.001,-0.39355300472431676,0.6816541800856928,1.0971064080923565
564,1782949968.1196988,-0.02368316408435666,-0.01626270127985524,0.25065526813235095,0.0010461397370516514,-0.344,0.724,1.455,0.995,-0.086,-0.049,0.001,-0.39355300472431676,0.6816541800856928,1.0971064080923565
565,1782949968.142571,0.0050964281638946896,-0.0037283429560103186,0.2542859488509468,0.001048479541736374,-0.344,0.724,1.456,0.995,-0.087,-0.049,0.001,-0.39355300472431676,0.6816541800856928,1.0971064080923565
566,1782949968.1701362,0.008551856644453282,-0.002262850239741196,0.25501896741732305,0.00099207794287777,-0.344,0.724,1.456,0.995,-0.087,-0.049,0.001,-0.39355300472431676,0.6816541800856928,1.0971064080923565
566,1782949968.1934037,-0.010517376590246034,-0.01528171027847814,0.25057825211676904,0.0009706743572646647,-0.344,0.724,1.456,0.995,-0.087,-0.049,0.001,-0.39355300472431676,0.6816541800856928,1.0971064080923565
568,1782949968.2094102,0.009194462287641345,-0.0023620494705604046,0.25493608441850596,0.0009720173188857974,-0.344,0.724,1.457,0.995,-0.087,-0.049,0.001,-0.39355300472431676,0.6816541800856928,1.1021064080923566
568,1782949968.2236998,0.0063465670172592505,-0.004178568678764375,0.2546011025213075,0.0009681829070703426,-0.344,0.724,1.457,0.995,-0.087,-0.049,0.001,-0.39355300472431676,0.6816541800856928,1.1021064080923566
570,1782949968.2415483,-0.01203144977818979,-0.01566752134915075,0.2507624885050821,0.0009041775678819179,-0.344,0.723,1.458,0.995,-0.087,-0.049,0.001,-0.39355300472431676,0.6816541800856928,1.1021064080923566
571,1782949968.274496,0.0009132134063784235,-0.006444893852060776,0.253477327230776,0.0009539910327745841,-0.344,0.723,1.458,0.995,-0.087,-0.049,0.001,-0.39355300472431676,0.6816541800856928,1.1021064080923566
571,1782949968.2969155,0.01040776157176427,-0.0005262556659761976,0.25559777213891965,0.0009500230984064487,-0.344,0.723,1.459,0.995,-0.087,-0.049,0.001,-0.39355300472431676,0.6816541800856928,1.1021064080923566
573,1782949968.3113792,0.0031773306845904233,-0.0040921664656367145,0.25407873385847807,0.000973269239221749,-0.344,0.723,1.459,0.995,-0.087,-0.049,0.001,-0.39355300472431676,0.6816541800856928,1.1021064080923566
573,1782949968.326243,0.0025535512038331624,-0.006368385274666832,0.2536157416464735,0.0010067288884172854,-0.343,0.723,1.46,0.995,-0.087,-0.049,0.001,-0.39355300472431676,0.6816541800856928,1.1021064080923566
575,1782949968.3396065,0.0018553183436471202,-0.006816428099039568,0.2534439334876659,0.0010209023509798686,-0.343,0.723,1.46,0.995,-0.087,-0.049,0.001,-0.39355300472431676,0.6816541800856928,1.1021064080923566
576,1782949968.3605223,0.001360892899390652,-0.008032551968409633,0.25297220393177655,0.0010372030737479153,-0.343,0.723,1.461,0.995,-0.087,-0.049,0.001,-0.39355300472431676,0.6816541800856928,1.1021064080923566
577,1782949968.3908455,0.003088398100254652,-0.007616468004648366,0.25367433072791445,0.0010464620975227832,-0.343,0.723,1.461,0.995,-0.087,-0.049,0.001,-0.39355300472431676,0.6816541800856928,1.1071064080923567
577,1782949968.4095514,0.01176898232560156,-0.0013791024615991982,0.25567568665941537,0.0010889758195701544,-0.343,0.723,1.462,0.995,-0.087,-0.049,0.001,-0.39355300472431676,0.6816541800856928,1.1071064080923567
579,1782949968.4335723,0.004615061511207117,-0.0057250100655796745,0.2537509973533398,0.0010730423924590283,-0.343,0.723,1.462,0.995,-0.087,-0.049,0.001,-0.39355300472431676,0.6816541800856928,1.1071064080923567
579,1782949968.4542222,-0.010968145933509272,-0.016997052312360053,0.24822742423991231,0.0010632647583685147,-0.343,0.723,1.463,0.995,-0.087,-0.049,0.001,-0.39355300472431676,0.6816541800856928,1.1071064080923567
581,1782949968.5144827,0.0070742450689294835,-0.004648196796584682,0.253295889141573,0.0010692930725695986,-0.343,0.722,1.464,0.995,-0.087,-0.049,0.001,-0.39355300472431676,0.6816541800856928,1.1071064080923567
581,1782949968.5345113,0.011456935859581935,0.008446836002358845,0.25485503397392556,0.0008863610825901016,-0.343,0.722,1.465,0.995,-0.087,-0.05,0.001,-0.39355300472431676,0.6816541800856928,1.1071064080923567
585,1782949968.5539212,0.006365004947097049,0.005821519027177886,0.25242653019299993,0.0008345385247872909,-0.343,0.722,1.466,0.995,-0.087,-0.05,0.001,-0.39355300472431676,0.6816541800856928,1.1071064080923567
585,1782949968.572711,0.010506185795277975,0.009130701184498966,0.2536284560863995,0.0008006116037433157,-0.343,0.722,1.466,0.995,-0.087,-0.05,0.001,-0.39355300472431676,0.6816541800856928,1.1071064080923567
587,1782949968.5920696,0.008431419888735522,0.006564609021885867,0.2526130429364069,0.0007826320132522566,-0.343,0.722,1.467,0.995,-0.087,-0.05,0.001,-0.39355300472431676,0.6816541800856928,1.1121064080923566
587,1782949968.6127288,0.007377457752950677,0.00490014780066737,0.25218061636066674,0.0007771500510573073,-0.342,0.722,1.468,0.995,-0.087,-0.05,0.001,-0.39355300472431676,0.6816541800856928,1.1121064080923566
589,1782949968.6332576,0.010850113635122467,0.006060639277268449,0.2536724573995861,0.0007699130571914216,-0.342,0.722,1.469,0.995,-0.087,-0.05,0.001,-0.39355300472431676,0.6816541800856928,1.1121064080923566
589,1782949968.6552958,0.008564598976148644,0.0027496097776991534,0.25201462174793726,0.0007731133235267153,-0.342,0.722,1.469,0.995,-0.087,-0.05,0.001,-0.39355300472431676,0.6816541800856928,1.1121064080923566
591,1782949968.6835976,0.011284369323765454,0.005599034145091986,0.25335603837652976,0.0007634215033448723,-0.342,0.722,1.47,0.995,-0.087,-0.05,0.001,-0.39355300472431676,0.6816541800856928,1.1121064080923566
591,1782949968.710493,0.013216187747949193,0.004750929927317727,0.25341591909473565,-0.0003136143128722147,-0.342,0.723,1.471,0.995,-0.087,-0.05,0.0,-0.39355300472431676,0.6816541800856928,1.1121064080923566
594,1782949968.7346578,0.004113595700495619,0.004088674517252155,0.2533000866306538,-0.00106500261961509,-0.342,0.723,1.472,0.995,-0.086,-0.05,0.0,-0.39355300472431676,0.6816541800856928,1.1121064080923566
594,1782949968.7547956,0.004103003496047936,0.0039015535052960328,0.25315091362845155,-0.001480133186835986,-0.342,0.723,1.472,0.995,-0.086,-0.05,0.0,-0.39355300472431676,0.6816541800856928,1.1121064080923566
596,1782949968.774597,-0.0004055719925760695,0.0005842142648788268,0.2510303684434109,-0.0017358792337962845,-0.342,0.723,1.473,0.995,-0.086,-0.05,0.0,-0.39355300472431676,0.6816541800856928,1.1121064080923566
596,1782949968.7968683,-0.01250397540088255,-0.010775025324826774,0.24440487875424732,-0.001846844861236882,-0.342,0.723,1.474,0.995,-0.086,-0.05,0.0,-0.39355300472431676,0.6816541800856928,1.1121064080923566
598,1782949968.813309,0.005402783381074049,0.006459481906597685,0.2538990579553985,-0.001883718728402937,-0.342,0.723,1.474,0.995,-0.086,-0.05,0.0,-0.39355300472431676,0.6816541800856928,1.1171064080923565
598,1782949968.8332424,-0.010216282229147182,-0.007128115381814768,0.24568639213956786,-0.0019052052575894384,-0.342,0.723,1.475,0.995,-0.086,-0.05,0.0,-0.39355300472431676,0.6816541800856928,1.1171064080923565
600,1782949968.850625,-0.0009257025441189951,6.768998418603747e-05,0.24991763605084583,-0.0018245541232751582,-0.342,0.723,1.476,0.995,-0.086,-0.05,0.0,-0.39355300472431676,0.6816541800856928,1.1171064080923565
600,1782949968.8665857,-0.009233247036481186,-0.00805819461615101,0.2451855730465597,-0.001718309850079119,-0.342,0.723,1.476,0.995,-0.086,-0.05,0.0,-0.39355300472431676,0.6816541800856928,1.1171064080923565
602,1782949968.881826,0.0026801081224505016,-0.004476111766780467,0.2518189840187022,-0.001619723679860828,-0.342,0.723,1.477,0.995,-0.086,-0.049,0.0,-0.39355300472431676,0.6816541800856928,1.1171064080923565
603,1782949968.9053538,0.002325686838591549,-0.005190891945979527,0.2514627781172534,-0.0004864672287334022,-0.342,0.723,1.478,0.995,-0.086,-0.049,0.001,-0.39355300472431676,0.6816541800856928,1.1171064080923565
603,1782949968.9201326,-0.006385294476583153,-0.013670032435930724,0.2462886273006624,0.00043108787149864736,-0.342,0.723,1.478,0.995,-0.086,-0.049,0.001,-0.39355300472431676,0.6816541800856928,1.1171064080923565
605,1782949968.938426,0.0014398351622288228,-0.00568476770549714,0.25073939766489095,0.0008277059950854853,-0.342,0.723,1.479,0.995,-0.086,-0.049,0.001,-0.39355300472431676,0.6816541800856928,1.1171064080923565
606,1782949968.9593387,0.0026448941803850594,-0.003619240981713564,0.251641099056716,0.0010425377984160525,-0.342,0.723,1.48,0.995,-0.086,-0.049,0.001,-0.39355300472431676,0.6816541800856928,1.1171064080923565
607,1782949968.985682,0.0045331798995167875,-0.00232612541361963,0.25278153469283327,0.00117945098195893,-0.342,0.723,1.48,0.995,-0.086,-0.049,0.001,-0.39355300472431676,0.6816541800856928,1.1221064080923566
607,1782949969.0019069,0.008518858764135759,0.009740862658103035,0.2556113501559729,0.0010500026978241352,-0.342,0.723,1.48,0.995,-0.086,-0.05,0.001,-0.39355300472431676,0.6816541800856928,1.1221064080923566
609,1782949969.0260081,0.007001876459289045,0.010622761342406655,0.2550515289741059,0.0009829675093709995,-0.342,0.723,1.481,0.995,-0.086,-0.05,0.001,-0.39355300472431676,0.6816541800856928,1.1221064080923566
609,1782949969.0446038,0.004378926904927055,0.008850879972905264,0.2537233129786871,0.0008880516146789086,-0.342,0.723,1.481,0.995,-0.086,-0.05,0.001,-0.39355300472431676,0.6816541800856928,1.1221064080923566
611,1782949969.0645497,-0.004603026119428864,0.0032852803445135217,0.24941285389466555,0.0007753699361917343,-0.342,0.723,1.482,0.995,-0.086,-0.05,0.001,-0.39355300472431676,0.6816541800856928,1.1221064080923566
612,1782949969.0814776,0.0006632731636259711,0.006278665557091704,0.2524233758287181,0.0007190773383110862,-0.342,0.723,1.482,0.995,-0.086,-0.05,0.001,-0.39355300472431676,0.6816541800856928,1.1221064080923566
613,1782949969.1121938,-0.008463737034956639,-0.0009457445516929276,0.24871442537526273,0.0005349628661808919,-0.342,0.723,1.483,0.995,-0.086,-0.05,0.001,-0.39355300472431676,0.6816541800856928,1.1221064080923566
613,1782949969.1369023,0.0023678365271625826,0.006731058398501376,0.25326528176519514,0.0005698580411632921,-0.342,0.723,1.484,0.995,-0.086,-0.05,0.001,-0.39355300472431676,0.6816541800856928,1.1221064080923566
615,1782949969.1547742,0.003745427186770513,0.007387759707276814,0.25416463873177036,0.0005539757542012815,-0.342,0.723,1.484,0.995,-0.086,-0.05,0.001,-0.39355300472431676,0.6816541800856928,1.1221064080923566
615,1782949969.1712852,0.0021824881574917278,0.004730690565667543,0.25392657528435353,0.0004945605179045807,-0.342,0.723,1.484,0.995,-0.086,-0.05,0.001,-0.39355300472431676,0.6816541800856928,1.1271064080923567
617,1782949969.1850224,0.007738764052955456,0.009367985773906936,0.25631824129939745,0.0005197650053246901,-0.342,0.723,1.485,0.995,-0.086,-0.05,0.001,-0.39355300472431676,0.6816541800856928,1.1271064080923567
618,1782949969.2016654,0.0037215251595460446,0.004784286912950358,0.25435732184832527,0.00047140780679446605,-0.342,0.723,1.485,0.995,-0.086,-0.05,0.001,-0.39355300472431676,0.6816541800856928,1.1271064080923567
618,1782949969.2215471,-0.0044233098467328456,-0.01152025494102176,0.25010293254283245,0.0005221119415082592,-0.342,0.723,1.486,0.995,-0.086,-0.049,0.001,-0.39355300472431676,0.6816541800856928,1.1271064080923567
620,1782949969.2425008,0.004691440163739112,-0.003812876979958223,0.2541980590915,-0.0004347098681009049,-0.342,0.723,1.486,0.995,-0.086,-0.049,0.0,-0.39355300472431676,0.6816541800856928,1.1271064080923567
621,1782949969.260911,0.0029523051295952275,-0.005657683551107369,0.25345753467761156,-0.0010187282572421644,-0.342,0.723,1.487,0.995,-0.086,-0.049,0.0,-0.39355300472431676,0.6816541800856928,1.1271064080923567
622,1782949969.2869112,0.0034780920697241174,-0.005449731553566398,0.2531797751480466,-0.0013636461112470077,-0.342,0.723,1.487,0.995,-0.086,-0.049,0.0,-0.39355300472431676,0.6816541800856928,1.1271064080923567
622,1782949969.3015516,0.0035348188960771625,-0.005427116296526276,0.253131611368636,-0.0015712944296885046,-0.342,0.723,1.487,0.995,-0.086,-0.049,0.0,-0.39355300472431676,0.6816541800856928,1.1271064080923567
624,1782949969.326599,-0.004928747801796217,-0.008987374929289898,0.24874628529771486,-0.001691339770347824,-0.342,0.723,1.488,0.995,-0.086,-0.049,0.0,-0.39355300472431676,0.6816541800856928,1.1271064080923567
624,1782949969.3454733,0.001528746381775338,-0.004011006238694822,0.2519298552409761,-0.001699715701644322,-0.342,0.723,1.488,0.995,-0.086,-0.049,0.0,-0.39355300472431676,0.6816541800856928,1.1271064080923567
626,1782949969.3672986,0.0030784182752811497,-0.002653794228149254,0.2522934626755782,-0.0017186020401123762,-0.342,0.723,1.489,0.995,-0.086,-0.049,0.0,-0.39355300472431676,0.6816541800856928,1.1271064080923567
626,1782949969.3835924,0.003203327087535566,-0.0007580222363874831,0.25233648616267473,-0.0016682247383153106,-0.342,0.723,1.489,0.995,-0.086,-0.049,0.0,-0.39355300472431676,0.6816541800856928,1.1271064080923567
628,1782949969.4011393,0.00534922691311596,0.0004020740830095945,0.2530659808748641,-0.0016314294020175423,-0.342,0.723,1.49,0.995,-0.086,-0.049,0.0,-0.39355300472431676,0.6816541800856928,1.1321064080923566
629,1782949969.422039,0.007673311748901452,0.0020875335824794197,0.2546271159868692,-0.0016169186045023563,-0.342,0.723,1.49,0.995,-0.086,-0.049,0.0,-0.39355300472431676,0.6816541800856928,1.1321064080923566
630,1782949969.4409163,0.0022803125118385234,0.0017025549047240667,0.24908123676717014,-0.0014166137517937093,-0.342,0.723,1.49,0.995,-0.086,-0.049,0.0,-0.39355300472431676,0.6816541800856928,1.1321064080923566
631,1782949969.4632611,0.006191468112533958,0.0036794042194924857,0.25212745580908313,-0.00032874793898325107,-0.342,0.723,1.491,0.995,-0.086,-0.049,0.001,-0.39355300472431676,0.6816541800856928,1.1321064080923566
632,1782949969.4853766,0.006707602600559947,0.004072767798857768,0.2527271685214637,0.0003219206364051601,-0.342,0.723,1.491,0.995,-0.086,-0.049,0.001,-0.39355300472431676,0.6816541800856928,1.1321064080923566
632,1782949969.5061333,0.0033512796943480283,0.003561675399551911,0.2481376568673303,0.0008462322371516314,-0.342,0.723,1.492,0.995,-0.086,-0.049,0.001,-0.39355300472431676,0.6816541800856928,1.1321064080923566
634,1782949969.5228965,0.003638349177080528,0.00444622794258605,0.24729100537395193,0.001171681285195843,-0.342,0.723,1.492,0.995,-0.086,-0.049,0.001,-0.39355300472431676,0.6816541800856928,1.1321064080923566
635,1782949969.5439818,0.007594074718655593,0.003316152218298696,0.2514287496710474,0.0011817978344832317,-0.342,0.723,1.493,0.995,-0.086,-0.049,0.001,-0.39355300472431676,0.6816541800856928,1.1321064080923566
636,1782949969.5596783,0.006276392416803058,0.00406137530473024,0.24791873071177248,0.0011501513380250987,-0.342,0.723,1.493,0.995,-0.086,-0.049,0.001,-0.39355300472431676,0.6816541800856928,1.1321064080923566
637,1782949969.584208,0.010705909524346061,0.004376452567082297,0.2524043202236274,0.0010885912932620588,-0.342,0.724,1.494,0.995,-0.086,-0.049,0.001,-0.39355300472431676,0.6816541800856928,1.1371064080923565
637,1782949969.603613,0.012617609605532336,0.004735761058347988,0.25333934701034744,0.0010351641762333095,-0.342,0.724,1.494,0.995,-0.086,-0.049,0.001,-0.39355300472431676,0.6816541800856928,1.1371064080923565
639,1782949969.6230557,0.012937281395687113,0.004537957978426155,0.25546769228301147,0.001009624148894748,-0.342,0.724,1.495,0.995,-0.086,-0.049,0.001,-0.39355300472431676,0.6816541800856928,1.1371064080923565
640,1782949969.643864,0.01284907475201933,0.006233658941267029,0.25014951371952,0.0008406507666071396,-0.342,0.724,1.495,0.995,-0.086,-0.049,0.001,-0.39355300472431676,0.6816541800856928,1.1371064080923565
641,1782949969.6616263,0.012996200645910921,0.004688418474945111,0.2541196794547901,0.0008363868876835471,-0.342,0.724,1.496,0.995,-0.086,-0.049,0.001,-0.39355300472431676,0.6816541800856928,1.1371064080923565
642,1782949969.6892176,0.012789187915162556,0.005752002441667443,0.2548732859665198,0.0008100434571130766,-0.342,0.724,1.496,0.995,-0.086,-0.049,0.001,-0.39355300472431676,0.6816541800856928,1.1371064080923565
642,1782949969.706528,0.012097276698494242,0.005847855711922796,0.25369088369014614,0.0007958923260068102,-0.342,0.724,1.496,0.995,-0.086,-0.049,0.001,-0.39355300472431676,0.6816541800856928,1.1371064080923565
644,1782949969.7216089,0.009265327760377617,0.007338091819250577,0.24928991170923792,0.0006337754699419593,-0.342,0.724,1.497,0.995,-0.086,-0.049,0.001,-0.39355300472431676,0.6816541800856928,1.1371064080923565
644,1782949969.742815,0.007879962240042285,0.008435585797657063,0.24834853091388204,0.0006041616645044121,-0.342,0.724,1.497,0.995,-0.086,-0.049,0.001,-0.39355300472431676,0.6816541800856928,1.1371064080923565
646,1782949969.761282,0.0020032059849665173,0.007113191090946335,0.25353113145639966,0.0006142267094625935,-0.343,0.724,1.497,0.995,-0.085,-0.049,0.001,-0.39355300472431676,0.6816541800856928,1.1371064080923565
647,1782949969.7807598,-0.0009612479611604439,0.007870831090301978,0.2529734556406422,0.0006104573498485361,-0.343,0.724,1.498,0.995,-0.085,-0.049,0.001,-0.39355300472431676,0.6816541800856928,1.1371064080923565
648,1782949969.7997189,-0.0033881664213178814,0.009790367703062157,0.2498206565484431,0.0005244995215981748,-0.343,0.724,1.498,0.995,-0.085,-0.049,0.001,-0.39355300472431676,0.6816541800856928,1.1421064080923566
648,1782949969.8194995,0.002499266670327612,0.006968980961417372,0.2550035878508138,0.0005951281961954252,-0.343,0.725,1.499,0.995,-0.085,-0.049,0.001,-0.39355300472431676,0.6816541800856928,1.1421064080923566
650,1782949969.8394642,0.0034521348979609226,0.006330991216348477,0.25544569439247944,-0.0004545170692556689,-0.343,0.725,1.499,0.995,-0.085,-0.049,0.0,-0.39355300472431676,0.6816541800856928,1.1421064080923566
651,1782949969.8607016,0.0024685446802567776,0.006884496860323608,0.2541327786094131,-0.0011290691874312202,-0.343,0.725,1.5,0.995,-0.085,-0.049,0.0,-0.39355300472431676,0.6816541800856928,1.1421064080923566
652,1782949969.8811674,0.0014440532055863455,0.005365722198536836,0.25382815427480726,-0.0015265347008320545,-0.343,0.725,1.5,0.995,-0.085,-0.049,0.0,-0.39355300472431676,0.6816541800856928,1.1421064080923566
653,1782949969.8984823,0.003450693511981115,0.005729916545931645,0.25561881001193354,-0.001691458498576787,-0.343,0.725,1.5,0.995,-0.085,-0.049,0.0,-0.39355300472431676,0.6816541800856928,1.1421064080923566
654,1782949969.923238,0.0009287456902082004,0.005096910147676657,0.25389283662162965,-0.0018751294732578876,-0.343,0.725,1.501,0.995,-0.085,-0.049,0.0,-0.39355300472431676,0.6816541800856928,1.1421064080923566
655,1782949969.9405775,-0.004409177838665773,0.004957861707867972,0.24945142790902528,-0.002012820679917684,-0.343,0.725,1.501,0.995,-0.085,-0.049,0.0,-0.39355300472431676,0.6816541800856928,1.1421064080923566
656,1782949969.9624336,-0.006456877632787335,0.003723985030150423,0.24812271376037753,-0.001954132987671374,-0.343,0.725,1.502,0.995,-0.085,-0.049,0.0,-0.39355300472431676,0.6816541800856928,1.1421064080923566
657,1782949969.9827783,-0.0009312127120045732,0.0035544402089838327,0.25336570204490666,-0.0018794143923481308,-0.343,0.725,1.502,0.995,-0.085,-0.049,0.0,-0.39355300472431676,0.6816541800856928,1.1421064080923566
658,1782949970.00018,-0.006388839927174724,0.004577111852594127,0.24952729195344023,-0.0017633265732867975,-0.343,0.725,1.503,0.995,-0.085,-0.049,0.0,-0.39355300472431676,0.6816541800856928,1.1471064080923568
659,1782949970.0202258,-0.0014698987560523638,0.00617285410489626,0.2530929323306856,-0.0017050261242475412,-0.344,0.725,1.503,0.995,-0.085,-0.049,0.0,-0.39355300472431676,0.6816541800856928,1.1471064080923568
660,1782949970.047874,-0.001512566302445898,0.00651032625188978,0.2537421647260363,-0.0016947276365821395,-0.344,0.725,1.504,0.995,-0.085,-0.049,0.0,-0.39355300472431676,0.6816541800856928,1.1471064080923568
660,1782949970.0679655,-0.007290175761361711,0.00571751460136417,0.250101401976566,-0.0015837964851007909,-0.344,0.725,1.504,0.995,-0.085,-0.049,0.0,-0.39355300472431676,0.6816541800856928,1.1471064080923568
662,1782949970.0901039,-0.0017598355078039859,0.00566249641863246,0.2532505044828814,-0.001598262051650817,-0.344,0.725,1.504,0.995,-0.085,-0.049,0.0,-0.39355300472431676,0.6816541800856928,1.1471064080923568
662,1782949970.1160102,0.0009113987888061219,0.006245844777453638,0.25560358359595287,-0.0006089726345657755,-0.344,0.725,1.505,0.995,-0.085,-0.049,0.001,-0.39355300472431676,0.6816541800856928,1.1471064080923568
664,1782949970.1403482,-0.00892144613120255,0.004354713407751945,0.25086498749506797,0.00022839008930401945,-0.344,0.725,1.505,0.995,-0.085,-0.049,0.001,-0.39355300472431676,0.6816541800856928,1.1471064080923568
664,1782949970.1561086,-0.00039104130182456183,0.006726093750291222,0.25543124669671663,0.0005386735084610315,-0.344,0.725,1.506,0.995,-0.085,-0.049,0.001,-0.39355300472431676,0.6816541800856928,1.1471064080923568
666,1782949970.1750019,-0.002247484549037967,0.005230841859245399,0.25514079327316846,0.0006920857740925772,-0.344,0.725,1.507,0.995,-0.085,-0.049,0.001,-0.39355300472431676,0.6816541800856928,1.1471064080923568
666,1782949970.1972122,-0.001456596845633389,-0.0030068473080223524,0.25579716038731964,0.0009194296934118756,-0.344,0.725,1.507,0.995,-0.085,-0.048,0.001,-0.39355300472431676,0.6816541800856928,1.1521064080923566
668,1782949970.222707,-0.0015701823525857573,-0.004075787524652772,0.2557388019978044,0.0010455566386693162,-0.344,0.725,1.508,0.995,-0.085,-0.048,0.001,-0.39355300472431676,0.6816541800856928,1.1521064080923566
668,1782949970.2387493,0.001033440489637964,-0.0035863947061956346,0.25668045815575435,0.0010683263766406955,-0.344,0.725,1.508,0.995,-0.085,-0.048,0.001,-0.39355300472431676,0.6816541800856928,1.1521064080923566
670,1782949970.2546322,-0.0053521323113368624,-0.006459820492620233,0.25411241980891197,0.0010735199784174206,-0.344,0.725,1.509,0.995,-0.085,-0.048,0.001,-0.39355300472431676,0.6816541800856928,1.1521064080923566
670,1782949970.2677789,-0.0031618829909374375,-0.005912061943872787,0.25482682308431537,0.0010892023465498661,-0.344,0.725,1.509,0.995,-0.085,-0.048,0.001,-0.39355300472431676,0.6816541800856928,1.1521064080923566
672,1782949970.2804437,-0.0069197021265981415,-0.006909820053176892,0.25324865094861004,0.0010183716898445648,-0.344,0.725,1.51,0.995,-0.085,-0.048,0.001,-0.39355300472431676,0.6816541800856928,1.1521064080923566
673,1782949970.3010578,-0.008778208694481779,-0.006393290570231152,0.2525026751206339,0.0009762439582374426,-0.344,0.725,1.51,0.995,-0.085,-0.048,0.001,-0.39355300472431676,0.6816541800856928,1.1521064080923566
674,1782949970.3235083,-0.021664902004724765,-0.010546584046078682,0.2470229307404274,0.0008069127204168774,-0.344,0.725,1.511,0.995,-0.085,-0.048,0.001,-0.39355300472431676,0.6816541800856928,1.1521064080923566
675,1782949970.344068,-0.02294879363742451,-0.00995050393834381,0.24652813717850267,0.0007105715003569108,-0.344,0.725,1.511,0.995,-0.085,-0.048,0.001,-0.39355300472431676,0.6816541800856928,1.1571064080923565
676,1782949970.3628829,-0.010328812672458242,-0.0054815023495652475,0.2513948543477028,0.0007212266876831803,-0.344,0.725,1.512,0.995,-0.085,-0.048,0.001,-0.39355300472431676,0.6816541800856928,1.1571064080923565
677,1782949970.3808196,-0.007186624902451876,-0.003973409506222415,0.25216263458597243,0.0007095199785777891,-0.344,0.725,1.513,0.995,-0.085,-0.048,0.001,-0.39355300472431676,0.6816541800856928,1.1571064080923565
678,1782949970.4011621,-0.001473082671176647,-0.003888539601551118,0.25404440387754934,-0.0002777035695886833,-0.344,0.725,1.514,0.995,-0.085,-0.048,0.0,-0.39355300472431676,0.6816541800856928,1.1571064080923565
679,1782949970.4239922,-0.00025493288346031037,-0.003837964245800244,0.2544050224532022,-0.0008982310759734443,-0.344,0.725,1.514,0.995,-0.085,-0.048,0.0,-0.39355300472431676,0.6816541800856928,1.1571064080923565
679,1782949970.441979,0.00030552147075842487,-0.00387591100825092,0.2544672482183543,-0.0012666610441995792,-0.344,0.725,1.514,0.995,-0.085,-0.048,0.0,-0.39355300472431676,0.6816541800856928,1.1571064080923565
681,1782949970.4611726,0.0004060431331397779,0.004341716096876011,0.24751249495999655,-0.0016263062610914708,-0.344,0.725,1.515,0.995,-0.086,-0.049,0.0,-0.39355300472431676,0.6816541800856928,1.1571064080923565
682,1782949970.4829378,0.008913977938305933,0.004982628880805645,0.2527140260429281,-0.0016892327607333313,-0.344,0.725,1.516,0.995,-0.086,-0.049,0.0,-0.39355300472431676,0.6816541800856928,1.1571064080923565
683,1782949970.5006986,0.009477750716214761,0.005139902740969747,0.2535662331644567,-0.001744392522635803,-0.344,0.725,1.517,0.995,-0.086,-0.049,0.0,-0.39355300472431676,0.6816541800856928,1.1571064080923565
684,1782949970.518209,0.007637099041648994,0.00487591502127971,0.2528497082129395,-0.0017078302664282374,-0.344,0.725,1.517,0.995,-0.086,-0.049,0.0,-0.39355300472431676,0.6816541800856928,1.1621064080923567
685,1782949970.546833,0.011514232492495,0.005277445752815175,0.2551685881246951,-0.0016689952013407483,-0.344,0.725,1.518,0.995,-0.086,-0.049,0.0,-0.39355300472431676,0.6816541800856928,1.1621064080923567
685,1782949970.562424,0.012008631722919388,0.005424869398073056,0.2556147530877446,-0.001652977926429304,-0.344,0.725,1.518,0.995,-0.086,-0.049,0.0,-0.39355300472431676,0.6816541800856928,1.1621064080923567
686,1782949970.5818028,-0.0011761290199593499,0.0006760633197981022,0.247765327527462,-0.0014568834839631122,-0.344,0.725,1.519,0.995,-0.086,-0.049,0.0,-0.39355300472431676,0.6816541800856928,1.1621064080923567
688,1782949970.603934,0.004145881438405878,0.0024026875640091906,0.25121570653752745,-0.00035268122447316974,-0.344,0.725,1.52,0.995,-0.086,-0.049,0.001,-0.39355300472431676,0.6816541800856928,1.1621064080923567
689,1782949970.624173,0.0039626076521650355,0.002224476878613664,0.25173054488959484,0.000301490347703699,-0.344,0.725,1.52,0.995,-0.086,-0.049,0.001,-0.39355300472431676,0.6816541800856928,1.1621064080923567
690,1782949970.6460452,0.0028957675865910444,0.0016032015276315724,0.2516565159252267,0.0007038800954729051,-0.344,0.725,1.521,0.995,-0.086,-0.049,0.001,-0.39355300472431676,0.6816541800856928,1.1621064080923567
690,1782949970.6702116,0.00820010088517191,0.004093239656918239,0.2543774292787827,0.0008864053535976991,-0.344,0.725,1.521,0.995,-0.086,-0.049,0.001,-0.39355300472431676,0.6816541800856928,1.1621064080923567
692,1782949970.6926374,0.008687625079206488,0.004364024138629985,0.2547465228804626,0.0009829526023789235,-0.344,0.725,1.522,0.995,-0.086,-0.049,0.001,-0.39355300472431676,0.6816541800856928,1.1621064080923567
692,1782949970.7131386,0.00639587465897604,0.0032714858888011223,0.25377561850162783,0.0010472326624633111,-0.344,0.725,1.523,0.995,-0.086,-0.049,0.001,-0.39355300472431676,0.6816541800856928,1.1621064080923567
694,1782949970.7299793,-0.001971308191514698,0.004982401397364793,0.2542516782918813,0.0009463515975592205,-0.345,0.725,1.524,0.995,-0.085,-0.049,0.001,-0.39355300472431676,0.6816541800856928,1.1671064080923568
694,1782949970.7461498,-0.00769498762359234,0.0025058544075658735,0.25250192145004274,0.000907801569966193,-0.345,0.725,1.524,0.995,-0.085,-0.049,0.001,-0.39355300472431676,0.6816541800856928,1.1671064080923568
696,1782949970.7617342,-0.004540071801228583,-0.004255186705532637,0.2537691718458294,0.0010097306307544878,-0.345,0.725,1.525,0.995,-0.085,-0.048,0.001,-0.39355300472431676,0.6816541800856928,1.1671064080923568
697,1782949970.7908943,-0.008717677091982304,-0.007452187442630511,0.2520781898781709,0.0009870146660834389,-0.345,0.725,1.525,0.995,-0.085,-0.048,0.001,-0.39355300472431676,0.6816541800856928,1.1671064080923568
697,1782949970.8162358,-0.023443280165778155,-0.015679151176086367,0.24592718225180885,0.0009247488176812491,-0.345,0.725,1.526,0.995,-0.085,-0.048,0.001,-0.39355300472431676,0.6816541800856928,1.1671064080923568
699,1782949970.838528,-0.012254754608706097,-0.010360835160699574,0.25000917335490036,0.0009719765680538377,-0.345,0.725,1.527,0.995,-0.085,-0.048,0.001,-0.39355300472431676,0.6816541800856928,1.1671064080923568
699,1782949970.8630147,-0.02364015827950383,-0.016917899754801093,0.24513292294974642,0.0008439623080660896,-0.345,0.725,1.527,0.995,-0.085,-0.048,0.001,-0.39355300472431676,0.6816541800856928,1.1671064080923568
702,1782949970.883336,-0.006022277117976139,-0.00614628842524133,0.25270065941665343,0.0009060986351905294,-0.345,0.725,1.528,0.995,-0.085,-0.048,0.001,-0.39355300472431676,0.6816541800856928,1.1671064080923568
702,1782949970.8985753,-0.018555777616594493,-0.013597220023008687,0.2460462203421036,0.0007972471551675941,-0.345,0.725,1.529,0.995,-0.085,-0.048,0.001,-0.39355300472431676,0.6816541800856928,1.1671064080923568
703,1782949970.9128563,-0.009406431027607062,-0.008962592925213552,0.2502184355625859,0.0008840051397987184,-0.345,0.725,1.529,0.995,-0.085,-0.048,0.001,-0.39355300472431676,0.6816541800856928,1.1671064080923568
703,1782949970.9273617,-0.003918026176783577,-0.0055402103537783975,0.252847960552357,0.0009056640958839303,-0.345,0.725,1.529,0.995,-0.085,-0.048,0.001,-0.39355300472431676,0.6816541800856928,1.1671064080923568
705,1782949970.9418545,-0.01208150695148093,-0.011741669945536945,0.24804067724372464,0.0008753811527884163,-0.344,0.725,1.53,0.995,-0.085,-0.048,0.001,-0.39355300472431676,0.6816541800856928,1.1721064080923567
705,1782949970.9629252,-0.012697814073437733,-0.003285440347518487,0.24766612221188325,0.0007523252252305957,-0.344,0.725,1.531,0.995,-0.085,-0.049,0.001,-0.39355300472431676,0.6816541800856928,1.1721064080923567
706,1782949970.9802547,-0.003601265316629458,-0.0023822882282468517,0.2478908043117154,-0.0003196582535507402,-0.344,0.725,1.531,0.995,-0.086,-0.049,0.0,-0.39355300472431676,0.6816541800856928,1.1721064080923567
707,1782949971.0005846,-0.0016575486240806951,-0.002691341105852424,0.24853262496860365,-0.0010282208097016437,-0.344,0.725,1.532,0.995,-0.086,-0.049,0.0,-0.39355300472431676,0.6816541800856928,1.1721064080923567
708,1782949971.02324,0.004747835520260986,0.001393424176697855,0.2528542676924032,-0.0013939163733530573,-0.344,0.724,1.532,0.995,-0.086,-0.049,0.0,-0.39355300472431676,0.6816541800856928,1.1721064080923567
709,1782949971.0461822,-0.0020284771777991477,-0.002701231493051199,0.25031446531808366,-0.0016615679403102707,-0.344,0.724,1.533,0.995,-0.086,-0.049,0.0,-0.39355300472431676,0.6816541800856928,1.1721064080923567
711,1782949971.0613115,-0.004379855255496034,-0.0052356723788265745,0.25045124196525426,-0.0017472686746468882,-0.344,0.724,1.533,0.995,-0.086,-0.049,0.0,-0.39355300472431676,0.6816541800856928,1.1721064080923567
711,1782949971.0855765,0.002414434549970923,-0.0009715178416997913,0.25370297077840226,-0.001753253605953848,-0.344,0.724,1.533,0.995,-0.086,-0.049,0.0,-0.39355300472431676,0.6816541800856928,1.1721064080923567
711,1782949971.1005669,0.0058883014082049545,0.0007201956112657497,0.255164327807825,-0.0017569155466229396,-0.344,0.724,1.534,0.995,-0.086,-0.049,0.0,-0.39355300472431676,0.6816541800856928,1.1721064080923567
714,1782949971.1225364,0.00852090225879705,0.002095808017374471,0.25683219448362316,-0.0017598185501877261,-0.344,0.724,1.534,0.995,-0.086,-0.049,0.0,-0.39355300472431676,0.6816541800856928,1.1771064080923566
714,1782949971.14636,0.0028318557707034233,-0.0015026250584015896,0.2559670865536668,-0.0016815901527586804,-0.344,0.724,1.534,0.995,-0.086,-0.049,0.0,-0.39355300472431676,0.6816541800856928,1.1771064080923566
714,1782949971.1659794,0.004603039093718276,0.00016560645014201958,0.2564348289328659,-0.001635529311825368,-0.344,0.724,1.535,0.995,-0.086,-0.049,0.0,-0.39355300472431676,0.6816541800856928,1.1771064080923566
717,1782949971.1906168,0.0038164114712006814,0.00066728371195348,0.25644360760170337,-0.0005412197587623957,-0.344,0.724,1.535,0.995,-0.086,-0.049,0.001,-0.39355300472431676,0.6816541800856928,1.1771064080923566
717,1782949971.212744,-0.0023566849885784504,-0.003946741822225427,0.2550663673954445,0.00022363643143629504,-0.344,0.724,1.536,0.995,-0.086,-0.049,0.001,-0.39355300472431676,0.6816541800856928,1.1771064080923566
719,1782949971.228681,0.0018359334138337126,-0.0019749749247511793,0.25556923809656196,0.0006912554966027172,-0.344,0.724,1.536,0.995,-0.086,-0.049,0.001,-0.39355300472431676,0.6816541800856928,1.1771064080923566
719,1782949971.2452962,0.0013883267643684952,-0.001981515216027071,0.2553429715889286,0.0009622117091821652,-0.344,0.724,1.537,0.995,-0.086,-0.049,0.001,-0.39355300472431676,0.6816541800856928,1.1771064080923566
721,1782949971.2622416,-0.02002010190111567,-0.01712726775368857,0.2500387373237278,0.0013650341449409468,-0.344,0.724,1.537,0.995,-0.086,-0.049,0.001,-0.39355300472431676,0.6816541800856928,1.1771064080923566
722,1782949971.2879152,-0.007791062183418022,-0.009611105726867089,0.252522471314861,0.0014177274128281054,-0.343,0.724,1.537,0.995,-0.086,-0.049,0.001,-0.39355300472431676,0.6816541800856928,1.1771064080923566
722,1782949971.3065438,-0.005989266138577941,-0.008766091985648553,0.2525872201193781,0.0013438524554990783,-0.343,0.724,1.538,0.995,-0.086,-0.049,0.001,-0.39355300472431676,0.6816541800856928,1.1771064080923566
724,1782949971.3247986,-0.005504255002341715,-0.00778359168002286,0.2532059714215236,0.0013101041061149283,-0.343,0.723,1.539,0.995,-0.086,-0.049,0.001,-0.39355300472431676,0.6816541800856928,1.1821064080923567
724,1782949971.3374615,0.006049785374881067,0.0008713706544582096,0.2563097395375739,0.0011964845098242857,-0.343,0.723,1.539,0.995,-0.086,-0.049,0.001,-0.39355300472431676,0.6816541800856928,1.1821064080923567
726,1782949971.364559,-0.011245523091656764,-0.01164111534943946,0.2488336134753621,0.0011005795884359662,-0.343,0.723,1.54,0.995,-0.086,-0.049,0.001,-0.39355300472431676,0.6816541800856928,1.1821064080923567
727,1782949971.3908813,0.003297827134879394,-0.00044977560521658987,0.2544728533281044,0.0010906095693810635,-0.343,0.723,1.54,0.995,-0.086,-0.049,0.001,-0.39355300472431676,0.6816541800856928,1.1821064080923567
727,1782949971.4125054,0.003357404654161225,-0.00033192717669380985,0.254562127556591,0.0009892126650944627,-0.343,0.723,1.541,0.995,-0.086,-0.049,0.001,-0.39355300472431676,0.6816541800856928,1.1821064080923567
729,1782949971.4353862,0.00027074305623351995,-0.0026533757034670324,0.25256914232898175,0.0009504070856808497,-0.343,0.723,1.542,0.995,-0.086,-0.049,0.001,-0.39355300472431676,0.6816541800856928,1.1821064080923567
729,1782949971.4626157,-0.007908939505930327,-0.010540202331020205,0.2470988454805479,0.0008375687626456416,-0.343,0.723,1.542,0.995,-0.086,-0.049,0.001,-0.39355300472431676,0.6816541800856928,1.1821064080923567
732,1782949971.4920185,0.00032493945464260807,-0.004874569495673874,0.25076306801593534,0.000875027105719091,-0.343,0.723,1.543,0.995,-0.086,-0.049,0.001,-0.39355300472431676,0.6816541800856928,1.1821064080923567
732,1782949971.5213585,0.0022648973948073744,-0.002926666061432071,0.2519384436398461,0.0008741008621927179,-0.343,0.723,1.544,0.995,-0.086,-0.049,0.001,-0.39355300472431676,0.6816541800856928,1.1871064080923568
734,1782949971.5469418,-0.004347034977900082,-0.010382436514083057,0.24685355629625866,0.0007949359763295228,-0.343,0.723,1.545,0.995,-0.086,-0.049,0.001,-0.39355300472431676,0.6816541800856928,1.1871064080923568
734,1782949971.5702872,0.0028220894853894117,-0.0030166416161512798,0.2510768014964575,0.0008403616749414157,-0.343,0.723,1.546,0.995,-0.086,-0.049,0.001,-0.39355300472431676,0.6816541800856928,1.1871064080923568
737,1782949971.5928652,-0.0024296340019797228,0.00019468932209877263,0.24665750011487475,0.0006339967142792919,-0.343,0.723,1.547,0.995,-0.086,-0.05,0.001,-0.39355300472431676,0.6816541800856928,1.1871064080923568
737,1782949971.6188645,0.00411625556986851,0.007246031810333852,0.25112454043164273,0.0006434993019656178,-0.343,0.723,1.547,0.995,-0.086,-0.05,0.001,-0.39355300472431676,0.6816541800856928,1.1871064080923568
739,1782949971.6467218,0.00844825019797885,0.01163778153395471,0.25445688918761444,0.0006077832648737623,-0.343,0.723,1.548,0.995,-0.086,-0.05,0.001,-0.39355300472431676,0.6816541800856928,1.1871064080923568
739,1782949971.672108,0.009891235091945203,0.012636154840770963,0.2562594062954808,0.000646100929456469,-0.343,0.723,1.549,0.995,-0.086,-0.05,0.001,-0.39355300472431676,0.6816541800856928,1.1871064080923568
742,1782949971.696492,0.007512074072127827,0.008983929051630205,0.25329800490463783,0.0006195625932213303,-0.343,0.724,1.55,0.995,-0.086,-0.05,0.001,-0.39355300472431676,0.6816541800856928,1.1871064080923568
742,1782949971.7289875,0.011526755344648566,0.010024383679362436,0.2556529701660491,0.0006029496159315319,-0.342,0.724,1.55,0.995,-0.086,-0.05,0.001,-0.39355300472431676,0.6816541800856928,1.1921064080923567
745,1782949971.7514515,0.007164502600266424,0.005602352665261151,0.2537663410580436,0.0006607706607618905,-0.342,0.724,1.551,0.995,-0.086,-0.05,0.001,-0.39355300472431676,0.6816541800856928,1.1921064080923567
745,1782949971.7733502,0.005242707372929649,0.0035932845611185756,0.25305992509309344,0.0007132563493960058,-0.342,0.724,1.552,0.995,-0.086,-0.05,0.001,-0.39355300472431676,0.6816541800856928,1.1921064080923567
747,1782949971.792728,-0.0034559151645829093,-0.006808152111901064,0.24845764452376148,0.000778271201616533,-0.342,0.724,1.552,0.995,-0.086,-0.05,0.001,-0.39355300472431676,0.6816541800856928,1.1921064080923567
747,1782949971.8137324,0.0028350118315510053,0.0012968332075690217,0.25186342354701946,0.0007953432292853033,-0.342,0.724,1.552,0.995,-0.086,-0.05,0.001,-0.39355300472431676,0.6816541800856928,1.1921064080923567
749,1782949971.8340364,0.007046482945746176,0.007148673649149296,0.2545904942929925,0.0007691782013714956,-0.342,0.724,1.553,0.995,-0.086,-0.05,0.001,-0.39355300472431676,0.6816541800856928,1.1921064080923567
749,1782949971.8534102,0.0023719608450993206,-0.005535782895036858,0.25262322653418506,0.0008271345714019958,-0.342,0.724,1.554,0.995,-0.086,-0.049,0.001,-0.39355300472431676,0.6816541800856928,1.1921064080923567
751,1782949971.8746161,0.0010713236929186755,-0.00663976806362343,0.25230057764616487,0.0008548573558493946,-0.342,0.724,1.554,0.995,-0.086,-0.049,0.001,-0.39355300472431676,0.6816541800856928,1.1921064080923567
751,1782949971.8945327,0.001494386881118425,-0.006201724475871723,0.25293011877424054,0.0008699675640280453,-0.342,0.724,1.555,0.995,-0.086,-0.049,0.001,-0.39355300472431676,0.6816541800856928,1.1971064080923566
753,1782949971.9145422,0.0019675541318873065,-0.005735140470117112,0.2530498451331283,0.0008779662303786124,-0.342,0.724,1.555,0.995,-0.086,-0.049,0.001,-0.39355300472431676,0.6816541800856928,1.1971064080923566
753,1782949971.9335985,0.008319365432373204,-0.00020834184245479073,0.25597445957061066,0.0009301407052031841,-0.342,0.724,1.556,0.995,-0.086,-0.049,0.001,-0.39355300472431676,0.6816541800856928,1.1971064080923566
755,1782949971.9526474,-0.008270709541959817,-0.012550700948511687,0.24897882242519623,-0.00017506470448781482,-0.342,0.724,1.556,0.995,-0.086,-0.049,0.0,-0.39355300472431676,0.6816541800856928,1.1971064080923566
755,1782949971.97257,-5.402189271981779e-05,-0.006312443267814936,0.2520101111104972,-0.0008263116125863237,-0.342,0.724,1.557,0.995,-0.086,-0.049,0.0,-0.39355300472431676,0.6816541800856928,1.1971064080923566
757,1782949971.9927995,0.000374522800361236,-0.005317109310102789,0.2523760904934562,-0.0012490124776835332,-0.342,0.724,1.558,0.995,-0.086,-0.049,0.0,-0.39355300472431676,0.6816541800856928,1.1971064080923566
757,1782949972.0142016,0.0039011849226075956,-0.002455227655262642,0.2539904801998093,-0.0015058454931495251,-0.342,0.724,1.558,0.995,-0.086,-0.049,0.0,-0.39355300472431676,0.6816541800856928,1.1971064080923566
759,1782949972.036945,-0.012299314356453098,-0.011129583732458424,0.2479224791089772,-0.001697488132323247,-0.342,0.724,1.559,0.995,-0.086,-0.049,0.0,-0.39355300472431676,0.6816541800856928,1.1971064080923566
759,1782949972.062056,-0.015294340343555526,-0.012419055562056565,0.24682960185229624,-0.0017204012059484164,-0.342,0.724,1.559,0.995,-0.086,-0.049,0.0,-0.39355300472431676,0.6816541800856928,1.1971064080923566
761,1782949972.0899107,-0.01624826066923271,-0.012439033052650377,0.24639640841968388,-0.001684960049952913,-0.342,0.724,1.56,0.995,-0.086,-0.049,0.0,-0.39355300472431676,0.6816541800856928,1.1971064080923566
763,1782949972.1132588,-0.0016711130535781455,0.004394371891269453,0.2518256554350345,-0.0017399589246706378,-0.342,0.724,1.561,0.995,-0.086,-0.05,0.0,-0.39355300472431676,0.6816541800856928,1.2021064080923567
763,1782949972.1369886,0.0011372004234140275,0.008058079860495207,0.2531676862202801,-0.0007433593198413269,-0.342,0.724,1.561,0.995,-0.086,-0.05,0.001,-0.39355300472431676,0.6816541800856928,1.2021064080923567
765,1782949972.1567168,0.003267591784812292,0.009137325760257794,0.25358747293575434,-2.9634456017842148e-05,-0.342,0.724,1.562,0.995,-0.086,-0.05,0.001,-0.39355300472431676,0.6816541800856928,1.2021064080923567
765,1782949972.1777987,0.004971142267790779,0.009558594666714756,0.25401340661747407,0.00040133433207305736,-0.342,0.724,1.562,0.995,-0.086,-0.05,0.001,-0.39355300472431676,0.6816541800856928,1.2021064080923567
767,1782949972.2023118,0.003717373341201898,0.009229562924227292,0.2540705837038836,0.0007256958374798794,-0.342,0.723,1.563,0.995,-0.086,-0.05,0.001,-0.39355300472431676,0.6816541800856928,1.2021064080923567
767,1782949972.220588,0.00315530855322098,0.009156140262309384,0.2540677167555754,0.0009199323021052291,-0.342,0.723,1.563,0.995,-0.086,-0.05,0.001,-0.39355300472431676,0.6816541800856928,1.2021064080923567
769,1782949972.2438757,0.0027054124603368007,0.008433621342729639,0.2540681221726669,0.0009703894948671092,-0.342,0.723,1.563,0.995,-0.086,-0.05,0.001,-0.39355300472431676,0.6816541800856928,1.2021064080923567
771,1782949972.2624953,-0.0060806240253403025,0.0014990960972578599,0.2503071388690026,0.0010644750865323228,-0.342,0.723,1.564,0.995,-0.086,-0.05,0.001,-0.39355300472431676,0.6816541800856928,1.2021064080923567
772,1782949972.2832391,0.0016850496991136282,0.006071361346126425,0.25350964854259367,0.0010049645732240918,-0.342,0.723,1.565,0.995,-0.086,-0.05,0.001,-0.39355300472431676,0.6816541800856928,1.2071064080923568
772,1782949972.3011777,-0.006860887343305322,-0.0009658206647014719,0.25037171633676836,0.0009448523043575908,-0.342,0.723,1.565,0.995,-0.086,-0.05,0.001,-0.39355300472431676,0.6816541800856928,1.2071064080923568
774,1782949972.3210194,0.004010369466431954,0.00775200269425849,0.25446060818213156,0.0008612278444230626,-0.342,0.723,1.566,0.995,-0.086,-0.05,0.001,-0.39355300472431676,0.6816541800856928,1.2071064080923568
775,1782949972.3406894,-0.006257949136461314,-0.0004030766135421585,0.24998837995695608,0.0006534754073969522,-0.342,0.723,1.566,0.995,-0.086,-0.05,0.001,-0.39355300472431676,0.6816541800856928,1.2071064080923568
776,1782949972.3660243,0.0050804388444442355,0.007746172652295456,0.25427517243617326,0.0006221736755613287,-0.342,0.723,1.566,0.995,-0.086,-0.05,0.001,-0.39355300472431676,0.6816541800856928,1.2071064080923568
776,1782949972.3853323,0.0075641079525141765,0.009657239602840876,0.2556627126362515,0.0005743292761223521,-0.342,0.723,1.567,0.995,-0.086,-0.05,0.001,-0.39355300472431676,0.6816541800856928,1.2071064080923568
778,1782949972.4067466,0.0033237164174138986,0.007070063533153334,0.2538094313549281,0.0005475335155726868,-0.342,0.723,1.567,0.995,-0.086,-0.05,0.001,-0.39355300472431676,0.6816541800856928,1.2071064080923568
778,1782949972.426156,0.003612730809892004,0.008051851551282985,0.253247115192954,0.0005376188547424731,-0.342,0.723,1.568,0.995,-0.086,-0.05,0.001,-0.39355300472431676,0.6816541800856928,1.2071064080923568
780,1782949972.4451797,0.007976239369771845,0.01033408455744677,0.25516692915035605,0.0005360991472617517,-0.342,0.723,1.568,0.995,-0.086,-0.05,0.001,-0.39355300472431676,0.6816541800856928,1.2071064080923568
780,1782949972.4647388,0.006613002204822829,0.010506399720135623,0.25474362207746576,0.0005158572918999574,-0.342,0.723,1.568,0.995,-0.086,-0.05,0.001,-0.39355300472431676,0.6816541800856928,1.2071064080923568
782,1782949972.4851055,-0.0014825473527675312,-0.0042115347802741815,0.24826117351017374,0.0005047106499756312,-0.342,0.723,1.569,0.995,-0.086,-0.049,0.001,-0.39355300472431676,0.6816541800856928,1.2071064080923568
782,1782949972.5046916,0.005818388672449263,0.0004257500750567689,0.25366626360278954,0.0006229009022734079,-0.342,0.723,1.57,0.995,-0.086,-0.049,0.001,-0.39355300472431676,0.6816541800856928,1.2121064080923567
784,1782949972.5241733,0.007682132920992977,0.0016015886826125439,0.25460665060203913,0.0006839821510303079,-0.342,0.723,1.57,0.995,-0.086,-0.049,0.001,-0.39355300472431676,0.6816541800856928,1.2121064080923567
785,1782949972.545586,0.005094016773860702,-0.001102186637631914,0.2529151053113889,-0.00033686668128704426,-0.342,0.723,1.571,0.995,-0.086,-0.049,0.0,-0.39355300472431676,0.6816541800856928,1.2121064080923567
785,1782949972.5681036,0.011151486480212105,0.002121012888163241,0.25583762616664163,-0.0009108620460840282,-0.342,0.724,1.571,0.995,-0.086,-0.049,0.0,-0.39355300472431676,0.6816541800856928,1.2121064080923567
787,1782949972.594047,0.009011719311928661,0.0009223532234109693,0.25447001628458116,-0.0013283560427810356,-0.342,0.724,1.572,0.995,-0.086,-0.049,0.0,-0.39355300472431676,0.6816541800856928,1.2121064080923567
787,1782949972.618665,-0.00034184701403830106,-0.0007941703793829785,0.24661114090309172,-0.0016627826138477888,-0.342,0.724,1.573,0.995,-0.086,-0.049,0.0,-0.39355300472431676,0.6816541800856928,1.2121064080923567
789,1782949972.6406453,0.004870118408899124,0.0016181458315650977,0.25033205581063633,-0.001769547685858557,-0.342,0.724,1.573,0.995,-0.086,-0.049,0.0,-0.39355300472431676,0.6816541800856928,1.2121064080923567
789,1782949972.6615274,-0.0022303303626499266,0.0013480706196895304,0.2450675408131712,-0.0018757345293187377,-0.342,0.724,1.574,0.995,-0.086,-0.049,0.0,-0.39355300472431676,0.6816541800856928,1.2121064080923567
791,1782949972.6830206,0.008491862823485978,0.00229540583283153,0.2534579461741201,-0.0018091989863609167,-0.342,0.724,1.575,0.995,-0.086,-0.049,0.0,-0.39355300472431676,0.6816541800856928,1.2121064080923567
792,1782949972.7094533,0.006231725184186687,0.0034742843846320218,0.2519573524020845,-0.0017623694454952168,-0.342,0.724,1.576,0.995,-0.086,-0.049,0.0,-0.39355300472431676,0.6816541800856928,1.2171064080923566
794,1782949972.7324197,0.005311104558695585,0.0037219449351286703,0.2518235072065382,-0.0016455807489406584,-0.342,0.724,1.577,0.995,-0.086,-0.049,0.0,-0.39355300472431676,0.6816541800856928,1.2171064080923566
794,1782949972.7527456,0.005520626543758535,0.005354228172180264,0.2519502280436014,-0.0015786249217303852,-0.343,0.724,1.577,0.995,-0.086,-0.049,0.0,-0.39355300472431676,0.6816541800856928,1.2171064080923566
796,1782949972.772382,-0.004850660114299715,0.006230932867248318,0.25196124681000887,-0.0005526111965856813,-0.343,0.724,1.578,0.995,-0.085,-0.049,0.001,-0.39355300472431676,0.6816541800856928,1.2171064080923566
796,1782949972.792283,-0.014402811945845969,0.005262821931518145,0.2467599326356468,0.0002890374657537678,-0.343,0.724,1.579,0.995,-0.085,-0.049,0.001,-0.39355300472431676,0.6816541800856928,1.2171064080923566
798,1782949972.8125396,-0.005891391571887375,0.005225997074661804,0.25245090950947663,0.0006605899439138101,-0.343,0.724,1.58,0.995,-0.085,-0.049,0.001,-0.39355300472431676,0.6816541800856928,1.2171064080923566
798,1782949972.8331485,-0.01589155467120138,0.00378881590982939,0.24697404236666481,0.0010530844244170273,-0.343,0.724,1.58,0.995,-0.085,-0.049,0.001,-0.39355300472431676,0.6816541800856928,1.2171064080923566
800,1782949972.8557394,-0.005311262954805161,0.003976269125569653,0.25242681149474194,0.0011312586833028145,-0.343,0.724,1.581,0.995,-0.085,-0.049,0.001,-0.39355300472431676,0.6816541800856928,1.2171064080923566
800,1782949972.881795,-0.0028132624832817293,0.004697771642506883,0.25450796634016193,0.0010586556000353894,-0.343,0.724,1.581,0.995,-0.085,-0.049,0.001,-0.39355300472431676,0.6816541800856928,1.2221064080923567
803,1782949972.9052064,-0.0037840026968277776,0.0035897257092529153,0.2534889483029164,0.0010159801365451126,-0.343,0.724,1.582,0.995,-0.085,-0.049,0.001,-0.39355300472431676,0.6816541800856928,1.2221064080923567
803,1782949972.9283547,-0.003774892620797261,0.003451542541124125,0.25331913516327376,0.0009256932078869727,-0.343,0.724,1.583,0.995,-0.085,-0.049,0.001,-0.39355300472431676,0.6816541800856928,1.2221064080923567
805,1782949972.9452906,-0.0014012965630939506,0.0042213873434238155,0.25470232487153366,0.0008734957832543499,-0.343,0.724,1.583,0.995,-0.085,-0.049,0.001,-0.39355300472431676,0.6816541800856928,1.2221064080923567
805,1782949972.9621382,-0.0039352617177582936,0.0036879510142618626,0.2536671693630572,0.0007604967039003303,-0.343,0.724,1.583,0.995,-0.085,-0.049,0.001,-0.39355300472431676,0.6816541800856928,1.2221064080923567
807,1782949972.982539,-0.0028980807646838457,0.0033449468284297186,0.25455403747468386,0.0007098610168426522,-0.343,0.724,1.584,0.995,-0.085,-0.049,0.001,-0.39355300472431676,0.6816541800856928,1.2221064080923567
808,1782949972.999412,-0.00601326334509781,0.0020688478507893335,0.25317881825499794,0.0006667589221290564,-0.343,0.724,1.585,0.995,-0.085,-0.049,0.001,-0.39355300472431676,0.6816541800856928,1.2221064080923567
809,1782949973.0194287,-0.005581325391494726,-0.001878184953507547,0.24870278920058728,0.0005707637651656055,-0.343,0.724,1.585,0.995,-0.086,-0.049,0.001,-0.39355300472431676,0.6816541800856928,1.2221064080923567
810,1782949973.0495243,0.0053925352813578705,0.003128451773193987,0.2541780539861359,0.0006372964980887539,-0.343,0.724,1.585,0.995,-0.086,-0.049,0.001,-0.39355300472431676,0.6816541800856928,1.2271064080923568
810,1782949973.0702975,0.006913464124592678,0.0039619530198549986,0.2552492904160665,0.000669797256172012,-0.343,0.724,1.585,0.995,-0.086,-0.049,0.001,-0.39355300472431676,0.6816541800856928,1.2271064080923568
812,1782949973.093344,0.0033364246857407846,0.0022822535263657493,0.25389753858513564,0.0006993975815019874,-0.343,0.724,1.586,0.995,-0.086,-0.049,0.001,-0.39355300472431676,0.6816541800856928,1.2271064080923568
812,1782949973.11442,0.0022436780855993642,0.0022787777953640898,0.2534731034113796,0.0007223479841995614,-0.343,0.724,1.587,0.995,-0.086,-0.049,0.001,-0.39355300472431676,0.6816541800856928,1.2271064080923568
814,1782949973.1347299,0.006188757974273888,0.0038029677983239946,0.25548622036659335,0.00074458429161936,-0.343,0.724,1.587,0.995,-0.086,-0.049,0.001,-0.39355300472431676,0.6816541800856928,1.2271064080923568
814,1782949973.149813,-0.009857321960810933,-0.0011689114607206993,0.2492522316854182,-0.0004082436772847375,-0.343,0.724,1.588,0.995,-0.086,-0.049,0.0,-0.39355300472431676,0.6816541800856928,1.2271064080923568
816,1782949973.1649308,-0.0005655644293879481,0.0007855023453865548,0.25224495619109466,-0.0010170963208697645,-0.343,0.724,1.588,0.995,-0.086,-0.049,0.0,-0.39355300472431676,0.6816541800856928,1.2271064080923568
817,1782949973.1810815,-0.00033925527037522406,0.000960683021391193,0.25259948873877053,-0.0014179298103037749,-0.343,0.724,1.589,0.995,-0.086,-0.049,0.0,-0.39355300472431676,0.6816541800856928,1.2271064080923568
818,1782949973.2004735,-0.0012544441167755202,0.0005832196304248662,0.252321550310008,-0.0016475404115221456,-0.343,0.724,1.59,0.995,-0.086,-0.049,0.0,-0.39355300472431676,0.6816541800856928,1.2271064080923568
819,1782949973.2191088,-0.0013907465122620036,0.0005074898333400583,0.252265806428559,-0.001782762427004814,-0.343,0.724,1.59,0.995,-0.086,-0.049,0.0,-0.39355300472431676,0.6816541800856928,1.2271064080923568
820,1782949973.2517462,-0.01306297560243483,-0.0031194130868531633,0.24850813088869855,-0.0018855757361997457,-0.343,0.724,1.59,0.995,-0.086,-0.049,0.0,-0.39355300472431676,0.6816541800856928,1.2321064080923567
820,1782949973.273696,-0.01386151107923835,-0.0028459483727572444,0.2474871493995724,-0.0017969567551145223,-0.343,0.724,1.591,0.995,-0.086,-0.049,0.0,-0.39355300472431676,0.6816541800856928,1.2321064080923567
822,1782949973.295915,-0.012917193153879855,-0.002618917200975743,0.24703662984817282,-0.001685268565365483,-0.343,0.724,1.592,0.995,-0.086,-0.049,0.0,-0.39355300472431676,0.6816541800856928,1.2321064080923567
822,1782949973.3164263,-0.0005063259457319235,0.002226979060270093,0.2517063097748403,-0.0016604129565907485,-0.344,0.724,1.592,0.995,-0.086,-0.049,0.0,-0.39355300472431676,0.6816541800856928,1.2321064080923567
824,1782949973.3310401,0.0026342295431363086,0.0034418613715334594,0.25252512468060506,-0.0016002804016059463,-0.344,0.724,1.593,0.995,-0.086,-0.049,0.0,-0.39355300472431676,0.6816541800856928,1.2321064080923567
824,1782949973.3453531,0.004041418438222949,0.003485262138496816,0.25274841269093024,-0.0015517641112602497,-0.344,0.724,1.593,0.995,-0.086,-0.049,0.0,-0.39355300472431676,0.6816541800856928,1.2321064080923567
826,1782949973.359462,0.008579899702183879,0.005534223011613921,0.2550530547911403,-0.0005063312110141192,-0.344,0.724,1.593,0.995,-0.086,-0.049,0.001,-0.39355300472431676,0.6816541800856928,1.2321064080923567
827,1782949973.3808467,0.006926333339375055,0.006316099563687026,0.2534749453775825,0.00018891679859830003,-0.344,0.724,1.594,0.995,-0.086,-0.049,0.001,-0.39355300472431676,0.6816541800856928,1.2321064080923567
828,1782949973.4014018,0.0066017456668863205,0.005902686617387945,0.2531653941694489,0.0006186817913737602,-0.344,0.724,1.594,0.995,-0.086,-0.049,0.001,-0.39355300472431676,0.6816541800856928,1.2321064080923567
829,1782949973.424573,0.009673797084659815,0.006331377935496041,0.2548677756803077,0.0008195268208866899,-0.344,0.724,1.595,0.995,-0.086,-0.049,0.001,-0.39355300472431676,0.6816541800856928,1.2321064080923567
829,1782949973.4486582,0.009413478857879375,0.006303515008407349,0.2553154454705867,0.0009326883559181805,-0.344,0.724,1.595,0.995,-0.086,-0.049,0.001,-0.39355300472431676,0.6816541800856928,1.2371064080923566
831,1782949973.4718974,0.0064192127686821775,0.004812621459715212,0.25363020293201866,0.001004757911660775,-0.344,0.724,1.596,0.995,-0.086,-0.049,0.001,-0.39355300472431676,0.6816541800856928,1.2371064080923566
831,1782949973.496225,-0.0013736374713924533,0.002074976089488966,0.24849360208538324,0.0010369206759502031,-0.344,0.724,1.597,0.995,-0.086,-0.049,0.001,-0.39355300472431676,0.6816541800856928,1.2371064080923566
833,1782949973.5272632,0.006742288284202477,0.004462605647631252,0.25349114358308733,0.001026975534057329,-0.344,0.724,1.597,0.995,-0.086,-0.049,0.001,-0.39355300472431676,0.6816541800856928,1.2371064080923566
833,1782949973.5523214,-0.004054987904504204,0.0010901498907646273,0.2476352144593325,0.0009000525216806534,-0.344,0.724,1.598,0.995,-0.086,-0.049,0.001,-0.39355300472431676,0.6816541800856928,1.2371064080923566
836,1782949973.582285,0.0035777795928788533,0.0032726451131943717,0.25118634089790903,0.0008798615819561798,-0.344,0.724,1.599,0.995,-0.086,-0.049,0.001,-0.39355300472431676,0.6816541800856928,1.2371064080923566
836,1782949973.6072667,0.004382466746726491,-0.004778015408310798,0.25184565852630403,0.000961920675120787,-0.344,0.724,1.6,0.995,-0.086,-0.048,0.001,-0.39355300472431676,0.6816541800856928,1.2371064080923566
839,1782949973.6228316,-0.0015879444693870873,-0.008795789837703053,0.24747137305369735,0.0008749136044447617,-0.344,0.724,1.601,0.995,-0.086,-0.048,0.001,-0.39355300472431676,0.6816541800856928,1.2371064080923566
840,1782949973.6417196,0.00561794155763461,-0.00605438229183484,0.2521103445263637,0.0009691104852841771,-0.344,0.724,1.601,0.995,-0.086,-0.048,0.001,-0.39355300472431676,0.6816541800856928,1.2421064080923567
841,1782949973.661392,0.0016530295458960821,-0.0077856104834687235,0.24864833084578547,0.0008809909587406865,-0.344,0.724,1.602,0.995,-0.086,-0.048,0.001,-0.39355300472431676,0.6816541800856928,1.2421064080923567
841,1782949973.6851928,-0.007549101755451072,-0.007127208330613465,0.24843461352730628,-0.00024113954648413824,-0.344,0.724,1.602,0.995,-0.085,-0.048,0.0,-0.39355300472431676,0.6816541800856928,1.2421064080923567
841,1782949973.7030392,-0.0033460305409997917,-0.004737444753202218,0.25254856508759266,-0.0008482588492474524,-0.344,0.724,1.603,0.995,-0.085,-0.048,0.0,-0.39355300472431676,0.6816541800856928,1.2421064080923567
844,1782949973.7222311,-0.0006843001733170479,-0.003078921887646446,0.25477626537548537,-0.0012335958284333238,-0.344,0.724,1.603,0.995,-0.085,-0.048,0.0,-0.39355300472431676,0.6816541800856928,1.2421064080923567
845,1782949973.7452347,-0.0012653977806970406,-0.002920446562844495,0.2540462153911967,-0.0014623778669746099,-0.344,0.724,1.604,0.995,-0.085,-0.048,0.0,-0.39355300472431676,0.6816541800856928,1.2421064080923567
845,1782949973.7642107,-0.0012252891019053818,-0.002923586725436087,0.2539865954596629,-0.0015936559277677676,-0.344,0.724,1.604,0.995,-0.085,-0.048,0.0,-0.39355300472431676,0.6816541800856928,1.2421064080923567
847,1782949973.783116,0.000658720283881406,-0.002971705249443025,0.25569703449658754,-0.0016051654818698233,-0.344,0.724,1.604,0.995,-0.085,-0.048,0.0,-0.39355300472431676,0.6816541800856928,1.2421064080923567
848,1782949973.80324,0.0018093606540189955,-0.0024533110928322537,0.2566824198790596,-0.0016191286950633665,-0.344,0.724,1.605,0.995,-0.085,-0.048,0.0,-0.39355300472431676,0.6816541800856928,1.2471064080923568
849,1782949973.8230155,-0.004954595543459641,0.004422039968346938,0.25170258580368776,-0.0016877109791557914,-0.344,0.725,1.605,0.995,-0.085,-0.049,0.0,-0.39355300472431676,0.6816541800856928,1.2471064080923568
849,1782949973.8412056,0.0014047263298255551,0.005577750146133478,0.25527461913406735,-0.0016828877697999938,-0.344,0.725,1.605,0.995,-0.085,-0.049,0.0,-0.39355300472431676,0.6816541800856928,1.2471064080923568
851,1782949973.863744,0.0007372423457613188,0.0063183061501378476,0.25573878507507275,-0.000652507450146186,-0.344,0.725,1.606,0.995,-0.085,-0.049,0.001,-0.39355300472431676,0.6816541800856928,1.2471064080923568
852,1782949973.8861434,-0.0019724809759905032,0.003836230776464519,0.25451738288964915,7.841334345388691e-05,-0.344,0.725,1.606,0.995,-0.085,-0.049,0.001,-0.39355300472431676,0.6816541800856928,1.2471064080923568
852,1782949973.9025943,0.0012750507005258385,0.005832510551901643,0.2561050791621043,0.00045473702820099794,-0.344,0.725,1.606,0.995,-0.085,-0.049,0.001,-0.39355300472431676,0.6816541800856928,1.2471064080923568
854,1782949973.9250903,-0.011888410220310168,-0.00207976033619439,0.2503029890829499,0.0009323999604391148,-0.344,0.725,1.607,0.995,-0.085,-0.049,0.001,-0.39355300472431676,0.6816541800856928,1.2471064080923568
854,1782949973.9447591,-0.005849660733216614,0.0007380076449207389,0.2528947335567778,0.0010632269867097495,-0.344,0.725,1.607,0.995,-0.085,-0.049,0.001,-0.39355300472431676,0.6816541800856928,1.2471064080923568
856,1782949973.9690735,-0.017148408149251608,-0.007907897439189163,0.24893931276974532,0.0012540052989608223,-0.344,0.724,1.608,0.995,-0.085,-0.049,0.001,-0.39355300472431676,0.6816541800856928,1.2471064080923568
856,1782949973.9907768,-0.020301782396396018,-0.011230224284478953,0.24784755102612194,0.0013365178937044515,-0.344,0.724,1.609,0.995,-0.085,-0.049,0.001,-0.39355300472431676,0.6816541800856928,1.2471064080923568
858,1782949974.0103445,-0.009717183765735911,-0.0039450242915816825,0.2519417063309843,0.0012401638472437878,-0.344,0.724,1.609,0.995,-0.085,-0.049,0.001,-0.39355300472431676,0.6816541800856928,1.2471064080923568
858,1782949974.0310414,0.004327635975416973,0.0007719713234452166,0.2548421298154476,0.0011547395607591406,-0.344,0.724,1.61,0.995,-0.086,-0.049,0.001,-0.39355300472431676,0.6816541800856928,1.2521064080923567
860,1782949974.051301,0.003267918794586081,-0.0011615551195088229,0.2540399972235282,0.0010844997038063008,-0.344,0.724,1.61,0.995,-0.086,-0.049,0.001,-0.39355300472431676,0.6816541800856928,1.2521064080923567
860,1782949974.0708077,-0.004666226272812728,-0.009771467905440553,0.24988604113544266,0.0010197579154950804,-0.344,0.724,1.61,0.995,-0.086,-0.049,0.001,-0.39355300472431676,0.6816541800856928,1.2521064080923567
862,1782949974.090615,-0.005393447865786931,-0.011110529996243674,0.24912434088563853,0.00091384243213341,-0.344,0.724,1.611,0.995,-0.086,-0.049,0.001,-0.39355300472431676,0.6816541800856928,1.2521064080923567
862,1782949974.1099603,0.003541572267439525,-0.002795244184467355,0.2529617716738702,0.000879456885852905,-0.344,0.724,1.611,0.995,-0.086,-0.049,0.001,-0.39355300472431676,0.6816541800856928,1.2521064080923567
864,1782949974.1314015,-0.00460823899505282,-0.009126786962495572,0.24950917122863658,0.0008206602981377972,-0.344,0.724,1.612,0.995,-0.086,-0.049,0.001,-0.39355300472431676,0.6816541800856928,1.2521064080923567
864,1782949974.1529586,0.0020339708228479464,-0.001813908108787659,0.25289319644162767,0.0008295859998739736,-0.344,0.724,1.612,0.995,-0.086,-0.049,0.001,-0.39355300472431676,0.6816541800856928,1.2521064080923567
866,1782949974.1815872,-0.00611933498360183,-0.00843016052409273,0.24960996785137532,0.0007286251475639277,-0.344,0.724,1.613,0.995,-0.086,-0.049,0.001,-0.39355300472431676,0.6816541800856928,1.2521064080923567
866,1782949974.2087362,-0.008632820901004076,-0.010070164079706845,0.24905242310407372,0.0006807236565568749,-0.344,0.724,1.613,0.995,-0.086,-0.049,0.001,-0.39355300472431676,0.6816541800856928,1.2521064080923567
869,1782949974.239083,-0.010229363574257725,-0.010334050810214768,0.24888753472748057,0.000717151507948142,-0.344,0.724,1.614,0.995,-0.086,-0.049,0.001,-0.39355300472431676,0.6816541800856928,1.2521064080923567
869,1782949974.260923,0.0015343153243434354,-0.0017683204309351212,0.2534636984756863,0.0007823825773768285,-0.344,0.724,1.615,0.995,-0.086,-0.049,0.001,-0.39355300472431676,0.6816541800856928,1.2571064080923566
871,1782949974.2750714,0.0033220323324606154,5.7873943710453485e-05,0.2544422533073944,0.0008047050463272827,-0.344,0.724,1.615,0.995,-0.086,-0.049,0.001,-0.39355300472431676,0.6816541800856928,1.2571064080923566
871,1782949974.2892125,0.00411789948706525,0.0005908118073774081,0.2546972797642895,0.000830280092177496,-0.344,0.724,1.615,0.995,-0.086,-0.049,0.001,-0.39355300472431676,0.6816541800856928,1.2571064080923566
873,1782949974.3033597,-0.0024291489043283977,-0.004822632984075904,0.2515324956768192,0.0008087562147673643,-0.344,0.724,1.615,0.995,-0.086,-0.049,0.001,-0.39355300472431676,0.6816541800856928,1.2571064080923566
873,1782949974.3192189,0.007639817811195148,0.00266885112756564,0.2552208453988278,0.0008319244261747213,-0.344,0.724,1.616,0.995,-0.086,-0.049,0.001,-0.39355300472431676,0.6816541800856928,1.2571064080923566
875,1782949974.3411925,0.006069990096432481,-0.001549209530205273,0.25463580611689873,-0.0002132632701729168,-0.343,0.724,1.617,0.995,-0.086,-0.049,0.0,-0.39355300472431676,0.6816541800856928,1.2571064080923566
876,1782949974.363756,0.00625018897775811,-0.002820012056798842,0.2543943550039131,-0.0008639173653136105,-0.343,0.724,1.617,0.995,-0.086,-0.049,0.0,-0.39355300472431676,0.6816541800856928,1.2571064080923566
876,1782949974.3810003,0.004925436702853112,-0.0029782218853201346,0.25400616986006525,-0.001262776695727484,-0.343,0.724,1.618,0.995,-0.086,-0.049,0.0,-0.39355300472431676,0.6816541800856928,1.2571064080923566
878,1782949974.4028282,-0.003379006716808074,-0.011313137987942869,0.24978147305274084,-0.0015229778990846466,-0.343,0.724,1.618,0.995,-0.086,-0.049,0.0,-0.39355300472431676,0.6816541800856928,1.2571064080923566
879,1782949974.423136,-0.004558596698009002,-0.013097491276239196,0.24924398155051875,-0.0016070488323230178,-0.343,0.724,1.619,0.995,-0.086,-0.049,0.0,-0.39355300472431676,0.6816541800856928,1.2621064080923567
880,1782949974.442386,-0.005721583905641164,-0.013133711472928558,0.24868526716740427,-0.0015958282048977375,-0.343,0.724,1.619,0.995,-0.086,-0.049,0.0,-0.39355300472431676,0.6816541800856928,1.2621064080923567
881,1782949974.4596977,0.004015676791526471,-0.004493184951477099,0.2526388157336645,-0.0015587357748318195,-0.343,0.724,1.62,0.995,-0.086,-0.049,0.0,-0.39355300472431676,0.6816541800856928,1.2621064080923567
882,1782949974.4819636,0.009339379589443919,-0.0001384317469870673,0.25480677752900593,-0.0015594386945520318,-0.343,0.724,1.621,0.995,-0.086,-0.049,0.0,-0.39355300472431676,0.6816541800856928,1.2621064080923567
883,1782949974.5033283,0.00971475835346728,0.001642002068808334,0.255301137766461,-0.0004917391375747118,-0.343,0.724,1.621,0.995,-0.086,-0.049,0.001,-0.39355300472431676,0.6816541800856928,1.2621064080923567
884,1782949974.5263095,0.008092079926906259,0.00034542677097965796,0.253981802991496,0.00026080494348278734,-0.343,0.724,1.621,0.995,-0.086,-0.049,0.001,-0.39355300472431676,0.6816541800856928,1.2621064080923567
884,1782949974.545396,0.0076488688521107505,-3.1865742226334925e-06,0.25356826335985005,0.000719870682600457,-0.343,0.724,1.622,0.995,-0.086,-0.049,0.001,-0.39355300472431676,0.6816541800856928,1.2621064080923567
886,1782949974.5639787,0.009220712844941283,0.0018000927966437645,0.2549012924801294,0.0009166848226686957,-0.343,0.724,1.622,0.995,-0.086,-0.049,0.001,-0.39355300472431676,0.6816541800856928,1.2621064080923567
887,1782949974.5808847,0.0016122037298522207,-0.004938802903447143,0.24963838841543068,0.001268339599407631,-0.343,0.724,1.623,0.995,-0.086,-0.049,0.001,-0.39355300472431676,0.6816541800856928,1.2671064080923569
888,1782949974.6065607,-0.0021782669950523668,-0.006796321248923497,0.24801147311865218,0.0013708594303125116,-0.343,0.724,1.624,0.995,-0.086,-0.049,0.001,-0.39355300472431676,0.6816541800856928,1.2671064080923569
888,1782949974.6215897,-0.0033070063024532876,-0.007517323399390485,0.24762740015406826,0.0014287159367320009,-0.343,0.724,1.624,0.995,-0.086,-0.049,0.001,-0.39355300472431676,0.6816541800856928,1.2671064080923569
890,1782949974.640496,-0.00407633319677457,-0.008095512090866477,0.24740077166323501,0.0013956812062629693,-0.343,0.724,1.625,0.995,-0.086,-0.049,0.001,-0.39355300472431676,0.6816541800856928,1.2671064080923569
891,1782949974.6605458,0.0037233130411601107,-0.0017669057036547378,0.2522156064205585,0.001276355819293682,-0.343,0.724,1.625,0.995,-0.086,-0.049,0.001,-0.39355300472431676,0.6816541800856928,1.2671064080923569
892,1782949974.6808653,-0.0013202938136346286,-0.0060104596434990415,0.2485836332966111,0.0011440012494013932,-0.343,0.724,1.626,0.995,-0.086,-0.049,0.001,-0.39355300472431676,0.6816541800856928,1.2671064080923569
893,1782949974.703624,-0.0008524128584643641,-0.006401185513085956,0.24819099340145503,0.0010890868343365534,-0.343,0.724,1.626,0.995,-0.086,-0.049,0.001,-0.39355300472431676,0.6816541800856928,1.2671064080923569
894,1782949974.7210062,0.0077994644063555125,0.0013422298819829835,0.25389079166381295,0.0010049845112167232,-0.343,0.724,1.627,0.995,-0.086,-0.049,0.001,-0.39355300472431676,0.6816541800856928,1.2671064080923569
895,1782949974.7409246,0.009364349156982813,0.002793781292855565,0.25517054243585,0.0009329518388540714,-0.343,0.724,1.627,0.995,-0.086,-0.049,0.001,-0.39355300472431676,0.6816541800856928,1.2671064080923569
896,1782949974.762457,0.0099596242722555,0.0028160613369010677,0.25540675278927416,0.0008996887014896864,-0.343,0.724,1.628,0.995,-0.086,-0.049,0.001,-0.39355300472431676,0.6816541800856928,1.2671064080923569
897,1782949974.7852957,0.011379212678880559,0.0037791462542889655,0.25699053863217175,0.0008737112552283612,-0.343,0.724,1.628,0.995,-0.086,-0.049,0.001,-0.39355300472431676,0.6816541800856928,1.2721064080923568
897,1782949974.8020644,0.010398925318344996,0.0036500716322706295,0.2566784633848841,0.0008568613260489402,-0.343,0.724,1.628,0.995,-0.086,-0.049,0.001,-0.39355300472431676,0.6816541800856928,1.2721064080923568
899,1782949974.82057,0.0005183394250436527,0.004743651108375515,0.2515417107447181,0.0006199486460351799,-0.343,0.724,1.629,0.995,-0.086,-0.05,0.001,-0.39355300472431676,0.6816541800856928,1.2721064080923568
900,1782949974.8516798,0.007987889769803054,0.011060781441853034,0.25529919784130695,0.0006208697839221899,-0.343,0.724,1.629,0.995,-0.086,-0.05,0.001,-0.39355300472431676,0.6816541800856928,1.2721064080923568
900,1782949974.8756,-0.0029821205958794356,0.002443856646496408,0.2506845101292952,0.0005446156245093916,-0.343,0.724,1.63,0.995,-0.086,-0.05,0.001,-0.39355300472431676,0.6816541800856928,1.2721064080923568
902,1782949974.8908045,-0.005386379060202617,-0.00040610175631917295,0.24948043606098846,0.0005327813881569463,-0.343,0.725,1.63,0.995,-0.086,-0.05,0.001,-0.39355300472431676,0.6816541800856928,1.2721064080923568
902,1782949974.9072664,0.0028998999775921783,0.006448563432445025,0.2531681353054466,0.0005648597455406053,-0.343,0.725,1.63,0.995,-0.086,-0.05,0.001,-0.39355300472431676,0.6816541800856928,1.2721064080923568
904,1782949974.9221146,-0.0049997111363169495,0.006879347307751256,0.2537663524541159,0.00048076183271557544,-0.343,0.725,1.631,0.995,-0.085,-0.05,0.001,-0.39355300472431676,0.6816541800856928,1.2721064080923568
905,1782949974.943993,-0.01683558822480443,-0.010633548269599714,0.2498547341662228,0.0005266213696222421,-0.343,0.725,1.631,0.995,-0.085,-0.049,0.001,-0.39355300472431676,0.6816541800856928,1.2721064080923568
906,1782949974.9686327,-0.009825371734172212,-0.0055358897409450904,0.2530073491922704,0.0006311837509579789,-0.343,0.724,1.632,0.995,-0.085,-0.049,0.001,-0.39355300472431676,0.6816541800856928,1.2721064080923568
906,1782949974.988257,-0.00853116221524662,-0.005050354243443566,0.2536341562315098,0.0006719927695927766,-0.343,0.724,1.632,0.995,-0.085,-0.049,0.001,-0.39355300472431676,0.6816541800856928,1.2721064080923568
908,1782949975.0087738,-0.016657706280751902,-0.013140665245761426,0.25047400267904724,0.0006490505692385413,-0.343,0.724,1.633,0.995,-0.085,-0.049,0.001,-0.39355300472431676,0.6816541800856928,1.2771064080923566
908,1782949975.027913,-0.002645739885002862,-0.0008867915289540347,0.2558828923883708,0.0007432821185719891,-0.342,0.724,1.633,0.995,-0.085,-0.049,0.001,-0.39355300472431676,0.6816541800856928,1.2771064080923566
910,1782949975.0472817,-0.004966315686807473,-0.003671365523669007,0.25482308837857615,0.000724594645787648,-0.342,0.724,1.634,0.995,-0.085,-0.049,0.001,-0.39355300472431676,0.6816541800856928,1.2771064080923566
910,1782949975.0662034,-0.005582081657508904,-0.0035569385157350787,0.25461208749894604,0.0007212955634213729,-0.342,0.724,1.634,0.995,-0.085,-0.049,0.001,-0.39355300472431676,0.6816541800856928,1.2771064080923566
912,1782949975.0854313,-0.002583297921916289,-0.0007997686543718512,0.2556919084737571,0.0007129962028288888,-0.342,0.724,1.635,0.995,-0.085,-0.049,0.001,-0.39355300472431676,0.6816541800856928,1.2771064080923566
912,1782949975.1067808,-0.0033947888261593147,-0.009006589316361693,0.250328615159931,-0.000326012754413065,-0.342,0.724,1.635,0.995,-0.086,-0.049,0.0,-0.39355300472431676,0.6816541800856928,1.2771064080923566
914,1782949975.1271956,0.003928418800955032,-0.00410590845103035,0.2530599460051862,-0.0009677474277430066,-0.342,0.724,1.636,0.995,-0.086,-0.049,0.0,-0.39355300472431676,0.6816541800856928,1.2771064080923566
914,1782949975.1468742,0.007569159060577934,-0.001565876220732898,0.25496752760434316,-0.0013568761015534058,-0.342,0.724,1.636,0.995,-0.086,-0.049,0.0,-0.39355300472431676,0.6816541800856928,1.2771064080923566
916,1782949975.1699557,0.004718784713455555,0.005225533883769527,0.253518401617492,-0.0017074642794552503,-0.342,0.724,1.637,0.995,-0.086,-0.05,0.0,-0.39355300472431676,0.6816541800856928,1.2771064080923566
916,1782949975.191272,-0.006276819878162032,0.0005833917118724871,0.24837302056301913,-0.0019605490920525876,-0.342,0.724,1.637,0.995,-0.086,-0.05,0.0,-0.39355300472431676,0.6816541800856928,1.2771064080923566
918,1782949975.222501,0.005733327755148676,0.007825574413347039,0.25421163157465615,-0.0019756297266788504,-0.342,0.724,1.638,0.995,-0.086,-0.05,0.0,-0.39355300472431676,0.6816541800856928,1.2821064080923568
918,1782949975.2469614,0.006049424256652102,0.009356832769634556,0.2550932158146926,-0.0020239277586634103,-0.342,0.724,1.639,0.995,-0.086,-0.05,0.0,-0.39355300472431676,0.6816541800856928,1.2821064080923568
921,1782949975.269235,-0.00960934649873277,5.993521872443494e-05,0.24847302572329882,-0.0019034424240939982,-0.342,0.724,1.64,0.995,-0.086,-0.05,0.0,-0.39355300472431676,0.6816541800856928,1.2821064080923568
921,1782949975.2899523,-0.0008708027739988966,0.004910839665982962,0.25217806000144516,-0.0018608876913118722,-0.342,0.724,1.64,0.995,-0.086,-0.05,0.0,-0.39355300472431676,0.6816541800856928,1.2821064080923568
923,1782949975.3119638,0.0003996898703945463,0.004597684459282958,0.2526475360362184,-0.0018011884170014729,-0.342,0.724,1.641,0.995,-0.086,-0.05,0.0,-0.39355300472431676,0.6816541800856928,1.2821064080923568
923,1782949975.332945,0.004699859624094756,0.007752303370615927,0.25443073931167326,-0.0007529473636382531,-0.342,0.724,1.641,0.995,-0.086,-0.05,0.001,-0.39355300472431676,0.6816541800856928,1.2821064080923568
925,1782949975.3547685,0.0007366331528131185,0.005897175733504989,0.25298301282161484,-4.777034403539461e-05,-0.342,0.724,1.642,0.995,-0.086,-0.05,0.001,-0.39355300472431676,0.6816541800856928,1.2821064080923568
925,1782949975.3756962,0.0012438994547808993,0.005210311463840251,0.2526722950338127,0.00039694301269310804,-0.342,0.724,1.642,0.995,-0.086,-0.05,0.001,-0.39355300472431676,0.6816541800856928,1.2821064080923568
927,1782949975.4012182,0.0008965994145458097,0.004552100715552081,0.2523714992019509,0.0006598235685652725,-0.342,0.724,1.643,0.995,-0.086,-0.05,0.001,-0.39355300472431676,0.6816541800856928,1.2821064080923568
927,1782949975.4262695,0.0050078630097028,0.007605861932866144,0.25377628972305744,0.0007500037945401441,-0.342,0.724,1.644,0.995,-0.086,-0.05,0.001,-0.39355300472431676,0.6816541800856928,1.2821064080923568
930,1782949975.4610271,0.0028290564660722614,0.005605475466332083,0.2531261579478258,0.0008614797721001576,-0.342,0.724,1.644,0.995,-0.086,-0.05,0.001,-0.39355300472431676,0.6816541800856928,1.2871064080923569
930,1782949975.4995363,0.0019157019031553245,-0.002662446860389505,0.2526705428235038,0.000989981133388197,-0.342,0.724,1.645,0.995,-0.086,-0.049,0.001,-0.39355300472431676,0.6816541800856928,1.2871064080923569
933,1782949975.5198739,-0.00877060070378986,-0.010852819433741832,0.24651240769513352,0.0009954454292052993,-0.342,0.724,1.647,0.995,-0.086,-0.049,0.001,-0.39355300472431676,0.6816541800856928,1.2871064080923569
933,1782949975.5408597,0.00031320356310466507,-0.00408743002476687,0.2508448599623914,0.0009333351344533822,-0.342,0.724,1.647,0.995,-0.086,-0.049,0.001,-0.39355300472431676,0.6816541800856928,1.2871064080923569
935,1782949975.5631604,-0.00876753344459932,-0.00923926452383043,0.24575472375741542,0.0008118031458667157,-0.342,0.724,1.648,0.995,-0.086,-0.049,0.001,-0.39355300472431676,0.6816541800856928,1.2871064080923569
937,1782949975.5865252,0.005919881993526074,-0.00018748974017642264,0.2531978684635299,0.000824448706733943,-0.342,0.724,1.649,0.995,-0.086,-0.049,0.001,-0.39355300472431676,0.6816541800856928,1.2871064080923569
937,1782949975.6060832,0.007802407463108986,0.001679302816818537,0.2546611421212183,0.0007987419570951672,-0.342,0.724,1.649,0.995,-0.086,-0.049,0.001,-0.39355300472431676,0.6816541800856928,1.2871064080923569
938,1782949975.6292415,-0.004089306437480112,-0.0023496540071486147,0.24733810589616267,0.0006573599254090401,-0.342,0.724,1.65,0.995,-0.086,-0.049,0.001,-0.39355300472431676,0.6816541800856928,1.2921064080923568
940,1782949975.6566234,-0.0036282748219395016,-0.0013778285144435964,0.2460694085008131,0.0005916072950497471,-0.342,0.724,1.651,0.995,-0.086,-0.049,0.001,-0.39355300472431676,0.6816541800856928,1.2921064080923568
940,1782949975.6801164,-0.003996462333866519,-0.0004149973909091838,0.24587358540758797,0.0005339218846186398,-0.342,0.724,1.652,0.995,-0.086,-0.049,0.001,-0.39355300472431676,0.6816541800856928,1.2921064080923568
942,1782949975.699979,0.004313977238254248,0.0019494011845431185,0.2513440557529526,-0.0004302155636351433,-0.342,0.724,1.652,0.995,-0.086,-0.049,0.0,-0.39355300472431676,0.6816541800856928,1.2921064080923568
942,1782949975.7201397,0.005881180518995697,0.00272872882670115,0.252507746210521,-0.001052033820418309,-0.342,0.724,1.653,0.995,-0.086,-0.049,0.0,-0.39355300472431676,0.6816541800856928,1.2921064080923568
944,1782949975.7418034,0.009927345042861186,0.0030822756018774582,0.2544807624712771,-0.0014089426605623108,-0.342,0.724,1.654,0.995,-0.086,-0.049,0.0,-0.39355300472431676,0.6816541800856928,1.2921064080923568
944,1782949975.769287,0.011908761176749764,0.0031047350225615594,0.2562053004215119,-0.001560964836008423,-0.342,0.724,1.654,0.995,-0.086,-0.049,0.0,-0.39355300472431676,0.6816541800856928,1.2921064080923568
947,1782949975.796215,0.00895264878070396,0.002551376739928524,0.2542251362200923,-0.0016584974736025776,-0.342,0.724,1.655,0.995,-0.086,-0.049,0.0,-0.39355300472431676,0.6816541800856928,1.2921064080923568
947,1782949975.8139875,0.002999104972363288,0.0029481609843804296,0.2508094000048174,-0.0016613337329838412,-0.343,0.724,1.656,0.995,-0.086,-0.049,0.0,-0.39355300472431676,0.6816541800856928,1.2971064080923567
949,1782949975.837043,0.011043333282826464,0.004096526654530374,0.25597657393550227,-0.0016914594722722107,-0.343,0.724,1.656,0.995,-0.086,-0.049,0.0,-0.39355300472431676,0.6816541800856928,1.2971064080923567
949,1782949975.8570404,0.004878923706024508,0.0031583031615780733,0.2543555147804346,-0.0016220167161165105,-0.343,0.724,1.657,0.995,-0.086,-0.049,0.0,-0.39355300472431676,0.6816541800856928,1.2971064080923567
951,1782949975.8749886,0.0033483908147338183,0.0027285618748413825,0.2539281974516334,-0.0015520938443840929,-0.343,0.724,1.657,0.995,-0.086,-0.049,0.0,-0.39355300472431676,0.6816541800856928,1.2971064080923567
951,1782949975.8961785,0.002327027682644772,0.0028119183293496205,0.2536033448742201,-0.000440701940283226,-0.343,0.724,1.658,0.995,-0.086,-0.049,0.001,-0.39355300472431676,0.6816541800856928,1.2971064080923567
953,1782949975.916202,-0.009701265624576492,1.927561226650054e-05,0.24924147904742552,0.00041887926055638456,-0.343,0.724,1.658,0.995,-0.086,-0.049,0.001,-0.39355300472431676,0.6816541800856928,1.2971064080923567
953,1782949975.9347982,-0.012270392859656953,-0.0011828327210400696,0.2479685721883523,0.0011009735839760844,-0.343,0.724,1.659,0.995,-0.086,-0.049,0.001,-0.39355300472431676,0.6816541800856928,1.2971064080923567
955,1782949975.9619927,-0.010875710906258504,0.0013951346082888855,0.25201057496799806,0.0011909405360980376,-0.343,0.724,1.659,0.995,-0.085,-0.049,0.001,-0.39355300472431676,0.6816541800856928,1.2971064080923567
955,1782949975.9866066,-0.009934606499815746,0.0021934951896641647,0.2526287158173704,0.0012378056961923805,-0.343,0.724,1.66,0.995,-0.085,-0.049,0.001,-0.39355300472431676,0.6816541800856928,1.2971064080923567
958,1782949976.018457,-0.0053466125823677,0.003970640754650347,0.2549927038639491,0.0011415756079762138,-0.343,0.724,1.661,0.995,-0.085,-0.049,0.001,-0.39355300472431676,0.6816541800856928,1.3021064080923568
958,1782949976.0475545,-0.005531947556466764,0.003641334361519845,0.2542085331891059,0.0010644705204625338,-0.343,0.724,1.661,0.995,-0.085,-0.049,0.001,-0.39355300472431676,0.6816541800856928,1.3021064080923568
961,1782949976.074765,-0.0022034249953151175,0.004194856043636352,0.2553007036325027,0.0009646598475194123,-0.343,0.724,1.662,0.995,-0.085,-0.049,0.001,-0.39355300472431676,0.6816541800856928,1.3021064080923568
961,1782949976.0971177,-0.01218702949984047,0.00020165794490062047,0.24961430544415775,0.0007332819630270822,-0.343,0.724,1.663,0.995,-0.085,-0.049,0.001,-0.39355300472431676,0.6816541800856928,1.3021064080923568
963,1782949976.12164,-0.00524558243150694,-0.0011721023370565766,0.24805476918079983,0.0006784990808367917,-0.343,0.724,1.664,0.995,-0.086,-0.049,0.001,-0.39355300472431676,0.6816541800856928,1.3021064080923568
963,1782949976.15005,-0.005532066037788509,-0.0021883304230037644,0.24735518548142305,0.0005398767008692208,-0.343,0.724,1.664,0.995,-0.086,-0.049,0.001,-0.39355300472431676,0.6816541800856928,1.3021064080923568
966,1782949976.179594,0.008482048563324641,0.004005291747646217,0.25521258911446654,0.0006267104016707451,-0.343,0.724,1.665,0.995,-0.086,-0.049,0.001,-0.39355300472431676,0.6816541800856928,1.307106408092357
966,1782949976.2051728,0.009933071750695535,0.004661803295299954,0.256227600241671,0.0006676997810205106,-0.343,0.724,1.666,0.995,-0.086,-0.049,0.001,-0.39355300472431676,0.6816541800856928,1.307106408092357
969,1782949976.2283564,0.006125642543123937,0.004498438437153722,0.2543871493136724,0.0006927807601442373,-0.343,0.724,1.667,0.995,-0.086,-0.049,0.001,-0.39355300472431676,0.6816541800856928,1.307106408092357
969,1782949976.2461543,0.006095967248763355,0.004860837329495472,0.25409644874322984,0.0007166568666555291,-0.343,0.724,1.667,0.995,-0.086,-0.049,0.001,-0.39355300472431676,0.6816541800856928,1.307106408092357
971,1782949976.2612333,0.007678322555831725,0.005100599350069929,0.25521332770054556,0.0007354958082403415,-0.343,0.724,1.668,0.995,-0.086,-0.049,0.001,-0.39355300472431676,0.6816541800856928,1.307106408092357
972,1782949976.2830553,0.006394356392174057,0.0046018049664571185,0.25525715115434566,0.0007433204376577183,-0.343,0.724,1.668,0.995,-0.086,-0.049,0.001,-0.39355300472431676,0.6816541800856928,1.307106408092357
973,1782949976.3023028,0.008934449423704699,0.003343831621415343,0.25579079792902965,-0.00023652528110546694,-0.343,0.724,1.669,0.995,-0.086,-0.049,0.0,-0.39355300472431676,0.6816541800856928,1.307106408092357
974,1782949976.3223598,-0.006765605876378819,0.0003675545170396359,0.24978355294042184,-0.001028027255790972,-0.343,0.724,1.669,0.995,-0.086,-0.049,0.0,-0.39355300472431676,0.6816541800856928,1.3121064080923568
975,1782949976.3417985,0.0012895848799500276,0.0019067912930548526,0.2527497525552011,-0.0013815148448972875,-0.343,0.724,1.67,0.995,-0.086,-0.049,0.0,-0.39355300472431676,0.6816541800856928,1.3121064080923568
976,1782949976.3605797,0.0009688565076828599,0.002525551945938405,0.2529075090265883,-0.0016370394527165997,-0.343,0.724,1.671,0.995,-0.086,-0.049,0.0,-0.39355300472431676,0.6816541800856928,1.3121064080923568
977,1782949976.378527,0.0018062817823635714,0.0024086748271405795,0.252814759030131,-0.0017752429266410903,-0.343,0.724,1.671,0.995,-0.086,-0.049,0.0,-0.39355300472431676,0.6816541800856928,1.3121064080923568
978,1782949976.3996193,0.005770176014832389,0.003333563309726801,0.25430821270970616,-0.0017855369493212161,-0.343,0.724,1.672,0.995,-0.086,-0.049,0.0,-0.39355300472431676,0.6816541800856928,1.3121064080923568
979,1782949976.4230754,0.0019217644017470873,0.002246614655128411,0.25275489335239953,-0.001805787762158641,-0.343,0.724,1.672,0.995,-0.086,-0.049,0.0,-0.39355300472431676,0.6816541800856928,1.3121064080923568
980,1782949976.445091,0.007774553096314276,0.0034455609504911895,0.25509249803286127,-0.001789863423085465,-0.343,0.724,1.672,0.995,-0.086,-0.049,0.0,-0.39355300472431676,0.6816541800856928,1.3121064080923568
980,1782949976.4620857,0.00809029953471525,0.004877210920653373,0.255275558779501,-0.001799146120654409,-0.344,0.724,1.673,0.995,-0.086,-0.049,0.0,-0.39355300472431676,0.6816541800856928,1.3121064080923568
982,1782949976.4837084,0.00558974517508861,0.0045659196179279864,0.25417214532349713,-0.0017384860374616514,-0.344,0.724,1.674,0.995,-0.086,-0.049,0.0,-0.39355300472431676,0.6816541800856928,1.3121064080923568
983,1782949976.5045006,-0.010039549607982007,0.0010142426760792883,0.24626109187273543,-0.0016039598642429225,-0.344,0.724,1.674,0.995,-0.086,-0.049,0.0,-0.39355300472431676,0.6816541800856928,1.3121064080923568
984,1782949976.528603,-0.013450237447333167,-6.305888581373091e-05,0.24421312105305043,-0.0014273794131300184,-0.344,0.724,1.675,0.995,-0.086,-0.049,0.0,-0.39355300472431676,0.6816541800856928,1.3121064080923568
984,1782949976.548156,0.0015821969134739555,0.004197575564084248,0.25164326891012523,-0.00040736907624432626,-0.344,0.724,1.675,0.995,-0.086,-0.049,0.001,-0.39355300472431676,0.6816541800856928,1.3121064080923568
986,1782949976.5666943,0.0043053227879857325,0.005550273391383347,0.2536690462559583,0.00017667308496618472,-0.344,0.724,1.676,0.995,-0.086,-0.049,0.001,-0.39355300472431676,0.6816541800856928,1.3171064080923567
986,1782949976.5835052,-0.0032833517107682545,0.005824408026811351,0.2540697776265082,0.0005335185303723775,-0.344,0.724,1.677,0.995,-0.085,-0.049,0.001,-0.39355300472431676,0.6816541800856928,1.3171064080923567
988,1782949976.600848,-0.017283500925821538,0.0025777153594529617,0.24661118720009836,0.0008679032144158598,-0.344,0.724,1.678,0.995,-0.085,-0.049,0.001,-0.39355300472431676,0.6816541800856928,1.3171064080923567
989,1782949976.6203482,-0.00831785773603465,0.0037093006861745777,0.25076506809907995,0.0009394194787358266,-0.344,0.724,1.679,0.995,-0.085,-0.049,0.001,-0.39355300472431676,0.6816541800856928,1.3171064080923567
990,1782949976.6415563,-0.014483507072487335,0.0018922180768406495,0.2463829010985841,0.000913100220818371,-0.344,0.724,1.679,0.995,-0.085,-0.049,0.001,-0.39355300472431676,0.6816541800856928,1.3171064080923567
991,1782949976.6619277,-0.0022311280445412706,0.005218513726069811,0.25350525291643833,0.0008957797073981261,-0.344,0.724,1.68,0.995,-0.085,-0.049,0.001,-0.39355300472431676,0.6816541800856928,1.3171064080923567
992,1782949976.6804442,-0.0017470757494197024,0.006256192616152288,0.25409703491285807,0.0008373341937196702,-0.344,0.724,1.68,0.995,-0.085,-0.049,0.001,-0.39355300472431676,0.6816541800856928,1.3171064080923567
993,1782949976.7017226,0.008310274883963175,0.006156951274427969,0.2541555776850711,0.0008351917680221269,-0.344,0.724,1.681,0.995,-0.086,-0.049,0.001,-0.39355300472431676,0.6816541800856928,1.3171064080923567
994,1782949976.7244606,0.010654522766179824,0.006575080224061839,0.2559086189274582,0.0007971481539518162,-0.344,0.724,1.681,0.995,-0.086,-0.049,0.001,-0.39355300472431676,0.6816541800856928,1.3221064080923568
994,1782949976.745263,0.0031840255302159077,0.0024943260875740537,0.2491840266739515,0.000698582288291755,-0.344,0.724,1.682,0.995,-0.086,-0.049,0.001,-0.39355300472431676,0.6816541800856928,1.3221064080923568
996,1782949976.7599795,0.00021727479777466224,0.001761887605729819,0.24781322553930127,0.0005654331178255972,-0.344,0.724,1.682,0.995,-0.086,-0.049,0.001,-0.39355300472431676,0.6816541800856928,1.3221064080923568
997,1782949976.7800295,0.00951431981059266,0.004348710849862762,0.2547516892768423,-0.0004274413195539153,-0.344,0.724,1.683,0.995,-0.086,-0.049,0.0,-0.39355300472431676,0.6816541800856928,1.3221064080923568
998,1782949976.8032908,0.004435578621255289,0.0031429985179166117,0.25323463599583684,-0.001064804598590831,-0.344,0.724,1.684,0.995,-0.086,-0.049,0.0,-0.39355300472431676,0.6816541800856928,1.3221064080923568
999,1782949976.8224692,0.00320411243299813,0.0027062463077763485,0.25298770151702493,-0.0014311291024127377,-0.344,0.724,1.684,0.995,-0.086,-0.049,0.0,-0.39355300472431676,0.6816541800856928,1.3221064080923568
1000,1782949976.843567,0.004965123683727654,-0.005773145378407625,0.25432262779756665,-0.0015166266548283318,-0.344,0.724,1.685,0.995,-0.086,-0.048,0.0,-0.39355300472431676,0.6816541800856928,1.3221064080923568
1001,1782949976.8600585,0.0012998057881982118,-0.008242068260856696,0.25290088725873283,-0.001585282405823215,-0.344,0.724,1.686,0.995,-0.086,-0.048,0.0,-0.39355300472431676,0.6816541800856928,1.3221064080923568
1002,1782949976.8803427,1.933718948454819e-05,-0.008981158279678415,0.25322810746361085,-0.00154983207219175,-0.344,0.724,1.687,0.995,-0.086,-0.048,0.0,-0.39355300472431676,0.6816541800856928,1.327106408092357
1002,1782949976.9036412,-0.013629574976323632,-0.01425827688333001,0.24853598070253669,-0.0014625034548905562,-0.344,0.724,1.687,0.995,-0.086,-0.048,0.0,-0.39355300472431676,0.6816541800856928,1.327106408092357
1004,1782949976.9264598,-0.0026815115729891953,-0.009273215872052893,0.2521354641276976,-0.0013978304773426874,-0.344,0.724,1.688,0.995,-0.086,-0.048,0.0,-0.39355300472431676,0.6816541800856928,1.327106408092357
1004,1782949976.9480884,-0.001133152362986875,-0.007842324918708687,0.2527639411670659,-0.0013842289010419875,-0.344,0.724,1.688,0.995,-0.086,-0.048,0.0,-0.39355300472431676,0.6816541800856928,1.327106408092357
1006,1782949976.97264,-0.0006568994948726609,-0.008130141224871757,0.2527225418052902,-0.0012920959067420441,-0.344,0.724,1.689,0.995,-0.086,-0.048,0.0,-0.39355300472431676,0.6816541800856928,1.327106408092357
1006,1782949976.9955618,-0.012927184373169308,-0.010083676077429764,0.24815531417871595,-0.0011087991445470383,-0.344,0.724,1.689,0.995,-0.086,-0.048,0.0,-0.39355300472431676,0.6816541800856928,1.327106408092357
1008,1782949977.019606,0.002112472076260462,-0.006053545755667607,0.25333584067447806,-0.001171295624709162,-0.344,0.724,1.69,0.995,-0.086,-0.048,0.0,-0.39355300472431676,0.6816541800856928,1.327106408092357
1008,1782949977.0347836,0.000906215133730388,-0.004654103950406123,0.2527807674336467,-0.00013711582877805242,-0.344,0.724,1.69,0.995,-0.086,-0.048,0.001,-0.39355300472431676,0.6816541800856928,1.327106408092357
1010,1782949977.049306,-0.010915449032246198,-0.007327149968479657,0.24803015859996042,0.0006154912594479074,-0.344,0.724,1.691,0.995,-0.086,-0.048,0.001,-0.39355300472431676,0.6816541800856928,1.327106408092357
1010,1782949977.0638025,0.002764986255189507,0.004547520181319844,0.25322330438917706,0.0008421755506913909,-0.344,0.724,1.691,0.995,-0.086,-0.049,0.001,-0.39355300472431676,0.6816541800856928,1.327106408092357
1012,1782949977.083102,0.0016145085904287464,0.004441334845970316,0.2525449340897795,0.0009461932835116232,-0.344,0.724,1.692,0.995,-0.086,-0.049,0.001,-0.39355300472431676,0.6816541800856928,1.327106408092357
1013,1782949977.1022959,0.0024479206327973355,0.01941288048487956,0.2530147878327183,0.0010168547974907904,-0.344,0.724,1.692,0.995,-0.086,-0.049,0.001,-0.38355300472431675,0.6816541800856928,1.3321064080923568
1013,1782949977.1244829,0.002542409695292405,0.02069562996134954,0.253046053151597,0.0009937828272319265,-0.344,0.724,1.693,0.995,-0.086,-0.049,0.001,-0.38355300472431675,0.6816541800856928,1.3321064080923568
1015,1782949977.143843,0.008012690868960835,0.022146948931172344,0.25556981596503014,0.000985935851310231,-0.344,0.724,1.694,0.995,-0.086,-0.049,0.001,-0.38355300472431675,0.6816541800856928,1.3321064080923568
1016,1782949977.167275,-0.007141066289453138,0.013651141024309447,0.24891270246636515,0.0008575867423456967,-0.344,0.724,1.694,0.995,-0.086,-0.049,0.001,-0.38355300472431675,0.6816541800856928,1.3321064080923568
1016,1782949977.1891258,0.00014295154395177392,0.015936227640708275,0.25184638863119974,0.000855990142986019,-0.344,0.724,1.695,0.995,-0.086,-0.049,0.001,-0.38355300472431675,0.6816541800856928,1.3321064080923568
1018,1782949977.2088685,0.0012599165210254006,0.013450696990317111,0.25224128255601397,0.0008291517138524535,-0.344,0.724,1.695,0.995,-0.086,-0.049,0.001,-0.38355300472431675,0.6816541800856928,1.3321064080923568
1018,1782949977.2288156,-0.00962554594719723,0.00036061621932483544,0.24741328318284303,0.0006864130084481188,-0.344,0.724,1.696,0.995,-0.086,-0.049,0.001,-0.38355300472431675,0.6816541800856928,1.3321064080923568
1020,1782949977.2503397,0.0029659099807050893,0.013359149311611807,0.25277565135190716,0.0007432265321849017,-0.344,0.724,1.696,0.995,-0.086,-0.049,0.001,-0.38355300472431675,0.6816541800856928,1.3321064080923568
1020,1782949977.2723083,0.005758561040647939,0.004768472234308695,0.25368381844730997,-0.00015562126299045514,-0.344,0.724,1.697,0.995,-0.086,-0.048,0.0,-0.38355300472431675,0.6816541800856928,1.3321064080923568
1022,1782949977.2975428,0.0028246144745750273,0.013365661783805586,0.2519234884972887,-0.0007591122296536323,-0.344,0.724,1.698,0.995,-0.086,-0.048,0.0,-0.37355300472431674,0.6816541800856928,1.3321069812677566
1022,1782949977.3175914,0.0027263299689888193,0.014635498088934114,0.25151126971037124,-0.0011134032529031379,-0.344,0.724,1.699,0.995,-0.086,-0.048,0.0,-0.37355300472431674,0.6816541800856928,1.3321069812677566
1024,1782949977.3391147,0.005217810462293857,0.019599474001431194,0.25290736387172985,-0.0013421786828715018,-0.344,0.724,1.699,0.995,-0.086,-0.048,0.0,-0.37355300472431674,0.6816541800856928,1.3321069812677566
1024,1782949977.3594458,0.0031933697859882976,0.015892267673757673,0.25153516291592876,-0.0014690645868720158,-0.344,0.724,1.7,0.995,-0.086,-0.048,0.0,-0.37355300472431674,0.6816541800856928,1.3321069812677566
1026,1782949977.3901582,0.0026896016846750474,0.015335147578517602,0.2511725394089585,-0.0014806255244658758,-0.344,0.724,1.7,0.995,-0.086,-0.048,0.0,-0.37355300472431674,0.6816541800856928,1.3321069812677566
1026,1782949977.4103506,0.004900999595071508,0.018203636271514452,0.2523588724156173,-0.0014841153837471988,-0.344,0.724,1.702,0.995,-0.086,-0.048,0.0,-0.37355300472431674,0.6816541800856928,1.3321069812677566
1029,1782949977.4306483,0.0028779318987904806,0.01319423631490139,0.2510196860757928,-0.001406687031954382,-0.344,0.724,1.702,0.995,-0.086,-0.048,0.0,-0.37355300472431674,0.6816541800856928,1.3321069812677566
1029,1782949977.4506838,0.0021176586543795173,0.012220828487440374,0.25067945961622434,-0.0013613442828576267,-0.344,0.724,1.703,0.995,-0.086,-0.048,0.0,-0.37355300472431674,0.6816541800856928,1.3321069812677566
1031,1782949977.4707577,-0.0026379092568240836,0.02030452463149325,0.24817154004796682,-0.0012442364701647978,-0.344,0.724,1.703,0.995,-0.086,-0.047,0.0,-0.36355300472431673,0.6816541800856928,1.3321069812677566
1031,1782949977.489919,-0.007567507722973956,0.012620781048739168,0.2453659200426183,-0.0010893310315323703,-0.344,0.724,1.704,0.995,-0.086,-0.047,0.0,-0.36355300472431673,0.6816541800856928,1.3321069812677566
1033,1782949977.510833,-0.0043849447218319865,0.019977126017663834,0.2469193401371419,-0.0010758697510854346,-0.344,0.724,1.705,0.995,-0.086,-0.047,0.0,-0.36355300472431673,0.6816541800856928,1.3321069812677566
1033,1782949977.5303595,-0.007571709733368532,0.012094079293337584,0.24518586772138856,-0.000982680055873762,-0.344,0.724,1.705,0.995,-0.086,-0.047,0.0,-0.36355300472431673,0.6816541800856928,1.3321069812677566
1035,1782949977.5498307,-0.007623518555752266,0.009986158958180641,0.2449231644148829,-0.000983422379666357,-0.344,0.724,1.705,0.995,-0.086,-0.047,0.0,-0.36355300472431673,0.6816541800856928,1.3321069812677566
1035,1782949977.5692627,-0.005066937712608003,0.01575729490548333,0.2462805926206073,-0.0009950210619151484,-0.344,0.724,1.706,0.995,-0.086,-0.047,0.0,-0.36355300472431673,0.6816541800856928,1.3321069812677566
1037,1782949977.589246,-0.013421618063395339,0.009747508145366944,0.24582446258418067,-0.0010547228124204095,-0.344,0.724,1.706,0.995,-0.085,-0.047,0.0,-0.36355300472431673,0.6816541800856928,1.3321069812677566
1037,1782949977.6088626,-0.013093076871559252,0.00902772368082425,0.24607620199919167,-0.0010694682190834357,-0.344,0.724,1.707,0.995,-0.085,-0.047,0.0,-0.36355300472431673,0.6816541800856928,1.3321069812677566
1039,1782949977.6266818,-0.0030087123052501743,0.00794060488150641,0.24647043294345763,-0.0009980151917300486,-0.343,0.724,1.707,0.995,-0.086,-0.047,0.0,-0.36355300472431673,0.6816541800856928,1.3321069812677566
1039,1782949977.6413643,-0.0010049526494533053,0.02775332887231389,0.24734131820720068,-0.0009916368731586966,-0.343,0.724,1.707,0.995,-0.086,-0.047,0.0,-0.3535530047243167,0.6816541800856928,1.3321069812677566
1040,1782949977.6646948,0.0008234805744082932,0.026449694092635576,0.24822367813516466,-0.0009386369406178311,-0.343,0.724,1.708,0.995,-0.086,-0.046,0.0,-0.3535530047243167,0.6816541800856928,1.3321069812677566
1040,1782949977.6833763,0.0017307503285427187,0.021023021835387026,0.2483421017889582,-0.000838442632604055,-0.343,0.724,1.708,0.995,-0.086,-0.046,0.0,-0.3535530047243167,0.6816541800856928,1.3321069812677566
1043,1782949977.6999521,0.002336822653541088,0.01970481909624433,0.24863103892675337,-0.0007754367898247813,-0.343,0.724,1.708,0.995,-0.086,-0.046,0.0,-0.3535530047243167,0.6816541800856928,1.3321069812677566
1044,1782949977.7217042,0.004274991656657428,0.010481611939849788,0.24927472914212567,-0.0006818842613690497,-0.343,0.724,1.708,0.995,-0.086,-0.046,0.0,-0.3535530047243167,0.6816541800856928,1.3321069812677566
1044,1782949977.7394307,0.002592206556832492,0.016533745555064143,0.24954220357339638,-0.0006884058547482761,-0.343,0.724,1.708,0.995,-0.086,-0.046,0.0,-0.3535530047243167,0.6816541800856928,1.3321069812677566
1046,1782949977.7632005,0.004407569425869412,0.0065594087240967176,0.2501078403730902,-0.0006119523352181989,-0.342,0.724,1.708,0.995,-0.086,-0.046,0.0,-0.3535530047243167,0.6816541800856928,1.3321069812677566
1047,1782949977.779982,0.0022579511455244174,0.027191942751620866,0.24975759980475892,-0.0006440589449402574,-0.342,0.724,1.708,0.995,-0.086,-0.046,0.0,-0.34355300472431677,0.6816541800856928,1.3321069812677566
1048,1782949977.805125,0.0009677598413870029,0.03819301657209764,0.24954148270734014,-0.0007545534793779749,-0.342,0.724,1.708,0.995,-0.086,-0.046,0.0,-0.34355300472431677,0.6816541800856928,1.3321069812677566
1048,1782949977.8209329,0.0024607700172300873,0.013387295753719997,0.2504732362358697,-0.0005159407289406287,-0.342,0.724,1.708,0.995,-0.086,-0.045,0.0,-0.34355300472431677,0.6816541800856928,1.3321069812677566
1050,1782949977.842085,0.003012974758999836,0.01069436029584294,0.2510673971590015,-0.00040801586310439564,-0.342,0.724,1.707,0.995,-0.086,-0.045,0.0,-0.34355300472431677,0.6816541800856928,1.3321069812677566
1051,1782949977.861327,0.0018168374092346175,0.021452538950828607,0.25047870854446963,-0.0004144001424621686,-0.341,0.724,1.707,0.995,-0.086,-0.045,0.0,-0.34355300472431677,0.6816541800856928,1.3321069812677566
1052,1782949977.8810961,0.0032678780683525555,0.006680518029630003,0.25147684668679665,-0.00029060235508445505,-0.341,0.724,1.707,0.995,-0.086,-0.045,0.0,-0.34355300472431677,0.6816541800856928,1.3321069812677566
1053,1782949977.9018567,0.002390745537469819,0.01490001756091228,0.2510543989406461,-0.00030813358343099784,-0.341,0.724,1.707,0.995,-0.086,-0.045,0.0,-0.34355300472431677,0.6816541800856928,1.3321069812677566
1054,1782949977.9247522,0.004801651292018366,0.0043697973099671335,0.25200491947082093,-0.00021078231003769952,-0.341,0.724,1.706,0.995,-0.086,-0.045,0.0,-0.34355300472431677,0.6816541800856928,1.3321069812677566
1054,1782949977.943464,0.005330079777399494,0.0009882704933402466,0.2523080708968036,-0.00016584224609978256,-0.34,0.724,1.706,0.995,-0.086,-0.045,0.0,-0.34355300472431677,0.6816541800856928,1.3321069812677566
1056,1782949977.9652555,0.00541564587712667,0.013471293331914054,0.2522263105138302,-0.00020555952032087066,-0.34,0.724,1.706,0.995,-0.086,-0.045,0.0,-0.33355300472431676,0.6816541800856928,1.3321069812677566
1056,1782949977.9845457,0.00367892560556051,0.03557783389012836,0.2508638327511707,-0.00037096417132371037,-0.34,0.724,1.705,0.995,-0.086,-0.045,0.0,-0.33355300472431676,0.6816541800856928,1.3321069812677566
1058,1782949978.0018334,0.006663915987019823,0.007582956957084497,0.25226493207457074,-0.0001350655278297117,-0.339,0.724,1.705,0.995,-0.086,-0.044,0.0,-0.33355300472431676,0.6816541800856928,1.3321069812677566
1059,1782949978.0203774,0.012429685339666454,-0.03181678110798144,0.25511761536234584,0.00023236525765830116,-0.339,0.724,1.705,0.995,-0.086,-0.044,0.0,-0.33355300472431676,0.6816541800856928,1.3321069812677566
1060,1782949978.0414379,0.00887235594245464,-0.007187729693238859,0.25323869105229263,0.00016304218159958494,-0.339,0.724,1.704,0.995,-0.086,-0.044,0.0,-0.33355300472431676,0.6816541800856928,1.3321069812677566
1061,1782949978.067031,0.007690709984420336,-0.0036251256822403717,0.2527901449469455,0.0002302503861037733,-0.338,0.724,1.704,0.995,-0.086,-0.044,0.0,-0.33355300472431676,0.6816541800856928,1.3321069812677566
1061,1782949978.0878897,0.006619971548894668,0.009993387573128816,0.2517811506193299,0.00016710755068385892,-0.338,0.725,1.704,0.995,-0.086,-0.044,0.0,-0.33355300472431676,0.6816541800856928,1.3321069812677566
1063,1782949978.1111062,0.0059560419558697,0.018399514729834796,0.2510942004425448,0.00010145618694863175,-0.338,0.725,1.704,0.995,-0.086,-0.044,0.0,-0.33355300472431676,0.6816541800856928,1.3321069812677566
1063,1782949978.1292546,0.013688094549879523,-0.032976395023158106,0.25453186951095064,0.0006265364821167428,-0.337,0.725,1.704,0.995,-0.086,-0.044,0.0,-0.33355300472431676,0.6816541800856928,1.3321069812677566
1065,1782949978.146418,0.00750338907180776,0.003973531427278375,0.2520655302309813,0.00036433859913225517,-0.337,0.725,1.703,0.995,-0.086,-0.044,0.0,-0.33355300472431676,0.6816541800856928,1.3321069812677566
1065,1782949978.1655934,0.006863871884389028,-0.026628279280247094,0.254316873329194,0.0006411968524019006,-0.337,0.725,1.703,0.995,-0.085,-0.044,0.0,-0.32355300472431675,0.6816541800856928,1.3321069812677566
1067,1782949978.1862936,0.0006812349555572724,0.002155810585895753,0.25251854945552676,0.0004056838257550742,-0.336,0.725,1.703,0.995,-0.085,-0.044,0.0,-0.32355300472431675,0.6816541800856928,1.3321069812677566
1067,1782949978.2019167,0.006392567396409113,-0.031842368558275616,0.25419387519268677,0.0006172514392610118,-0.336,0.725,1.703,0.995,-0.085,-0.044,0.0,-0.32355300472431675,0.6816541800856928,1.3321069812677566
1069,1782949978.2243142,-0.0010578675383742242,0.013573753052936524,0.25169656669209617,0.00026475480586225683,-0.335,0.725,1.702,0.995,-0.085,-0.044,0.0,-0.32355300472431675,0.6816541800856928,1.3321069812677566
1069,1782949978.2453818,0.007659372007532798,-0.030266282119094517,0.2538145306921768,0.0004999091649788414,-0.335,0.725,1.702,0.995,-0.085,-0.044,0.0,-0.32355300472431675,0.6816541800856928,1.3321069812677566
1071,1782949978.2617896,-0.0032430472354677622,0.027186743851609248,0.2509066458735454,7.717708927509903e-05,-0.335,0.725,1.702,0.995,-0.085,-0.044,0.0,-0.32355300472431675,0.6816541800856928,1.3321069812677566
1072,1782949978.2829702,0.001468281513265987,0.005868526236190923,0.25156809442381844,8.792280801232053e-05,-0.334,0.725,1.702,0.995,-0.085,-0.044,0.0,-0.32355300472431675,0.6816541800856928,1.3321069812677566
1072,1782949978.307536,0.0022426020757761924,0.0024945169064358296,0.2515977343111152,6.565500711420356e-05,-0.334,0.725,1.702,0.995,-0.085,-0.044,0.0,-0.32355300472431675,0.6816541800856928,1.3321069812677566
1074,1782949978.3232653,0.01254871215967636,-0.043793690874590785,0.25315702560925935,0.00046043932780792516,-0.333,0.725,1.702,0.995,-0.085,-0.044,0.0,-0.32355300472431675,0.6816541800856928,1.3321069812677566
1075,1782949978.341377,0.0013573019062512928,0.024131978321956363,0.25109929110205154,3.584178924558669e-05,-0.333,0.725,1.702,0.995,-0.085,-0.045,0.0,-0.31355300472431674,0.6816541800856928,1.3321069812677566
1076,1782949978.3628435,0.013984644134897287,-0.03493357488915023,0.25295961998066263,0.0005259238062674115,-0.332,0.725,1.701,0.995,-0.085,-0.045,0.0,-0.31355300472431674,0.6816541800856928,1.3321069812677566
1077,1782949978.387263,0.0055542737139625455,0.007578436312809217,0.2517585127044757,0.0002504877112831686,-0.331,0.725,1.701,0.995,-0.085,-0.045,0.0,-0.31355300472431674,0.6816541800856928,1.3321069812677566
1077,1782949978.406819,0.006036724220331431,0.010256434319896507,0.2515433696645973,0.00017871808408397065,-0.331,0.726,1.701,0.995,-0.085,-0.045,0.0,-0.31355300472431674,0.6816541800856928,1.3321069812677566
1079,1782949978.4221153,0.01519225001539556,-0.0394285182806083,0.253159762438084,0.0006003230514664681,-0.331,0.726,1.701,0.995,-0.085,-0.045,0.0,-0.31355300472431674,0.6816541800856928,1.3321069812677566
1080,1782949978.4406323,0.005206278381706609,0.0010147332806112117,0.25183218242669986,0.00032378797059327635,-0.33,0.726,1.701,0.995,-0.085,-0.045,0.0,-0.31355300472431674,0.6816541800856928,1.3321069812677566
1081,1782949978.4608388,0.004218706639286841,0.004497595401118194,0.25166130538594184,0.00023451132867299352,-0.329,0.726,1.701,0.995,-0.085,-0.045,0.0,-0.31355300472431674,0.6816541800856928,1.3321069812677566
1082,1782949978.4799604,0.0008040461731446324,0.025037780913162104,0.25103720493729953,1.2979251788502604e-05,-0.329,0.726,1.701,0.995,-0.085,-0.045,0.0,-0.31355300472431674,0.6816541800856928,1.3321069812677566
1083,1782949978.5001273,0.0025195161349676086,0.006699254752092217,0.2516555134490527,7.657566392520329e-05,-0.328,0.726,1.7,0.995,-0.085,-0.045,0.0,-0.31355300472431674,0.6816541800856928,1.3321069812677566
1084,1782949978.5221531,0.00867654046198307,-0.03941485081622144,0.25315800897194907,0.0004964709789714342,-0.328,0.726,1.7,0.995,-0.085,-0.045,0.0,-0.3035530047243168,0.6816541800856928,1.3321069812677566
1085,1782949978.5440443,0.00026063916391810653,0.025304230080106058,0.25127551033655415,0.00011584125560219814,-0.327,0.726,1.7,0.995,-0.085,-0.045,0.0,-0.3035530047243168,0.6816541800856928,1.3321069812677566
1085,1782949978.5646544,0.008111189814197275,-0.04563926828192155,0.2532222906123051,0.0006142401035112245,-0.327,0.726,1.7,0.995,-0.085,-0.045,0.0,-0.3035530047243168,0.6816541800856928,1.3321069812677566
1087,1782949978.5850763,0.00025817362393472376,0.021854270875414444,0.25134205735912907,0.00020874004135640182,-0.326,0.726,1.7,0.995,-0.085,-0.045,0.0,-0.3035530047243168,0.6816541800856928,1.3321069812677566
1087,1782949978.6030166,0.00026635224980352604,0.008301581289436217,0.2516500119830935,0.00021513209441653618,-0.325,0.726,1.7,0.995,-0.085,-0.045,0.0,-0.3035530047243168,0.6816541800856928,1.3321069812677566
1089,1782949978.624731,0.0006083353027100617,0.009662463229707515,0.25169183313063503,0.0001866476754565539,-0.325,0.726,1.7,0.995,-0.085,-0.045,0.0,-0.3035530047243168,0.6816541800856928,1.3321069812677566
1089,1782949978.6418514,-0.0027108430800250015,0.0393800727560888,0.25089422826826796,-5.9510181307598225e-05,-0.325,0.726,1.7,0.995,-0.085,-0.045,0.0,-0.3035530047243168,0.6816541800856928,1.3321069812677566
1091,1782949978.663252,-0.0035569897690966128,0.04515351606279172,0.25081954124996453,-0.000229971650293312,-0.323,0.726,1.699,0.995,-0.085,-0.045,0.0,-0.3035530047243168,0.6816541800856928,1.3321069812677566
1092,1782949978.6861818,-0.0022668779121993044,0.02726352320967278,0.2512620250764149,-0.00020626791514560835,-0.323,0.726,1.699,0.995,-0.085,-0.045,0.0,-0.3035530047243168,0.6816541800856928,1.3321069812677566
1092,1782949978.7114415,0.0042713854793747135,-0.0643851534636544,0.25379726310985606,0.0005471013887664202,-0.322,0.726,1.699,0.995,-0.085,-0.045,0.0,-0.3035530047243168,0.6816541800856928,1.3321069812677566
1094,1782949978.7338932,5.34481402038791e-05,-0.00827585342447848,0.252278141954429,0.00040785530074754947,-0.321,0.726,1.699,0.995,-0.085,-0.045,0.0,-0.2935530047243168,0.6816541800856928,1.3321069812677566
1094,1782949978.7588189,0.001645600668016227,-0.00849439887124245,0.2521319125274639,0.00040697164702680166,-0.32,0.727,1.699,0.995,-0.085,-0.045,0.0,-0.2935530047243168,0.6816541800856928,1.3321069812677566
1096,1782949978.782832,-0.0009911220984004472,0.04325032808478464,0.25082802563211315,1.0926364157966555e-05,-0.319,0.727,1.699,0.995,-0.085,-0.045,0.0,-0.2935530047243168,0.6816541800856928,1.3321069812677566
1096,1782949978.7983246,-7.014016901972248e-05,0.02761375696782624,0.2514177539365759,-1.0019213970963269e-05,-0.318,0.727,1.698,0.995,-0.085,-0.045,0.0,-0.2935530047243168,0.6816541800856928,1.3321069812677566
1098,1782949978.8148806,-0.0011914861574190885,0.026010062074039265,0.2514644021038561,-5.973308146421162e-05,-0.318,0.727,1.698,0.995,-0.085,-0.045,0.0,-0.2935530047243168,0.6816541800856928,1.3321069812677566
1098,1782949978.8304803,-0.0013296818062881527,0.02389664745616488,0.2515014226115792,-7.605837915971943e-05,-0.317,0.727,1.698,0.995,-0.085,-0.045,0.0,-0.2935530047243168,0.6816541800856928,1.3321069812677566
1100,1782949978.8448713,-0.00036714532936187646,-0.004343966908395763,0.25218338868721313,0.00010630660880998053,-0.316,0.727,1.698,0.995,-0.085,-0.045,0.0,-0.2935530047243168,0.6816541800856928,1.3321069812677566
1101,1782949978.8603132,0.0022167369938795095,-0.08675220590615955,0.2541918141390154,0.0008089810539523037,-0.316,0.727,1.698,0.995,-0.085,-0.045,0.0,-0.2935530047243168,0.6816541800856928,1.3321069812677566
1102,1782949978.880095,-0.002020302236038405,0.00793116321795323,0.2511755480677138,0.00018710079844058778,-0.315,0.727,1.698,0.995,-0.085,-0.045,0.0,-0.28355300472431677,0.6816541800856928,1.3321069812677566
1103,1782949978.898283,-0.0005947487958013692,-0.005104941927988466,0.2519108690953736,0.0003401095260503786,-0.314,0.727,1.698,0.995,-0.085,-0.045,0.0,-0.28355300472431677,0.6816541800856928,1.3321069812677566
1104,1782949978.9188573,-0.0012362192337315092,0.023371777926801233,0.25148216553904057,0.00017674301241443177,-0.313,0.727,1.698,0.995,-0.085,-0.045,0.0,-0.28355300472431677,0.6816541800856928,1.3321069812677566
1105,1782949978.9383488,-0.002306564929358086,0.057688281630811244,0.25079247455030695,-0.00012044191934128425,-0.312,0.727,1.697,0.995,-0.085,-0.045,0.0,-0.28355300472431677,0.6816541800856928,1.3321069812677566
1106,1782949978.9596908,0.0012108803511216145,-0.04003570961131975,0.25406447060682474,0.0007892429121096754,-0.311,0.727,1.697,0.995,-0.085,-0.045,0.0,-0.28355300472431677,0.6816541800856928,1.3321069812677566
1107,1782949978.980686,-0.0011824264883112754,-0.017038898439538777,0.2526617719776828,0.0006486473538308785,-0.31,0.727,1.697,0.995,-0.085,-0.045,0.0,-0.28355300472431677,0.6816541800856928,1.3321069812677566
1108,1782949979.0011013,0.0017904249975269136,-0.09842024450600655,0.2543652884584011,0.0012382680191821097,-0.31,0.727,1.697,0.995,-0.085,-0.045,0.0,-0.28355300472431677,0.6816541800856928,1.3321069812677566
1109,1782949979.0208108,-0.0007138878368586486,-0.030971952144464965,0.252752119462192,0.0009301982484051912,-0.309,0.727,1.697,0.995,-0.085,-0.045,0.0,-0.28355300472431677,0.6816541800856928,1.3321069812677566
1110,1782949979.0411055,4.148822377104131e-05,-0.021191294714554044,0.252424990570692,0.0008018664818754913,-0.308,0.727,1.697,0.995,-0.085,-0.045,0.0,-0.28355300472431677,0.6816541800856928,1.3321069812677566
1111,1782949979.068069,-0.0006025989959794471,-0.013356396012890829,0.25222126477659573,0.0006258340448920612,-0.307,0.727,1.697,0.995,-0.085,-0.045,0.0,-0.28355300472431677,0.6816541800856928,1.3321069812677566
1111,1782949979.0863636,0.0005257413410701323,-0.09138038555887483,0.25369945394335575,0.0011693238729588154,-0.307,0.727,1.697,0.995,-0.085,-0.045,0.0,-0.28355300472431677,0.6816541800856928,1.3321069812677566
1113,1782949979.1062381,-0.0011354133123780267,-0.013352287446339733,0.2520161332127807,0.0008245660098702172,-0.306,0.727,1.697,0.995,-0.085,-0.045,0.0,-0.27355300472431676,0.6816541800856928,1.3321069812677566
1113,1782949979.122474,-0.0013831752378938044,0.00046240172585318776,0.25169408428318135,0.0006724104763413372,-0.305,0.727,1.697,0.995,-0.085,-0.045,0.0,-0.27355300472431676,0.6816541800856928,1.3321069812677566
1115,1782949979.14266,-0.002035281139325043,0.03216268836129925,0.2511608640217478,0.00035068786258229793,-0.304,0.727,1.697,0.995,-0.085,-0.045,0.0,-0.27355300472431676,0.6816541800856928,1.3321069812677566
1116,1782949979.1665325,-0.00036926276106558553,-0.04970855554277229,0.25268862525056823,0.0008106114397435538,-0.303,0.727,1.697,0.995,-0.085,-0.046,0.0,-0.27355300472431676,0.6816541800856928,1.3321069812677566
1116,1782949979.1824038,-0.002145910092137026,0.0273974080258364,0.2512342414708905,0.00031321995075636524,-0.302,0.727,1.697,0.995,-0.085,-0.046,0.0,-0.27355300472431676,0.6816541800856928,1.3321069812677566
1118,1782949979.2027173,-0.0018263481190479822,0.011554335581863827,0.2514340079485543,0.0002477256497072132,-0.301,0.727,1.697,0.995,-0.085,-0.046,0.0,-0.27355300472431676,0.6816541800856928,1.3321069812677566
1118,1782949979.2267396,-0.00185271349835201,0.009420059039862969,0.2514513017664068,0.00019469892246197788,-0.301,0.727,1.697,0.995,-0.085,-0.046,0.0,-0.27355300472431676,0.6816541800856928,1.3321069812677566
1120,1782949979.2411957,0.0008304208060125906,-0.06968015578871851,0.2525840485371364,0.0006533783254027278,-0.3,0.727,1.697,0.995,-0.085,-0.047,0.0,-0.27355300472431676,0.6816541800856928,1.3321069812677566
1121,1782949979.2593834,-0.001988106687369272,0.02042825745605334,0.2511949983499712,4.979352411529599e-05,-0.299,0.727,1.696,0.995,-0.085,-0.047,0.0,-0.27355300472431676,0.6816541800856928,1.3321069812677566
1122,1782949979.2796364,-0.00135662728484909,0.014393970546098228,0.25137151042421346,3.40806661630038e-05,-0.297,0.727,1.696,0.995,-0.085,-0.047,0.0,-0.26355300472431675,0.6816541800856928,1.3321069812677566
1123,1782949979.3091388,-0.001623714232774531,0.04341899851225971,0.25103364490768465,-0.00016948663196081774,-0.296,0.727,1.696,0.995,-0.085,-0.047,0.0,-0.26355300472431675,0.6816541800856928,1.3321069812677566
1123,1782949979.3274965,-0.0017238747134469706,0.04767641544172731,0.25096289347014056,-0.00028573621805383153,-0.296,0.727,1.696,0.995,-0.085,-0.047,0.0,-0.26355300472431675,0.6816541800856928,1.3321069812677566
1125,1782949979.3434029,-0.0015305255099643217,0.04359315642140328,0.2510874289514555,-0.00035595648347937556,-0.295,0.727,1.696,0.995,-0.085,-0.047,0.0,-0.26355300472431675,0.6816541800856928,1.3321069812677566
1126,1782949979.3602586,-0.0014815216004358234,0.03966518424528126,0.2511399219191541,-0.0003997225010589425,-0.294,0.727,1.696,0.995,-0.085,-0.047,0.0,-0.26355300472431675,0.6816541800856928,1.3321069812677566
1127,1782949979.380336,-0.001458151510211688,0.03575132953468095,0.251176744089046,-0.00042237042933541177,-0.293,0.727,1.696,0.995,-0.085,-0.047,0.0,-0.26355300472431675,0.6816541800856928,1.3321069812677566
1128,1782949979.4047482,-0.0003208669303788373,-0.0035384020463606475,0.25179446563839,-0.00019479479302389385,-0.292,0.727,1.696,0.995,-0.085,-0.047,0.0,-0.26355300472431675,0.6816541800856928,1.3321069812677566
1128,1782949979.4216967,-0.00019900349010300343,-0.010632090592618946,0.2518722481378337,-6.59060028501541e-05,-0.292,0.727,1.696,0.995,-0.085,-0.047,0.0,-0.26355300472431675,0.6816541800856928,1.3321069812677566
1130,1782949979.4407456,-0.0016597159766732783,0.04950357164160612,0.25102804273042845,-0.0004243591060056568,-0.29,0.727,1.696,0.995,-0.085,-0.047,0.0,-0.26355300472431675,0.6816541800856928,1.3321069812677566
1131,1782949979.4610753,0.0004084117311686261,-0.051650829961034435,0.253983031484893,0.001055575203864371,-0.289,0.727,1.696,0.995,-0.085,-0.046,0.0,-0.26355300472431675,0.6816541800856928,1.3321069812677566
1132,1782949979.4810114,-0.001100281398330368,-0.03243328260256428,0.252276365722982,0.000741004544280895,-0.288,0.727,1.696,0.995,-0.085,-0.046,0.0,-0.25355300472431674,0.6816541800856928,1.3321069812677566
1133,1782949979.5036776,-0.0014942853347793606,-0.12215044166431446,0.25384273329579454,0.0014056969353498715,-0.287,0.727,1.696,0.995,-0.085,-0.046,0.0,-0.25355300472431674,0.6816541800856928,1.3321069812677566
1134,1782949979.5216885,-0.0038842210486445317,-0.04289399828291389,0.2523990589420602,0.0010355006293748352,-0.286,0.726,1.696,0.995,-0.085,-0.046,0.0,-0.25355300472431674,0.6816541800856928,1.3321069812677566
1135,1782949979.5457706,-0.003965497450644459,0.024387523829622768,0.25135397117046737,0.0005312972749712956,-0.285,0.726,1.696,0.995,-0.085,-0.046,0.0,-0.25355300472431674,0.6816541800856928,1.3321069812677566
1135,1782949979.5666876,-0.005456491687726047,-0.014086639597301547,0.2519560459982255,0.000508743297285537,-0.284,0.726,1.696,0.995,-0.085,-0.046,0.0,-0.25355300472431674,0.6816541800856928,1.3321069812677566
1137,1782949979.5831842,-0.0052750791449954,0.02321794224950447,0.25146382043153814,0.000235344547321663,-0.283,0.726,1.696,0.995,-0.085,-0.046,0.0,-0.25355300472431674,0.6816541800856928,1.3321069812677566
1138,1782949979.6057384,-0.008066976671471902,-0.07293138730209489,0.25378528656483335,0.0009299548909721779,-0.281,0.726,1.696,0.995,-0.085,-0.046,0.0,-0.25355300472431674,0.6816541800856928,1.3321069812677566
1138,1782949979.6224976,-0.005892392554126845,0.00843085862908978,0.2516088799583927,0.00034327438788798916,-0.281,0.726,1.696,0.995,-0.085,-0.046,0.0,-0.25355300472431674,0.6816541800856928,1.3321069812677566
1140,1782949979.6413398,-0.004621400573793972,0.05801043738248584,0.25076801286860606,4.883859362167937e-05,-0.279,0.726,1.696,0.995,-0.085,-0.046,0.0,-0.24355300472431674,0.6816541800856928,1.3321069812677566
1141,1782949979.6608713,-0.005840459960241878,0.01285674289349667,0.25153851703575475,0.00012433279093031685,-0.278,0.726,1.696,0.995,-0.085,-0.046,0.0,-0.24355300472431674,0.6816541800856928,1.3321069812677566
1142,1782949979.6811395,-0.0048307833366779945,0.06123476356161622,0.25095558092976833,-0.0002561728948963695,-0.276,0.726,1.696,0.995,-0.085,-0.047,0.0,-0.24355300472431674,0.6816541800856928,1.3321069812677566
1143,1782949979.7022355,-0.004857503357844536,0.0451659829905698,0.2513183631523217,-0.0003604657501190171,-0.275,0.726,1.695,0.995,-0.085,-0.047,0.0,-0.24355300472431674,0.6816541800856928,1.3321069812677566
1144,1782949979.7216032,-0.005615476883136131,0.0022849900372467757,0.25200706401303996,-0.0002210096725117691,-0.274,0.726,1.695,0.995,-0.085,-0.047,0.0,-0.24355300472431674,0.6816541800856928,1.3321069812677566
1145,1782949979.7421727,-0.0046268146449169895,0.026800176585052113,0.2516838889463348,-0.0002413841288079378,-0.273,0.726,1.695,0.995,-0.085,-0.047,0.0,-0.24355300472431674,0.6816541800856928,1.3321069812677566
1146,1782949979.7621899,-0.004576402960516188,0.02610523314497146,0.2516302719749794,-0.0002492226060856712,-0.272,0.726,1.695,0.995,-0.085,-0.047,0.0,-0.24355300472431674,0.6816541800856928,1.3321069812677566
1147,1782949979.7847943,-0.008891258496887855,-0.07263671965514261,0.2542662188092002,0.0009168962913229603,-0.271,0.726,1.695,0.995,-0.085,-0.047,0.0,-0.24355300472431674,0.6816541800856928,1.3321069812677566
1147,1782949979.8021352,-0.005928793847202885,-0.011968654314608182,0.2521526683818799,0.0003191470186466852,-0.27,0.726,1.695,0.995,-0.085,-0.047,0.0,-0.24355300472431674,0.6816541800856928,1.3321069812677566
1149,1782949979.8218863,-0.009776578729054887,-0.10870698903551566,0.25430065219018233,0.001176841441021743,-0.268,0.726,1.695,0.995,-0.085,-0.047,0.0,-0.23355300472431673,0.6816541800856928,1.3321069812677566
1150,1782949979.8373601,-0.007315960696511746,-0.049820143838694916,0.25257587339471943,0.0009076278632188834,-0.267,0.726,1.695,0.995,-0.085,-0.046,0.0,-0.23355300472431673,0.6816541800856928,1.3321069812677566
1151,1782949979.8590765,-0.007566707302725503,0.007862115255531543,0.2517715730588454,0.0006112549378672545,-0.265,0.725,1.695,0.995,-0.085,-0.046,0.0,-0.23355300472431673,0.6816541800856928,1.3321069812677566
1152,1782949979.882679,-0.00829800736411128,-0.014546675119126523,0.25205081356391945,0.0005782032364042194,-0.264,0.725,1.695,0.995,-0.085,-0.046,0.0,-0.23355300472431673,0.6816541800856928,1.3321069812677566
1153,1782949979.9099803,-0.008503670818351967,-0.005327746290408469,0.25204971952068866,0.000391661703699343,-0.264,0.725,1.695,0.995,-0.085,-0.047,0.0,-0.23355300472431673,0.6816541800856928,1.3321069812677566
1153,1782949979.9259286,-0.00869048424201511,-0.003942733538221358,0.25199907679265265,0.00030861945368328543,-0.263,0.725,1.695,0.995,-0.085,-0.047,0.0,-0.23355300472431673,0.6816541800856928,1.3321069812677566
1155,1782949979.9435253,-0.008706576199969656,-0.002737904149819635,0.25201216192950626,0.000254813594001343,-0.262,0.725,1.695,0.995,-0.085,-0.047,0.0,-0.23355300472431673,0.6816541800856928,1.3321069812677566
1155,1782949979.9623747,-0.0076465138235480914,0.029541751712193344,0.25155829121620776,1.803403667900182e-05,-0.261,0.725,1.695,0.995,-0.085,-0.047,0.0,-0.23355300472431673,0.6816541800856928,1.3321069812677566
1157,1782949979.982286,-0.008114581185665364,-0.00168830883466883,0.25198252667578047,6.188944045579724e-05,-0.259,0.725,1.695,0.995,-0.085,-0.047,0.0,-0.23355300472431673,0.6816541800856928,1.3321069812677566
1158,1782949980.0016313,-0.007326840481373796,-0.004131655498162348,0.2519166189790208,-1.0314216884237766e-05,-0.258,0.725,1.695,0.995,-0.085,-0.048,0.0,-0.23355300472431673,0.6816541800856928,1.3321069812677566
1159,1782949980.020173,-0.007890366175973357,0.06172133553603328,0.2510454033092118,-0.00031217342473453715,-0.257,0.725,1.695,0.995,-0.085,-0.048,0.0,-0.22355300472431672,0.6816541800856928,1.3321069812677566
1160,1782949980.0438633,-0.01116260311624944,-0.03727336320566544,0.2531905670050672,0.0005978172028968245,-0.256,0.725,1.695,0.995,-0.085,-0.048,0.0,-0.22355300472431672,0.6816541800856928,1.3321069812677566
1161,1782949980.0602183,0.00011640600758371956,-0.01732825358772489,0.25206473971423365,0.0003525182393759732,-0.255,0.725,1.695,0.995,-0.086,-0.048,0.0,-0.22355300472431672,0.6816541800856928,1.3321069812677566
1161,1782949980.0809476,0.0017472447612824817,0.026116348542726035,0.2514749290510906,9.326269326280116e-05,-0.254,0.725,1.695,0.995,-0.086,-0.048,0.0,-0.22355300472431672,0.6816541800856928,1.3321069812677566
1162,1782949980.1004007,-0.00010517034969704901,-0.071922238129249,0.25330393393280015,0.0012781025431163875,-0.253,0.725,1.695,0.995,-0.086,-0.048,0.0,-0.22355300472431672,0.6816541800856928,1.3321069812677566
1164,1782949980.1185467,0.0029757919372069633,-0.00978664717649344,0.2517638755588935,0.0005539184552598498,-0.252,0.725,1.695,0.995,-0.086,-0.048,0.0,-0.22355300472431672,0.6816541800856928,1.3321069812677566
1165,1782949980.1394596,0.0016284481152722928,-0.026006841898285817,0.25190681634571965,0.000521535334986253,-0.25,0.725,1.695,0.995,-0.086,-0.048,0.0,-0.22355300472431672,0.6816541800856928,1.3321069812677566
1166,1782949980.1598473,0.002098889257364813,-0.023277311412140164,0.25186697492555193,0.0004426926360812889,-0.249,0.725,1.695,0.995,-0.086,-0.048,0.0,-0.22355300472431672,0.6816541800856928,1.3321069812677566
1167,1782949980.1785066,0.0005193991300223647,0.018202050345917653,0.2515495856939332,0.00012725031058765697,-0.248,0.724,1.695,0.995,-0.086,-0.048,0.0,-0.22355300472431672,0.6816541800856928,1.3321069812677566
1168,1782949980.2043645,0.000260657388887843,0.024439009086548436,0.2514950041694179,-3.633825691314876e-05,-0.247,0.724,1.695,0.995,-0.086,-0.048,0.0,-0.22355300472431672,0.6816541800856928,1.3321069812677566
1169,1782949980.2240632,-0.0007401765173489366,0.00016009690840326427,0.2516741252404678,0.0001057495965902139,-0.246,0.724,1.695,0.995,-0.086,-0.048,0.0,-0.2135530047243167,0.6816541800856928,1.3321069812677566
1170,1782949980.24306,0.00032653875329186587,0.0566249816263967,0.25099689273791304,-0.00023505631605580824,-0.245,0.724,1.695,0.995,-0.086,-0.048,0.0,-0.2135530047243167,0.6816541800856928,1.3321069812677566
1171,1782949980.2624762,0.00044770928306026546,0.041609102718706104,0.251213364442432,-0.00024287062211414247,-0.244,0.724,1.695,0.995,-0.086,-0.048,0.0,-0.2135530047243167,0.6816541800856928,1.3321069812677566
1172,1782949980.2820604,-0.00026176255909060933,-0.004408479140013799,0.251733876766448,-1.5249832401929424e-05,-0.243,0.724,1.695,0.995,-0.086,-0.048,0.0,-0.2135530047243167,0.6816541800856928,1.3321069812677566
1173,1782949980.303572,-0.0007875071657296746,-0.016415096830210543,0.25182515504470726,0.00012622460153888425,-0.241,0.724,1.695,0.995,-0.086,-0.048,0.0,-0.2135530047243167,0.6816541800856928,1.3321069812677566
1174,1782949980.3222578,-0.0006836761316877174,-0.02242199612084559,0.2519295226342613,0.00023745435749688274,-0.241,0.724,1.695,0.995,-0.086,-0.048,0.0,-0.2135530047243167,0.6816541800856928,1.3321069812677566
1175,1782949980.3448093,-0.0008346170168282655,-0.02875177607199034,0.2518523272117452,0.00031018052318940723,-0.239,0.724,1.696,0.995,-0.086,-0.048,0.0,-0.2135530047243167,0.6816541800856928,1.3321069812677566
1176,1782949980.358957,-0.0008662880420816765,-0.029677619381206916,0.25183349680876316,0.0003533427402155197,-0.239,0.724,1.696,0.995,-0.086,-0.048,0.0,-0.2135530047243167,0.6816541800856928,1.3321069812677566
1177,1782949980.3827603,0.00043275606734628075,0.009972963180984284,0.2514950722002246,0.00010066228481706192,-0.237,0.724,1.696,0.995,-0.086,-0.048,0.0,-0.2135530047243167,0.6816541800856928,1.3321069812677566
1178,1782949980.4008534,8.716100909096983e-05,-0.024211429857135536,0.25197414520739686,0.0002367805941418939,-0.237,0.724,1.696,0.995,-0.086,-0.048,0.0,-0.2135530047243167,0.6816541800856928,1.3321069812677566
1179,1782949980.4236917,-0.0011211623536055357,-0.12023237685001716,0.2534355242262035,0.0013242189047914278,-0.235,0.724,1.696,0.995,-0.086,-0.048,0.0,-0.2135530047243167,0.6816541800856928,1.3321069812677566
1180,1782949980.444259,0.0003293430407036637,-0.02646923356729658,0.2516019141126641,0.0005712461819187554,-0.235,0.724,1.696,0.995,-0.086,-0.048,0.0,-0.2035530047243167,0.6816541800856928,1.3321069812677566
1181,1782949980.4646463,0.0007783317947839246,-0.022789320835936225,0.2517271738026188,0.0005737533418907407,-0.233,0.724,1.696,0.995,-0.086,-0.048,0.0,-0.2035530047243167,0.6816541800856928,1.3321069812677566
1182,1782949980.4831183,-0.0008347955111336087,-0.1148233327916092,0.2532308755749271,0.0014499001075828667,-0.232,0.724,1.696,0.995,-0.086,-0.048,0.0,-0.2035530047243167,0.6816541800856928,1.3321069812677566
1182,1782949980.5033772,-0.00048344403849822325,-0.030097185322247796,0.2520627887597629,0.000990317309613997,-0.231,0.724,1.696,0.995,-0.086,-0.048,0.0,-0.2035530047243167,0.6816541800856928,1.3321069812677566
1184,1782949980.5245798,-0.0009864476452935735,-0.1170286344012462,0.25343526817937223,0.0015902734129068482,-0.23,0.724,1.696,0.995,-0.086,-0.048,0.0,-0.2035530047243167,0.6816541800856928,1.3321069812677566
1185,1782949980.5424502,-0.0004560737082485722,-0.02724824545379867,0.25218465542427465,0.0010577489710439476,-0.228,0.724,1.696,0.995,-0.086,-0.048,0.0,-0.2035530047243167,0.6816541800856928,1.3321069812677566
1186,1782949980.5620315,-0.0009049398962758994,-0.10495163548547158,0.25351827869708415,0.0014158452617622063,-0.227,0.724,1.696,0.995,-0.086,-0.049,0.0,-0.2035530047243167,0.6816541800856928,1.3321069812677566
1186,1782949980.582555,-0.0018586543105782363,-0.10270495730740603,0.2538442367659884,0.001645424726108758,-0.226,0.724,1.696,0.995,-0.086,-0.049,0.0,-0.2035530047243167,0.6816541800856928,1.3321069812677566
1188,1782949980.6059988,-0.0005430934620040927,-0.0024766625393069785,0.25177423625136686,0.0017856543619291778,-0.225,0.724,1.696,0.995,-0.086,-0.049,0.001,-0.2035530047243167,0.6816541800856928,1.3321069812677566
1188,1782949980.6280766,-0.0007820691073086253,0.016177146327053638,0.2518969189608316,0.0020781277842557046,-0.224,0.724,1.696,0.995,-0.086,-0.05,0.001,-0.2035530047243167,0.6816541800856928,1.3321069812677566
1190,1782949980.6475115,-0.0031532702671365626,-0.06028203283274615,0.2533483715692692,0.002869894883215077,-0.223,0.724,1.696,0.995,-0.086,-0.05,0.001,-0.2035530047243167,0.6816541800856928,1.3321069812677566
1190,1782949980.6667454,-0.0007361998600879894,0.024438809701259653,0.2517829677213084,0.0026306299141208135,-0.222,0.724,1.696,0.995,-0.086,-0.05,0.001,-0.1935530047243167,0.6816541800856928,1.3321069812677566
1192,1782949980.6851501,0.0006580702547584341,0.07174498437951106,0.251100313105189,0.0022283171348641707,-0.221,0.724,1.696,0.995,-0.086,-0.051,0.001,-0.1935530047243167,0.6816541800856928,1.3321069812677566
1193,1782949980.7041209,0.000966342739648139,0.07709522801965443,0.2510787561506845,0.0018012087560240015,-0.218,0.724,1.696,0.995,-0.086,-0.052,0.001,-0.1935530047243167,0.6816541800856928,1.3321069812677566
1194,1782949980.722995,-0.0030103742096157073,-0.022516687898938584,0.2529982789347701,0.0024033184604832594,-0.217,0.724,1.696,0.995,-0.086,-0.052,0.001,-0.1935530047243167,0.6816541800856928,1.3321069812677566
1195,1782949980.7417703,-0.004658208411302651,-0.0945616961593203,0.25334084672610957,0.0027834879236366484,-0.215,0.724,1.696,0.995,-0.086,-0.052,0.001,-0.1935530047243167,0.6816541800856928,1.3321069812677566
1196,1782949980.761314,-0.004880569203328689,-0.12482238699186687,0.25345426856772535,0.0030640033416491313,-0.214,0.724,1.696,0.995,-0.086,-0.052,0.001,-0.1935530047243167,0.6816541800856928,1.3321069812677566
1197,1782949980.7805798,-0.0016218984436148524,-0.028880093433647808,0.2521476282293334,0.0025110273997748646,-0.213,0.724,1.696,0.995,-0.086,-0.052,0.001,-0.1935530047243167,0.6816541800856928,1.3321069812677566
1198,1782949980.8017502,-0.0023702909668495793,-0.003196584807153159,0.25190734539114845,0.0022415093579665275,-0.211,0.723,1.696,0.995,-0.086,-0.052,0.001,-0.1935530047243167,0.6816541800856928,1.3321069812677566
1199,1782949980.8214426,-0.0059507079838215975,-0.0876007474443668,0.2530072449239651,0.002624001057589535,-0.211,0.723,1.696,0.995,-0.086,-0.052,0.001,-0.18355300472431668,0.6816541800856928,1.3321069812677566
1200,1782949980.8391504,-0.006271447033744714,-0.08679499627236237,0.2531521873929459,0.0026587244317204605,-0.209,0.723,1.696,0.995,-0.086,-0.053,0.001,-0.18355300472431668,0.6816541800856928,1.3321069812677566
1201,1782949980.860847,-0.003540690897878079,0.009891437666575048,0.25183151023327377,0.002125682037552797,-0.208,0.723,1.696,0.995,-0.086,-0.053,0.001,-0.18355300472431668,0.6816541800856928,1.3321069812677566
1202,1782949980.8840737,-0.0027183304278558104,0.03850134815869623,0.2516189139182538,0.0018606792770553895,-0.207,0.723,1.696,0.995,-0.086,-0.053,0.001,-0.18355300472431668,0.6816541800856928,1.3321069812677566
1203,1782949980.9033232,-0.005390839961680678,-0.04075595222904782,0.2528905003483738,0.0020951545945963558,-0.207,0.723,1.696,0.995,-0.086,-0.053,0.001,-0.18355300472431668,0.6816541800856928,1.3321069812677566
1203,1782949980.9232929,-0.0016688902881599752,0.05680788053221478,0.2511093771703665,0.0013278682442360822,-0.205,0.723,1.696,0.995,-0.086,-0.053,0.001,-0.18355300472431668,0.6816541800856928,1.3321069812677566
1205,1782949980.942598,-0.002198024394752169,0.06321230314903609,0.25141524124923337,0.0012125215529280443,-0.204,0.723,1.696,0.995,-0.086,-0.054,0.001,-0.18355300472431668,0.6816541800856928,1.3321069812677566
1206,1782949980.9612076,-0.0004749251665590792,0.08580847825562274,0.25110737460495924,0.0008960578202952881,-0.203,0.723,1.696,0.995,-0.086,-0.054,0.001,-0.18355300472431668,0.6816541800856928,1.3321069812677566
1207,1782949980.9805214,-0.0006633090427428734,0.05265249808710037,0.2515579826253189,0.0008665154328425228,-0.202,0.723,1.696,0.995,-0.086,-0.054,0.001,-0.18355300472431668,0.6816541800856928,1.3321069812677566
1207,1782949981.0012162,-0.0005928317770763801,0.043627064503307875,0.25170102352807755,0.0008524824824668494,-0.201,0.723,1.696,0.995,-0.086,-0.054,0.001,-0.18355300472431668,0.6816541800856928,1.3321069812677566
1209,1782949981.0193286,-0.0009551042827746084,0.04941655488963641,0.2515276396025317,0.0008655267338160025,-0.2,0.723,1.696,0.995,-0.086,-0.054,0.001,-0.17355300472431667,0.6816541800856928,1.3321069812677566
1209,1782949981.0394604,-0.001062924382020527,-0.047776493294921146,0.25301637643159003,0.0016113555902212207,-0.198,0.723,1.696,0.995,-0.086,-0.054,0.001,-0.17355300472431667,0.6816541800856928,1.3321069812677566
1211,1782949981.0628512,-0.0006009239042921713,0.04120863239582315,0.25143316021113465,0.0009790572600184813,-0.197,0.723,1.696,0.995,-0.086,-0.054,0.001,-0.17355300472431667,0.6816541800856928,1.3321069812677566
1212,1782949981.0845485,0.0008438502347656697,0.0732596752892214,0.25116485007992995,0.0008230343022955928,-0.197,0.723,1.696,0.995,-0.086,-0.054,0.001,-0.17355300472431667,0.6816541800856928,1.3321069812677566
1212,1782949981.1105556,0.00016361020001225048,0.027435464654297262,0.2516845270024509,0.0010320651659792251,-0.196,0.723,1.696,0.995,-0.086,-0.053,0.001,-0.17355300472431667,0.6816541800856928,1.3321069812677566
1214,1782949981.1289287,0.00017312419115774174,0.02515161580438315,0.25178462869965507,0.0010864728071301375,-0.195,0.723,1.696,0.995,-0.086,-0.053,0.001,-0.17355300472431667,0.6816541800856928,1.3321069812677566
1214,1782949981.148644,0.0007247130569194059,-0.07143726151598469,0.25332278797038005,0.0019464830312667237,-0.194,0.723,1.696,0.995,-0.086,-0.053,0.001,-0.17355300472431667,0.6816541800856928,1.3321069812677566
1216,1782949981.1703315,0.0020682180951659126,-0.1212197883365507,0.2534762641822771,0.0013249469762329795,-0.193,0.723,1.696,0.995,-0.086,-0.052,0.0,-0.17355300472431667,0.6816541800856928,1.3321069812677566
1216,1782949981.1954987,0.001459525522980099,-0.019170950903377754,0.2516613719693733,-0.000500819502028241,-0.191,0.723,1.696,0.995,-0.086,-0.052,0.0,-0.17355300472431667,0.6816541800856928,1.3321069812677566
1218,1782949981.2238052,0.002911128584309172,0.020198298713402923,0.2515994820394319,-0.0006925537712870792,-0.19,0.723,1.696,0.995,-0.086,-0.052,0.0,-0.16355300472431666,0.6816541800856928,1.3321069812677566
1218,1782949981.2472243,0.003482911045128433,-0.04319592941226019,0.2527578438250399,-0.0003515806852716612,-0.189,0.723,1.696,0.995,-0.086,-0.052,0.0,-0.16355300472431666,0.6816541800856928,1.3321069812677566
1220,1782949981.2703986,0.002257048800146888,0.05138818090096968,0.2512613308205018,-0.0011795881327436052,-0.187,0.723,1.696,0.995,-0.086,-0.052,0.0,-0.16355300472431666,0.6816541800856928,1.3321069812677566
1222,1782949981.2943432,0.0019787440649186817,0.10719283366162476,0.2506571842700462,-0.0015334434694582266,-0.186,0.723,1.696,0.995,-0.086,-0.052,0.0,-0.16355300472431666,0.6816541800856928,1.3321069812677566
1222,1782949981.3224492,0.0030266878268945946,0.065552264442269,0.2514182402597617,-0.0013901254432919835,-0.185,0.723,1.696,0.995,-0.086,-0.052,0.0,-0.16355300472431666,0.6816541800856928,1.3321069812677566
1224,1782949981.345041,0.004919852988832465,-0.014830886301387944,0.2528912805940061,-0.0007110438870312331,-0.183,0.723,1.696,0.995,-0.086,-0.053,0.0,-0.16355300472431666,0.6816541800856928,1.3321069812677566
1226,1782949981.3681138,0.0034418494591999848,0.07676804119043021,0.2513787503651003,-0.0013323891846933038,-0.183,0.723,1.696,0.995,-0.086,-0.053,0.0,-0.16355300472431666,0.6816541800856928,1.3321069812677566
1226,1782949981.403356,0.005731680054780933,-0.013394470311662271,0.2531893868546454,-0.00035621250037965694,-0.181,0.723,1.696,0.995,-0.086,-0.053,0.0,-0.15355300472431666,0.6816541800856928,1.3321069812677566
1229,1782949981.4267898,0.0024873756813178927,0.03524386993511014,0.25203627092896264,-0.0006614441136479754,-0.179,0.723,1.696,0.995,-0.086,-0.052,0.0,-0.15355300472431666,0.6816541800856928,1.3321069812677566
1229,1782949981.4528759,0.0021444660964130002,0.06860714651887599,0.25140820835220284,-0.0010277836662001948,-0.178,0.723,1.696,0.995,-0.086,-0.052,0.0,-0.15355300472431666,0.6816541800856928,1.3321069812677566
1231,1782949981.4759898,0.003024028355929142,-0.029349174830936506,0.2534163704266384,-7.985841236672359e-05,-0.176,0.723,1.696,0.995,-0.086,-0.051,0.0,-0.15355300472431666,0.6816541800856928,1.3321069812677566
1231,1782949981.5034165,0.003302627068977106,-0.0819461301474339,0.25356039626484295,0.00024073433964551748,-0.175,0.723,1.696,0.995,-0.086,-0.051,0.0,-0.15355300472431666,0.6816541800856928,1.3321069812677566
1233,1782949981.526211,0.002939900219596378,-0.09087379461528208,0.25370235585815326,0.0005113319617065786,-0.174,0.723,1.696,0.995,-0.086,-0.051,0.0,-0.15355300472431666,0.6816541800856928,1.3321069812677566
1235,1782949981.5471756,0.0015925561524375636,0.0034493313630142436,0.2520211241512287,8.473055255504516e-05,-0.173,0.723,1.696,0.995,-0.086,-0.05,0.0,-0.14355300472431665,0.6816541800856928,1.3321069812677566
1235,1782949981.5671782,0.0011673392299702753,0.02716495975253553,0.2517461238209056,-8.022409008200422e-05,-0.173,0.723,1.696,0.995,-0.086,-0.05,0.0,-0.14355300472431665,0.6816541800856928,1.3321069812677566
1237,1782949981.5869446,0.0013087558902503908,0.041569128440074765,0.25162960610823787,-0.0002479333955667284,-0.172,0.723,1.696,0.995,-0.086,-0.05,0.0,-0.14355300472431665,0.6816541800856928,1.3321069812677566
1237,1782949981.6080565,0.0013447691884712707,0.04551854010015743,0.25163738361316285,-0.00032459326535269693,-0.171,0.723,1.696,0.995,-0.086,-0.05,0.0,-0.14355300472431665,0.6816541800856928,1.3321069812677566
1239,1782949981.6313522,0.0011753873188436684,0.05009499139112453,0.2515455035820861,-0.00038257462989271687,-0.171,0.723,1.696,0.995,-0.086,-0.05,0.0,-0.14355300472431665,0.6816541800856928,1.3321069812677566
1239,1782949981.6538296,0.0013371030082321034,0.05049290126870909,0.2516408303726649,-0.00047704905762238154,-0.17,0.723,1.696,0.995,-0.086,-0.05,0.0,-0.14355300472431665,0.6816541800856928,1.3321069812677566
1241,1782949981.6762938,0.0015646043045038707,-0.030916456440666845,0.2529926927664515,0.00014482718409635848,-0.169,0.723,1.696,0.995,-0.086,-0.05,0.0,-0.14355300472431665,0.6816541800856928,1.3321069812677566
1241,1782949981.697839,0.0008511892536434175,0.06378771119996755,0.2511247539024926,-0.000748207293335718,-0.168,0.723,1.696,0.995,-0.086,-0.05,0.0,-0.14355300472431665,0.6816541800856928,1.3321069812677566
1243,1782949981.7197502,0.003164601630764638,-0.026326714147349425,0.2532639974683626,2.6020674038551832e-05,-0.167,0.723,1.696,0.995,-0.086,-0.05,0.0,-0.14355300472431665,0.6816541800856928,1.3321069812677566
1243,1782949981.743489,0.0019867679955269633,0.023341061912900606,0.25229503589905844,-0.00037600462445306883,-0.166,0.723,1.695,0.995,-0.086,-0.05,0.0,-0.14355300472431665,0.6816541800856928,1.3321069812677566
1245,1782949981.7656846,0.003915894721465037,-0.05460260294705404,0.25340058445382707,0.000177178705967642,-0.165,0.723,1.695,0.995,-0.086,-0.05,0.0,-0.13355300472431664,0.6816541800856928,1.3321069812677566
1247,1782949981.78924,0.004199074602448675,-0.06717798349032553,0.25356124088423637,0.00037868098862649366,-0.164,0.723,1.695,0.995,-0.086,-0.05,0.0,-0.13355300472431664,0.6816541800856928,1.3321069812677566
1247,1782949981.818809,0.00196837778710597,0.020246708820665038,0.25215103438772385,-0.00015486452166740795,-0.163,0.723,1.695,0.995,-0.086,-0.05,0.0,-0.13355300472431664,0.6816541800856928,1.3321069812677566
1249,1782949981.838782,0.0015664523042683565,0.06430004959604237,0.2514035367080223,-0.000577737436133158,-0.162,0.723,1.695,0.995,-0.086,-0.05,0.0,-0.13355300472431664,0.6816541800856928,1.3321069812677566
1249,1782949981.8589678,0.0011610995148270999,0.0749971302828427,0.25133102135685176,-0.0008690927583241263,-0.161,0.723,1.695,0.995,-0.086,-0.05,0.0,-0.13355300472431664,0.6816541800856928,1.3321069812677566
1251,1782949981.8798535,0.0014456069991001276,0.04886654388197004,0.25168836498174807,-0.0008457049619048062,-0.161,0.723,1.695,0.995,-0.086,-0.05,0.0,-0.13355300472431664,0.6816541800856928,1.3321069812677566
1251,1782949981.9007156,0.002420089812878473,-0.03343749071498807,0.2528422898246484,-0.00023868763139308876,-0.16,0.723,1.695,0.995,-0.086,-0.05,0.0,-0.13355300472431664,0.6816541800856928,1.3321069812677566
1253,1782949981.9278243,0.0019979092363270733,0.038335337212987916,0.2518138592949904,-0.0005327423118726856,-0.159,0.723,1.695,0.995,-0.086,-0.05,0.0,-0.13355300472431664,0.6816541800856928,1.3321069812677566
1255,1782949981.9535997,-0.006247732695989373,0.03669898970511199,0.2518357569151422,-0.0006896167937105456,-0.158,0.723,1.695,0.995,-0.085,-0.05,0.0,-0.13355300472431664,0.6816541800856928,1.3321069812677566
1255,1782949981.984739,-0.0057468210280712684,-0.04156396899983405,0.2526788945976138,-0.00016199787802955693,-0.157,0.723,1.695,0.995,-0.085,-0.05,0.0,-0.12355300472431663,0.6816541800856928,1.3321069812677566
1258,1782949982.0114648,-0.007574104432381748,0.051974892440476296,0.25112689627920803,-0.0007095349784148471,-0.156,0.723,1.695,0.995,-0.085,-0.049,0.0,-0.12355300472431663,0.6816541800856928,1.3321069812677566
1258,1782949982.0359402,-0.006130675077474905,0.036940382032765354,0.2513759304286293,-0.0005490818798670306,-0.155,0.723,1.695,0.995,-0.085,-0.049,0.0,-0.12355300472431663,0.6816541800856928,1.3321069812677566
1260,1782949982.0601084,-0.005621669442872927,0.03474121602839568,0.2514077196170442,-0.0005342417930027249,-0.154,0.723,1.695,0.995,-0.085,-0.049,0.0,-0.12355300472431663,0.6816541800856928,1.3321069812677566
1260,1782949982.086454,-0.0006586695760746565,-0.05213392550882198,0.25249492518462946,0.00010201819607432642,-0.153,0.723,1.695,0.995,-0.085,-0.049,0.0,-0.12355300472431663,0.6816541800856928,1.3321069812677566
1263,1782949982.107413,-0.005790168712304921,0.04118398660507373,0.25115291216613456,-0.0005755842420642352,-0.152,0.723,1.695,0.995,-0.085,-0.049,0.0,-0.12355300472431663,0.6816541800856928,1.3321069812677566
1263,1782949982.1305835,-0.0038257347821057316,0.030447130279007265,0.2514743085656193,-0.00045706695179412356,-0.151,0.723,1.695,0.995,-0.085,-0.049,0.0,-0.12355300472431663,0.6816541800856928,1.3321069812677566
1265,1782949982.150412,0.012412546938336218,-0.060466589794784906,0.25263223174224675,0.0003480080801081482,-0.15,0.723,1.695,0.995,-0.086,-0.049,0.0,-0.12355300472431663,0.6816541800856928,1.3321069812677566
1265,1782949982.1704156,0.015340529612285733,-0.06536235534111459,0.25268056456267496,0.0007329903607838062,-0.149,0.723,1.695,0.995,-0.086,-0.049,0.0,-0.11355300472431662,0.6816541800856928,1.3321069812677566
1267,1782949982.1824234,0.00861502572605247,0.02107330670938938,0.2516445729044753,0.00021477595924758984,-0.148,0.723,1.695,0.995,-0.086,-0.049,0.0,-0.11355300472431662,0.6816541800856928,1.3321069812677566
1268,1782949982.1982431,0.015362392801752,-0.05934559515583668,0.2526983299613285,0.0008382151797918615,-0.147,0.723,1.695,0.995,-0.086,-0.049,0.0,-0.11355300472431662,0.6816541800856928,1.3321069812677566
1269,1782949982.2201421,0.007058719395062748,0.03314057163809163,0.2512926829182738,-0.00013751475686093648,-0.146,0.724,1.695,0.995,-0.086,-0.049,0.0,-0.11355300472431662,0.6816541800856928,1.3321069812677566
1269,1782949982.2439275,0.01321074599715806,-0.043565263500926626,0.25265340120537,0.0005790256618096101,-0.146,0.724,1.695,0.995,-0.086,-0.049,0.0,-0.11355300472431662,0.6816541800856928,1.3321069812677566
1271,1782949982.2608044,0.00591670314133496,0.05031226031485625,0.251131535776565,-0.00040988931898287037,-0.145,0.724,1.695,0.995,-0.086,-0.049,0.0,-0.11355300472431662,0.6816541800856928,1.3321069812677566
1272,1782949982.2799098,0.0057883938890893665,0.07073936660121656,0.25102151895268476,-0.0005992306695612084,-0.144,0.724,1.695,0.995,-0.086,-0.049,0.0,-0.11355300472431662,0.6816541800856928,1.3321069812677566
1273,1782949982.3035948,0.0057936892369416255,0.04291526967352881,0.2515217482204256,-0.0005062803913513899,-0.143,0.724,1.695,0.995,-0.086,-0.049,0.0,-0.11355300472431662,0.6816541800856928,1.3321069812677566
1274,1782949982.3213544,0.00533970677145424,0.05183700127648026,0.2513602365487587,-0.00048450607704860475,-0.142,0.724,1.695,0.995,-0.086,-0.049,0.0,-0.10355300472431661,0.6816541800856928,1.3321069812677566
1275,1782949982.34077,-0.005270146485285555,0.10173945605362054,0.25061010724049676,-0.001002915274746301,-0.141,0.724,1.695,0.995,-0.085,-0.049,0.0,-0.10355300472431661,0.6816541800856928,1.3321069812677566
1275,1782949982.3619385,-0.005518932325124704,0.0799770398536394,0.2509355279605408,-0.0010814852417649493,-0.141,0.724,1.695,0.995,-0.085,-0.049,0.0,-0.10355300472431661,0.6816541800856928,1.3321069812677566
1277,1782949982.3807788,-0.006305087580698742,0.09683828045856491,0.2507095128990374,-0.0013036980074188158,-0.14,0.724,1.695,0.995,-0.085,-0.049,0.0,-0.10355300472431661,0.6816541800856928,1.3321069812677566
1278,1782949982.4008193,-0.005439865782982792,0.021944252931888703,0.25166783566226925,-0.0008860100727321454,-0.138,0.724,1.695,0.995,-0.085,-0.048,0.0,-0.10355300472431661,0.6816541800856928,1.3321069812677566
1279,1782949982.4193792,-0.003597197847642293,0.0018587092836701777,0.25209955145625945,-0.0005566374973496827,-0.136,0.724,1.695,0.995,-0.085,-0.048,0.0,-0.10355300472431661,0.6816541800856928,1.3321069812677566
1280,1782949982.4401178,-0.0016430541053075688,-0.02401772626316101,0.2523189121152992,-0.00017587236292710508,-0.135,0.724,1.695,0.995,-0.085,-0.047,0.0,-0.10355300472431661,0.6816541800856928,1.3321069812677566
1281,1782949982.4631445,0.005354898269347585,-0.11990966470492212,0.25422958250395655,0.0010144037462190914,-0.134,0.724,1.694,0.995,-0.085,-0.047,0.0,-0.10355300472431661,0.6816541800856928,1.3321069812677566
1282,1782949982.4805436,0.007876850322152157,-0.16397343348219473,0.25459345425404906,0.0016080725974340457,-0.133,0.724,1.694,0.995,-0.085,-0.046,0.0,-0.10355300472431661,0.6816541800856928,1.3321069812677566
1283,1782949982.5010889,0.009038900443716275,-0.13855503083725437,0.254482873916525,0.0019784645717452294,-0.132,0.724,1.694,0.995,-0.085,-0.046,0.0,-0.0935530047243166,0.6816541800856928,1.3321069812677566
1284,1782949982.5216854,-0.0017767807671542346,-0.036337887248100484,0.2522517922170159,0.001029450503289885,-0.132,0.724,1.694,0.995,-0.085,-0.046,0.0,-0.0935530047243166,0.6816541800856928,1.3321069812677566
1284,1782949982.539651,-0.0028111954520223083,0.027020051971072725,0.25170185108903903,0.0006322752345730468,-0.131,0.724,1.694,0.995,-0.085,-0.046,0.0,-0.0935530047243166,0.6816541800856928,1.3321069812677566
1286,1782949982.560022,-0.005211375800867688,0.07337057270357805,0.25110919217470967,8.454077903536543e-05,-0.13,0.724,1.694,0.995,-0.085,-0.046,0.0,-0.0935530047243166,0.6816541800856928,1.3321069812677566
1287,1782949982.5795293,0.003958734409661585,-0.019780625697572163,0.25341336608303033,0.0008820997188499664,-0.129,0.724,1.694,0.995,-0.085,-0.046,0.0,-0.0935530047243166,0.6816541800856928,1.3321069812677566
1287,1782949982.59953,-0.0012694250154159257,0.0418946730333933,0.25230959875701975,0.0004901226486151895,-0.127,0.724,1.694,0.995,-0.085,-0.047,0.0,-0.0935530047243166,0.6816541800856928,1.3321069812677566
1289,1782949982.6253488,-0.0017985983257737927,0.04537199964608681,0.25213661446516844,0.00032418796717784544,-0.127,0.724,1.694,0.995,-0.085,-0.047,0.0,-0.0935530047243166,0.6816541800856928,1.3321069812677566
1289,1782949982.6472445,-0.0035675292424012265,0.06299914844835616,0.2516054863185671,1.8351301987386162e-06,-0.126,0.724,1.694,0.995,-0.085,-0.047,0.0,-0.0935530047243166,0.6816541800856928,1.3321069812677566
1291,1782949982.6771717,-0.0037957864669509065,0.06723152251038823,0.25152926823728067,-0.0003325495544385087,-0.125,0.724,1.694,0.995,-0.085,-0.048,0.0,-0.0935530047243166,0.6816541800856928,1.3321069812677566
1291,1782949982.7038534,0.004785157864609442,-0.03189268162426717,0.25361100358796235,0.000547107587131938,-0.123,0.725,1.694,0.995,-0.085,-0.048,0.0,-0.0935530047243166,0.6816541800856928,1.3321069812677566
1294,1782949982.729689,0.0012615844016910958,0.01048661611527768,0.2520851249388177,0.00032513486222216696,-0.122,0.725,1.694,0.995,-0.085,-0.048,0.0,-0.08355300472431659,0.6816541800856928,1.3321069812677566
1294,1782949982.7619689,-0.0019011894216265394,0.06180575745780678,0.2512028730926512,-0.00014892345962158317,-0.121,0.725,1.694,0.995,-0.085,-0.048,0.0,-0.08355300472431659,0.6816541800856928,1.3321069812677566
1296,1782949982.7884116,-0.002369750927194018,0.06547642320773536,0.2511257355588407,-0.0004303332874440545,-0.119,0.725,1.694,0.995,-0.085,-0.048,0.0,-0.08355300472431659,0.6816541800856928,1.3321069812677566
1298,1782949982.8203058,-0.0011169897575338834,0.029974241629897418,0.2514288019693299,-0.00034686066100096907,-0.117,0.725,1.694,0.995,-0.085,-0.047,0.0,-0.08355300472431659,0.6816541800856928,1.3321069812677566
1298,1782949982.845986,-0.00010652928699858913,-0.02458571202267599,0.25218821816119796,-2.2435491286927004e-05,-0.115,0.725,1.694,0.995,-0.085,-0.047,0.0,-0.08355300472431659,0.6816541800856928,1.3321069812677566
1301,1782949982.878041,-6.000216673627927e-05,-0.045730454921707714,0.2523141306313787,0.00029982160085027256,-0.114,0.725,1.694,0.995,-0.085,-0.046,0.0,-0.08355300472431659,0.6816541800856928,1.3321069812677566
1301,1782949982.9082556,0.006676244751392805,-0.14161142990227876,0.254269458891553,0.001536198358706793,-0.112,0.725,1.693,0.995,-0.085,-0.046,0.0,-0.08355300472431659,0.6816541800856928,1.3321069812677566
1304,1782949982.939875,0.0013250883823483495,-0.06374688195150824,0.25282765441515903,0.0013354632835220217,-0.11,0.725,1.693,0.995,-0.085,-0.045,0.0,-0.07355300472431658,0.6816541800856928,1.3321069812677566
1304,1782949982.9664567,0.005725134295441817,-0.14907922734869547,0.2540927144251912,0.0021307619711224204,-0.108,0.725,1.693,0.995,-0.085,-0.045,0.0,-0.07355300472431658,0.6816541800856928,1.3321069812677566
1307,1782949982.9931622,-0.00020498987891341604,-0.05327050293701173,0.25261311272018205,0.0015941787405804857,-0.106,0.725,1.693,0.995,-0.085,-0.045,0.0,-0.07355300472431658,0.6816541800856928,1.3321069812677566
1307,1782949983.020918,-0.002598258315155124,0.036286640672480094,0.251567210601505,0.0008554547354677232,-0.104,0.725,1.693,0.995,-0.085,-0.046,0.0,-0.07355300472431658,0.6816541800856928,1.3321069812677566
1310,1782949983.0448625,-0.0013055634494185614,0.02977670681484824,0.25183790319468335,0.000578482558953015,-0.103,0.725,1.693,0.995,-0.085,-0.047,0.0,-0.07355300472431658,0.6816541800856928,1.3321069812677566
1310,1782949983.0759213,-0.0020310342567537833,0.05942591207585212,0.25152092195783216,0.00021451808824961489,-0.102,0.725,1.693,0.995,-0.085,-0.047,0.0,-0.07355300472431658,0.6816541800856928,1.3321069812677566
1312,1782949983.0979726,0.0022765223063732935,-0.025670088356651043,0.25277438942740427,0.0007411486520748882,-0.1,0.725,1.693,0.995,-0.085,-0.048,0.0,-0.07355300472431658,0.6816541800856928,1.3321069812677566
1312,1782949983.1226256,-0.0008160265748501034,0.05323015250741967,0.25159179699966,0.0003020814711352476,-0.099,0.725,1.693,0.995,-0.085,-0.049,0.0,-0.06355300472431658,0.6816541800856928,1.3321069812677566
1315,1782949983.145042,-0.0007684835016527978,0.052159771677270914,0.25135577511038565,-1.5622760224664762e-05,-0.097,0.725,1.694,0.995,-0.085,-0.05,0.0,-0.06355300472431658,0.6816541800856928,1.3321069812677566
1315,1782949983.1701467,0.00477198698512395,-0.04321310672775874,0.25236117953988046,0.000591113198614385,-0.096,0.725,1.694,0.995,-0.085,-0.05,0.0,-0.06355300472431658,0.6816541800856928,1.3321069812677566
1317,1782949983.1958535,0.005926848009386113,-0.08351499357010184,0.25251533241734786,0.0009292821771573934,-0.095,0.725,1.694,0.995,-0.085,-0.051,0.0,-0.06355300472431658,0.6816541800856928,1.3321069812677566
1317,1782949983.2188082,0.00042149550473792076,-0.002068648183956079,0.2515772773440794,0.0004260940003228032,-0.093,0.725,1.694,0.995,-0.085,-0.051,0.0,-0.06355300472431658,0.6816541800856928,1.3321069812677566
1319,1782949983.2307808,6.21465833477693e-05,0.00043039310574987527,0.25154233736554654,0.00012234076094145841,-0.092,0.725,1.694,0.995,-0.085,-0.051,0.0,-0.06355300472431658,0.6816541800856928,1.3321069812677566
1319,1782949983.2449193,-0.0013709772049094416,0.04698361568836368,0.2511251989441412,-0.00043836808162569786,-0.091,0.725,1.694,0.995,-0.085,-0.051,0.0,-0.06355300472431658,0.6816541800856928,1.3321069812677566
1321,1782949983.2593505,0.005442206074771244,-0.051577598660113286,0.2526505689105857,0.0006478193220473597,-0.09,0.725,1.694,0.995,-0.085,-0.051,0.0,-0.06355300472431658,0.6816541800856928,1.3321069812677566
1322,1782949983.279926,0.006287039503512283,-0.129885992415616,0.25270070105093134,0.001073383346111437,-0.088,0.726,1.694,0.995,-0.085,-0.051,0.0,-0.06355300472431658,0.6816541800856928,1.3321069812677566
1323,1782949983.3002098,0.0017861757540380118,-0.03270455447740407,0.2514719536140431,0.0003593958849822512,-0.087,0.726,1.694,0.995,-0.085,-0.051,0.0,-0.053553004724316566,0.6816541800856928,1.3321069812677566
1324,1782949983.3199315,-0.001158396352858913,0.060273111825968145,0.2506301077434611,-0.0004295756071861814,-0.086,0.726,1.694,0.995,-0.085,-0.051,0.0,-0.053553004724316566,0.6816541800856928,1.3321069812677566
1325,1782949983.3409696,-0.0001592950655779045,0.06836584227720555,0.25082477872563586,-0.000754111292739779,-0.085,0.726,1.694,0.995,-0.085,-0.051,0.0,-0.053553004724316566,0.6816541800856928,1.3321069812677566
1326,1782949983.360656,0.0010393226224494337,0.029722376571507968,0.25137741813081627,-0.00066806998458082,-0.084,0.726,1.694,0.995,-0.085,-0.051,0.0,-0.053553004724316566,0.6816541800856928,1.3321069812677566
1327,1782949983.3817084,-0.0010696116592715148,0.0645310522621768,0.2509962475476907,-0.0009310674274975326,-0.083,0.726,1.694,0.995,-0.085,-0.051,0.0,-0.053553004724316566,0.6816541800856928,1.3321069812677566
1328,1782949983.401375,-0.0012444018093199973,0.08082963606607087,0.25083351294154793,-0.001190067842177858,-0.082,0.726,1.694,0.995,-0.085,-0.051,0.0,-0.053553004724316566,0.6816541800856928,1.3321069812677566
1328,1782949983.4264302,0.00011106908918978153,0.016201519727921596,0.25162680549711136,-0.0008979322791873936,-0.08,0.726,1.694,0.995,-0.085,-0.051,0.0,-0.053553004724316566,0.6816541800856928,1.3321069812677566
1330,1782949983.4427986,-0.0007616769647928638,0.05277447287536272,0.25133228211638253,-0.001071526108110123,-0.079,0.726,1.694,0.995,-0.085,-0.051,0.0,-0.053553004724316566,0.6816541800856928,1.3321069812677566
1331,1782949983.4622858,0.0007850081046951356,0.0036460765314579313,0.2518470984751807,-0.000727094561157778,-0.078,0.726,1.694,0.995,-0.085,-0.051,0.0,-0.053553004724316566,0.6816541800856928,1.3321069812677566
1332,1782949983.4829872,-0.000465430507638559,0.0415277525225162,0.2515212713849858,-0.0008997662092141851,-0.077,0.726,1.694,0.995,-0.085,-0.051,0.0,-0.053553004724316566,0.6816541800856928,1.3321069812677566
1333,1782949983.5042405,0.00452415912678414,-0.059410621625190174,0.25369619219205797,0.0008558038697250545,-0.075,0.726,1.694,0.995,-0.085,-0.05,0.0,-0.04355300472431656,0.6816541800856928,1.3321069812677566
1334,1782949983.5209224,0.003931941002319713,-0.15404577029911937,0.2536923505828418,0.0015066025416357446,-0.074,0.726,1.694,0.995,-0.085,-0.05,0.0,-0.04355300472431656,0.6816541800856928,1.3321069812677566
1335,1782949983.5446527,0.0034111012544795994,-0.15974213703587578,0.253992348074751,0.0018737322141667875,-0.072,0.726,1.694,0.995,-0.085,-0.05,0.0,-0.04355300472431656,0.6816541800856928,1.3321069812677566
1336,1782949983.5636055,0.002809041242917281,-0.14606554134032126,0.25401652855533613,0.002102032887298893,-0.072,0.726,1.694,0.995,-0.085,-0.05,0.0,-0.04355300472431656,0.6816541800856928,1.3321069812677566
1337,1782949983.5801184,0.002506709120389094,-0.1407816524744056,0.25397509817126246,0.0022969334290924466,-0.071,0.726,1.694,0.995,-0.085,-0.049,0.0,-0.04355300472431656,0.6816541800856928,1.3321069812677566
1338,1782949983.5999236,-0.0014998136947600264,-0.03809288629994567,0.2524578070596569,0.001143911009786339,-0.069,0.726,1.694,0.995,-0.085,-0.05,0.0,-0.04355300472431656,0.6816541800856928,1.3321069812677566
1339,1782949983.620292,-0.0036875371115224964,0.059590852517521,0.2512912620692754,0.00020710946567278096,-0.067,0.726,1.694,0.995,-0.085,-0.05,0.0,-0.04355300472431656,0.6816541800856928,1.3321069812677566
1340,1782949983.6429203,-0.00261294584586311,0.058493466665794344,0.2518203568721362,-0.00028170269304904404,-0.066,0.726,1.694,0.995,-0.085,-0.051,0.0,-0.04355300472431656,0.6816541800856928,1.3321069812677566
1341,1782949983.6607475,-0.0036035703644386437,0.08314896756585163,0.25141140804601086,-0.0007488504956881812,-0.066,0.726,1.694,0.995,-0.085,-0.051,0.0,-0.04355300472431656,0.6816541800856928,1.3321069812677566
1342,1782949983.682401,-0.0046787638996644,0.11715573665986966,0.2507329052506493,-0.00021677540267937487,-0.065,0.726,1.694,0.995,-0.085,-0.052,0.001,-0.03355300472431655,0.6816541800856928,1.3321069812677566
1343,1782949983.6991084,-0.0042721210040455515,0.01989724377159892,0.2526671819876849,0.0010607639309621547,-0.063,0.726,1.694,0.995,-0.085,-0.052,0.001,-0.03355300472431655,0.6816541800856928,1.3321069812677566
1344,1782949983.7220056,-0.004224774923354549,0.10927008210226397,0.25094798869114693,0.0008108064221466448,-0.062,0.726,1.694,0.995,-0.085,-0.053,0.001,-0.03355300472431655,0.6816541800856928,1.3321069812677566
1345,1782949983.7503386,-0.0038873964006297572,0.10449777920729568,0.2510164932867591,0.0007640680611932618,-0.062,0.726,1.694,0.995,-0.085,-0.053,0.001,-0.03355300472431655,0.6816541800856928,1.3321069812677566
1345,1782949983.7807944,-0.00352390161788457,0.0032644598393063856,0.25331648196719914,0.0019352361042771263,-0.06,0.726,1.694,0.995,-0.085,-0.053,0.001,-0.03355300472431655,0.6816541800856928,1.3321069812677566
1347,1782949983.8079345,-0.003144565127897121,0.01098944826852713,0.25215621291831986,0.0017214325395432752,-0.058,0.726,1.694,0.995,-0.085,-0.053,0.001,-0.03355300472431655,0.6816541800856928,1.3321069812677566
1349,1782949983.8374577,-0.0024126434350095005,-0.08911666574825695,0.25393415303513167,0.0027422628707705816,-0.056,0.726,1.694,0.995,-0.085,-0.053,0.001,-0.03355300472431655,0.6816541800856928,1.3321069812677566
1349,1782949983.862114,-0.003088549673943438,-0.05045645761340484,0.25248370937020487,0.0011190328273152758,-0.054,0.726,1.694,0.995,-0.085,-0.052,0.0,-0.03355300472431655,0.6816541800856928,1.3321069812677566
1352,1782949983.8866246,-0.0031991478309024617,-0.038877545066508895,0.252306860029649,0.0003228107731338537,-0.053,0.726,1.694,0.995,-0.085,-0.051,0.0,-0.03355300472431655,0.6816541800856928,1.3321069812677566
1352,1782949983.9109015,-0.002867102562767592,0.03175428289141097,0.2514610999122091,-0.00041113460336699955,-0.052,0.726,1.694,0.995,-0.085,-0.051,0.0,-0.02355300472431654,0.6816541800856928,1.3321069812677566
1354,1782949983.9495642,-0.0029277150844160783,0.037997112555111345,0.2512916901633019,-0.0007936641559296512,-0.051,0.726,1.694,0.995,-0.085,-0.05,0.0,-0.02355300472431654,0.6816541800856928,1.3321069812677566
1354,1782949983.9817855,-0.002072501789665177,-0.06071707010230115,0.2529628537478238,-1.2361407185146724e-05,-0.048,0.726,1.694,0.995,-0.085,-0.05,0.0,-0.02355300472431654,0.6816541800856928,1.3321069812677566
1357,1782949983.9974246,-0.0028629700148888352,0.011768583669836158,0.2515944491544578,-0.0005363615125082582,-0.047,0.726,1.694,0.995,-0.085,-0.05,0.0,-0.02355300472431654,0.6816541800856928,1.3321069812677566
1357,1782949984.0139437,-0.003661084084658597,0.045469339467675174,0.25113001216358993,-0.0007447948948029261,-0.046,0.726,1.695,0.995,-0.085,-0.05,0.0,-0.02355300472431654,0.6816541800856928,1.3321069812677566
1359,1782949984.0308652,-0.0016525449691843427,-0.0527012057631491,0.25285187799879716,0.000255151159953331,-0.045,0.726,1.695,0.995,-0.085,-0.05,0.0,-0.02355300472431654,0.6816541800856928,1.3321069812677566
1359,1782949984.0456188,-0.0015269971244128017,-0.11246861735635623,0.2528799645335577,0.0007394141977404725,-0.044,0.726,1.695,0.995,-0.085,-0.05,0.0,-0.02355300472431654,0.6816541800856928,1.3321069812677566
1361,1782949984.0604386,-0.002909624195358132,-0.021927138918322556,0.2518051344044626,0.0002804739899877397,-0.043,0.726,1.695,0.995,-0.085,-0.05,0.0,-0.02355300472431654,0.6816541800856928,1.3321069812677566
1361,1782949984.0829773,-0.0033613220240686133,0.01193834472993014,0.25144752006092264,8.65818287437913e-05,-0.041,0.726,1.695,0.995,-0.085,-0.05,0.0,-0.01355300472431653,0.6816541800856928,1.3321069812677566
1362,1782949984.1045635,-0.0030154499577932543,0.0572549865504152,0.2510168083237282,-0.0003906923928283895,-0.04,0.726,1.695,0.995,-0.085,-0.05,0.0,-0.01355300472431653,0.6816541800856928,1.3321069812677566
1364,1782949984.1291394,-0.0036080069471762215,0.03889289023949259,0.2512721119199358,-0.0004770448584395528,-0.039,0.726,1.695,0.995,-0.085,-0.05,0.0,-0.01355300472431653,0.6816541800856928,1.3321069812677566
1364,1782949984.1613348,-0.002600807524397835,0.0327236381291901,0.25132951576209955,-0.0005158202280876839,-0.037,0.726,1.695,0.995,-0.085,-0.05,0.0,-0.01355300472431653,0.6816541800856928,1.3321069812677566
1366,1782949984.1933591,-0.00012323459636840242,-0.06034818516361337,0.2524914616189804,0.00012661778112632463,-0.035,0.726,1.695,0.995,-0.085,-0.051,0.0,-0.01355300472431653,0.6816541800856928,1.3321069812677566
1368,1782949984.220562,-0.0016107230702289994,0.006194693471869031,0.25165235760817467,-0.00026625125762436337,-0.033,0.726,1.695,0.995,-0.085,-0.051,0.0,-0.01355300472431653,0.6816541800856928,1.3321069812677566
1368,1782949984.2529619,0.00758891209248457,0.00764880859868311,0.2516721449305681,-0.0003402608272108453,-0.031,0.726,1.695,0.995,-0.086,-0.051,0.0,-0.01355300472431653,0.6816541800856928,1.3321069812677566
1371,1782949984.2722208,0.010342680520720161,-0.08416908484172914,0.25263631929622066,0.0006958435625946997,-0.03,0.726,1.695,0.995,-0.086,-0.05,0.0,-0.003553004724316522,0.6816541800856928,1.3321069812677566
1371,1782949984.2937725,0.00741692298257487,0.01589856325335512,0.2512739427568138,-0.0002059771817494872,-0.029,0.726,1.695,0.995,-0.086,-0.05,0.0,-0.003553004724316522,0.6816541800856928,1.3321069812677566
1373,1782949984.3108733,0.007607287971532504,0.01263274031050425,0.25149040874499307,-0.00022139344056884238,-0.027,0.726,1.695,0.995,-0.086,-0.05,0.0,-0.003553004724316522,0.6816541800856928,1.3321069812677566
1373,1782949984.3334575,0.006906862149538214,0.020778296151050882,0.2515673192979681,-0.00032027001487367276,-0.027,0.726,1.695,0.995,-0.086,-0.05,0.0,-0.003553004724316522,0.6816541800856928,1.3321069812677566
1375,1782949984.3508046,0.0066638010435169604,-0.06862898578213573,0.2528479304053413,0.0004908760501603996,-0.025,0.726,1.695,0.995,-0.086,-0.05,0.0,-0.003553004724316522,0.6816541800856928,1.3321069812677566
1375,1782949984.3676999,0.0056491877579678655,0.01174605604582929,0.2517902977775178,-0.00011837436506110675,-0.025,0.726,1.695,0.995,-0.086,-0.051,0.0,-0.003553004724316522,0.6816541800856928,1.3321069812677566
1377,1782949984.3823884,0.005450024639590636,0.027446695108085145,0.25176115294247997,-0.000340411605656681,-0.023,0.726,1.695,0.995,-0.086,-0.051,0.0,-0.003553004724316522,0.6816541800856928,1.3321069812677566
1378,1782949984.4011636,-0.004376118522818133,0.04661975092406145,0.2515372951447694,-0.0006204024354208371,-0.022,0.726,1.695,0.995,-0.085,-0.051,0.0,0.0064469952756834314,0.6816541800856928,1.3321069812677566
1378,1782949984.4223223,-0.007068961831143907,0.0477005397390006,0.251532347531337,-0.0007730478231235771,-0.021,0.726,1.695,0.995,-0.085,-0.051,0.0,0.0064469952756834314,0.6816541800856928,1.3321069812677566
1380,1782949984.4426389,-0.00587528869901409,0.07305130566860445,0.2511384690372313,-0.0010426431696083144,-0.019,0.726,1.695,0.995,-0.085,-0.051,0.0,0.0064469952756834314,0.6816541800856928,1.3321069812677566
1381,1782949984.4626682,-0.009091959839389187,-0.024779563380390182,0.2530572089588863,-0.00029376333817056496,-0.018,0.726,1.695,0.995,-0.085,-0.051,0.0,0.0064469952756834314,0.6816541800856928,1.3321069812677566
1382,1782949984.4792485,-0.006380411357875504,0.023163099382004546,0.2519390961126449,-0.0005826884403154147,-0.017,0.726,1.695,0.995,-0.085,-0.051,0.0,0.0064469952756834314,0.6816541800856928,1.3321069812677566
1383,1782949984.5087545,-0.005022781616438619,0.023892715583887066,0.25190271416229976,-0.0006226996545540364,-0.016,0.726,1.695,0.995,-0.085,-0.051,0.0,0.0064469952756834314,0.6816541800856928,1.3321069812677566
1383,1782949984.529432,-0.00432809396112061,-0.0711619732021008,0.2534643677253148,6.903013147462912e-05,-0.015,0.726,1.695,0.995,-0.085,-0.051,0.0,0.0064469952756834314,0.6816541800856928,1.3321069812677566
1385,1782949984.5475528,-0.0030298661013290294,-0.10492918069510206,0.2536331437123804,0.0004828285737422525,-0.014,0.726,1.695,0.995,-0.085,-0.051,0.0,0.0064469952756834314,0.6816541800856928,1.3321069812677566
1385,1782949984.5643578,-0.003751720339844663,-0.012020261543197464,0.25226421070931626,-1.8570208425964076e-05,-0.013,0.726,1.695,0.995,-0.085,-0.051,0.0,0.0064469952756834314,0.6816541800856928,1.3321069812677566
1387,1782949984.5831916,-0.0034391563246059364,0.013299520229629144,0.25182373134888025,-0.00015591775172833802,-0.012,0.726,1.695,0.995,-0.085,-0.05,0.0,0.016446995275683385,0.6816541800856928,1.3321069812677566
1388,1782949984.6039605,-0.004099365557885679,0.08131671071585488,0.25093560291959466,-0.0007443579082754938,-0.012,0.726,1.695,0.995,-0.085,-0.05,0.0,0.016446995275683385,0.6816541800856928,1.3321069812677566
1389,1782949984.6283226,-0.003026359101288255,0.0725444302787691,0.251091757034596,-0.0008794840214275291,-0.011,0.726,1.695,0.995,-0.085,-0.05,0.0,0.016446995275683385,0.6816541800856928,1.3321069812677566
1389,1782949984.6482868,-0.0028389474079374057,0.06646073078296907,0.25118734510877677,-0.0010548694122579562,-0.009,0.726,1.695,0.995,-0.085,-0.05,0.0,0.016446995275683385,0.6816541800856928,1.3321069812677566
1391,1782949984.665263,-0.002801083770886458,0.06368929419348579,0.25121486336832544,-0.0011664501083718717,-0.008,0.726,1.695,0.995,-0.085,-0.05,0.0,0.016446995275683385,0.6816541800856928,1.3321069812677566
1391,1782949984.682125,0.005063248228287022,0.026197676455257085,0.25179705717592776,-0.0009120313722438376,-0.007,0.725,1.695,0.995,-0.086,-0.05,0.0,0.016446995275683385,0.6816541800856928,1.3321069812677566
1393,1782949984.7030272,0.007029950298790432,-0.07147937763057674,0.2535552910956933,0.00023877592372088536,-0.006,0.725,1.695,0.995,-0.086,-0.05,0.0,0.016446995275683385,0.6816541800856928,1.3321069812677566
1394,1782949984.7200494,0.005556524065108869,0.0108459447412258,0.2518441512242867,-0.00045399177748420955,-0.005,0.725,1.695,0.995,-0.086,-0.05,0.0,0.016446995275683385,0.6816541800856928,1.3321069812677566
1395,1782949984.740298,0.0049735834382137354,-0.009739432433394923,0.25215906345265476,-0.00022054644820673042,-0.003,0.725,1.695,0.995,-0.086,-0.049,0.0,0.016446995275683385,0.6816541800856928,1.3321069812677566
1396,1782949984.764694,0.004562302405472344,-0.10058530749659299,0.2534495486063683,0.0007491456655091538,-0.002,0.725,1.695,0.995,-0.086,-0.049,0.0,0.026446995275683394,0.6816541800856928,1.3321069812677566
1397,1782949984.7881355,0.003863222417810005,-0.019968913235382788,0.2521846147823409,0.000277882170157024,-0.002,0.725,1.695,0.995,-0.086,-0.049,0.0,0.026446995275683394,0.6816541800856928,1.3321069812677566
1397,1782949984.811124,0.0032963568305856153,0.005837257327220645,0.25189063278078994,0.00014345825915094046,-0.001,0.725,1.695,0.995,-0.086,-0.049,0.0,0.026446995275683394,0.6816541800856928,1.3321069812677566
1399,1782949984.8321466,0.002864059499072454,0.017943544474522108,0.25187841203695815,-4.5206232253008736e-05,-0.0,0.725,1.695,0.995,-0.086,-0.049,0.0,0.026446995275683394,0.6816541800856928,1.3321069812677566
1399,1782949984.8538637,0.0033521234715786045,0.028203722645836163,0.2517810121434729,-0.00016224428589100816,0.001,0.725,1.695,0.995,-0.086,-0.049,0.0,0.026446995275683394,0.6816541800856928,1.3321069812677566
1401,1782949984.8768165,0.00327686413564618,0.08691635140539102,0.25091146983815227,-0.0006565340421322546,0.002,0.725,1.695,0.995,-0.086,-0.049,0.0,0.026446995275683394,0.6816541800856928,1.3321069812677566
1401,1782949984.8994606,0.0029372331072966603,0.06911885445660404,0.2512025008672565,-0.0007282716208743204,0.003,0.725,1.695,0.995,-0.086,-0.049,0.0,0.026446995275683394,0.6816541800856928,1.3321069812677566
1403,1782949984.9249358,0.0029426714144233984,0.06031048121263602,0.25130524907276464,-0.0007915546878155126,0.005,0.725,1.695,0.995,-0.086,-0.049,0.0,0.026446995275683394,0.6816541800856928,1.3321069812677566
1403,1782949984.9494624,-0.006620707017315249,-0.0384477559439976,0.2532168882238962,0.00015819692924520974,0.006,0.725,1.695,0.995,-0.085,-0.049,0.0,0.026446995275683394,0.6816541800856928,1.3321069812677566
1406,1782949984.9752107,-0.005978257948682839,0.0471516187487946,0.25125509255869466,-0.0004235794247244699,0.007,0.725,1.695,0.995,-0.085,-0.049,0.0,0.03644699527568335,0.6816541800856928,1.3321069812677566
1406,1782949984.99806,-0.005290070159201522,-0.04989469223868617,0.2534799744856455,0.0005163747262794374,0.009,0.725,1.694,0.995,-0.085,-0.049,0.0,0.03644699527568335,0.6816541800856928,1.3321069812677566
1408,1782949985.0221891,-0.004988267959660346,-0.01724149049597977,0.2522042548149082,0.00027577078630769625,0.01,0.725,1.694,0.995,-0.085,-0.048,0.0,0.03644699527568335,0.6816541800856928,1.3321069812677566
1408,1782949985.0501306,-0.004934900002379206,0.029665675457792737,0.25157585349393036,-8.38644877890584e-05,0.011,0.725,1.694,0.995,-0.085,-0.048,0.0,0.03644699527568335,0.6816541800856928,1.3321069812677566
1411,1782949985.084489,-0.003749844210322148,0.00188292416910402,0.2519090727654704,-8.511683854211657e-05,0.012,0.725,1.694,0.995,-0.085,-0.048,0.0,0.03644699527568335,0.6816541800856928,1.3321069812677566
1411,1782949985.1065865,-0.001756705314334109,0.0020964109194313366,0.2519490166602816,-0.00012140076501098354,0.014,0.725,1.694,0.995,-0.085,-0.048,0.0,0.03644699527568335,0.6816541800856928,1.3321069812677566
1414,1782949985.1286037,-0.0010807869152481718,0.0011339471606908764,0.2519908340090983,-0.00010938157326099721,0.015,0.725,1.694,0.995,-0.085,-0.048,0.0,0.03644699527568335,0.6816541800856928,1.3321069812677566
1414,1782949985.1514049,-0.0006389886331974797,-0.008804592571896329,0.2520404051825468,2.438668617517497e-05,0.016,0.725,1.694,0.995,-0.085,-0.047,0.0,0.03644699527568335,0.6816541800856928,1.3321069812677566
1416,1782949985.1752396,0.007798415455688251,0.0025840152901712553,0.2517329947810265,0.00015143471533740323,0.017,0.725,1.694,0.995,-0.086,-0.047,0.0,0.0464469952756833,0.6816541800856928,1.3321069812677566
1416,1782949985.1966128,0.012963016498614323,-0.09014872379245997,0.25297319582546024,0.0012163145647456227,0.018,0.725,1.694,0.995,-0.086,-0.047,0.0,0.0464469952756833,0.6816541800856928,1.3321069812677566
1418,1782949985.2282844,0.006254548861996911,0.005208575812198829,0.25134379798187945,0.00021233906950197273,0.02,0.725,1.694,0.995,-0.086,-0.047,0.0,0.0464469952756833,0.6816541800856928,1.3321069812677566
1418,1782949985.241648,0.00980973349808873,-0.08317241525765688,0.2531789143816655,0.001208028324305719,0.022,0.725,1.694,0.995,-0.086,-0.047,0.0,0.0464469952756833,0.6816541800856928,1.3321069812677566
1421,1782949985.267797,0.0062058134339233045,0.0033725394604964404,0.2517271326271359,0.0004969736545891949,0.023,0.725,1.694,0.995,-0.086,-0.047,0.0,0.0464469952756833,0.6816541800856928,1.3321069812677566
1421,1782949985.2858133,0.005348029524403875,-0.0766265804407198,0.2531409476836381,0.00109909111404994,0.024,0.725,1.694,0.995,-0.086,-0.048,0.0,0.0464469952756833,0.6816541800856928,1.3321069812677566
1423,1782949985.3072329,0.004388033452034171,-0.08292774469722484,0.2533025907207977,0.0013700461583835682,0.025,0.725,1.694,0.995,-0.086,-0.048,0.0,0.0464469952756833,0.6816541800856928,1.3321069812677566
1423,1782949985.3223407,0.003686074047123518,0.01161517364277205,0.2517738319478384,0.000744930059138854,0.026,0.725,1.694,0.995,-0.086,-0.048,0.0,0.056446995275683254,0.6816541800856928,1.3321069812677566
1425,1782949985.33923,-0.005535308187937994,0.07714910444601288,0.250986546460352,-8.378517085629326e-05,0.028,0.725,1.694,0.995,-0.085,-0.049,0.0,0.056446995275683254,0.6816541800856928,1.3321069812677566
1426,1782949985.3629396,-0.006743026880226377,0.05666845854931825,0.25145259488583194,-0.00034056641295676985,0.029,0.725,1.694,0.995,-0.085,-0.049,0.0,0.056446995275683254,0.6816541800856928,1.3321069812677566
1426,1782949985.3829913,-0.007120674225718975,0.07424862194363235,0.2511185621886961,-0.000621582806504333,0.029,0.725,1.694,0.995,-0.085,-0.049,0.0,0.056446995275683254,0.6816541800856928,1.3321069812677566
1428,1782949985.4005291,-0.00785777406001426,0.05498249199860988,0.25140460471310994,-0.0007485113904292613,0.03,0.725,1.694,0.995,-0.085,-0.05,0.0,0.056446995275683254,0.6816541800856928,1.3321069812677566
1428,1782949985.4205134,-0.006947475417471444,0.043583259730497634,0.25158337397846264,-0.0007689849320732402,0.031,0.725,1.694,0.995,-0.085,-0.05,0.0,0.056446995275683254,0.6816541800856928,1.3321069812677566
1430,1782949985.4391499,-0.0057506650062188035,0.06494130062712114,0.2512877717814449,-0.0008958097361245731,0.032,0.725,1.694,0.995,-0.085,-0.05,0.0,0.056446995275683254,0.6816541800856928,1.3321069812677566
1431,1782949985.4602537,-0.004895031735834183,-0.03410821299432577,0.25317064069244033,9.43346671736031e-05,0.034,0.725,1.694,0.995,-0.085,-0.05,0.0,0.056446995275683254,0.6816541800856928,1.3321069812677566
1432,1782949985.4826586,-0.003574304406118403,-0.114756687515633,0.25321977168286036,0.0006851640668692541,0.035,0.725,1.695,0.995,-0.085,-0.05,0.0,0.056446995275683254,0.6816541800856928,1.3321069812677566
1433,1782949985.499152,-0.002615431215323979,-0.12965669238746586,0.25327228322434603,0.0010593496460753068,0.035,0.725,1.695,0.995,-0.085,-0.05,0.0,0.056446995275683254,0.6816541800856928,1.3321069812677566
1434,1782949985.5214093,-0.003844944072163365,-0.030776482852399478,0.25184976399316655,0.0005104900024913202,0.037,0.725,1.695,0.995,-0.085,-0.05,0.0,0.06644699527568321,0.6816541800856928,1.3321069812677566
1435,1782949985.5397172,-0.0041903513071556535,-0.0032096345957700473,0.2515008308851994,0.0003484493315515405,0.038,0.725,1.695,0.995,-0.085,-0.049,0.0,0.06644699527568321,0.6816541800856928,1.3321069812677566
1436,1782949985.560357,-0.004833173793162978,0.04629027214786786,0.25110701350460146,-0.00013703764058930248,0.039,0.725,1.695,0.995,-0.085,-0.049,0.0,0.06644699527568321,0.6816541800856928,1.3321069812677566
1437,1782949985.5815198,-0.004996490321744046,0.059106086887632955,0.2510059244826895,-0.0004265921687300158,0.039,0.725,1.695,0.995,-0.085,-0.049,0.0,0.06644699527568321,0.6816541800856928,1.3321069812677566
1438,1782949985.6017654,-0.003010176880325938,-0.039492517853205816,0.2528204537669938,0.0004279474439381659,0.04,0.725,1.695,0.995,-0.085,-0.049,0.0,0.06644699527568321,0.6816541800856928,1.3321069812677566
1439,1782949985.619559,-0.0047285458028184435,0.013125402871842953,0.2517796713743011,1.0294217930623302e-06,0.041,0.725,1.695,0.995,-0.085,-0.05,0.0,0.06644699527568321,0.6816541800856928,1.3321069812677566
1440,1782949985.6407285,-0.005563726035425509,0.08527211145645945,0.25083768885546137,-0.0006070761235740871,0.043,0.725,1.695,0.995,-0.085,-0.05,0.0,0.06644699527568321,0.6816541800856928,1.3321069812677566
1441,1782949985.6593997,0.004399439899250633,0.03194504958581586,0.25159275347522786,-0.00043026076563092185,0.044,0.725,1.695,0.995,-0.086,-0.05,0.0,0.06644699527568321,0.6816541800856928,1.3321069812677566
1442,1782949985.6796842,0.005272530497399441,0.057095324690637814,0.2512737972633175,-0.0006723444026163674,0.045,0.725,1.695,0.995,-0.086,-0.05,0.0,0.06644699527568321,0.6816541800856928,1.3321069812677566
1443,1782949985.6990685,0.0063856058786897684,-0.041932406031793185,0.2534101962001942,0.0005578620267284082,0.046,0.725,1.695,0.995,-0.086,-0.05,0.0,0.06644699527568321,0.6816541800856928,1.3321069812677566
1444,1782949985.7211487,0.005962593604523059,-0.10638428121757268,0.2534588859776992,0.0010033160106097895,0.047,0.725,1.695,0.995,-0.086,-0.05,0.0,0.07644699527568322,0.6816541800856928,1.3321069812677566
1445,1782949985.7485914,0.00439048885406694,-0.019421803826114456,0.2520349426899605,0.0005166958025040103,0.048,0.725,1.695,0.995,-0.086,-0.049,0.0,0.07644699527568322,0.6816541800856928,1.3321069812677566
1445,1782949985.7727392,0.004063134321732437,-0.004824390708121171,0.25185944656801185,0.00032565261477664035,0.049,0.725,1.695,0.995,-0.086,-0.049,0.0,0.07644699527568322,0.6816541800856928,1.3321069812677566
1447,1782949985.8050296,0.002992473993694624,0.009904229006526955,0.2517488548420101,0.00013537224779754266,0.05,0.725,1.695,0.995,-0.086,-0.049,0.0,0.07644699527568322,0.6816541800856928,1.3321069812677566
1447,1782949985.830474,0.0007061626894590955,-0.08041973236969516,0.25299906356461654,0.0008432744641337095,0.052,0.725,1.695,0.995,-0.086,-0.049,0.0,0.07644699527568322,0.6816541800856928,1.3321069812677566
1450,1782949985.8571444,0.002338092773298249,-0.006603278021237585,0.25187559455781394,0.00039785367095563186,0.053,0.725,1.695,0.995,-0.086,-0.049,0.0,0.07644699527568322,0.6816541800856928,1.3321069812677566
1450,1782949985.8796353,0.002708190443406636,0.05007575936038269,0.25129461165169587,-0.00013927589269981382,0.055,0.725,1.695,0.995,-0.086,-0.05,0.0,0.07644699527568322,0.6816541800856928,1.3321069812677566
1452,1782949985.9002404,0.0023469281807069675,0.062224610020666,0.25121622450054115,-0.00047804916210958474,0.056,0.725,1.695,0.995,-0.086,-0.05,0.0,0.07644699527568322,0.6816541800856928,1.3321069812677566
1452,1782949985.9220243,0.001608003600864944,-0.034046929278662215,0.2525363691330943,0.00034615039908471036,0.057,0.725,1.695,0.995,-0.086,-0.05,0.0,0.08644699527568317,0.6816541800856928,1.3321069812677566
1454,1782949985.9446375,-0.0062022822258087015,0.03028027509934677,0.25147898844200034,-9.455049792877026e-06,0.058,0.725,1.695,0.995,-0.085,-0.05,0.0,0.08644699527568317,0.6816541800856928,1.3321069812677566
1454,1782949985.9674902,-0.006943782393329639,0.03405986218980836,0.2513522767270577,-0.00018604511749852038,0.059,0.725,1.695,0.995,-0.085,-0.05,0.0,0.08644699527568317,0.6816541800856928,1.3321069812677566
1457,1782949985.9963722,-0.006641759435390426,0.029624895583779908,0.2513721322419627,-0.0003222024798739257,0.06,0.725,1.695,0.995,-0.085,-0.05,0.0,0.08644699527568317,0.6816541800856928,1.3321069812677566
1457,1782949986.0301945,-0.00599356491729771,0.02161239549406906,0.25152448175235764,-0.00039701145335404404,0.062,0.725,1.695,0.995,-0.085,-0.05,0.0,0.08644699527568317,0.6816541800856928,1.3321069812677566
1460,1782949986.0580192,-0.0036577866762870677,-0.07584069238357323,0.2531128917289921,0.0004246888201966172,0.065,0.725,1.695,0.995,-0.085,-0.05,0.0,0.08644699527568317,0.6816541800856928,1.3321069812677566
1460,1782949986.0855148,-0.004210884753386759,0.00551442564635897,0.25159201154206584,-0.00023106073559647907,0.066,0.725,1.695,0.995,-0.085,-0.05,0.0,0.08644699527568317,0.6816541800856928,1.3321069812677566
1463,1782949986.109647,-0.0038366445339881525,0.035417561539751764,0.2513330842439017,-0.0005346666009855268,0.068,0.725,1.695,0.995,-0.085,-0.05,0.0,0.08644699527568317,0.6816541800856928,1.3321069812677566
1463,1782949986.1247985,0.005320410163233284,0.07545764818759781,0.25084737445317223,-0.0007852170096510054,0.069,0.725,1.695,0.995,-0.086,-0.05,0.0,0.09644699527568312,0.6816541800856928,1.3321069812677566
1465,1782949986.1410353,0.009734261213985223,-0.024497472568947007,0.25321456478174803,0.0006846937001049036,0.07,0.725,1.695,0.995,-0.086,-0.05,0.0,0.09644699527568312,0.6816541800856928,1.3321069812677566
1466,1782949986.1598372,0.010297394306779992,-0.11271884561288224,0.25345555921389107,0.0012792606385566405,0.072,0.725,1.695,0.995,-0.086,-0.049,0.0,0.09644699527568312,0.6816541800856928,1.3321069812677566
1467,1782949986.1849504,0.00972508104973301,-0.12650722442423457,0.25367828847118323,0.0016201913133238428,0.073,0.725,1.695,0.995,-0.086,-0.049,0.0,0.09644699527568312,0.6816541800856928,1.3321069812677566
1468,1782949986.2083902,0.007958453349089054,-0.11955918568174087,0.2536876312921391,0.001771520649489588,0.074,0.725,1.695,0.995,-0.086,-0.049,0.0,0.09644699527568312,0.6816541800856928,1.3321069812677566
1468,1782949986.2230716,0.004524151321369667,-0.018162626251785302,0.2518211423468735,0.0005860048604927558,0.076,0.725,1.695,0.995,-0.086,-0.049,0.0,0.09644699527568312,0.6816541800856928,1.3321069812677566
1470,1782949986.2430367,0.004338413373469273,0.004912483197191078,0.251837385991478,0.00037866215638256823,0.077,0.725,1.695,0.995,-0.086,-0.049,0.0,0.09644699527568312,0.6816541800856928,1.3321069812677566
1471,1782949986.2618184,0.002910777288085589,0.030014704146226763,0.25178778246075106,-2.1221686651572494e-05,0.078,0.725,1.695,0.995,-0.086,-0.05,0.0,0.09644699527568312,0.6816541800856928,1.3321069812677566
1472,1782949986.2849798,-0.0013181995779639874,-0.03819658883404193,0.25293629144152174,0.000471606827297204,0.079,0.725,1.695,0.995,-0.086,-0.05,0.0,0.10644699527568308,0.6816541800856928,1.3321069812677566
1473,1782949986.3021147,0.001672452587134829,0.05955578728558699,0.2508465838304583,-0.0004711338772838995,0.08,0.725,1.695,0.995,-0.086,-0.05,0.0,0.10644699527568308,0.6816541800856928,1.3321069812677566
1474,1782949986.3210735,-0.0022847622710447475,-0.016502438492047612,0.2527742904469054,7.573134586555787e-05,0.081,0.725,1.695,0.995,-0.086,-0.051,0.0,0.10644699527568308,0.6816541800856928,1.3321069812677566
1475,1782949986.3555532,0.001257492518116919,0.07224608819212161,0.2512542015023845,-0.0005900702120239623,0.082,0.725,1.695,0.995,-0.086,-0.051,0.0,0.10644699527568308,0.6816541800856928,1.3321069812677566
1475,1782949986.3737223,-0.0066963217755003435,0.07902446414973542,0.2511429807127258,-0.0009503831452293512,0.084,0.725,1.695,0.995,-0.085,-0.051,0.0,0.10644699527568308,0.6816541800856928,1.3321069812677566
1477,1782949986.3894305,-0.00886960158002582,0.046279585676381296,0.25158736070915594,-0.0010799541579045563,0.085,0.725,1.695,0.995,-0.085,-0.052,0.0,0.10644699527568308,0.6816541800856928,1.3321069812677566
1477,1782949986.4092085,-0.008802636326299112,0.03973203908724668,0.25165765323683786,-0.0011081640082587414,0.086,0.725,1.695,0.995,-0.085,-0.052,0.0,0.10644699527568308,0.6816541800856928,1.3321069812677566
1479,1782949986.428426,-0.007479433383400935,0.08758714082862538,0.25096016950012584,-0.001427410821704775,0.087,0.725,1.695,0.995,-0.085,-0.052,0.0,0.10644699527568308,0.6816541800856928,1.3321069812677566
1479,1782949986.4465644,-0.009963551770826428,-0.013086203617958578,0.253311161114131,-0.00032163227246477153,0.088,0.725,1.695,0.995,-0.085,-0.052,0.0,0.10644699527568308,0.6816541800856928,1.3321069812677566
1481,1782949986.4663117,-0.007136216845077062,0.06348719982421618,0.2514089087410817,-0.0010815149029874437,0.089,0.725,1.695,0.995,-0.085,-0.052,0.0,0.10644699527568308,0.6816541800856928,1.3321069812677566
1481,1782949986.4851859,-0.00601436242402061,0.08483123111798756,0.2508461302792819,-0.001274677186159164,0.09,0.725,1.695,0.995,-0.085,-0.051,0.0,0.11644699527568303,0.6816541800856928,1.3321069812677566
1483,1782949986.5052876,-0.0062916323892560485,0.017044869506461946,0.2515901908822153,-0.0010223971243773615,0.091,0.725,1.695,0.995,-0.085,-0.051,0.0,0.11644699527568303,0.6816541800856928,1.3321069812677566
1483,1782949986.520699,-0.005783878209091841,0.009839364030437555,0.25173963863628457,-0.0008914057220056461,0.092,0.725,1.695,0.995,-0.085,-0.051,0.0,0.11644699527568303,0.6816541800856928,1.3321069812677566
1485,1782949986.540669,0.0038187697448706986,-0.09026869283229103,0.2535244514156738,0.0004754733444075315,0.093,0.725,1.695,0.995,-0.086,-0.05,0.0,0.11644699527568303,0.6816541800856928,1.3321069812677566
1486,1782949986.5588465,0.005337435750313234,-0.008326008692312523,0.25182314563531333,-0.00023201544216948703,0.095,0.725,1.695,0.995,-0.086,-0.05,0.0,0.11644699527568303,0.6816541800856928,1.3321069812677566
1487,1782949986.5781045,0.004477575807716012,0.04895040904496763,0.25124079623989026,-0.0005861046156379781,0.096,0.725,1.695,0.995,-0.086,-0.05,0.0,0.11644699527568303,0.6816541800856928,1.3321069812677566
1488,1782949986.6000118,0.0031270756354174834,-0.052168275937161654,0.2538232766413865,0.001044361527111199,0.097,0.724,1.695,0.995,-0.086,-0.049,0.0,0.11644699527568303,0.6816541800856928,1.3321069812677566
1489,1782949986.6194682,0.0018117643380135993,-0.1336129956011986,0.2537170623390951,0.001459879061224035,0.098,0.724,1.695,0.995,-0.086,-0.049,0.0,0.11644699527568303,0.6816541800856928,1.3321069812677566
1490,1782949986.6468222,0.0007723672289088697,-0.034074742662288895,0.25240345541081266,0.0008749613148959305,0.099,0.724,1.695,0.995,-0.086,-0.049,0.0,0.11644699527568303,0.6816541800856928,1.3321069812677566
1490,1782949986.6662953,0.0020336422576554556,0.024149489331127524,0.25160274533944105,0.00033041647682763883,0.099,0.724,1.695,0.995,-0.086,-0.049,0.0,0.11644699527568303,0.6816541800856928,1.3321069812677566
1492,1782949986.6836023,-0.002030023254151514,-0.06721528284633717,0.2531275241493256,0.0009499744949112797,0.1,0.724,1.695,0.995,-0.086,-0.049,0.0,0.12644699527568304,0.6816541800856928,1.3321069812677566
1493,1782949986.7030902,-0.00017133370401698975,0.010169702461337485,0.2518950421569581,0.00045815301625030567,0.101,0.724,1.695,0.995,-0.086,-0.049,0.0,0.12644699527568304,0.6816541800856928,1.3321069812677566
1494,1782949986.7218976,-0.00034192165361699063,0.03919326897031289,0.2516365693291678,6.72157177606025e-05,0.103,0.724,1.695,0.995,-0.086,-0.05,0.0,0.12644699527568304,0.6816541800856928,1.3321069812677566
1495,1782949986.7417312,0.00020278282493954407,0.08999164376365644,0.25092052580798163,-0.00047241422250852256,0.104,0.724,1.695,0.995,-0.086,-0.05,0.0,0.12644699527568304,0.6816541800856928,1.3321069812677566
1496,1782949986.7617,9.954527197895795e-05,0.07634866690259522,0.2510860016848074,-0.0007472108060618147,0.105,0.724,1.695,0.995,-0.086,-0.05,0.0,0.12644699527568304,0.6816541800856928,1.3321069812677566
1497,1782949986.7844448,-0.0005176396297398994,0.04708265543985272,0.25161162475039234,-0.0008370388205285862,0.106,0.724,1.695,0.995,-0.086,-0.051,0.0,0.12644699527568304,0.6816541800856928,1.3321069812677566
1498,1782949986.8001285,-0.000598144720820008,0.04200997509614948,0.25171273401643346,-0.00085785517538272,0.107,0.724,1.695,0.995,-0.086,-0.051,0.0,0.12644699527568304,0.6816541800856928,1.3321069812677566
1499,1782949986.8198824,0.0003284154186482275,0.058627630672328755,0.2513868438371797,-0.000979885702482832,0.109,0.724,1.695,0.995,-0.086,-0.051,0.0,0.12644699527568304,0.6816541800856928,1.3321069812677566
1500,1782949986.83927,0.0021504133536224893,0.08548634327879925,0.2509035948407539,-0.0011831513742973816,0.11,0.724,1.695,0.995,-0.086,-0.051,0.0,0.13644699527568294,0.6816541800856928,1.3321069812677566
1501,1782949986.8618667,-0.0006598471873596329,-0.015488463824488444,0.2532669158569039,0.00028780405702187573,0.111,0.724,1.695,0.995,-0.086,-0.051,0.0,0.13644699527568294,0.6816541800856928,1.3321069812677566
1502,1782949986.8843563,0.0014156792452947433,0.006655085213704726,0.2519378793740774,-0.00025412153070463513,0.111,0.724,1.695,0.995,-0.086,-0.051,0.0,0.13644699527568294,0.6816541800856928,1.3321069812677566
1503,1782949986.9038527,0.0017067054204766207,-0.004556684025573715,0.2518211481419961,-0.00017360424664364756,0.113,0.724,1.695,0.995,-0.086,-0.05,0.0,0.13644699527568294,0.6816541800856928,1.3321069812677566
1504,1782949986.9214067,0.0017623415431575465,-0.008284094201478766,0.25182627612972397,-0.00016779717157549214,0.114,0.724,1.695,0.995,-0.086,-0.05,0.0,0.13644699527568294,0.6816541800856928,1.3321069812677566
1505,1782949986.947145,0.0025416634678671526,0.03504538004310813,0.251393513799728,-0.0005159553738492002,0.115,0.724,1.695,0.995,-0.086,-0.05,0.0,0.13644699527568294,0.6816541800856928,1.3321069812677566
1505,1782949986.9768236,0.0020720242224518456,0.0009592145188725074,0.25186527005434656,-0.0003403519801744449,0.116,0.724,1.695,0.995,-0.086,-0.05,0.0,0.13644699527568294,0.6816541800856928,1.3321069812677566
1507,1782949987.0033739,0.002521690528587758,-0.011897161896098038,0.2519231820178941,-0.00017104198822400765,0.118,0.724,1.695,0.995,-0.086,-0.049,0.0,0.13644699527568294,0.6816541800856928,1.3321069812677566
1507,1782949987.0251174,0.002822538473221668,0.06181378982673714,0.2511013482246448,-0.0006701514610909257,0.12,0.724,1.695,0.995,-0.086,-0.049,0.0,0.13644699527568294,0.6816541800856928,1.3321069812677566
1510,1782949987.0445542,0.002957259206364629,0.07374890146923685,0.25089107989495013,-0.0007767200316204288,0.121,0.724,1.695,0.995,-0.086,-0.049,0.0,0.14644699527568295,0.6816541800856928,1.3321069812677566
1511,1782949987.0681927,0.0020031735833458643,0.016567363857679915,0.2515634338459527,-0.00048447732237442173,0.122,0.724,1.695,0.995,-0.086,-0.049,0.0,0.14644699527568295,0.6816541800856928,1.3321069812677566
1511,1782949987.095867,0.0029337123179032365,0.04290174588953894,0.2512304656015311,-0.000490959274603364,0.123,0.724,1.695,0.995,-0.086,-0.048,0.0,0.14644699527568295,0.6816541800856928,1.3321069812677566
1513,1782949987.1264076,0.0031577603302083354,0.056445998734546934,0.2511391576514067,-0.0005764185110958714,0.125,0.724,1.695,0.995,-0.086,-0.048,0.0,0.14644699527568295,0.6816541800856928,1.3321069812677566
1513,1782949987.1519036,0.004135413868259251,-0.0436733805225981,0.2536497452733331,0.0011764938644182954,0.126,0.724,1.695,0.995,-0.086,-0.048,0.0,0.14644699527568295,0.6816541800856928,1.3321069812677566
1516,1782949987.180084,0.003855289348671914,-0.030846131438199448,0.2524095419983295,0.0006823888111302076,0.127,0.724,1.695,0.995,-0.086,-0.048,0.0,0.14644699527568295,0.6816541800856928,1.3321069812677566
1516,1782949987.209175,0.004697694836734591,-0.12514944361246572,0.25399811685719276,0.001602357629435911,0.129,0.724,1.695,0.995,-0.086,-0.048,0.0,0.14644699527568295,0.6816541800856928,1.3321069812677566
1519,1782949987.2393212,0.004179508216006335,-0.15569895857804864,0.2541360329239411,0.0019710596381751085,0.131,0.724,1.695,0.995,-0.086,-0.047,0.0,0.14644699527568295,0.6816541800856928,1.3321069812677566
1519,1782949987.2659752,0.0027789544537719134,-0.052418659249672886,0.2519836736073473,0.0007077034118017586,0.132,0.724,1.695,0.995,-0.086,-0.047,0.0,0.15644699527568295,0.6816541800856928,1.3321069812677566
1522,1782949987.2945216,0.0028971642311566943,-1.2985003868669354e-05,0.25183301972280925,0.000557782998215529,0.133,0.724,1.695,0.995,-0.086,-0.048,0.0,0.15644699527568295,0.6816541800856928,1.3321069812677566
1522,1782949987.3229926,-0.00633054289451639,-0.052734221238351385,0.25296036412730627,0.0008560359570558645,0.135,0.724,1.695,0.995,-0.085,-0.048,0.0,0.15644699527568295,0.6816541800856928,1.3321069812677566
1524,1782949987.3481805,-0.007866242187787448,0.041523935881700204,0.2514064641149732,0.0001699405812660554,0.136,0.724,1.695,0.995,-0.085,-0.049,0.0,0.15644699527568295,0.6816541800856928,1.3321069812677566
1526,1782949987.3727114,-0.00821982860998066,0.052282955097320484,0.2515504056074549,-0.00022233956230803965,0.138,0.724,1.695,0.995,-0.085,-0.05,0.0,0.15644699527568295,0.6816541800856928,1.3321069812677566
1526,1782949987.3956254,-0.008112804414381546,-0.025341246453457776,0.2529254015378187,7.944049480945357e-05,0.139,0.724,1.695,0.995,-0.085,-0.05,0.0,0.15644699527568295,0.6816541800856928,1.3321069812677566
1528,1782949987.4199266,-0.007449901183386568,0.06991990318202132,0.25120063395578746,-0.0006664072256826718,0.14,0.724,1.695,0.995,-0.085,-0.051,0.0,0.15644699527568295,0.6816541800856928,1.3321069812677566
1528,1782949987.4441342,-0.0067404823228717475,0.08925492228609201,0.25103371096680155,-0.0010117477069322479,0.142,0.724,1.695,0.995,-0.085,-0.051,0.0,0.15644699527568295,0.6816541800856928,1.3321069812677566
1531,1782949987.4677753,-0.005402792289746159,0.04836521559114231,0.2515168478571741,-0.001027234313600377,0.143,0.724,1.695,0.995,-0.085,-0.051,0.0,0.16644699527568285,0.6816541800856928,1.3321069812677566
1531,1782949987.495207,-0.005660983754889959,0.08150583085118834,0.25110186199398854,-0.001303011516821445,0.144,0.724,1.695,0.995,-0.085,-0.052,0.0,0.16644699527568285,0.6816541800856928,1.3321069812677566
1533,1782949987.5179176,-0.003768700906798775,0.036180872342353454,0.2516942789589624,-0.001213942385027983,0.146,0.724,1.695,0.995,-0.085,-0.052,0.0,0.16644699527568285,0.6816541800856928,1.3321069812677566
1533,1782949987.5533392,-0.0001239657746547494,-0.06295929047188648,0.2533525478882267,-6.491027728310712e-05,0.147,0.724,1.695,0.995,-0.085,-0.051,0.0,0.16644699527568285,0.6816541800856928,1.3321069812677566
1536,1782949987.5751674,0.004805200037432584,0.020108230083630232,0.251631007083089,-0.0007188622013605895,0.149,0.724,1.695,0.995,-0.086,-0.051,0.0,0.16644699527568285,0.6816541800856928,1.3321069812677566
1536,1782949987.5976617,0.010270432343482523,-0.08020570506793123,0.2538597086176437,0.0009115610325128951,0.15,0.724,1.695,0.995,-0.086,-0.05,0.0,0.16644699527568285,0.6816541800856928,1.3321069812677566
1538,1782949987.6212292,0.011284493586639369,-0.14560904506759487,0.25366381570561647,0.0012591687510392754,0.151,0.724,1.695,0.995,-0.086,-0.05,0.0,0.16644699527568285,0.6816541800856928,1.3321069812677566
1538,1782949987.6447985,0.0065145702481398116,-0.04600917965304982,0.2521261544952124,0.00045737533733536796,0.152,0.724,1.695,0.995,-0.086,-0.05,0.0,0.17644699527568286,0.6816541800856928,1.3321069812677566
1540,1782949987.6672118,0.005216930167549518,0.0039336009985992265,0.25172065824442114,0.00023115502623743744,0.154,0.724,1.695,0.995,-0.086,-0.05,0.0,0.17644699527568286,0.6816541800856928,1.3321069812677566
1542,1782949987.688517,0.003973752431713419,0.05589050856894765,0.251266917254536,-0.0002965367727321033,0.154,0.724,1.695,0.995,-0.086,-0.05,0.0,0.17644699527568286,0.6816541800856928,1.3321069812677566
1542,1782949987.7138479,0.0026734967545460585,0.08946347927628541,0.25089871051912443,-0.0007429778448961883,0.156,0.724,1.695,0.995,-0.086,-0.05,0.0,0.17644699527568286,0.6816541800856928,1.3321069812677566
1544,1782949987.7368314,0.002016961223699115,0.08757489501391602,0.251089484413324,-0.0010061526277729523,0.158,0.724,1.695,0.995,-0.086,-0.051,0.0,0.17644699527568286,0.6816541800856928,1.3321069812677566
1544,1782949987.7659495,0.002276331464720764,0.05913319375287583,0.25157463374010575,-0.0009400770141745308,0.159,0.724,1.695,0.995,-0.086,-0.051,0.0,0.17644699527568286,0.6816541800856928,1.3321069812677566
1547,1782949987.7963893,0.001940068509682642,0.0978823028658651,0.25103879971255433,-0.0013374955161866782,0.16,0.724,1.695,0.995,-0.086,-0.052,0.0,0.17644699527568286,0.6816541800856928,1.3321069812677566
1547,1782949987.826357,0.0026557262796080023,0.03498898064237574,0.2518182306136277,-0.0011590763680114193,0.163,0.724,1.695,0.995,-0.086,-0.052,0.0,0.17644699527568286,0.6816541800856928,1.3321069812677566
1550,1782949987.8531325,-0.005730588566961492,0.06492220780854144,0.2512747179972438,-0.0012587919502549056,0.164,0.724,1.695,0.995,-0.085,-0.051,0.0,0.18644699527568276,0.6816541800856928,1.3321069812677566
1550,1782949987.8809648,-0.004992211923030503,0.01677772909074353,0.25191841009566573,-0.0010456389134968235,0.165,0.724,1.695,0.995,-0.085,-0.051,0.0,0.18644699527568276,0.6816541800856928,1.3321069812677566
1552,1782949987.90657,-0.0050281627179588045,-0.004681734429579552,0.2520169387697526,-0.0008245446002573382,0.167,0.724,1.695,0.995,-0.085,-0.05,0.0,0.18644699527568276,0.6816541800856928,1.3321069812677566
1552,1782949987.9306054,-0.005743606500020579,0.03284127005105902,0.2515993749279901,-0.00091898143626054,0.168,0.724,1.695,0.995,-0.085,-0.05,0.0,0.18644699527568276,0.6816541800856928,1.3321069812677566
1555,1782949987.9457514,-0.005830878085689507,0.054037029421449875,0.25131578391909903,-0.0009605527029696642,0.169,0.724,1.695,0.995,-0.085,-0.049,0.0,0.18644699527568276,0.6816541800856928,1.3321069812677566
1555,1782949987.959135,0.0013250846722944517,-0.047289588034640825,0.2537252803247826,0.000599184661002581,0.17,0.724,1.695,0.995,-0.085,-0.049,0.0,0.18644699527568276,0.6816541800856928,1.3321069812677566
1557,1782949987.9881313,-0.0008432547228617044,-0.022172567990539363,0.25224138890298925,0.0002727185063201511,0.172,0.724,1.695,0.995,-0.085,-0.048,0.0,0.19644699527568277,0.6816541800856928,1.3321069812677566
1557,1782949988.0108163,-0.0009041768106827627,-0.006756240731351927,0.2521441594861626,0.00021124411492136024,0.172,0.724,1.694,0.995,-0.085,-0.048,0.0,0.19644699527568277,0.6816541800856928,1.3321069812677566
1559,1782949988.0339978,-0.00048714937034039126,-0.0022781646149251846,0.25215746124980054,0.00015842727696724208,0.173,0.724,1.694,0.995,-0.085,-0.048,0.0,0.19644699527568277,0.6816541800856928,1.3321069812677566
1559,1782949988.049862,-0.004758634423107644,0.07159477394922527,0.2512021486345523,-0.0004333173223442174,0.174,0.724,1.694,0.995,-0.085,-0.048,0.0,0.19644699527568277,0.6816541800856928,1.3321069812677566
1560,1782949988.0644565,-0.003111070760314051,0.044988593415589986,0.2515634243544195,-0.00039253656697957155,0.175,0.724,1.694,0.995,-0.085,-0.047,0.0,0.19644699527568277,0.6816541800856928,1.3321069812677566
1562,1782949988.0801542,-0.002967514513116213,0.0541965536221311,0.2514591088861455,-0.0005083821369957093,0.176,0.724,1.694,0.995,-0.085,-0.047,0.0,0.19644699527568277,0.6816541800856928,1.3321069812677566
1563,1782949988.1007977,0.009416020752416376,0.004557120259311188,0.252196966427072,-0.00011619487296828568,0.178,0.724,1.694,0.995,-0.086,-0.047,0.0,0.19644699527568277,0.6816541800856928,1.3321069812677566
1564,1782949988.1204934,0.008476061532702604,0.03161001554443992,0.2517157768055232,-0.00021375196897333054,0.179,0.724,1.694,0.995,-0.086,-0.047,0.0,0.19644699527568277,0.6816541800856928,1.3321069812677566
1565,1782949988.1408446,0.008569278344967651,0.02834139014959603,0.2517901724061098,-0.0001870307768762229,0.18,0.724,1.694,0.995,-0.086,-0.047,0.0,0.19644699527568277,0.6816541800856928,1.3321069812677566
1566,1782949988.1617444,0.014911592050706739,0.0011270645150121411,0.2517726242821379,0.00011739103133302634,0.181,0.725,1.694,0.995,-0.086,-0.047,0.0,0.20644699527568278,0.6816541800856928,1.3321069812677566
1567,1782949988.1811461,0.01520375700969866,-0.003927356547147352,0.25178811435893367,0.00024894416770197884,0.182,0.725,1.694,0.995,-0.086,-0.047,0.0,0.20644699527568278,0.6816541800856928,1.3321069812677566
1568,1782949988.200051,0.014226538652524736,-0.006993970657575378,0.25190477699197367,0.0003297577287570665,0.183,0.725,1.694,0.995,-0.086,-0.047,0.0,0.20644699527568278,0.6816541800856928,1.3321069812677566
1569,1782949988.2161794,0.013357744149275872,-0.018364288558326388,0.25197932681164326,0.0005185406557296032,0.184,0.725,1.694,0.995,-0.086,-0.046,0.0,0.20644699527568278,0.6816541800856928,1.3321069812677566
1570,1782949988.2445714,0.003039320022444201,-0.02101956059452679,0.252083095359285,0.0005595910674321206,0.186,0.725,1.694,0.995,-0.085,-0.046,0.0,0.20644699527568278,0.6816541800856928,1.3321069812677566
1571,1782949988.2692392,-9.698411485304856e-05,0.016290787459378377,0.25158467497046944,0.0002981539157478289,0.186,0.725,1.694,0.995,-0.085,-0.046,0.0,0.20644699527568278,0.6816541800856928,1.3321069812677566
1571,1782949988.2887557,0.0003614082260057598,-0.014031391044416225,0.2520600446480147,0.00042466479214445707,0.187,0.725,1.694,0.995,-0.085,-0.046,0.0,0.20644699527568278,0.6816541800856928,1.3321069812677566
1573,1782949988.3118434,-0.0010140963262673707,0.03780065265207174,0.2512831176130104,5.38677161897184e-05,0.188,0.725,1.694,0.995,-0.085,-0.046,0.0,0.20644699527568278,0.6816541800856928,1.3321069812677566
1573,1782949988.3263772,0.0005875569538441247,-0.010163629826814666,0.252037142160006,0.00025080561651116313,0.19,0.725,1.694,0.995,-0.085,-0.046,0.0,0.20644699527568278,0.6816541800856928,1.3321069812677566
1575,1782949988.3393798,0.0008824981644271045,-0.017530778553341432,0.2522242276788883,0.0003138918051341972,0.191,0.725,1.694,0.995,-0.085,-0.046,0.0,0.20644699527568278,0.6816541800856928,1.3321069812677566
1576,1782949988.359136,0.0005115055912619515,-0.008540957700991999,0.25217230191135065,0.0004333007097401454,0.192,0.725,1.694,0.995,-0.085,-0.046,0.0,0.21644699527568267,0.6816541800856928,1.3321069812677566
1577,1782949988.3806953,-9.391813118539687e-05,0.026421377274740688,0.25163727226883004,0.00024736101579175634,0.193,0.725,1.694,0.995,-0.085,-0.046,0.0,0.21644699527568267,0.6816541800856928,1.3321069812677566
1578,1782949988.4009187,0.00018507704519498975,0.029777501198341674,0.25156538977720255,0.00015943321850204372,0.194,0.725,1.694,0.995,-0.085,-0.046,0.0,0.21644699527568267,0.6816541800856928,1.3321069812677566
1578,1782949988.4205158,0.009020227160368727,-0.06857392453242532,0.2539110223240681,0.001402671996519561,0.195,0.725,1.693,0.995,-0.085,-0.046,0.0,0.21644699527568267,0.6816541800856928,1.3321069812677566
1580,1782949988.440669,0.00978820780084945,-0.13099135637986098,0.2542645033713896,0.001941041823656186,0.196,0.725,1.693,0.995,-0.085,-0.046,0.0,0.21644699527568267,0.6816541800856928,1.3321069812677566
1581,1782949988.4610937,0.010502420628459174,-0.13389261823218893,0.2544360809015097,0.0022031586551810724,0.197,0.725,1.693,0.995,-0.085,-0.046,0.0,0.21644699527568267,0.6816541800856928,1.3321069812677566
1581,1782949988.5444932,0.010133825603606036,-0.12664077906888052,0.25427423012957684,0.002379906160710569,0.199,0.725,1.693,0.995,-0.085,-0.046,0.0,0.21644699527568267,0.6816541800856928,1.3321069812677566
1586,1782949988.5664074,0.002602019415943157,-0.025674340576423163,0.25240103121781066,0.0013440855267016793,0.202,0.726,1.693,0.995,-0.085,-0.047,0.0,0.21644699527568267,0.6816541800856928,1.3321069812677566
1586,1782949988.5814755,8.305501859367896e-05,0.046560692373075155,0.25159304995107096,0.0006831553913567049,0.203,0.726,1.693,0.995,-0.085,-0.048,0.0,0.22644699527568268,0.6816541800856928,1.3321069812677566
1588,1782949988.5995574,-0.002451180093730557,0.09032956176657891,0.25102906641247635,-4.321029074314962e-05,0.205,0.726,1.693,0.995,-0.085,-0.049,0.0,0.22644699527568268,0.6816541800856928,1.3321069812677566
1589,1782949988.6203742,-0.0008937968588608397,0.029953686656609982,0.2516510068543599,0.00010702704271358727,0.206,0.726,1.693,0.995,-0.085,-0.05,0.0,0.22644699527568268,0.6816541800856928,1.3321069812677566
1590,1782949988.639239,-0.002752574625371794,0.07989341072312815,0.25089831117221384,-0.00036351967265283363,0.207,0.726,1.694,0.995,-0.085,-0.051,0.0,0.22644699527568268,0.6816541800856928,1.3321069812677566
1591,1782949988.6597335,-0.0006185760456853245,-0.0007505230597401186,0.2515840806563101,-1.4716315739358662e-05,0.208,0.726,1.694,0.995,-0.085,-0.051,0.0,0.22644699527568268,0.6816541800856928,1.3321069812677566
1592,1782949988.6797223,-0.002372505030995711,0.08778075384128602,0.2506499756626632,-0.0008190356358898322,0.21,0.726,1.694,0.995,-0.085,-0.052,0.0,0.22644699527568268,0.6816541800856928,1.3321069812677566
1593,1782949988.6990306,-0.0001794188035256902,0.04289323235181247,0.2510281095453995,-0.0008457703679748138,0.211,0.726,1.694,0.995,-0.085,-0.052,0.0,0.22644699527568268,0.6816541800856928,1.3321069812677566
1594,1782949988.7204924,-0.0018308824181206855,0.07708534657223426,0.2506669984932757,-0.001199522313885521,0.212,0.726,1.694,0.995,-0.085,-0.052,0.0,0.2364469952756827,0.6816541800856928,1.3321069812677566
1595,1782949988.740141,0.0048011759719034566,-0.02329905164807336,0.25217222932725,9.587455003279093e-05,0.213,0.726,1.694,0.995,-0.085,-0.052,0.0,0.2364469952756827,0.6816541800856928,1.3321069812677566
1596,1782949988.7591403,-0.0006153153715881838,0.036242053435455765,0.25110319163917033,-0.0006161315159320511,0.214,0.726,1.694,0.995,-0.085,-0.051,0.0,0.2364469952756827,0.6816541800856928,1.3321069812677566
1597,1782949988.779711,0.0006192564339933945,0.006346093115257127,0.25132836389033275,-0.0005778015915319631,0.215,0.726,1.694,0.995,-0.085,-0.051,0.0,0.2364469952756827,0.6816541800856928,1.3321069812677566
1598,1782949988.7989798,0.0008680269731111724,0.0010704547875973157,0.25141454446912276,-0.0006018619391844498,0.216,0.726,1.694,0.995,-0.085,-0.051,0.0,0.2364469952756827,0.6816541800856928,1.3321069812677566
1599,1782949988.8201158,-0.0007901600591539168,0.037091706432511154,0.25113639797775694,-0.0007794524578964941,0.217,0.726,1.694,0.995,-0.085,-0.05,0.0,0.2364469952756827,0.6816541800856928,1.3321069812677566
1600,1782949988.8416016,0.0005131974346602062,0.0014907677572764885,0.25157682265284875,-0.0005761855839302973,0.218,0.726,1.694,0.995,-0.085,-0.05,0.0,0.2364469952756827,0.6816541800856928,1.3321069812677566
1601,1782949988.861933,0.0006193903508847423,-0.004985503609747604,0.2516210656472291,-0.0005008362785198341,0.219,0.726,1.694,0.995,-0.085,-0.05,0.0,0.2364469952756827,0.6816541800856928,1.3321069812677566
1602,1782949988.8825343,0.004287356697514578,-0.10151935601998532,0.25285864675717956,0.0007690563102625404,0.22,0.726,1.694,0.995,-0.085,-0.049,0.0,0.2364469952756827,0.6816541800856928,1.3321069812677566
1603,1782949988.8983114,0.004234418806813261,-0.14273315479628235,0.2529046740656126,0.0012155865159774741,0.22,0.726,1.694,0.995,-0.085,-0.049,0.0,0.2364469952756827,0.6816541800856928,1.3321069812677566
1604,1782949988.9217184,-0.0018831148606331177,-0.03978108252670773,0.25155462514995686,-0.0003274945259492891,0.221,0.726,1.694,0.995,-0.085,-0.049,0.0,0.2364469952756827,0.6816541800856928,1.3321069812677566
1605,1782949988.9398556,-0.0009654435605220913,0.0474551640839513,0.25094320177220664,-0.00040441804722097434,0.222,0.726,1.694,0.995,-0.085,-0.049,0.0,0.2464469952756826,0.6816541800856928,1.3321069812677566
1606,1782949988.9659786,-0.0018886843109841888,0.06106573542094309,0.2510001898079547,-0.0006281811325647522,0.223,0.726,1.694,0.995,-0.085,-0.049,0.0,0.2464469952756826,0.6816541800856928,1.3321069812677566
1606,1782949988.9797568,-0.0020957432275394436,0.08399239835414188,0.25083875757924795,-0.0008965792991463016,0.224,0.726,1.694,0.995,-0.085,-0.049,0.0,0.2464469952756826,0.6816541800856928,1.3321069812677566
1608,1782949989.0042095,-0.0023929680641836563,0.07517224531594896,0.25102805318622745,-0.0009607154307429183,0.225,0.726,1.694,0.995,-0.085,-0.049,0.0,0.2464469952756826,0.6816541800856928,1.3321069812677566
1609,1782949989.0203273,0.002182251217603205,-0.018127864614370104,0.252551103813421,-0.00016570894262246715,0.226,0.726,1.694,0.995,-0.085,-0.05,0.0,0.2464469952756826,0.6816541800856928,1.3321069812677566
1610,1782949989.041315,-0.0017286054788859537,0.07686832938183327,0.25097279568410596,-0.0009452235778259528,0.228,0.726,1.694,0.995,-0.085,-0.05,0.0,0.2464469952756826,0.6816541800856928,1.3321069812677566
1611,1782949989.0641935,0.0022876934794056804,-0.01842012373152542,0.2531188479237804,0.00011373344323923164,0.229,0.726,1.694,0.995,-0.085,-0.05,0.0,0.2464469952756826,0.6816541800856928,1.3321069812677566
1612,1782949989.0897028,-0.0010712513907087133,0.048465355318154366,0.251709267871591,-0.00046934558919576393,0.23,0.726,1.694,0.995,-0.085,-0.05,0.0,0.2464469952756826,0.6816541800856928,1.3321069812677566
1612,1782949989.1144793,-0.0004615350884304044,0.01641139770489354,0.25199910763024125,-0.00043250816231968895,0.231,0.726,1.694,0.995,-0.085,-0.05,0.0,0.2464469952756826,0.6816541800856928,1.3321069812677566
1614,1782949989.1368163,-0.0004906197190090887,0.004187808894947192,0.2520068417417518,-0.00044085663013441486,0.232,0.726,1.694,0.995,-0.085,-0.05,0.0,0.2464469952756826,0.6816541800856928,1.3321069812677566
1614,1782949989.1584575,-0.002716985084817103,0.04801630333019761,0.2513226361996014,-0.0006668032612441054,0.233,0.726,1.694,0.995,-0.085,-0.049,0.0,0.2564469952756826,0.6816541800856928,1.3321069812677566
1616,1782949989.179569,-0.0018129618585976974,0.011796709604359808,0.2518516322171549,-0.00045590159290225614,0.234,0.726,1.694,0.995,-0.085,-0.049,0.0,0.2564469952756826,0.6816541800856928,1.3321069812677566
1616,1782949989.197688,-0.001752080145137871,0.003916717677530216,0.2519218251412184,-0.00042745388224042785,0.235,0.726,1.694,0.995,-0.085,-0.049,0.0,0.2564469952756826,0.6816541800856928,1.3321069812677566
1618,1782949989.2142432,-0.0003946265467853821,-0.09200703056941789,0.25327093545483437,0.0005608453317872963,0.235,0.726,1.694,0.995,-0.085,-0.049,0.0,0.2564469952756826,0.6816541800856928,1.3321069812677566
1618,1782949989.2322938,-0.0026024318130698646,-0.007426351266396486,0.25172947550477215,-4.094763088779833e-06,0.236,0.726,1.694,0.995,-0.085,-0.048,0.0,0.2564469952756826,0.6816541800856928,1.3321069812677566
1620,1782949989.2529233,-0.0024485543944005126,0.026333330711131538,0.25143796673554575,-0.00023086749887455508,0.237,0.726,1.694,0.995,-0.085,-0.048,0.0,0.2564469952756826,0.6816541800856928,1.3321069812677566
1620,1782949989.273754,-0.002882305551969659,-0.0046811826004240845,0.2520199129848212,-0.00016832200850720887,0.239,0.726,1.694,0.995,-0.085,-0.048,0.0,0.2564469952756826,0.6816541800856928,1.3321069812677566
1622,1782949989.293832,-0.0036578365402599837,0.03356580708366117,0.25157075811369306,-0.00040152299847919876,0.24,0.726,1.694,0.995,-0.085,-0.048,0.0,0.2564469952756826,0.6816541800856928,1.3321069812677566
1622,1782949989.31489,-0.003626385682966379,0.0379232926665739,0.2515591797466014,-0.0004956477805054624,0.241,0.726,1.694,0.995,-0.085,-0.048,0.0,0.2564469952756826,0.6816541800856928,1.3321069812677566
1624,1782949989.3360238,-0.0032462485199494483,-0.05924189436828476,0.25326192312172613,0.0004729817655003245,0.242,0.726,1.694,0.995,-0.085,-0.048,0.0,0.2664469952756825,0.6816541800856928,1.3321069812677566
1624,1782949989.3552396,-0.00428911802911016,-0.0069399806879105325,0.2521625427141245,0.0002121086754773826,0.243,0.726,1.694,0.995,-0.085,-0.048,0.0,0.2664469952756825,0.6816541800856928,1.3321069812677566
1626,1782949989.3752809,-0.00384305566911013,-0.09695483811307314,0.25352050455960695,0.000858765718913285,0.244,0.726,1.694,0.995,-0.085,-0.048,0.0,0.2664469952756825,0.6816541800856928,1.3321069812677566
1626,1782949989.397647,-0.00490518938429017,-0.007088378739018367,0.25182684137586203,0.0003511993346894858,0.245,0.726,1.694,0.995,-0.085,-0.047,0.0,0.2664469952756825,0.6816541800856928,1.3321069812677566
1628,1782949989.4267807,-0.004794049603517382,-0.009456681271808307,0.25202426246068055,0.00033432435854719225,0.246,0.726,1.694,0.995,-0.085,-0.047,0.0,0.2664469952756825,0.6816541800856928,1.3321069812677566
1628,1782949989.455502,-0.00484993121631574,-0.0009105252181747358,0.25206369259382055,0.00026518064160921753,0.248,0.726,1.694,0.995,-0.085,-0.047,0.0,0.2664469952756825,0.6816541800856928,1.3321069812677566
1631,1782949989.487544,-0.004806374699404311,-0.08635882243514145,0.25328133561412486,0.0009036381981834823,0.249,0.726,1.694,0.995,-0.085,-0.048,0.0,0.2664469952756825,0.6816541800856928,1.3321069812677566
1631,1782949989.5040908,-0.004688227802443238,0.0034993080680066624,0.2518058170044802,0.00027016761225437164,0.251,0.726,1.694,0.995,-0.085,-0.048,0.0,0.2664469952756825,0.6816541800856928,1.3321069812677566
1633,1782949989.5243304,-0.003307686817100912,0.05217583481604384,0.2511836451327996,-3.9465167115634837e-05,0.252,0.726,1.694,0.995,-0.085,-0.048,0.0,0.2764469952756825,0.6816541800856928,1.3321069812677566
1634,1782949989.5422904,-0.0046747509886044085,0.03098997115653851,0.2515440365140872,-8.974143253063112e-05,0.253,0.726,1.694,0.995,-0.085,-0.048,0.0,0.2764469952756825,0.6816541800856928,1.3321069812677566
1635,1782949989.5583735,-0.006198964563401563,-0.06106228445018287,0.2527880995010057,0.0005599553691060031,0.254,0.726,1.694,0.995,-0.085,-0.048,0.0,0.2764469952756825,0.6816541800856928,1.3321069812677566
1637,1782949989.593661,-0.004813311802329181,0.0075309978451031795,0.25181349263994884,0.00031767547078473814,0.255,0.726,1.694,0.995,-0.085,-0.048,0.0,0.2764469952756825,0.6816541800856928,1.3321069812677566
1637,1782949989.6192365,-0.004477173426396121,0.013364425532987806,0.2517206321926318,0.0002136114516761023,0.256,0.726,1.694,0.995,-0.085,-0.048,0.0,0.2764469952756825,0.6816541800856928,1.3321069812677566
1639,1782949989.6401744,-0.004523385501065166,0.022818508070640647,0.25163034091799297,-1.4724048267165008e-05,0.257,0.726,1.694,0.995,-0.085,-0.049,0.0,0.2764469952756825,0.6816541800856928,1.3321069812677566
1639,1782949989.6589932,-0.0045029464771111066,0.020722132406421158,0.2516458151342472,-0.0001346598797312412,0.258,0.726,1.694,0.995,-0.085,-0.049,0.0,0.2764469952756825,0.6816541800856928,1.3321069812677566
1641,1782949989.6765904,-0.004479821993468374,0.017417051644005713,0.25167785463340814,-0.00021045148780053492,0.259,0.726,1.694,0.995,-0.085,-0.049,0.0,0.2764469952756825,0.6816541800856928,1.3321069812677566
1641,1782949989.6931276,-0.0039980330223724995,0.07050871711606345,0.2510084439744615,-0.0005977860435554442,0.259,0.726,1.694,0.995,-0.085,-0.049,0.0,0.2764469952756825,0.6816541800856928,1.3321069812677566
1643,1782949989.7124925,-0.005996957210159012,0.021114576122164733,0.2516054236571198,-0.0004991174020792929,0.26,0.726,1.694,0.995,-0.085,-0.049,0.0,0.2764469952756825,0.6816541800856928,1.3321069812677566
1643,1782949989.730637,-0.006141555990816658,0.01211527579650834,0.251752148943866,-0.0004554220964481729,0.261,0.726,1.694,0.995,-0.085,-0.049,0.0,0.2764469952756825,0.6816541800856928,1.3321069812677566
1645,1782949989.7517536,-0.005710103396911831,0.08653648873817109,0.25088655270098514,-0.0008062204182505559,0.262,0.726,1.694,0.995,-0.085,-0.049,0.0,0.2864469952756825,0.6816541800856928,1.3321069812677566
1645,1782949989.7698498,-0.005450702144794395,0.09175870416933281,0.25083982850253694,-0.0010293397071330513,0.263,0.726,1.694,0.995,-0.085,-0.049,0.0,0.2864469952756825,0.6816541800856928,1.3321069812677566
1647,1782949989.7855537,-0.005285024250427962,0.05092414085367264,0.2513419278773986,-0.0010156211857265287,0.265,0.726,1.694,0.995,-0.085,-0.049,0.0,0.2864469952756825,0.6816541800856928,1.3321069812677566
1647,1782949989.8000066,-0.005919285124853636,-0.00221972505865118,0.2519386290952983,-0.0006718497694728814,0.266,0.726,1.694,0.995,-0.085,-0.048,0.0,0.2864469952756825,0.6816541800856928,1.3321069812677566
1649,1782949989.8238497,-0.007325081745678844,-0.01558417925858186,0.2521544413786036,-0.000414102172777442,0.267,0.725,1.694,0.995,-0.085,-0.048,0.0,0.2864469952756825,0.6816541800856928,1.3321069812677566
1650,1782949989.8420336,-0.00643782163942278,0.01867203038749174,0.25177106415300954,-0.0004549552304749994,0.268,0.725,1.694,0.995,-0.085,-0.048,0.0,0.2864469952756825,0.6816541800856928,1.3321069812677566
1651,1782949989.8595548,-0.006294872031414406,0.035055021065924605,0.25150956760114146,-0.0004807532580809164,0.27,0.725,1.694,0.995,-0.085,-0.047,0.0,0.2864469952756825,0.6816541800856928,1.3321069812677566
1652,1782949989.883289,-0.007471177623279439,-0.0315542956243776,0.2522053684033011,-8.295049034169963e-05,0.271,0.725,1.694,0.995,-0.085,-0.047,0.0,0.2864469952756825,0.6816541800856928,1.3321069812677566
1653,1782949989.904524,0.002454297486980339,-0.12617459628128797,0.2534061858075054,0.0010037329764609007,0.271,0.725,1.694,0.995,-0.086,-0.047,0.0,0.2964469952756824,0.6816541800856928,1.3321069812677566
1654,1782949989.9222941,0.00391283462265736,-0.15561463900190114,0.25365361258530783,0.001568866636023111,0.273,0.725,1.694,0.995,-0.086,-0.047,0.0,0.2964469952756824,0.6816541800856928,1.3321069812677566
1655,1782949989.9466205,0.004213725329370062,-0.15028247486398744,0.2537583093309125,0.0021260589519218154,0.275,0.725,1.694,0.995,-0.086,-0.046,0.0,0.2964469952756824,0.6816541800856928,1.3321069812677566
1655,1782949989.965254,0.0036874415818496896,-0.1391285182726879,0.2537178181644143,0.002507592185710394,0.275,0.725,1.694,0.995,-0.086,-0.046,0.0,0.2964469952756824,0.6816541800856928,1.3321069812677566
1657,1782949989.9831185,0.004156354900155092,-0.12029892483336063,0.25364615317019606,0.0026324786189127966,0.276,0.725,1.694,0.995,-0.086,-0.046,0.0,0.2964469952756824,0.6816541800856928,1.3321069812677566
1658,1782949990.002099,0.003231742003963119,-0.019971324031493792,0.25217851049601375,0.0016317280491867866,0.278,0.725,1.694,0.995,-0.086,-0.047,0.0,0.2964469952756824,0.6816541800856928,1.3321069812677566
1658,1782949990.0206752,0.0007389080115000682,-0.06234295631666456,0.2531621195901713,0.0017947222692139752,0.279,0.725,1.694,0.995,-0.086,-0.047,0.0,0.2964469952756824,0.6816541800856928,1.3321069812677566
1659,1782949990.0474064,0.0012466874626381515,0.02954349886611886,0.2518104243552169,0.0009508327870513159,0.28,0.725,1.694,0.995,-0.086,-0.048,0.0,0.2964469952756824,0.6816541800856928,1.3321069812677566
1661,1782949990.0670326,0.003041434016570637,0.0716987932305207,0.25117859297879425,0.00042466534502611094,0.281,0.725,1.694,0.995,-0.086,-0.048,0.0,0.2964469952756824,0.6816541800856928,1.3321069812677566
1661,1782949990.0900586,0.001926557631807089,0.06572012979141514,0.25143816133869556,3.0186664346776998e-05,0.282,0.725,1.694,0.995,-0.086,-0.049,0.0,0.2964469952756824,0.6816541800856928,1.3321069812677566
1663,1782949990.1077342,0.00047045636299920205,0.07263819879535571,0.2512656456417482,-0.00026557288599175316,0.284,0.725,1.694,0.995,-0.086,-0.05,0.0,0.3064469952756824,0.6816541800856928,1.3321069812677566
1663,1782949990.122862,-3.419484188717844e-05,0.07478771940559636,0.2512239154715662,-0.0005593276000981963,0.284,0.725,1.694,0.995,-0.086,-0.051,0.0,0.3064469952756824,0.6816541800856928,1.3321069812677566
1665,1782949990.1426878,-0.005154855703410438,-0.009963097438737537,0.252310207607936,-0.0002067201197631576,0.285,0.725,1.694,0.995,-0.086,-0.051,0.0,0.3064469952756824,0.6816541800856928,1.3321069812677566
1666,1782949990.159097,-0.0005921869051985131,0.04908981986396638,0.25150533356347826,-0.00038967747864517336,0.287,0.725,1.694,0.995,-0.086,-0.051,0.0,0.3064469952756824,0.6816541800856928,1.3321069812677566
1666,1782949990.1813176,0.0001765441890482812,0.0406320321688944,0.2514831426343202,-0.0005890554495824299,0.288,0.725,1.694,0.995,-0.086,-0.052,0.0,0.3064469952756824,0.6816541800856928,1.3321069812677566
1668,1782949990.201826,0.0015204469665539904,0.08841952252575914,0.25094254098608,-0.0010818959802542966,0.289,0.725,1.694,0.995,-0.086,-0.052,0.0,0.3064469952756824,0.6816541800856928,1.3321069812677566
1669,1782949990.224032,0.00319832633979262,0.09847377139216465,0.2507875635430001,-0.0014348103692032525,0.29,0.725,1.694,0.995,-0.086,-0.052,0.0,0.3064469952756824,0.6816541800856928,1.3321069812677566
1670,1782949990.2393932,-0.0025287221524428463,-0.003452240755079952,0.2531653118705599,0.00048798689780758797,0.291,0.725,1.695,0.995,-0.086,-0.051,0.0,0.3064469952756824,0.6816541800856928,1.3321069812677566
1671,1782949990.2616794,0.0008758417598813059,-0.012704674378202996,0.2518868513055391,-9.744450500874557e-05,0.293,0.725,1.695,0.995,-0.086,-0.051,0.0,0.3064469952756824,0.6816541800856928,1.3321069812677566
1672,1782949990.2811334,-0.00223925314833503,-0.10886785266485784,0.2528676234850714,0.0009501325882007194,0.294,0.725,1.695,0.995,-0.086,-0.051,0.0,0.3164469952756823,0.6816541800856928,1.3321069812677566
1673,1782949990.2993467,-0.003978760767235703,-0.1594232909181477,0.2529943909358796,0.001363688760780974,0.295,0.724,1.695,0.995,-0.086,-0.05,0.0,0.3164469952756823,0.6816541800856928,1.3321069812677566
1674,1782949990.3172038,-0.000910205274534906,-0.05852807403130937,0.251903201348005,0.0006215378852960624,0.297,0.724,1.695,0.995,-0.086,-0.05,0.0,0.3164469952756823,0.6816541800856928,1.3321069812677566
1675,1782949990.3418708,-0.00269850733788877,-0.13773871815551986,0.2529224037171853,0.0012693714550743062,0.298,0.724,1.695,0.995,-0.086,-0.049,0.0,0.3164469952756823,0.6816541800856928,1.3321069812677566
1676,1782949990.362791,-0.0001731381806568781,-0.03583561696532138,0.2515001903283363,0.0002326048024591308,0.298,0.724,1.695,0.995,-0.086,-0.049,0.0,0.3164469952756823,0.6816541800856928,1.3321069812677566
1677,1782949990.3845484,-0.00025532311064714076,0.0020500266908413597,0.25149493423438624,0.00020450857728008382,0.299,0.724,1.695,0.995,-0.086,-0.049,0.0,0.3164469952756823,0.6816541800856928,1.3321069812677566
1678,1782949990.401986,-0.00010799796438088968,0.03258275915602525,0.25154499140066816,-6.743229569588615e-05,0.3,0.724,1.695,0.995,-0.086,-0.05,0.0,0.3164469952756823,0.6816541800856928,1.3321069812677566
1679,1782949990.420353,-7.145482273683036e-05,0.049499383381321135,0.2515634245741985,-0.000289274086047819,0.301,0.724,1.695,0.995,-0.086,-0.05,0.0,0.3164469952756823,0.6816541800856928,1.3321069812677566
1680,1782949990.442185,-0.001921829173114396,-0.01978539344159018,0.2527751898056694,0.00013297374673922334,0.302,0.724,1.695,0.995,-0.086,-0.051,0.0,0.3164469952756823,0.6816541800856928,1.3321069812677566
1681,1782949990.4637842,0.0005072923978958104,0.07087433040580932,0.25132689804741415,-0.0004628030175312838,0.303,0.724,1.695,0.995,-0.086,-0.051,0.0,0.3164469952756823,0.6816541800856928,1.3321069812677566
1682,1782949990.483733,0.0013866140171689282,0.11564090207613864,0.2505631505354767,-0.0009048903641855704,0.304,0.724,1.695,0.995,-0.086,-0.051,0.0,0.32644699527568233,0.6816541800856928,1.3321069812677566
1683,1782949990.501693,0.00022014303691524854,0.06929713745816754,0.2512795682785458,-0.000973686909628479,0.305,0.724,1.695,0.995,-0.086,-0.052,0.0,0.32644699527568233,0.6816541800856928,1.3321069812677566
1683,1782949990.5289474,0.00025850915604474795,0.05881948425631951,0.2514673981960469,-0.0010020355361286277,0.306,0.724,1.695,0.995,-0.086,-0.052,0.0,0.32644699527568233,0.6816541800856928,1.3321069812677566
1685,1782949990.5497758,0.00042034464045855643,0.04670346576054317,0.2516113482464188,-0.00098191513918594,0.307,0.724,1.695,0.995,-0.086,-0.052,0.0,0.32644699527568233,0.6816541800856928,1.3321069812677566
1685,1782949990.5739095,0.0005827346889414045,0.09230081842024895,0.2509644364789612,-0.0013356742251952212,0.308,0.724,1.695,0.995,-0.086,-0.052,0.0,0.32644699527568233,0.6816541800856928,1.3321069812677566
1687,1782949990.5959733,0.00021086720742657158,0.027544234244267607,0.25171319672397513,-0.001141803880687092,0.31,0.724,1.695,0.995,-0.086,-0.052,0.0,0.32644699527568233,0.6816541800856928,1.3321069812677566
1687,1782949990.6174197,0.0009526854773777354,0.05174394395094107,0.2514417812578783,-0.0011597900839535285,0.311,0.724,1.695,0.995,-0.086,-0.051,0.0,0.32644699527568233,0.6816541800856928,1.3321069812677566
1689,1782949990.635611,0.0008442809091224268,0.003119069228205977,0.25212046407024497,-0.0008575327855435775,0.312,0.724,1.695,0.995,-0.086,-0.051,0.0,0.32644699527568233,0.6816541800856928,1.3321069812677566
1689,1782949990.6613486,0.001185914491254529,0.03184821195039328,0.2516732044303524,-0.0008975285345584732,0.313,0.724,1.695,0.995,-0.086,-0.05,0.0,0.32644699527568233,0.6816541800856928,1.3321069812677566
1691,1782949990.6782553,0.001376506868856272,0.030689587115716656,0.25169881947419553,-0.0008561545752517794,0.315,0.724,1.695,0.995,-0.086,-0.05,0.0,0.32644699527568233,0.6816541800856928,1.3321069812677566
1692,1782949990.6958075,0.001195463065478952,0.03637353808170918,0.25146065952271,-0.0007277167941585618,0.315,0.724,1.695,0.995,-0.086,-0.049,0.0,0.33644699527568234,0.6816541800856928,1.3321069812677566
1692,1782949990.7093601,0.0021529381685677883,0.06019205857641585,0.25121895217667234,-0.0007974389298639022,0.316,0.724,1.695,0.995,-0.086,-0.049,0.0,0.33644699527568234,0.6816541800856928,1.3321069812677566
1694,1782949990.7228525,0.0019408591383321076,0.08216935797104377,0.2509047101370633,-0.0010222335139811868,0.317,0.724,1.695,0.995,-0.086,-0.049,0.0,0.33644699527568234,0.6816541800856928,1.3321069812677566
1695,1782949990.7450104,0.0017171867068187258,-0.003436495294548189,0.2521498352723218,-0.00040888186331559874,0.319,0.724,1.695,0.995,-0.086,-0.048,0.0,0.33644699527568234,0.6816541800856928,1.3321069812677566
1695,1782949990.7696733,0.0018716951121011266,-0.012111393135938668,0.2523496713764246,-0.00014043952523129022,0.319,0.724,1.695,0.995,-0.086,-0.048,0.0,0.33644699527568234,0.6816541800856928,1.3321069812677566
1697,1782949990.7955644,0.0022116591221528438,-0.10837885966213948,0.2542591815696371,0.0010917415764138201,0.321,0.724,1.695,0.995,-0.086,-0.048,0.0,0.33644699527568234,0.6816541800856928,1.3321069812677566
1697,1782949990.819019,0.0036669153948143234,-0.1543435614025936,0.25472709882618333,0.0016058705071650492,0.322,0.724,1.694,0.995,-0.086,-0.047,0.0,0.33644699527568234,0.6816541800856928,1.3321069812677566
1699,1782949990.8416216,0.002580101247552655,-0.051701280740037936,0.2526658974384428,0.00061035439168455,0.324,0.724,1.694,0.995,-0.086,-0.047,0.0,0.33644699527568234,0.6816541800856928,1.3321069812677566
1699,1782949990.8648808,0.0027264734337855206,-0.005803411497569355,0.25228591881671497,0.0005785789398462913,0.325,0.724,1.694,0.995,-0.086,-0.047,0.0,0.34644699527568223,0.6816541800856928,1.3321069812677566
1702,1782949990.8833632,0.003088816993393316,0.045282825662257324,0.2516121952045703,0.0001833608406813502,0.326,0.724,1.694,0.995,-0.086,-0.047,0.0,0.34644699527568223,0.6816541800856928,1.3321069812677566
1703,1782949990.9054427,0.0029539205361907737,0.04693339950464424,0.2518301121236917,-3.5893734654618935e-06,0.328,0.724,1.694,0.995,-0.086,-0.048,0.0,0.34644699527568223,0.6816541800856928,1.3321069812677566
1703,1782949990.921066,0.0031323381332902054,0.07644814474459366,0.25145058099380446,-0.0003546094075970533,0.329,0.724,1.694,0.995,-0.086,-0.049,0.0,0.34644699527568223,0.6816541800856928,1.3321069812677566
1704,1782949990.9469714,0.003337169748603282,-0.010248776984612754,0.2529882770432128,0.00025223581388596574,0.33,0.724,1.694,0.995,-0.086,-0.049,0.0,0.34644699527568223,0.6816541800856928,1.3321069812677566
1706,1782949990.9691918,0.0034709745778257464,-0.028116815611330736,0.25331896567920137,0.0006198559972890721,0.331,0.724,1.694,0.995,-0.086,-0.049,0.0,0.34644699527568223,0.6816541800856928,1.3321069812677566
1706,1782949990.990821,0.0027040637995793147,0.06491763916862102,0.25132206518172234,-0.0002699983802750076,0.332,0.724,1.694,0.995,-0.086,-0.05,0.0,0.34644699527568223,0.6816541800856928,1.3321069812677566
1708,1782949991.0099235,0.0036312210030857474,0.033433338351547395,0.25180285004739944,-0.0002852395121310128,0.334,0.724,1.694,0.995,-0.086,-0.05,0.0,0.34644699527568223,0.6816541800856928,1.3321069812677566
1708,1782949991.0289028,0.0038889938164167435,0.06863047440439435,0.25116587356299835,-0.0005836754260653306,0.335,0.724,1.694,0.995,-0.086,-0.05,0.0,0.35644699527568224,0.6816541800856928,1.3321069812677566
1710,1782949991.050052,0.00526369589239132,-0.030301341883646,0.25270749734543785,0.0005123026886913775,0.336,0.724,1.694,0.995,-0.086,-0.05,0.0,0.35644699527568224,0.6816541800856928,1.3321069812677566
1710,1782949991.0695503,0.0054655335681940915,-0.1025531204484373,0.2527583298222294,0.0009213803286493595,0.337,0.724,1.694,0.995,-0.086,-0.05,0.0,0.35644699527568224,0.6816541800856928,1.3321069812677566
1712,1782949991.0910845,-0.004412995965773501,-0.016209726517047274,0.2517443322179355,0.00036758704590607143,0.339,0.724,1.694,0.995,-0.085,-0.05,0.0,0.35644699527568224,0.6816541800856928,1.3321069812677566
1712,1782949991.1150181,-0.005292805915602755,-7.112852849405771e-06,0.251624289861249,5.838367937468971e-05,0.34,0.724,1.694,0.995,-0.085,-0.05,0.0,0.35644699527568224,0.6816541800856928,1.3321069812677566
1714,1782949991.1545236,-0.005535503666018452,-0.0933144200661236,0.2525408432928734,0.0006418000087076902,0.341,0.724,1.695,0.995,-0.085,-0.05,0.0,0.35644699527568224,0.6816541800856928,1.3321069812677566
1714,1782949991.1749194,-0.006479079302508981,0.007667087479905105,0.25130902731645766,-0.00015346044586198873,0.343,0.724,1.695,0.995,-0.085,-0.05,0.0,0.35644699527568224,0.6816541800856928,1.3321069812677566
1717,1782949991.1986744,-0.0047965535710638085,0.01321196568152843,0.25141263202410596,-0.00025368259379523854,0.344,0.724,1.695,0.995,-0.085,-0.05,0.0,0.35644699527568224,0.6816541800856928,1.3321069812677566
1717,1782949991.225437,-0.004104345381067604,0.025546356630903398,0.25149200665585797,-0.0003917665687087285,0.345,0.724,1.695,0.995,-0.085,-0.05,0.0,0.35644699527568224,0.6816541800856928,1.3321069812677566
1719,1782949991.2532053,-0.001085360879687033,-0.05129595125899864,0.25238918569636526,0.00019259102803298168,0.346,0.724,1.695,0.995,-0.085,-0.05,0.0,0.36644699527568214,0.6816541800856928,1.3321069812677566
1721,1782949991.26999,-0.0024856258821503137,0.031907575076366025,0.2514817633636555,-0.00026936580316778096,0.348,0.724,1.695,0.995,-0.085,-0.051,0.0,0.36644699527568214,0.6816541800856928,1.3321069812677566
1721,1782949991.2869074,-0.0021086032206318996,0.04232085732201228,0.251390145901517,-0.0004540499002050893,0.349,0.724,1.695,0.995,-0.085,-0.051,0.0,0.36644699527568214,0.6816541800856928,1.3321069812677566
1723,1782949991.3065546,-0.001863961435281056,0.04129667372372926,0.25150618965595484,-0.0006113002995526676,0.35,0.724,1.695,0.995,-0.085,-0.051,0.0,0.36644699527568214,0.6816541800856928,1.3321069812677566
1723,1782949991.3233743,-0.0044536527407008425,0.08880705959063331,0.25083536776893206,-0.0010716799398619607,0.351,0.724,1.695,0.995,-0.085,-0.051,0.0,0.36644699527568214,0.6816541800856928,1.3321069812677566
1724,1782949991.3460286,0.005054844808733882,0.07348965805147853,0.25101879786089987,-0.0010894720263288755,0.352,0.724,1.695,0.995,-0.086,-0.051,0.0,0.36644699527568214,0.6816541800856928,1.3321069812677566
1725,1782949991.3608537,0.007114328523087848,0.029764391989890705,0.25169656778145955,-0.0008967498912961056,0.354,0.724,1.695,0.995,-0.086,-0.051,0.0,0.36644699527568214,0.6816541800856928,1.3321069812677566
1727,1782949991.3794305,0.006330410160533821,0.06087740058098907,0.2512952459549388,-0.0010947133146500653,0.355,0.724,1.695,0.995,-0.086,-0.051,0.0,0.36644699527568214,0.6816541800856928,1.3321069812677566
1728,1782949991.4017658,0.0065118760003460155,0.028851538849652435,0.2516302716069553,-0.0008089768502985556,0.356,0.724,1.695,0.995,-0.086,-0.051,0.0,0.37644699527568215,0.6816541800856928,1.3321069812677566
1728,1782949991.420284,0.0056265378474542205,0.06445029094379891,0.2511990857424524,-0.0009871465650273356,0.357,0.724,1.695,0.995,-0.086,-0.051,0.0,0.37644699527568215,0.6816541800856928,1.3321069812677566
1730,1782949991.4391432,0.005722676390737822,0.01224181829002561,0.25173830709893213,-0.0005998755680058181,0.358,0.724,1.695,0.995,-0.086,-0.05,0.0,0.37644699527568215,0.6816541800856928,1.3321069812677566
1731,1782949991.459305,0.005603090523898137,0.005380775158239846,0.25192966377523457,-0.0004607377733030604,0.358,0.724,1.695,0.995,-0.086,-0.05,0.0,0.37644699527568215,0.6816541800856928,1.3321069812677566
1732,1782949991.4798405,0.009008281784857925,-0.09181884555770904,0.253665137632793,0.0008891629128117073,0.359,0.724,1.695,0.995,-0.086,-0.05,0.0,0.37644699527568215,0.6816541800856928,1.3321069812677566
1733,1782949991.5001686,0.005109008315897404,-0.013158967827686927,0.2520088266308668,0.00021977586721650235,0.361,0.724,1.695,0.995,-0.086,-0.049,0.0,0.37644699527568215,0.6816541800856928,1.3321069812677566
1734,1782949991.519495,0.005195210714021896,-0.01530091754039064,0.2521104485184277,0.00022280381069454105,0.362,0.724,1.695,0.995,-0.086,-0.049,0.0,0.37644699527568215,0.6816541800856928,1.3321069812677566
1735,1782949991.5414083,0.004872492075884075,-0.006915146557420333,0.25218613536680595,0.00014064133584477923,0.363,0.724,1.695,0.995,-0.086,-0.049,0.0,0.37644699527568215,0.6816541800856928,1.3321069812677566
1736,1782949991.5609932,0.005493041968065119,-0.1014091255012105,0.25382759506841657,0.0011144073988198669,0.363,0.724,1.695,0.995,-0.086,-0.049,0.0,0.37644699527568215,0.6816541800856928,1.3321069812677566
1737,1782949991.5810745,0.004660080907610901,-0.03397198060836312,0.25265983562872346,0.0006363448965759207,0.364,0.724,1.694,0.995,-0.086,-0.048,0.0,0.37644699527568215,0.6816541800856928,1.3321069812677566
1738,1782949991.6036038,-0.005218253877487617,0.032650227345363644,0.2517486119555327,0.0001146153084602943,0.365,0.724,1.694,0.995,-0.085,-0.048,0.0,0.38644699527568216,0.6816541800856928,1.3321069812677566
1739,1782949991.6251125,-0.005726383569221903,0.014980860803384732,0.25206859370483325,3.496967633019092e-05,0.366,0.724,1.694,0.995,-0.085,-0.048,0.0,0.38644699527568216,0.6816541800856928,1.3321069812677566
1739,1782949991.6510985,-0.004630283924443126,-0.07517079894508533,0.25348305164427154,0.0007058993741913702,0.367,0.724,1.694,0.995,-0.085,-0.048,0.0,0.38644699527568216,0.6816541800856928,1.3321069812677566
1741,1782949991.6731853,-0.0067859411179550634,0.018216760310523356,0.2517999380238531,1.226952515438794e-05,0.368,0.724,1.694,0.995,-0.085,-0.049,0.0,0.38644699527568216,0.6816541800856928,1.3321069812677566
1741,1782949991.6932986,-0.003215177243696389,-0.060701563839555966,0.2535282832453159,0.0005611185562640336,0.37,0.724,1.694,0.995,-0.085,-0.049,0.0,0.38644699527568216,0.6816541800856928,1.3321069812677566
1743,1782949991.7116888,-0.004360145889867523,0.013224700894036476,0.2522379592699722,0.0001351443909140196,0.371,0.724,1.694,0.995,-0.085,-0.049,0.0,0.38644699527568216,0.6816541800856928,1.3321069812677566
1743,1782949991.7332313,0.0009156941719050057,-0.06690797113458419,0.25332721541431197,0.0006530554267641682,0.372,0.724,1.694,0.995,-0.085,-0.049,0.0,0.38644699527568216,0.6816541800856928,1.3321069812677566
1745,1782949991.7549255,0.002477509504160618,-0.06808645443148564,0.25330359642510786,0.0007886928156595533,0.373,0.724,1.694,0.995,-0.085,-0.05,0.0,0.38644699527568216,0.6816541800856928,1.3321069812677566
1745,1782949991.7736356,-0.0019452753249711982,0.019117635243300027,0.25207057619506323,0.000198540021302572,0.375,0.724,1.694,0.995,-0.085,-0.05,0.0,0.38644699527568216,0.6816541800856928,1.3321069812677566
1747,1782949991.794111,0.003675248966158177,-0.04917315216246494,0.25260768996629673,0.0005846178611288693,0.376,0.724,1.694,0.995,-0.085,-0.05,0.0,0.39644699527568206,0.6816541800856928,1.3321069812677566
1747,1782949991.812811,0.001019137268854971,0.0334637577980353,0.2515236920752954,-3.739861345370711e-05,0.377,0.725,1.694,0.995,-0.085,-0.05,0.0,0.39644699527568206,0.6816541800856928,1.3321069812677566
1749,1782949991.839529,0.0007410469697790249,0.05237866685138148,0.25129284720733003,-0.00042262950690910946,0.378,0.725,1.694,0.995,-0.085,-0.051,0.0,0.39644699527568206,0.6816541800856928,1.3321069812677566
1749,1782949991.8538747,0.0035871163659778457,-0.03176282720217125,0.2521265288227488,5.322626997401853e-05,0.379,0.725,1.694,0.995,-0.085,-0.051,0.0,0.39644699527568206,0.6816541800856928,1.3321069812677566
1751,1782949991.87042,0.00035868359713210705,0.04486317328934291,0.25130836176952936,-0.0004614512422731702,0.38,0.725,1.694,0.995,-0.085,-0.051,0.0,0.39644699527568206,0.6816541800856928,1.3321069812677566
1751,1782949991.8846836,-0.0027011911199152977,0.09805315784024765,0.2506481168261616,-0.0010350874098405097,0.381,0.725,1.694,0.995,-0.085,-0.051,0.0,0.39644699527568206,0.6816541800856928,1.3321069812677566
1753,1782949991.9016457,-0.0008611075559427977,0.04885080843987,0.2509918854626835,-0.0009653766839613772,0.382,0.725,1.695,0.995,-0.085,-0.051,0.0,0.39644699527568206,0.6816541800856928,1.3321069812677566
1754,1782949991.92407,-0.0007697193746372599,0.03856448977759745,0.2511952615896026,-0.0009560975346198134,0.383,0.725,1.695,0.995,-0.085,-0.051,0.0,0.39644699527568206,0.6816541800856928,1.3321069812677566
1755,1782949991.9522784,-0.000775135996890477,0.0349040046723055,0.2512160966179743,-0.000937642174264084,0.383,0.725,1.695,0.995,-0.085,-0.051,0.0,0.39644699527568206,0.6816541800856928,1.3321069812677566
1755,1782949991.9749227,-0.001964565119501188,0.06255348186847023,0.2509414405117902,-0.0011473302977678954,0.384,0.725,1.695,0.995,-0.085,-0.051,0.0,0.39644699527568206,0.6816541800856928,1.3321069812677566
1757,1782949991.9978516,-0.0006386159602380839,0.0264197798258642,0.25139464794137906,-0.0010319286772593698,0.386,0.725,1.695,0.995,-0.085,-0.051,0.0,0.39644699527568206,0.6816541800856928,1.3321069812677566
1757,1782949992.0191488,0.0016503822869495376,-0.06871984231328582,0.25243955109089533,-0.00010390746100064183,0.386,0.725,1.695,0.995,-0.085,-0.051,0.0,0.40644699527568207,0.6816541800856928,1.3321069812677566
1759,1782949992.0465753,0.002520649029463957,-0.10000933022740086,0.25265643572965285,0.00037798249228511156,0.387,0.725,1.695,0.995,-0.085,-0.051,0.0,0.40644699527568207,0.6816541800856928,1.3321069812677566
1759,1782949992.0725715,-0.0006506797179143282,-0.006802003430100248,0.2516280535867875,-0.0001036977249058209,0.388,0.725,1.695,0.995,-0.085,-0.051,0.0,0.40644699527568207,0.6816541800856928,1.3321069812677566
1762,1782949992.1076229,-0.0017390863375494389,0.008934297553908212,0.25165240612667483,-0.00022608445127462613,0.39,0.725,1.695,0.995,-0.085,-0.05,0.0,0.40644699527568207,0.6816541800856928,1.3321069812677566
1762,1782949992.1252704,0.0021733603079687955,-0.07190987934265036,0.25291221311507245,0.0003748572612962837,0.392,0.725,1.695,0.995,-0.085,-0.05,0.0,0.40644699527568207,0.6816541800856928,1.3321069812677566
1765,1782949992.1437821,-0.0016337845783565398,0.00934883744027469,0.25185814261168354,-0.00010499712963119045,0.392,0.725,1.695,0.995,-0.085,-0.05,0.0,0.40644699527568207,0.6816541800856928,1.3321069812677566
1766,1782949992.1660914,-0.001807330770873557,0.028615068268035997,0.25183130420712146,-0.00030954167174712427,0.394,0.725,1.695,0.995,-0.085,-0.05,0.0,0.40644699527568207,0.6816541800856928,1.3321069812677566
1766,1782949992.1831877,-0.0018328008585805008,0.036896741112583696,0.2518344579536568,-0.0004706169596001188,0.394,0.725,1.695,0.995,-0.085,-0.05,0.0,0.40644699527568207,0.6816541800856928,1.3321069812677566
1768,1782949992.2006035,-0.0019273771169567733,0.05954359252884782,0.2515565551784105,-0.0006866228689352406,0.395,0.725,1.695,0.995,-0.085,-0.051,0.0,0.41644699527568196,0.6816541800856928,1.3321069812677566
1769,1782949992.2183297,0.002127646592438244,-0.027110253338664278,0.252974541013511,-8.583474645191744e-05,0.397,0.725,1.695,0.995,-0.085,-0.051,0.0,0.41644699527568196,0.6816541800856928,1.3321069812677566
1770,1782949992.2408934,-0.0011366046766591057,0.04611192790401113,0.25179648212288364,-0.0005036885700554649,0.398,0.725,1.695,0.995,-0.085,-0.051,0.0,0.41644699527568196,0.6816541800856928,1.3321069812677566
1770,1782949992.2633896,0.001741261353994785,-0.03860661743893494,0.2531820589972566,6.948241536218654e-05,0.398,0.725,1.695,0.995,-0.085,-0.051,0.0,0.41644699527568196,0.6816541800856928,1.3321069812677566
1772,1782949992.2839804,-0.0011601550760172346,0.035436134221909804,0.25187661034401093,-0.0004112008990379579,0.399,0.725,1.695,0.995,-0.085,-0.051,0.0,0.41644699527568196,0.6816541800856928,1.3321069812677566
1773,1782949992.302073,-0.002265083233705812,0.03908871533344592,0.2518822562086865,-0.0006103461298335175,0.4,0.725,1.694,0.995,-0.085,-0.051,0.0,0.41644699527568196,0.6816541800856928,1.3321069812677566
1774,1782949992.3317523,-0.0023791236670031813,0.038153053875646985,0.25192472450044573,-0.0007703681514817089,0.401,0.725,1.694,0.995,-0.085,-0.051,0.0,0.41644699527568196,0.6816541800856928,1.3321069812677566
1774,1782949992.3552544,-0.0023727655028175877,0.036286420388670915,0.2519607329015947,-0.0008632683508216285,0.402,0.725,1.694,0.995,-0.085,-0.051,0.0,0.41644699527568196,0.6816541800856928,1.3321069812677566
1776,1782949992.378146,-0.003177898866158122,0.06588020587387476,0.2515088781572358,-0.0011270857070429159,0.403,0.725,1.694,0.995,-0.085,-0.051,0.0,0.41644699527568196,0.6816541800856928,1.3321069812677566
1776,1782949992.401616,0.00012155054408366419,-0.032539605375061426,0.25347769608964876,-3.5403297252258005e-05,0.404,0.725,1.694,0.995,-0.085,-0.05,0.0,0.41644699527568196,0.6816541800856928,1.3321069812677566
1778,1782949992.4272242,0.0009422204678145116,-0.08501592132874743,0.25338839520272227,0.0004664260349766733,0.406,0.725,1.694,0.995,-0.085,-0.05,0.0,0.426446995275682,0.6816541800856928,1.3321069812677566
1778,1782949992.4485838,-0.002223126500011793,0.0008612900808029483,0.2520628126390227,4.262212981058218e-05,0.407,0.725,1.694,0.995,-0.085,-0.05,0.0,0.426446995275682,0.6816541800856928,1.3321069812677566
1781,1782949992.4654605,-0.0030222725539927036,0.053150783224917564,0.25137056967438864,-0.0003848251607011442,0.408,0.725,1.694,0.995,-0.085,-0.05,0.0,0.426446995275682,0.6816541800856928,1.3321069812677566
1781,1782949992.4811828,0.005946974953613203,0.06633776158800406,0.25125453277416904,-0.0005682850122169752,0.409,0.725,1.694,0.995,-0.086,-0.05,0.0,0.426446995275682,0.6816541800856928,1.3321069812677566
1783,1782949992.500741,0.007119276739438544,0.027105740371838813,0.25166595777025186,-0.0003334885306990839,0.41,0.725,1.694,0.995,-0.086,-0.049,0.0,0.426446995275682,0.6816541800856928,1.3321069812677566
1784,1782949992.5285044,0.0071416831893729455,0.023826942852625835,0.25171547306308384,-0.00032576705745820874,0.411,0.725,1.694,0.995,-0.086,-0.049,0.0,0.426446995275682,0.6816541800856928,1.3321069812677566
1784,1782949992.55049,0.007121745217045579,0.02186765796644241,0.2517181643854464,-0.00030190224448134874,0.411,0.725,1.694,0.995,-0.086,-0.049,0.0,0.426446995275682,0.6816541800856928,1.3321069812677566
1786,1782949992.5716832,0.006749141785654001,0.019116653216415126,0.25174651505928247,-0.00028562956344849454,0.412,0.725,1.694,0.995,-0.086,-0.049,0.0,0.426446995275682,0.6816541800856928,1.3321069812677566
1786,1782949992.5938914,0.006727986753385987,0.016273510304921558,0.2517780954809738,-0.0002738111217532454,0.413,0.725,1.694,0.995,-0.086,-0.049,0.0,0.426446995275682,0.6816541800856928,1.3321069812677566
1788,1782949992.61735,0.005606033090130819,0.06501814232841538,0.2510586813542509,-0.0005595638479972482,0.414,0.725,1.694,0.995,-0.086,-0.049,0.0,0.436446995275682,0.6816541800856928,1.3321069812677566
1788,1782949992.6379354,-0.0032170515845066534,0.06713643676636648,0.2510587142620376,-0.0007893487755183202,0.415,0.725,1.694,0.995,-0.085,-0.049,0.0,0.436446995275682,0.6816541800856928,1.3321069812677566
1790,1782949992.6644175,-0.004836579279646758,0.02655418388244319,0.2516373453677136,-0.0006954388479642671,0.417,0.725,1.694,0.995,-0.085,-0.049,0.0,0.436446995275682,0.6816541800856928,1.3321069812677566
1790,1782949992.689721,-0.0055023982037236425,0.020280645166982754,0.25172703099615923,-0.0006227432079679307,0.418,0.725,1.694,0.995,-0.085,-0.049,0.0,0.436446995275682,0.6816541800856928,1.3321069812677566
1793,1782949992.720958,-0.004150003109607376,-0.07682329979355496,0.25324862302338325,0.00046796421557835917,0.419,0.725,1.694,0.995,-0.085,-0.048,0.0,0.436446995275682,0.6816541800856928,1.3321069812677566
1793,1782949992.7383177,-0.0032260146603972856,-0.0256257581825224,0.2522273512268507,0.00023641050772530748,0.421,0.725,1.694,0.995,-0.085,-0.048,0.0,0.436446995275682,0.6816541800856928,1.3321069812677566
1795,1782949992.755144,-0.0022476953405221487,-0.012591016901826698,0.2521121754232507,0.0002029387117608537,0.422,0.725,1.694,0.995,-0.085,-0.048,0.0,0.436446995275682,0.6816541800856928,1.3321069812677566
1795,1782949992.768787,0.0006260647441095552,-0.10598462483168929,0.25351525359196847,0.0010467320564340355,0.422,0.725,1.694,0.995,-0.085,-0.048,0.0,0.436446995275682,0.6816541800856928,1.3321069812677566
1797,1782949992.7854896,-0.0008940078965805629,-0.027121264489235006,0.25208455894074,0.0007110626022210077,0.423,0.725,1.694,0.995,-0.085,-0.047,0.0,0.4464469952756819,0.6816541800856928,1.3321069812677566
1797,1782949992.8006291,0.0033675456467408523,-0.1065431976442993,0.2531559376171771,0.001389088952991745,0.424,0.725,1.694,0.995,-0.085,-0.047,0.0,0.4464469952756819,0.6816541800856928,1.3321069812677566
1799,1782949992.8186917,-0.002008410119286469,-0.009155846314020707,0.25157123699139694,0.0005485387502145152,0.425,0.725,1.694,0.995,-0.085,-0.047,0.0,0.4464469952756819,0.6816541800856928,1.3321069812677566
1800,1782949992.8389027,-0.0007461749818128537,0.01595994809216463,0.251596302135223,0.0004321579972585321,0.427,0.725,1.694,0.995,-0.085,-0.047,0.0,0.4464469952756819,0.6816541800856928,1.3321069812677566
1801,1782949992.8651063,-0.00048330919233317664,0.03475405308870026,0.2516765758570005,0.00012523895941002675,0.428,0.725,1.694,0.995,-0.085,-0.048,0.0,0.4464469952756819,0.6816541800856928,1.3321069812677566
1802,1782949992.8816848,-0.002222871003941628,0.06500554444655171,0.2513059986814959,-0.00019655022707175466,0.428,0.725,1.694,0.995,-0.085,-0.048,0.0,0.4464469952756819,0.6816541800856928,1.3321069812677566
1803,1782949992.901112,0.003218774559972862,-0.02718951842215503,0.25293088414794423,0.0004306289467993,0.429,0.725,1.694,0.995,-0.085,-0.048,0.0,0.4464469952756819,0.6816541800856928,1.3321069812677566
1804,1782949992.9211557,0.0009954448401865244,0.0262928988949276,0.2519135350184306,0.00012158658879253201,0.431,0.726,1.694,0.995,-0.085,-0.048,0.0,0.4464469952756819,0.6816541800856928,1.3321069812677566
1805,1782949992.9466658,-0.0005407651183765867,0.06083110155539964,0.25138718840303065,-0.0002890107546527791,0.432,0.726,1.694,0.995,-0.085,-0.049,0.0,0.4464469952756819,0.6816541800856928,1.3321069812677566
1805,1782949992.9625845,0.004679539363114054,-0.0352696658738281,0.25308048371190217,0.00045129908424195646,0.432,0.726,1.694,0.995,-0.085,-0.049,0.0,0.4464469952756819,0.6816541800856928,1.3321069812677566
1807,1782949992.9800563,0.0008224245502372971,0.026220736297238756,0.2517673194266673,8.125717988110133e-05,0.433,0.726,1.694,0.995,-0.085,-0.049,0.0,0.4564469952756819,0.6816541800856928,1.3321069812677566
1808,1782949993.0001047,0.00013011941188666512,0.02359694163866764,0.2516456539769881,-4.49829923225683e-05,0.435,0.726,1.694,0.995,-0.085,-0.049,0.0,0.4564469952756819,0.6816541800856928,1.3321069812677566
1809,1782949993.0212352,6.272121058931591e-05,0.021013179783502395,0.2516605651287854,-0.00015609273095795316,0.436,0.726,1.694,0.995,-0.085,-0.049,0.0,0.4564469952756819,0.6816541800856928,1.3321069812677566
1810,1782949993.0446076,0.004162482165488043,-0.07393358889450125,0.25288772494070844,0.0006585407049594068,0.436,0.726,1.694,0.995,-0.085,-0.049,0.0,0.4564469952756819,0.6816541800856928,1.3321069812677566
1810,1782949993.0624876,8.380284593492368e-05,-0.0062979799389767666,0.25187344715501714,0.00021498416657308485,0.437,0.726,1.694,0.995,-0.085,-0.049,0.0,0.4564469952756819,0.6816541800856928,1.3321069812677566
1812,1782949993.0839648,-0.000907026935224064,0.03842616162064575,0.251235403653165,-9.789792227465102e-05,0.438,0.726,1.694,0.995,-0.085,-0.048,0.0,0.4564469952756819,0.6816541800856928,1.3321069812677566
1813,1782949993.1014402,0.0034915385228190708,-0.05892297209133011,0.25287816997008356,0.0008832659601531265,0.439,0.726,1.694,0.995,-0.085,-0.048,0.0,0.4564469952756819,0.6816541800856928,1.3321069812677566
1814,1782949993.121321,-0.00015180908688548333,-0.010450877782565475,0.25190093410767317,0.0004796038754642997,0.441,0.726,1.694,0.995,-0.085,-0.048,0.0,0.4564469952756819,0.6816541800856928,1.3321069812677566
1815,1782949993.1407058,-0.0004934629424608438,0.0032911635666439537,0.25179080666979203,0.0003040096759372344,0.442,0.726,1.694,0.995,-0.085,-0.048,0.0,0.4564469952756819,0.6816541800856928,1.3321069812677566
1816,1782949993.1635554,0.001385495789977674,-0.0803662993361793,0.25269485580230056,0.0009122981606810173,0.443,0.726,1.694,0.995,-0.085,-0.048,0.0,0.4664469952756818,0.6816541800856928,1.3321069812677566
1817,1782949993.1816401,-0.002336396510574058,0.01274277872734153,0.2513165472555725,0.00020533691019999478,0.443,0.726,1.694,0.995,-0.085,-0.048,0.0,0.4664469952756818,0.6816541800856928,1.3321069812677566
1818,1782949993.2004645,-0.0013745950662435854,0.027133796153309853,0.25137562743199393,3.6012533617179205e-05,0.445,0.726,1.694,0.995,-0.085,-0.049,0.0,0.4664469952756818,0.6816541800856928,1.3321069812677566
1819,1782949993.2244995,0.001610260795045941,-0.05889525746467418,0.2526388649841906,0.0006002666821850877,0.446,0.726,1.694,0.995,-0.085,-0.049,0.0,0.4664469952756818,0.6816541800856928,1.3321069812677566
1820,1782949993.2418675,-0.0009141950265158429,0.01706002124957566,0.2516667044541784,0.00019397523901169204,0.447,0.726,1.694,0.995,-0.085,-0.049,0.0,0.4664469952756818,0.6816541800856928,1.3321069812677566
1821,1782949993.262729,-0.0011036187693677013,0.028899225669203575,0.25153381405531544,2.873759785661364e-05,0.447,0.726,1.694,0.995,-0.085,-0.049,0.0,0.4664469952756818,0.6816541800856928,1.3321069812677566
1822,1782949993.27985,-0.0019384810125332103,0.06252834112489997,0.25122881934598945,-0.0003436671910032763,0.448,0.726,1.694,0.995,-0.085,-0.049,0.0,0.4664469952756818,0.6816541800856928,1.3321069812677566
1823,1782949993.3023283,0.0015513130092694952,-0.03488255569657958,0.2529506200126151,0.0004825383577634326,0.45,0.726,1.694,0.995,-0.085,-0.049,0.0,0.4664469952756818,0.6816541800856928,1.3321069812677566
1824,1782949993.3248715,-0.0002629305237888957,0.012931225074035518,0.2519144816588374,0.00014559848577733723,0.45,0.726,1.694,0.995,-0.085,-0.049,0.0,0.4664469952756818,0.6816541800856928,1.3321069812677566
1824,1782949993.3434074,0.0019409293949984984,-0.07681523110239144,0.25314340645029687,0.0007664233525362176,0.451,0.726,1.694,0.995,-0.085,-0.049,0.0,0.4664469952756818,0.6816541800856928,1.3321069812677566
1825,1782949993.3653533,-0.0001994080582947205,-0.0040349230611287645,0.2519790714361782,0.000320828363287036,0.451,0.726,1.694,0.995,-0.085,-0.049,0.0,0.4664469952756818,0.6816541800856928,1.3321069812677566
1827,1782949993.383431,0.0020121683678087044,-0.09376412555899294,0.25323856302003167,0.0009706314992182064,0.453,0.726,1.694,0.995,-0.085,-0.049,0.0,0.4664469952756818,0.6816541800856928,1.3321069812677566
1828,1782949993.4021206,-0.0013710362158095828,-0.0076828016888117745,0.2518332397958388,0.00044254219761988235,0.453,0.726,1.694,0.995,-0.085,-0.049,0.0,0.4764469952756818,0.6816541800856928,1.3321069812677566
1829,1782949993.4238183,0.0005810489722346988,-0.08520156176853498,0.2529854827359781,0.0008915968884046297,0.455,0.726,1.694,0.995,-0.085,-0.049,0.0,0.4764469952756818,0.6816541800856928,1.3321069812677566
1830,1782949993.4512382,-0.003513305784668079,0.014469009292737131,0.2510863150716344,-0.0002352763762481357,0.455,0.726,1.694,0.995,-0.085,-0.049,0.0,0.4764469952756818,0.6816541800856928,1.3321069812677566
1830,1782949993.467886,-0.0002791366721642515,-0.0466090923738683,0.25275047489500824,0.0002957598564503589,0.457,0.726,1.694,0.995,-0.085,-0.05,0.0,0.4764469952756818,0.6816541800856928,1.3321069812677566
1832,1782949993.484719,-0.0017960949342913759,0.03056107939275697,0.251699097639649,-9.307650479662208e-05,0.457,0.726,1.694,0.995,-0.085,-0.05,0.0,0.4764469952756818,0.6816541800856928,1.3321069812677566
1833,1782949993.5043416,-0.0018426627900301057,0.04408863798405943,0.2515972447056889,-0.0003292373369261655,0.459,0.726,1.694,0.995,-0.085,-0.05,0.0,0.4764469952756818,0.6816541800856928,1.3321069812677566
1834,1782949993.530169,-0.0010325995294468218,-0.03800287759614254,0.25278982356375934,0.00020701453136958217,0.46,0.726,1.694,0.995,-0.085,-0.05,0.0,0.4764469952756818,0.6816541800856928,1.3321069812677566
1834,1782949993.552154,-0.002044674089512548,0.039894562852508,0.2516627560202267,-0.0001380783375740729,0.46,0.726,1.694,0.995,-0.085,-0.05,0.0,0.4764469952756818,0.6816541800856928,1.3321069812677566
1836,1782949993.572802,-0.0005715521915177742,-0.03696362413204944,0.25284898462106165,0.00026975444201752163,0.461,0.726,1.694,0.995,-0.085,-0.051,0.0,0.4764469952756818,0.6816541800856928,1.3321069812677566
1836,1782949993.5933397,-0.00261326364005983,0.04043678542553175,0.25173574210630506,-0.00020120512782958132,0.462,0.726,1.694,0.995,-0.085,-0.051,0.0,0.4764469952756818,0.6816541800856928,1.3321069812677566
1838,1782949993.6151786,-0.0005174815234787831,-0.03692086106280709,0.2525786822883784,0.00031378205512526175,0.464,0.726,1.694,0.995,-0.085,-0.051,0.0,0.4864469952756818,0.6816541800856928,1.3321069812677566
1838,1782949993.635588,-0.0027297701756747537,0.04270608556066789,0.25149422227813967,-0.00019758941603952127,0.465,0.726,1.694,0.995,-0.085,-0.051,0.0,0.4864469952756818,0.6816541800856928,1.3321069812677566
1840,1782949993.6579225,-0.002844197885519307,0.04696186942170105,0.25138426234220296,-0.00042796272904611335,0.466,0.726,1.694,0.995,-0.085,-0.051,0.0,0.4864469952756818,0.6816541800856928,1.3321069812677566
1840,1782949993.6856306,-0.0029421743782661897,0.0755928270610492,0.25106129540635197,-0.0008222008470904053,0.467,0.726,1.694,0.995,-0.085,-0.051,0.0,0.4864469952756818,0.6816541800856928,1.3321069812677566
1843,1782949993.7001388,-0.0023703995401504214,0.04141107008691438,0.25142251199127397,-0.0008441273077254069,0.468,0.726,1.694,0.995,-0.085,-0.051,0.0,0.4864469952756818,0.6816541800856928,1.3321069812677566
1844,1782949993.7192972,-0.0021422554479499298,0.031181694446560496,0.25158512917486997,-0.0008707173997780209,0.47,0.726,1.694,0.995,-0.085,-0.051,0.0,0.4864469952756818,0.6816541800856928,1.3321069812677566
1845,1782949993.7415912,-0.0023694985409027265,0.06191717278245064,0.2512169522061698,-0.0010956648876766719,0.471,0.726,1.694,0.995,-0.085,-0.051,0.0,0.4864469952756818,0.6816541800856928,1.3321069812677566
1846,1782949993.765133,-0.0014688701107067811,0.025508293777941782,0.25173408034641065,-0.0009900159653505737,0.472,0.726,1.694,0.995,-0.085,-0.051,0.0,0.4864469952756818,0.6816541800856928,1.3321069812677566
1847,1782949993.7836382,-0.0014970715804727523,0.030560620369603116,0.2515473223822598,-0.0008841623946267832,0.473,0.726,1.694,0.995,-0.085,-0.051,0.0,0.4964469952756817,0.6816541800856928,1.3321069812677566
1848,1782949993.800822,-0.0014428618881008794,0.01747842742359103,0.2516409835560175,-0.0006857295009516925,0.474,0.726,1.694,0.995,-0.085,-0.05,0.0,0.4964469952756817,0.6816541800856928,1.3321069812677566
1849,1782949993.821442,-0.0023415750508259947,0.05962264698133435,0.25119609636429074,-0.0008629026862122084,0.475,0.726,1.694,0.995,-0.085,-0.05,0.0,0.4964469952756817,0.6816541800856928,1.3321069812677566
1850,1782949993.8419242,-0.0012675688376743103,0.021536877006684996,0.2517778790680357,-0.0006681802503100868,0.476,0.726,1.694,0.995,-0.085,-0.05,0.0,0.4964469952756817,0.6816541800856928,1.3321069812677566
1851,1782949993.8596733,-0.0015697159835872578,0.01550069546204167,0.25183292307800187,-0.0005851196956182613,0.476,0.726,1.694,0.995,-0.085,-0.05,0.0,0.4964469952756817,0.6816541800856928,1.3321069812677566
1852,1782949993.886142,-0.002357485464002426,0.046285251989431786,0.25145902646727636,-0.000652309533182012,0.477,0.726,1.694,0.995,-0.085,-0.049,0.0,0.4964469952756817,0.6816541800856928,1.3321069812677566
1852,1782949993.9003134,-0.0015133044158141592,0.009680783415825747,0.2519710353557683,-0.0004247159870661797,0.478,0.726,1.694,0.995,-0.085,-0.049,0.0,0.4964469952756817,0.6816541800856928,1.3321069812677566
1854,1782949993.9280186,0.006597939590865827,0.046125247817474645,0.25147379593376556,-0.0005315220591229927,0.48,0.726,1.694,0.995,-0.086,-0.049,0.0,0.4964469952756817,0.6816541800856928,1.3321069812677566
1854,1782949993.9498477,0.007477652453929227,0.04851755472133215,0.25144141811789184,-0.0005287150362816725,0.48,0.726,1.694,0.995,-0.086,-0.049,0.0,0.4964469952756817,0.6816541800856928,1.3321069812677566
1856,1782949993.9707186,0.008661853037437297,0.0002906487022715093,0.2521456875073262,-0.0001266908832749876,0.481,0.726,1.694,0.995,-0.086,-0.048,0.0,0.4964469952756817,0.6816541800856928,1.3321069812677566
1856,1782949993.9902196,0.010212251373359555,-0.09681491313964688,0.25380099650864874,0.0011888235928777403,0.482,0.726,1.694,0.995,-0.086,-0.048,0.0,0.4964469952756817,0.6816541800856928,1.3321069812677566
1858,1782949994.011102,0.007088559447032008,-0.007087161568003764,0.25187858688748593,0.00042117674403283566,0.484,0.726,1.694,0.995,-0.086,-0.048,0.0,0.5064469952756817,0.6816541800856928,1.3321069812677566
1858,1782949994.0313954,0.006850033390826256,-0.006889112696972288,0.25195978391808377,0.000453072659154579,0.485,0.726,1.694,0.995,-0.086,-0.048,0.0,0.5064469952756817,0.6816541800856928,1.3321069812677566
1860,1782949994.0519023,0.006802504421904899,-0.10243720030836716,0.25369145647746294,0.0016427723629254707,0.486,0.726,1.694,0.995,-0.086,-0.047,0.0,0.5064469952756817,0.6816541800856928,1.3321069812677566
1860,1782949994.0712087,-0.0034518040436888383,-0.030576186411849157,0.2523268181030689,0.0010939213638716972,0.487,0.726,1.694,0.995,-0.085,-0.047,0.0,0.5064469952756817,0.6816541800856928,1.3321069812677566
1862,1782949994.091614,-0.004642771693109579,0.027319750969040865,0.25161456215585043,0.0005638870695619232,0.488,0.726,1.694,0.995,-0.085,-0.047,0.0,0.5064469952756817,0.6816541800856928,1.3321069812677566
1862,1782949994.1109853,-0.004887302339739483,0.058328790471226605,0.25117470071724657,8.10837553195926e-05,0.488,0.726,1.694,0.995,-0.085,-0.047,0.0,0.5064469952756817,0.6816541800856928,1.3321069812677566
1864,1782949994.130737,-0.006501447576557254,-0.04021967491899697,0.2532941020178377,0.000900257380809339,0.49,0.726,1.694,0.995,-0.085,-0.047,0.0,0.5064469952756817,0.6816541800856928,1.3321069812677566
1864,1782949994.1535034,-0.006117712507407305,-0.09305039783884161,0.2535866378210602,0.001325710158428328,0.491,0.726,1.694,0.995,-0.085,-0.047,0.0,0.5064469952756817,0.6816541800856928,1.3321069812677566
1866,1782949994.1756988,-0.005491722124857057,-0.0920305715692937,0.2536070117047916,0.0015146473136968173,0.492,0.726,1.694,0.995,-0.085,-0.048,0.0,0.5064469952756817,0.6816541800856928,1.3321069812677566
1866,1782949994.1961513,-0.0041252384787397785,-0.09165731498864625,0.2536828725474221,0.0015808019312194485,0.493,0.726,1.694,0.995,-0.085,-0.048,0.0,0.5064469952756817,0.6816541800856928,1.3321069812677566
1868,1782949994.2170424,-0.004551687696043395,0.004403622822962777,0.2519162296368844,0.0009519011918573963,0.494,0.726,1.694,0.995,-0.085,-0.048,0.0,0.5164469952756816,0.6816541800856928,1.3321069812677566
1868,1782949994.2387965,-0.00425431596850869,0.06867564485477377,0.25099629749814967,0.0002109705197585927,0.495,0.726,1.694,0.995,-0.085,-0.048,0.0,0.5164469952756816,0.6816541800856928,1.3321069812677566
1870,1782949994.2589452,-0.003106083104207187,0.05251709078783657,0.25137262302221985,-0.00010499499276284607,0.496,0.726,1.694,0.995,-0.085,-0.049,0.0,0.5164469952756816,0.6816541800856928,1.3321069812677566
1870,1782949994.2788725,-0.0013527830142797369,-0.032485096091042005,0.2524229937504728,0.00029574292613610285,0.497,0.726,1.694,0.995,-0.085,-0.049,0.0,0.5164469952756816,0.6816541800856928,1.3321069812677566
1872,1782949994.2988842,-0.0022920487946520313,0.04118274622852263,0.25149186128628886,-1.549608703547685e-06,0.498,0.726,1.694,0.995,-0.085,-0.049,0.0,0.5164469952756816,0.6816541800856928,1.3321069812677566
1872,1782949994.3194377,0.0005179301875444815,-0.04438906832583219,0.2525978620645321,0.00044621499181065027,0.5,0.726,1.694,0.995,-0.085,-0.05,0.0,0.5164469952756816,0.6816541800856928,1.3321069812677566
1874,1782949994.3407202,0.0009071180401989225,-0.06884608421451598,0.2527550148081883,0.0007593131288367792,0.5,0.726,1.694,0.995,-0.085,-0.05,0.0,0.5164469952756816,0.6816541800856928,1.3321069812677566
1874,1782949994.355094,-0.0014700322366994027,0.014503439727605386,0.251660630685777,0.0002849557794873871,0.502,0.726,1.694,0.995,-0.085,-0.05,0.0,0.5164469952756816,0.6816541800856928,1.3321069812677566
1876,1782949994.3701384,-0.0015437809782840577,0.019529627439305787,0.25157355359814926,1.4588845096750178e-05,0.503,0.726,1.694,0.995,-0.085,-0.05,0.0,0.5164469952756816,0.6816541800856928,1.3321069812677566
1876,1782949994.3847308,-0.0007807166853862364,-0.07346703684467687,0.2527272225930764,0.0006211598001658227,0.503,0.726,1.694,0.995,-0.085,-0.05,0.0,0.5164469952756816,0.6816541800856928,1.3321069812677566
1878,1782949994.4007041,-0.003249572137720433,0.008100199370834782,0.25150889744077315,0.0001383132739250506,0.504,0.726,1.694,0.995,-0.085,-0.05,0.0,0.5264469952756816,0.6816541800856928,1.3321069812677566
1879,1782949994.4242923,-0.0019354860798355949,-0.07673262813282948,0.25252650131083215,0.0006847423253452357,0.505,0.726,1.694,0.995,-0.085,-0.05,0.0,0.5264469952756816,0.6816541800856928,1.3321069812677566
1879,1782949994.443253,-0.002837900580114551,-0.09131310621007004,0.2526513271498984,0.0009836469546570805,0.506,0.726,1.694,0.995,-0.085,-0.05,0.0,0.5264469952756816,0.6816541800856928,1.3321069812677566
1881,1782949994.4592016,-0.0039028787684347588,0.0030055837068527907,0.2515536742889115,0.000407766909292951,0.507,0.726,1.694,0.995,-0.085,-0.05,0.0,0.5264469952756816,0.6816541800856928,1.3321069812677566
1882,1782949994.4806364,-0.0037746987641282675,0.02398072580724264,0.2514355106851457,7.525446216817414e-05,0.508,0.726,1.694,0.995,-0.085,-0.05,0.0,0.5264469952756816,0.6816541800856928,1.3321069812677566
1882,1782949994.5031505,-0.00346564896927588,-0.06438431884499275,0.2525934988264467,0.0005781986000066627,0.509,0.726,1.694,0.995,-0.085,-0.05,0.0,0.5264469952756816,0.6816541800856928,1.3321069812677566
1883,1782949994.522641,-0.003414544163997108,-0.07961598785271914,0.2527524301759402,0.000806997794210779,0.51,0.726,1.694,0.995,-0.085,-0.05,0.0,0.5264469952756816,0.6816541800856928,1.3321069812677566
1885,1782949994.5440836,-0.003854679889978922,0.014284007232804166,0.2516497202034998,0.00017862672649767504,0.511,0.726,1.694,0.995,-0.085,-0.051,0.0,0.5264469952756816,0.6816541800856928,1.3321069812677566
1885,1782949994.564638,-0.0034778310998458996,0.09066077485226377,0.25068292626267075,-0.0006352705690879883,0.512,0.726,1.694,0.995,-0.085,-0.051,0.0,0.5264469952756816,0.6816541800856928,1.3321069812677566
1887,1782949994.5847645,-0.004482398122737458,0.052584769073346534,0.2513964780315228,-0.0007575211877199724,0.514,0.726,1.694,0.995,-0.085,-0.051,0.0,0.5264469952756816,0.6816541800856928,1.3321069812677566
1887,1782949994.6055696,0.004544973160017547,0.04529478586793602,0.2515247454095042,-0.0007919180505142715,0.514,0.726,1.694,0.995,-0.086,-0.051,0.0,0.5264469952756816,0.6816541800856928,1.3321069812677566
1889,1782949994.6250298,0.005568296723505466,0.05042594841147826,0.25140872075999504,-0.000735952780130236,0.516,0.726,1.694,0.995,-0.086,-0.051,0.0,0.5364469952756816,0.6816541800856928,1.3321069812677566
1889,1782949994.640619,0.0058221385024819,0.04342096608040834,0.251520953108634,-0.0006981959278894093,0.517,0.726,1.694,0.995,-0.086,-0.051,0.0,0.5364469952756816,0.6816541800856928,1.3321069812677566
1891,1782949994.6640894,0.005920540484446165,-0.05371589185986679,0.2529676420935965,0.00032921200976990565,0.518,0.726,1.694,0.995,-0.086,-0.051,0.0,0.5364469952756816,0.6816541800856928,1.3321069812677566
1892,1782949994.681594,0.006276897497576324,0.03439518736176196,0.25147170039372113,-0.0005017357618216884,0.519,0.726,1.694,0.995,-0.086,-0.051,0.0,0.5364469952756816,0.6816541800856928,1.3321069812677566
1893,1782949994.7027035,0.006015862781165691,0.06353125072247494,0.2511790383405085,-0.0007215022170056966,0.52,0.726,1.694,0.995,-0.086,-0.051,0.0,0.5364469952756816,0.6816541800856928,1.3321069812677566
1894,1782949994.7248461,0.005025157936583543,0.027289232227423577,0.25173109208072925,-0.0006156839426293847,0.521,0.726,1.694,0.995,-0.086,-0.051,0.0,0.5364469952756816,0.6816541800856928,1.3321069812677566
1894,1782949994.744093,0.0033197881519644408,-0.07079210745900548,0.2533347192738502,0.00048174673287099004,0.522,0.726,1.694,0.995,-0.086,-0.051,0.0,0.5364469952756816,0.6816541800856928,1.3321069812677566
1896,1782949994.7641025,0.004027272060174435,-0.007848931542538282,0.2521635514626704,-2.625625436259067e-05,0.523,0.726,1.694,0.995,-0.086,-0.051,0.0,0.5364469952756816,0.6816541800856928,1.3321069812677566
1897,1782949994.7820005,0.00481312493082176,0.0409721677415556,0.2515404248708038,-0.00033937041331082694,0.524,0.726,1.694,0.995,-0.086,-0.05,0.0,0.5364469952756816,0.6816541800856928,1.3321069812677566
1898,1782949994.8029428,0.003296431552811079,0.024963036588210162,0.25169395724440413,-0.00027899321818414686,0.525,0.726,1.694,0.995,-0.086,-0.05,0.0,0.5464469952756815,0.6816541800856928,1.3321069812677566
1899,1782949994.8216598,0.004099659626354341,0.06703238289383107,0.25118852450843837,-0.0005618840183721199,0.525,0.726,1.694,0.995,-0.086,-0.05,0.0,0.5464469952756815,0.6816541800856928,1.3321069812677566
1900,1782949994.8414102,0.002884954105701481,0.03378266289920574,0.251678179462686,-0.0004297181491452068,0.526,0.726,1.694,0.995,-0.086,-0.05,0.0,0.5464469952756815,0.6816541800856928,1.3321069812677566
1901,1782949994.8615096,-0.00616977966200165,0.02797001108780474,0.25178566664034924,-0.00046569213647571075,0.527,0.726,1.694,0.995,-0.085,-0.05,0.0,0.5464469952756815,0.6816541800856928,1.3321069812677566
1902,1782949994.8807132,-0.00732897056780467,0.02477844417269727,0.2518084192092843,-0.00047253271679888024,0.528,0.726,1.694,0.995,-0.085,-0.05,0.0,0.5464469952756815,0.6816541800856928,1.3321069812677566
1902,1782949994.9052758,-0.005922591093301443,0.08256060350484129,0.25108912952871815,-0.0008817546506311514,0.529,0.726,1.694,0.995,-0.085,-0.05,0.0,0.5464469952756815,0.6816541800856928,1.3321069812677566
1904,1782949994.9197254,-0.0068557294243251285,0.03031884413833426,0.2518145429876731,-0.000769162661511001,0.53,0.726,1.694,0.995,-0.085,-0.05,0.0,0.5464469952756815,0.6816541800856928,1.3321069812677566
1905,1782949994.9430215,-0.006102631551608131,0.011603772100072934,0.25200480069598663,-0.0006092594317012171,0.531,0.726,1.694,0.995,-0.085,-0.049,0.0,0.5464469952756815,0.6816541800856928,1.3321069812677566
1906,1782949994.967093,-0.004955090933232821,0.044731740332163206,0.25153592237413497,-0.0007102835116730929,0.532,0.726,1.694,0.995,-0.085,-0.049,0.0,0.5464469952756815,0.6816541800856928,1.3321069812677566
1906,1782949994.9843473,-0.004905751016170077,0.04959356821755191,0.251428704575851,-0.0007786265661868053,0.532,0.726,1.694,0.995,-0.085,-0.049,0.0,0.5464469952756815,0.6816541800856928,1.3321069812677566
1908,1782949994.9996445,-0.004556955990896835,0.007742713448819889,0.2520343932286042,-0.0005987864670348156,0.533,0.726,1.694,0.995,-0.085,-0.049,0.0,0.5464469952756815,0.6816541800856928,1.3321069812677566
1909,1782949995.01991,-0.0035047370820005235,0.013822135397305636,0.25186673073982435,-0.0004216577283472073,0.535,0.726,1.694,0.995,-0.085,-0.049,0.0,0.5564469952756815,0.6816541800856928,1.3321069812677566
1910,1782949995.0411158,-0.00362345101283559,0.0758041876922404,0.2510214440831113,-0.0007588948378801973,0.536,0.726,1.694,0.995,-0.085,-0.049,0.0,0.5564469952756815,0.6816541800856928,1.3321069812677566
1911,1782949995.0605102,-0.0020289605757542704,0.01477119393676287,0.2517161432427761,-0.0003309425832732556,0.537,0.726,1.694,0.995,-0.085,-0.048,0.0,0.5564469952756815,0.6816541800856928,1.3321069812677566
1912,1782949995.0794146,-0.002664759167946137,0.04677507996859311,0.2514128565455584,-0.0004158986651802416,0.538,0.726,1.694,0.995,-0.085,-0.048,0.0,0.5564469952756815,0.6816541800856928,1.3321069812677566
1913,1782949995.10052,0.0064454748133324444,0.0448182381729284,0.25139095245264864,-0.00038090329029844954,0.539,0.726,1.694,0.995,-0.086,-0.048,0.0,0.5564469952756815,0.6816541800856928,1.3321069812677566
1914,1782949995.1190884,0.011427139530931794,-0.054655281587385564,0.25367499730902016,0.0013065272281950894,0.54,0.726,1.694,0.995,-0.086,-0.048,0.0,0.5564469952756815,0.6816541800856928,1.3321069812677566
1914,1782949995.1388547,0.007258087348274319,0.025820864833910627,0.25169137437291705,0.00027857369921613687,0.541,0.726,1.694,0.995,-0.086,-0.048,0.0,0.5564469952756815,0.6816541800856928,1.3321069812677566
1916,1782949995.1593735,0.006689590701680381,0.02277711541619112,0.2515714983958939,0.00015526947331836544,0.543,0.726,1.694,0.995,-0.086,-0.047,0.0,0.5564469952756815,0.6816541800856928,1.3321069812677566
1917,1782949995.1792676,0.005812685692525209,-0.01369747472641748,0.2521527418407139,0.0003195413950333551,0.543,0.725,1.694,0.995,-0.086,-0.047,0.0,0.5564469952756815,0.6816541800856928,1.3321069812677566
1918,1782949995.1998522,0.004995029163243602,-0.10951925415059528,0.25371538756035167,0.0013462716869621734,0.544,0.725,1.694,0.995,-0.086,-0.047,0.0,0.5564469952756815,0.6816541800856928,1.3321069812677566
1919,1782949995.22193,0.0035683654724696697,-0.035131203233961364,0.25237310078150454,0.000928402761488758,0.546,0.725,1.694,0.995,-0.086,-0.047,0.0,0.5664469952756814,0.6816541800856928,1.3321069812677566
1920,1782949995.239599,0.0033698766923834595,-0.12051347706540397,0.2536245145990345,0.0015803601686357732,0.546,0.725,1.694,0.995,-0.086,-0.047,0.0,0.5664469952756814,0.6816541800856928,1.3321069812677566
1921,1782949995.258844,0.002737420779567362,-0.024051073345945764,0.2522606930124569,0.001078070591154666,0.547,0.725,1.694,0.995,-0.086,-0.047,0.0,0.5664469952756814,0.6816541800856928,1.3321069812677566
1922,1782949995.2819698,0.0017547663300083666,-0.10484194058809353,0.25351096266036843,0.0016226336001521956,0.548,0.725,1.694,0.995,-0.086,-0.047,0.0,0.5664469952756814,0.6816541800856928,1.3321069812677566
1923,1782949995.3074708,0.002069008806221799,-0.017954671906522557,0.2522044253512128,0.0010595362217727783,0.549,0.725,1.694,0.995,-0.086,-0.047,0.0,0.5664469952756814,0.6816541800856928,1.3321069812677566
1923,1782949995.3272057,0.0022577661836975923,0.0027047595915098803,0.2520038511245012,0.0008098192366174271,0.549,0.725,1.694,0.995,-0.086,-0.047,0.0,0.5664469952756814,0.6816541800856928,1.3321069812677566
1925,1782949995.346649,-0.007819054114153519,-0.07718869543412052,0.253257021352445,0.001284027911558047,0.55,0.725,1.694,0.995,-0.085,-0.047,0.0,0.5664469952756814,0.6816541800856928,1.3321069812677566
1925,1782949995.3650286,-0.008651414975020092,-0.07757667804923513,0.25341790771869244,0.0014484153138545855,0.551,0.725,1.694,0.995,-0.085,-0.048,0.0,0.5664469952756814,0.6816541800856928,1.3321069812677566
1927,1782949995.385778,-0.007028047915617647,0.011859613441146777,0.2520184564916785,0.0009366671355333846,0.552,0.725,1.694,0.995,-0.085,-0.048,0.0,0.5664469952756814,0.6816541800856928,1.3321069812677566
1927,1782949995.4017475,-0.008147776371662863,-0.0703512832907354,0.2531876536631792,0.0012106604997641837,0.554,0.725,1.694,0.995,-0.085,-0.048,0.0,0.5664469952756814,0.6816541800856928,1.3321069812677566
1929,1782949995.4236655,-0.006485919599499939,-0.0708473331445755,0.25319458895087654,0.0012876314175937007,0.555,0.725,1.694,0.995,-0.085,-0.049,0.0,0.5664469952756814,0.6816541800856928,1.3321069812677566
1930,1782949995.4428263,-0.0067230890242070025,0.023514292346615923,0.25163629147919553,0.0007263910672137305,0.556,0.725,1.694,0.995,-0.085,-0.049,0.0,0.5764469952756814,0.6816541800856928,1.3321069812677566
1931,1782949995.4638498,-0.004434681896782247,-0.05261530229837172,0.25259347171290825,0.0009902806299039143,0.557,0.725,1.694,0.995,-0.085,-0.049,0.0,0.5764469952756814,0.6816541800856928,1.3321069812677566
1932,1782949995.4878805,-0.005759825232106006,0.03376218706697717,0.2514870279598996,0.0003367940994937346,0.557,0.725,1.694,0.995,-0.085,-0.05,0.0,0.5764469952756814,0.6816541800856928,1.3321069812677566
1932,1782949995.5130193,-0.00490491036573187,0.08834452008338954,0.2507828324401895,-0.00026944432836301807,0.559,0.725,1.694,0.995,-0.085,-0.05,0.0,0.5764469952756814,0.6816541800856928,1.3321069812677566
1934,1782949995.5318468,-0.0030917683795463977,-0.009847095824049315,0.2524577984522956,0.0002872744047863065,0.561,0.725,1.694,0.995,-0.085,-0.05,0.0,0.5764469952756814,0.6816541800856928,1.3321069812677566
1934,1782949995.5479126,-0.0019383392833136545,-0.06332444824405059,0.25263417922153913,0.0005623616429753061,0.562,0.725,1.694,0.995,-0.085,-0.051,0.0,0.5764469952756814,0.6816541800856928,1.3321069812677566
1936,1782949995.563997,0.005408217551012195,0.018415125985361755,0.25160264729032444,1.6329125518198197e-05,0.563,0.725,1.694,0.995,-0.086,-0.051,0.0,0.5764469952756814,0.6816541800856928,1.3321069812677566
1937,1782949995.583411,0.005428236206368058,0.06101209162822798,0.25119071838839957,-0.00043903716083417967,0.564,0.725,1.694,0.995,-0.086,-0.051,0.0,0.5764469952756814,0.6816541800856928,1.3321069812677566
1938,1782949995.603613,0.007248266623080309,-0.03745243890383277,0.25286570526150987,0.0005085755030039285,0.565,0.725,1.694,0.995,-0.086,-0.051,0.0,0.5764469952756814,0.6816541800856928,1.3321069812677566
1939,1782949995.6200387,0.006538336747779587,-0.08986008954625227,0.2527100430221338,0.0008108277496655021,0.566,0.725,1.694,0.995,-0.086,-0.051,0.0,0.5864469952756814,0.6816541800856928,1.3321069812677566
1940,1782949995.641216,0.004408930957150825,0.008839182145050972,0.2512297451314908,-0.0002375466053742474,0.568,0.725,1.694,0.995,-0.086,-0.051,0.0,0.5864469952756814,0.6816541800856928,1.3321069812677566
1941,1782949995.6617205,0.004266124168511772,0.06410956748826441,0.2510224390149099,-0.0006265748820731966,0.569,0.725,1.694,0.995,-0.086,-0.051,0.0,0.5864469952756814,0.6816541800856928,1.3321069812677566
1942,1782949995.6889565,0.0034893180872308718,0.034742661209889183,0.25156783467697325,-0.0006075487723131082,0.57,0.725,1.694,0.995,-0.086,-0.051,0.0,0.5864469952756814,0.6816541800856928,1.3321069812677566
1942,1782949995.7118542,0.002545867585983656,0.030475152587229996,0.25164658753059516,-0.0006240218282727799,0.571,0.725,1.694,0.995,-0.086,-0.051,0.0,0.5864469952756814,0.6816541800856928,1.3321069812677566
1944,1782949995.7270594,0.0008484635012906694,-0.06657281297062748,0.25311855497554653,0.000443241498369916,0.572,0.725,1.694,0.995,-0.086,-0.05,0.0,0.5864469952756814,0.6816541800856928,1.3321069812677566
1944,1782949995.7415588,0.00042622155890858875,-0.10925112148276907,0.25331198900952234,0.0009328983040148732,0.573,0.725,1.694,0.995,-0.086,-0.05,0.0,0.5864469952756814,0.6816541800856928,1.3321069812677566
1946,1782949995.7610893,-0.0008975547524501248,-0.11298907306694346,0.2535282570758736,0.001263759017207915,0.574,0.725,1.694,0.995,-0.086,-0.05,0.0,0.5864469952756814,0.6816541800856928,1.3321069812677566
1947,1782949995.7788808,-0.001238959923967265,-0.10847051105782134,0.25353649302195724,0.0015334143415729447,0.576,0.725,1.694,0.995,-0.086,-0.05,0.0,0.5864469952756814,0.6816541800856928,1.3321069812677566
1948,1782949995.7991662,0.002283546978806952,-0.007337344088668943,0.2517122757921304,0.00035626272382101136,0.577,0.725,1.694,0.995,-0.086,-0.05,0.0,0.5864469952756814,0.6816541800856928,1.3321069812677566
1949,1782949995.8252664,0.0018546328527587622,0.0209038188025399,0.25182740476593,0.00010905080285249393,0.577,0.725,1.694,0.995,-0.086,-0.05,0.0,0.5864469952756814,0.6816541800856928,1.3321069812677566
1949,1782949995.8437183,0.0015782110430070358,0.028990518392812217,0.25183439683166753,-9.097968092257219e-05,0.578,0.725,1.694,0.995,-0.086,-0.05,0.0,0.5864469952756814,0.6816541800856928,1.3321069812677566
1951,1782949995.8635077,0.0018383356943546952,0.0567669552334108,0.2515560671890393,-0.0003467097404202251,0.579,0.725,1.694,0.995,-0.086,-0.051,0.0,0.5964469952756813,0.6816541800856928,1.3321069812677566
1952,1782949995.8804803,0.0007749594233020917,-0.02380627703282079,0.2527767247916893,0.0002493712086247252,0.58,0.725,1.694,0.995,-0.086,-0.051,0.0,0.5964469952756813,0.6816541800856928,1.3321069812677566
1953,1782949995.9009483,0.0026404996809908697,0.0724965807171477,0.2510457196258721,-0.0006703983644412772,0.581,0.725,1.694,0.995,-0.086,-0.051,0.0,0.5964469952756813,0.6816541800856928,1.3321069812677566
1954,1782949995.9204001,0.0019294302983672027,0.06833772869704693,0.25140918126821027,-0.0007548254191650209,0.582,0.725,1.694,0.995,-0.086,-0.052,0.0,0.5964469952756813,0.6816541800856928,1.3321069812677566
1955,1782949995.9425008,-0.005486034826141779,0.0856895511210351,0.2512077751452879,-0.0011552510012099728,0.583,0.725,1.694,0.995,-0.085,-0.052,0.0,0.5964469952756813,0.6816541800856928,1.3321069812677566
1956,1782949995.960474,-0.006538255860419581,0.08414659759180583,0.25118896471489843,-0.0014264916756573432,0.584,0.725,1.694,0.995,-0.085,-0.052,0.0,0.5964469952756813,0.6816541800856928,1.3321069812677566
1957,1782949995.9797082,-0.007936225449401048,0.04603192355172041,0.25163690258359994,-0.0013917178313000182,0.585,0.725,1.694,0.995,-0.085,-0.052,0.0,0.5964469952756813,0.6816541800856928,1.3321069812677566
1958,1782949996.0002372,-0.007576919210311716,0.03401981726683584,0.25180385056876814,-0.0013157048039046135,0.586,0.725,1.694,0.995,-0.085,-0.052,0.0,0.5964469952756813,0.6816541800856928,1.3321069812677566
1959,1782949996.0316966,-0.006315642772706683,0.06555810386190669,0.2513899177530865,-0.0014475515358333114,0.587,0.725,1.694,0.995,-0.085,-0.052,0.0,0.5964469952756813,0.6816541800856928,1.3321069812677566
1959,1782949996.0556593,-0.006066639135246535,0.06526532373983987,0.25141406554883233,-0.0015531576467151243,0.588,0.725,1.694,0.995,-0.085,-0.052,0.0,0.5964469952756813,0.6816541800856928,1.3321069812677566
1961,1782949996.077346,-0.004968546271005236,0.06557604953532017,0.250988860568128,-0.0014449946816965174,0.589,0.725,1.695,0.995,-0.085,-0.051,0.0,0.6064469952756814,0.6816541800856928,1.3321069812677566
1961,1782949996.1032217,0.005409272972859612,0.02248278333262079,0.25138405568729316,-0.0010418458719328098,0.59,0.725,1.695,0.995,-0.086,-0.051,0.0,0.6064469952756814,0.6816541800856928,1.3321069812677566
1964,1782949996.1292806,0.007284882510054975,0.00533554175296088,0.2517432894057466,-0.0007081650446115117,0.592,0.725,1.694,0.995,-0.086,-0.05,0.0,0.6064469952756814,0.6816541800856928,1.3321069812677566
1964,1782949996.1539762,0.007430159419698979,-0.0009749929749190492,0.25182293668223876,-0.0005140535327206631,0.593,0.725,1.694,0.995,-0.086,-0.05,0.0,0.6064469952756814,0.6816541800856928,1.3321069812677566
1966,1782949996.1800861,0.0055040355144430645,0.05888305579125432,0.25117426107044316,-0.0007642281408206469,0.594,0.725,1.694,0.995,-0.086,-0.049,0.0,0.6064469952756814,0.6816541800856928,1.3321069812677566
1966,1782949996.2073226,0.005832310557593237,0.04511703984566894,0.25145538152922675,-0.0006557327592769432,0.595,0.725,1.694,0.995,-0.086,-0.049,0.0,0.6064469952756814,0.6816541800856928,1.3321069812677566
1969,1782949996.2342036,0.006020535997005181,0.07640229346273471,0.25103683520280473,-0.0008665975332602205,0.596,0.725,1.694,0.995,-0.086,-0.049,0.0,0.6064469952756814,0.6816541800856928,1.3321069812677566
1969,1782949996.2589333,0.005204538780010714,-0.002636244936862417,0.25203449620395574,-0.000307950133035249,0.598,0.725,1.694,0.995,-0.086,-0.048,0.0,0.6064469952756814,0.6816541800856928,1.3321069812677566
1971,1782949996.2850778,0.00605366460692102,-0.10254699973386212,0.2551771338134183,0.002608593265155716,0.599,0.725,1.694,0.995,-0.086,-0.048,0.0,0.6064469952756832,0.6816541800856928,1.3321069812677566
1971,1782949996.307654,0.006052310114724013,-0.14460442248031452,0.254101131812099,0.002385069249581791,0.6,0.725,1.694,0.995,-0.086,-0.048,0.0,0.6064469952756832,0.6816541800856928,1.3321069812677566
1974,1782949996.3282635,0.0055554444904834,-0.13555459164875497,0.2540619361143923,0.0025962773907790555,0.602,0.725,1.694,0.995,-0.086,-0.047,0.0,0.6064469952756832,0.6816541800856928,1.3321069812677566
1974,1782949996.345178,0.005225176882507326,-0.221235212416075,0.2555384202781474,0.003447045489391844,0.603,0.725,1.694,0.995,-0.086,-0.047,0.0,0.6064469952756832,0.6816541800856928,1.3321069812677566
1976,1782949996.3612552,0.004447840742042998,-0.1865404822814146,0.2555920984697004,0.0037984519374045294,0.604,0.725,1.694,0.995,-0.086,-0.047,0.0,0.6064469952756832,0.6816541800856928,1.3321069812677566
1977,1782949996.3808234,-0.004866793360313754,-0.1551103197825166,0.2554164924019043,0.003973984606259277,0.606,0.725,1.694,0.995,-0.085,-0.047,0.0,0.6064469952756832,0.6816541800856928,1.3321069812677566
1978,1782949996.402911,-0.0055385032796426165,-0.06549059341906335,0.25351462199484404,0.0032033166952828243,0.607,0.725,1.694,0.995,-0.085,-0.048,0.0,0.6064469952756832,0.6816541800856928,1.3321069812677566
1979,1782949996.424436,-0.007392963296739498,-0.12485145048081145,0.2544876896615488,0.0030664271550945883,0.607,0.725,1.694,0.995,-0.085,-0.048,0.0,0.6064469952756832,0.6816541800856928,1.3321069812677566
1980,1782949996.4405136,-0.006445980177113042,-0.04540320342704984,0.25340205879340627,0.0024487727401463757,0.609,0.725,1.694,0.995,-0.085,-0.05,0.0,0.6064469952756832,0.6816541800856928,1.3321069812677566
1980,1782949996.4675229,-0.005223974845933574,-0.01788328309209198,0.25293689288417126,0.0017252802459509834,0.61,0.725,1.694,0.995,-0.085,-0.051,0.0,0.6064469952756832,0.6816541800856928,1.3321069812677566
1982,1782949996.487525,-0.005036477398105371,-0.008147185528599152,0.25293851415871427,0.00105562245003232,0.611,0.725,1.694,0.995,-0.085,-0.052,0.0,0.6064469952756832,0.6816541800856928,1.3321069812677566
1982,1782949996.5067449,-0.005187846427503178,-0.005141189455110391,0.2528211500161538,0.0017281064091212342,0.612,0.725,1.694,0.995,-0.085,-0.053,0.001,0.6064469952756832,0.6816541800856928,1.3321069812677566
1984,1782949996.5273504,-0.005083348566927942,0.008631969019478339,0.2525190801948316,0.001969713976509062,0.613,0.725,1.695,0.995,-0.085,-0.054,0.001,0.6064469952756832,0.6816541800856928,1.3321069812677566
1984,1782949996.5503643,-0.004725139396880065,-0.0023994962364664862,0.2524423663980769,0.002036530863598719,0.614,0.725,1.695,0.995,-0.085,-0.055,0.001,0.6064469952756832,0.6816541800856928,1.3321069812677566
1986,1782949996.5797205,-0.004401014794823573,0.009221789898104762,0.25230061068518145,0.001911055476975274,0.615,0.725,1.695,0.995,-0.085,-0.056,0.001,0.6064469952756832,0.6816541800856928,1.3321069812677566
1986,1782949996.6048913,-0.005291851431292819,0.006857957228002601,0.2523390754918131,0.0016820297964871601,0.617,0.725,1.695,0.995,-0.085,-0.057,0.001,0.6064469952756832,0.6816541800856928,1.3321069812677566
1989,1782949996.635337,-0.00498767838569718,0.005911051167285013,0.2523343042438796,0.0014814286373366643,0.618,0.725,1.695,0.995,-0.085,-0.058,0.001,0.6064469952756832,0.6816541800856928,1.3321069812677566
1989,1782949996.6621704,0.0026553069041180717,-0.032966349569785856,0.25216636830908423,0.0015957354848290528,0.619,0.725,1.696,0.995,-0.086,-0.058,0.001,0.6064469952756832,0.6816541800856928,1.3321069812677566
1991,1782949996.687537,0.0021581876771368594,-0.12313325785443188,0.2522453089559032,0.0022649061924127495,0.621,0.725,1.696,0.995,-0.086,-0.058,0.001,0.6064469952756832,0.6816541800856928,1.3321069812677566
1993,1782949996.7109463,0.0034364694004589474,-0.04126449437835851,0.25215358330020465,0.0017498903234198354,0.622,0.725,1.696,0.995,-0.086,-0.058,0.001,0.6064469952756832,0.6816541800856928,1.3321069812677566
1993,1782949996.7346706,0.002462610163508441,-0.05077861878404674,0.25223209093011023,0.0017323934838951068,0.623,0.725,1.696,0.995,-0.086,-0.058,0.001,0.6064469952756832,0.6816541800856928,1.3321069812677566
1995,1782949996.7618277,0.0018546073949105074,-0.035350650490015956,0.252308408099815,0.001617117109193886,0.624,0.725,1.696,0.995,-0.086,-0.058,0.001,0.6064469952756832,0.6816541800856928,1.3321069812677566
1995,1782949996.786338,0.0012549080112354066,-0.025614522556501658,0.2521745453320631,0.0014648331372262451,0.625,0.725,1.697,0.995,-0.086,-0.058,0.001,0.6064469952756832,0.6816541800856928,1.3321069812677566
1998,1782949996.8089206,0.0024212432132911894,0.020312727478627314,0.2521474949807613,0.0011720784325393086,0.626,0.725,1.697,0.995,-0.086,-0.058,0.001,0.6064469952756832,0.6816541800856928,1.3321069812677566
1998,1782949996.831381,-0.0006943452252951956,-0.006301542267189854,0.2522940012838984,0.001158054202072592,0.627,0.725,1.697,0.995,-0.086,-0.058,0.001,0.6064469952756832,0.6816541800856928,1.3321069812677566
2000,1782949996.8530471,-0.0023486073648159534,0.0026827094271935047,0.2523203451237602,0.0010573762818223,0.628,0.724,1.697,0.995,-0.086,-0.059,0.001,0.6064469952756832,0.6816541800856928,1.3321069812677566
2000,1782949996.87505,0.0003109110918092456,0.027103572788015052,0.252337177996777,0.0008864014003684973,0.628,0.724,1.697,0.995,-0.086,-0.059,0.001,0.6064469952756832,0.6816541800856928,1.3321069812677566
2002,1782949996.90157,-0.0031753778641881196,0.007397744585815293,0.2524871421876448,0.0008103179626850307,0.629,0.724,1.697,0.995,-0.086,-0.059,0.001,0.6064469952756832,0.6816541800856928,1.3321069812677566
2002,1782949996.930108,0.0004280817127192849,0.0389219230678987,0.2523645710842418,0.000529822320501969,0.63,0.724,1.697,0.995,-0.086,-0.06,0.001,0.6064469952756832,0.6816541800856928,1.3321069812677566
2005,1782949996.9519763,0.00014472459986873513,0.03533384812234952,0.2523442520639816,0.0003726077677991655,0.631,0.724,1.698,0.995,-0.086,-0.06,0.001,0.6064469952756832,0.6816541800856928,1.3321069812677566
2005,1782949996.9721363,-0.010411699284225083,-0.03861884193879178,0.2524738964043238,0.000655783008958112,0.631,0.724,1.698,0.995,-0.086,-0.06,0.001,0.6064469952756832,0.6816541800856928,1.3321069812677566
2007,1782949996.9889696,-0.01189354096540197,-0.048662251553441616,0.2524292036473861,0.0008966627308129411,0.632,0.724,1.698,0.995,-0.086,-0.06,0.001,0.6064469952756832,0.6816541800856928,1.3321069812677566
2007,1782949997.0018919,-0.0030586347487595467,0.011155499318594143,0.2523733118283211,0.000757155881983309,0.632,0.724,1.698,0.995,-0.086,-0.06,0.001,0.6064469952756832,0.6816541800856928,1.3321069812677566
2009,1782949997.02142,-0.004226742150758361,0.002197170863155823,0.2523282364216072,0.0006658797944376462,0.633,0.724,1.698,0.995,-0.086,-0.06,0.001,0.6064469952756832,0.6816541800856928,1.3321069812677566
2010,1782949997.045063,-0.0037933638718253646,0.0051457062819552195,0.25230960375057293,0.0005530016639872216,0.633,0.724,1.698,0.995,-0.086,-0.06,0.001,0.6064469952756832,0.6816541800856928,1.3321069812677566
2010,1782949997.0700386,-0.010138835477084574,-0.03684071019549691,0.25236030626665085,0.0007379707551238177,0.633,0.724,1.698,0.995,-0.086,-0.06,0.001,0.6064469952756832,0.6816541800856928,1.3321069812677566
2012,1782949997.0936491,-0.010227349154958905,-0.0421654502773017,0.25227917152385526,0.0009127596504896814,0.634,0.724,1.698,0.995,-0.086,-0.059,0.001,0.6064469952756832,0.6816541800856928,1.3321069812677566
2012,1782949997.1088996,-0.0018341228024470867,0.011500575057194554,0.25227006393342966,0.0007622681788350698,0.634,0.724,1.698,0.995,-0.086,-0.059,0.001,0.6064469952756832,0.6816541800856928,1.3321069812677566
2014,1782949997.1233323,0.00038775376065044304,0.02758228093793054,0.25232940219628225,0.0006326273922399496,0.634,0.724,1.698,0.995,-0.086,-0.059,0.001,0.6064469952756832,0.6816541800856928,1.3321069812677566
2015,1782949997.152873,0.00022156678045147718,0.02878530387669985,0.25233849289494814,0.0004691226912396789,0.635,0.724,1.698,0.995,-0.086,-0.059,0.001,0.6064469952756832,0.6816541800856928,1.3321069812677566
2015,1782949997.1753907,0.00012835372812103688,0.03203322045605415,0.25230314597091913,0.0003519884352385671,0.635,0.724,1.698,0.995,-0.086,-0.059,0.001,0.6064469952756832,0.6816541800856928,1.3321069812677566
2017,1782949997.1967125,-0.0030716592311473105,0.036540969396942895,0.2520874576190119,0.00017205489561598707,0.635,0.723,1.699,0.995,-0.086,-0.06,0.001,0.6064469952756832,0.6816541800856928,1.3321069812677566
2017,1782949997.2241094,-0.010357371482917831,0.02248194020806319,0.2518903112910845,3.249829373227041e-05,0.635,0.723,1.699,0.995,-0.086,-0.06,0.001,0.6064469952756832,0.6816541800856928,1.3321069812677566
2020,1782949997.254738,-0.0026502773100961496,0.044755584453415466,0.2521013156151673,2.8970437157058615e-05,0.636,0.723,1.699,0.995,-0.086,-0.06,0.001,0.6064469952756832,0.6816541800856928,1.3321069812677566
2020,1782949997.281974,-0.005588468298830298,0.03047723686689838,0.2520918718131225,8.563036142913736e-05,0.636,0.723,1.699,0.995,-0.086,-0.059,0.001,0.6064469952756832,0.6816541800856928,1.3321069812677566
2023,1782949997.3069994,-0.005590996580097823,0.029176419171101066,0.2520841724250314,0.00010469445776837473,0.636,0.723,1.699,0.995,-0.086,-0.059,0.001,0.6064469952756832,0.6816541800856928,1.3321069812677566
2023,1782949997.3337846,-0.0016942814480081676,0.03682534613892209,0.25210761049962555,0.00011617432165023226,0.636,0.723,1.699,0.995,-0.086,-0.059,0.001,0.6064469952756832,0.6816541800856928,1.3321069812677566
2025,1782949997.3605516,-0.0018935999274033357,0.03620870827561559,0.2521296809261061,0.00010213563118332294,0.636,0.723,1.699,0.995,-0.086,-0.059,0.001,0.6064469952756832,0.6816541800856928,1.3321069812677566
2025,1782949997.3865361,-0.0010718812176951798,0.03976182389934471,0.2521850703508025,8.651994167389094e-05,0.636,0.723,1.699,0.995,-0.086,-0.059,0.001,0.6064469952756832,0.6816541800856928,1.3321069812677566
2028,1782949997.4137125,-0.0024554644327737293,0.03197240035235599,0.25222134019523257,0.0001689121521125502,0.636,0.723,1.699,0.995,-0.086,-0.058,0.001,0.6064469952756832,0.6816541800856928,1.3321069812677566
2028,1782949997.43912,-0.004359825589496361,0.03407560132442898,0.2522276892116667,0.00016294985833657823,0.635,0.723,1.699,0.995,-0.086,-0.058,0.001,0.6064469952756832,0.6816541800856928,1.3321069812677566
2030,1782949997.4620116,-0.006310875232489181,0.03852902174668782,0.25229985219173157,0.00012202778956350728,0.635,0.722,1.699,0.995,-0.086,-0.058,0.001,0.6064469952756832,0.6816541800856928,1.3321069812677566
2030,1782949997.4768882,-0.006484919748770782,0.032562353887693976,0.252386658032429,-0.0008665075865093711,0.635,0.722,1.699,0.995,-0.086,-0.057,0.0,0.6064469952756832,0.6816541800856928,1.3321069812677566
2032,1782949997.4994817,-0.012729213570799943,0.04030255162459095,0.252501761163218,-0.001666168110340485,0.635,0.722,1.699,0.995,-0.086,-0.057,0.0,0.6064469952756832,0.6816541800856928,1.3321069812677566
2032,1782949997.524216,-0.0073162894664061595,0.037540095167581874,0.25240538372505433,-0.0020206405034405377,0.634,0.722,1.699,0.995,-0.086,-0.057,0.0,0.6064469952756832,0.6816541800856928,1.3321069812677566
2035,1782949997.5477755,-0.006525940832767183,0.031863822164883406,0.2524662186984326,-0.0021292253351381935,0.634,0.722,1.699,0.995,-0.086,-0.056,0.0,0.6064469952756832,0.6816541800856928,1.3321069812677566
2035,1782949997.5665905,-0.004638245499873266,0.02883489965457776,0.252439487621849,-0.002148635526136523,0.634,0.722,1.699,0.995,-0.086,-0.056,0.0,0.6064469952756832,0.6816541800856928,1.3321069812677566
2037,1782949997.588979,-0.004582899344452472,0.03315945237990843,0.2524461019469062,-0.0021115418847411256,0.633,0.722,1.699,0.995,-0.086,-0.056,0.0,0.6064469952756832,0.6816541800856928,1.3321069812677566
2037,1782949997.6150002,-0.00849867673106509,0.04273404068177833,0.2526234868914146,-0.0020265114245203463,0.633,0.722,1.699,0.995,-0.086,-0.055,0.0,0.6064469952756832,0.6816541800856928,1.3321069812677566
2039,1782949997.6416972,-0.004407567167708,0.026814363965174004,0.25243829736093837,-0.0018666972754912447,0.632,0.722,1.699,0.995,-0.086,-0.054,0.0,0.6064469952756832,0.6816541800856928,1.3321069812677566
2039,1782949997.667027,0.0029274158189556785,0.04755153178560627,0.2526673826454533,-0.0016759844024754186,0.631,0.722,1.698,0.995,-0.087,-0.054,0.0,0.6064469952756832,0.6816541800856928,1.3321069812677566
2042,1782949997.686051,0.002283488597842012,0.052282666766238786,0.25274204294950914,-0.001587017756039137,0.631,0.721,1.698,0.995,-0.087,-0.054,0.0,0.6064469952756832,0.6816541800856928,1.3321069812677566
2042,1782949997.7000608,0.007343183793740531,0.01603006035708266,0.2525165774693814,-0.001340518792997548,0.63,0.721,1.698,0.995,-0.087,-0.053,0.0,0.6064469952756832,0.6816541800856928,1.3321069812677566
2044,1782949997.7202792,0.00679224122288348,0.019543038510777974,0.2524906519248883,-0.0012101547630424597,0.63,0.721,1.698,0.995,-0.087,-0.053,0.0,0.6064469952756832,0.6816541800856928,1.3321069812677566
2045,1782949997.7394361,0.0027016466588772863,0.045123723450702494,0.25249191428109724,-0.0011588306437430415,0.629,0.721,1.698,0.995,-0.087,-0.052,0.0,0.6064469952756832,0.6816541800856928,1.3321069812677566
2046,1782949997.7626657,0.0064703077284346405,0.010052375286776619,0.2523132558410284,-0.0009559451822941686,0.628,0.721,1.698,0.995,-0.087,-0.052,0.0,0.6064469952756832,0.6816541800856928,1.3321069812677566
2047,1782949997.781401,0.0014499489395244161,0.05686063210645626,0.252311828479562,-0.0011580308398054643,0.628,0.721,1.698,0.995,-0.087,-0.052,0.0,0.6064469952756832,0.6816541800856928,1.3321069812677566
2047,1782949997.802785,0.0057582179410109674,0.023671690380127064,0.25229082754365184,-0.0010068290312449935,0.627,0.721,1.698,0.995,-0.087,-0.052,0.0,0.6064469952756832,0.6816541800856928,1.3321069812677566
2049,1782949997.8183115,0.00585425087692515,0.012460156616997967,0.252325953118702,-0.0008477549234252817,0.627,0.721,1.698,0.995,-0.087,-0.051,0.0,0.6064469952756832,0.6816541800856928,1.3321069812677566
2049,1782949997.8378623,0.003987068079747109,0.023111149416790558,0.2522172351490987,-0.0008543295039512516,0.626,0.721,1.698,0.995,-0.087,-0.051,0.0,0.6064469952756832,0.6816541800856928,1.3321069812677566
2051,1782949997.8603427,0.006454552312379821,0.008173296379830643,0.2521724442057879,-0.0006866609133942176,0.626,0.721,1.698,0.995,-0.087,-0.051,0.0,0.6064469952756832,0.6816541800856928,1.3321069812677566
2052,1782949997.8783305,0.006699486275719715,0.008259234655171109,0.2521304577249289,-0.0006036590002772319,0.625,0.721,1.698,0.995,-0.087,-0.051,0.0,0.6064469952756832,0.6816541800856928,1.3321069812677566
2053,1782949997.8986669,0.005766080194915147,0.019371073304230747,0.2521076052352031,-0.0005830633106043829,0.625,0.721,1.698,0.995,-0.087,-0.05,0.0,0.6064469952756832,0.6816541800856928,1.3321069812677566
2054,1782949997.9228582,0.006956831595271812,0.011035068074238936,0.252072380732007,-0.00046335510572991423,0.624,0.721,1.698,0.995,-0.087,-0.05,0.0,0.6064469952756832,0.6816541800856928,1.3321069812677566
2055,1782949997.9409597,0.004592161764305844,0.06659637006651031,0.2520086539680759,-0.0008234790446640144,0.624,0.721,1.697,0.995,-0.087,-0.05,0.0,0.6064469952756832,0.6816541800856928,1.3321069812677566
2056,1782949997.9616783,0.00520934136111472,0.07408621299987322,0.2520105572867227,-0.000973080337470498,0.623,0.721,1.697,0.995,-0.087,-0.05,0.0,0.6064469952756832,0.6816541800856928,1.3321069812677566
2056,1782949997.9815543,0.007369730582110027,0.03261368664422691,0.2522290742979855,-0.0007942320484093166,0.623,0.721,1.697,0.995,-0.087,-0.05,0.0,0.6064469952756832,0.6816541800856928,1.3321069812677566
2058,1782949997.9977674,0.008774424491661464,0.006619514703525016,0.2522424487115992,-0.000597082041016154,0.622,0.721,1.697,0.995,-0.087,-0.05,0.0,0.6064469952756832,0.6816541800856928,1.3321069812677566
2059,1782949998.0204637,-0.00039066729601470833,0.01129355968921744,0.2523018672212043,-0.000558033872520881,0.622,0.721,1.697,0.995,-0.086,-0.05,0.0,0.6064469952756832,0.6816541800856928,1.3321069812677566
2060,1782949998.04279,-0.000773255565905938,-0.003528044681893409,0.25230813367139787,-0.00039698562242510905,0.621,0.721,1.697,0.995,-0.086,-0.049,0.0,0.6064469952756832,0.6816541800856928,1.3321069812677566
2061,1782949998.0598612,-0.0005250742056716736,0.0009400025634050827,0.2522620325802166,-0.00030622626984480253,0.621,0.721,1.697,0.995,-0.086,-0.049,0.0,0.6064469952756832,0.6816541800856928,1.3321069812677566
2062,1782949998.0834613,0.00021312817879257182,0.014750721607618502,0.2521082189341094,-0.00033846142551982,0.62,0.721,1.697,0.995,-0.086,-0.049,0.0,0.6064469952756832,0.6816541800856928,1.3321069812677566
2063,1782949998.099601,0.0003181080798645092,0.017940054510788006,0.25208485486123167,-0.00036534825081173297,0.62,0.721,1.697,0.995,-0.086,-0.049,0.0,0.6064469952756832,0.6816541800856928,1.3321069812677566
2064,1782949998.1196754,0.004992662776230547,0.05846208916860435,0.2518302494299859,-0.0006581537530546804,0.619,0.721,1.697,0.995,-0.086,-0.049,0.0,0.6064469952756832,0.6816541800856928,1.3321069812677566
2065,1782949998.1407735,0.0033641456466154997,0.030989098657691207,0.25203770074031084,-0.000635301505874836,0.619,0.721,1.697,0.995,-0.086,-0.049,-0.0,0.6064469952756832,0.6816541800856928,1.3321069812677566
2066,1782949998.1592653,0.003977980319012735,0.018802913759595846,0.25200717641302317,-0.0004966812722202172,0.618,0.721,1.697,0.995,-0.086,-0.048,-0.0,0.6064469952756832,0.6816541800856928,1.3321069812677566
2067,1782949998.1802835,0.004422175923802678,0.01695715024229933,0.25199418797714396,-0.00041040926344629704,0.618,0.721,1.697,0.995,-0.086,-0.048,-0.0,0.6064469952756832,0.6816541800856928,1.3321069812677566
2068,1782949998.201308,0.004469220959473968,0.01628499160032305,0.25199193055864727,-0.0003547698610024573,0.618,0.721,1.697,0.995,-0.086,-0.048,-0.0,0.6064469952756832,0.6816541800856928,1.3321069812677566
2069,1782949998.2226875,0.010415006992203206,0.054895806513944975,0.2516613060979048,-0.0005953925317765808,0.617,0.721,1.697,0.995,-0.086,-0.048,-0.0,0.6064469952756832,0.6816541800856928,1.3321069812677566
2070,1782949998.2405994,0.006525958181776149,0.023349703440080936,0.25196250424347805,-0.00044559724135455065,0.617,0.721,1.697,0.995,-0.086,-0.048,-0.0,0.6064469952756832,0.6816541800856928,1.3321069812677566
2071,1782949998.260789,0.0038421866269770493,0.00503325842378563,0.25198342588587525,-0.0002864315420519265,0.616,0.721,1.697,0.995,-0.086,-0.048,-0.0,0.6064469952756832,0.6816541800856928,1.3321069812677566
2072,1782949998.2818518,0.0061724339763848035,0.014958787493359387,0.2519138005322104,-0.0002623693673070214,0.616,0.721,1.697,0.995,-0.086,-0.048,-0.0,0.6064469952756832,0.6816541800856928,1.3321069812677566
2073,1782949998.303503,0.012881450442774542,0.051033830382285574,0.25167568564919546,-0.0005112266409298166,0.616,0.721,1.697,0.995,-0.086,-0.048,-0.0,0.6064469952756832,0.6816541800856928,1.3321069812677566
2074,1782949998.3190992,0.006530479422200458,0.008591964020138482,0.25183067089604705,-0.00025876342166108996,0.615,0.722,1.697,0.995,-0.086,-0.048,-0.0,0.6064469952756832,0.6816541800856928,1.3321069812677566
2075,1782949998.3416808,0.007309111371178848,0.007568727607285192,0.25200930810955746,-0.0001272623977219932,0.615,0.722,1.696,0.995,-0.086,-0.047,-0.0,0.6064469952756832,0.6816541800856928,1.3321069812677566
2076,1782949998.3608234,0.008490361262332952,0.00435171726769195,0.2520365622844776,-1.9901364551315674e-05,0.615,0.722,1.696,0.995,-0.086,-0.047,-0.0,0.6064469952756832,0.6816541800856928,1.3321069812677566
2076,1782949998.3792365,0.015138619653714016,0.03778961912814965,0.2519051106322487,-0.00023379303495283218,0.614,0.722,1.696,0.995,-0.086,-0.047,-0.0,0.6064469952756832,0.6816541800856928,1.3321069812677566
2078,1782949998.4003544,0.009002522154331408,0.010783249908394108,0.252141317980164,-7.040931189445637e-05,0.614,0.722,1.696,0.995,-0.086,-0.047,-0.0,0.6064469952756832,0.6816541800856928,1.3321069812677566
2079,1782949998.4199257,0.00651779112567694,-0.005495896011745476,0.2521496162112634,9.807992741751406e-05,0.613,0.722,1.696,0.995,-0.086,-0.047,-0.0,0.6064469952756832,0.6816541800856928,1.3321069812677566
2080,1782949998.438644,0.013846932669281657,0.03282151549765258,0.25202700090329117,-0.0001312769364494962,0.613,0.722,1.696,0.995,-0.086,-0.047,-0.0,0.6064469952756832,0.6816541800856928,1.3321069812677566
2081,1782949998.4607487,0.006700486306321203,0.0009328442588742644,0.25217658201645043,8.58407516840176e-05,0.612,0.722,1.696,0.995,-0.086,-0.047,-0.0,0.6064469952756832,0.6816541800856928,1.3321069812677566
2082,1782949998.4838295,0.014409220096310089,0.039018325737118366,0.2519399481774528,-0.00015888491412844463,0.612,0.722,1.696,0.995,-0.086,-0.047,-0.0,0.6064469952756832,0.6816541800856928,1.3321069812677566
2083,1782949998.501616,0.01403706348214695,0.030093578727080184,0.25202683823363664,-8.851985921261814e-05,0.612,0.722,1.696,0.995,-0.086,-0.046,-0.0,0.6064469952756832,0.6816541800856928,1.3321069812677566
2084,1782949998.5206447,0.007839598939462704,-0.0020149961724375345,0.25212787523934393,0.00016429642307040027,0.611,0.722,1.696,0.995,-0.086,-0.046,-0.0,0.6064469952756832,0.6816541800856928,1.3321069812677566
2085,1782949998.543154,0.006210443040408902,-0.01667558212386923,0.25209733857700806,0.00037635875183385806,0.611,0.723,1.696,0.995,-0.086,-0.046,-0.0,0.6064469952756832,0.6816541800856928,1.3321069812677566
2086,1782949998.56299,0.008631450461735213,-0.012466662802432096,0.2520622926166414,0.0004457339326086445,0.611,0.723,1.696,0.995,-0.086,-0.046,-0.0,0.6064469952756832,0.6816541800856928,1.3321069812677566
2087,1782949998.5818093,0.00890887483361424,-0.009484021171304091,0.2520348303577441,0.0004900904107007498,0.61,0.723,1.696,0.995,-0.086,-0.046,-0.0,0.6064469952756832,0.6816541800856928,1.3321069812677566
2088,1782949998.6125655,0.009336366256582605,-0.009003824654764814,0.2520507990906037,0.0005305502695447263,0.61,0.723,1.696,0.995,-0.086,-0.046,-0.0,0.6064469952756832,0.6816541800856928,1.3321069812677566
2088,1782949998.6378129,-0.0032923908161580015,-0.024337654574005683,0.25208778673561055,0.0006210331979586404,0.61,0.723,1.696,0.995,-0.085,-0.046,-0.0,0.6064469952756832,0.6816541800856928,1.3321069812677566
2090,1782949998.6622202,0.00693861827280038,0.020610135050866632,0.2519854893264733,0.00037196745205940674,0.609,0.723,1.696,0.995,-0.085,-0.046,-0.0,0.6064469952756832,0.6816541800856928,1.3321069812677566
2090,1782949998.69321,-0.0024716215827903596,-0.014349461443159003,0.25205764961453603,0.0005204247489905909,0.609,0.723,1.696,0.995,-0.085,-0.046,-0.0,0.6064469952756832,0.6816541800856928,1.3321069812677566
2093,1782949998.719238,0.011093344404428185,0.03244128748190455,0.25207153368599633,0.00023522537631284507,0.608,0.723,1.695,0.995,-0.085,-0.046,-0.0,0.6064469952756832,0.6816541800856928,1.3321069812677566
2093,1782949998.7328615,0.005064726442431343,0.005532598007500434,0.2521786171308624,0.00031435115496457604,0.608,0.724,1.695,0.995,-0.085,-0.046,-0.0,0.6064469952756832,0.6816541800856928,1.3321069812677566
2095,1782949998.7455246,0.0015847805219354194,-0.009548432496195858,0.2521357465634742,0.0004464765485514056,0.608,0.724,1.695,0.995,-0.085,-0.046,-0.0,0.6064469952756832,0.6816541800856928,1.3321069812677566
2095,1782949998.7606316,0.005381470240650795,-0.002786165922798383,0.252118328124712,0.00041313293914418535,0.608,0.724,1.695,0.995,-0.085,-0.046,-0.0,0.6064469952756832,0.6816541800856928,1.3321069812677566
2096,1782949998.7799392,0.005942500071746458,-0.0031755651278867402,0.25210253175904807,0.0004176058541600371,0.607,0.724,1.695,0.995,-0.085,-0.046,-0.0,0.6064469952756832,0.6816541800856928,1.3321069812677566
2098,1782949998.7974477,0.016864873078232985,0.020112739708504,0.25195805806753774,0.0002826986935645598,0.607,0.724,1.695,0.995,-0.085,-0.046,-0.0,0.6064469952756832,0.6816541800856928,1.3321069812677566
2099,1782949998.8200705,0.007730963135814142,-0.002279525836057509,0.2520408051410036,0.0004519279421618437,0.607,0.724,1.695,0.995,-0.085,-0.046,-0.0,0.6064469952756832,0.6816541800856928,1.3321069812677566
2100,1782949998.8408334,0.016213820389785097,0.014371194237260347,0.2518949782449828,0.00033662248885005556,0.606,0.724,1.695,0.995,-0.085,-0.046,-0.0,0.6064469952756832,0.6816541800856928,1.3321069812677566
2101,1782949998.8613987,0.0029169086149716944,-0.012554213406013787,0.2521102622415841,0.0005326684328807906,0.606,0.724,1.695,0.995,-0.085,-0.046,-0.0,0.6064469952756832,0.6816541800856928,1.3321069812677566
2102,1782949998.882757,0.013327182407149389,0.004516695507736333,0.2518741860334186,0.0004791505546137029,0.606,0.724,1.695,0.995,-0.085,-0.046,-0.0,0.6064469952756832,0.6816541800856928,1.3321069812677566
2103,1782949998.9107244,0.003399630282775507,-0.016752336954455938,0.2519705684286978,0.0006280880104227254,0.606,0.725,1.695,0.995,-0.085,-0.046,-0.0,0.6064469952756832,0.6816541800856928,1.3321069812677566
2103,1782949998.9358225,0.013202528539300833,-0.0015113715963517398,0.251841306018357,0.0005601434812842095,0.606,0.725,1.695,0.995,-0.085,-0.046,-0.0,0.6064469952756832,0.6816541800856928,1.3321069812677566
2105,1782949998.9555457,0.013769899779727184,-0.0007800525316071149,0.2517693503500119,0.0005676454465829722,0.606,0.725,1.695,0.995,-0.085,-0.046,-0.0,0.6064469952756832,0.6816541800856928,1.3321069812677566
2105,1782949998.9729896,0.014672150677071547,0.0009253029835336285,0.25172959186419447,0.0005735438723586663,0.605,0.725,1.695,0.995,-0.085,-0.046,-0.0,0.6064469952756832,0.6816541800856928,1.3321069812677566
2107,1782949998.990719,0.0024187411620101695,-0.020486589805135874,0.2519151937854664,0.0007225073842394207,0.605,0.725,1.695,0.995,-0.085,-0.046,-0.0,0.6064469952756832,0.6816541800856928,1.3321069812677566
2107,1782949999.0072417,0.004238024477915572,-0.01587240614208324,0.2518350093901466,0.0006581868234256996,0.605,0.725,1.695,0.995,-0.085,-0.046,-0.0,0.6064469952756832,0.6816541800856928,1.3321069812677566
2109,1782949999.0213861,0.004345882472835172,-0.015512243518679188,0.25183562876521526,0.0006398459431299083,0.605,0.725,1.695,0.995,-0.085,-0.046,-0.0,0.6064469952756832,0.6816541800856928,1.3321069812677566
2110,1782949999.041707,-0.00953439420416977,-0.024739263117807636,0.25202979304942,0.0006875464259647348,0.605,0.725,1.695,0.995,-0.084,-0.046,-0.0,0.6064469952756832,0.6816541800856928,1.3321069812677566
2111,1782949999.0625381,-0.00530152345442746,-0.01684845595281821,0.25186204086196734,0.0005930982151408138,0.605,0.726,1.695,0.995,-0.084,-0.046,-0.0,0.6064469952756832,0.6816541800856928,1.3321069812677566
2112,1782949999.0864155,-0.007378581599980741,-0.019728161890140074,0.2518714268228926,0.0005630807875950901,0.605,0.726,1.695,0.995,-0.084,-0.046,-0.0,0.6064469952756832,0.6816541800856928,1.3321069812677566
2112,1782949999.1069763,-0.0036331831681750146,-0.015756391768938546,0.2517659718344951,0.0005312144903882147,0.605,0.726,1.695,0.995,-0.084,-0.046,-0.0,0.6064469952756832,0.6816541800856928,1.3321069812677566
2114,1782949999.1283205,-0.0026473100542075386,-0.014881430136118872,0.251780171791323,0.0005249658760239334,0.605,0.726,1.695,0.995,-0.084,-0.046,-0.0,0.6064469952756832,0.6816541800856928,1.3321069812677566
2114,1782949999.1570702,-0.002129062545078467,-0.012968692182387455,0.25175862441931735,0.000520497362554553,0.604,0.726,1.695,0.995,-0.084,-0.046,-0.0,0.6064469952756832,0.6816541800856928,1.3321069812677566
2116,1782949999.184715,-0.003913224386550065,-0.017764055751268312,0.2517701173744603,0.000539035111833672,0.604,0.726,1.695,0.995,-0.084,-0.046,-0.0,0.6064469952756832,0.6816541800856928,1.3321069812677566
2116,1782949999.2083824,0.011477483921054906,0.006317598895881089,0.2514261874208814,0.00032551939352707223,0.604,0.726,1.695,0.995,-0.084,-0.047,-0.0,0.6064469952756832,0.6816541800856928,1.3321069812677566
2119,1782949999.2304628,0.014071780172789709,0.005411751209113098,0.2513896822788773,0.00026281046439289815,0.604,0.727,1.695,0.995,-0.084,-0.047,-0.0,0.6064469952756832,0.6816541800856928,1.3321069812677566
2119,1782949999.2511494,0.013297078066918013,0.0035705399336519055,0.2513333394211561,0.00022602379364076666,0.604,0.727,1.695,0.995,-0.084,-0.047,-0.0,0.6064469952756832,0.6816541800856928,1.3321069812677566
2121,1782949999.274766,0.012437151898321085,0.0006501311542245589,0.251338073354591,0.00021537075462925215,0.604,0.727,1.695,0.995,-0.084,-0.047,-0.0,0.6064469952756832,0.6816541800856928,1.3321069812677566
2121,1782949999.2963026,0.009515954802137945,-0.004721168627570582,0.2514703436311767,0.0002881676608636101,0.604,0.727,1.695,0.995,-0.084,-0.047,-0.0,0.6064469952756832,0.6816541800856928,1.3321069812677566
2123,1782949999.316419,-0.0006261639639037475,-0.013728412988609133,0.2516944898939852,0.0003984845792238748,0.604,0.727,1.695,0.995,-0.084,-0.047,-0.0,0.6064469952756832,0.6816541800856928,1.3321069812677566
2123,1782949999.3388135,-0.0041125050721091995,-0.0178215140512962,0.251760554514726,0.0004514228143253806,0.604,0.727,1.695,0.995,-0.084,-0.047,-0.0,0.6064469952756832,0.6816541800856928,1.3321069812677566
2125,1782949999.3617535,-0.0052813345431939,-0.018841440124174862,0.25185785132747673,0.000478288935836703,0.604,0.727,1.695,0.995,-0.084,-0.047,-0.0,0.6064469952756832,0.6816541800856928,1.3321069812677566
2125,1782949999.3814662,-0.009221963075880739,-0.019359432452339592,0.25187511171163984,0.00048686036964149806,0.604,0.727,1.695,0.995,-0.084,-0.047,-0.0,0.6064469952756832,0.6816541800856928,1.3321069812677566
2127,1782949999.4026277,-0.007454360040508151,-0.0200497900145004,0.25190912883248984,0.0004956047443966457,0.604,0.727,1.695,0.995,-0.084,-0.047,-0.0,0.6064469952756832,0.6816541800856928,1.3321069812677566
2127,1782949999.42317,-0.006816218939967913,-0.019332740820226797,0.2519150045592233,0.0005038762075830919,0.604,0.727,1.695,0.995,-0.084,-0.047,-0.0,0.6064469952756832,0.6816541800856928,1.3321069812677566
2130,1782949999.4427643,-0.0025919995389979394,-0.018592812665042084,0.2519292599136781,0.0005322306060689344,0.604,0.727,1.695,0.995,-0.084,-0.047,-0.0,0.6064469952756832,0.6816541800856928,1.3321069812677566
2130,1782949999.4631007,-0.0060504687945485665,-0.017958220344531886,0.25195374019106637,0.000543621749352843,0.604,0.727,1.695,0.995,-0.084,-0.047,-0.0,0.6064469952756832,0.6816541800856928,1.3321069812677566
2132,1782949999.4830766,-0.007558921630628555,-0.01715175505504253,0.2519847299961239,0.0005293804636003612,0.604,0.727,1.695,0.995,-0.084,-0.047,-0.0,0.6064469952756832,0.6816541800856928,1.3321069812677566
2132,1782949999.5033991,-0.004819094135748209,-0.016931766753496794,0.2519429324440519,0.0005223228141270657,0.604,0.728,1.695,0.995,-0.084,-0.047,-0.0,0.6064469952756832,0.6816541800856928,1.3321069812677566
2134,1782949999.52364,-0.004768857961109613,-0.016127527872994263,0.2519576173566046,0.000521005082675481,0.604,0.728,1.695,0.995,-0.084,-0.047,-0.0,0.6064469952756832,0.6816541800856928,1.3321069812677566
2134,1782949999.5491433,-0.005820089886132557,-0.00791120993616944,0.25195791003538476,0.00039640259859658773,0.604,0.728,1.695,0.995,-0.084,-0.048,-0.0,0.6064469952756832,0.6816541800856928,1.3321069812677566
2134,1782949999.5701184,-0.004013658222756699,-0.00798354674756381,0.2519865078484031,0.0002700718771492573,0.605,0.728,1.695,0.995,-0.084,-0.048,-0.0,0.6064469952756832,0.6816541800856928,1.3321069812677566
2137,1782949999.5904145,0.0014796903065686711,-0.0050038738370544265,0.2521530128089446,0.00015064977587910412,0.605,0.728,1.694,0.995,-0.084,-0.048,-0.0,0.6064469952756832,0.6816541800856928,1.3321069812677566
2137,1782949999.6123354,-0.00349758701754205,-0.007081668477766435,0.25221524870316675,0.00013022077099994174,0.605,0.728,1.694,0.995,-0.084,-0.048,-0.0,0.6064469952756832,0.6816541800856928,1.3321069812677566
2139,1782949999.6369271,-0.00022019557083775843,-0.007198734955566182,0.2522550519503854,7.37118729490935e-05,0.605,0.728,1.694,0.995,-0.084,-0.048,-0.0,0.6064469952756832,0.6816541800856928,1.3321069812677566
2139,1782949999.6530955,-0.005005524019764791,-0.009385752280896307,0.2521799771548676,8.777482463676303e-05,0.605,0.728,1.694,0.995,-0.084,-0.048,-0.0,0.6064469952756832,0.6816541800856928,1.3321069812677566
2141,1782949999.6689448,-0.001922693171757656,-0.010204578591334954,0.2522837586657304,0.0001184805445641515,0.605,0.728,1.694,0.995,-0.084,-0.048,-0.0,0.6064469952756832,0.6816541800856928,1.3321069812677566
2141,1782949999.6886823,-0.005254417581325988,-0.010557621897527443,0.2521829164982397,0.00011547617652866647,0.605,0.728,1.694,0.995,-0.084,-0.048,-0.0,0.6064469952756832,0.6816541800856928,1.3321069812677566
2143,1782949999.7043643,-0.005708972428516474,-0.011342881166080985,0.252158627191803,0.00017210557906371522,0.605,0.728,1.694,0.995,-0.084,-0.048,-0.0,0.6064469952756832,0.6816541800856928,1.3321069812677566
2143,1782949999.721162,-0.004109113846322752,-0.013722000816384708,0.25221988182656047,0.00017096527038356192,0.605,0.728,1.694,0.995,-0.084,-0.048,-0.0,0.6064469952756832,0.6816541800856928,1.3321069812677566
2145,1782949999.7443752,-0.007880806263416595,-0.012298956881917249,0.25217078496591216,0.00020012102592587835,0.605,0.728,1.694,0.995,-0.084,-0.048,-0.0,0.6064469952756832,0.6816541800856928,1.3321069812677566
2146,1782949999.7624645,-0.0060501759268157705,-0.016616424543535603,0.25216934315766715,0.00025711562243424936,0.605,0.728,1.694,0.995,-0.084,-0.048,-0.0,0.6064469952756832,0.6816541800856928,1.3321069812677566
2147,1782949999.786153,-0.007513450332190857,-0.01335834421305318,0.2520910610970566,0.00026024346526691105,0.605,0.728,1.694,0.995,-0.084,-0.048,-0.0,0.6064469952756832,0.6816541800856928,1.3321069812677566
2147,1782949999.8045,-0.008798678957888429,-0.01253297096854378,0.25209718825222627,0.0002540262054013242,0.605,0.728,1.694,0.995,-0.084,-0.048,-0.0,0.6064469952756832,0.6816541800856928,1.3321069812677566
2149,1782949999.824092,-0.0008013448082999208,-0.0023776595558594547,0.2518683394654882,0.00018141706150094452,0.605,0.728,1.695,0.995,-0.085,-0.049,-0.0,0.6064469952756832,0.6816541800856928,1.3321069812677566
2150,1782949999.8514059,0.00046817966509662273,-0.0008871231692260569,0.2518427536625903,0.00014027322299091027,0.605,0.728,1.695,0.995,-0.085,-0.049,-0.0,0.6064469952756832,0.6816541800856928,1.3321069812677566
2150,1782949999.868901,0.0019346204237239662,-0.0019252285816740303,0.2518927983929269,0.00015534800659417597,0.605,0.728,1.695,0.995,-0.085,-0.049,-0.0,0.6064469952756832,0.6816541800856928,1.3321069812677566
2152,1782949999.8840792,0.0008206823894359441,-0.0008132781024229648,0.2518522751390364,0.0001320881453241028,0.605,0.728,1.695,0.995,-0.085,-0.049,-0.0,0.6064469952756832,0.6816541800856928,1.3321069812677566
2153,1782949999.901886,0.00031523014401709046,-0.003609402722656918,0.25183384821374444,0.00015180509431973418,0.605,0.728,1.695,0.995,-0.085,-0.049,-0.0,0.6064469952756832,0.6816541800856928,1.3321069812677566
2154,1782949999.9183922,1.3758533367343347e-05,-0.004254771237553769,0.2519057669369186,0.00013906118956873072,0.606,0.728,1.695,0.995,-0.085,-0.049,-0.0,0.6064469952756832,0.6816541800856928,1.3321069812677566
2155,1782949999.9409294,-0.000560882431515794,-0.004791665532619329,0.2518318748751069,0.0001265849488178645,0.606,0.728,1.695,0.995,-0.085,-0.049,-0.0,0.6064469952756832,0.6816541800856928,1.3321069812677566
2156,1782949999.960154,-0.0010279718539309632,-0.005663653523464231,0.2518186913319439,0.00012018671285122559,0.606,0.728,1.695,0.995,-0.085,-0.049,-0.0,0.6064469952756832,0.6816541800856928,1.3321069812677566
2156,1782949999.981805,-0.0006385789009950675,-0.003925255270283748,0.2518450834989182,9.935239619978482e-05,0.606,0.728,1.695,0.995,-0.085,-0.049,-0.0,0.6064469952756832,0.6816541800856928,1.3321069812677566
2158,1782950000.002011,-0.0005731424174972195,-0.004087194136745371,0.25185196113583613,8.739979984457372e-05,0.606,0.728,1.695,0.995,-0.085,-0.049,-0.0,0.6064469952756832,0.6816541800856928,1.3321069812677566
2159,1782950000.0194297,-0.0025029639159686373,-0.006335025131332966,0.2518474794878099,9.126706950187492e-05,0.606,0.728,1.695,0.995,-0.085,-0.049,-0.0,0.6064469952756832,0.6816541800856928,1.3321069812677566
2160,1782950000.0390167,-0.0073778354047579426,-0.010786926401834556,0.25184471825572236,0.0001172068598404251,0.606,0.727,1.695,0.995,-0.085,-0.049,-0.0,0.6064469952756832,0.6816541800856928,1.3321069812677566
2161,1782950000.0617642,-0.005281411187658124,-0.006497588953457482,0.25187006061797174,0.00010406090369309878,0.606,0.727,1.695,0.995,-0.085,-0.049,-0.0,0.6064469952756832,0.6816541800856928,1.3321069812677566
2162,1782950000.0836256,-0.006094979972380738,-0.00593537538833688,0.2519024415322688,9.098520509657087e-05,0.606,0.727,1.695,0.995,-0.085,-0.049,-0.0,0.6064469952756832,0.6816541800856928,1.3321069812677566
2163,1782950000.0999305,-0.006198485422198402,-0.005841567592955102,0.25190770442622334,8.143005996281001e-05,0.606,0.727,1.695,0.995,-0.085,-0.049,-0.0,0.6064469952756832,0.6816541800856928,1.3321069812677566
2164,1782950000.121041,-0.009393913175661666,-0.008813581411270446,0.25188787685801284,9.016996767718762e-05,0.606,0.727,1.695,0.995,-0.085,-0.049,-0.0,0.6064469952756832,0.6816541800856928,1.3321069812677566
2165,1782950000.1459239,-0.00399446224115679,-0.003645600855398945,0.2519094736314759,7.179213882336117e-05,0.606,0.727,1.695,0.995,-0.085,-0.049,-0.0,0.6064469952756832,0.6816541800856928,1.3321069812677566
2165,1782950000.1598763,-0.005213483056682169,-0.005193887263455026,0.2519165704711953,6.82613065463979e-05,0.606,0.727,1.695,0.995,-0.085,-0.049,-0.0,0.6064469952756832,0.6816541800856928,1.3321069812677566
2167,1782950000.1831434,-0.006064292563864553,-0.0053750601805313235,0.2519368500728434,6.343492256661536e-05,0.606,0.727,1.695,0.995,-0.085,-0.049,-0.0,0.6064469952756832,0.6816541800856928,1.3321069812677566
2168,1782950000.2039182,-0.00579175950940518,-0.004997135743145958,0.25193822211407696,5.957371730203661e-05,0.606,0.727,1.695,0.995,-0.085,-0.049,-0.0,0.6064469952756832,0.6816541800856928,1.3321069812677566
2169,1782950000.2239797,-0.005772828227730077,-0.003829204267704344,0.25192607007170287,5.052815192173675e-05,0.606,0.727,1.695,0.995,-0.085,-0.049,-0.0,0.6064469952756832,0.6816541800856928,1.3321069812677566
2170,1782950000.2437444,-0.005371886586733857,-0.003676890741157842,0.25192335258160253,4.547794683439592e-05,0.606,0.727,1.695,0.995,-0.085,-0.049,-0.0,0.6064469952756832,0.6816541800856928,1.3321069812677566
2170,1782950000.2628968,-0.005320847459636631,-0.003654695074373609,0.25192347427521394,4.135200695103531e-05,0.606,0.727,1.695,0.995,-0.085,-0.049,-0.0,0.6064469952756832,0.6816541800856928,1.3321069812677566
2172,1782950000.28124,-0.004841498733788061,-0.0032453492177103565,0.251978380618291,3.675108108735459e-05,0.606,0.727,1.695,0.995,-0.085,-0.049,-0.0,0.6064469952756832,0.6816541800856928,1.3321069812677566
2173,1782950000.3047006,-0.010386050080829174,0.0018961903954503503,0.25196748886582054,-8.808295941342939e-05,0.607,0.727,1.695,0.995,-0.085,-0.05,-0.0,0.6064469952756832,0.6816541800856928,1.3321069812677566
2174,1782950000.3243854,-0.011225204638811798,0.0019383638252724513,0.251968859875673,-0.00014932275104723083,0.607,0.727,1.695,0.995,-0.085,-0.05,-0.0,0.6064469952756832,0.6816541800856928,1.3321069812677566
2174,1782950000.3456695,-0.011356917001168471,0.003026771181325244,0.2519547160310477,-0.00019765899288342332,0.607,0.727,1.695,0.995,-0.085,-0.05,-0.0,0.6064469952756832,0.6816541800856928,1.3321069812677566
2176,1782950000.3614352,-0.0068190217704034335,0.003857759510068964,0.25196160398084494,-0.00021706828746262738,0.607,0.727,1.695,0.995,-0.085,-0.05,-0.0,0.6064469952756832,0.6816541800856928,1.3321069812677566
2177,1782950000.3815796,-0.007302435438566018,0.004313504712030381,0.2519779113974558,-0.00024533752505995036,0.607,0.727,1.695,0.995,-0.085,-0.05,-0.0,0.6064469952756832,0.6816541800856928,1.3321069812677566
2178,1782950000.401079,-0.012177362884701578,0.0017156906747208042,0.25199493021515285,-0.00027364298892309526,0.607,0.727,1.695,0.995,-0.085,-0.05,-0.0,0.6064469952756832,0.6816541800856928,1.3321069812677566
2179,1782950000.423426,-0.006472631979620092,0.004457547437899734,0.25200953079235416,-0.0002742407302540406,0.607,0.727,1.695,0.995,-0.085,-0.05,-0.0,0.6064469952756832,0.6816541800856928,1.3321069812677566
2180,1782950000.4424274,-0.006411773911792334,0.0055249303443406506,0.2520306932124516,-0.0002814215449099046,0.607,0.726,1.695,0.995,-0.085,-0.05,-0.0,0.6064469952756832,0.6816541800856928,1.3321069812677566
2181,1782950000.465346,-0.0066560684506859384,0.004149478496338443,0.2520693940028486,-0.00028224718726437155,0.607,0.726,1.695,0.995,-0.085,-0.05,-0.0,0.6064469952756832,0.6816541800856928,1.3321069812677566
2181,1782950000.4805722,-0.00897498142059779,0.002810835587218412,0.25206666365607633,-0.00029060900763023514,0.607,0.726,1.695,0.995,-0.085,-0.05,-0.0,0.6064469952756832,0.6816541800856928,1.3321069812677566
2183,1782950000.506744,-0.007037937696921006,0.003432991815812759,0.25207270061081755,-0.0002874110200437682,0.607,0.726,1.695,0.995,-0.085,-0.05,-0.0,0.6064469952756832,0.6816541800856928,1.3321069812677566
2183,1782950000.5239382,-0.008869037603496844,0.0020398720319293167,0.25215507841828566,-0.00029143308035260555,0.607,0.726,1.695,0.995,-0.085,-0.05,-0.0,0.6064469952756832,0.6816541800856928,1.3321069812677566
2185,1782950000.5435185,-0.009139448344554383,0.0025884130263477655,0.2521554293368776,-0.0002996705461057996,0.607,0.726,1.695,0.995,-0.085,-0.05,-0.0,0.6064469952756832,0.6816541800856928,1.3321069812677566
2186,1782950000.5619762,-0.009182929821954415,0.0026590443673504853,0.2521553487774415,-0.00030549680688674594,0.607,0.726,1.695,0.995,-0.085,-0.05,-0.0,0.6064469952756832,0.6816541800856928,1.3321069812677566
2187,1782950000.5827353,-0.0001136002131692914,0.002717492217946936,0.2521230730493093,-0.000233950570362701,0.607,0.726,1.695,0.995,-0.086,-0.05,-0.0,0.6064469952756832,0.6816541800856928,1.3321069812677566
2188,1782950000.6023233,0.0005247603631589777,0.0027325257761212545,0.25213310170287334,-0.00020245605063317067,0.607,0.726,1.695,0.995,-0.086,-0.05,-0.0,0.6064469952756832,0.6816541800856928,1.3321069812677566
2189,1782950000.622254,-0.00012201878905371277,-0.006233937866698485,0.25217677134286776,-5.8910670023317986e-05,0.607,0.726,1.695,0.995,-0.086,-0.049,-0.0,0.6064469952756832,0.6816541800856928,1.3321069812677566
2190,1782950000.6475523,0.0018718979208563122,-0.0058435097333291415,0.2520953186183801,1.4025626697879818e-05,0.607,0.726,1.695,0.995,-0.086,-0.049,-0.0,0.6064469952756832,0.6816541800856928,1.3321069812677566
2190,1782950000.6737075,-0.0007195418442254697,-0.007323360736528216,0.25216397551566494,6.416578213582238e-05,0.607,0.726,1.695,0.995,-0.086,-0.049,-0.0,0.6064469952756832,0.6816541800856928,1.3321069812677566
2192,1782950000.696551,-0.001068888266814512,-0.007101269058645078,0.252172739173316,9.037186645918453e-05,0.607,0.726,1.695,0.995,-0.086,-0.049,-0.0,0.6064469952756832,0.6816541800856928,1.3321069812677566
2192,1782950000.718336,-0.000660068883653657,-0.005061471577199803,0.25222919775833186,0.00010668650155814936,0.607,0.725,1.695,0.995,-0.086,-0.049,-0.0,0.6064469952756832,0.6816541800856928,1.3321069812677566
2194,1782950000.739853,-0.003411050381712577,-0.005467106576230492,0.2523169609653114,0.0001158959877143487,0.607,0.725,1.695,0.995,-0.086,-0.049,-0.0,0.6064469952756832,0.6816541800856928,1.3321069812677566
2194,1782950000.7632918,0.0004989525395563427,-0.00404929082239323,0.252205053772789,0.00012940439883852274,0.607,0.725,1.695,0.995,-0.086,-0.049,-0.0,0.6064469952756832,0.6816541800856928,1.3321069812677566
2197,1782950000.785123,-0.004004520466591581,-0.003724318654181237,0.252313602670241,0.00012532393107296633,0.607,0.725,1.695,0.995,-0.086,-0.049,-0.0,0.6064469952756832,0.6816541800856928,1.3321069812677566
2197,1782950000.810198,-0.001759031718286625,-0.0026028156581894175,0.25224881435905133,0.00012942306856118818,0.607,0.725,1.695,0.995,-0.086,-0.049,-0.0,0.6064469952756832,0.6816541800856928,1.3321069812677566
2199,1782950000.831845,-0.0033756446686221226,0.00738789673780503,0.25217691054497016,-4.3873079518555414e-06,0.607,0.725,1.695,0.995,-0.086,-0.05,-0.0,0.6064469952756832,0.6816541800856928,1.3321069812677566
2199,1782950000.8451169,-0.011931408166488425,0.009067426668217294,0.25237436707679217,-0.0001030327235429943,0.607,0.725,1.695,0.995,-0.086,-0.05,-0.0,0.6064469952756832,0.6816541800856928,1.3321069812677566
2201,1782950000.8591788,-0.0016776527280577356,0.0077919302538204255,0.2522211931071775,-0.00010132579287211408,0.607,0.725,1.695,0.995,-0.086,-0.05,-0.0,0.6064469952756832,0.6816541800856928,1.3321069812677566
2202,1782950000.8802557,0.0028850280259853003,0.00795118313871307,0.2521198198189636,-0.00011108417457923592,0.607,0.725,1.695,0.995,-0.086,-0.05,-0.0,0.6064469952756832,0.6816541800856928,1.3321069812677566
2203,1782950000.8994818,0.0004832454304021065,0.007172614455364437,0.2521034212246457,-0.00012746461580519805,0.607,0.725,1.695,0.995,-0.086,-0.05,-0.0,0.6064469952756832,0.6816541800856928,1.3321069812677566
2204,1782950000.9185696,-0.004146871930423412,0.00674016986972538,0.25221183054655755,-0.00014903090955422987,0.607,0.724,1.695,0.995,-0.086,-0.05,-0.0,0.6064469952756832,0.6816541800856928,1.3321069812677566
2205,1782950000.9387403,-0.0036909680425997703,0.004713388228451708,0.25220802381331897,-0.00015021291040090727,0.607,0.724,1.695,0.995,-0.086,-0.05,-0.0,0.6064469952756832,0.6816541800856928,1.3321069812677566
2206,1782950000.9642076,-0.004029226200062444,0.0040986735971514174,0.2522082300705068,-0.0001569439542751603,0.607,0.724,1.695,0.995,-0.086,-0.05,-0.0,0.6064469952756832,0.6816541800856928,1.3321069812677566
2207,1782950000.9839008,-0.0017167727930757787,0.005614931468335217,0.25223448650741354,-0.00015756769935845,0.607,0.724,1.695,0.995,-0.086,-0.05,-0.0,0.6064469952756832,0.6816541800856928,1.3321069812677566
2207,1782950001.0026295,-0.0033463851643513957,0.0034228439508661055,0.2522163591018395,-0.00015756158506207693,0.607,0.724,1.695,0.995,-0.086,-0.05,-0.0,0.6064469952756832,0.6816541800856928,1.3321069812677566
2209,1782950001.020557,-0.002493233344869398,0.002753834616977621,0.25218674339587516,-0.00015406209544770256,0.607,0.724,1.695,0.995,-0.086,-0.05,-0.0,0.6064469952756832,0.6816541800856928,1.3321069812677566
2210,1782950001.0436924,-0.008828884447830098,-2.876595110525666e-05,0.25234417274504095,-0.0001775596787006618,0.607,0.724,1.695,0.995,-0.086,-0.05,-0.0,0.6064469952756832,0.6816541800856928,1.3321069812677566
2211,1782950001.061071,-0.00325430998627159,0.0035019737412231686,0.25219002514169664,-0.0001768276633076938,0.607,0.724,1.695,0.995,-0.086,-0.05,-0.0,0.6064469952756832,0.6816541800856928,1.3321069812677566
2212,1782950001.0803208,-0.000550991132876281,0.004769849958505226,0.2522098841814223,-0.00016525165881653753,0.607,0.724,1.695,0.995,-0.086,-0.05,-0.0,0.6064469952756832,0.6816541800856928,1.3321069812677566
2213,1782950001.1004732,0.0016256801128908356,-0.002875216281026268,0.2521878103297446,-2.6276167706212026e-05,0.607,0.724,1.695,0.995,-0.086,-0.049,-0.0,0.6064469952756832,0.6816541800856928,1.3321069812677566
2214,1782950001.1211367,-0.0014529264757646388,-0.00545322764633213,0.25218117676609725,3.5275753258093924e-05,0.607,0.724,1.695,0.995,-0.086,-0.049,-0.0,0.6064469952756832,0.6816541800856928,1.3321069812677566
2215,1782950001.1437604,-0.0007799294984591207,-0.006542333022017125,0.25216475624965723,7.993342052061491e-05,0.607,0.724,1.695,0.995,-0.086,-0.049,-0.0,0.6064469952756832,0.6816541800856928,1.3321069812677566
2216,1782950001.161495,-0.00458017406671737,-0.008644550698503785,0.252275837170053,9.630999412848842e-05,0.607,0.724,1.695,0.995,-0.086,-0.049,-0.0,0.6064469952756832,0.6816541800856928,1.3321069812677566
2217,1782950001.1819816,-0.00592456414893065,-0.007263429885885677,0.25229151414491696,9.295883665199775e-05,0.607,0.724,1.695,0.995,-0.086,-0.049,-0.0,0.6064469952756832,0.6816541800856928,1.3321069812677566
2218,1782950001.1999848,0.0008854334674217217,-0.003961986440255835,0.25218684817616077,0.00011141134846886441,0.607,0.724,1.695,0.995,-0.086,-0.049,-0.0,0.6064469952756832,0.6816541800856928,1.3321069812677566
2219,1782950001.2216308,-0.0013578899292004164,-0.003839765664314933,0.25227915602297096,0.00012833554380864952,0.607,0.723,1.695,0.995,-0.086,-0.049,-0.0,0.6064469952756832,0.6816541800856928,1.3321069812677566
2220,1782950001.2382636,-0.0014873043939381192,-0.0031121863869015727,0.2522044442561073,0.00013815824323952551,0.607,0.723,1.695,0.995,-0.086,-0.049,-0.0,0.6064469952756832,0.6816541800856928,1.3321069812677566
2221,1782950001.25912,-0.001515348963132642,-0.0026233765768609524,0.2521900279699175,0.00014351866766511005,0.607,0.723,1.695,0.995,-0.086,-0.049,-0.0,0.6064469952756832,0.6816541800856928,1.3321069812677566
2222,1782950001.2840402,1.8479522873951666e-05,-0.002186954378116367,0.25222233302125924,0.0001492701711011337,0.607,0.723,1.695,0.995,-0.086,-0.049,-0.0,0.6064469952756832,0.6816541800856928,1.3321069812677566
2223,1782950001.3037415,-0.001325365197611555,-0.0021115534003356418,0.25219787870128657,0.00014902103844140245,0.607,0.723,1.695,0.995,-0.086,-0.049,-0.0,0.6064469952756832,0.6816541800856928,1.3321069812677566
2224,1782950001.3244474,-0.0019152672414706013,-0.002114232293033624,0.252192996631146,0.00015001545653041428,0.607,0.723,1.695,0.995,-0.086,-0.049,-0.0,0.6064469952756832,0.6816541800856928,1.3321069812677566
2224,1782950001.3477054,-0.0008955568032272552,-0.002127655833978159,0.2521685361829501,0.00015469931379844668,0.607,0.723,1.695,0.995,-0.086,-0.049,-0.0,0.6064469952756832,0.6816541800856928,1.3321069812677566
2226,1782950001.3679733,-0.0043179842289828895,-0.0023116128184652324,0.2522778515147535,0.00015129206873129163,0.607,0.723,1.695,0.995,-0.086,-0.049,-0.0,0.6064469952756832,0.6816541800856928,1.3321069812677566
2226,1782950001.3875751,-0.0010447400718942247,-0.0020712776978179075,0.2522698708806732,0.00015872530858821878,0.607,0.723,1.695,0.995,-0.086,-0.049,-0.0,0.6064469952756832,0.6816541800856928,1.3321069812677566
2228,1782950001.4052832,0.0012397769128429945,0.006979934330539414,0.25219633524127794,3.6398245076597836e-05,0.607,0.723,1.695,0.995,-0.086,-0.05,-0.0,0.6064469952756832,0.6816541800856928,1.3321069812677566
2228,1782950001.4210818,-0.00022378695281235258,0.006557238658599534,0.25226219071435424,-1.8822232066942767e-05,0.607,0.723,1.695,0.995,-0.086,-0.05,-0.0,0.6064469952756832,0.6816541800856928,1.3321069812677566
2230,1782950001.4445636,-0.00042290684079941254,0.006017011288795483,0.25227347185571297,-5.289101960979116e-05,0.607,0.723,1.695,0.995,-0.086,-0.05,-0.0,0.6064469952756832,0.6816541800856928,1.3321069812677566
2231,1782950001.460353,-0.002402992483511712,0.005169784204788646,0.25224536032587874,-7.79598161867973e-05,0.607,0.723,1.695,0.995,-0.086,-0.05,-0.0,0.6064469952756832,0.6816541800856928,1.3321069812677566
2232,1782950001.4809022,-1.3921855642892549e-05,0.004662439067791985,0.25224718587214995,-8.075125461166456e-05,0.607,0.723,1.695,0.995,-0.086,-0.05,-0.0,0.6064469952756832,0.6816541800856928,1.3321069812677566
2233,1782950001.506685,0.00016520231719004217,0.0022961185815217238,0.2521909179510585,-8.418994170587145e-05,0.608,0.723,1.695,0.995,-0.086,-0.05,-0.0,0.6064469952756832,0.6816541800856928,1.3321069812677566
2233,1782950001.5240753,0.000178179338667212,0.0020139215184580518,0.2521783188950592,-8.740075435637364e-05,0.608,0.723,1.695,0.995,-0.086,-0.05,-0.0,0.6064469952756832,0.6816541800856928,1.3321069812677566
2235,1782950001.5403435,0.00018024078495479292,0.0015812687648798845,0.2521767496001275,-8.681256624173855e-05,0.608,0.723,1.695,0.995,-0.086,-0.05,-0.0,0.6064469952756832,0.6816541800856928,1.3321069812677566
2236,1782950001.5623968,0.0014454755579376586,0.001222475737203018,0.2522410258501895,-8.147896146244271e-05,0.608,0.723,1.695,0.995,-0.086,-0.05,-0.0,0.6064469952756832,0.6816541800856928,1.3321069812677566
2237,1782950001.5860844,0.001558545798798403,-0.007813767257538252,0.25227442965762337,4.7911112875698435e-05,0.608,0.723,1.695,0.995,-0.086,-0.049,-0.0,0.6064469952756832,0.6816541800856928,1.3321069812677566
2237,1782950001.6056132,0.0015625354666552798,-0.008948488441016589,0.2522702368302481,0.00010985849890311879,0.608,0.723,1.695,0.995,-0.086,-0.049,-0.0,0.6064469952756832,0.6816541800856928,1.3321069812677566
2239,1782950001.6257172,0.001171844058895778,-0.009095316816923498,0.2522703002239866,0.00015061784275377245,0.608,0.723,1.695,0.995,-0.086,-0.049,-0.0,0.6064469952756832,0.6816541800856928,1.3321069812677566
2239,1782950001.6459548,0.0011274105147349887,-0.009112770006416608,0.2522697246616199,0.0001761062441619558,0.608,0.723,1.695,0.995,-0.086,-0.049,-0.0,0.6064469952756832,0.6816541800856928,1.3321069812677566
2241,1782950001.6673238,0.0011205801531642872,-0.008308466161749038,0.2522683905642531,0.0001889856401483365,0.608,0.723,1.695,0.995,-0.086,-0.049,-0.0,0.6064469952756832,0.6816541800856928,1.3321069812677566
2241,1782950001.6867733,0.0022102778298144967,-0.007425975191874375,0.2522446061636971,0.00019994222691597835,0.608,0.723,1.695,0.995,-0.086,-0.049,-0.0,0.6064469952756832,0.6816541800856928,1.3321069812677566
2243,1782950001.7067053,0.0019678337614997075,-0.007639487015062783,0.252254939703114,0.00021387225468229136,0.608,0.723,1.695,0.995,-0.086,-0.049,-0.0,0.6064469952756832,0.6816541800856928,1.3321069812677566
2243,1782950001.7260406,0.0017666075996225668,-0.006966342594920132,0.252168062232935,0.000221729275742365,0.608,0.723,1.695,0.995,-0.086,-0.049,-0.0,0.6064469952756832,0.6816541800856928,1.3321069812677566
2245,1782950001.7460396,0.001737286706723802,-0.006087338961270833,0.2521505617952261,0.00022602732421269096,0.608,0.723,1.695,0.995,-0.086,-0.049,-0.0,0.6064469952756832,0.6816541800856928,1.3321069812677566
2245,1782950001.766215,0.002663970738019633,0.0033980523209333115,0.25194700620613464,0.0001049154754160132,0.608,0.723,1.696,0.995,-0.086,-0.05,-0.0,0.6064469952756832,0.6816541800856928,1.3321069812677566
2247,1782950001.785276,0.001838551893078964,0.005571211767513374,0.25200330037152496,3.311270413417686e-05,0.608,0.723,1.696,0.995,-0.086,-0.05,-0.0,0.6064469952756832,0.6816541800856928,1.3321069812677566
2247,1782950001.8051176,0.0022887865147055587,0.005464041853307769,0.2519291597407491,-1.0128136902493989e-06,0.608,0.723,1.696,0.995,-0.086,-0.05,-0.0,0.6064469952756832,0.6816541800856928,1.3321069812677566
2249,1782950001.825794,0.00360734709560415,0.004733255263820661,0.2518202343743978,3.3134043443960938e-06,0.608,0.723,1.696,0.995,-0.086,-0.05,-0.0,0.6064469952756832,0.6816541800856928,1.3321069812677566
2249,1782950001.8489301,0.0048681712746698885,0.00264509826084988,0.2517814304629977,2.149463814859118e-05,0.608,0.723,1.696,0.995,-0.086,-0.05,-0.0,0.6064469952756832,0.6816541800856928,1.3321069812677566
2251,1782950001.8693204,0.0037584261022583264,0.0023114812419072067,0.2518704179705485,7.466196543442904e-06,0.608,0.723,1.696,0.995,-0.086,-0.05,-0.0,0.6064469952756832,0.6816541800856928,1.3321069812677566
2251,1782950001.8827164,0.0047066430681665435,0.00149798333997315,0.25186411486837307,8.157253899173563e-07,0.608,0.723,1.696,0.995,-0.086,-0.05,-0.0,0.6064469952756832,0.6816541800856928,1.3321069812677566
2253,1782950001.8951468,0.004603287362817559,0.0007132108504366253,0.25195271371451355,-4.340729133779189e-06,0.608,0.723,1.696,0.995,-0.086,-0.05,-0.0,0.6064469952756832,0.6816541800856928,1.3321069812677566
2254,1782950001.9141471,0.0045959068371688805,0.0006262430248290792,0.2519687794410895,-8.260909891840938e-06,0.608,0.723,1.696,0.995,-0.086,-0.05,-0.0,0.6064469952756832,0.6816541800856928,1.3321069812677566
2255,1782950001.93463,0.0045949793829293765,0.000616514433143733,0.2519715099155523,-1.0343530043707516e-05,0.608,0.723,1.696,0.995,-0.086,-0.05,-0.0,0.6064469952756832,0.6816541800856928,1.3321069812677566
2256,1782950001.954247,0.004594779947650857,0.0006154367078832794,0.2519719700511083,-1.1564803268165398e-05,0.608,0.723,1.696,0.995,-0.086,-0.05,-0.0,0.6064469952756832,0.6816541800856928,1.3321069812677566
2257,1782950001.9738448,0.0045947386337870265,0.0006153130599886921,0.25197204755581093,-1.229661961034478e-05,0.608,0.723,1.696,0.995,-0.086,-0.05,-0.0,0.6064469952756832,0.6816541800856928,1.3321069812677566
2258,1782950001.9951928,0.004594730814124691,0.0006152976339518059,0.2519720606089634,-1.2736992537318072e-05,0.608,0.723,1.696,0.995,-0.086,-0.05,-0.0,0.6064469952756832,0.6816541800856928,1.3321069812677566
2259,1782950002.0145695,0.004594729429690241,0.0006152953587493862,0.2519720628069765,-1.3002177844474556e-05,0.608,0.723,1.696,0.995,-0.086,-0.05,-0.0,0.6064469952756832,0.6816541800856928,1.3321069812677566
2260,1782950002.033583,0.004594729204091156,0.0006152948929483712,0.25197206317691484,-1.3161886572525551e-05,0.608,0.723,1.696,0.995,-0.086,-0.05,-0.0,0.6064469952756832,0.6816541800856928,1.3321069812677566
2261,1782950002.0566766,0.004594729175421334,0.0006152947389526297,0.2519720632391094,-1.3258073488889525e-05,0.608,0.723,1.696,0.995,-0.086,-0.05,-0.0,0.6064469952756832,0.6816541800856928,1.3321069812677566
2262,1782950002.0734158,0.004594729176628042,0.0006152946651517581,0.25197206324948995,-1.3316003646837363e-05,0.608,0.723,1.696,0.995,-0.086,-0.05,-0.0,0.6064469952756832,0.6816541800856928,1.3321069812677566
2263,1782950002.0963552,0.004594729180518372,0.00061529462362548,0.2519720632512049,-1.3350893059205903e-05,0.608,0.723,1.696,0.995,-0.086,-0.05,-0.0,0.6064469952756832,0.6816541800856928,1.3321069812677566
2264,1782950002.1140785,0.004594729183397374,0.000615294599130671,0.2519720632514674,-1.3371905797096174e-05,0.608,0.723,1.696,0.995,-0.086,-0.05,-0.0,0.6064469952756832,0.6816541800856928,1.3321069812677566
2265,1782950002.1347647,0.004594729185180765,0.0006152945844296242,0.2519720632514922,-1.3384561073650391e-05,0.608,0.723,1.696,0.995,-0.086,-0.05,-0.0,0.6064469952756832,0.6816541800856928,1.3321069812677566
