step,sim_time,u0,u1,u2,u3,pose_x,pose_y,pose_z,pose_qw,pose_qx,pose_qy,pose_qz,ref_x,ref_y,ref_z,payload_x,payload_y,payload_z,payload_ref_x,payload_ref_y,payload_ref_z
0,1784635905.674527,0.0,0.0,0.04999999999999974,0.0,0.434,-0.0,0.504,1.0,0.0,-0.0,-0.0,0.43355233659458986,1.603966193904372e-14,0.5035538288987716,-2.791340129667876e-07,-5.493215115849983e-08,0.12499966323192233,-1.918036627180045e-07,-4.1541918096836985e-08,0.12499992210488019
0,1784635905.6939695,4.135990689663519e-07,0.09999999531174321,0.04999999984050301,-4.8344851873220125e-09,0.434,-0.0,0.504,1.0,0.0,-0.0,-0.0,0.43355233659458986,1.603966193904372e-14,0.5035538288987716,-2.791340129667876e-07,-5.493215115849983e-08,0.12499966323192233,-1.918036627180045e-07,-4.1541918096836985e-08,0.12499992210488019
0,1784635905.7132163,-4.3068461151040695e-07,0.09999961049461942,0.04999999707323486,-7.495315709269778e-07,0.434,-0.0,0.504,1.0,0.0,-0.0,-0.0,0.43355233659458986,1.603966193904372e-14,0.5035538288987716,-2.791340129667876e-07,-5.493215115849983e-08,0.12499966323192233,-1.918036627180045e-07,-4.1541918096836985e-08,0.12499992210488019
0,1784635905.7352536,2.433385236600395e-06,0.09999999395462453,0.0499999995854639,9.59861055359854e-07,0.434,-0.0,0.504,1.0,0.0,-0.0,-0.0,0.43355233659458986,1.603966193904372e-14,0.5035538288987716,-2.8283097344983885e-07,-5.0543225745842755e-09,0.12499965134989868,-1.918036627180045e-07,-4.1541918096836985e-08,0.12499992210488019
0,1784635905.7495224,-7.780939529495276e-06,0.0999992223613219,0.04999998996545099,-5.488975014849673e-06,0.434,-0.0,0.504,1.0,0.0,-0.0,-0.0,0.43355233659458986,1.603966193904372e-14,0.5035538288987716,-2.8283097344983885e-07,-5.0543225745842755e-09,0.12499965134989868,-1.918036627180045e-07,-4.1541918096836985e-08,0.12499992210488019
0,1784635905.769471,2.7622635006940972e-05,0.09999998343202857,0.0499999989296645,1.5842336334459342e-05,0.434,-0.0,0.504,1.0,0.0,-0.0,-0.0,0.43355233659458986,1.603966193904372e-14,0.5035538288987716,-2.8283097344983885e-07,-5.0543225745842755e-09,0.12499965134989868,-1.918036627180045e-07,-4.1541918096836985e-08,0.12499992210488019
0,1784635905.7867594,-9.303609753481256e-05,0.09999649133649377,0.04999999989805203,-5.265024267972827e-05,0.434,-0.0,0.504,1.0,0.0,-0.0,-0.0,0.43355233659458986,1.603966193904372e-14,0.5035538288987716,-2.8283097344983885e-07,-5.0543225745842755e-09,0.12499965134989868,-1.918036627180045e-07,-4.1541918096836985e-08,0.12499992210488019
0,1784635905.8073797,0.00031309840614780174,0.09999937957456195,0.04999999968915707,0.0001787117370263662,0.434,-0.0,0.504,1.0,0.0,-0.0,-0.0,0.43355233659458986,1.603966193904372e-14,0.5035538288987716,-2.8283097344983885e-07,-5.0543225745842755e-09,0.12499965134989868,-1.918036627180045e-07,-4.1541918096836985e-08,0.12499992210488019
0,1784635905.8253977,-0.0010757114052017075,0.0999999801301586,0.049999999915888514,-0.0006391999676603164,0.434,-0.0,0.504,1.0,0.0,-0.0,-0.0,0.43355232867323035,-1.2902592886776364e-13,0.5035538209773854,-2.8283097344983885e-07,-5.0543225745842755e-09,0.12499965134989868,-1.918036627180045e-07,-4.1541918096836985e-08,0.12499992210488019
0,1784635905.8457057,0.0037257044758319943,0.09999961315038901,0.049999999952083374,0.002197972931532326,0.434,-0.0,0.504,1.0,0.0,-0.0,-0.0,0.43355232867323035,-1.2902592886776364e-13,0.5035538209773854,-2.8283097344983885e-07,-5.0543225745842755e-09,0.12499965134989868,-1.918036627180045e-07,-4.1541918096836985e-08,0.12499992210488019
0,1784635905.8661473,-0.013373270784517517,0.09999994373010013,0.049999995048281794,-0.008107596962493096,0.434,-0.0,0.504,1.0,0.0,-0.0,-0.0,0.43355232867323035,-1.2902592886776364e-13,0.5035538209773854,-2.8283097344983885e-07,-5.0543225745842755e-09,0.12499965134989868,-1.918036627180045e-07,-4.1541918096836985e-08,0.12499992210488019
0,1784635905.8854392,0.04679842032089601,0.09999837368132586,0.04999998548738977,0.028454989301040408,0.434,-0.0,0.504,1.0,0.0,-0.0,-0.0,0.43355232867323035,-1.2902592886776364e-13,0.5035538209773854,-2.8283097344983885e-07,-5.0543225745842755e-09,0.12499965134989868,-1.918036627180045e-07,-4.1541918096836985e-08,0.12499992210488019
0,1784635905.9066925,-0.09994559142473791,0.0999999610634153,0.049999998360750544,-0.09848862551581888,0.434,-0.0,0.504,1.0,0.0,-0.0,-0.0,0.43355232867323035,-1.2902592886776364e-13,0.5035538209773854,-2.8283097344983885e-07,-5.0543225745842755e-09,0.12499965134989868,-1.918036627180045e-07,-4.1541918096836985e-08,0.12499992210488019
0,1784635905.9269369,0.09999620380888666,0.09999992039841707,0.049999992093939065,0.09999483015172289,0.434,-0.0,0.504,1.0,0.0,-0.0,-0.0,0.43355232867323035,-1.2902592886776364e-13,0.5035538209773854,-2.8283097344983885e-07,-5.0543225745842755e-09,0.12499965134989868,-1.918036627180045e-07,-4.1541918096836985e-08,0.12499992210488019
0,1784635905.9473305,-0.0999999993727528,0.09999999994178739,0.049999999987778335,-0.09999999804734813,0.434,-0.0,0.504,1.0,0.0,-0.0,-0.0,0.43355232867323035,-1.2902592886776364e-13,0.5035538209773854,-2.8283097344983885e-07,-5.0543225745842755e-09,0.12499965134989868,-1.918036627180045e-07,-4.1541918096836985e-08,0.12499992210488019
0,1784635905.9692695,0.09999410041834242,0.09999938085063448,0.04999999994890278,0.09998268467246132,0.434,-0.0,0.504,1.0,0.0,-0.0,-0.0,0.43355232867323035,-1.2902592886776364e-13,0.5035538209773854,-2.8283097344983885e-07,-5.0543225745842755e-09,0.12499965134989868,-1.918036627180045e-07,-4.1541918096836985e-08,0.12499992210488019
0,1784635905.9908042,-0.09998826661998264,0.09999940504397214,0.04999999398191437,-0.09998223329556277,0.434,-0.0,0.504,1.0,0.0,-0.0,-0.0,0.43355232867323035,-1.2902592886776364e-13,0.5035538209773854,-2.8283097344983885e-07,-5.0543225745842755e-09,0.12499965134989868,-1.918036627180045e-07,-4.1541918096836985e-08,0.12499992210488019
0,1784635906.009687,0.09999194739282988,0.099999016570408,0.04999999990567159,0.09996923750878514,0.434,-0.0,0.504,1.0,0.0,-0.0,-0.0,0.43355232867323035,-1.2902592886776364e-13,0.5035538209773854,-2.8283097344983885e-07,-5.0543225745842755e-09,0.12499965134989868,-1.918036627180045e-07,-4.1541918096836985e-08,0.12499992210488019
0,1784635906.0279331,-0.09999890935507516,0.0999998891074337,0.049999999812997145,-0.09999631801332978,0.434,-0.0,0.504,1.0,0.0,-0.0,-0.0,0.43355232867323035,-1.2902592886776364e-13,0.5035538209773854,-2.8283097344983885e-07,-5.0543225745842755e-09,0.12499965134989868,-1.918036627180045e-07,-4.1541918096836985e-08,0.12499992210488019
0,1784635906.0482152,0.09999463703988815,0.09999936589461883,0.04999999993451497,0.09998484829118337,0.434,-0.0,0.504,1.0,0.0,-0.0,-0.0,0.43355232867323035,-1.2902592886776364e-13,0.5035538209773854,-2.8283097344983885e-07,-5.0543225745842755e-09,0.12499965134989868,-1.918036627180045e-07,-4.1541918096836985e-08,0.12499992210488019
0,1784635906.066961,-0.09999692195346263,0.0999995673765578,0.04999999995585857,-0.09998838877024782,0.434,-0.0,0.504,1.0,0.0,-0.0,-0.0,0.43355232867323035,-1.2902592886776364e-13,0.5035538209773854,-2.8283097344983885e-07,-5.0543225745842755e-09,0.12499965134989868,-1.918036627180045e-07,-4.1541918096836985e-08,0.12499992210488019
0,1784635906.0889084,0.09999865528883736,0.09999985860093837,0.049999998771160487,0.09999659560865456,0.434,-0.0,0.504,1.0,0.0,-0.0,-0.0,0.43355232867323035,-1.2902592886776364e-13,0.5035538209773854,-2.8283097344983885e-07,-5.0543225745842755e-09,0.12499965134989868,-1.918036627180045e-07,-4.1541918096836985e-08,0.12499992210488019
0,1784635906.1076932,-0.09997817903216691,0.0999977472849558,0.04999998144519422,-0.09993947432976294,0.434,-0.0,0.504,1.0,0.0,-0.0,-0.0,0.43355232867323035,-1.2902592886776364e-13,0.5035538209773854,-2.8283097344983885e-07,-5.0543225745842755e-09,0.12499965134989868,-1.918036627180045e-07,-4.1541918096836985e-08,0.12499992210488019
0,1784635906.1331427,0.09999905312258364,0.09999990314465879,0.04999999967758155,0.0999978005956986,0.434,-0.0,0.504,1.0,0.0,-0.0,-0.0,0.43355232867323035,-1.2902592886776364e-13,0.5035538209773854,-2.8283097344983885e-07,-5.0543225745842755e-09,0.12499965134989868,-1.918036627180045e-07,-4.1541918096836985e-08,0.12499992210488019
0,1784635906.1577127,-0.09999997665788304,0.0999999973017394,0.04999999993797898,-0.09999993554449801,0.434,-0.0,0.504,1.0,0.0,-0.0,-0.0,0.43355232867323035,-1.2902592886776364e-13,0.5035538209773854,-2.8283097344983885e-07,-5.0543225745842755e-09,0.12499965134989868,-1.918036627180045e-07,-4.1541918096836985e-08,0.12499992210488019
0,1784635906.1765823,0.09999989876083615,0.09999999010296483,0.04999999941682894,0.09999980002749673,0.434,-0.0,0.504,1.0,0.0,-0.0,-0.0,0.43355232867323035,-1.2902592886776364e-13,0.5035538209773854,-2.8283097344983885e-07,-5.0543225745842755e-09,0.12499965134989868,-1.918036627180045e-07,-4.1541918096836985e-08,0.12499992210488019
0,1784635906.193924,-0.09999995676906082,0.0999999940799266,0.04999999965832979,-0.09999992555569301,0.434,-0.0,0.504,1.0,0.0,-0.0,-0.0,0.43355232867323035,-1.2902592886776364e-13,0.5035538209773854,-2.8283097344983885e-07,-5.0543225745842755e-09,0.12499965134989868,-1.918036627180045e-07,-4.1541918096836985e-08,0.12499992210488019
0,1784635906.2129304,0.09999991452572052,0.09999999184824566,0.04999999938839413,0.09999984763550482,0.434,-0.0,0.504,1.0,0.0,-0.0,-0.0,0.43355232867323035,-1.2902592886776364e-13,0.5035538209773854,-2.8283097344983885e-07,-5.0543225745842755e-09,0.12499965134989868,-1.918036627180045e-07,-4.1541918096836985e-08,0.12499992210488019
0,1784635906.2319298,-0.09999089226233596,0.09999924072628073,0.049999995797797556,-0.09998002044816359,0.434,-0.0,0.504,1.0,0.0,-0.0,-0.0,0.43355232867323035,-1.2902592886776364e-13,0.5035538209773854,-2.8283097344983885e-07,-5.0543225745842755e-09,0.12499965134989868,-1.918036627180045e-07,-4.1541918096836985e-08,0.12499992210488019
0,1784635906.2582986,0.09999709544595839,0.09999975065603636,0.04999999451038509,0.09999532801948896,0.434,-0.0,0.504,1.0,0.0,-0.0,-0.0,0.43355232867323035,-1.2902592886776364e-13,0.5035538209773854,-2.8283097344983885e-07,-5.0543225745842755e-09,0.12499965134989868,-1.918036627180045e-07,-4.1541918096836985e-08,0.12499992210488019
0,1784635906.277591,-0.09999194137777326,0.09999934909945507,0.04999999080800393,-0.09998449001256546,0.434,-0.0,0.504,1.0,0.0,-0.0,-0.0,0.43355232867323035,-1.2902592886776364e-13,0.5035538209773854,-2.8283097344983885e-07,-5.0543225745842755e-09,0.12499965134989868,-1.918036627180045e-07,-4.1541918096836985e-08,0.12499992210488019
0,1784635906.2972157,0.09999995481684079,0.09999999597374998,0.0499999998018701,0.09999991951436527,0.434,-0.0,0.504,1.0,0.0,-0.0,-0.0,0.43355232867323035,-1.2902592886776364e-13,0.5035538209773854,-2.8283097344983885e-07,-5.0543225745842755e-09,0.12499965134989868,-1.918036627180045e-07,-4.1541918096836985e-08,0.12499992210488019
0,1784635906.3097138,-0.09999129758832961,0.09999930289938286,0.04999998869358909,-0.09998347949745884,0.434,-0.0,0.504,1.0,0.0,-0.0,-0.0,0.43355232867323035,-1.2902592886776364e-13,0.5035538209773854,-2.8283097344983885e-07,-5.0543225745842755e-09,0.12499965134989868,-1.918036627180045e-07,-4.1541918096836985e-08,0.12499992210488019
0,1784635906.3275588,0.09999997145813744,0.09999999749403701,0.049999999889852285,0.09999994896381864,0.434,-0.0,0.504,1.0,0.0,-0.0,-0.0,0.43355232867323035,-1.2902592886776364e-13,0.5035538209773854,-2.848562649261152e-07,-4.076480484439631e-08,0.1249996420411495,-1.918036627180045e-07,-4.1541918096836985e-08,0.12499992210488019
0,1784635906.3483598,-0.09998409550615847,0.0999993802482837,0.049999994652178144,-0.09998033350329541,0.434,-0.0,0.504,1.0,0.0,-0.0,-0.0,0.43355232867323035,-1.2902592886776364e-13,0.5035538209773854,-2.848562649261152e-07,-4.076480484439631e-08,0.1249996420411495,-1.918036627180045e-07,-4.1541918096836985e-08,0.12499992210488019
0,1784635906.3680346,0.09999883311544422,0.09999990409891654,0.04999999891110075,0.09999784757663266,0.434,-0.0,0.504,1.0,0.0,-0.0,-0.0,0.4335523224672739,-7.282565888787526e-15,0.5035538147714101,-2.848562649261152e-07,-4.076480484439631e-08,0.1249996420411495,-1.918036627180045e-07,-4.1541918096836985e-08,0.12499992210488019
0,1784635906.3895724,-0.09999796082341988,0.09999999545693862,0.049999999845413826,-0.09999981669779592,0.434,-0.0,0.504,1.0,0.0,-0.0,-0.0,0.4335523224672739,-7.282565888787526e-15,0.5035538147714101,-2.848562649261152e-07,-4.076480484439631e-08,0.1249996420411495,-1.918036627180045e-07,-4.1541918096836985e-08,0.12499992210488019
0,1784635906.4074266,0.09999014400251632,0.09999919276137093,0.04999999108179794,0.09998004092991475,0.434,-0.0,0.504,1.0,0.0,-0.0,-0.0,0.4335523224672739,-7.282565888787526e-15,0.5035538147714101,-2.848562649261152e-07,-4.076480484439631e-08,0.1249996420411495,-1.918036627180045e-07,-4.1541918096836985e-08,0.12499992210488019
0,1784635906.4277399,-0.0999999875627729,0.09999999962262893,0.04999999997738301,-0.09999998931886561,0.434,-0.0,0.504,1.0,0.0,-0.0,-0.0,0.4335523224672739,-7.282565888787526e-15,0.5035538147714101,-2.848562649261152e-07,-4.076480484439631e-08,0.1249996420411495,-1.918036627180045e-07,-4.1541918096836985e-08,0.12499992210488019
0,1784635906.4467266,0.09999844930157109,0.09999987630845604,0.04999999671007188,0.09999714759731249,0.434,-0.0,0.504,1.0,0.0,-0.0,-0.0,0.4335523224672739,-7.282565888787526e-15,0.5035538147714101,-2.848562649261152e-07,-4.076480484439631e-08,0.1249996420411495,-1.918036627180045e-07,-4.1541918096836985e-08,0.12499992210488019
0,1784635906.4728618,-0.09998958191861543,0.09999975320928116,0.049999993624052746,-0.09999144379070424,0.434,-0.0,0.504,1.0,0.0,-0.0,-0.0,0.4335523224672739,-7.282565888787526e-15,0.5035538147714101,-2.848562649261152e-07,-4.076480484439631e-08,0.1249996420411495,-1.918036627180045e-07,-4.1541918096836985e-08,0.12499992210488019
0,1784635906.49155,0.09999831273850743,0.09999986341435795,0.04999999369304453,0.09999688990031036,0.434,-0.0,0.504,1.0,0.0,-0.0,-0.0,0.4335523224672739,-7.282565888787526e-15,0.5035538147714101,-2.848562649261152e-07,-4.076480484439631e-08,0.1249996420411495,-1.918036627180045e-07,-4.1541918096836985e-08,0.12499992210488019
0,1784635906.5131829,-0.09999992706153513,0.09999999858092294,0.049999999857055444,-0.09999995319440319,0.434,-0.0,0.504,1.0,0.0,-0.0,-0.0,0.4335523224672739,-7.282565888787526e-15,0.5035538147714101,-2.848562649261152e-07,-4.076480484439631e-08,0.1249996420411495,-1.918036627180045e-07,-4.1541918096836985e-08,0.12499992210488019
0,1784635906.536309,0.0999982509819918,0.09999986522685592,0.04999999343349195,0.09999662015975869,0.434,-0.0,0.504,1.0,0.0,-0.0,-0.0,0.4335523224672739,-7.282565888787526e-15,0.5035538147714101,-2.848562649261152e-07,-4.076480484439631e-08,0.1249996420411495,-1.918036627180045e-07,-4.1541918096836985e-08,0.12499992210488019
0,1784635906.5502853,-0.09999831076944662,0.09999996426741456,0.04999999536279838,-0.0999988972343051,0.434,-0.0,0.504,1.0,0.0,-0.0,-0.0,0.4335523224672739,-7.282565888787526e-15,0.5035538147714101,-2.848562649261152e-07,-4.076480484439631e-08,0.1249996420411495,-1.918036627180045e-07,-4.1541918096836985e-08,0.12499992210488019
0,1784635906.5716996,0.09999716174166845,0.09999978842855642,0.049999997590028246,0.09999410855169982,0.434,-0.0,0.504,1.0,0.0,-0.0,-0.0,0.4335523224672739,-7.282565888787526e-15,0.5035538147714101,-2.848562649261152e-07,-4.076480484439631e-08,0.1249996420411495,-1.918036627180045e-07,-4.1541918096836985e-08,0.12499992210488019
0,1784635906.590608,-0.0999980023955418,0.09999996294780683,0.04999999520732017,-0.09999856442994809,0.434,-0.0,0.504,1.0,0.0,-0.0,-0.0,0.4335523224672739,-7.282565888787526e-15,0.5035538147714101,-2.848562649261152e-07,-4.076480484439631e-08,0.1249996420411495,-1.918036627180045e-07,-4.1541918096836985e-08,0.12499992210488019
0,1784635906.6088178,0.09999989618854677,0.0999999917252761,0.04999999934856182,0.09999979517891763,0.434,-0.0,0.504,1.0,0.0,-0.0,-0.0,0.4335523224672739,-7.282565888787526e-15,0.5035538147714101,-2.848562649261152e-07,-4.076480484439631e-08,0.1249996420411495,-1.918036627180045e-07,-4.1541918096836985e-08,0.12499992210488019
0,1784635906.6344197,-0.09999886581484904,0.09999997847979017,0.049999997574989116,-0.09999909451428615,0.434,-0.0,0.504,1.0,0.0,-0.0,-0.0,0.4335523224672739,-7.282565888787526e-15,0.5035538147714101,-2.848562649261152e-07,-4.076480484439631e-08,0.1249996420411495,-1.918036627180045e-07,-4.1541918096836985e-08,0.12499992210488019
0,1784635906.65248,0.09999978412451069,0.09999998301964677,0.04999999848398771,0.09999956301515692,0.434,-0.0,0.504,1.0,0.0,-0.0,-0.0,0.4335523224672739,-7.282565888787526e-15,0.5035538147714101,-2.848562649261152e-07,-4.076480484439631e-08,0.1249996420411495,-1.918036627180045e-07,-4.1541918096836985e-08,0.12499992210488019
0,1784635906.6719563,-0.099998767503374,0.09999997474534983,0.04999999682651407,-0.09999911997668001,0.434,-0.0,0.504,1.0,0.0,-0.0,-0.0,0.4335523224672739,-7.282565888787526e-15,0.5035538147714101,-2.848562649261152e-07,-4.076480484439631e-08,0.1249996420411495,-1.918036627180045e-07,-4.1541918096836985e-08,0.12499992210488019
0,1784635906.6881678,0.0999997660725642,0.0999999812649253,0.04999999838449463,0.09999949596628444,0.434,-0.0,0.504,1.0,0.0,-0.0,-0.0,0.4335523224672739,-7.282565888787526e-15,0.5035538147714101,-2.848562649261152e-07,-4.076480484439631e-08,0.1249996420411495,-1.918036627180045e-07,-4.1541918096836985e-08,0.12499992210488019
0,1784635906.7118297,-0.09999238089203735,0.09999985825447236,0.04999999998393251,-0.09999474420564039,0.434,-0.0,0.504,1.0,0.0,-0.0,-0.0,0.4335523224672739,-7.282565888787526e-15,0.5035538147714101,-2.848562649261152e-07,-4.076480484439631e-08,0.1249996420411495,-1.918036627180045e-07,-4.1541918096836985e-08,0.12499992210488019
0,1784635906.7323415,0.09999982010205846,0.09999998540624441,0.0499999988962325,0.09999959641082642,0.434,-0.0,0.504,1.0,0.0,-0.0,-0.0,0.4335523224672739,-7.282565888787526e-15,0.5035538147714101,-2.848562649261152e-07,-4.076480484439631e-08,0.1249996420411495,-1.918036627180045e-07,-4.1541918096836985e-08,0.12499992210488019
0,1784635906.75337,-0.0999913102129879,0.09999983461154657,0.04999999998121391,-0.09999375949954728,0.434,-0.0,0.504,1.0,0.0,-0.0,-0.0,0.4335523224672739,-7.282565888787526e-15,0.5035538147714101,-2.848562649261152e-07,-4.076480484439631e-08,0.1249996420411495,-1.918036627180045e-07,-4.1541918096836985e-08,0.12499992210488019
0,1784635906.7730417,0.09999985506583747,0.09999998830457965,0.04999999913558006,0.09999967338762691,0.434,-0.0,0.504,1.0,0.0,-0.0,-0.0,0.4335523224672739,-7.282565888787526e-15,0.5035538147714101,-2.848562649261152e-07,-4.076480484439631e-08,0.1249996420411495,-1.918036627180045e-07,-4.1541918096836985e-08,0.12499992210488019
0,1784635906.7915325,-0.09999910217753294,0.09999998328837147,0.04999999873346431,-0.09999938691436924,0.434,-0.0,0.504,1.0,0.0,-0.0,-0.0,0.4335523224672739,-7.282565888787526e-15,0.5035538147714101,-2.848562649261152e-07,-4.076480484439631e-08,0.1249996420411495,-1.918036627180045e-07,-4.1541918096836985e-08,0.12499992210488019
0,1784635906.8079422,0.09999989795886718,0.09999999176854982,0.049999999438707435,0.09999976877809222,0.434,-0.0,0.504,1.0,0.0,-0.0,-0.0,0.4335523224672739,-7.282565888787526e-15,0.5035538147714101,-2.848562649261152e-07,-4.076480484439631e-08,0.1249996420411495,-1.918036627180045e-07,-4.1541918096836985e-08,0.12499992210488019
0,1784635906.8272178,-0.09999889755488159,0.09999997817804983,0.04999999908282398,-0.09999914676294452,0.434,-0.0,0.504,1.0,0.0,-0.0,-0.0,0.4335523224672739,-7.282565888787526e-15,0.5035538147714101,-2.848562649261152e-07,-4.076480484439631e-08,0.1249996420411495,-1.918036627180045e-07,-4.1541918096836985e-08,0.12499992210488019
0,1784635906.84971,0.09999991488736668,0.09999999306815292,0.0499999994973512,0.099999810401041,0.434,-0.0,0.504,1.0,0.0,-0.0,-0.0,0.4335523224672739,-7.282565888787526e-15,0.5035538147714101,-2.848562649261152e-07,-4.076480484439631e-08,0.1249996420411495,-1.918036627180045e-07,-4.1541918096836985e-08,0.12499992210488019
0,1784635906.8680816,-0.09999886998697369,0.09999998009408174,0.04999999884668337,-0.09999921353728264,0.434,-0.0,0.504,1.0,0.0,-0.0,-0.0,0.4335523224672739,-7.282565888787526e-15,0.5035538147714101,-2.848562649261152e-07,-4.076480484439631e-08,0.1249996420411495,-1.918036627180045e-07,-4.1541918096836985e-08,0.12499992210488019
0,1784635906.8876202,0.09999990289412611,0.09999999197779387,0.04999999933670562,0.09999979062762093,0.434,-0.0,0.504,1.0,0.0,-0.0,-0.0,0.4335523224672739,-7.282565888787526e-15,0.5035538147714101,-2.848562649261152e-07,-4.076480484439631e-08,0.1249996420411495,-1.918036627180045e-07,-4.1541918096836985e-08,0.12499992210488019
0,1784635906.9076002,-0.0999991893994446,0.09999998694165388,0.04999999888346566,-0.09999952417347402,0.434,-0.0,0.504,1.0,0.0,-0.0,-0.0,0.4335523224672739,-7.282565888787526e-15,0.5035538147714101,-2.848562649261152e-07,-4.076480484439631e-08,0.1249996420411495,-1.918036627180045e-07,-4.1541918096836985e-08,0.12499992210488019
0,1784635906.9285967,0.09999986717578815,0.09999998891316296,0.04999999897339207,0.09999972143913935,0.434,-0.0,0.504,1.0,0.0,-0.0,-0.0,0.4335523224672739,-7.282565888787526e-15,0.5035538147714101,-2.848562649261152e-07,-4.076480484439631e-08,0.1249996420411495,-1.918036627180045e-07,-4.1541918096836985e-08,0.12499992210488019
0,1784635906.9481583,-0.0999991146739641,0.09999998590251359,0.049999998709779905,-0.09999949132255184,0.434,-0.0,0.504,1.0,0.0,-0.0,-0.0,0.4335523224672739,-7.282565888787526e-15,0.5035538147714101,-2.848562649261152e-07,-4.076480484439631e-08,0.1249996420411495,-1.918036627180045e-07,-4.1541918096836985e-08,0.12499992210488019
0,1784635906.9675457,0.09999985593298627,0.09999998788050551,0.04999999882399454,0.09999970059813804,0.434,-0.0,0.504,1.0,0.0,-0.0,-0.0,0.4335523224672739,-7.282565888787526e-15,0.5035538147714101,-2.848562649261152e-07,-4.076480484439631e-08,0.1249996420411495,-1.918036627180045e-07,-4.1541918096836985e-08,0.12499992210488019
0,1784635906.9887414,-0.09999907407658687,0.09999998527786899,0.04999999859753148,-0.09999947077037252,0.434,-0.0,0.504,1.0,0.0,-0.0,-0.0,0.4335523224672739,-7.282565888787526e-15,0.5035538147714101,-2.848562649261152e-07,-4.076480484439631e-08,0.1249996420411495,-1.918036627180045e-07,-4.1541918096836985e-08,0.12499992210488019
0,1784635907.0084064,0.09999982711055827,0.09999998544619879,0.049999998549576076,0.09999964084901167,0.434,-0.0,0.504,1.0,0.0,-0.0,-0.0,0.4335523224672739,-7.282565888787526e-15,0.5035538147714101,-2.848562649261152e-07,-4.076480484439631e-08,0.1249996420411495,-1.918036627180045e-07,-4.1541918096836985e-08,0.12499992210488019
0,1784635907.0283172,-0.09999907876102421,0.09999998526529054,0.04999999856344088,-0.09999947121187186,0.434,-0.0,0.504,1.0,0.0,-0.0,-0.0,0.4335523224672739,-7.282565888787526e-15,0.5035538147714101,-2.848562649261152e-07,-4.076480484439631e-08,0.1249996420411495,-1.918036627180045e-07,-4.1541918096836985e-08,0.12499992210488019
0,1784635907.0504177,0.09999980440783235,0.0999999835540812,0.049999998349920007,0.09999959219823656,0.434,-0.0,0.504,1.0,0.0,-0.0,-0.0,0.4335523224672739,-7.282565888787526e-15,0.5035538147714101,-2.8873581350383964e-07,-1.8534902011614773e-08,0.12499963025548315,-1.918036627180045e-07,-4.1541918096836985e-08,0.12499992210488019
0,1784635907.0739124,-0.09999908821330789,0.09999998535940088,0.04999999854542378,-0.09999947535714715,0.434,-0.0,0.504,1.0,0.0,-0.0,-0.0,0.4335523224672739,-7.282565888787526e-15,0.5035538147714101,-2.8873581350383964e-07,-1.8534902011614773e-08,0.12499963025548315,-1.918036627180045e-07,-4.1541918096836985e-08,0.12499992210488019
0,1784635907.0948906,0.09999979811162837,0.09999998302908476,0.04999999829382278,0.09999957842299023,0.434,-0.0,0.504,1.0,0.0,-0.0,-0.0,0.4335523224672739,-7.282565888787526e-15,0.5035538147714101,-2.8873581350383964e-07,-1.8534902011614773e-08,0.12499963025548315,-1.918036627180045e-07,-4.1541918096836985e-08,0.12499992210488019
0,1784635907.1098516,-0.0999991002000283,0.09999998550954858,0.0499999985440229,-0.09999948095110542,0.434,-0.0,0.504,1.0,0.0,-0.0,-0.0,0.4335523224672739,-7.282565888787526e-15,0.5035538147714101,-2.8873581350383964e-07,-1.8534902011614773e-08,0.12499963025548315,-1.918036627180045e-07,-4.1541918096836985e-08,0.12499992210488019
0,1784635907.1296637,0.09999978646832583,0.09999998208800392,0.04999999819951859,0.0999995529848953,0.434,-0.0,0.504,1.0,0.0,-0.0,-0.0,0.4335523224672739,-7.282565888787526e-15,0.5035538147714101,-2.8873581350383964e-07,-1.8534902011614773e-08,0.12499963025548315,-1.918036627180045e-07,-4.1541918096836985e-08,0.12499992210488019
0,1784635907.1522775,-0.09999910386476576,0.09999998555457598,0.04999999853666401,-0.09999948224908717,0.434,-0.0,0.504,1.0,0.0,-0.0,-0.0,0.4335523224672739,-7.282565888787526e-15,0.5035538147714101,-2.8873581350383964e-07,-1.8534902011614773e-08,0.12499963025548315,-1.918036627180045e-07,-4.1541918096836985e-08,0.12499992210488019
0,1784635907.1720486,0.09999978213825048,0.09999998175246713,0.04999999817320353,0.09999954306544995,0.434,-0.0,0.504,1.0,0.0,-0.0,-0.0,0.4335523224672739,-7.282565888787526e-15,0.5035538147714101,-2.8873581350383964e-07,-1.8534902011614773e-08,0.12499963025548315,-1.918036627180045e-07,-4.1541918096836985e-08,0.12499992210488019
0,1784635907.190942,-0.09999910670955456,0.09999998559896747,0.049999998532445286,-0.09999948369638584,0.434,-0.0,0.504,1.0,0.0,-0.0,-0.0,0.4335523224672739,-7.282565888787526e-15,0.5035538147714101,-2.8873581350383964e-07,-1.8534902011614773e-08,0.12499963025548315,-1.918036627180045e-07,-4.1541918096836985e-08,0.12499992210488019
0,1784635907.2097666,0.09999977941095253,0.09999998154751347,0.04999999815730213,0.0999995368640734,0.434,-0.0,0.504,1.0,0.0,-0.0,-0.0,0.433552314610075,-6.187569753274447e-14,0.5035538069141835,-2.8873581350383964e-07,-1.8534902011614773e-08,0.12499963025548315,-1.918036627180045e-07,-4.1541918096836985e-08,0.12499992210488019
0,1784635907.2292366,-0.0999991080843132,0.0999999856247233,0.04999999853000728,-0.09999948435686146,0.434,-0.0,0.504,1.0,0.0,-0.0,-0.0,0.433552314610075,-6.187569753274447e-14,0.5035538069141835,-2.8873581350383964e-07,-1.8534902011614773e-08,0.12499963025548315,-1.918036627180045e-07,-4.1541918096836985e-08,0.12499992210488019
0,1784635907.249228,0.099999776644351,0.09999998133774038,0.04999999814014844,0.09999953064707279,0.434,-0.0,0.504,1.0,0.0,-0.0,-0.0,0.433552314610075,-6.187569753274447e-14,0.5035538069141835,-2.8873581350383964e-07,-1.8534902011614773e-08,0.12499963025548315,-1.918036627180045e-07,-4.1541918096836985e-08,0.12499992210488019
0,1784635907.2691107,-0.09999910757069733,0.09999998562475819,0.04999999852623784,-0.09999948414434362,0.434,-0.0,0.504,1.0,0.0,-0.0,-0.0,0.433552314610075,-6.187569753274447e-14,0.5035538069141835,-2.8873581350383964e-07,-1.8534902011614773e-08,0.12499963025548315,-1.918036627180045e-07,-4.1541918096836985e-08,0.12499992210488019
0,1784635907.2921975,0.09999977583311767,0.09999998128292634,0.049999998137609296,0.09999952875169887,0.434,-0.0,0.504,1.0,0.0,-0.0,-0.0,0.433552314610075,-6.187569753274447e-14,0.5035538069141835,-2.8873581350383964e-07,-1.8534902011614773e-08,0.12499963025548315,-1.918036627180045e-07,-4.1541918096836985e-08,0.12499992210488019
0,1784635907.3125691,-0.002499109631771246,0.19749987670061267,0.0743749887080969,-0.0024983942044014135,0.434,-0.0,0.504,1.0,0.0,-0.0,-0.0,0.433552314610075,-6.187569753274447e-14,0.5035538069141835,-2.8873581350383964e-07,-1.8534902011614773e-08,0.12499963025548315,-1.918036627180045e-07,-4.1541918096836985e-08,0.12499992210488019
1,1784635907.3370302,0.06608752511265534,0.2925623749767994,0.08640075864581061,0.09756149121898436,0.434,-0.0,0.504,1.0,0.0,-0.0,-0.0,0.433552314610075,-6.187569753274447e-14,0.5035538069141835,-2.8873581350383964e-07,-1.8534902011614773e-08,0.12499963025548315,-1.918036627180045e-07,-4.1541918096836985e-08,0.12499992210488019
1,1784635907.351523,-0.03555892474747485,0.3852480977838313,0.09278201325030615,-0.004811802934428497,0.434,-0.0,0.504,1.0,0.0,-0.0,-0.0,0.433552314610075,-6.187569753274447e-14,0.5035538069141835,-2.8873581350383964e-07,-1.8534902011614773e-08,0.12499963025548315,-1.918036627180045e-07,-4.1541918096836985e-08,0.12499992210488019
3,1784635907.373207,0.06532840159910065,0.4342082655631157,0.09681937694116516,0.07226555652787969,0.434,-0.0,0.504,1.0,0.0,-0.0,-0.0,0.433552314610075,-6.187569753274447e-14,0.5035538069141835,-2.8873581350383964e-07,-1.8534902011614773e-08,0.12499963025548315,-1.918036627180045e-07,-4.1541918096836985e-08,0.12499992210488019
4,1784635907.3934062,-0.03630197879202915,0.4176784844792308,0.10011856927510754,-0.021429422854682523,0.434,-0.0,0.504,1.0,0.0,-0.0,-0.0,0.433552314610075,-6.187569753274447e-14,0.5035538069141835,-2.8873581350383964e-07,-1.8534902011614773e-08,0.12499963025548315,-1.918036627180045e-07,-4.1541918096836985e-08,0.12499992210488019
5,1784635907.4151154,0.06258791316850554,0.4209467466901568,0.10346852872578619,0.026940602502420058,0.434,-0.0,0.504,1.0,0.0,-0.0,-0.0,0.433552314610075,-6.187569753274447e-14,0.5035538069141835,-2.8873581350383964e-07,-1.8534902011614773e-08,0.12499963025548315,-1.918036627180045e-07,-4.1541918096836985e-08,0.12499992210488019
6,1784635907.4332292,-0.03864213963819728,0.4195864181102611,0.10727642213399755,-0.027097605264901452,0.434,-0.0,0.504,1.0,0.0,-0.0,-0.0,0.433552314610075,-6.187569753274447e-14,0.5035538069141835,-2.8873581350383964e-07,-1.8534902011614773e-08,0.12499963025548315,-1.918036627180045e-07,-4.1541918096836985e-08,0.12499992210488019
7,1784635907.4511888,0.056740553752041234,0.4200460868825715,0.1117781142956295,0.02232750305076992,0.434,-0.0,0.504,1.0,0.0,-0.0,-0.0,0.433552314610075,-6.187569753274447e-14,0.5035538069141835,-2.8873581350383964e-07,-1.8534902011614773e-08,0.12499963025548315,-1.918036627180045e-07,-4.1541918096836985e-08,0.12499992210488019
8,1784635907.4711924,-0.044631705670274,0.41958635689059154,0.11713865453934741,-0.02332790574000721,0.434,-0.0,0.504,1.0,0.0,-0.0,-0.0,0.433552314610075,-6.187569753274447e-14,0.5035538069141835,-2.8873581350383964e-07,-1.8534902011614773e-08,0.12499963025548315,-1.918036627180045e-07,-4.1541918096836985e-08,0.12499992210488019
9,1784635907.4940565,0.03622820321283429,0.41906303578034376,0.12350047291250972,0.019170853302824926,0.434,-0.0,0.504,1.0,0.0,-0.0,-0.0,0.433552314610075,-6.187569753274447e-14,0.5035538069141835,-2.8873581350383964e-07,-1.8534902011614773e-08,0.12499963025548315,-1.918036627180045e-07,-4.1541918096836985e-08,0.12499992210488019
10,1784635907.512435,-0.01877221716946597,0.4190426636008056,0.1310072743798898,-0.010220524886597832,0.434,-0.0,0.504,1.0,0.0,-0.0,-0.0,0.433552314610075,-6.187569753274447e-14,0.5035538069141835,-2.8873581350383964e-07,-1.8534902011614773e-08,0.12499963025548315,-1.918036627180045e-07,-4.1541918096836985e-08,0.12499992210488019
11,1784635907.5313532,0.007760874705392433,0.4187814887290761,0.1398154141542615,0.00575942181678344,0.434,-0.0,0.504,1.0,0.0,-0.0,-0.0,0.433552314610075,-6.187569753274447e-14,0.5035538069141835,-2.8873581350383964e-07,-1.8534902011614773e-08,0.12499963025548315,-1.918036627180045e-07,-4.1541918096836985e-08,0.12499992210488019
12,1784635907.5501537,-0.0015170347402523876,0.41858796457841796,0.15010011927811293,-0.0005936628337983793,0.434,-0.0,0.504,1.0,0.0,-0.0,-0.0,0.433552314610075,-6.187569753274447e-14,0.5035538069141835,-2.8873581350383964e-07,-1.8534902011614773e-08,0.12499963025548315,-1.918036627180045e-07,-4.1541918096836985e-08,0.12499992210488019
13,1784635907.5699422,-2.8889167267384663e-05,0.4192505049443514,0.16205802201669195,0.0005323042058439434,0.434,-0.0,0.504,1.0,0.0,-0.0,-0.0,0.433552314610075,-6.187569753274447e-14,0.5035538069141835,-2.8873581350383964e-07,-1.8534902011614773e-08,0.12499963025548315,-1.918036627180045e-07,-4.1541918096836985e-08,0.12499992210488019
14,1784635907.590718,-5.7120103356467396e-05,0.42024832947874824,0.17590679675234244,0.0002258591586204652,0.434,-0.0,0.504,1.0,0.0,-0.0,-0.0,0.433552314610075,-6.187569753274447e-14,0.5035538069141835,-2.8873581350383964e-07,-1.8534902011614773e-08,0.12499963025548315,-1.918036627180045e-07,-4.1541918096836985e-08,0.12499992210488019
15,1784635907.611814,-2.957750055551611e-05,0.4232018470593709,0.19188165117696157,0.00015474833892702413,0.434,-0.0,0.504,1.0,0.0,-0.0,-0.0,0.433552314610075,-6.187569753274447e-14,0.5035538069141835,-2.9267865778965774e-07,-4.710775331777925e-08,0.12499962070496165,-1.918036627180045e-07,-4.1541918096836985e-08,0.12499992210488019
16,1784635907.6307137,-2.1388705164616318e-05,0.42809577541414895,0.21022762921587,9.476631557263216e-05,0.434,-0.0,0.504,1.0,0.0,-0.0,-0.0,0.433552314610075,-6.187569753274447e-14,0.5035538069141835,-2.9267865778965774e-07,-4.710775331777925e-08,0.12499962070496165,-1.918036627180045e-07,-4.1541918096836985e-08,0.12499992210488019
17,1784635907.6516855,-1.3393586721412035e-05,0.43469126644251754,0.23118629495061818,5.9574530016989874e-05,0.434,-0.0,0.504,1.0,0.0,-0.0,-0.0,0.433552314610075,-6.187569753274447e-14,0.5035538069141835,-2.9267865778965774e-07,-4.710775331777925e-08,0.12499962070496165,-1.918036627180045e-07,-4.1541918096836985e-08,0.12499992210488019
18,1784635907.6735034,-8.538588046589936e-06,0.4418969832597436,0.254974875534971,3.741938614168499e-05,0.434,-0.0,0.504,1.0,0.0,-0.0,-0.0,0.433552314610075,-6.187569753274447e-14,0.5035538069141835,-2.9267865778965774e-07,-4.710775331777925e-08,0.12499962070496165,-1.918036627180045e-07,-4.1541918096836985e-08,0.12499992210488019
19,1784635907.69244,-5.500899150392141e-06,0.4450107989284642,0.27002082919928505,2.360221697269315e-05,0.434,-0.0,0.504,1.0,0.0,-0.0,-0.0,0.433552314610075,-6.187569753274447e-14,0.5035538069141835,-2.9267865778965774e-07,-4.710775331777925e-08,0.12499962070496165,-1.918036627180045e-07,-4.1541918096836985e-08,0.12499992210488019
20,1784635907.717722,-2.8679196640394225e-06,0.4451610687233596,0.27211441143136716,1.4997841209975052e-05,0.434,-0.0,0.504,1.0,0.0,-0.0,-0.0,0.4335523082505141,-5.052119384419252e-14,0.5035538005545979,-2.9267865778965774e-07,-4.710775331777925e-08,0.12499962070496165,-1.918036627180045e-07,-4.1541918096836985e-08,0.12499992210488019
20,1784635907.7353573,-1.5102542767554461e-06,0.44534980929735457,0.27280288787124973,9.403844563837248e-06,0.434,-0.0,0.504,1.0,0.0,-0.0,-0.0,0.4335523082505141,-5.052119384419252e-14,0.5035538005545979,-2.9267865778965774e-07,-4.710775331777925e-08,0.12499962070496165,-1.918036627180045e-07,-4.1541918096836985e-08,0.12499992210488019
22,1784635907.7521286,7.485750372503254e-05,0.4444574218446332,0.2732761106351534,7.903446748440938e-05,0.433,0.0,0.504,1.0,0.0,0.0,0.0,0.4335523082505141,-5.052119384419252e-14,0.5035538005545979,-1.2491086150419292e-06,-5.057988780650493e-08,0.12494944026583109,-1.918036627180045e-07,-4.1541918096836985e-08,0.12499992210488019
23,1784635907.7704098,-0.000127122318436565,0.44688027772207634,0.2721710781649255,-0.00010084881304102815,0.433,0.0,0.504,1.0,-0.0,-0.0,-0.0,0.4335523082505141,-5.052119384419252e-14,0.5035538005545979,-8.687024222926169e-06,-5.0413369511530964e-08,0.1245460368273668,-1.918036627180045e-07,-4.1541918096836985e-08,0.12499992210488019
24,1784635907.791351,-0.00028130637995960425,0.4461944331557197,0.27147349904130186,-0.0002822535496499508,0.433,0.0,0.504,1.0,-0.0,0.0,-0.0,0.4335523082505141,-5.052119384419252e-14,0.5035538005545979,-1.2186611871725804e-05,-4.599857189741133e-08,0.12419161863000236,-1.918036627180045e-07,-4.1541918096836985e-08,0.12499992210488019
25,1784635907.8103056,-0.0006172116847881491,0.41888852403497706,0.27123358852752844,-0.0006606321348068221,0.432,0.0,0.504,1.0,-0.0,0.001,-0.0,0.4335523082505141,-5.052119384419252e-14,0.5035538005545979,-1.6231317051631433e-05,-1.909876365720436e-08,0.12319723040483384,-1.918036627180045e-07,-4.1541918096836985e-08,0.12499992210488019
26,1784635907.8359005,-0.0006241256242661533,0.38379734699045476,0.2759504576714934,-0.000798811425252994,0.43,0.0,0.504,1.0,-0.0,0.004,-0.0,0.4335523082505141,-5.052119384419252e-14,0.5035538005545979,-1.7674968089070527e-05,2.2473157805026667e-08,0.12223891827437099,-1.918036627180045e-07,-4.1541918096836985e-08,0.12499992210488019
27,1784635907.8571928,-0.0005311663359364354,0.3476545659323869,0.28138444044156835,-0.0007870716717623251,0.429,0.0,0.504,1.0,-0.0,0.007,-0.0,0.430628201761029,1.2739631918742488e-05,0.5040039705947035,-1.7894205807811828e-05,7.435115022948845e-08,0.12131879078562759,-1.918036627180045e-07,-4.1541918096836985e-08,0.12499992210488019
27,1784635907.8806381,-0.00015619736167237993,0.3716745789264636,0.28470006613501864,-0.0004938016293396486,0.426,0.0,0.505,1.0,-0.0,0.014,-0.0,0.430628201761029,1.2739631918742488e-05,0.5040039705947035,-1.480947706515452e-05,1.9494663353847605e-07,0.11963819875664554,-1.918036627180045e-07,-4.1541918096836985e-08,0.12499992210488019
29,1784635907.9008586,-1.9046242589668426e-05,0.38738893513368594,0.28529545022196773,-0.000271927285989578,0.424,0.0,0.506,1.0,-0.0,0.021,-0.0,0.430628201761029,1.2739631918742488e-05,0.5040039705947035,-3.3001690992317355e-06,3.443888539439863e-07,0.11801114059379689,-1.918036627180045e-07,-4.1541918096836985e-08,0.12499992210488019
29,1784635907.920968,0.0013048691456536221,0.27770482323426077,0.3281538910242326,0.0003815302314612287,0.421,0.0,0.507,1.0,-0.0,0.028,-0.0,0.430628201761029,1.2739631918742488e-05,0.5040039705947035,1.5732570633053065e-05,5.415092676497715e-07,0.11632631643775047,-1.918036627180045e-07,-4.1541918096836985e-08,0.12499992210488019
31,1784635907.9404774,0.0037355924342164573,0.2538667430368867,0.29063526925083677,0.0011119267526189533,0.417,0.0,0.509,0.999,-0.0,0.037,-0.0,0.430628201761029,1.2739631918742488e-05,0.5040039705947035,4.3826024383175285e-05,7.928962632778411e-07,0.11467766784428943,-1.918036627180045e-07,-4.1541918096836985e-08,0.12499992210488019
31,1784635907.959176,0.001970350070577595,0.3409155286554886,0.2878571345998418,0.0008994483020990741,0.414,0.0,0.511,0.999,-0.0,0.042,-0.0,0.430628201761029,1.2739631918742488e-05,0.5040039705947035,6.789803019556455e-05,1.0091247552964549e-06,0.1135718236541503,-1.918036627180045e-07,-4.1541918096836985e-08,0.12499992210488019
33,1784635907.9794588,0.0012080597848314356,0.34026651892779974,0.28649689961384667,0.0006605658716513439,0.41,0.0,0.513,0.999,-0.0,0.049,-0.0,0.430628201761029,1.2739631918742488e-05,0.5040039705947035,0.00015297272465624926,1.4284847948043728e-06,0.11207969219514663,-1.918036627180045e-07,-4.1541918096836985e-08,0.12499992210488019
33,1784635908.000621,0.002213672903067129,0.26918191004354863,0.2591446052068501,0.0007550090268743103,0.405,0.0,0.517,0.998,-0.0,0.058,0.0,0.430628201761029,1.2739631918742488e-05,0.5040039705947035,0.0003132098373628943,1.879716908409915e-06,0.11119664757038476,-1.918036627180045e-07,-4.1541918096836985e-08,0.12499992210488019
35,1784635908.0188038,0.0002273968044680442,0.33287253848472675,0.2736863901171918,0.00040457731131033985,0.4,0.0,0.521,0.998,-0.0,0.063,0.0,0.430628201761029,1.2739631918742488e-05,0.5040039705947035,0.0005192839844974944,2.41377124393252e-06,0.11072224198666454,-1.918036627180045e-07,-4.1541918096836985e-08,0.12499992210488019
35,1784635908.037565,-0.00011318899503706909,0.3101153789266241,0.2803327594939965,0.0001891373076485081,0.395,0.0,0.525,0.998,-0.0,0.068,0.0,0.4091495160638903,2.7996182118442805e-05,0.5137582935911519,0.0007120794016468297,2.9407941686646827e-06,0.11064070780716365,-1.918036627180045e-07,-4.1541918096836985e-08,0.12499992210488019
37,1784635908.056954,-0.0006373043013480371,0.3054827312498005,0.2811468711851606,1.7838421674049357e-05,0.392,0.0,0.528,0.997,-0.0,0.071,0.0,0.4091495160638903,2.7996182118442805e-05,0.5137582935911519,0.0008371108567870122,3.3283564295304218e-06,0.11073280058522586,-1.918036627180045e-07,-4.1541918096836985e-08,0.12499992210488019
38,1784635908.0843008,-0.0007330918720028418,0.28874161001681437,0.2722877203036277,-0.00013203783969148702,0.386,0.0,0.534,0.997,-0.0,0.078,-0.0,0.4091495160638903,2.7996182118442805e-05,0.5137582935911519,0.0010515777201160748,4.191752408413396e-06,0.11119921997867174,-1.918036627180045e-07,-4.1541918096836985e-08,0.12499992210488019
38,1784635908.1065032,-0.0006770947654700352,0.28139513049234927,0.2794338518651402,-0.00014988678839593638,0.379,0.0,0.54,0.997,-0.0,0.084,-0.0,0.4091495160638903,2.7996182118442805e-05,0.5137582935911519,0.001243691317490913,5.316876515937112e-06,0.11220782104298825,-1.918036627180045e-07,-4.1541918096836985e-08,0.12499992210488019
41,1784635908.1313815,-6.73814486335056e-05,0.2751363005502397,0.24407800793302653,-0.00012773931983489287,0.374,0.0,0.545,0.996,-0.0,0.088,-0.0,0.4091495160638903,2.7996182118442805e-05,0.5137582935911519,0.001373644831449116,6.317463957046695e-06,0.11338478279671713,-1.918036627180045e-07,-4.1541918096836985e-08,0.12499992210488019
41,1784635908.1554728,-0.0001407675921360617,0.26524080827181173,0.2754213533412991,-0.00012458456990637585,0.371,0.0,0.548,0.996,-0.0,0.091,-0.0,0.4091495160638903,2.7996182118442805e-05,0.5137582935911519,0.0014726612468201024,7.26880798948146e-06,0.11465791234861289,-1.918036627180045e-07,-4.1541918096836985e-08,0.12499992210488019
43,1784635908.1753018,-0.0001184070343758987,0.2614246691915534,0.2778555177000864,-7.401375018844486e-05,0.365,0.0,0.554,0.995,-0.0,0.096,-0.0,0.4091495160638903,2.7996182118442805e-05,0.5137582935911519,0.0015627847136505905,8.131239387271005e-06,0.11587454242157788,-1.918036627180045e-07,-4.1541918096836985e-08,0.12499992210488019
43,1784635908.2021017,-0.0002352085657367813,0.1802109361930095,0.2868016065852335,-5.61887522552056e-05,0.361,0.0,0.558,0.995,-0.0,0.1,-0.0,0.3706962048550527,5.83533352959994e-05,0.5478043290403788,0.001699483716296259,9.252826153578693e-06,0.11747000891616532,-1.918036627180045e-07,-4.1541918096836985e-08,0.12499992210488019
45,1784635908.218095,0.001316036428963191,0.20285522261774036,0.24695888680511485,2.6369658643606192e-05,0.353,0.0,0.566,0.994,-0.0,0.106,-0.0,0.3706962048550527,5.83533352959994e-05,0.5478043290403788,0.001904385393603846,1.1328139190668058e-05,0.12033212472806842,-1.918036627180045e-07,-4.1541918096836985e-08,0.12499992210488019
46,1784635908.2354982,0.00147535426442267,0.2107551373484672,0.2453749794396779,1.5037100793395398e-05,0.349,0.0,0.571,0.994,-0.0,0.11,-0.0,0.3706962048550527,5.83533352959994e-05,0.5478043290403788,0.001994181974003681,1.2705485596494213e-05,0.12221928752571301,-1.918036627180045e-07,-4.1541918096836985e-08,0.12499992210488019
47,1784635908.258563,0.0014924507465121175,0.20160878037249463,0.24421562041838557,-1.3418215485273904e-05,0.344,0.0,0.576,0.993,-0.0,0.114,-0.0,0.3706962048550527,5.83533352959994e-05,0.5478043290403788,0.0020911867061191233,1.4193141189676173e-05,0.124263841734386,-1.918036627180045e-07,-4.1541918096836985e-08,0.12499992210488019
47,1784635908.2714455,0.0014947237957698605,0.20089462547832734,0.2422815624920433,-3.1912333331484216e-05,0.341,0.0,0.58,0.993,-0.0,0.117,-0.0,0.3706962048550527,5.83533352959994e-05,0.5478043290403788,0.00218621267476958,1.5524029871089207e-05,0.12612222991757516,-1.918036627180045e-07,-4.1541918096836985e-08,0.12499992210488019
49,1784635908.2942157,-0.0001065910986399023,0.11275721255171921,0.2704278370523008,-8.150906488792393e-05,0.335,0.0,0.587,0.993,-0.0,0.122,-0.0,0.3706962048550527,5.83533352959994e-05,0.5478043290403788,0.0023408090921204073,1.812770958842058e-05,0.12977670920120407,-1.918036627180045e-07,-4.1541918096836985e-08,0.12499992210488019
50,1784635908.3143404,-0.0003525243009358348,0.09775848354180461,0.265228336012528,-7.2017467740642e-05,0.332,0.0,0.591,0.992,-0.0,0.124,-0.0,0.3365404882235652,9.683104891370378e-05,0.5846813174900154,0.0023885227459379803,1.9685258755886552e-05,0.1319149247477568,-1.918036627180045e-07,-4.1541918096836985e-08,0.12499992210488019
51,1784635908.335377,-0.0008247331969444922,0.060521437322752884,0.26519016967418013,-5.7416261500716027e-05,0.326,0.0,0.599,0.992,-0.0,0.129,-0.0,0.3365404882235652,9.683104891370378e-05,0.5846813174900154,0.002393166525474809,2.3034330177323687e-05,0.1362561953076306,-1.918036627180045e-07,-4.1541918096836985e-08,0.12499992210488019
52,1784635908.3567188,0.000263174552474589,0.046176815344493645,0.26565626160962424,-3.4243722649697194e-05,0.322,0.0,0.603,0.991,-0.0,0.131,-0.0,0.3365404882235652,9.683104891370378e-05,0.5846813174900154,0.0023294168288319353,2.5196735597847507e-05,0.1388895790085326,-1.918036627180045e-07,-4.1541918096836985e-08,0.12499992210488019
53,1784635908.37623,0.00038214060233581035,0.02285200863511256,0.2652006936441647,-1.41440078608434e-05,0.318,0.0,0.609,0.991,-0.0,0.134,-0.0,0.3365404882235652,9.683104891370378e-05,0.5846813174900154,0.0021786949989329074,2.8276213856663052e-05,0.14252982515521873,-1.918036627180045e-07,-4.1541918096836985e-08,0.12499992210488019
54,1784635908.3968446,0.00042346018015632374,0.12174912060709764,0.24583293070759157,-3.0105393574311617e-05,0.315,0.0,0.613,0.991,-0.0,0.136,-0.0,0.3365404882235652,9.683104891370378e-05,0.5846813174900154,0.0020332203687337567,3.0741165416007344e-05,0.14536200072474081,-1.918036627180045e-07,-4.1541918096836985e-08,0.12499992210488019
54,1784635908.4158351,0.0004176564664057532,0.14224257157137837,0.24178940073464408,-2.2609894321420955e-05,0.313,0.0,0.617,0.991,-0.0,0.137,-0.0,0.3365404882235652,9.683104891370378e-05,0.5846813174900154,0.0018573022404516938,3.379167544954103e-05,0.14873164689282886,-1.918036627180045e-07,-4.1541918096836985e-08,0.12499992210488019
56,1784635908.4340997,0.0008183649913118187,0.03870390060376307,0.25939952878029043,1.4880567745619547e-05,0.309,0.0,0.623,0.99,-0.0,0.139,-0.0,0.3365404882235652,9.683104891370378e-05,0.5846813174900154,0.001638319689807503,3.751544293474547e-05,0.1526965272171596,-1.918036627180045e-07,-4.1541918096836985e-08,0.12499992210488019
57,1784635908.4499166,-0.00040931147154816584,-0.06220390538812974,0.26534676699511783,3.935650125051638e-05,0.308,0.0,0.627,0.99,-0.0,0.139,-0.0,0.30939791249662635,0.0001499998547463881,0.6229304537055222,0.0014442182177076973,4.047350598117413e-05,0.15573699574433006,-1.918036627180045e-07,-4.1541918096836985e-08,0.12499992210488019
58,1784635908.4718013,-0.0005282837815837239,-0.16063072304043263,0.2695431097986201,1.1604715305452131e-05,0.305,0.0,0.632,0.99,-0.0,0.14,-0.0,0.30939791249662635,0.0001499998547463881,0.6229304537055222,0.0010703398712006513,4.516466038884213e-05,0.16031016474957996,-1.918036627180045e-07,-4.1541918096836985e-08,0.12499992210488019
59,1784635908.501141,0.0005931417261238156,-0.16882688314012628,0.26086439446608456,-4.441571818971413e-05,0.304,0.0,0.635,0.99,-0.0,0.141,-0.0,0.30939791249662635,0.0001499998547463881,0.6229304537055222,0.0008312382532394825,4.790384181035241e-05,0.16282179761852578,-1.918036627180045e-07,-4.1541918096836985e-08,0.12499992210488019
59,1784635908.5292814,-0.00044006773459810526,-0.21311541728517808,0.26543222877053324,7.082283068997059e-06,0.303,0.0,0.639,0.99,-0.0,0.142,-0.0,0.30939791249662635,0.0001499998547463881,0.6229304537055222,0.0004882529001006936,5.19085111748725e-05,0.16630931236285196,-1.918036627180045e-07,-4.1541918096836985e-08,0.12499992210488019
62,1784635908.5568519,0.0006052427697445254,-0.11694339980155455,0.23804922413259508,-3.9212324388085346e-05,0.302,0.0,0.645,0.99,-0.0,0.142,-0.0,0.30939791249662635,0.0001499998547463881,0.6229304537055222,-0.00019132203621623564,5.990058795139008e-05,0.17293455149332732,-1.918036627180045e-07,-4.1541918096836985e-08,0.12499992210488019
62,1784635908.584272,0.0007236487772855556,-0.10385572976023151,0.2322086601201034,-3.3115675063839596e-05,0.302,0.0,0.65,0.99,-0.0,0.141,-0.0,0.30939791249662635,0.0001499998547463881,0.6229304537055222,-0.000606562904322001,6.450683217178349e-05,0.17664946155459368,-1.918036627180045e-07,-4.1541918096836985e-08,0.12499992210488019
65,1784635908.6068563,0.0007239246197783559,-0.17082026375125103,0.24125297739625512,-2.6903190773268463e-05,0.303,0.0,0.654,0.99,-0.0,0.139,-0.0,0.30939791249662635,0.0001499998547463881,0.6229304537055222,-0.0012037426240778437,7.074411505801527e-05,0.1816183150693266,-1.918036627180045e-07,-4.1541918096836985e-08,0.12499992210488019
65,1784635908.627154,-0.00045977897603353426,-0.20618950128615832,0.24281661844784566,2.5951200707550863e-05,0.304,0.0,0.658,0.991,-0.0,0.137,-0.0,0.3021397334365816,0.00020495986158499432,0.6510658463432697,-0.0018315140753441862,7.656929704730553e-05,0.18615623347589208,-1.918036627180045e-07,-4.1541918096836985e-08,0.12499992210488019
67,1784635908.6521764,0.00010316684149426546,-0.1909716276502735,0.2365376446004539,-1.4524833330185942e-05,0.305,0.0,0.661,0.991,-0.0,0.135,-0.0,0.3021397334365816,0.00020495986158499432,0.6510658463432697,-0.0024762896394665505,8.186448966996754e-05,0.19010807414027397,-1.918036627180045e-07,-4.1541918096836985e-08,0.12499992210488019
67,1784635908.6730263,0.00018101751083604242,-0.17979937077066607,0.2270469897378053,-2.093518821541039e-05,0.307,0.0,0.664,0.991,-0.0,0.132,-0.0,0.3021397334365816,0.00020495986158499432,0.6510658463432697,-0.003427685909926391,8.893490973388841e-05,0.19507059555115497,-1.918036627180045e-07,-4.1541918096836985e-08,0.12499992210488019
69,1784635908.693482,0.00017932446159003927,-0.19360073089095337,0.23702295252323083,-2.298386776445928e-05,0.309,0.0,0.665,0.991,-0.0,0.13,-0.0,0.3021397334365816,0.00020495986158499432,0.6510658463432697,-0.004101189779118365,9.381469876814635e-05,0.19823755128609652,-1.918036627180045e-07,-4.1541918096836985e-08,0.12499992210488019
69,1784635908.7127473,-0.0005201149539154784,-0.19959411267354793,0.2488962358777061,3.063426246441403e-05,0.31,0.0,0.667,0.992,-0.0,0.129,-0.0,0.3021397334365816,0.00020495986158499432,0.6510658463432697,-0.0045456595051362,9.714242130800691e-05,0.20023809919168703,-1.918036627180045e-07,-4.1541918096836985e-08,0.12499992210488019
71,1784635908.7374787,-0.000598333687920688,-0.19338327468859995,0.24261933070266972,3.490058761767488e-05,0.312,0.0,0.668,0.992,-0.0,0.127,-0.0,0.3021397334365816,0.00020495986158499432,0.6510658463432697,-0.005328227359142806,0.00010310430326882582,0.2035284102448725,-1.918036627180045e-07,-4.1541918096836985e-08,0.12499992210488019
71,1784635908.7573853,0.0005606419170737355,-0.19786310146635794,0.2436476318104685,-2.8742665640582615e-05,0.315,0.0,0.669,0.992,-0.0,0.124,-0.0,0.3021397334365816,0.00020495986158499432,0.6510658463432697,-0.006367625704609327,0.0001110162940043664,0.20735578494334472,-1.918036627180045e-07,-4.1541918096836985e-08,0.12499992210488019
73,1784635908.7924035,-0.0005829758712202645,-0.1667785003411157,0.24893993497593137,3.1695458534023014e-05,0.319,0.0,0.67,0.993,-0.0,0.122,-0.0,0.3130306745772734,0.0002576764017995567,0.6679884919356678,-0.007193584712059847,0.00011736507799965625,0.2100635799588449,-1.918036627180045e-07,-4.1541918096836985e-08,0.12499992210488019
73,1784635908.8228364,-0.000725703054339046,-0.17540728941858952,0.24478383919190772,3.860633703878706e-05,0.322,0.0,0.67,0.993,-0.0,0.119,-0.0,0.3130306745772734,0.0002576764017995567,0.6679884919356678,-0.008146350611647021,0.00012483186722252946,0.2129146355973666,-1.918036627180045e-07,-4.1541918096836985e-08,0.12499992210488019
76,1784635908.851566,0.00040178594486303166,-0.17473785494152028,0.24801923478185117,-2.15409176605388e-05,0.327,0.0,0.669,0.993,-0.0,0.115,-0.0,0.3130306745772734,0.0002576764017995567,0.6679884919356678,-0.009343471785643308,0.00013447550644049566,0.21613340422203386,-1.918036627180045e-07,-4.1541918096836985e-08,0.12499992210488019
78,1784635908.8838997,-0.0006282654499040699,-0.17778490668524968,0.2473427943052618,3.110670338175618e-05,0.332,0.0,0.669,0.994,-0.0,0.112,-0.0,0.3130306745772734,0.0002576764017995567,0.6679884919356678,-0.01040952650907241,0.00014344613172188845,0.2187449714107835,-1.918036627180045e-07,-4.1541918096836985e-08,0.12499992210488019
78,1784635908.9118023,0.0008745017440933491,-0.2130301838225921,0.24905313922465497,-6.598480258839212e-05,0.337,0.0,0.667,0.994,-0.0,0.109,-0.0,0.3130306745772734,0.0002576764017995567,0.6679884919356678,-0.011554760926431557,0.00015372821081766563,0.2213302966164328,-1.918036627180045e-07,-4.1541918096836985e-08,0.12499992210488019
81,1784635908.9344943,-0.0005738627118734269,-0.10793313636381169,0.2521729158645996,1.7545690919708784e-05,0.343,0.0,0.665,0.994,-0.0,0.105,-0.0,0.3328338541683683,0.0003019425948413185,0.668351339775809,-0.012875557325362946,0.00016647589356070565,0.22401246975465347,-1.918036627180045e-07,-4.1541918096836985e-08,0.12499992210488019
81,1784635908.9566712,-0.0002587826613587882,-0.14321084926421573,0.2526642968363134,2.8083998833813726e-05,0.351,0.0,0.662,0.995,-0.0,0.101,-0.0,0.3328338541683683,0.0003019425948413185,0.668351339775809,-0.014147660994223139,0.00017963615280943421,0.2263370192627304,-1.918036627180045e-07,-4.1541918096836985e-08,0.12499992210488019
83,1784635908.9775326,-0.0006768060625803698,-0.13435537530992284,0.25413338926797807,3.8856561910494367e-05,0.356,0.0,0.659,0.995,-0.0,0.099,-0.0,0.3328338541683683,0.0003019425948413185,0.668351339775809,-0.014956128478260305,0.00018862126192711518,0.22769670056534477,-1.918036627180045e-07,-4.1541918096836985e-08,0.12499992210488019
83,1784635908.998247,-0.000728401963623909,-0.03115467873562544,0.24973631451836198,5.9438024856967215e-05,0.361,0.0,0.656,0.995,-0.0,0.096,-0.0,0.3328338541683683,0.0003019425948413185,0.668351339775809,-0.015720316603385673,0.00019776394598460244,0.22891702944468764,-1.918036627180045e-07,-4.1541918096836985e-08,0.12499992210488019
85,1784635909.0226865,-0.0007151369365730811,-0.13037045174952266,0.259218057214754,3.8090546267924846e-05,0.365,0.0,0.654,0.996,-0.0,0.094,-0.0,0.3328338541683683,0.0003019425948413185,0.668351339775809,-0.016257412233935304,0.00020471828403689058,0.22975020408492774,-1.918036627180045e-07,-4.1541918096836985e-08,0.12499992210488019
85,1784635909.0400949,0.0009521038222514867,-0.22708273766788276,0.299284859142146,-6.542304675068544e-05,0.37,0.0,0.65,0.996,-0.0,0.092,-0.0,0.3328338541683683,0.0003019425948413185,0.668351339775809,-0.016917920618393256,0.00021411120314182154,0.23075929088589675,-1.918036627180045e-07,-4.1541918096836985e-08,0.12499992210488019
87,1784635909.0535045,0.0010092224776608444,-0.1993914078023778,0.3092675085112543,-7.931391168648944e-05,0.375,0.0,0.647,0.996,-0.0,0.09,-0.0,0.3328338541683683,0.0003019425948413185,0.668351339775809,-0.01750937336858967,0.0002236292986640842,0.23164746031702335,-1.918036627180045e-07,-4.1541918096836985e-08,0.12499992210488019
88,1784635909.0771496,0.0010701916959222112,-0.1628456612872673,0.3180955075585845,-8.298285503130924e-05,0.381,0.0,0.643,0.996,-0.0,0.089,-0.0,0.3664792964001623,0.00035580304722875977,0.6529164108663259,-0.018084832943939342,0.0002344697921134968,0.23250113910027137,-1.918036627180045e-07,-4.1541918096836985e-08,0.12499992210488019
89,1784635909.0982478,-0.0005084056886053528,-0.058778363870769415,0.30414499643404913,-9.636404079969152e-05,0.385,0.0,0.64,0.996,-0.0,0.087,-0.0,0.3664792964001623,0.00035580304722875977,0.6529164108663259,-0.01840630244910777,0.00024300597351642358,0.23314281508286883,-1.918036627180045e-07,-4.1541918096836985e-08,0.12499992210488019
89,1784635909.1126509,0.0009496672667472286,-0.14241460333995956,0.31112631933355384,-8.533944251941826e-05,0.389,0.0,0.637,0.996,-0.0,0.086,-0.0,0.3664792964001623,0.00035580304722875977,0.6529164108663259,-0.01851771205510093,0.0002504136579239467,0.2338018821447607,-1.918036627180045e-07,-4.1541918096836985e-08,0.12499992210488019
91,1784635909.1309915,0.0006048759446803572,-0.10652082240359331,0.30519310599803895,-7.591016355832419e-05,0.393,0.0,0.635,0.996,-0.0,0.084,-0.0,0.3664792964001623,0.00035580304722875977,0.6529164108663259,-0.01839481193185736,0.00025917368101760767,0.23480767564665617,-1.918036627180045e-07,-4.1541918096836985e-08,0.12499992210488019
92,1784635909.1537743,0.0005899115902326152,-0.08156225149836355,0.2943895791472267,-5.830367115441102e-05,0.398,0.0,0.633,0.997,-0.0,0.082,-0.0,0.3664792964001623,0.00035580304722875977,0.6529164108663259,-0.017872386795610946,0.00027059659883314145,0.23664834195755982,-1.918036627180045e-07,-4.1541918096836985e-08,0.1264399221048802
93,1784635909.1773932,0.0006313501988904164,0.02047562082995842,0.2902083563069555,-0.00012000737814031284,0.401,0.0,0.632,0.997,-0.0,0.08,-0.0,0.3982737457315956,0.0004089982711684969,0.6329596562833804,-0.01743612557654107,0.00027700316134937446,0.23801145926503758,-1.918036627180045e-07,-4.1541918096836985e-08,0.1264399221048802
94,1784635909.1964014,0.0006379327933303273,0.11993147460195422,0.284345041995387,-9.568362652977644e-05,0.404,0.0,0.632,0.997,-0.0,0.079,-0.0,0.3982737457315956,0.0004089982711684969,0.6329596562833804,-0.016795958409715227,0.00028473431170689914,0.23999907806654386,-1.918036627180045e-07,-4.1541918096836985e-08,0.1264399221048802
95,1784635909.2127323,-0.00026529084047374394,0.09057497599701704,0.27101323288320084,-7.3343273641826e-05,0.408,0.0,0.633,0.997,-0.0,0.077,-0.0,0.3982737457315956,0.0004089982711684969,0.6329596562833804,-0.015918906368932617,0.0002937952017534721,0.24279299004042115,-1.918036627180045e-07,-4.1541918096836985e-08,0.1264399221048802
96,1784635909.2330074,0.000107121890942234,0.18826768151273338,0.27357806823489556,-3.700007347325855e-05,0.412,0.0,0.634,0.997,-0.0,0.075,-0.0,0.3982737457315956,0.0004089982711684969,0.6329596562833804,-0.01482449075669766,0.00030416653317508603,0.24659984073445354,-1.918036627180045e-07,-4.1541918096836985e-08,0.1264399221048802
97,1784635909.2532973,-0.0002901948577456648,0.09398425817732295,0.25714488554112314,-2.9349973824146484e-05,0.414,0.0,0.636,0.997,-0.0,0.075,-0.0,0.3982737457315956,0.0004089982711684969,0.6329596562833804,-0.0139760325980538,0.00031193649331328146,0.24984248030743259,-1.918036627180045e-07,-4.1541918096836985e-08,0.1264399221048802
98,1784635909.2731836,-0.00030932765566806224,0.07094540835040031,0.2498037763405093,-1.4726232259969964e-05,0.418,0.0,0.638,0.997,-0.0,0.074,-0.0,0.3982737457315956,0.0004089982711684969,0.6329596562833804,-0.012706972401662067,0.0003235509796762174,0.25517048312084245,-1.918036627180045e-07,-4.1541918096836985e-08,0.1264399221048802
99,1784635909.2935996,9.689222777977194e-05,0.16914231054642354,0.2635723179092557,-7.399693991384375e-06,0.421,0.0,0.641,0.997,-0.0,0.075,-0.0,0.3982737457315956,0.0004089982711684969,0.6329596562833804,-0.011624863342258741,0.0003338109038560127,0.2602375164569938,-1.918036627180045e-07,-4.1541918096836985e-08,0.1264399221048802
100,1784635909.314024,0.000588729352353948,0.1892055306114675,0.2649895655328618,5.373244571669444e-06,0.424,0.0,0.644,0.997,-0.0,0.076,-0.0,0.3982737457315956,0.0004089982711684969,0.6329596562833804,-0.010517606980800826,0.00034525238561653577,0.2661243416637913,-1.918036627180045e-07,-4.1541918096836985e-08,0.1278799221048802
101,1784635909.3309224,-0.0005595326262342807,0.2554611525205989,0.27216628810693716,4.103911547384513e-05,0.426,0.0,0.646,0.997,-0.0,0.077,-0.0,0.42182567361757656,0.0004690905945203438,0.6417129355707416,-0.009781785954721942,0.00035405726071810126,0.27071588179576367,-1.918036627180045e-07,-4.1541918096836985e-08,0.1278799221048802
102,1784635909.3525162,-0.0006708633889704406,0.24281496902685884,0.2729879655928277,8.317818277125044e-05,0.428,0.0,0.649,0.997,-0.0,0.079,-0.0,0.42182567361757656,0.0004690905945203438,0.6417129355707416,-0.009162561218411186,0.0003627724533507363,0.2752920545646209,-1.918036627180045e-07,-4.1541918096836985e-08,0.1278799221048802
103,1784635909.371506,0.000506342984011073,0.19019111302665928,0.2669154873187525,0.0002781182209194606,0.43,0.0,0.651,0.997,-0.0,0.08,-0.0,0.42182567361757656,0.0004690905945203438,0.6417129355707416,-0.008723267817334124,0.00037016798440922446,0.27920194348728,-1.918036627180045e-07,-4.1541918096836985e-08,0.1278799221048802
104,1784635909.3931208,0.001439657779709281,0.23423286125079715,0.23009335491537786,0.0003303403596334543,0.431,0.001,0.654,0.997,-0.0,0.082,0.0,0.42182567361757656,0.0004690905945203438,0.6417129355707416,-0.00842273183529655,0.00037627528484194097,0.2824621677980573,-1.918036627180045e-07,-4.1541918096836985e-08,0.1278799221048802
105,1784635909.4130535,0.0026129585515137213,0.1513975023059883,0.2507601098790475,0.00038528006635568906,0.432,0.001,0.656,0.996,-0.0,0.084,0.0,0.42182567361757656,0.0004690905945203438,0.6417129355707416,-0.00810046811218744,0.00038473723775963225,0.28703856566434216,-1.918036627180045e-07,-4.1541918096836985e-08,0.1278799221048802
106,1784635909.4315794,0.0016401243483124054,0.2027605210388811,0.2404399074996627,0.0002878388662467915,0.433,0.001,0.658,0.996,-0.0,0.086,0.0,0.42182567361757656,0.0004690905945203438,0.6417129355707416,-0.007939451518012505,0.00039071678192593984,0.2903069219993023,-1.918036627180045e-07,-4.1541918096836985e-08,0.1296372814177609
107,1784635909.4555786,0.0014272704805080145,0.1768968921189544,0.24784770980725812,0.0002448603288745544,0.434,0.001,0.66,0.996,-0.0,0.088,0.0,0.42182567361757656,0.0004690905945203438,0.6417129355707416,-0.0078365868953903,0.00039664242219552165,0.2935168356070186,-1.918036627180045e-07,-4.1541918096836985e-08,0.1296372814177609
108,1784635909.4841685,0.0024065122300055562,0.07666918240631632,0.23552423715472726,0.0002486681002240296,0.435,0.001,0.662,0.996,-0.0,0.091,0.0,0.43366874778999887,0.0005198586316879407,0.658647430447994,-0.007799033420101417,0.0004036799541713434,0.2972060973409095,-1.918036627180045e-07,-4.1541918096836985e-08,0.1296372814177609
108,1784635909.5252926,0.0025099096726259127,0.06550521167635809,0.24539876906047955,0.00028216628065735845,0.437,0.001,0.666,0.995,-0.0,0.095,0.0,0.43366874778999887,0.0005198586316879407,0.658647430447994,-0.007964540823359434,0.0004152198067631379,0.30293264430557887,-1.918036627180045e-07,-4.1541918096836985e-08,0.1296372814177609
112,1784635909.5613937,0.0016745856340063385,-0.036079500858033464,0.22942774862837018,0.00026288350690787445,0.439,0.001,0.673,0.995,-0.0,0.103,0.0,0.43366874778999887,0.0005198586316879407,0.658647430447994,-0.009157035914718316,0.00043643526150910397,0.3122885013889422,-1.918036627180045e-07,-4.1541918096836985e-08,0.1296372814177609
112,1784635909.5903816,0.0002810108962143904,0.051927736426534254,0.25893325614895385,0.00010831134660254789,0.44,0.001,0.676,0.994,-0.0,0.106,0.0,0.43366874778999887,0.0005198586316879407,0.658647430447994,-0.010500329192869492,0.00045156194483997493,0.3174764387591091,-1.918036627180045e-07,-4.1541918096836985e-08,0.1296372814177609
115,1784635909.6184576,0.00029639537647525264,0.09580560188579998,0.23771147304328843,-1.001546852734373e-06,0.441,0.001,0.677,0.994,-0.0,0.107,0.0,0.43366874778999887,0.0005198586316879407,0.658647430447994,-0.01135250028967924,0.00046004097389680505,0.3197547575765983,-1.918036627180045e-07,-4.1541918096836985e-08,0.1326372814177609
115,1784635909.6411355,0.0001421484645597685,0.16478814670815578,0.2602510013725202,-7.066072060611963e-05,0.441,0.001,0.678,0.994,-0.0,0.107,0.0,0.44038446374119505,0.0005834367847481984,0.6762165171436367,-0.012165863584805115,0.0004673544243072258,0.3213463792041185,-1.918036627180045e-07,-4.1541918096836985e-08,0.1326372814177609
117,1784635909.6649106,-0.00013907130889127242,0.1270951795525161,0.23859399907093298,-0.00010916206825361669,0.442,0.001,0.679,0.994,-0.0,0.108,0.0,0.44038446374119505,0.0005834367847481984,0.6762165171436367,-0.01288077591135686,0.00047355269073577676,0.3224602240213141,-1.918036627180045e-07,-4.1541918096836985e-08,0.1326372814177609
117,1784635909.679687,0.00031539240779522235,0.12385797567881912,0.2594908764726961,-0.00012936423635412142,0.442,0.001,0.679,0.994,0.0,0.108,0.0,0.44038446374119505,0.0005834367847481984,0.6762165171436367,-0.014055819611564683,0.0004837549564167086,0.32381663269628175,-1.918036627180045e-07,-4.1541918096836985e-08,0.1326372814177609
119,1784635909.694549,0.0013804036190567114,0.14462354206939684,0.2456857332175442,-7.309458267296752e-05,0.442,0.001,0.679,0.994,0.0,0.108,0.0,0.44038446374119505,0.0005834367847481984,0.6762165171436367,-0.014635750579906176,0.0004887954639366913,0.32426473342019374,-1.918036627180045e-07,-4.1541918096836985e-08,0.1326372814177609
120,1784635909.7109022,0.0009322716622266396,0.08595159419317652,0.25866675278228546,-4.840787911389013e-05,0.442,0.001,0.679,0.994,0.0,0.109,0.0,0.44038446374119505,0.0005834367847481984,0.6762165171436367,-0.01551813736236109,0.0004967865209241081,0.3246908731733026,-1.918036627180045e-07,-4.1541918096836985e-08,0.1326372814177609
121,1784635909.733974,0.0014104412607680362,0.11544716122532954,0.24896177332351233,-3.0772815463537356e-05,0.442,0.001,0.679,0.994,0.0,0.11,0.0,0.44038446374119505,0.0005834367847481984,0.6762165171436367,-0.01622993312378703,0.0005037093983437742,0.3247802086779899,-1.918036627180045e-07,-4.1541918096836985e-08,0.1326372814177609
122,1784635909.7617142,0.001389820926882051,0.10683810450039004,0.2568692522377369,-2.2925534014380877e-05,0.442,0.001,0.679,0.994,0.0,0.11,0.0,0.44038446374119505,0.0005834367847481984,0.6762165171436367,-0.016513077213321892,0.0005066583406762517,0.3247421283250449,-1.918036627180045e-07,-4.1541918096836985e-08,0.13708436714714578
122,1784635909.7843127,0.0007688034294581666,0.11506974690819599,0.2503566874956472,-2.24838421919126e-05,0.442,0.001,0.679,0.994,0.0,0.111,0.0,0.44038446374119505,0.0005834367847481984,0.6762165171436367,-0.017027343181725697,0.0005125289591258396,0.3245334596905421,-1.918036627180045e-07,-4.1541918096836985e-08,0.13708436714714578
125,1784635909.80401,0.000650684709250279,0.17746274372836768,0.26305133328275504,-2.0449422325812763e-05,0.441,0.001,0.678,0.994,0.0,0.113,0.0,0.4421786761055354,0.0006415913079762441,0.6791119815467076,-0.017714257577266454,0.000522244699737005,0.3237824771987693,-1.918036627180045e-07,-4.1541918096836985e-08,0.13708436714714578
125,1784635909.826067,0.0013058644178114676,0.10714211360109882,0.26040931123727384,9.665728281489988e-06,0.441,0.001,0.677,0.993,0.0,0.114,0.0,0.4421786761055354,0.0006415913079762441,0.6791119815467076,-0.017979052114768575,0.0005270744531819649,0.3232171746246646,-1.918036627180045e-07,-4.1541918096836985e-08,0.13708436714714578
127,1784635909.845185,0.0007118107895245879,0.17921449750731208,0.2557038091089086,-2.8976460464898743e-07,0.441,0.001,0.676,0.993,0.0,0.115,0.0,0.4421786761055354,0.0006415913079762441,0.6791119815467076,-0.018227807167442298,0.0005328498134872987,0.3223815822560435,-1.918036627180045e-07,-4.1541918096836985e-08,0.13708436714714578
127,1784635909.8666568,0.0008665411128415248,0.09541534573665206,0.2693753484441594,1.0414435458309672e-05,0.44,0.001,0.676,0.993,0.0,0.117,0.0,0.4421786761055354,0.0006415913079762441,0.6791119815467076,-0.018419364395773425,0.0005395672004219018,0.3212020362621076,-1.918036627180045e-07,-4.1541918096836985e-08,0.13708436714714578
129,1784635909.8876193,0.0002825544793949831,0.15298037249497076,0.250881410218192,9.01574861290369e-07,0.44,0.001,0.675,0.993,0.0,0.118,0.0,0.4421786761055354,0.0006415913079762441,0.6791119815467076,-0.018486078961210173,0.0005453172934608267,0.32004373046884327,-1.918036627180045e-07,-4.1541918096836985e-08,0.13708436714714578
129,1784635909.9109414,0.0001365321672057201,0.11300321314697073,0.2679481396852389,2.0083516598108759e-07,0.439,0.001,0.674,0.993,0.0,0.119,0.0,0.4421786761055354,0.0006415913079762441,0.6791119815467076,-0.018440155519387866,0.0005529828619230398,0.31830985495906033,-1.918036627180045e-07,-4.1541918096836985e-08,0.13708436714714578
131,1784635909.9260612,0.00016195440876475576,0.11802067071235613,0.2529101205295386,4.030877818317744e-06,0.438,0.001,0.672,0.993,0.0,0.121,0.0,0.4421786761055354,0.0006415913079762441,0.6791119815467076,-0.0182819428548823,0.0005596978819257137,0.31663678130002926,-1.918036627180045e-07,-4.1541918096836985e-08,0.14308436714714579
131,1784635909.9427629,0.00020466334617795604,0.1279895976305404,0.26517404520882093,3.10153618174174e-06,0.438,0.001,0.672,0.992,0.0,0.122,0.0,0.4391270840243042,0.0006830345154603878,0.6738380233609862,-0.018143295196747528,0.0005635421952932796,0.3156290248221722,-1.918036627180045e-07,-4.1541918096836985e-08,0.14308436714714579
132,1784635909.960986,0.0002183077991629194,0.10454268207255088,0.25872137927012423,4.287799450085516e-06,0.437,0.001,0.671,0.992,0.0,0.123,0.0,0.4391270840243042,0.0006830345154603878,0.6738380233609862,-0.018023622505063265,0.0005664284716906771,0.31484736273323205,-1.918036627180045e-07,-4.1541918096836985e-08,0.14308436714714579
132,1784635909.9758642,0.00021082752961668725,0.11482609037141138,0.2613845599863305,5.1271071608389854e-06,0.437,0.001,0.67,0.992,0.0,0.124,0.0,0.4391270840243042,0.0006830345154603878,0.6738380233609862,-0.01780038586832911,0.0005712456451887501,0.3134978892068106,-1.918036627180045e-07,-4.1541918096836985e-08,0.14308436714714579
134,1784635910.0002873,0.00021541696117549769,0.1100719507242629,0.259584031800084,4.743198033198918e-06,0.436,0.001,0.669,0.992,0.0,0.125,0.0,0.4391270840243042,0.0006830345154603878,0.6738380233609862,-0.017597440441924093,0.0005751083348018212,0.31238347808297173,-1.918036627180045e-07,-4.1541918096836985e-08,0.14308436714714579
134,1784635910.017505,0.000684450691141045,0.1077559460448892,0.25890580033702865,8.028661627565111e-06,0.435,0.001,0.668,0.992,0.0,0.127,0.0,0.4391270840243042,0.0006830345154603878,0.6738380233609862,-0.017142549715372345,0.0005828614710494602,0.31007302934663267,-1.918036627180045e-07,-4.1541918096836985e-08,0.14308436714714579
136,1784635910.0363007,0.00024828950279197126,0.02425405561030196,0.27437016947731285,7.441136695269162e-05,0.434,0.001,0.666,0.992,0.0,0.129,0.0,0.4391270840243042,0.0006830345154603878,0.6738380233609862,-0.016539081471527158,0.0005926092090492524,0.30706783391231296,-1.918036627180045e-07,-4.1541918096836985e-08,0.14308436714714579
136,1784635910.0564036,0.0007121079344159906,0.0694449698487906,0.25421041594566607,4.911113676938251e-05,0.433,0.001,0.664,0.991,0.0,0.131,0.0,0.4391270840243042,0.0006830345154603878,0.6738380233609862,-0.015972955228532017,0.0006024234197969145,0.3039448431012474,-1.918036627180045e-07,-4.1541918096836985e-08,0.14308436714714579
138,1784635910.0756028,0.0007049869560199959,0.031752207387342156,0.2702098746114297,3.302002767631674e-05,0.431,0.001,0.662,0.991,0.0,0.133,0.0,0.4391270840243042,0.0006830345154603878,0.6738380233609862,-0.015575807591687538,0.0006113116847626423,0.30106821711929765,-1.918036627180045e-07,-4.1541918096836985e-08,0.1506372814177609
139,1784635910.0931568,0.0007338151190781478,0.027458335333299617,0.2577966320219176,2.2267544249913405e-05,0.431,0.001,0.661,0.991,0.0,0.134,0.0,0.4391270840243042,0.0006830345154603878,0.6738380233609862,-0.015363287511356087,0.000617271350871056,0.2991252898059467,-1.918036627180045e-07,-4.1541918096836985e-08,0.1506372814177609
140,1784635910.1150582,0.0003709207313634729,-0.03114152529538626,0.2738295425504709,1.087616446658644e-05,0.43,0.001,0.659,0.991,0.0,0.135,0.0,0.43338924481484886,0.0007011442490296875,0.6652856495125334,-0.01519574233750871,0.0006232585806982884,0.2971573412722164,-1.918036627180045e-07,-4.1541918096836985e-08,0.1506372814177609
141,1784635910.133773,0.0003633723264025558,0.0008634548466892045,0.254674380167111,1.6421982719225573e-06,0.43,0.001,0.658,0.991,0.0,0.136,0.0,0.43338924481484886,0.0007011442490296875,0.6652856495125334,-0.015060800750451792,0.0006302770455293425,0.29483228382526383,-1.918036627180045e-07,-4.1541918096836985e-08,0.1506372814177609
142,1784635910.1542876,0.0008048085753098518,0.014451427863835957,0.2642490505432916,-5.579751541701659e-06,0.429,0.001,0.656,0.991,0.0,0.136,0.0,0.43338924481484886,0.0007011442490296875,0.6652856495125334,-0.014983866194599904,0.0006383385448768793,0.2921389379778821,-1.918036627180045e-07,-4.1541918096836985e-08,0.1506372814177609
143,1784635910.174978,-0.0007413873773461611,-0.017400237638065467,0.2682264830481627,-4.5074868003397974e-07,0.429,0.001,0.655,0.991,0.0,0.137,0.0,0.43338924481484886,0.0007011442490296875,0.6652856495125334,-0.014972262538885533,0.0006454224675433458,0.2897555743990099,-1.918036627180045e-07,-4.1541918096836985e-08,0.1506372814177609
144,1784635910.1929395,0.000733599655274107,0.010187639759645685,0.252564666062963,-9.546261043021158e-06,0.428,0.001,0.654,0.991,0.0,0.137,0.0,0.43338924481484886,0.0007011442490296875,0.6652856495125334,-0.014989320248041388,0.0006494796443361632,0.28837667420226365,-1.918036627180045e-07,-4.1541918096836985e-08,0.1596372814177609
145,1784635910.2140882,0.0008260123928716999,0.011961898271440898,0.2953495972297654,-9.853579957948184e-06,0.428,0.001,0.653,0.991,0.0,0.137,0.0,0.43338924481484886,0.0007011442490296875,0.6652856495125334,-0.015035609165870635,0.0006545568387413332,0.2866354738191417,-1.918036627180045e-07,-4.1541918096836985e-08,0.1596372814177609
146,1784635910.23615,0.0011686655982374357,-0.019758680930517553,0.3068903837608067,-1.3393857995319744e-05,0.428,0.001,0.652,0.991,0.0,0.137,0.0,0.42821634093548405,0.000684444702027104,0.6535146842899995,-0.015139842127585127,0.0006616678815743368,0.284196556994206,-1.918036627180045e-07,-4.1541918096836985e-08,0.1596372814177609
146,1784635910.257972,0.001193087884949028,-0.030341264496276207,0.31213942441277587,-1.79181405863461e-05,0.428,0.001,0.651,0.991,0.0,0.137,0.0,0.42821634093548405,0.000684444702027104,0.6535146842899995,-0.015198552512514734,0.0006647133013528031,0.28315415958777174,-1.918036627180045e-07,-4.1541918096836985e-08,0.1596372814177609
148,1784635910.2720766,0.001205594882613456,-0.022313045750170686,0.30796282855417173,-2.317114011198686e-05,0.428,0.001,0.649,0.991,0.0,0.137,0.0,0.42821634093548405,0.000684444702027104,0.6535146842899995,-0.015339468711380155,0.000671804012098726,0.2807893983912843,-1.918036627180045e-07,-4.1541918096836985e-08,0.1596372814177609
149,1784635910.2916267,0.001206930699350663,-0.01628849861458646,0.3046524597816826,-2.6308870168423116e-05,0.428,0.001,0.648,0.991,0.0,0.137,0.0,0.42821634093548405,0.000684444702027104,0.6535146842899995,-0.015393266429776814,0.0006788537830147124,0.2786377859442426,-1.918036627180045e-07,-4.1541918096836985e-08,0.1596372814177609
150,1784635910.3155017,-0.00039626474046403374,-0.025048084238397758,0.3073413719508305,-1.247583364178043e-05,0.428,0.001,0.647,0.991,0.0,0.137,0.0,0.42821634093548405,0.000684444702027104,0.6535146842899995,-0.015343219322588218,0.0006828515542746488,0.2775471838296443,-1.918036627180045e-07,-4.1541918096836985e-08,0.1596372814177609
151,1784635910.334669,0.001097338062825942,-0.01630889808052445,0.3044730809039401,-2.253917173729584e-05,0.428,0.001,0.647,0.991,0.0,0.137,0.0,0.42821634093548405,0.000684444702027104,0.6535146842899995,-0.015232619062486227,0.0006868174857779537,0.2765982113736449,-1.918036627180045e-07,-4.1541918096836985e-08,0.1596372814177609
152,1784635910.3521905,-0.0003919155599755866,-0.010759899397105432,0.3014550159383149,-1.2243031819872359e-05,0.428,0.001,0.647,0.991,0.0,0.137,0.0,0.42821634093548405,0.000684444702027104,0.6535146842899995,-0.01487381535399842,0.0006946191233875337,0.2752589589216866,-1.918036627180045e-07,-4.1541918096836985e-08,0.1596372814177609
153,1784635910.3724422,-0.000495575739410494,-0.005411122172609006,0.2994695585859844,-6.800372820079534e-06,0.428,0.001,0.647,0.991,0.0,0.137,0.0,0.42821634093548405,0.000684444702027104,0.6535146842899995,-0.01451022230028715,0.0007003198495353212,0.2748199285273491,-1.918036627180045e-07,-4.1541918096836985e-08,0.16987992210488018
154,1784635910.3932712,-0.002086772516202071,0.017221700177631298,0.2875759445679998,8.669196408949193e-06,0.428,0.001,0.648,0.991,0.0,0.137,0.0,0.42821634093548405,0.000684444702027104,0.6535146842899995,-0.01408130324182683,0.0007058531288977938,0.27491807036953253,-1.918036627180045e-07,-4.1541918096836985e-08,0.16987992210488018
155,1784635910.4164646,-0.0017570834815175526,0.0157884386100345,0.2805763634805456,1.87073506657377e-05,0.429,0.001,0.65,0.991,0.0,0.136,0.0,0.4278374942270954,0.0006362140437597141,0.6467580352771901,-0.013279303802716962,0.000714603053729469,0.2763502890026016,-1.918036627180045e-07,-4.1541918096836985e-08,0.16987992210488018
156,1784635910.433804,-0.0017307054040835144,0.021464788372873602,0.2767818081315608,2.6057281904806788e-05,0.429,0.001,0.651,0.991,0.0,0.136,0.0,0.4278374942270954,0.0006362140437597141,0.6467580352771901,-0.012940134919938581,0.0007179049388772379,0.27736801184371257,-1.918036627180045e-07,-4.1541918096836985e-08,0.16987992210488018
157,1784635910.4556015,-0.0012795188536571978,0.02914499066271106,0.2708928095191165,2.933863612416216e-05,0.429,0.001,0.653,0.991,0.0,0.136,0.0,0.4278374942270954,0.0006362140437597141,0.6467580352771901,-0.012415913528441794,0.000722613508985205,0.27932620602694097,-1.918036627180045e-07,-4.1541918096836985e-08,0.16987992210488018
158,1784635910.4749427,-0.00024658737864253523,0.003655784206142803,0.23698968059327347,2.34628305473637e-05,0.429,0.001,0.656,0.991,0.0,0.136,0.0,0.4278374942270954,0.0006362140437597141,0.6467580352771901,-0.011794540940260646,0.0007277004069197662,0.28218121078752745,-1.918036627180045e-07,-4.1541918096836985e-08,0.16987992210488018
159,1784635910.5066006,0.0004631685251775676,-0.012388559196408255,0.26717241420766036,1.450068566580205e-05,0.43,0.001,0.659,0.991,0.0,0.136,0.0,0.4278374942270954,0.0006362140437597141,0.6467580352771901,-0.011176657628453436,0.0007323063388391006,0.2855400522863223,-1.918036627180045e-07,-4.1541918096836985e-08,0.16987992210488018
159,1784635910.5323832,0.0005018994750789729,-0.010811110777840513,0.2370450690013605,1.1734676775054716e-05,0.43,0.001,0.663,0.991,0.0,0.136,0.0,0.4278374942270954,0.0006362140437597141,0.6467580352771901,-0.010510452137983768,0.0007369330526990153,0.28984220896421237,-1.918036627180045e-07,-4.1541918096836985e-08,0.16987992210488018
162,1784635910.5583353,0.0005009815627813696,-0.02032643012857821,0.26665391325003873,9.9385396333858e-06,0.431,0.001,0.666,0.991,0.0,0.136,0.0,0.4278374942270954,0.0006362140437597141,0.6467580352771901,-0.010003471943553952,0.0007408613727720261,0.2944334862160567,-1.918036627180045e-07,-4.1541918096836985e-08,0.1810760745275868
162,1784635910.5872138,0.000511013689281148,-0.03012236432274299,0.23800897100907473,8.67951812237968e-06,0.431,0.001,0.669,0.991,0.0,0.137,0.0,0.4278374942270954,0.0006362140437597141,0.6467580352771901,-0.009688326491515025,0.0007436721376944458,0.29860550024154336,-1.918036627180045e-07,-4.1541918096836985e-08,0.1810760745275868
165,1784635910.6183338,-0.001007732576129248,-0.10005719035595026,0.26580232040181656,1.4467280868161838e-05,0.432,0.0,0.674,0.991,0.0,0.137,0.0,0.430304337579423,0.0005347858245685917,0.6631097041279709,-0.009224735640087469,0.0007472352961658421,0.3062260408417024,-1.918036627180045e-07,-4.1541918096836985e-08,0.1810760745275868
165,1784635910.6441138,0.003459207174362131,-0.11530401709161543,0.2405165838519977,0.000935545651787162,0.433,0.0,0.677,0.991,0.0,0.137,0.0,0.430304337579423,0.0005347858245685917,0.6631097041279709,-0.008910276126348482,0.000748406913692196,0.311668513695767,-1.918036627180045e-07,-4.1541918096836985e-08,0.1810760745275868
167,1784635910.6731744,0.007152851450187869,-0.13026633557964343,0.24743543573145516,0.0027783847515830606,0.434,0.0,0.68,0.991,0.0,0.137,0.0,0.430304337579423,0.0005347858245685917,0.6631097041279709,-0.008732336935268849,0.0007481168654696037,0.3166348060583722,-1.918036627180045e-07,-4.1541918096836985e-08,0.1810760745275868
169,1784635910.7087173,0.0033518876170825253,-0.09610896179293088,0.25910390472895783,0.0022915661105917893,0.435,0.0,0.682,0.991,-0.0,0.136,0.0,0.430304337579423,0.0005347858245685917,0.6631097041279709,-0.008687596989066272,0.000746722540655415,0.320284466798435,-1.918036627180045e-07,-4.1541918096836985e-08,0.1810760745275868
169,1784635910.748859,0.0041039162088796505,-0.1014506975292642,0.24737576969311426,0.0029703120137558104,0.437,0.0,0.684,0.991,-0.0,0.136,0.001,0.430304337579423,0.0005347858245685917,0.6631097041279709,-0.008771087034592407,0.0007434762290946533,0.32432930163302415,-1.918036627180045e-07,-4.1541918096836985e-08,0.19287162948532122
173,1784635910.779267,3.2872505963121856e-06,-0.12095746177728134,0.24448896037898682,0.0026539593136294215,0.44,0.0,0.687,0.991,-0.0,0.133,0.001,0.43499512226747006,0.00040416915254375504,0.6813323319628991,-0.009215211998974735,0.0007338299443108526,0.3298382986460536,-1.918036627180045e-07,-4.1541918096836985e-08,0.19287162948532122
173,1784635910.8118296,-0.00028046290069318885,-0.10582061128618173,0.25647636811588775,0.002365639083060639,0.441,0.0,0.689,0.991,-0.0,0.132,0.001,0.43499512226747006,0.00040416915254375504,0.6813323319628991,-0.009617189850073728,0.0007254643363888115,0.3324635652746315,-1.918036627180045e-07,-4.1541918096836985e-08,0.19287162948532122
176,1784635910.8413734,-0.00016027789740980013,-0.10466963043763289,0.24920062288132025,0.002093910663784294,0.444,0.0,0.69,0.992,-0.0,0.13,0.001,0.43499512226747006,0.00040416915254375504,0.6813323319628991,-0.010241715714981704,0.000713829770590039,0.33495763467401435,-1.918036627180045e-07,-4.1541918096836985e-08,0.19287162948532122
176,1784635910.8733876,-0.0038498262463422667,-0.10590872206054022,0.25251259917900243,0.0006929266741431915,0.446,0.0,0.69,0.992,-0.0,0.128,0.0,0.43499512226747006,0.00040416915254375504,0.6813323319628991,-0.010914015088627401,0.0007009801351610987,0.3368977728803669,-1.918036627180045e-07,-4.1541918096836985e-08,0.20487162948532123
179,1784635910.9051516,-0.0010571009950717867,-0.0034273336997236448,0.26261153433987783,0.00017560542438963174,0.448,0.0,0.69,0.992,-0.0,0.126,0.0,0.44355187373634075,0.00031847629418271464,0.6896731438269292,-0.011784870725044595,0.0006809419041008521,0.3390620957538845,-1.918036627180045e-07,-4.1541918096836985e-08,0.20487162948532123
179,1784635910.922385,0.0002194460528252176,0.023956965146167075,0.2563735953144012,-0.00010041366889605599,0.45,0.0,0.69,0.992,-0.0,0.124,0.0,0.44355187373634075,0.00031847629418271464,0.6896731438269292,-0.012371459210025694,0.0006630254650280966,0.34039602589114426,-1.918036627180045e-07,-4.1541918096836985e-08,0.20487162948532123
181,1784635910.9406211,-0.000134246789671461,0.021658226631985404,0.26270708782151253,-0.00046695044676505376,0.451,0.0,0.69,0.992,-0.0,0.123,0.0,0.44355187373634075,0.00031847629418271464,0.6896731438269292,-0.012570670324321392,0.0006552657933595077,0.3408424342150481,-1.918036627180045e-07,-4.1541918096836985e-08,0.20487162948532123
181,1784635910.9594898,0.0003142130179157015,0.020665663545813368,0.2590542626207557,-0.0006235401467964495,0.451,0.0,0.689,0.992,-0.0,0.122,0.0,0.44355187373634075,0.00031847629418271464,0.6896731438269292,-0.01274226087302446,0.0006471724078575536,0.34124073829966106,-1.918036627180045e-07,-4.1541918096836985e-08,0.20487162948532123
183,1784635910.9785764,0.0007794590353131083,0.04814230454889395,0.26090478515123705,-0.0005269883992310315,0.452,0.0,0.689,0.993,-0.0,0.121,0.0,0.44355187373634075,0.00031847629418271464,0.6896731438269292,-0.012934596502186289,0.0006344147638867605,0.341752267993938,-1.918036627180045e-07,-4.1541918096836985e-08,0.20487162948532123
183,1784635910.9986565,0.0008314295317598451,-0.0037762282570108427,0.2622895302533631,-0.0005242950572550754,0.453,0.0,0.688,0.993,-0.0,0.121,0.0,0.44355187373634075,0.00031847629418271464,0.6896731438269292,-0.013041797067705072,0.0006209367321080286,0.3421593882753802,-1.918036627180045e-07,-4.1541918096836985e-08,0.2168716294853212
185,1784635911.0189126,0.0007419436454865924,0.09466924524747836,0.2656261888541007,-0.0004106187693838038,0.454,0.0,0.687,0.993,-0.0,0.12,0.0,0.4521737957940593,0.000305761264124475,0.6886328168098079,-0.013023269346909198,0.0005994225784786462,0.3425779073654553,-1.918036627180045e-07,-4.1541918096836985e-08,0.2168716294853212
185,1784635911.0388494,0.0023739712973161542,0.05571701638008158,0.26630899847531525,-0.00023881663472780201,0.455,0.0,0.686,0.993,-0.0,0.12,0.0,0.4521737957940593,0.000305761264124475,0.6886328168098079,-0.012860275836758004,0.0005816694904780671,0.34274836317960866,-1.918036627180045e-07,-4.1541918096836985e-08,0.2168716294853212
187,1784635911.067267,0.0008890281330488578,0.1046725913614154,0.2629599973608204,-9.96677160932181e-05,0.455,0.0,0.686,0.993,-0.0,0.12,0.0,0.4521737957940593,0.000305761264124475,0.6886328168098079,-0.01266613338846271,0.000568472293436152,0.34279356991183163,-1.918036627180045e-07,-4.1541918096836985e-08,0.2168716294853212
187,1784635911.085621,0.0007765118393757196,0.10832158335880507,0.26461722362350854,2.0481746137292558e-07,0.456,0.0,0.684,0.993,-0.0,0.121,0.0,0.4521737957940593,0.000305761264124475,0.6886328168098079,-0.011936500376931215,0.000535163961128817,0.34268594735942953,-1.918036627180045e-07,-4.1541918096836985e-08,0.2168716294853212
190,1784635911.1007872,0.0014305798807967775,0.07925318985695791,0.26443678844735236,7.124424174658874e-05,0.457,0.0,0.684,0.993,-0.0,0.121,0.0,0.4521737957940593,0.000305761264124475,0.6886328168098079,-0.01152466425148402,0.0005206568737562917,0.34256374452160554,-1.918036627180045e-07,-4.1541918096836985e-08,0.2168716294853212
190,1784635911.1172566,0.0009951213265875177,0.0036055379823961425,0.2679483688914914,0.00017885676976487578,0.457,0.0,0.683,0.993,-0.0,0.121,0.0,0.4521737957940593,0.000305761264124475,0.6886328168098079,-0.011158710047507535,0.0005088080149694358,0.34243920419443136,-1.918036627180045e-07,-4.1541918096836985e-08,0.2168716294853212
190,1784635911.1349163,0.0009649806886324826,-0.016188347717249297,0.2652511781388891,0.00016886356145988038,0.457,0.0,0.683,0.993,-0.0,0.122,0.0,0.4521737957940593,0.000305761264124475,0.6886328168098079,-0.010564588419181276,0.000490658905954231,0.3422128196757655,-1.918036627180045e-07,-4.1541918096836985e-08,0.2288716294853212
192,1784635911.1553502,-0.00021359383029290354,0.08126031448236663,0.260988540004488,9.070677172677167e-05,0.457,0.0,0.682,0.992,-0.0,0.123,0.0,0.4570408272112623,0.0003433531139916756,0.6829697945346336,-0.009932043492711847,0.00047209768162263213,0.3419429238600343,-1.918036627180045e-07,-4.1541918096836985e-08,0.2288716294853212
193,1784635911.1763866,-0.00010100189570175634,-0.01581515446457417,0.2682066757304639,5.278867878728603e-05,0.458,0.0,0.681,0.992,-0.0,0.124,0.0,0.4570408272112623,0.0003433531139916756,0.6829697945346336,-0.009167990779900523,0.00044998059250489497,0.3415801868696826,-1.918036627180045e-07,-4.1541918096836985e-08,0.2288716294853212
194,1784635911.19704,0.0008681574784503083,0.04630347987649039,0.25958325911447644,1.9482142271620755e-05,0.458,0.0,0.681,0.992,-0.0,0.125,0.0,0.4570408272112623,0.0003433531139916756,0.6829697945346336,-0.00862026051963873,0.00043391411738916336,0.3412953117755421,-1.918036627180045e-07,-4.1541918096836985e-08,0.2288716294853212
194,1784635911.2191982,0.0009043069782251758,0.05269966104658623,0.26610523634538236,4.551406883600327e-06,0.458,0.0,0.68,0.992,-0.0,0.125,0.0,0.4570408272112623,0.0003433531139916756,0.6829697945346336,-0.00818782822308489,0.0004209206240062316,0.3410481722545221,-1.918036627180045e-07,-4.1541918096836985e-08,0.2288716294853212
196,1784635911.241736,0.0009290965475943413,0.07339594033330005,0.2600349026413042,-5.322986153529458e-06,0.458,0.0,0.68,0.992,-0.0,0.126,0.0,0.4570408272112623,0.0003433531139916756,0.6829697945346336,-0.007362221152626764,0.0003946181771853884,0.3404823234189617,-1.918036627180045e-07,-4.1541918096836985e-08,0.2288716294853212
196,1784635911.2621374,0.0009078250460532438,0.0569745875848674,0.26550779431291976,-8.50386383415646e-06,0.458,0.0,0.679,0.992,-0.0,0.127,0.0,0.4570408272112623,0.0003433531139916756,0.6829697945346336,-0.006628113242782095,0.000367978606834871,0.33981829991987655,-1.918036627180045e-07,-4.1541918096836985e-08,0.2288716294853212
198,1784635911.2829666,0.0009259180288685777,0.06470108685588724,0.26132941658043024,-1.1645417241470511e-05,0.458,0.0,0.678,0.992,0.0,0.127,0.0,0.4570408272112623,0.0003433531139916756,0.6829697945346336,-0.0059663184072212385,0.0003377262154970923,0.3389480498995392,-1.918036627180045e-07,-4.1541918096836985e-08,0.2288716294853212
198,1784635911.3001754,0.0015818152462390039,0.01767126124573478,0.2667160676909335,-1.1202931139866211e-05,0.458,0.0,0.678,0.992,0.0,0.128,0.0,0.4570408272112623,0.0003433531139916756,0.6829697945346336,-0.00573412751278053,0.00032421906130663484,0.3385152496382202,-1.918036627180045e-07,-4.1541918096836985e-08,0.2408716294853212
200,1784635911.3193896,0.0009991592555865787,0.05718940079794933,0.2601931908718903,-2.136035238777693e-05,0.458,0.0,0.678,0.992,0.0,0.128,0.0,0.4570408272112623,0.0003433531139916756,0.6829697945346336,-0.00546124138153251,0.0003039225535677197,0.3378076757978639,-1.918036627180045e-07,-4.1541918096836985e-08,0.2408716294853212
200,1784635911.3401988,8.819501762219743e-05,0.02009765660446712,0.26125268161909204,-1.2828659301949786e-05,0.459,0.0,0.677,0.992,0.0,0.128,0.0,0.45827714337656067,0.0004163899343878535,0.6784943290690836,-0.005258955248888285,0.0002802361751196572,0.33690720253271317,-1.918036627180045e-07,-4.1541918096836985e-08,0.2408716294853212
202,1784635911.357095,0.0007115650146995445,-0.040151649092644716,0.26228169182422195,-1.2870729273760345e-05,0.459,0.0,0.677,0.992,0.0,0.129,0.0,0.45827714337656067,0.0004163899343878535,0.6784943290690836,-0.005178003587625255,0.0002599742363635134,0.33606819081519906,-1.918036627180045e-07,-4.1541918096836985e-08,0.2408716294853212
203,1784635911.3761222,0.000106130960430861,-0.002771256994229615,0.2595232742046983,-7.683829700887102e-06,0.459,0.0,0.677,0.992,0.0,0.129,0.0,0.45827714337656067,0.0004163899343878535,0.6784943290690836,-0.005190602768057149,0.0002364381000736575,0.3350368975345883,-1.918036627180045e-07,-4.1541918096836985e-08,0.2408716294853212
204,1784635911.3944583,-0.0010855499979947757,0.012642767685345837,0.26082435582142344,3.998145540711901e-06,0.459,0.0,0.676,0.992,0.0,0.13,0.0,0.45827714337656067,0.0004163899343878535,0.6784943290690836,-0.00529161361648692,0.00021639664591827407,0.334124290076791,-1.918036627180045e-07,-4.1541918096836985e-08,0.2408716294853212
205,1784635911.4154131,-0.0005034536750470251,-0.02911062535589934,0.2631799147122436,1.960631381874956e-06,0.459,0.0,0.676,0.992,0.0,0.13,0.0,0.45827714337656067,0.0004163899343878535,0.6784943290690836,-0.00546456644201277,0.00019652131581155728,0.3331973184512507,-1.918036627180045e-07,-4.1541918096836985e-08,0.2408716294853212
206,1784635911.437693,1.6389971366785085e-05,0.012726939372049474,0.25967692811830556,-2.548608363035941e-08,0.459,0.0,0.675,0.991,0.0,0.13,0.0,0.45827714337656067,0.0004163899343878535,0.6784943290690836,-0.005793544101719126,0.000170348628793767,0.3319664313054807,-1.918036627180045e-07,-4.1541918096836985e-08,0.2528716294853212
206,1784635911.4563959,0.0005166728430428876,0.023439075619204018,0.2626879573406608,-3.824834450137427e-06,0.459,0.0,0.675,0.991,0.0,0.13,0.0,0.45827714337656067,0.0004163899343878535,0.6784943290690836,-0.006098277267686438,0.00015101665985487538,0.33105682538262426,-1.918036627180045e-07,-4.1541918096836985e-08,0.2528716294853212
208,1784635911.481324,0.0013178345802214077,0.06468372473949094,0.26680699681609704,-8.636414470016303e-06,0.459,0.001,0.674,0.991,0.0,0.13,0.0,0.45883450947594623,0.0004922621918898469,0.6752835923731979,-0.006423126959918279,0.0001319883607052482,0.3301515074369633,-1.918036627180045e-07,-4.1541918096836985e-08,0.2528716294853212
208,1784635911.5019016,0.0013822891861343816,0.07042484383053882,0.26394344946163023,-1.0047696592353523e-05,0.459,0.001,0.674,0.991,0.0,0.13,0.0,0.45883450947594623,0.0004922621918898469,0.6752835923731979,-0.006812075993717154,0.00011021989562838036,0.32910269299093864,-1.918036627180045e-07,-4.1541918096836985e-08,0.2528716294853212
210,1784635911.5228636,0.00023228310121874564,0.06951841685340436,0.26533801479696123,-7.092372411038371e-06,0.459,0.001,0.673,0.991,0.0,0.13,0.0,0.45883450947594623,0.0004922621918898469,0.6752835923731979,-0.007185395449327583,8.897068475679667e-05,0.32805566119178275,-1.918036627180045e-07,-4.1541918096836985e-08,0.2528716294853212
210,1784635911.54747,0.00016817959385154017,0.06981644137153328,0.2657212731828316,3.2663294272621606e-06,0.458,0.001,0.673,0.991,0.0,0.13,0.0,0.45883450947594623,0.0004922621918898469,0.6752835923731979,-0.007462062194599486,7.121907925875243e-05,0.3271551325991915,-1.918036627180045e-07,-4.1541918096836985e-08,0.2528716294853212
213,1784635911.5719378,0.0001641561384755186,0.066358111022671,0.2643531079491927,1.0574485996863549e-05,0.458,0.001,0.672,0.991,0.0,0.13,0.0,0.45883450947594623,0.0004922621918898469,0.6752835923731979,-0.007713861838141046,5.1093219530289726e-05,0.3260999561128027,-1.918036627180045e-07,-4.1541918096836985e-08,0.2528716294853212
213,1784635911.5883796,0.0001617343653931281,0.055060770833030265,0.2647984631627165,1.5497064352003893e-05,0.458,0.001,0.671,0.991,0.0,0.131,0.0,0.45883450947594623,0.0004922621918898469,0.6752835923731979,-0.007868506044952218,3.1637801953856555e-05,0.3250249196065777,-1.918036627180045e-07,-4.1541918096836985e-08,0.2528716294853212
215,1784635911.6075058,0.00016314586925414816,0.04788573741941354,0.26656989918324847,1.8719674296326754e-05,0.458,0.001,0.671,0.991,0.0,0.131,0.0,0.45883450947594623,0.0004922621918898469,0.6752835923731979,-0.007910102779126198,2.083519563719351e-05,0.32440293656103597,-1.918036627180045e-07,-4.1541918096836985e-08,0.2528716294853212
215,1784635911.6243916,0.00016537440666422148,0.04685982263214643,0.2654777515139759,2.140707341098106e-05,0.457,0.001,0.67,0.991,0.0,0.131,0.0,0.45883450947594623,0.0004922621918898469,0.6752835923731979,-0.007908738533668327,5.074061572550351e-06,0.3234629990192599,-1.918036627180045e-07,-4.1541918096836985e-08,0.2648716294853212
216,1784635911.6429083,0.00016265633155603654,0.0350721645528173,0.26633739653478017,2.3211631374885044e-05,0.457,0.001,0.67,0.991,0.0,0.132,0.0,0.45883450947594623,0.0004922621918898469,0.6752835923731979,-0.007861987989473287,-5.131015722526707e-06,0.32282698679631044,-1.918036627180045e-07,-4.1541918096836985e-08,0.2648716294853212
217,1784635911.659608,-0.000734220223689689,0.08747800620341276,0.26926224890600664,2.2678970286859395e-05,0.457,0.001,0.67,0.991,0.0,0.132,0.0,0.45745132445666503,0.0005393842446729572,0.6708657132423477,-0.007779797028564886,-1.5090275359998254e-05,0.3221857222299313,-1.918036627180045e-07,-4.1541918096836985e-08,0.2648716294853212
218,1784635911.6768682,-0.000789021590225292,0.0722498280123319,0.27145560775572847,2.3385144885945723e-05,0.456,0.001,0.669,0.991,0.0,0.133,0.0,0.45745132445666503,0.0005393842446729572,0.6708657132423477,-0.0075933447171142475,-2.9561859578425088e-05,0.321221205979769,-1.918036627180045e-07,-4.1541918096836985e-08,0.2648716294853212
219,1784635911.696105,-0.0007954105314566945,0.0872448059430535,0.2659498520944497,3.2459725981670154e-05,0.456,0.001,0.669,0.991,0.0,0.133,0.0,0.45745132445666503,0.0005393842446729572,0.6708657132423477,-0.007333729820113719,-4.346556073628649e-05,0.3202584581188213,-1.918036627180045e-07,-4.1541918096836985e-08,0.2648716294853212
220,1784635911.716637,-0.0007952450988695282,0.07903480694823833,0.26977896874822915,3.46489053835465e-05,0.455,0.001,0.668,0.991,0.0,0.134,0.0,0.45745132445666503,0.0005393842446729572,0.6708657132423477,-0.006748274159299635,-6.535845502947453e-05,0.31868344620099714,-1.918036627180045e-07,-4.1541918096836985e-08,0.2648716294853212
221,1784635911.7359402,-0.0007956061703010268,0.0826394582585592,0.26548412301101304,3.785828828436416e-05,0.454,0.001,0.667,0.991,0.0,0.134,0.0,0.45745132445666503,0.0005393842446729572,0.6708657132423477,-0.0063913376942535596,-7.570005991681487e-05,0.31792766069190204,-1.918036627180045e-07,-4.1541918096836985e-08,0.2648716294853212
222,1784635911.7556217,-0.0007972211746428339,0.07149686347790463,0.26799620197961316,3.846507866767874e-05,0.454,0.001,0.667,0.991,0.0,0.135,0.0,0.45745132445666503,0.0005393842446729572,0.6708657132423477,-0.005917615061356568,-8.758700348774552e-05,0.31704617363907583,-1.918036627180045e-07,-4.1541918096836985e-08,0.27687162948532124
223,1784635911.777456,-0.0003121417593761898,0.059179575089855704,0.26778634845639115,4.0903995343061374e-05,0.453,0.001,0.667,0.991,0.0,0.136,0.0,0.45745132445666503,0.0005393842446729572,0.6708657132423477,-0.005244497654917889,-0.00010258051719414753,0.31592504253781795,-1.918036627180045e-07,-4.1541918096836985e-08,0.27687162948532124
224,1784635911.7995384,-0.00031659541420761274,0.022776403160219436,0.2634969224489204,4.397219522770026e-05,0.453,0.001,0.666,0.991,0.0,0.137,0.0,0.45378469383133446,0.0005406479004914995,0.6667984084582876,-0.0045616828799229965,-0.00011664065138597575,0.3148604773862468,-1.918036627180045e-07,-4.1541918096836985e-08,0.27687162948532124
224,1784635911.8159661,-0.0003154667831401838,0.014692126173965224,0.2677928708716181,4.734370144856856e-05,0.452,0.001,0.666,0.991,0.0,0.137,0.0,0.45378469383133446,0.0005406479004914995,0.6667984084582876,-0.004067397135365851,-0.00012660610232462254,0.31409147653783065,-1.918036627180045e-07,-4.1541918096836985e-08,0.27687162948532124
226,1784635911.8346224,-0.0003157252698160023,0.0017610001313483649,0.26426800892025387,4.923336594880981e-05,0.452,0.001,0.665,0.99,0.0,0.138,0.0,0.45378469383133446,0.0005406479004914995,0.6667984084582876,-0.003676167924614853,-0.00013454637328496417,0.31346407753470373,-1.918036627180045e-07,-4.1541918096836985e-08,0.27687162948532124
227,1784635911.8564372,-0.0014606202804590559,-0.005708338464315663,0.26680387322592103,5.7889047137704006e-05,0.451,0.001,0.665,0.99,0.0,0.139,0.0,0.45378469383133446,0.0005406479004914995,0.6667984084582876,-0.0032461086325187146,-0.000143660414461857,0.3127206710956822,-1.918036627180045e-07,-4.1541918096836985e-08,0.27687162948532124
228,1784635911.8768916,-0.0010480487440314155,-0.013735532961272091,0.26683703167308953,5.884925643026533e-05,0.451,0.001,0.665,0.99,0.0,0.139,0.0,0.45378469383133446,0.0005406479004914995,0.6667984084582876,-0.002880098241686885,-0.00015234843735971427,0.3119961629274789,-1.918036627180045e-07,-4.1541918096836985e-08,0.27687162948532124
229,1784635911.89814,-0.0014977448780972877,-0.0039065672448497235,0.2663106819869281,6.655905233759044e-05,0.451,0.001,0.665,0.99,0.0,0.139,0.0,0.45378469383133446,0.0005406479004914995,0.6667984084582876,-0.0025573064134541516,-0.0001619778739324006,0.3111821849468635,-1.918036627180045e-07,-4.1541918096836985e-08,0.27687162948532124
229,1784635911.9124832,-0.0030209854964781263,-0.0037006659272102588,0.2645501053081319,5.707979165883066e-05,0.45,0.0,0.665,0.99,0.0,0.14,0.0,0.45378469383133446,0.0005406479004914995,0.6667984084582876,-0.0023984663669779967,-0.00016853172460108197,0.3106187588002017,-1.918036627180045e-07,-4.1541918096836985e-08,0.27687162948532124
231,1784635911.940486,-0.00424104095424568,0.0019099361261557223,0.2670873964603182,6.709804946262523e-05,0.45,0.0,0.664,0.99,0.0,0.14,0.0,0.45378469383133446,0.0005406479004914995,0.6667984084582876,-0.0022817035724046323,-0.0001772640572640446,0.3098640243516285,-1.918036627180045e-07,-4.1541918096836985e-08,0.28887162948532125
231,1784635911.9619904,-0.0032159321131875556,0.0015229603143384098,0.2635518485627001,5.92836616842142e-05,0.45,0.0,0.664,0.99,0.0,0.14,0.0,0.45378469383133446,0.0005406479004914995,0.6667984084582876,-0.0022705141036038837,-0.00018202472037615944,0.30945353670576703,-1.918036627180045e-07,-4.1541918096836985e-08,0.28887162948532125
233,1784635911.9805465,-0.0022729407533456287,-0.084479766569887,0.26334460008998223,8.685745145138523e-05,0.45,0.0,0.664,0.99,0.0,0.14,0.0,0.4502599979190615,0.0004899518830102143,0.6644665987544034,-0.0023448589068402735,-0.00018995792329637548,0.3087719289806791,-1.918036627180045e-07,-4.1541918096836985e-08,0.28887162948532125
233,1784635911.998432,-0.002709349816686202,-0.09305415404978667,0.2632078616430991,0.00014395266157222802,0.45,0.0,0.664,0.99,-0.0,0.14,0.0,0.4502599979190615,0.0004899518830102143,0.6644665987544034,-0.0024683047821298545,-0.0001953135756869576,0.3083211937997011,-1.918036627180045e-07,-4.1541918096836985e-08,0.28887162948532125
235,1784635912.0204458,-0.0016091518937093577,-0.085834430057627,0.26325977441588555,0.00016183155610127086,0.45,0.0,0.664,0.99,-0.0,0.14,0.0,0.4502599979190615,0.0004899518830102143,0.6644665987544034,-0.0026050699018980257,-0.00019940898676781485,0.3079843964593974,-1.918036627180045e-07,-4.1541918096836985e-08,0.28887162948532125
235,1784635912.0356526,-0.0021934473552439734,-0.0862808705490809,0.2633031542594773,0.00019898469452877851,0.45,0.0,0.664,0.99,-0.0,0.14,0.0,0.4502599979190615,0.0004899518830102143,0.6644665987544034,-0.0028227900268014182,-0.00020429268721332134,0.3075974907937079,-1.918036627180045e-07,-4.1541918096836985e-08,0.28887162948532125
237,1784635912.0512862,-0.0010952325893132829,-0.08550728577676255,0.2631695457664153,0.00012696188906313434,0.45,0.0,0.664,0.99,-0.0,0.14,0.0,0.4502599979190615,0.0004899518830102143,0.6644665987544034,-0.00314325693701626,-0.00020980176870802323,0.3071830909303499,-1.918036627180045e-07,-4.1541918096836985e-08,0.28887162948532125
238,1784635912.0728679,-0.0009089132731141647,-0.0647568453879587,0.264940014910346,0.00017719572724108717,0.45,0.0,0.663,0.99,-0.0,0.14,0.0,0.4502599979190615,0.0004899518830102143,0.6644665987544034,-0.003720691641857788,-0.00021732911056150252,0.3066705022082271,-1.918036627180045e-07,-4.1541918096836985e-08,0.28887162948532125
239,1784635912.0923524,-0.0016777408082499724,-0.06312237662364142,0.26279934733897936,0.00013602953141527837,0.45,0.0,0.663,0.99,-0.0,0.139,0.0,0.4502599979190615,0.0004899518830102143,0.6644665987544034,-0.004000039134510729,-0.00022037978771197113,0.3064815759203622,-1.918036627180045e-07,-4.1541918096836985e-08,0.30087162948532126
240,1784635912.1154902,-0.0017062417872574268,-0.053970772695743754,0.2647737022473672,0.00011153123976617362,0.45,0.0,0.663,0.99,-0.0,0.139,0.0,0.4502599979190615,0.0004899518830102143,0.6644665987544034,-0.004646395956510758,-0.00022655447063257034,0.3061381473803766,-1.918036627180045e-07,-4.1541918096836985e-08,0.30087162948532126
241,1784635912.1339548,-0.0017197325381414642,-0.04147948715394677,0.2634918821471835,9.608010033416962e-05,0.45,0.0,0.663,0.99,-0.0,0.138,0.0,0.4502599979190615,0.0004899518830102143,0.6644665987544034,-0.005135787511178328,-0.00023067246861352897,0.305941381259489,-1.918036627180045e-07,-4.1541918096836985e-08,0.30087162948532126
242,1784635912.1540725,-0.0016338904625303155,-0.007779474079561116,0.2702637474663208,9.02530175914829e-05,0.451,0.0,0.662,0.991,-0.0,0.137,0.0,0.4500597855141253,0.00040601912349741886,0.6634052919133031,-0.005524572786485449,-0.00023370817928150414,0.30581317168974104,-1.918036627180045e-07,-4.1541918096836985e-08,0.30087162948532126
243,1784635912.1774266,-0.0016720579376395244,0.002880288562444197,0.26518462486188904,8.208248382235272e-05,0.451,0.0,0.662,0.991,-0.0,0.136,0.0,0.4500597855141253,0.00040601912349741886,0.6634052919133031,-0.005874502409838507,-0.00023627958657822435,0.30571630949153233,-1.918036627180045e-07,-4.1541918096836985e-08,0.30087162948532126
243,1784635912.200757,-0.0018182425748957233,0.03430646845913225,0.2712729521669873,8.665226259232262e-05,0.451,0.0,0.662,0.991,-0.0,0.136,0.0,0.4500597855141253,0.00040601912349741886,0.6634052919133031,-0.006079382902130541,-0.0002377302342200196,0.3056643659613136,-1.918036627180045e-07,-4.1541918096836985e-08,0.30087162948532126
245,1784635912.2213562,-0.0017094902243447545,0.01208982217298693,0.2650180159631008,7.997482190468036e-05,0.451,0.0,0.661,0.991,-0.0,0.135,0.0,0.4500597855141253,0.00040601912349741886,0.6634052919133031,-0.006338925492594988,-0.00023950544912444,0.3056023620758646,-1.918036627180045e-07,-4.1541918096836985e-08,0.30087162948532126
245,1784635912.2426722,-0.0018204868754918859,0.016192389139854227,0.2714832817545373,7.957555789529039e-05,0.451,0.0,0.661,0.991,-0.0,0.135,0.0,0.4500597855141253,0.00040601912349741886,0.6634052919133031,-0.006593607756199651,-0.00024123277330669,0.3055524653504777,-1.918036627180045e-07,-4.1541918096836985e-08,0.30087162948532126
247,1784635912.2636817,-0.0013623199518120856,0.004004640330281264,0.26653251641190484,-5.4443657883367934e-05,0.451,0.0,0.661,0.991,-0.0,0.134,0.0,0.4500597855141253,0.00040601912349741886,0.6634052919133031,-0.00666246893444142,-0.00024174529105677728,0.3055453520186752,-1.918036627180045e-07,-4.1541918096836985e-08,0.31287162948532127
248,1784635912.28447,-0.0011354270571290765,-0.008886251296936723,0.26762234360371295,-0.00014510037248276306,0.451,0.0,0.66,0.991,-0.0,0.134,0.0,0.4500597855141253,0.00040601912349741886,0.6634052919133031,-0.006637003147090622,-0.00024168530506101483,0.3055651151530752,-1.918036627180045e-07,-4.1541918096836985e-08,0.31287162948532127
250,1784635912.3120873,0.0019088451834432757,0.0018925270838236856,0.27130489825834714,-0.0005432971291372934,0.452,0.0,0.66,0.991,-0.0,0.134,0.0,0.4512429855299902,0.0002995800343594743,0.6606511127330045,-0.006528949235743655,-0.00024106607885048084,0.30560830345261564,-1.918036627180045e-07,-4.1541918096836985e-08,0.31287162948532127
250,1784635912.3304887,0.0014398636793646151,0.01774762547005212,0.26673977834871504,-0.0004559204524295969,0.452,0.0,0.66,0.991,-0.0,0.134,0.0,0.4512429855299902,0.0002995800343594743,0.6606511127330045,-0.006227764567071889,-0.0002391412265634624,0.30573190668974265,-1.918036627180045e-07,-4.1541918096836985e-08,0.31287162948532127
252,1784635912.3495193,0.0022129973249067044,-0.008712092276679934,0.27094230470633524,-0.0005356102979202516,0.452,0.0,0.659,0.991,-0.0,0.134,0.0,0.4512429855299902,0.0002995800343594743,0.6606511127330045,-0.005792793126033893,-0.0002360232265101832,0.3059185398905123,-1.918036627180045e-07,-4.1541918096836985e-08,0.31287162948532127
252,1784635912.370263,0.000990901965270764,0.01716323059830386,0.266506514369573,-0.0003846737864486796,0.452,0.0,0.659,0.991,-0.0,0.134,0.0,0.4512429855299902,0.0002995800343594743,0.6606511127330045,-0.005446549134169655,-0.00023327536429874394,0.3060843263271444,-1.918036627180045e-07,-4.1541918096836985e-08,0.31287162948532127
254,1784635912.3936892,0.0009293053366646138,0.014086135549488614,0.26979576147779016,-0.00023074918648465957,0.452,0.0,0.659,0.991,-0.0,0.134,0.0,0.4512429855299902,0.0002995800343594743,0.6606511127330045,-0.005067412126593541,-0.00022998364121257328,0.30629047891019656,-1.918036627180045e-07,-4.1541918096836985e-08,0.31287162948532127
254,1784635912.412357,-0.0006840837776834956,-0.010793487904914245,0.2666481424584995,-5.856373640829952e-05,0.452,0.0,0.659,0.991,-0.0,0.135,0.0,0.4512429855299902,0.0002995800343594743,0.6606511127330045,-0.0046040435213723805,-0.00022545347577978303,0.3065768235050503,-1.918036627180045e-07,-4.1541918096836985e-08,0.3248716294853213
256,1784635912.4319324,-0.0012746904120103314,-0.010872537776421377,0.2685303746648486,0.0001131042263509266,0.452,0.0,0.659,0.991,-0.0,0.135,0.0,0.4512429855299902,0.0002995800343594743,0.6606511127330045,-0.004203813465153691,-0.000220971289160674,0.30686190221535303,-1.918036627180045e-07,-4.1541918096836985e-08,0.3248716294853213
256,1784635912.456441,-0.0001818180845387339,0.008931406565621015,0.2674215593819991,0.00014075387465483367,0.452,0.0,0.659,0.991,-0.0,0.135,0.0,0.4512429855299902,0.0002995800343594743,0.6606511127330045,-0.003880576544344034,-0.00021681129266499014,0.30712173832970385,-1.918036627180045e-07,-4.1541918096836985e-08,0.3248716294853213
258,1784635912.476377,-0.0009739492687497782,-0.01984288139855236,0.26519187745000894,0.00015877107206520703,0.453,0.0,0.659,0.991,-0.0,0.135,0.0,0.45200386353180927,0.00023153957860476003,0.6590043558933284,-0.0033428997726593066,-0.00020833092384610723,0.3076324838137566,-1.918036627180045e-07,-4.1541918096836985e-08,0.3248716294853213
258,1784635912.499394,-0.0010242880368835365,-0.027134172921556926,0.26611573274662,0.00016931841450692272,0.453,0.0,0.659,0.991,-0.0,0.135,0.0,0.45200386353180927,0.00023153957860476003,0.6590043558933284,-0.0030802808563301417,-0.0002030596596243308,0.3079316672906174,-1.918036627180045e-07,-4.1541918096836985e-08,0.3248716294853213
260,1784635912.5225387,-0.0010262433772121264,-0.028115604188521107,0.2647039563808586,0.00010981017452199232,0.453,0.0,0.66,0.991,-0.0,0.135,0.0,0.45200386353180927,0.00023153957860476003,0.6590043558933284,-0.0026906009921478756,-0.00019253569970738171,0.30848691989144283,-1.918036627180045e-07,-4.1541918096836985e-08,0.3248716294853213
260,1784635912.5392547,-0.0005468396012134427,-0.021403804622738477,0.26668506730461783,7.075300269381569e-05,0.454,0.0,0.66,0.991,-0.0,0.135,0.0,0.45200386353180927,0.00023153957860476003,0.6590043558933284,-0.002415776257738021,-0.0001792289635328361,0.3091359355746521,-1.918036627180045e-07,-4.1541918096836985e-08,0.3248716294853213
262,1784635912.5588467,-0.0005168578169061845,-0.03121918340382492,0.26346864459263986,4.745974601144914e-05,0.454,0.0,0.66,0.991,-0.0,0.135,0.0,0.45200386353180927,0.00023153957860476003,0.6590043558933284,-0.002339851624719887,-0.00017040138304591618,0.30953796239553766,-1.918036627180045e-07,-4.1541918096836985e-08,0.3368716294853213
262,1784635912.5758352,0.0011051979059259565,-0.048072985972127,0.2623561416608968,1.303063597065277e-05,0.454,0.0,0.661,0.991,-0.0,0.135,0.0,0.45200386353180927,0.00023153957860476003,0.6590043558933284,-0.0023433508016260304,-0.00015760743685460396,0.3100942339894653,-1.918036627180045e-07,-4.1541918096836985e-08,0.3368716294853213
264,1784635912.5949497,0.0008839854374664608,-0.05616410999943311,0.2655231908207112,-1.886554242195489e-07,0.455,0.0,0.661,0.991,-0.0,0.135,0.0,0.45364329985787044,0.00022782889991101578,0.660215537510332,-0.0024377819342514683,-0.0001454195074702821,0.3106025643003788,-1.918036627180045e-07,-4.1541918096836985e-08,0.3368716294853213
265,1784635912.6210983,-0.00025865193463041737,-0.04075926375824108,0.2640252471811518,1.0031899752174722e-05,0.455,0.0,0.662,0.991,-0.0,0.134,0.0,0.45364329985787044,0.00022782889991101578,0.660215537510332,-0.0025750596296857595,-0.00013420666171348936,0.3110601745552275,-1.918036627180045e-07,-4.1541918096836985e-08,0.3368716294853213
265,1784635912.643375,0.0007945232536422734,-0.03961854777118372,0.2651249899199318,-7.03857067812123e-06,0.456,0.0,0.662,0.991,-0.0,0.134,0.0,0.45364329985787044,0.00022782889991101578,0.660215537510332,-0.002785306563058944,-0.00012020609699945055,0.31161714152499476,-1.918036627180045e-07,-4.1541918096836985e-08,0.3368716294853213
267,1784635912.663815,0.0008641419539991285,-0.039217472431445015,0.2631483747280369,-1.6138168826338055e-05,0.456,0.0,0.663,0.991,-0.0,0.134,0.0,0.45364329985787044,0.00022782889991101578,0.660215537510332,-0.003074593695483209,-0.00010296607502144567,0.312280976107662,-1.918036627180045e-07,-4.1541918096836985e-08,0.3368716294853213
268,1784635912.6839914,0.0003901356327703195,-0.03512637415834077,0.26475360021394,-1.6246970308341826e-05,0.457,0.0,0.663,0.991,-0.0,0.134,0.0,0.45364329985787044,0.00022782889991101578,0.660215537510332,-0.00334518782162782,-8.676774415602644e-05,0.31288820567860076,-1.918036627180045e-07,-4.1541918096836985e-08,0.3368716294853213
268,1784635912.7064936,0.0003580795037264683,-0.02063568773757117,0.26345003977104947,-1.6305893793222045e-05,0.457,0.0,0.664,0.991,-0.0,0.133,0.0,0.45364329985787044,0.00022782889991101578,0.660215537510332,-0.0035373073265486154,-7.454967307113199e-05,0.3133385630058929,-1.918036627180045e-07,-4.1541918096836985e-08,0.3488716294853213
271,1784635912.7347143,-0.00034118243234520574,0.017440366699178853,0.2703406972192825,-1.1374156758991875e-05,0.457,0.0,0.664,0.991,-0.0,0.133,0.0,0.45675501388157946,0.0002945603117274139,0.6632319438417262,-0.0037187035549745384,-6.178618458784255e-05,0.31380008416026495,-1.918036627180045e-07,-4.1541918096836985e-08,0.3488716294853213
271,1784635912.7585669,-0.0003899264423831724,0.029996721303164983,0.2651504277225381,-1.015310430715608e-05,0.458,0.0,0.664,0.991,-0.0,0.132,0.0,0.45675501388157946,0.0002945603117274139,0.6632319438417262,-0.004052510385555495,-3.177783414542415e-05,0.3148427610603612,-1.918036627180045e-07,-4.1541918096836985e-08,0.3488716294853213
273,1784635912.7790196,-0.00038288697316590613,0.030778330976312586,0.27006986489352675,-1.0436562479780165e-05,0.458,0.0,0.665,0.991,-0.0,0.132,0.0,0.45675501388157946,0.0002945603117274139,0.6632319438417262,-0.004214467182643848,-8.289909125500342e-06,0.3156097088880422,-1.918036627180045e-07,-4.1541918096836985e-08,0.3488716294853213
273,1784635912.8008544,0.001377447346772238,0.03447115568011944,0.2629662902605935,-2.758047730626733e-05,0.459,0.0,0.665,0.991,-0.0,0.132,0.0,0.45675501388157946,0.0002945603117274139,0.6632319438417262,-0.004290810886618172,1.9792934071980214e-05,0.3164608358694445,-1.918036627180045e-07,-4.1541918096836985e-08,0.3488716294853213
275,1784635912.8261895,0.00265793803499152,0.03518157907440062,0.2683505286438153,-5.4430329036264535e-05,0.459,0.0,0.666,0.991,-0.0,0.131,0.0,0.45675501388157946,0.0002945603117274139,0.6632319438417262,-0.004214729382482077,5.30406460253377e-05,0.31739769624005704,-1.918036627180045e-07,-4.1541918096836985e-08,0.3488716294853213
277,1784635912.844219,0.00323257744305565,0.020060194508437667,0.263806379369107,-6.976979724255207e-05,0.459,0.0,0.666,0.991,-0.0,0.131,0.0,0.45675501388157946,0.0002945603117274139,0.6632319438417262,-0.003923259373536202,9.20409479236603e-05,0.3184100543369559,-1.918036627180045e-07,-4.1541918096836985e-08,0.3488716294853213
277,1784635912.8628182,0.0009366904343278042,0.013708924044472244,0.2698217338307594,-6.0267738368085116e-05,0.46,0.0,0.667,0.991,-0.0,0.132,0.0,0.45675501388157946,0.0002945603117274139,0.6632319438417262,-0.00368092025470286,0.00011435001694990632,0.31894823072263045,-1.918036627180045e-07,-4.1541918096836985e-08,0.3608716294853213
278,1784635912.878351,0.0018420207372574103,0.010883921076388811,0.26505015855342456,-5.0136409048434795e-05,0.46,0.001,0.667,0.991,-0.0,0.132,0.0,0.45675501388157946,0.0002945603117274139,0.6632319438417262,-0.003340555125104885,0.000141272698257623,0.3195743789627859,-1.918036627180045e-07,-4.1541918096836985e-08,0.3608716294853213
278,1784635912.8980882,0.0018866903223900737,0.011500312425893677,0.26860370552192125,-4.645896242163748e-05,0.46,0.001,0.668,0.991,-0.0,0.132,0.0,0.45675501388157946,0.0002945603117274139,0.6632319438417262,-0.0031230656556826553,0.00015708082753821944,0.31993796158850774,-1.918036627180045e-07,-4.1541918096836985e-08,0.3608716294853213
280,1784635912.916114,0.003495705564976078,0.028576126123587665,0.26526682241453237,-7.123913638239962e-05,0.46,0.001,0.668,0.991,-0.0,0.132,0.0,0.45929973297730087,0.0004536725299612792,0.6662221507501482,-0.0027741904139055684,0.00018135144424532974,0.32049038732906554,-1.918036627180045e-07,-4.1541918096836985e-08,0.3608716294853213
281,1784635912.9383216,0.000632013974033294,0.047470156033610295,0.27047566965211056,-6.854396416398586e-05,0.46,0.001,0.668,0.991,-0.0,0.132,0.0,0.45929973297730087,0.0004536725299612792,0.6662221507501482,-0.0024667179359781238,0.00020207428530942558,0.3209578180923438,-1.918036627180045e-07,-4.1541918096836985e-08,0.3608716294853213
281,1784635912.954994,0.0005074961453855804,0.042018334388834525,0.26609130148982424,-5.736140435419373e-05,0.46,0.001,0.669,0.991,-0.0,0.133,0.0,0.45929973297730087,0.0004536725299612792,0.6662221507501482,-0.002090157697724892,0.00022751606757828472,0.3215319210091258,-1.918036627180045e-07,-4.1541918096836985e-08,0.3608716294853213
283,1784635912.9767475,0.0016243616307348874,0.04491274402164598,0.26931793433087153,-5.1525543465234484e-05,0.46,0.001,0.669,0.991,-0.0,0.133,0.0,0.45929973297730087,0.0004536725299612792,0.6662221507501482,-0.0016559613315170216,0.00025795327150894207,0.322219076511116,-1.918036627180045e-07,-4.1541918096836985e-08,0.3608716294853213
284,1784635912.9939153,0.0010525089735201592,0.04571862511538194,0.26752987430349784,-4.6336026142366834e-05,0.46,0.001,0.67,0.991,-0.0,0.133,0.0,0.45929973297730087,0.0004536725299612792,0.6662221507501482,-0.0013035932916199673,0.0002846553042669559,0.3228254473547537,-1.918036627180045e-07,-4.1541918096836985e-08,0.3728716294853213
285,1784635913.014454,0.0021473036605293783,0.04406875336282137,0.2673701344741523,8.677926755834918e-05,0.46,0.001,0.671,0.991,-0.0,0.133,0.0,0.45929973297730087,0.0004536725299612792,0.6662221507501482,-0.0009283600423365351,0.0003164791445675652,0.3235501582921768,-1.918036627180045e-07,-4.1541918096836985e-08,0.3728716294853213
286,1784635913.0350525,0.0001578386758188128,-0.004090813940268341,0.2655232846335319,0.0001711722531629604,0.46,0.001,0.671,0.991,-0.0,0.134,0.0,0.45961718660773365,0.0006911044048207729,0.669948726566324,-0.0006076113098766294,0.00034897611928452483,0.32429083521874086,-1.918036627180045e-07,-4.1541918096836985e-08,0.3728716294853213
287,1784635913.0531683,0.004606660795317276,-0.016067080210025914,0.26086476594781155,0.0004368291798593323,0.46,0.001,0.672,0.991,-0.0,0.134,0.0,0.45961718660773365,0.0006911044048207729,0.669948726566324,-0.0003814397388362296,0.00037732756097886183,0.3249319732516096,-1.918036627180045e-07,-4.1541918096836985e-08,0.3728716294853213
288,1784635913.0752285,0.0014312189020352383,-0.015478297266808102,0.26828076660066824,0.0003866500268755276,0.46,0.001,0.673,0.991,-0.0,0.134,0.0,0.45961718660773365,0.0006911044048207729,0.669948726566324,-0.00018356105245726786,0.0004109369229571469,0.3256825003483857,-1.918036627180045e-07,-4.1541918096836985e-08,0.3728716294853213
289,1784635913.0940084,0.0001232045550190442,-0.0194320860526006,0.2646309615381602,0.0002917355522007941,0.46,0.001,0.674,0.991,-0.0,0.135,0.0,0.45961718660773365,0.0006911044048207729,0.669948726566324,-7.673589753341744e-05,0.0004401632680142076,0.3263247748599494,-1.918036627180045e-07,-4.1541918096836985e-08,0.3728716294853213
290,1784635913.113752,0.0036589418248529457,-0.019274680315241825,0.2595105778103386,0.00018011904666801194,0.46,0.001,0.675,0.991,-0.0,0.135,0.0,0.45961718660773365,0.0006911044048207729,0.669948726566324,-4.099184421392341e-05,0.0004796669639044631,0.3271753295475179,-1.918036627180045e-07,-4.1541918096836985e-08,0.3728716294853213
291,1784635913.1368163,0.0008697689117138697,-0.010921508305532276,0.2683480992664187,9.540818313310986e-05,0.46,0.001,0.676,0.991,-0.0,0.135,0.0,0.45961718660773365,0.0006911044048207729,0.669948726566324,-0.0001295526713302982,0.0005197217401050497,0.3280439205548857,-1.918036627180045e-07,-4.1541918096836985e-08,0.3728716294853213
292,1784635913.1545627,0.0007124810073657584,-0.007635144655925167,0.26142948802090255,3.6754717869737356e-05,0.46,0.001,0.676,0.991,-0.0,0.135,0.0,0.45961718660773365,0.0006911044048207729,0.669948726566324,-0.0001914008141282356,0.0005348725300936655,0.3283753602985507,-1.918036627180045e-07,-4.1541918096836985e-08,0.38487162948532133
293,1784635913.1768186,0.0007227020283249394,-0.016994639281027103,0.27019888606111114,6.654967112343016e-06,0.46,0.001,0.677,0.991,-0.0,0.135,0.0,0.45969661826096625,0.0009926583470919442,0.6759619454574035,-0.00039612328577459525,0.0005704703946349019,0.3291553093103517,-1.918036627180045e-07,-4.1541918096836985e-08,0.38487162948532133
294,1784635913.201799,0.004896138256452412,0.006355778173544633,0.2563650804885864,-0.00014028755826218649,0.46,0.001,0.678,0.991,-0.0,0.135,0.0,0.45969661826096625,0.0009926583470919442,0.6759619454574035,-0.0006325348853868658,0.0006012356900383072,0.32984249982264424,-1.918036627180045e-07,-4.1541918096836985e-08,0.38487162948532133
294,1784635913.223955,0.0014608781363372432,-0.0043387378520638245,0.2723583199829938,-0.00010374683625374308,0.46,0.001,0.679,0.991,-0.0,0.135,0.0,0.45969661826096625,0.0009926583470919442,0.6759619454574035,-0.00091199934906378,0.0006322144535628821,0.3305498155554037,-1.918036627180045e-07,-4.1541918096836985e-08,0.38487162948532133
297,1784635913.2539382,0.001484387503268091,-0.0035267212019397197,0.26086405102692245,-8.377633643571996e-05,0.46,0.001,0.68,0.991,-0.0,0.135,0.0,0.45969661826096625,0.0009926583470919442,0.6759619454574035,-0.0013766312820285575,0.0006790519625597218,0.331658777932683,-1.918036627180045e-07,-4.1541918096836985e-08,0.38487162948532133
297,1784635913.2816248,0.0007377444654024458,-0.009488721400924206,0.2703692568869326,-6.28644366930718e-05,0.46,0.001,0.681,0.991,-0.0,0.135,0.0,0.45969661826096625,0.0009926583470919442,0.6759619454574035,-0.0017614913341329529,0.0007157449873500401,0.33254646562064294,-1.918036627180045e-07,-4.1541918096836985e-08,0.38487162948532133
299,1784635913.303807,0.0024995182616905426,-0.0033054251926156394,0.2611311377638759,-7.671166919908496e-05,0.46,0.001,0.682,0.991,-0.0,0.135,0.0,0.45969661826096625,0.0009926583470919442,0.6759619454574035,-0.0022323403396689334,0.0007632392283807087,0.3337269972606161,-1.918036627180045e-07,-4.1541918096836985e-08,0.38487162948532133
299,1784635913.3176532,0.002620471998531864,0.010999913146507135,0.26837505990140353,-8.797227558955431e-05,0.46,0.001,0.683,0.991,-0.0,0.134,0.0,0.45969661826096625,0.0009926583470919442,0.6759619454574035,-0.0025610381860527724,0.0008003929062943071,0.3346663684082118,-1.918036627180045e-07,-4.1541918096836985e-08,0.39687162948532134
301,1784635913.3340318,0.0051640231394488485,0.06029376884269644,0.26290844653731826,-0.00013318882710997693,0.46,0.001,0.684,0.991,-0.0,0.134,0.0,0.46026989270714186,0.0013019554935781944,0.6820890950596943,-0.002882586256162046,0.0008430420841502308,0.3357481836478027,-1.918036627180045e-07,-4.1541918096836985e-08,0.39687162948532134
302,1784635913.3521047,0.002816591345880323,0.045362593977814836,0.27158221231375035,-0.0001222897368823621,0.46,0.001,0.685,0.991,-0.0,0.134,0.0,0.46026989270714186,0.0013019554935781944,0.6820890950596943,-0.00308561382697072,0.0008805170743605123,0.3367024541147906,-1.918036627180045e-07,-4.1541918096836985e-08,0.39687162948532134
303,1784635913.372459,0.0013838642540880022,0.028581655737637116,0.26807198561208034,-8.087278461316191e-05,0.46,0.002,0.686,0.991,-0.0,0.134,0.0,0.46026989270714186,0.0013019554935781944,0.6820890950596943,-0.0032138925704653085,0.0009234924393212439,0.3377834619872154,-1.918036627180045e-07,-4.1541918096836985e-08,0.39687162948532134
304,1784635913.3946788,0.006186487313434989,0.0633471303265622,0.26258483891494633,-0.0001022840319571769,0.46,0.002,0.687,0.991,-0.0,0.134,0.0,0.46026989270714186,0.0013019554935781944,0.6820890950596943,-0.0032436022700889507,0.0009557879719862395,0.3385949340037034,-1.918036627180045e-07,-4.1541918096836985e-08,0.39687162948532134
305,1784635913.4116333,0.0038937211400520088,0.04006515873542841,0.27151089839517834,-8.938876170919556e-05,0.46,0.002,0.687,0.991,-0.0,0.134,0.0,0.46026989270714186,0.0013019554935781944,0.6820890950596943,-0.0032340454456323093,0.0009719523139490958,0.33900039108356106,-1.918036627180045e-07,-4.1541918096836985e-08,0.39687162948532134
306,1784635913.4320285,0.005837417696064849,0.04346013801291575,0.2598435926743027,-0.00010378127717715149,0.46,0.002,0.688,0.991,-0.0,0.135,0.0,0.46026989270714186,0.0013019554935781944,0.6820890950596943,-0.003150045760838481,0.0010096900525238355,0.33995321717349447,-1.918036627180045e-07,-4.1541918096836985e-08,0.39687162948532134
307,1784635913.4547591,0.0018840078486961308,0.017305722637442327,0.2748183502030094,-7.039715444236226e-05,0.46,0.002,0.689,0.991,-0.0,0.135,0.0,0.46026989270714186,0.0013019554935781944,0.6820890950596943,-0.0030416867181132343,0.0010366413573203608,0.3406384351158885,-1.918036627180045e-07,-4.1541918096836985e-08,0.39687162948532134
308,1784635913.4765363,0.0019719532798678037,0.017593956988611582,0.26646085317894863,-5.548672811343631e-05,0.46,0.002,0.689,0.991,-0.0,0.135,0.0,0.46026989270714186,0.0013019554935781944,0.6820890950596943,-0.002927117486026945,0.0010581876188235574,0.34119325921371996,-1.918036627180045e-07,-4.1541918096836985e-08,0.40887162948532135
309,1784635913.4932806,0.00459053917856511,0.04035963452781245,0.26371230129807166,-8.34229766959011e-05,0.459,0.002,0.69,0.991,-0.0,0.135,0.0,0.4596403091647409,0.0016920450212111425,0.6893398305055443,-0.0027237003148282597,0.0010904435504436867,0.3420353156154421,-1.918036627180045e-07,-4.1541918096836985e-08,0.40887162948532135
310,1784635913.5154219,0.000614027826318606,0.010816713032861414,0.27366014400276206,-4.8135613842572474e-05,0.459,0.002,0.691,0.991,-0.0,0.136,0.0,0.4596403091647409,0.0016920450212111425,0.6893398305055443,-0.002400808658587383,0.0011332815937236465,0.3431909802807834,-1.918036627180045e-07,-4.1541918096836985e-08,0.40887162948532135
311,1784635913.542363,0.004338774884190151,0.03779530455647825,0.25945597129819614,-7.536629867492284e-05,0.459,0.002,0.692,0.991,0.0,0.136,0.0,0.4596403091647409,0.0016920450212111425,0.6893398305055443,-0.002075833748868189,0.00117055073699732,0.3442402025508311,-1.918036627180045e-07,-4.1541918096836985e-08,0.40887162948532135
311,1784635913.561309,0.001837628653776,0.023128012097886654,0.27328475306713296,-5.5686823915064993e-05,0.459,0.002,0.693,0.991,0.0,0.136,0.0,0.4596403091647409,0.0016920450212111425,0.6893398305055443,-0.0018794254357193938,0.0011917300499090493,0.34484603622717636,-1.918036627180045e-07,-4.1541918096836985e-08,0.40887162948532135
313,1784635913.5915496,0.001952131002685144,0.02614985390824999,0.26418464297437555,-4.9026677754901865e-05,0.459,0.002,0.694,0.991,0.0,0.136,0.0,0.4596403091647409,0.0016920450212111425,0.6893398305055443,-0.0016236417877893755,0.0012180677115985325,0.34560680910247377,-1.918036627180045e-07,-4.1541918096836985e-08,0.40887162948532135
313,1784635913.6209884,0.0018834804355242,0.017519125337287007,0.26871710281307554,-4.2595212867000456e-05,0.458,0.002,0.696,0.991,0.0,0.137,0.0,0.4596403091647409,0.0016920450212111425,0.6893398305055443,-0.0010673165764642667,0.0012753111846042348,0.34731087852070175,-1.918036627180045e-07,-4.1541918096836985e-08,0.40887162948532135
316,1784635913.648038,0.0024107125791245415,0.01757116986174875,0.26428216434331153,-4.08802422991009e-05,0.458,0.002,0.698,0.991,0.0,0.137,0.0,0.4596403091647409,0.0016920450212111425,0.6893398305055443,-0.0006278514606870097,0.0013262728117285918,0.34890319504852296,-1.918036627180045e-07,-4.1541918096836985e-08,0.40887162948532135
316,1784635913.663503,0.004933832155114094,0.03522991366268289,0.2601381851602177,-6.894675245813934e-05,0.458,0.002,0.7,0.991,0.0,0.137,0.0,0.4596403091647409,0.0016920450212111425,0.6893398305055443,-0.00028861254652848576,0.0013759677693882947,0.3505362965895071,-1.918036627180045e-07,-4.1541918096836985e-08,0.42087162948532136
318,1784635913.6807857,0.0024876743040484744,0.01716052955058451,0.269942646232182,-4.954195241340044e-05,0.458,0.002,0.701,0.991,0.0,0.137,0.0,0.4596403091647409,0.0016920450212111425,0.6893398305055443,-0.00013969856911723647,0.0014050928802538754,0.351523127007135,-1.918036627180045e-07,-4.1541918096836985e-08,0.42087162948532136
318,1784635913.6965992,0.0020914469868320578,-0.04872139607539252,0.2597713877770311,-2.7220075675444766e-05,0.458,0.002,0.702,0.99,0.0,0.138,0.0,0.4582535354822869,0.0020020104359784875,0.6965813341633209,-5.0667464889447394e-05,0.001428922502551512,0.3523514121239525,-1.918036627180045e-07,-4.1541918096836985e-08,0.42087162948532136
320,1784635913.7220194,0.000106144986660102,-0.06042501526774318,0.27122373814281103,5.996405993795164e-06,0.458,0.002,0.703,0.99,0.0,0.138,0.0,0.4582535354822869,0.0020020104359784875,0.6965813341633209,1.6626451544711317e-06,0.001452316319275446,0.35318024783257373,-1.918036627180045e-07,-4.1541918096836985e-08,0.42087162948532136
320,1784635913.7386353,0.0026232497331799194,-0.04285046749317317,0.25107610381506157,1.1957517222182138e-05,0.458,0.002,0.704,0.99,0.0,0.138,0.0,0.4582535354822869,0.0020020104359784875,0.6965813341633209,5.6591237297215625e-06,0.001488765201903543,0.35451328796313625,-1.918036627180045e-07,-4.1541918096836985e-08,0.42087162948532136
322,1784635913.7539847,0.002873506463559713,-0.033684222418793444,0.26625814805564013,-3.1917788519628545e-05,0.458,0.002,0.705,0.99,0.0,0.138,0.0,0.4582535354822869,0.0020020104359784875,0.6965813341633209,-4.0733706913554086e-05,0.0015108925767423238,0.3553483595972176,-1.918036627180045e-07,-4.1541918096836985e-08,0.42087162948532136
323,1784635913.7814338,0.001047986907382778,-0.043230951319978915,0.26178253470763907,-1.2039415914153244e-05,0.458,0.002,0.707,0.99,0.0,0.138,0.0,0.4582535354822869,0.0020020104359784875,0.6965813341633209,-0.00017179797215345822,0.0015409460600112784,0.35654377074298277,-1.918036627180045e-07,-4.1541918096836985e-08,0.4328716294853214
323,1784635913.7999592,0.0007832620964150063,-0.04000880566713225,0.26536443246832353,-1.202104528110088e-05,0.458,0.002,0.708,0.99,0.0,0.138,0.0,0.4582535354822869,0.0020020104359784875,0.6965813341633209,-0.000381840865732609,0.0015698503541050708,0.35775557718141526,-1.918036627180045e-07,-4.1541918096836985e-08,0.4328716294853214
325,1784635913.8146336,0.0016388605738056842,-0.006820313527094127,0.25542337580448565,-4.3254514185353376e-05,0.458,0.002,0.709,0.99,0.0,0.138,0.0,0.4582535354822869,0.0020020104359784875,0.6965813341633209,-0.0005300597392073645,0.0015858333981328154,0.35845655184845465,-1.918036627180045e-07,-4.1541918096836985e-08,0.4328716294853214
326,1784635913.83384,-0.0005082413315135011,-0.0379277123883999,0.2760026087574281,-4.67340424778166e-06,0.458,0.002,0.71,0.99,0.0,0.138,0.0,0.45818112370295433,0.002284500357357759,0.7071438936162797,-0.0008669810568624269,0.0016165998727874307,0.3598833702826724,-1.918036627180045e-07,-4.1541918096836985e-08,0.4328716294853214
327,1784635913.8573513,0.0006794340840475363,-0.020906488075402713,0.2618736349469197,-1.0639145055099416e-05,0.459,0.002,0.712,0.991,0.0,0.137,0.0,0.45818112370295433,0.002284500357357759,0.7071438936162797,-0.0011884524249829852,0.0016421623786653607,0.3611572521714448,-1.918036627180045e-07,-4.1541918096836985e-08,0.4328716294853214
328,1784635913.8758683,0.0009968993726201317,0.014843291608965747,0.26218527442693046,-2.9352213781925443e-05,0.459,0.002,0.713,0.991,0.0,0.137,0.0,0.45818112370295433,0.002284500357357759,0.7071438936162797,-0.0014784671226334997,0.0016630154458579427,0.36225285849499617,-1.918036627180045e-07,-4.1541918096836985e-08,0.4328716294853214
329,1784635913.8965316,-0.0003533007333869427,-0.014797512360458388,0.2681572442163571,-7.810371782055935e-06,0.459,0.002,0.714,0.991,0.0,0.137,0.0,0.45818112370295433,0.002284500357357759,0.7071438936162797,-0.0018025332274494905,0.0016860856818732726,0.3635523222411119,-1.918036627180045e-07,-4.1541918096836985e-08,0.4328716294853214
330,1784635913.9180055,6.560586578936581e-05,-0.0076002753885524195,0.26344208401173513,-7.313128052734577e-07,0.459,0.002,0.715,0.991,0.0,0.136,0.0,0.45818112370295433,0.002284500357357759,0.7071438936162797,-0.0020847507984313508,0.0017077642079270784,0.3648846809999005,-1.918036627180045e-07,-4.1541918096836985e-08,0.4328716294853214
330,1784635913.9429233,8.636743795688507e-05,-0.02045232580704503,0.2691827226458866,3.4972229030047975e-06,0.459,0.002,0.716,0.991,0.0,0.136,0.0,0.45818112370295433,0.002284500357357759,0.7071438936162797,-0.0023221997269822887,0.0017279815726172522,0.3662302209482502,-1.918036627180045e-07,-4.1541918096836985e-08,0.4328716294853214
332,1784635913.9660804,9.33407372852034e-05,-0.01478327684174036,0.26239709283986523,5.323684791826455e-06,0.459,0.002,0.717,0.991,0.0,0.136,0.0,0.45818112370295433,0.002284500357357759,0.7071438936162797,-0.002500917660180294,0.0017466762438002209,0.3675895059031634,-1.918036627180045e-07,-4.1541918096836985e-08,0.4448716294853214
334,1784635913.9831932,-0.0010595549875447247,-0.01408620852611067,0.2674176625685519,2.1794225893215142e-05,0.459,0.002,0.719,0.991,0.0,0.136,0.0,0.45818112370295433,0.002284500357357759,0.7071438936162797,-0.0026231397427251843,0.0017660835603149794,0.36915851018988804,-1.918036627180045e-07,-4.1541918096836985e-08,0.4448716294853214
334,1784635914.0070581,-0.0004612622037544102,0.016323038198316715,0.27009614224055917,2.5219297071453544e-05,0.459,0.002,0.719,0.991,0.0,0.136,0.0,0.4591300151469261,0.002429100392216328,0.7157926722803685,-0.0026544193625809556,0.0017791911146514106,0.3703527918564811,-1.918036627180045e-07,-4.1541918096836985e-08,0.4448716294853214
334,1784635914.0308108,-0.0004191621341843602,0.0378513605400506,0.26556370652165806,2.6851198940808913e-05,0.459,0.002,0.721,0.991,0.0,0.135,0.0,0.4591300151469261,0.002429100392216328,0.7157926722803685,-0.002620503221613962,0.0017946254836874358,0.37196336456812407,-1.918036627180045e-07,-4.1541918096836985e-08,0.4448716294853214
337,1784635914.0491552,-0.00041693477607670154,0.06528563212786917,0.26246578812757954,2.7656894981083897e-05,0.46,0.002,0.722,0.991,0.0,0.135,0.0,0.4591300151469261,0.002429100392216328,0.7157926722803685,-0.002530463506672498,0.0018061056911750917,0.3733842145497574,-1.918036627180045e-07,-4.1541918096836985e-08,0.4448716294853214
337,1784635914.0693667,-0.0004103190371454562,0.041211089692820856,0.27109749993994653,2.7701747824918995e-05,0.46,0.002,0.723,0.991,0.0,0.135,0.0,0.4591300151469261,0.002429100392216328,0.7157926722803685,-0.002431679727141385,0.0018130902955607942,0.3744145897963088,-1.918036627180045e-07,-4.1541918096836985e-08,0.4448716294853214
339,1784635914.0903494,-0.0004144100256360849,0.02877857673232249,0.2675076777053061,2.7560957336142953e-05,0.46,0.002,0.724,0.991,0.0,0.135,0.0,0.4591300151469261,0.002429100392216328,0.7157926722803685,-0.0023053245441426256,0.0018190209208170374,0.3754624187041581,-1.918036627180045e-07,-4.1541918096836985e-08,0.4448716294853214
339,1784635914.1062508,-0.0015557501690093753,0.039452368557517395,0.26671482208223596,3.564203163297618e-05,0.46,0.002,0.725,0.991,0.0,0.135,0.0,0.4591300151469261,0.002429100392216328,0.7157926722803685,-0.002188350158793207,0.0018229806513307132,0.37631168920313735,-1.918036627180045e-07,-4.1541918096836985e-08,0.4568716294853214
341,1784635914.126151,-0.0011564300919754368,0.05740216008411385,0.2605664645158502,4.3307834496784104e-05,0.46,0.002,0.725,0.991,0.0,0.135,0.0,0.4591300151469261,0.002429100392216328,0.7157926722803685,-0.002094386910457862,0.0018254776924005766,0.37695442020752173,-1.918036627180045e-07,-4.1541918096836985e-08,0.4568716294853214
341,1784635914.1426682,-0.0015649189398056515,0.0328221975032676,0.2719096421350014,4.361807350571621e-05,0.46,0.002,0.726,0.991,0.0,0.135,0.0,0.4591300151469261,0.002429100392216328,0.7157926722803685,-0.001964819200587854,0.001828158804244775,0.3778178566018586,-1.918036627180045e-07,-4.1541918096836985e-08,0.4568716294853214
342,1784635914.1595724,-0.0015346242719857651,0.029880060922764354,0.2621992577631728,4.291472489500312e-05,0.46,0.002,0.727,0.991,0.0,0.135,0.0,0.45956671645981645,0.0024465845667155295,0.7236338429729768,-0.0018294926918174816,0.0018300894589170533,0.3786883607292234,-1.918036627180045e-07,-4.1541918096836985e-08,0.4568716294853214
342,1784635914.1738691,-0.002660481508218462,0.021058105916668422,0.2637384102179162,5.085393675627639e-05,0.46,0.002,0.728,0.991,0.0,0.136,0.0,0.45956671645981645,0.0024465845667155295,0.7236338429729768,-0.0016160850375603823,0.0018315464407853972,0.38001097368145187,-1.918036627180045e-07,-4.1541918096836985e-08,0.4568716294853214
344,1784635914.1941454,-0.0015758654830747977,0.005089419905508326,0.26901258522206334,4.385140115997005e-05,0.46,0.002,0.73,0.991,0.0,0.136,0.0,0.45956671645981645,0.0024465845667155295,0.7236338429729768,-0.001256184265791724,0.001830011301258679,0.3822464965358771,-1.918036627180045e-07,-4.1541918096836985e-08,0.4568716294853214
345,1784635914.2142444,-0.0010387702463386076,-0.0005394317883113103,0.2647330672753739,4.204101846451746e-05,0.46,0.002,0.731,0.991,0.0,0.136,0.0,0.45956671645981645,0.0024465845667155295,0.7236338429729768,-0.0011253192199786755,0.001827962005302129,0.38314203472348624,-1.918036627180045e-07,-4.1541918096836985e-08,0.4568716294853214
346,1784635914.233115,-0.0021353111989333646,-0.014476707608028072,0.26775599122527766,5.189569555939546e-05,0.46,0.002,0.732,0.991,0.0,0.137,0.0,0.45956671645981645,0.0024465845667155295,0.7236338429729768,-0.000950679909618006,0.0018233027527495517,0.38448973937145775,-1.918036627180045e-07,-4.1541918096836985e-08,0.4688716294853214
347,1784635914.2527769,-0.001742772048380587,-0.016890758089331454,0.262650080864668,5.4440949943241656e-05,0.46,0.002,0.733,0.991,0.0,0.137,0.0,0.45956671645981645,0.0024465845667155295,0.7236338429729768,-0.000753622185541412,0.0018126655690464946,0.38652004334445483,-1.918036627180045e-07,-4.1541918096836985e-08,0.4688716294853214
348,1784635914.2753778,-0.000991358943788148,-0.01525363132392572,0.2713998840417266,4.7035837780379385e-05,0.46,0.002,0.734,0.991,0.0,0.137,0.0,0.45956671645981645,0.0024465845667155295,0.7236338429729768,-0.0006667346201773559,0.001803133211598319,0.3878618559683271,-1.918036627180045e-07,-4.1541918096836985e-08,0.4688716294853214
349,1784635914.295008,-0.0016498787662835098,-0.02220554013722892,0.26187096092958184,5.489390879216212e-05,0.46,0.002,0.736,0.99,0.0,0.138,0.0,0.45956671645981645,0.0024465845667155295,0.7236338429729768,-0.0006250255532558638,0.0017936672607553861,0.3889807699353816,-1.918036627180045e-07,-4.1541918096836985e-08,0.4688716294853214
350,1784635914.3242142,-0.0004926792477679405,-0.04662070200454339,0.27011878898161223,3.913505997917665e-05,0.46,0.002,0.737,0.99,0.0,0.138,0.0,0.4594095452192456,0.0023473688247263686,0.7323275218087852,-0.0006043566794646188,0.0017805063400138908,0.3903111875325819,-1.918036627180045e-07,-4.1541918096836985e-08,0.4688716294853214
350,1784635914.345541,-0.003542371932015003,-0.03068066436892833,0.2523764869753385,9.721594265856725e-05,0.46,0.002,0.739,0.99,0.0,0.138,0.0,0.4594095452192456,0.0023473688247263686,0.7323275218087852,-0.0006996289359340345,0.0017481319978994599,0.39297990716464254,-1.918036627180045e-07,-4.1541918096836985e-08,0.4688716294853214
353,1784635914.3669443,-0.003754976558043065,-0.0168641272029552,0.2655887809440184,0.00012226836584081714,0.46,0.002,0.741,0.99,0.0,0.138,0.0,0.4594095452192456,0.0023473688247263686,0.7323275218087852,-0.0008128514893319098,0.0017289292505366003,0.39432315946204877,-1.918036627180045e-07,-4.1541918096836985e-08,0.4688716294853214
353,1784635914.385481,-0.0025695744831128894,-0.02759962969855473,0.2631840248791345,0.00010296364406623308,0.461,0.002,0.743,0.99,0.0,0.138,0.0,0.4594095452192456,0.0023473688247263686,0.7323275218087852,-0.0010721235883431434,0.0016925837880766767,0.3965609669412519,-1.918036627180045e-07,-4.1541918096836985e-08,0.4688716294853214
355,1784635914.4035707,-0.0005579390241532778,-0.03551046147413785,0.26927648025347695,6.55978340524086e-05,0.461,0.002,0.744,0.99,0.0,0.138,0.0,0.4594095452192456,0.0023473688247263686,0.7323275218087852,-0.0012630937876338434,0.0016682189237768334,0.3979102201242218,-1.918036627180045e-07,-4.1541918096836985e-08,0.4688716294853214
355,1784635914.4258966,-0.002261846576869298,-0.024704715843762777,0.260583173841449,8.413652301210415e-05,0.461,0.002,0.745,0.99,0.0,0.138,0.0,0.4594095452192456,0.0023473688247263686,0.7323275218087852,-0.0014850255225538646,0.0016420018980684598,0.3992400426460331,-1.918036627180045e-07,-4.1541918096836985e-08,0.4808716294853214
357,1784635914.4461105,-0.001196058373144395,-0.02033583449969243,0.2699468422461429,7.431615308422742e-05,0.461,0.002,0.747,0.991,0.0,0.137,0.0,0.4594095452192456,0.0023473688247263686,0.7323275218087852,-0.0017582266541330649,0.0016091784152035076,0.4007660575476845,-1.918036627180045e-07,-4.1541918096836985e-08,0.4808716294853214
357,1784635914.4672844,0.00043272067458145487,-0.04845023536634177,0.26496212152970705,5.635844571886868e-05,0.462,0.002,0.748,0.991,0.0,0.137,0.0,0.4608281662120286,0.0021136933182839446,0.7435766729175115,-0.0020587375146614373,0.001568858772582347,0.4024835370026798,-1.918036627180045e-07,-4.1541918096836985e-08,0.4808716294853214
359,1784635914.4909098,-0.002641090622565672,-0.020764133715244455,0.2598025305516999,0.00012509616990415265,0.462,0.002,0.75,0.991,0.0,0.137,0.0,0.4608281662120286,0.0021136933182839446,0.7435766729175115,-0.002424595540363483,0.001508740093494384,0.40486508296909945,-1.918036627180045e-07,-4.1541918096836985e-08,0.4808716294853214
359,1784635914.5095022,-3.6137270216416405e-06,-0.03826613197249343,0.27335818399618295,8.582349527596722e-05,0.462,0.002,0.753,0.991,0.0,0.136,0.0,0.4608281662120286,0.0021136933182839446,0.7435766729175115,-0.002649737306054378,0.0014498410062684496,0.40700330993629885,-1.918036627180045e-07,-4.1541918096836985e-08,0.4808716294853214
361,1784635914.5232222,5.913592678847131e-05,-0.040727718418928985,0.2647253856095993,7.582590171844374e-05,0.463,0.002,0.754,0.991,0.0,0.136,0.0,0.4608281662120286,0.0021136933182839446,0.7435766729175115,-0.002709832406251637,0.001406444980233666,0.40848712733283954,-1.918036627180045e-07,-4.1541918096836985e-08,0.4808716294853214
361,1784635914.5374532,-0.00430574584401073,-0.0016623495081864378,0.25923769692260845,0.000157509456000181,0.463,0.002,0.754,0.991,0.0,0.136,0.0,0.4608281662120286,0.0021136933182839446,0.7435766729175115,-0.0027133709534323826,0.001387329428399092,0.40912177313145653,-1.918036627180045e-07,-4.1541918096836985e-08,0.4928716294853214
362,1784635914.5562375,-0.00010975248251644549,-0.0345939997850621,0.27350425774728293,0.00010294023768239983,0.463,0.002,0.755,0.991,0.0,0.136,0.0,0.4608281662120286,0.0021136933182839446,0.7435766729175115,-0.0026999759087764992,0.0013613818984573537,0.40996347329830835,-1.918036627180045e-07,-4.1541918096836985e-08,0.4928716294853214
363,1784635914.5750372,-0.001722806465247579,-0.026931675870108914,0.261913489552573,0.00011468559466077744,0.463,0.002,0.756,0.991,0.0,0.136,0.0,0.4608281662120286,0.0021136933182839446,0.7435766729175115,-0.0026634958785997933,0.0013349301528802929,0.41080409260309436,-1.918036627180045e-07,-4.1541918096836985e-08,0.4928716294853214
364,1784635914.5946612,-0.00028344869276680177,0.03397119258962683,0.27610066633836117,0.00010033526179975721,0.463,0.002,0.757,0.991,0.0,0.136,0.0,0.46267921050963945,0.0017768755080717034,0.7540998949756841,-0.0025639964587866396,0.001294351222058539,0.41207614942183984,-1.918036627180045e-07,-4.1541918096836985e-08,0.4928716294853214
365,1784635914.6166308,-0.0025136113183030465,0.061790592922730946,0.26562549618041753,9.931770838532665e-05,0.463,0.002,0.758,0.991,0.0,0.135,0.0,0.46267921050963945,0.0017768755080717034,0.7540998949756841,-0.0024234144811855884,0.0012527485763017447,0.4133598128257787,-1.918036627180045e-07,-4.1541918096836985e-08,0.4928716294853214
366,1784635914.6366017,-0.006837513824468934,0.10999478909200254,0.26060689599381776,0.0001288151368201266,0.463,0.002,0.761,0.991,0.0,0.135,0.0,0.46267921050963945,0.0017768755080717034,0.7540998949756841,-0.0019498383479837117,0.0011521382677846341,0.416422752236153,-1.918036627180045e-07,-4.1541918096836985e-08,0.4928716294853214
367,1784635914.6536617,-0.004345004756747303,0.07204869776415107,0.27186319330072484,0.00012176088630539577,0.463,0.001,0.762,0.991,0.0,0.135,0.0,0.46267921050963945,0.0017768755080717034,0.7540998949756841,-0.0016788073254044291,0.001107708221107633,0.4177795054340085,-1.918036627180045e-07,-4.1541918096836985e-08,0.4928716294853214
368,1784635914.6759372,-0.002556124775034919,0.057668135733190656,0.2684303301910635,0.00010792644991761033,0.463,0.001,0.764,0.991,0.0,0.134,0.0,0.46267921050963945,0.0017768755080717034,0.7540998949756841,-0.001368066159946661,0.0010626088068064973,0.4191715549858704,-1.918036627180045e-07,-4.1541918096836985e-08,0.4928716294853214
369,1784635914.697882,-0.0023660664492243313,0.05460052746035889,0.27029754606025863,9.358182571384208e-05,0.463,0.001,0.764,0.991,0.0,0.134,0.0,0.46267921050963945,0.0017768755080717034,0.7540998949756841,-0.0012037083776246793,0.001039829653523318,0.41987616004806605,-1.918036627180045e-07,-4.1541918096836985e-08,0.5048716294853214
369,1784635914.7162225,-0.0018883564419216678,0.052351560350110085,0.2675814472557659,8.352587650073295e-05,0.463,0.001,0.766,0.991,0.0,0.134,0.0,0.46267921050963945,0.0017768755080717034,0.7540998949756841,-0.0008714361742014037,0.0009938518062986336,0.4212923044228184,-1.918036627180045e-07,-4.1541918096836985e-08,0.5048716294853214
371,1784635914.7325082,-0.0031936656397942333,0.04094218748682561,0.2648973499586112,8.461979365437728e-05,0.463,0.001,0.767,0.991,0.0,0.135,0.0,0.46267921050963945,0.0017768755080717034,0.7540998949756841,-0.000528668547592304,0.0009473898569794987,0.422711503896039,-1.918036627180045e-07,-4.1541918096836985e-08,0.5048716294853214
372,1784635914.7546399,-0.0014136434842355707,0.03223787240219578,0.2710404704303045,7.899742129141517e-05,0.463,0.001,0.769,0.991,0.0,0.135,0.0,0.46267921050963945,0.0017768755080717034,0.7540998949756841,-0.0001311387871012944,0.0008926529486736415,0.424391467957049,-1.918036627180045e-07,-4.1541918096836985e-08,0.5048716294853214
373,1784635914.772803,-0.0020975127625118897,0.004529621736135414,0.2608885336671946,8.391217629526153e-05,0.463,0.001,0.77,0.991,0.0,0.136,0.0,0.46331273288384694,0.0014226914214841612,0.7639449466096858,8.906370157032855e-05,0.0008611540905653778,0.42536618433450546,-1.918036627180045e-07,-4.1541918096836985e-08,0.5048716294853214
374,1784635914.7949302,-0.002120848865274109,0.00120916769270717,0.26799456423197665,9.121565791198283e-05,0.463,0.001,0.772,0.991,-0.0,0.136,0.0,0.46331273288384694,0.0014226914214841612,0.7639449466096858,0.0004632284349770436,0.0008057252547652815,0.4270821200866466,-1.918036627180045e-07,-4.1541918096836985e-08,0.5048716294853214
375,1784635914.8151376,-0.0021517107498993954,-0.009808186173263912,0.262024736355496,0.00015652852944982948,0.463,0.001,0.773,0.991,-0.0,0.137,0.0,0.46331273288384694,0.0014226914214841612,0.7639449466096858,0.0007191301778957839,0.0007659440306519173,0.4283020763515281,-1.918036627180045e-07,-4.1541918096836985e-08,0.5048716294853214
376,1784635914.834505,-0.002140709013658561,-0.014064054026913214,0.26593280132599045,0.00026899310647831404,0.463,0.001,0.775,0.99,-0.0,0.138,0.0,0.46331273288384694,0.0014226914214841612,0.7639449466096858,0.00114121230279491,0.000694053617549614,0.4304921069328599,-1.918036627180045e-07,-4.1541918096836985e-08,0.5168716294853214
377,1784635914.8564882,-0.0021749655251958374,-0.004419929884716336,0.26229695655435936,0.0002742809939756699,0.463,0.001,0.778,0.99,-0.0,0.138,0.0,0.46331273288384694,0.0014226914214841612,0.7639449466096858,0.0014971683619942064,0.0006139003300696951,0.4329324079824913,-1.918036627180045e-07,-4.1541918096836985e-08,0.5168716294853214
378,1784635914.874191,-0.0014482836702350737,-0.01398124090033783,0.26846216076052837,0.0002648716732621517,0.463,0.001,0.779,0.99,-0.0,0.139,0.0,0.46331273288384694,0.0014226914214841612,0.7639449466096858,0.0016004598276469794,0.0005818070497434949,0.4339127608766133,-1.918036627180045e-07,-4.1541918096836985e-08,0.5168716294853214
379,1784635914.8942425,-0.0021226953674982037,-0.0069078184944333255,0.259736031163788,0.00027315940112487066,0.463,0.001,0.781,0.99,-0.0,0.139,0.0,0.46331273288384694,0.0014226914214841612,0.7639449466096858,0.001713047891798659,0.0005336795372227743,0.4353845200915462,-1.918036627180045e-07,-4.1541918096836985e-08,0.5168716294853214
380,1784635914.9157107,-0.002629030214433145,-0.016501988312970676,0.26527535623468035,0.0002728932282171447,0.464,0.001,0.783,0.99,-0.0,0.139,0.0,0.46325028397791174,0.0011099161635317605,0.7737488652541689,0.00178723894006445,0.0004776121526631198,0.4370969662874055,-1.918036627180045e-07,-4.1541918096836985e-08,0.5168716294853214
381,1784635914.9319007,-0.005859728865447491,0.010566378385345424,0.24989838840364662,0.0003308156792729306,0.464,0.001,0.785,0.99,-0.0,0.139,0.0,0.46325028397791174,0.0011099161635317605,0.7737488652541689,0.001808818152037273,0.00043766073522592206,0.4383149183011691,-1.918036627180045e-07,-4.1541918096836985e-08,0.5168716294853214
382,1784635914.951354,-0.005995773993050341,0.02157249481343372,0.2616321565430906,0.0002924923246070124,0.464,0.001,0.786,0.99,-0.0,0.139,0.0,0.46325028397791174,0.0011099161635317605,0.7737488652541689,0.0018044076925038278,0.000389870093659556,0.439780124193904,-1.918036627180045e-07,-4.1541918096836985e-08,0.5168716294853214
383,1784635914.9712512,-0.003022258717073423,-0.0023511950820310906,0.26320347836214,0.00021477537380782703,0.464,0.001,0.788,0.99,-0.0,0.139,0.0,0.46325028397791174,0.0011099161635317605,0.7737488652541689,0.0017740201116857159,0.0003343857028954542,0.44147752642690213,-1.918036627180045e-07,-4.1541918096836985e-08,0.5168716294853214
384,1784635914.9924948,-0.0020399105020567,-0.012869347209663547,0.26547612323076486,0.00016021188001919925,0.464,0.001,0.791,0.99,-0.0,0.139,0.0,0.46325028397791174,0.0011099161635317605,0.7737488652541689,0.0016730008545879724,0.000255745540311955,0.44389988219537313,-1.918036627180045e-07,-4.1541918096836985e-08,0.5288716294853214
385,1784635915.0137558,-0.004687961304820048,0.022777714363481576,0.25080206110626985,0.00018537383539088908,0.464,0.001,0.793,0.99,-0.0,0.139,0.0,0.46325028397791174,0.0011099161635317605,0.7737488652541689,0.0015705179579713724,0.00020896646549711318,0.4453326019087882,-1.918036627180045e-07,-4.1541918096836985e-08,0.5288716294853214
386,1784635915.032564,-0.0011516294201232226,-0.0466803848636869,0.2759898989889361,0.00012650690120383234,0.464,0.001,0.795,0.99,-0.0,0.139,0.0,0.4641976414770371,0.0006461774267890944,0.7903706746853986,0.0014123478487820175,0.00014715541759967754,0.4472176943263825,-1.918036627180045e-07,-4.1541918096836985e-08,0.5288716294853214
387,1784635915.0528994,-0.0013362389119926145,-0.06397676259009136,0.2637658603202118,0.00011007127733616931,0.465,0.0,0.797,0.99,-0.0,0.139,0.0,0.4641976414770371,0.0006461774267890944,0.7903706746853986,0.0012817682776695447,8.608173402339688e-05,0.4490621469789265,-1.918036627180045e-07,-4.1541918096836985e-08,0.5288716294853214
388,1784635915.0753024,-0.0019687497691116716,-0.05264858607525577,0.26598389529242583,0.00011874091492456449,0.465,0.0,0.799,0.99,-0.0,0.139,0.0,0.4641976414770371,0.0006461774267890944,0.7903706746853986,0.0011744451488790281,1.833797130085723e-05,0.4510910714562257,-1.918036627180045e-07,-4.1541918096836985e-08,0.5288716294853214
389,1784635915.094771,-0.005179079851567917,-0.020772718432150825,0.25563799094930706,0.00018834704969067915,0.465,0.0,0.8,0.99,-0.0,0.139,0.0,0.4641976414770371,0.0006461774267890944,0.7903706746853986,0.001159605086780238,-1.8811283622210285e-05,0.45220084548392975,-1.918036627180045e-07,-4.1541918096836985e-08,0.5288716294853214
390,1784635915.1133716,-0.0019974032254617643,-0.040880784922517864,0.27201247874302237,0.0001302941331784452,0.465,0.0,0.801,0.99,-0.0,0.139,0.0,0.4641976414770371,0.0006461774267890944,0.7903706746853986,0.0012270171154184224,-7.747989160215515e-05,0.4539422918044248,-1.918036627180045e-07,-4.1541918096836985e-08,0.5288716294853214
391,1784635915.1340847,-0.0020260247243644655,-0.03526838024319324,0.2602320374872471,0.00011876363282561724,0.465,0.0,0.803,0.99,-0.0,0.139,0.0,0.4641976414770371,0.0006461774267890944,0.7903706746853986,0.0013251427806409669,-0.00012084353195569646,0.4552447428428281,-1.918036627180045e-07,-4.1541918096836985e-08,0.5405111747915169
392,1784635915.1599257,-0.0019779369793226738,-0.0172088376151591,0.2684632849813392,0.00011564750531917839,0.465,0.0,0.805,0.99,-0.0,0.138,0.0,0.4641976414770371,0.0006461774267890944,0.7903706746853986,0.001497550664890681,-0.00017779713540623738,0.4569619661260751,-1.918036627180045e-07,-4.1541918096836985e-08,0.5405111747915169
392,1784635915.1742039,-0.002003655679715985,-0.015233030857824976,0.2619097235040223,0.00011019626741945042,0.465,0.0,0.806,0.99,-0.0,0.138,0.0,0.4641976414770371,0.0006461774267890944,0.7903706746853986,0.001639162730147683,-0.00021286558771996969,0.4580351732359689,-1.918036627180045e-07,-4.1541918096836985e-08,0.5405111747915169
394,1784635915.194231,-0.005426183242353045,0.07939357914549554,0.26060758579393317,0.0001910613540840129,0.465,0.0,0.807,0.99,-0.0,0.138,0.0,0.46490152391250555,0.00026077435840781517,0.8032840715282561,0.001769666604924898,-0.00024062168855823018,0.45889305132742975,-1.918036627180045e-07,-4.1541918096836985e-08,0.5405111747915169
395,1784635915.2149992,-0.0034842749146892877,0.06133332341047456,0.2692795097776732,0.0001706273311300092,0.465,0.0,0.808,0.991,-0.0,0.137,0.0,0.46490152391250555,0.00026077435840781517,0.8032840715282561,0.0020247693213138714,-0.00028854910391123723,0.4603862063582289,-1.918036627180045e-07,-4.1541918096836985e-08,0.5405111747915169
396,1784635915.2352324,-0.0034723124281043098,0.05225554097081656,0.2624770892655497,0.00014210039237993688,0.465,0.0,0.81,0.991,-0.0,0.137,0.0,0.46490152391250555,0.00026077435840781517,0.8032840715282561,0.002304116082975851,-0.0003356370080904029,0.4618698748090145,-1.918036627180045e-07,-4.1541918096836985e-08,0.5405111747915169
397,1784635915.2583227,0.006718818574346642,0.07434173071205999,0.2605428356813634,-2.937815599577526e-05,0.465,0.0,0.811,0.991,-0.001,0.137,0.0,0.46490152391250555,0.00026077435840781517,0.8032840715282561,0.0026949894728350043,-0.00039492099023582183,0.4637200320404322,-1.918036627180045e-07,-4.1541918096836985e-08,0.5405111747915169
397,1784635915.2816885,0.009555019203649491,0.03359590642687158,0.2691421954534006,-0.00011798690460431476,0.465,0.0,0.812,0.991,-0.001,0.137,0.0,0.46490152391250555,0.00026077435840781517,0.8032840715282561,0.0029129534276783795,-0.0004272220668189999,0.46474193859676216,-1.918036627180045e-07,-4.1541918096836985e-08,0.5405111747915169
399,1784635915.3087888,0.009949554218893172,0.014190860710690749,0.2659599433624519,-0.0002184843355649718,0.465,-0.0,0.814,0.991,-0.001,0.137,0.0,0.46490152391250555,0.00026077435840781517,0.8032840715282561,0.0032568642590867307,-0.00047793137737579616,0.46636132594743646,-1.918036627180045e-07,-4.1541918096836985e-08,0.5405111747915169
399,1784635915.3317113,0.008240456858501763,-0.0025897014927301586,0.26453860616870345,-0.00028556367239313826,0.465,-0.0,0.816,0.99,-0.001,0.138,0.0,0.46490152391250555,0.00026077435840781517,0.8032840715282561,0.0036603361000788993,-0.0005395952970393544,0.4683130572936995,-1.918036627180045e-07,-4.1541918096836985e-08,0.5506678005602018
402,1784635915.3533764,0.008025872935809447,-0.022681953426933885,0.2658746083159585,-0.000324028480541799,0.465,-0.0,0.817,0.99,-0.001,0.138,0.0,0.4647789694422175,-2.2619648153324287e-06,0.8137956855636386,0.003916798034612916,-0.0005815584592364581,0.46965139334978157,-1.918036627180045e-07,-4.1541918096836985e-08,0.5506678005602018
402,1784635915.3740647,0.006590894546535768,-0.02323084631631056,0.2620127915066145,-0.00036087668318351024,0.465,-0.0,0.819,0.99,-0.001,0.138,0.0,0.4647789694422175,-2.2619648153324287e-06,0.8137956855636386,0.004133400123251149,-0.0006224838211962411,0.4709848681627751,-1.918036627180045e-07,-4.1541918096836985e-08,0.5506678005602018
404,1784635915.395642,-0.0034975733344751354,-0.031764081958005445,0.26853833648837316,-0.00015250595436206755,0.465,-0.0,0.82,0.99,-0.0,0.139,0.0,0.4647789694422175,-2.2619648153324287e-06,0.8137956855636386,0.00430170067449023,-0.0006623328579834039,0.4723065404227036,-1.918036627180045e-07,-4.1541918096836985e-08,0.5506678005602018
404,1784635915.4179916,-0.0066549347391265,-0.026473011142846527,0.25953559539527266,-3.0136628413694776e-05,0.465,-0.0,0.821,0.99,-0.0,0.139,0.0,0.4647789694422175,-2.2619648153324287e-06,0.8137956855636386,0.004405979320088131,-0.0006955989661908131,0.4734232907481944,-1.918036627180045e-07,-4.1541918096836985e-08,0.5506678005602018
406,1784635915.4430408,-0.005908655845989707,-0.022449268680669283,0.2687554550858095,1.8505220290596636e-05,0.465,-0.0,0.823,0.99,-0.0,0.139,0.0,0.4647789694422175,-2.2619648153324287e-06,0.8137956855636386,0.004479304217783248,-0.0007386213888762564,0.474887704292233,-1.918036627180045e-07,-4.1541918096836985e-08,0.5506678005602018
406,1784635915.4663095,-0.006395871307400464,-0.011133946849508896,0.2587738171354237,5.715021785141767e-05,0.465,-0.0,0.825,0.99,-0.0,0.139,0.0,0.4647789694422175,-2.2619648153324287e-06,0.8137956855636386,0.004474718805687286,-0.0007800388647864378,0.47633745588641413,-1.918036627180045e-07,-4.1541918096836985e-08,0.5588177588331148
409,1784635915.493456,-0.005042277957485482,-0.03160906839215176,0.26835280289375185,6.104645828815821e-05,0.465,-0.0,0.826,0.99,-0.0,0.139,0.0,0.4648822436631398,-0.00013961048502576226,0.8234003007657851,0.004420076490074497,-0.0008099967390662429,0.4774180892718338,-1.918036627180045e-07,-4.1541918096836985e-08,0.5588177588331148
409,1784635915.5160987,-0.005227769897346933,0.006576672276803544,0.2508689526811365,0.00010145698143642512,0.465,-0.0,0.828,0.99,-0.0,0.139,0.0,0.4648822436631398,-0.00013961048502576226,0.8234003007657851,0.004282476111768915,-0.0008530589080594826,0.47901938518415904,-1.918036627180045e-07,-4.1541918096836985e-08,0.5588177588331148
411,1784635915.5395536,-0.001228004271580341,0.014312739388222553,0.26438182167588004,9.071060675851559e-05,0.465,-0.0,0.829,0.99,-0.0,0.139,0.0,0.4648822436631398,-0.00013961048502576226,0.8234003007657851,0.004094729822934514,-0.0008937486549893219,0.48060560514640316,-1.918036627180045e-07,-4.1541918096836985e-08,0.5588177588331148
411,1784635915.560487,0.0006125091624222083,-0.023073936414515956,0.263348955777567,-0.00020368649011975719,0.465,-0.0,0.831,0.99,-0.0,0.139,0.0,0.4648822436631398,-0.00013961048502576226,0.8234003007657851,0.0039218762497598685,-0.0009277987456855094,0.48201003255412317,-1.918036627180045e-07,-4.1541918096836985e-08,0.5588177588331148
413,1784635915.584125,0.0034493424518110293,-0.013506266403689498,0.2621622947871863,-0.0009205777139795659,0.466,-0.0,0.832,0.99,-0.0,0.138,0.0,0.4648822436631398,-0.00013961048502576226,0.8234003007657851,0.0037230781035718628,-0.0009636613730244061,0.4835339936829412,-1.918036627180045e-07,-4.1541918096836985e-08,0.5588177588331148
413,1784635915.6107483,0.013881399035078939,-0.022714298861205073,0.265337598956671,-0.001316743865945328,0.466,-0.0,0.834,0.99,-0.001,0.138,0.0,0.4648822436631398,-0.00013961048502576226,0.8234003007657851,0.003584585012280279,-0.0009860830029202793,0.48451926065757756,-1.918036627180045e-07,-4.1541918096836985e-08,0.5588177588331148
416,1784635915.637006,0.015434849702904374,-0.01821532938555942,0.2609996257018973,-0.001558964902509265,0.466,-0.0,0.835,0.99,-0.001,0.138,0.0,0.4648822436631398,-0.00013961048502576226,0.8234003007657851,0.0033835871795035942,-0.0010206652004834842,0.48612014574972023,-1.918036627180045e-07,-4.1541918096836985e-08,0.5650962177876327
416,1784635915.663951,0.014207949559574027,-0.025578957397480735,0.2678848894706384,-0.0013954249272784395,0.466,-0.0,0.836,0.99,-0.001,0.138,0.0,0.4657447941518662,-0.00021934885199088362,0.8332728643306588,0.0032650873129843132,-0.0010457218353528814,0.48736329090694247,-1.918036627180045e-07,-4.1541918096836985e-08,0.5650962177876327
418,1784635915.6888385,0.010980434865789524,-0.0028246195905276897,0.2573612439086278,-0.0011076083864654477,0.466,-0.0,0.838,0.99,-0.001,0.138,0.0,0.4657447941518662,-0.00021934885199088362,0.8332728643306588,0.0031955085597686755,-0.001071001016548257,0.48873107758859086,-1.918036627180045e-07,-4.1541918096836985e-08,0.5650962177876327
420,1784635915.7138982,0.007874859045789124,-0.017636693421665912,0.2709655079524445,-0.000688376485413028,0.466,-0.0,0.839,0.99,-0.001,0.138,0.0,0.4657447941518662,-0.00021934885199088362,0.8332728643306588,0.003201214247322741,-0.0010953330967892307,0.4902020286067314,-1.918036627180045e-07,-4.1541918096836985e-08,0.5650962177876327
420,1784635915.7425263,2.1506443241036885e-05,0.013157745684354811,0.25594559448549153,-9.84547064939304e-05,0.466,-0.0,0.84,0.99,-0.001,0.138,0.0,0.4657447941518662,-0.00021934885199088362,0.8332728643306588,0.0032610559442853787,-0.0011098946418980303,0.49121871978515885,-1.918036627180045e-07,-4.1541918096836985e-08,0.5650962177876327
422,1784635915.771405,-0.012837846650268908,0.01840535518044814,0.26781547524614074,0.0003955751767269004,0.466,-0.0,0.841,0.99,-0.0,0.138,0.0,0.4657447941518662,-0.00021934885199088362,0.8332728643306588,0.0034309850370950043,-0.0011285299029771179,0.4927711802032503,-1.918036627180045e-07,-4.1541918096836985e-08,0.5699034490948365
424,1784635915.7987044,-0.007462748726188628,0.0005029153680518282,0.26292987001801243,0.0004066776192274098,0.466,-0.0,0.842,0.991,-0.0,0.137,0.0,0.4657447941518662,-0.00021934885199088362,0.8332728643306588,0.003668906004977508,-0.0011407405078898366,0.494164722972166,-1.918036627180045e-07,-4.1541918096836985e-08,0.5699034490948365
424,1784635915.8243349,-0.010379477551852909,0.05152300242622679,0.26236989501876823,0.0005103670561984745,0.466,-0.0,0.843,0.991,-0.0,0.137,0.0,0.4660203098162209,-0.00022096421720537893,0.8403624058759487,0.00391587800684187,-0.0011478063430178773,0.495370575519966,-1.918036627180045e-07,-4.1541918096836985e-08,0.5699034490948365
427,1784635915.8477035,-0.0041401154819040616,0.02779099183286078,0.2667239492749488,0.0003858054575450256,0.466,-0.0,0.844,0.991,-0.0,0.137,0.0,0.4660203098162209,-0.00022096421720537893,0.8403624058759487,0.004125572632258562,-0.0011506697539791955,0.49627092697537273,-1.918036627180045e-07,-4.1541918096836985e-08,0.5699034490948365
427,1784635915.8640387,-0.000853588198438832,0.020526799066828843,0.2632997101825131,0.00024618106982170624,0.466,-0.0,0.845,0.991,-0.0,0.137,0.0,0.4660203098162209,-0.00022096421720537893,0.8403624058759487,0.0043315393575595745,-0.0011511963272289175,0.4971482606643738,-1.918036627180045e-07,-4.1541918096836985e-08,0.5699034490948365
428,1784635915.8802373,0.0008263804422533323,0.014004164075925692,0.2659378276096392,0.00015803321367195946,0.466,-0.0,0.846,0.991,-0.0,0.137,0.0,0.4660203098162209,-0.00022096421720537893,0.8403624058759487,0.004464166469038957,-0.001150142887131467,0.4977586447269475,-1.918036627180045e-07,-4.1541918096836985e-08,0.5699034490948365
429,1784635915.9022076,-0.00017583554482222428,0.007246577589033189,0.2651744290390893,0.00011496568237993459,0.466,-0.0,0.846,0.991,-0.0,0.137,0.0,0.4660203098162209,-0.00022096421720537893,0.8403624058759487,0.004535248794977173,-0.0011489392920100239,0.4981179217073448,-1.918036627180045e-07,-4.1541918096836985e-08,0.5699034490948365
429,1784635915.919124,0.00022469177655969194,-0.006321319823874358,0.2662284850321059,8.54476058498381e-05,0.466,-0.0,0.847,0.99,-0.0,0.138,0.0,0.4660203098162209,-0.00022096421720537893,0.8403624058759487,0.004664655188570454,-0.0011452437200143095,0.4988129184255936,-1.918036627180045e-07,-4.1541918096836985e-08,0.5736283825403548
431,1784635915.934379,-0.00018754962389733968,-0.0318402494489331,0.26302856520525103,7.002714562793155e-05,0.466,-0.0,0.847,0.99,-0.0,0.138,0.0,0.4655925638004741,-0.00015639713706482603,0.8461271129519351,0.0047573764818028205,-0.0011408552628947284,0.49936635978271554,-1.918036627180045e-07,-4.1541918096836985e-08,0.5736283825403548
432,1784635915.9530616,0.0002595536235389042,-0.03440636489703849,0.2646839067463699,5.7341101896420845e-05,0.466,-0.0,0.848,0.99,-0.0,0.138,0.0,0.4655925638004741,-0.00015639713706482603,0.8461271129519351,0.004861555356544785,-0.0011327169987256811,0.5001036279563101,-1.918036627180045e-07,-4.1541918096836985e-08,0.5736283825403548
433,1784635915.9739754,0.0007606868604574319,-0.0336759693890924,0.2618889446180089,4.754359316716735e-05,0.466,-0.0,0.849,0.99,-0.0,0.138,0.0,0.4655925638004741,-0.00015639713706482603,0.8461271129519351,0.0049389678983217675,-0.0011205858705925663,0.5008966478265199,-1.918036627180045e-07,-4.1541918096836985e-08,0.5736283825403548
434,1784635915.9922493,0.0033431933472463137,-0.02779014510162471,0.25992759610918037,-4.822935548608985e-05,0.466,-0.0,0.849,0.99,-0.0,0.138,0.0,0.4655925638004741,-0.00015639713706482603,0.8461271129519351,0.0049607795527757915,-0.0011095268316865575,0.5014645936223366,-1.918036627180045e-07,-4.1541918096836985e-08,0.5736283825403548
435,1784635916.014176,6.573098359875362e-05,-0.025585939538368983,0.26537144000001245,-3.5691886397893352e-06,0.466,-0.0,0.85,0.99,-0.0,0.138,0.0,0.4655925638004741,-0.00015639713706482603,0.8461271129519351,0.004936364800372873,-0.0010922141194271123,0.5021874282932156,-1.918036627180045e-07,-4.1541918096836985e-08,0.5736283825403548
436,1784635916.033257,0.00045858815982873814,-0.021237926804315816,0.26121989608618057,7.512604702399687e-06,0.466,-0.0,0.851,0.99,-0.0,0.138,0.0,0.4655925638004741,-0.00015639713706482603,0.8461271129519351,0.004846929590276089,-0.00107203155837849,0.5028712721275437,-1.918036627180045e-07,-4.1541918096836985e-08,0.5736283825403548
437,1784635916.0535202,1.6771818536626994e-05,-0.0171203309511544,0.2645171880281699,1.5899654804361874e-05,0.466,-0.0,0.851,0.99,-0.0,0.138,0.0,0.4655925638004741,-0.00015639713706482603,0.8461271129519351,0.004800298191121362,-0.0010637417374557057,0.5031108619350753,-1.918036627180045e-07,-4.1541918096836985e-08,0.5765683797503554
438,1784635916.0742767,-0.0024898313493604543,-0.03404576238777791,0.264217239873582,3.823729337149652e-05,0.466,-0.0,0.852,0.99,-0.0,0.138,0.0,0.4657278776028012,-0.00010765198884056504,0.8514414972817377,0.004660245076852247,-0.0010428894298960573,0.5036492430916778,-1.918036627180045e-07,-4.1541918096836985e-08,0.5765683797503554
439,1784635916.0950294,-0.001533931396421779,-0.028328054757969248,0.2634708047766316,3.193052955911414e-05,0.466,-0.0,0.852,0.99,-0.0,0.138,0.0,0.4657278776028012,-0.00010765198884056504,0.8514414972817377,0.004534759510156208,-0.0010267187802218108,0.5040218491181989,-1.918036627180045e-07,-4.1541918096836985e-08,0.5765683797503554
440,1784635916.1153102,-0.002596512263542657,-0.03252781478007062,0.26513864857230035,4.377704089608094e-05,0.466,-0.0,0.853,0.99,-0.0,0.138,0.0,0.4657278776028012,-0.00010765198884056504,0.8514414972817377,0.004364371803798257,-0.001005931626851353,0.5044596289782097,-1.918036627180045e-07,-4.1541918096836985e-08,0.5765683797503554
441,1784635916.140028,-0.0015451689882623398,-0.026129903514534855,0.2629216152960744,3.44281586506237e-05,0.466,-0.0,0.853,0.99,-0.0,0.138,0.0,0.4657278776028012,-0.00010765198884056504,0.8514414972817377,0.004178776148725532,-0.0009836610855515173,0.5048929426451739,-1.918036627180045e-07,-4.1541918096836985e-08,0.5765683797503554
441,1784635916.157607,-0.0014555909381379472,-0.024432742960840033,0.26474614573938976,2.9811250486786142e-05,0.466,-0.0,0.854,0.99,-0.0,0.138,0.0,0.4657278776028012,-0.00010765198884056504,0.8514414972817377,0.003985104696505344,-0.0009599387552960662,0.5053241154699081,-1.918036627180045e-07,-4.1541918096836985e-08,0.5765683797503554
443,1784635916.1753812,-0.0009814469113746632,-0.013937641215357167,0.2634692963248639,2.6133981990927625e-05,0.466,-0.0,0.854,0.991,-0.0,0.137,0.0,0.4657278776028012,-0.00010765198884056504,0.8514414972817377,0.00373246272591081,-0.0009261069330276688,0.5058947320438075,-1.918036627180045e-07,-4.1541918096836985e-08,0.5765683797503554
444,1784635916.1988583,-0.0004744739565948362,0.010362511194829168,0.26196587485522776,2.3328843781550538e-05,0.466,-0.0,0.855,0.991,-0.0,0.137,0.0,0.4657278776028012,-0.00010765198884056504,0.8514414972817377,0.0035876190437162205,-0.0009037235742120036,0.5062419981239665,-1.918036627180045e-07,-4.1541918096836985e-08,0.5765683797503554
444,1784635916.2175605,-0.000901959920130118,-0.010555043696391403,0.2657093067000304,2.0527658679613197e-05,0.466,-0.0,0.855,0.991,-0.0,0.137,0.0,0.4657278776028012,-0.00010765198884056504,0.8514414972817377,0.003508411044194446,-0.0008898494730774654,0.5064445800794047,-1.918036627180045e-07,-4.1541918096836985e-08,0.5765683797503554
446,1784635916.2372594,-0.00207756672556184,-0.02345413971114538,0.2641023781067225,3.279350853820952e-05,0.466,-0.0,0.855,0.991,-0.0,0.137,0.0,0.4657278776028012,-0.00010765198884056504,0.8514414972817377,0.0033903767366157975,-0.0008660035793299461,0.5067737800652692,-1.918036627180045e-07,-4.1541918096836985e-08,0.5789342110594375
446,1784635916.257317,-0.0005409426947364324,-0.014221160613836875,0.2642330434463505,2.3177507002357444e-05,0.466,-0.0,0.856,0.991,-0.0,0.137,0.0,0.4657278776028012,-0.00010765198884056504,0.8514414972817377,0.003274648186631534,-0.0008362329552029515,0.5071521091273072,-1.918036627180045e-07,-4.1541918096836985e-08,0.5789342110594375
448,1784635916.2764301,0.001214812402054983,0.03342116174446619,0.26432084787065896,7.314624505738876e-05,0.466,-0.0,0.856,0.991,-0.0,0.137,0.0,0.46606146771204043,-4.5223570898581824e-05,0.8551736376488016,0.003167418142261894,-0.0007946684472836662,0.5076223136717042,-1.918036627180045e-07,-4.1541918096836985e-08,0.5789342110594375
449,1784635916.3002708,0.0013418636336781187,0.045871753320253374,0.26458490740334767,3.646087861101345e-05,0.466,-0.0,0.857,0.991,-0.0,0.136,0.0,0.46606146771204043,-4.5223570898581824e-05,0.8551736376488016,0.0031212942095842112,-0.0007454928573682643,0.5081092136757908,-1.918036627180045e-07,-4.1541918096836985e-08,0.5789342110594375
449,1784635916.3250139,-0.0007414445615028221,0.02351645229959752,0.26669940777157614,2.0877688194454772e-05,0.466,0.0,0.857,0.991,-0.0,0.136,0.0,0.46606146771204043,-4.5223570898581824e-05,0.8551736376488016,0.0031363869618205313,-0.0007055984937412507,0.5084638889517068,-1.918036627180045e-07,-4.1541918096836985e-08,0.5789342110594375
451,1784635916.3423064,-0.0008894144704280707,0.020847941079267747,0.2651852263864656,1.5136875375128357e-05,0.466,0.0,0.857,0.991,-0.0,0.136,0.0,0.46606146771204043,-4.5223570898581824e-05,0.8551736376488016,0.003219343095351343,-0.0006523611744965646,0.5088883636096466,-1.918036627180045e-07,-4.1541918096836985e-08,0.5789342110594375
452,1784635916.3585768,-0.0008951525837962036,0.02153489368159756,0.26587884058736133,1.3412428540941641e-05,0.466,0.0,0.858,0.991,-0.0,0.136,0.0,0.46606146771204043,-4.5223570898581824e-05,0.8551736376488016,0.003293142815182483,-0.0006219119376483005,0.5091103854969125,-1.918036627180045e-07,-4.1541918096836985e-08,0.5789342110594375
453,1784635916.3742697,-0.0013775954581467002,0.018378175328134023,0.26532833881677653,1.2724312652726917e-05,0.466,0.0,0.858,0.991,-0.0,0.136,0.0,0.46606146771204043,-4.5223570898581824e-05,0.8551736376488016,0.0034057472341271038,-0.0005846132483750293,0.5093662399943875,-1.918036627180045e-07,-4.1541918096836985e-08,0.5789342110594375
454,1784635916.3929212,-0.0012840798430639217,0.013741831059083278,0.26519503535614797,3.1272387764650113e-06,0.466,0.0,0.858,0.991,-0.0,0.136,0.0,0.4656176179615108,6.182794089618201e-05,0.8577629644937187,0.003540044269225903,-0.0005465450464736718,0.5096151459260908,-1.918036627180045e-07,-4.1541918096836985e-08,0.5808728030120005
455,1784635916.41174,0.001479531288818951,0.006340224270827657,0.2637157351680221,-2.0023161955163447e-05,0.465,0.0,0.858,0.991,-0.0,0.137,0.0,0.4656176179615108,6.182794089618201e-05,0.8577629644937187,0.0037153830009170534,-0.0005012459998715252,0.5098982190364838,-1.918036627180045e-07,-4.1541918096836985e-08,0.5808728030120005
456,1784635916.4461143,0.000527150722453362,0.002493152875946914,0.26591380274620136,-2.5428328992555598e-05,0.465,0.0,0.859,0.991,-0.0,0.137,0.0,0.4656176179615108,6.182794089618201e-05,0.8577629644937187,0.0038736745631243346,-0.0004617309057999937,0.5101352600309698,-1.918036627180045e-07,-4.1541918096836985e-08,0.5808728030120005
456,1784635916.4677486,0.0027349233454295224,0.00752447272092246,0.2630467080224959,-4.973096616314141e-05,0.465,0.0,0.859,0.991,-0.0,0.137,0.0,0.4656176179615108,6.182794089618201e-05,0.8577629644937187,0.0041515466286671035,-0.0003878532629624709,0.5105546056911463,-1.918036627180045e-07,-4.1541918096836985e-08,0.5808728030120005
459,1784635916.4900122,0.00013060591898689678,0.005194333337608267,0.2664902389327866,-4.204774869328483e-05,0.465,0.0,0.859,0.991,-0.0,0.137,0.0,0.4656176179615108,6.182794089618201e-05,0.8577629644937187,0.004317059307176352,-0.00033312954251678425,0.5108404251756021,-1.918036627180045e-07,-4.1541918096836985e-08,0.5808728030120005
459,1784635916.5039804,-0.0011732617783597296,-0.006000931050615435,0.2642510015032489,-3.04182332479467e-05,0.465,0.0,0.86,0.99,-0.0,0.138,0.0,0.4656176179615108,6.182794089618201e-05,0.8577629644937187,0.004425452048311828,-0.00028466235744384333,0.5110796980052078,-1.918036627180045e-07,-4.1541918096836985e-08,0.5808728030120005
460,1784635916.5192945,-0.00012455365019409942,-0.0029919077243350314,0.26537759862546334,-3.2980805242823964e-05,0.465,0.0,0.86,0.99,-0.0,0.138,0.0,0.4656176179615108,6.182794089618201e-05,0.8577629644937187,0.0044608246939396535,-0.0002637419053729836,0.5111766335971216,-1.918036627180045e-07,-4.1541918096836985e-08,0.5808728030120005
461,1784635916.5412242,-0.0005370113707354413,-0.0009370848686750385,0.26461810701517635,-3.0565806413233956e-05,0.464,0.0,0.86,0.99,-0.0,0.138,0.0,0.4656176179615108,6.182794089618201e-05,0.8577629644937187,0.004511130744434068,-0.000214619272271864,0.5113870711759143,-1.918036627180045e-07,-4.1541918096836985e-08,0.5824872665505981
461,1784635916.563698,0.0029078208548987596,-0.016606628393911912,0.2617910571029137,-6.699934865675422e-05,0.464,0.0,0.86,0.99,-0.0,0.138,0.0,0.4645389348350708,0.00024342844399444642,0.8598325360693998,0.00451273949421885,-0.00016510759068917734,0.5115815310908588,-1.918036627180045e-07,-4.1541918096836985e-08,0.5824872665505981
463,1784635916.5875683,0.0035932979352579744,-0.015769434736543356,0.2638578149433549,-9.01611524596077e-05,0.464,0.0,0.861,0.99,-0.0,0.138,0.0,0.4645389348350708,0.00024342844399444642,0.8598325360693998,0.004452327358571074,-0.00010810440147994249,0.5117871604165594,-1.918036627180045e-07,-4.1541918096836985e-08,0.5824872665505981
463,1784635916.610536,0.0007203499920695271,-0.026828361531736206,0.2639647351987236,-6.076250739537173e-05,0.464,0.0,0.861,0.99,-0.0,0.138,0.0,0.4645389348350708,0.00024342844399444642,0.8598325360693998,0.004301980955839608,-4.350686314431996e-05,0.5120054792996016,-1.918036627180045e-07,-4.1541918096836985e-08,0.5824872665505981
466,1784635916.6326644,0.0011828354450670552,-0.024160321722655104,0.26361165045732926,-6.304848539286486e-05,0.464,0.0,0.861,0.99,-0.0,0.138,0.0,0.4645389348350708,0.00024342844399444642,0.8598325360693998,0.004094825729705286,1.4284891513034386e-05,0.5121881965145335,-1.918036627180045e-07,-4.1541918096836985e-08,0.5824872665505981
466,1784635916.6579473,0.0012069839459605519,-0.022690405297514527,0.26401120714476917,-6.454099224254315e-05,0.464,0.0,0.861,0.99,-0.0,0.138,0.0,0.4645389348350708,0.00024342844399444642,0.8598325360693998,0.0037920577684222604,7.969252838372058e-05,0.5123791972893782,-1.918036627180045e-07,-4.1541918096836985e-08,0.5824872665505981
468,1784635916.6777973,0.0022227700356954776,-0.020209918008997123,0.2637125763020742,-6.946017026129847e-05,0.464,0.001,0.862,0.99,-0.0,0.138,0.0,0.4645389348350708,0.00024342844399444642,0.8598325360693998,0.0034381216752711044,0.00014551218427577954,0.5125600422569709,-1.918036627180045e-07,-4.1541918096836985e-08,0.5824872665505981
468,1784635916.6983938,0.0016260134854120516,-0.02376637707885084,0.26427415659306014,-5.577481230505476e-05,0.464,0.001,0.862,0.99,-0.0,0.138,0.0,0.4645389348350708,0.00024342844399444642,0.8598325360693998,0.003140790652363915,0.00019699662423472842,0.5126969344357194,-1.918036627180045e-07,-4.1541918096836985e-08,0.5839272665505981
470,1784635916.7206357,0.0022814107435645582,-0.004409190082389811,0.26538825476606304,-6.818367774838601e-05,0.464,0.001,0.862,0.991,-0.0,0.137,0.0,0.4641468286753364,0.0005055110174734981,0.8615672986292955,0.002837241137573101,0.0002487493324106153,0.5128305006381219,-1.918036627180045e-07,-4.1541918096836985e-08,0.5839272665505981
470,1784635916.741077,0.0034587993028189364,-0.0031196106454851446,0.2647512170147208,-8.547851428392553e-05,0.464,0.001,0.862,0.991,-0.0,0.137,0.0,0.4641468286753364,0.0005055110174734981,0.8615672986292955,0.002582167553601144,0.0002933354028028737,0.5129396495313631,-1.918036627180045e-07,-4.1541918096836985e-08,0.5839272665505981
472,1784635916.7629972,0.001734412314929865,-0.01029205016751378,0.26548734194394685,-6.886104770792826e-05,0.464,0.001,0.862,0.991,-0.0,0.137,0.0,0.4641468286753364,0.0005055110174734981,0.8615672986292955,0.002265146169917593,0.00035313306848593247,0.5130735016025723,-1.918036627180045e-07,-4.1541918096836985e-08,0.5839272665505981
472,1784635916.7776315,0.003424603289107162,-0.0032430767882228265,0.2648584439377167,-8.625560563654323e-05,0.464,0.001,0.862,0.991,-0.0,0.137,0.0,0.4641468286753364,0.0005055110174734981,0.8615672986292955,0.001990514112775414,0.0004133619721201691,0.5131961269006681,-1.918036627180045e-07,-4.1541918096836985e-08,0.5839272665505981
474,1784635916.793732,0.003528979601846165,-0.0031228489432198157,0.26543928353427765,-9.556425573453391e-05,0.464,0.001,0.862,0.991,-0.0,0.137,0.0,0.4641468286753364,0.0005055110174734981,0.8615672986292955,0.0018729013176472082,0.00044364864652221293,0.5132546188752757,-1.918036627180045e-07,-4.1541918096836985e-08,0.5839272665505981
475,1784635916.8142843,0.00663725813860132,0.010514356176667187,0.2650815564820809,-0.0001479723271160341,0.464,0.001,0.862,0.991,-0.0,0.137,0.0,0.4641468286753364,0.0005055110174734981,0.8615672986292955,0.0016628225245756256,0.0005122384189925117,0.5133797529508949,-1.918036627180045e-07,-4.1541918096836985e-08,0.5853672665505981
476,1784635916.8343134,0.003736325305804603,0.027839356057228575,0.2671962160031124,-0.00014984863366010272,0.464,0.001,0.862,0.991,-0.0,0.136,0.0,0.46396950705165896,0.0008560060458477222,0.862290401254089,0.0015805200529122147,0.0005506213860622789,0.513445489251134,-1.918036627180045e-07,-4.1541918096836985e-08,0.5853672665505981
477,1784635916.851296,0.0030928341395214084,0.028170693739537886,0.2655499132578636,-0.00012938002357612357,0.464,0.001,0.862,0.991,-0.0,0.136,0.0,0.46396950705165896,0.0008560060458477222,0.862290401254089,0.0015150734722597012,0.0005969531689140738,0.5135210038969812,-1.918036627180045e-07,-4.1541918096836985e-08,0.5853672665505981
478,1784635916.875015,0.002549532423647226,0.02582755410215251,0.26684409514853874,-0.00017871645300240093,0.464,0.001,0.862,0.991,-0.0,0.136,0.0,0.46396950705165896,0.0008560060458477222,0.862290401254089,0.0014855781274868286,0.0006670246871281116,0.5136259020230992,-1.918036627180045e-07,-4.1541918096836985e-08,0.5853672665505981
479,1784635916.8933167,0.002048799622114648,0.0252742795673039,0.2657945457081551,-0.00020764266151592446,0.464,0.001,0.862,0.991,-0.0,0.136,0.0,0.46396950705165896,0.0008560060458477222,0.862290401254089,0.0014939745007642815,0.0006905382367958966,0.5136596976619601,-1.918036627180045e-07,-4.1541918096836985e-08,0.5853672665505981
480,1784635916.913731,0.001820706530383304,0.02052210234175328,0.2666490929823872,-0.00021879876803908613,0.463,0.001,0.862,0.991,-0.0,0.136,0.0,0.46396950705165896,0.0008560060458477222,0.862290401254089,0.0015456578388268367,0.0007457090426073677,0.5137369775993837,-1.918036627180045e-07,-4.1541918096836985e-08,0.5853672665505981
481,1784635916.9374774,0.0011609095603628181,0.018710139648418105,0.26581419835051456,-0.00021668519005481473,0.463,0.001,0.863,0.991,-0.0,0.136,0.0,0.46396950705165896,0.0008560060458477222,0.862290401254089,0.0016380163223168138,0.0008013063979115897,0.5138138258035481,-1.918036627180045e-07,-4.1541918096836985e-08,0.5853672665505981
482,1784635916.9539237,0.001961005051918103,0.008184270777534945,0.2663244464199531,-0.00022620911755547493,0.463,0.001,0.863,0.991,-0.0,0.137,0.0,0.46396950705165896,0.0008560060458477222,0.862290401254089,0.0017060572387451566,0.0008332644409025298,0.5138582365674498,-1.918036627180045e-07,-4.1541918096836985e-08,0.5853672665505981
483,1784635916.9865673,0.002488993300754308,0.007058877190494769,0.2658971286575582,-0.00023713061864740598,0.463,0.001,0.863,0.991,-0.0,0.137,0.0,0.46396950705165896,0.0008560060458477222,0.862290401254089,0.0018448916741771182,0.0008895087509439315,0.5139385819388951,-1.918036627180045e-07,-4.1541918096836985e-08,0.5868072665505981
483,1784635917.0064764,0.0016739819342653254,0.005347278123027146,0.26620873497194697,-0.0001623690219620165,0.463,0.001,0.863,0.991,-0.0,0.137,0.0,0.46396950705165896,0.0008560060458477222,0.862290401254089,0.002066923775710207,0.00097051329870851,0.5140615852755529,-1.918036627180045e-07,-4.1541918096836985e-08,0.5868072665505981
486,1784635917.0231762,0.002949283686404264,0.007060047038126986,0.26581558836780883,-0.00013289609419972983,0.463,0.001,0.863,0.991,-0.0,0.137,0.0,0.46396950705165896,0.0008560060458477222,0.862290401254089,0.0022246051599598923,0.001027626821656656,0.5141530369084004,-1.918036627180045e-07,-4.1541918096836985e-08,0.5868072665505981
486,1784635917.0384452,0.006793133832035265,0.0021313836358510313,0.2641642857940048,-0.00015021916310162774,0.463,0.001,0.863,0.991,-0.0,0.137,0.0,0.46313986809225915,0.001265703880640834,0.8625954311005668,0.0023315826346173275,0.0010685999746252663,0.5142199544297713,-1.918036627180045e-07,-4.1541918096836985e-08,0.5868072665505981
487,1784635917.054816,0.00849853261548425,0.004495656061998002,0.2652836184630337,-0.00016302574314203979,0.463,0.002,0.863,0.991,-0.0,0.137,0.0,0.46313986809225915,0.001265703880640834,0.8625954311005668,0.0024296195344699623,0.0011096986337930353,0.5142874136469905,-1.918036627180045e-07,-4.1541918096836985e-08,0.5868072665505981
488,1784635917.0776887,0.004376699961375315,-0.0003269317279244203,0.2650990174397548,-0.0001204417683174342,0.462,0.002,0.863,0.991,-0.0,0.137,0.0,0.46313986809225915,0.001265703880640834,0.8625954311005668,0.002560963471481417,0.0011756611586778746,0.5143937545077188,-1.918036627180045e-07,-4.1541918096836985e-08,0.5868072665505981
489,1784635917.098413,0.004308830843263872,0.0014197166736375413,0.2649867422004278,-0.00010914246545073571,0.462,0.002,0.863,0.991,-0.0,0.137,0.0,0.46313986809225915,0.001265703880640834,0.8625954311005668,0.002640143662814408,0.0012335101863575094,0.5144822404421996,-1.918036627180045e-07,-4.1541918096836985e-08,0.5868072665505981
489,1784635917.1193726,0.003630159126193927,-0.010300679911424743,0.2650985154395019,-8.865718050206376e-05,0.462,0.002,0.864,0.99,-0.0,0.138,0.0,0.46313986809225915,0.001265703880640834,0.8625954311005668,0.0026703883482121897,0.001274857883398047,0.5145432860073639,-1.918036627180045e-07,-4.1541918096836985e-08,0.5868072665505981
491,1784635917.1381972,0.0031136937073790514,-0.01178506139441756,0.2649974213024501,-7.713608415564464e-05,0.462,0.002,0.864,0.99,0.0,0.138,0.0,0.46313986809225915,0.001265703880640834,0.8625954311005668,0.002673909181723821,0.0013327149797335474,0.5146259354802407,-1.918036627180045e-07,-4.1541918096836985e-08,0.5882472665505981
491,1784635917.156453,0.0037451699056576726,-0.010348828308072386,0.2647098688535721,-8.361484844862832e-05,0.462,0.002,0.864,0.99,0.0,0.138,0.0,0.46313986809225915,0.001265703880640834,0.8625954311005668,0.002654944835699553,0.0013657280336732305,0.5146722361708251,-1.918036627180045e-07,-4.1541918096836985e-08,0.5882472665505981
493,1784635917.1775022,0.0016257754393187171,-0.030776526301966846,0.26354383851368707,-7.490279045865583e-05,0.462,0.002,0.864,0.99,0.0,0.138,0.0,0.4622783737533068,0.0016962770957999116,0.8635691692799918,0.002598955496536884,0.0014151324011798057,0.5147404759871886,-1.918036627180045e-07,-4.1541918096836985e-08,0.5882472665505981
493,1784635917.1952016,0.0014811112791274343,-0.03195650465761169,0.26444832339878943,-8.281271297070676e-05,0.462,0.002,0.864,0.99,0.0,0.138,0.0,0.4622783737533068,0.0016962770957999116,0.8635691692799918,0.0025284342643467524,0.001456154186554942,0.514796900614259,-1.918036627180045e-07,-4.1541918096836985e-08,0.5882472665505981
495,1784635917.2133389,0.0014734841022182683,-0.031058075935074092,0.26380207489018903,-8.957391153312126e-05,0.462,0.002,0.864,0.99,0.0,0.138,0.0,0.4622783737533068,0.0016962770957999116,0.8635691692799918,0.0023752185645900367,0.001521399257924741,0.514886693452452,-1.918036627180045e-07,-4.1541918096836985e-08,0.5882472665505981
496,1784635917.2331603,0.004608362611051575,-0.022625448979964418,0.2634571181324879,-0.00014980333155887134,0.462,0.002,0.864,0.99,0.0,0.138,0.0,0.4622783737533068,0.0016962770957999116,0.8635691692799918,0.0022305246226925254,0.001569922999520615,0.514953739126584,-1.918036627180045e-07,-4.1541918096836985e-08,0.5882472665505981
497,1784635917.252549,0.004133412125303149,-0.006738854623199952,0.2638254664885196,-0.00016822075532650055,0.462,0.002,0.865,0.991,0.0,0.137,0.0,0.4622783737533068,0.0016962770957999116,0.8635691692799918,0.002005001166760866,0.00163392049595284,0.5150466619124094,-1.918036627180045e-07,-4.1541918096836985e-08,0.5882472665505981
498,1784635917.275849,0.0025758950087447566,-0.013546893234638865,0.2643745733583995,-0.00013728928548610786,0.462,0.002,0.865,0.991,0.0,0.137,0.0,0.4622783737533068,0.0016962770957999116,0.8635691692799918,0.0018184595252183039,0.0016812857587064239,0.5151199279870142,-1.918036627180045e-07,-4.1541918096836985e-08,0.5882472665505981
499,1784635917.2965584,0.0006921276800864354,-0.017103184328885093,0.26426836816394456,-9.770800754312789e-05,0.462,0.002,0.865,0.991,0.0,0.137,0.0,0.4622783737533068,0.0016962770957999116,0.8635691692799918,0.0017213432032589112,0.001704734740633928,0.5151576687126951,-1.918036627180045e-07,-4.1541918096836985e-08,0.5896872665505981
500,1784635917.3167553,0.002168302182513995,-6.13917169543371e-05,0.2661965902709678,-9.577904804961192e-05,0.462,0.002,0.865,0.991,0.0,0.137,0.0,0.4622805004973549,0.0020880790494946927,0.8647343090163369,0.0014904029382984104,0.0017587699640769772,0.515248416418611,-1.918036627180045e-07,-4.1541918096836985e-08,0.5896872665505981
501,1784635917.3355215,0.005374571816470905,0.012396358142241777,0.26439020118604917,-0.00013303804945143831,0.462,0.002,0.865,0.991,0.0,0.137,0.0,0.4622805004973549,0.0020880790494946927,0.8647343090163369,0.0013263211008374051,0.0017967249506939712,0.5153161546360767,-1.918036627180045e-07,-4.1541918096836985e-08,0.5896872665505981
502,1784635917.355093,0.004439121689671713,0.012531963477423325,0.265950864208387,-0.00014285495201240146,0.462,0.002,0.865,0.991,0.0,0.137,0.0,0.4622805004973549,0.0020880790494946927,0.8647343090163369,0.0010766415854029396,0.0018562057116942306,0.515429089800334,-1.918036627180045e-07,-4.1541918096836985e-08,0.5896872665505981
503,1784635917.3757088,0.0024207869373301947,0.0005426388758202616,0.26512235287515123,-0.00011373729209122143,0.462,0.002,0.865,0.991,0.0,0.137,0.0,0.4622805004973549,0.0020880790494946927,0.8647343090163369,0.000908664533982969,0.0018997056840644362,0.51551874953274,-1.918036627180045e-07,-4.1541918096836985e-08,0.5896872665505981
504,1784635917.3931775,0.003789942424999599,0.01663356367547067,0.2656624766490878,-0.00012783769903165247,0.462,0.002,0.865,0.991,0.0,0.136,0.0,0.4622805004973549,0.0020880790494946927,0.8647343090163369,0.000742063210984659,0.0019491313979583234,0.5156264195983324,-1.918036627180045e-07,-4.1541918096836985e-08,0.5896872665505981
505,1784635917.4144359,0.000578495724369266,0.005132235976070071,0.26554924674196806,-8.834021335839906e-05,0.462,0.002,0.865,0.991,0.0,0.136,0.0,0.4622805004973549,0.0020880790494946927,0.8647343090163369,0.0006156192471147593,0.0019970113256574766,0.5157334757967842,-1.918036627180045e-07,-4.1541918096836985e-08,0.5896872665505981
506,1784635917.4356282,0.0015077669958515247,0.004490425991241242,0.2656036621548232,-7.260414980770561e-05,0.462,0.002,0.865,0.991,0.0,0.136,0.0,0.4622805004973549,0.0020880790494946927,0.8647343090163369,0.0005417345709971262,0.002036720918987985,0.5158238185166456,-1.918036627180045e-07,-4.1541918096836985e-08,0.5911272665505981
507,1784635917.4547844,0.0019653868053397293,0.01632425282545587,0.2666013408858018,-7.45936708200906e-05,0.462,0.002,0.865,0.991,0.0,0.136,0.0,0.46231389729102346,0.0023920682799683122,0.8651301705000773,0.0005005474779580453,0.002075115521255406,0.5159118117256366,-1.918036627180045e-07,-4.1541918096836985e-08,0.5911272665505981
508,1784635917.4789648,0.0006795438942603406,0.015271100558308558,0.26582347280758395,-5.750157317143596e-05,0.462,0.002,0.865,0.991,0.0,0.136,0.0,0.46231389729102346,0.0023920682799683122,0.8651301705000773,0.000492348121010855,0.002093794176760961,0.515954864800756,-1.918036627180045e-07,-4.1541918096836985e-08,0.5911272665505981
508,1784635917.4973538,0.0007737924478908702,0.01583918886210254,0.26643658120721214,-5.0797943754786026e-05,0.462,0.002,0.865,0.991,0.0,0.136,0.0,0.46231389729102346,0.0023920682799683122,0.8651301705000773,0.0004941740843786421,0.0021181385413127918,0.5160111385641918,-1.918036627180045e-07,-4.1541918096836985e-08,0.5911272665505981
510,1784635917.516248,0.0007772942610540837,0.015402168913755789,0.26595886635125293,-4.775032047986234e-05,0.462,0.002,0.865,0.991,0.0,0.136,0.0,0.46231389729102346,0.0023920682799683122,0.8651301705000773,0.0005160638037693904,0.002147633585662473,0.5160799481987804,-1.918036627180045e-07,-4.1541918096836985e-08,0.5911272665505981
511,1784635917.537369,0.0034118263160906686,0.004786953601366712,0.26625631230058094,-5.21908144665812e-05,0.462,0.003,0.865,0.991,0.0,0.137,0.0,0.46231389729102346,0.0023920682799683122,0.8651301705000773,0.0005795075806518392,0.002187090481539252,0.5161771253665991,-1.918036627180045e-07,-4.1541918096836985e-08,0.5911272665505981
511,1784635917.5584102,0.003588326317981995,0.004050170607306981,0.26599496865090433,-5.735977341120489e-05,0.462,0.003,0.865,0.991,0.0,0.137,0.0,0.46231389729102346,0.0023920682799683122,0.8651301705000773,0.000646667155085756,0.0022138994674266075,0.516248335329988,-1.918036627180045e-07,-4.1541918096836985e-08,0.5911272665505981
513,1784635917.5768754,0.002263526124284797,0.0035860622519448097,0.26618955965215363,-4.46601674759987e-05,0.462,0.003,0.865,0.991,0.0,0.137,0.0,0.46231389729102346,0.0023920682799683122,0.8651301705000773,0.0008284395918590363,0.002263890517767202,0.516391945327545,-1.918036627180045e-07,-4.1541918096836985e-08,0.5911272665505981
514,1784635917.5985904,0.001624008292052073,-0.005686986516675428,0.2644774928961824,-3.3029186376444224e-05,0.462,0.003,0.865,0.991,0.0,0.137,0.0,0.4619261371384459,0.0025733085480218686,0.8653862456644357,0.0010275325845482642,0.002304496544496507,0.5165267682341707,-1.918036627180045e-07,-4.1541918096836985e-08,0.5925672665505981
514,1784635917.618974,0.0020484835228569646,-0.005653317486460531,0.26569115028934537,-3.1156243174172094e-05,0.462,0.003,0.866,0.991,0.0,0.137,0.0,0.4619261371384459,0.0025733085480218686,0.8653862456644357,0.0011894927556815767,0.0023330305307115635,0.516639653586049,-1.918036627180045e-07,-4.1541918096836985e-08,0.5925672665505981
516,1784635917.6459904,0.002086920618209896,-0.005818534262969055,0.2647231813148211,-2.9539146818927997e-05,0.462,0.003,0.866,0.991,0.0,0.137,0.0,0.4619261371384459,0.0025733085480218686,0.8653862456644357,0.0013491135756410451,0.0023587840071208547,0.516757004619274,-1.918036627180045e-07,-4.1541918096836985e-08,0.5925672665505981
516,1784635917.6660128,-0.01095744051437143,-0.003210471639844812,0.2645166721502861,0.0001997423274875502,0.462,0.003,0.866,0.991,0.001,0.137,0.0,0.4619261371384459,0.0025733085480218686,0.8653862456644357,0.0016088882416276644,0.0023989136479805333,0.5169763649596806,-1.918036627180045e-07,-4.1541918096836985e-08,0.5925672665505981
519,1784635917.687985,-0.011996066921247245,-0.0029797230976494294,0.26523497852147976,0.0003209570157420975,0.462,0.003,0.866,0.991,0.001,0.137,0.0,0.4619261371384459,0.0025733085480218686,0.8653862456644357,0.0017254266354189236,0.002418448470449313,0.5171026564809673,-1.918036627180045e-07,-4.1541918096836985e-08,0.5925672665505981
519,1784635917.7115502,-0.012800201679434499,0.0006671733891730519,0.2638150629905458,0.0004047372598627357,0.462,0.003,0.866,0.991,0.001,0.137,0.0,0.4619261371384459,0.0025733085480218686,0.8653862456644357,0.001803333990329597,0.0024371297116481737,0.5172558191488245,-1.918036627180045e-07,-4.1541918096836985e-08,0.5925672665505981
521,1784635917.7350678,-0.011425418085116304,0.00014087085056438062,0.26482330989410074,0.000443489391854206,0.462,0.003,0.866,0.991,0.001,0.137,0.0,0.4619261371384459,0.0025733085480218686,0.8653862456644357,0.0018076372331525886,0.0024463402024539286,0.5173575898692022,-1.918036627180045e-07,-4.1541918096836985e-08,0.5925672665505981
521,1784635917.7551794,-0.010638870516128274,0.00024640429393981474,0.26387000430794944,0.00047335003184385864,0.462,0.003,0.867,0.991,0.001,0.137,0.0,0.4619261371384459,0.0025733085480218686,0.8653862456644357,0.0017711537505416088,0.002452328785042996,0.5174547788589572,-1.918036627180045e-07,-4.1541918096836985e-08,0.5940072665505981
523,1784635917.7709444,-0.008744887988367287,-0.020383510866924352,0.26441199182046515,0.00046934566624255014,0.462,0.003,0.867,0.991,0.001,0.137,0.0,0.4615981449255637,0.002662523025340904,0.8664422653768041,0.0016821310497856451,0.002455207296663633,0.5175596692763386,-1.918036627180045e-07,-4.1541918096836985e-08,0.5940072665505981
523,1784635917.78542,-0.007732811304830324,-0.023304491909522215,0.26405973408613104,0.00048207950851440187,0.462,0.003,0.867,0.991,0.001,0.137,0.0,0.4615981449255637,0.002662523025340904,0.8664422653768041,0.0016207357378103242,0.002455059790411591,0.5176098732427307,-1.918036627180045e-07,-4.1541918096836985e-08,0.5940072665505981
525,1784635917.7994218,0.004660967005989765,-0.024298596544430368,0.2643100997540883,0.00025166490136341714,0.462,0.003,0.867,0.991,0.0,0.137,0.0,0.4615981449255637,0.002662523025340904,0.8664422653768041,0.0015496033545246302,0.002453856271829936,0.5176594608550551,-1.918036627180045e-07,-4.1541918096836985e-08,0.5940072665505981
525,1784635917.8134758,0.0059980919318946314,-0.02461341487044314,0.26418948363715533,0.00012927069107139847,0.462,0.003,0.867,0.991,0.0,0.137,0.0,0.4615981449255637,0.002662523025340904,0.8664422653768041,0.0014902116188362157,0.0024522620538644513,0.5176965943597287,-1.918036627180045e-07,-4.1541918096836985e-08,0.5940072665505981
526,1784635917.835412,0.004483115561502801,-0.023527808844739186,0.2648207791885151,6.822202804361313e-05,0.462,0.003,0.867,0.991,0.0,0.137,0.0,0.4615981449255637,0.002662523025340904,0.8664422653768041,0.0013107844783518284,0.002445132148672491,0.5177965582481994,-1.918036627180045e-07,-4.1541918096836985e-08,0.5940072665505981
527,1784635917.8542542,0.009694967540785129,-0.022114452465771164,0.26336569208227634,1.4583331840807585e-05,0.462,0.003,0.867,0.991,0.0,0.137,0.0,0.4615981449255637,0.002662523025340904,0.8664422653768041,0.0011621435005133305,0.0024370692784641537,0.5178727035368357,-1.918036627180045e-07,-4.1541918096836985e-08,0.5940072665505981
528,1784635917.8787754,0.00415715257252486,-0.02087158048697785,0.2653681934462786,1.1466217039342954e-05,0.462,0.003,0.867,0.991,0.0,0.137,0.0,0.4615981449255637,0.002662523025340904,0.8664422653768041,0.0010074485067976518,0.002426720160651287,0.5179498597228875,-1.918036627180045e-07,-4.1541918096836985e-08,0.5940072665505981
528,1784635917.9025233,0.003736731345959733,-0.018997028043699894,0.2636882200983433,1.0698029878015001e-05,0.462,0.003,0.867,0.991,0.0,0.137,0.0,0.4615981449255637,0.002662523025340904,0.8664422653768041,0.0008788795966173756,0.0024163836196000594,0.5180149778185142,-1.918036627180045e-07,-4.1541918096836985e-08,0.5940072665505981
530,1784635917.9181552,-2.414896395945814e-05,-0.011481036580986315,0.26475958650513653,4.237471514315906e-05,0.462,0.003,0.867,0.991,0.0,0.137,0.0,0.4615981449255637,0.002662523025340904,0.8664422653768041,0.0006819445682217056,0.002396690019799956,0.5181194592959568,-1.918036627180045e-07,-4.1541918096836985e-08,0.5954472665505981
531,1784635917.933659,0.0005798296994685708,-0.018317866849189204,0.26435668702225723,3.53177140914355e-05,0.462,0.003,0.867,0.991,0.0,0.137,0.0,0.4615981449255637,0.002662523025340904,0.8664422653768041,0.0005692557616827102,0.0023824620672926932,0.5181861269142477,-1.918036627180045e-07,-4.1541918096836985e-08,0.5954472665505981
532,1784635917.9533207,0.0016031035392701752,-0.004219225890355359,0.26663692861874333,2.2865740013474664e-05,0.462,0.003,0.867,0.991,0.0,0.137,0.0,0.46202688936633124,0.002572007512318018,0.8672294966700576,0.0004491627926517194,0.0023635034433585464,0.5182672916167779,-1.918036627180045e-07,-4.1541918096836985e-08,0.5954472665505981
533,1784635917.9772844,-0.00028721345747121426,0.008141649151227198,0.2649787616117537,2.4573887906463533e-05,0.462,0.002,0.867,0.991,0.0,0.136,0.0,0.46202688936633124,0.002572007512318018,0.8672294966700576,0.0003193179862544694,0.0023351469610722055,0.5183730417627219,-1.918036627180045e-07,-4.1541918096836985e-08,0.5954472665505981
533,1784635917.9998004,-0.0025233887354482354,0.014005398616764881,0.26623959792118185,4.098977268847117e-05,0.462,0.002,0.867,0.991,0.0,0.136,0.0,0.46202688936633124,0.002572007512318018,0.8672294966700576,0.00026927422662688925,0.0023196997020456735,0.518424381899451,-1.918036627180045e-07,-4.1541918096836985e-08,0.5954472665505981
535,1784635918.0187922,-0.0005881404357453591,0.011350383859425415,0.2652973013512631,3.6651290545882856e-05,0.462,0.002,0.867,0.991,0.0,0.136,0.0,0.46202688936633124,0.002572007512318018,0.8672294966700576,0.0001987609583268204,0.0022819962323488096,0.5185394273608441,-1.918036627180045e-07,-4.1541918096836985e-08,0.5954472665505981
535,1784635918.040342,-0.0020650327097532463,0.011711844350653974,0.2660324739636047,4.585213551463e-05,0.462,0.002,0.867,0.991,0.0,0.136,0.0,0.46202688936633124,0.002572007512318018,0.8672294966700576,0.00018657465707737388,0.0022547003351811447,0.5186161110529188,-1.918036627180045e-07,-4.1541918096836985e-08,0.5954472665505981
537,1784635918.060955,-0.0016851980089161989,0.009971547938696684,0.26548266794663705,4.994092377012324e-05,0.462,0.002,0.867,0.991,0.0,0.136,0.0,0.46202688936633124,0.002572007512318018,0.8672294966700576,0.00020267346736033907,0.0022257728558467355,0.5186916757278506,-1.918036627180045e-07,-4.1541918096836985e-08,0.5954472665505981
537,1784635918.0812466,-0.005545751232625606,0.011564872645525647,0.2659239047013618,8.607980715075852e-05,0.462,0.002,0.867,0.991,0.0,0.136,0.0,0.46202688936633124,0.002572007512318018,0.8672294966700576,0.00023690962611053212,0.002200478698375485,0.5187540057571809,-1.918036627180045e-07,-4.1541918096836985e-08,0.5968872665505981
539,1784635918.0970166,-0.001224907712621185,0.014272643991489708,0.2655911228831324,7.439134648871551e-05,0.462,0.002,0.867,0.991,0.0,0.136,0.0,0.46224220323963566,0.0024028830514780625,0.8673219320072456,0.0003140381761915419,0.002163346700897723,0.5188403187989973,-1.918036627180045e-07,-4.1541918096836985e-08,0.5968872665505981
540,1784635918.1197538,0.0007046392253051625,0.013453054268571865,0.2658138267812441,5.46466425778037e-05,0.462,0.002,0.867,0.991,0.0,0.136,0.0,0.46224220323963566,0.0024028830514780625,0.8673219320072456,0.00037174012498406765,0.002141270763273099,0.5188892064767093,-1.918036627180045e-07,-4.1541918096836985e-08,0.5968872665505981
540,1784635918.133438,-0.002755095391230953,0.013293454671105463,0.2655811612813164,7.598639298154761e-05,0.462,0.002,0.867,0.991,0.0,0.136,0.0,0.46224220323963566,0.0024028830514780625,0.8673219320072456,0.0004735662898457589,0.002107049311563513,0.5189618597997543,-1.918036627180045e-07,-4.1541918096836985e-08,0.5968872665505981
542,1784635918.1553254,-0.0007145905382463045,0.012591363365521769,0.26575184554927717,7.231634569817984e-05,0.462,0.002,0.867,0.991,0.0,0.136,0.0,0.46224220323963566,0.0024028830514780625,0.8673219320072456,0.0006306216569907997,0.002059474664421265,0.5190574526504472,-1.918036627180045e-07,-4.1541918096836985e-08,0.5968872665505981
543,1784635918.1739085,-0.0005696122314806928,0.011610836074696863,0.2656174493456419,7.045834377201862e-05,0.462,0.002,0.867,0.991,0.0,0.136,0.0,0.46224220323963566,0.0024028830514780625,0.8673219320072456,0.0007568001234185974,0.0020224320529332635,0.5191293438831611,-1.918036627180045e-07,-4.1541918096836985e-08,0.5968872665505981
544,1784635918.1929681,-0.0030259826122847064,0.007426579208338438,0.26541559186007746,9.360313260234817e-05,0.462,0.002,0.867,0.991,0.0,0.136,0.0,0.46224220323963566,0.0024028830514780625,0.8673219320072456,0.000905377052502521,0.001977853456566451,0.5192135923451934,-1.918036627180045e-07,-4.1541918096836985e-08,0.5968872665505981
545,1784635918.217215,-0.0031884965175514994,0.00734387228084471,0.26535734338893807,0.00010907668075848384,0.462,0.002,0.868,0.991,0.0,0.136,0.0,0.46224220323963566,0.0024028830514780625,0.8673219320072456,0.001007920235028113,0.00194517691489801,0.5192735697477993,-1.918036627180045e-07,-4.1541918096836985e-08,0.5983272665505981
546,1784635918.2330213,-0.0007265686582319107,0.009708740692595108,0.26560128162014063,9.461335731984709e-05,0.462,0.002,0.868,0.991,0.0,0.136,0.0,0.46224220323963566,0.0024028830514780625,0.8673219320072456,0.0011046563350594744,0.001911855128399302,0.5193327845352655,-1.918036627180045e-07,-4.1541918096836985e-08,0.5983272665505981
547,1784635918.2559545,0.0006852186789185074,-0.014139319020987721,0.26338233250981846,8.63455465073329e-05,0.462,0.002,0.868,0.991,0.0,0.137,0.0,0.4619453807604797,0.0021441785844198025,0.8675263718030577,0.001208996861195604,0.0018710780636348283,0.5194022307323186,-1.918036627180045e-07,-4.1541918096836985e-08,0.5983272665505981
548,1784635918.2786882,0.0014546423134457693,-0.015548179800854321,0.26522201256271755,7.046030120866657e-05,0.462,0.002,0.868,0.991,0.0,0.137,0.0,0.4619453807604797,0.0021441785844198025,0.8675263718030577,0.0012700210126610992,0.0018434491654425926,0.519446539379909,-1.918036627180045e-07,-4.1541918096836985e-08,0.5983272665505981
548,1784635918.296442,-0.00028578251833775905,-0.015767412693955662,0.26357621185113256,8.414043972681853e-05,0.462,0.002,0.868,0.991,0.0,0.137,0.0,0.4619453807604797,0.0021441785844198025,0.8675263718030577,0.0013569971919967863,0.0017943169434408376,0.5195198572809739,-1.918036627180045e-07,-4.1541918096836985e-08,0.5983272665505981
550,1784635918.3313332,-0.0004218506694830674,-0.014143174625105948,0.2647527362247734,8.912765114600662e-05,0.462,0.002,0.868,0.991,0.0,0.137,0.0,0.4619453807604797,0.0021441785844198025,0.8675263718030577,0.0014342227480208427,0.001708056508616806,0.5196324266400273,-1.918036627180045e-07,-4.1541918096836985e-08,0.5983272665505981
550,1784635918.3625808,0.0002346344383550716,-0.011135776882037277,0.2640495700832606,8.088193779693622e-05,0.462,0.002,0.868,0.991,0.0,0.137,0.0,0.4619453807604797,0.0021441785844198025,0.8675263718030577,0.0013970949889828231,0.0016196708946198503,0.5197274297340797,-1.918036627180045e-07,-4.1541918096836985e-08,0.5983272665505981
554,1784635918.3881795,-0.005909161340883358,-0.003545627092370128,0.2640587539697243,0.00014559985072803495,0.462,0.002,0.868,0.991,0.0,0.137,0.0,0.4619453807604797,0.0021441785844198025,0.8675263718030577,0.0012778514408762955,0.0015447390730155676,0.5197952281316388,-1.918036627180045e-07,-4.1541918096836985e-08,0.5983272665505981
554,1784635918.4103723,-0.0063043438580487636,-0.0018292586073306344,0.2641691076488032,0.00017513500934532354,0.462,0.002,0.868,0.991,0.0,0.137,0.0,0.4619453807604797,0.0021441785844198025,0.8675263718030577,0.0011166779671118224,0.0014765285653173543,0.5198528139509246,-1.918036627180045e-07,-4.1541918096836985e-08,0.5997672665505981
556,1784635918.4350681,-0.007406149527888586,-0.000992455790336199,0.26415945415262726,0.00020368584209184672,0.462,0.002,0.868,0.991,0.0,0.137,0.0,0.4619453807604797,0.0021441785844198025,0.8675263718030577,0.000964707492842625,0.001423073794870672,0.5198955291993218,-1.918036627180045e-07,-4.1541918096836985e-08,0.5997672665505981
556,1784635918.4655144,-0.00103491780408545,0.015974735722574747,0.2648296879224047,0.0002783396970376607,0.462,0.002,0.868,0.991,0.0,0.136,0.0,0.4618681415683047,0.0018178994850552958,0.8681680822910769,0.0007964068408736561,0.001369334063432658,0.5199365641914812,-1.918036627180045e-07,-4.1541918096836985e-08,0.5997672665505981
559,1784635918.49868,-0.00238136160238057,0.017727939407417133,0.2641796138830243,0.00034188526655110627,0.462,0.001,0.869,0.991,0.0,0.136,0.0,0.4618681415683047,0.0018178994850552958,0.8681680822910769,0.0005690173457879902,0.0012999024591105238,0.5199854070889763,-1.918036627180045e-07,-4.1541918096836985e-08,0.5997672665505981
559,1784635918.5278425,-0.005725870263595329,0.015425462050925634,0.26479722762335983,0.0004288710566384765,0.462,0.001,0.869,0.991,0.0,0.136,0.0,0.4618681415683047,0.0018178994850552958,0.8681680822910769,0.00032169208766543735,0.0012224024049947689,0.5200345845229367,-1.918036627180045e-07,-4.1541918096836985e-08,0.5997672665505981
562,1784635918.5571847,-0.00040249694252484855,0.011961429940858003,0.2645650204006027,0.00040944300779805273,0.462,0.001,0.868,0.991,0.0,0.136,0.0,0.4618681415683047,0.0018178994850552958,0.8681680822910769,6.362250606964617e-05,0.001129008825670991,0.5200908214821698,1.877789160596396e-05,-4.1182068779826044e-08,0.6
562,1784635918.5815005,-0.006744357101935517,0.022590131172199067,0.2671244219881097,0.0005161124751010738,0.462,0.001,0.868,0.991,0.0,0.136,0.0,0.4621411696981701,0.0013447615302443834,0.8685088309221285,-0.0001278944872803238,0.001035234017336702,0.5201368176778376,1.877789160596396e-05,-4.1182068779826044e-08,0.6
564,1784635918.6038084,-0.002995337074398907,0.02851191658215485,0.26498807464524904,0.0005366777984361477,0.462,0.001,0.868,0.991,0.0,0.136,0.0,0.4621411696981701,0.0013447615302443834,0.8685088309221285,-0.00021585892365634472,0.00096464539883028,0.5201663815060723,1.877789160596396e-05,-4.1182068779826044e-08,0.6
564,1784635918.6263902,-0.003112490496085807,0.01808441068881328,0.2666910003680336,0.0005432348148639463,0.462,0.001,0.868,0.991,0.0,0.137,0.0,0.4621411696981701,0.0013447615302443834,0.8685088309221285,-0.0002505377311170036,0.0009095708853402541,0.5201859921322698,1.877789160596396e-05,-4.1182068779826044e-08,0.6
567,1784635918.6474617,-0.006882773306291029,0.01111491500904932,0.2657672062613333,0.0005870985737384696,0.462,0.001,0.868,0.991,0.0,0.137,0.0,0.4621411696981701,0.0013447615302443834,0.8685088309221285,-0.00025162682095916775,0.0008464157691323745,0.520207677315248,1.877789160596396e-05,-4.1182068779826044e-08,0.6
567,1784635918.6683745,-0.003361596021548711,0.016745083361268273,0.26605710241134256,0.0005723356558439356,0.462,0.001,0.868,0.991,-0.0,0.137,0.0,0.4621411696981701,0.0013447615302443834,0.8685088309221285,-0.00023013598744522047,0.0008068129906153802,0.5202186777996751,1.877789160596396e-05,-4.1182068779826044e-08,0.6
569,1784635918.689722,-0.007388362859234431,0.00958010888372599,0.26620878506161416,0.0005453102098514036,0.462,0.001,0.868,0.991,-0.0,0.137,0.0,0.4621411696981701,0.0013447615302443834,0.8685088309221285,-0.00019137556937873869,0.0007670970610421336,0.5202265342450056,0.00014962861995214435,-1.9095758277114674e-08,0.6
569,1784635918.7104363,-0.003425935439193473,0.028710879041708257,0.26531006029397924,0.0005261526611360371,0.462,0.001,0.868,0.991,-0.0,0.137,0.0,0.4619990984977319,0.0008632254009656768,0.8681686166935207,-0.00012548151169712886,0.0007192714150540047,0.5202358343110788,0.00014962861995214435,-1.9095758277114674e-08,0.6
571,1784635918.7314966,-0.006463573657766524,0.023848675848972167,0.26614214441873535,0.00048564990826029304,0.462,0.001,0.868,0.991,-0.0,0.137,0.0,0.4619990984977319,0.0008632254009656768,0.8681686166935207,-4.1630501293268526e-05,0.0006712438173153841,0.5202453323491405,0.00014962861995214435,-1.9095758277114674e-08,0.6
571,1784635918.7510805,-0.002911525814525134,0.030796575846063746,0.2651932992676266,0.0004844341752591471,0.462,0.001,0.868,0.991,-0.0,0.137,0.0,0.4619990984977319,0.0008632254009656768,0.8681686166935207,5.5849670060722944e-05,0.0006229921920993479,0.5202556203941012,0.00014962861995214435,-1.9095758277114674e-08,0.6
573,1784635918.7713616,-0.002179092906929967,0.031167253591993578,0.2658439711207388,0.0004810198986127171,0.462,0.001,0.868,0.991,-0.0,0.137,0.0,0.4619990984977319,0.0008632254009656768,0.8681686166935207,0.00014434454923396346,0.0005825958110843347,0.5202641214226454,0.00014962861995214435,-1.9095758277114674e-08,0.6
573,1784635918.79735,-0.0021389609882387314,0.020117145924309663,0.26520380394223675,0.00047804963249256123,0.462,0.001,0.868,0.99,-0.0,0.138,0.0,0.4619990984977319,0.0008632254009656768,0.8681686166935207,0.0002548140168658053,0.0005338782784713473,0.5202739966679766,0.00014962861995214435,-1.9095758277114674e-08,0.6
575,1784635918.823085,-0.003609305312559565,0.01728551832514223,0.2656814039522504,0.0004715307733558816,0.462,0.0,0.868,0.99,-0.0,0.138,0.0,0.4619990984977319,0.0008632254009656768,0.8681686166935207,0.0004350837637406065,0.0004520491551105318,0.5202891623246017,0.00014962861995214435,-1.9095758277114674e-08,0.6
575,1784635918.8530054,-0.0030595742105590544,0.01393570063020766,0.2652019843133955,0.0005281478010499183,0.462,0.0,0.868,0.99,-0.0,0.138,0.0,0.4619990984977319,0.0008632254009656768,0.8681686166935207,0.0005789753889418242,0.00037768032339717165,0.5203030470461508,0.00014962861995214435,-1.9095758277114674e-08,0.6
578,1784635918.8732579,-0.0067864094216425605,-0.0037989369541688058,0.2652088632388985,0.0006106355081191716,0.462,0.0,0.868,0.99,-0.0,0.138,0.0,0.4619990984977319,0.0008632254009656768,0.8681686166935207,0.0006940581547903538,0.0003026018377549287,0.5203138200773598,0.0004989590683446797,2.076097369882633e-07,0.6
578,1784635918.8910155,-0.0023670692234662874,-0.0023120734287228554,0.2642925934500988,0.0006334745975988981,0.462,0.0,0.868,0.99,-0.0,0.139,0.0,0.4616810055715462,0.00041590969729613767,0.8680032952636743,0.0007519536561283855,0.00025215583603024764,0.5203186650697476,0.0004989590683446797,2.076097369882633e-07,0.6
580,1784635918.9050503,-0.0021100482232190806,-0.0018311476161521002,0.26492763940969416,0.0006735845076490008,0.462,0.0,0.868,0.99,-0.0,0.139,0.0,0.4616810055715462,0.00041590969729613767,0.8680032952636743,0.0007880115123364619,0.0002098832165610984,0.5203214285611276,0.0004989590683446797,2.076097369882633e-07,0.6
580,1784635918.9218533,-0.0020931938486847424,-0.0024414607852607413,0.26440336598423686,0.0006975341324853059,0.462,0.0,0.868,0.99,-0.0,0.139,0.0,0.4616810055715462,0.00041590969729613767,0.8680032952636743,0.000804369283941103,0.00018442095781477208,0.5203222474922885,0.0004989590683446797,2.076097369882633e-07,0.6
581,1784635918.9379692,-0.004907061711693781,-0.02393561513485135,0.2643088311891444,0.0007034597270799311,0.462,0.0,0.868,0.99,-0.0,0.139,0.0,0.4616810055715462,0.00041590969729613767,0.8680032952636743,0.0008226795900706557,0.00014182670287685224,0.5203226924127972,0.0004989590683446797,2.076097369882633e-07,0.6
581,1784635918.956929,-0.0024485412771928566,-0.008411621173825871,0.264814156695521,0.0006412928601564562,0.462,0.0,0.868,0.99,-0.0,0.139,0.0,0.4616810055715462,0.00041590969729613767,0.8680032952636743,0.0008298714943700194,9.904762717699667e-05,0.5203223786904408,0.0004989590683446797,2.076097369882633e-07,0.6
583,1784635918.976411,-0.00277419267413607,-0.005255600338973121,0.2643518457975097,0.0006262003574462534,0.462,0.0,0.868,0.99,-0.0,0.139,0.0,0.4616810055715462,0.00041590969729613767,0.8680032952636743,0.0008214866577875503,3.0258629834487435e-05,0.5203202405306279,0.0004989590683446797,2.076097369882633e-07,0.6
584,1784635918.9945714,-0.004289626692780841,-0.013643807989506226,0.2643472845873221,0.00058027152200032,0.462,-0.0,0.868,0.99,-0.0,0.139,0.0,0.4616810055715462,0.00041590969729613767,0.8680032952636743,0.0008024954834938544,-2.1565958904483585e-05,0.5203170391174062,0.0011676953129222617,1.3224202593839672e-06,0.6
585,1784635919.0120158,-0.0008577690648422136,0.013632973884563955,0.26576900674210546,0.0006140832115489937,0.462,-0.0,0.868,0.99,-0.0,0.139,0.0,0.4620621466064586,-1.77629755716007e-05,0.8682155053206602,0.0007664379706835349,-9.08946471996692e-05,0.5203116896524909,0.0011676953129222617,1.3224202593839672e-06,0.6
586,1784635919.0863662,-0.00023462613759765618,0.015324944743677517,0.2645627699048573,0.0006490986352476892,0.462,-0.0,0.868,0.99,-0.0,0.139,0.0,0.4620621466064586,-1.77629755716007e-05,0.8682155053206602,0.0007306590470629002,-0.00015168642654019937,0.5203080133583591,0.0011676953129222617,1.3224202593839672e-06,0.6
586,1784635919.110352,0.008937457962054302,-0.0038072284058328337,0.26501363787425414,0.00035629310064066923,0.463,-0.0,0.868,0.99,-0.001,0.139,0.0,0.4620621466064586,-1.77629755716007e-05,0.8682155053206602,0.0006791260736155254,-0.0002819026562284163,0.5203086257685224,0.0011676953129222617,1.3224202593839672e-06,0.6
591,1784635919.1371806,0.011692014965015755,0.011511108487686479,0.2652034977018068,0.00023149314075116407,0.463,-0.0,0.868,0.99,-0.001,0.139,0.0,0.4620621466064586,-1.77629755716007e-05,0.8682155053206602,0.0006996370747981382,-0.0003768387915033803,0.5203108278159527,0.0011676953129222617,1.3224202593839672e-06,0.6
591,1784635919.1657104,0.011288736325058757,0.006579978199098198,0.2650020760836474,0.0002023949477463109,0.463,-0.0,0.868,0.99,-0.001,0.139,0.0,0.4620621466064586,-1.77629755716007e-05,0.8682155053206602,0.0007587532951400206,-0.00044527070998759687,0.5203081831436585,0.0011676953129222617,1.3224202593839672e-06,0.6
594,1784635919.191894,0.010794192344629552,0.005405130145445284,0.26523677606805385,0.0002447081818702835,0.463,-0.0,0.868,0.99,-0.001,0.139,0.0,0.4620621466064586,-1.77629755716007e-05,0.8682155053206602,0.0008620420673928215,-0.0005129502592570582,0.5203027433587852,0.0022511873871563096,5.027192034798584e-06,0.6
594,1784635919.2225583,0.004732667158763097,0.0006079348945103166,0.26637263615824436,0.00032885584147119727,0.464,-0.0,0.868,0.99,-0.001,0.139,0.0,0.46319809625805947,-0.00029931249424288217,0.8681585228508398,0.0009929333167625976,-0.0005713757347271653,0.5202960910881235,0.0022511873871563096,5.027192034798584e-06,0.6
596,1784635919.2518249,0.00661500170798699,0.020091861994385812,0.26571021086396246,0.0003753178523219696,0.464,-0.0,0.868,0.99,-0.001,0.139,0.0,0.46319809625805947,-0.00029931249424288217,0.8681585228508398,0.0012472859096554598,-0.0006532277984656743,0.5202853319507991,0.0022511873871563096,5.027192034798584e-06,0.6
598,1784635919.2670338,-0.012676769832003283,-0.011194853472330561,0.26616888764316915,0.0007378475614174004,0.464,-0.0,0.868,0.99,-0.0,0.14,0.0,0.46319809625805947,-0.00029931249424288217,0.8681585228508398,0.0016183001105405288,-0.0007405612313566793,0.5202697519563247,0.0022511873871563096,5.027192034798584e-06,0.6
598,1784635919.283718,-0.013273010124593174,-0.012484128977300023,0.2657444156719395,0.0008938440864946625,0.464,-0.0,0.868,0.99,-0.0,0.14,0.0,0.46319809625805947,-0.00029931249424288217,0.8681585228508398,0.001904713168894544,-0.0007943782604928698,0.5202580142054969,0.0022511873871563096,5.027192034798584e-06,0.6
599,1784635919.2987213,-0.012281573293054255,-0.016316728236462654,0.26586643236898455,0.000994618922538479,0.465,-0.0,0.868,0.99,-0.0,0.14,0.0,0.46319809625805947,-0.00029931249424288217,0.8681585228508398,0.002327861531625557,-0.0008612504131603498,0.5202448426131134,0.0022511873871563096,5.027192034798584e-06,0.6
600,1784635919.3115761,-0.010858748161856542,-0.017421452386909033,0.26564302185772853,0.001050810334698787,0.465,-0.0,0.868,0.99,-0.0,0.14,0.0,0.46319809625805947,-0.00029931249424288217,0.8681585228508398,0.0025856965887601406,-0.0008971619168453354,0.5202378732164117,0.00383929945706457,1.4700368547035676e-05,0.6
601,1784635919.3345246,-0.005063348918225656,0.024024751968743357,0.2657968868598076,0.0011124679453351277,0.465,-0.0,0.867,0.99,-0.0,0.14,0.0,0.4646509380305094,-0.0004554832537746982,0.8676283520185811,0.003024947289877626,-0.0009526141905976318,0.520226636729139,0.00383929945706457,1.4700368547035676e-05,0.6
602,1784635919.3513916,-0.005396225254317832,-0.00016027132923377915,0.2651540095439917,0.0011373337679209132,0.465,-0.0,0.867,0.99,-0.0,0.14,0.0,0.4646509380305094,-0.0004554832537746982,0.8676283520185811,0.0033120963186252968,-0.0009859391007089146,0.520219716275576,0.00383929945706457,1.4700368547035676e-05,0.6
603,1784635919.3727677,-0.00341248325012184,0.025170691908832338,0.26595014468906836,0.0010890483246395713,0.466,-0.001,0.867,0.99,-0.0,0.14,0.0,0.4646509380305094,-0.0004554832537746982,0.8676283520185811,0.0038430050647386585,-0.001043168170432604,0.5202082913102879,0.00383929945706457,1.4700368547035676e-05,0.6
604,1784635919.3915238,-0.003286229229771463,0.026543727215110665,0.26528772061548284,0.001088539786474513,0.466,-0.001,0.867,0.99,-0.0,0.14,0.0,0.4646509380305094,-0.0004554832537746982,0.8676283520185811,0.004140842534986937,-0.001073355675963608,0.5202033264288817,0.00383929945706457,1.4700368547035676e-05,0.6
605,1784635919.4101477,0.0003135666092148998,-0.008136053636468767,0.2650053860417122,0.001024321919486171,0.466,-0.001,0.867,0.99,-0.0,0.14,0.0,0.4646509380305094,-0.0004554832537746982,0.8676283520185811,0.004497237893222273,-0.0011080015417143253,0.5201965928586063,0.00383929945706457,1.4700368547035676e-05,0.6
606,1784635919.4344552,-0.0020674771890341515,0.02046301290750018,0.26593359110341597,0.0010242727134131132,0.466,-0.001,0.867,0.99,-0.0,0.14,0.0,0.4646509380305094,-0.0004554832537746982,0.8676283520185811,0.004908770190412871,-0.0011461702780380988,0.5201877644168026,0.00383929945706457,1.4700368547035676e-05,0.6
607,1784635919.452902,-0.002729407248347316,0.01831271559409929,0.2650551541546202,0.0010488630554870587,0.467,-0.001,0.867,0.99,-0.0,0.14,0.0,0.4646509380305094,-0.0004554832537746982,0.8676283520185811,0.005140002901463047,-0.0011668620286040745,0.5201825224109847,0.0060164870834846515,3.6160193478604624e-05,0.6
608,1784635919.4770348,-0.0045600728699480364,0.007636926029099595,0.26472656477628914,0.0011487138569709798,0.467,-0.001,0.867,0.99,-0.0,0.14,0.0,0.46663116506956515,-0.0005627427334004333,0.8672890200212349,0.005534869933671937,-0.001201066461156191,0.5201722826241192,0.0060164870834846515,3.6160193478604624e-05,0.6
609,1784635919.497191,-0.006118733709888358,0.015106443433522769,0.2651097840668763,0.0012164930077096464,0.468,-0.001,0.867,0.99,-0.0,0.14,0.0,0.46663116506956515,-0.0005627427334004333,0.8672890200212349,0.0059703422286350874,-0.0012369581827080174,0.5201603562902618,0.0060164870834846515,3.6160193478604624e-05,0.6
610,1784635919.51558,-0.005767071407472837,0.0010948446732527515,0.2644397519592703,0.0012663356422400738,0.468,-0.001,0.867,0.99,-0.0,0.14,0.0,0.46663116506956515,-0.0005627427334004333,0.8672890200212349,0.006337572983834366,-0.0012655038613614137,0.5201494610089659,0.0060164870834846515,3.6160193478604624e-05,0.6
611,1784635919.5353768,-0.004508294725814477,-0.04499177688794903,0.2639240575493361,0.001177630286635126,0.468,-0.001,0.867,0.99,-0.0,0.14,-0.0,0.46663116506956515,-0.0005627427334004333,0.8672890200212349,0.006692247348296864,-0.0012913376691092503,0.520136069295795,0.0060164870834846515,3.6160193478604624e-05,0.6
612,1784635919.5555596,-0.004967844879479063,0.0011290852428359824,0.26571696394041255,0.001205771480220566,0.469,-0.001,0.867,0.99,-0.0,0.14,-0.0,0.46663116506956515,-0.0005627427334004333,0.8672890200212349,0.007036979458073711,-0.0013144245921836559,0.5201204945969938,0.0060164870834846515,3.6160193478604624e-05,0.6
613,1784635919.5757396,0.005865760249831929,0.006182541994197762,0.26421585592649083,0.0010451719227042252,0.469,-0.001,0.867,0.99,-0.001,0.14,-0.0,0.46663116506956515,-0.0005627427334004333,0.8672890200212349,0.007420540025007438,-0.0013374096942265269,0.5201040008810782,0.0060164870834846515,3.6160193478604624e-05,0.6
614,1784635919.5997195,0.008834766612174399,-0.04528774432296866,0.2640369674905586,0.0009573206406919423,0.47,-0.001,0.867,0.99,-0.001,0.14,-0.0,0.46663116506956515,-0.0005627427334004333,0.8672890200212349,0.007657864751642024,-0.001349925935216869,0.5200927158442383,0.008861852409326097,7.850045456006846e-05,0.6
614,1784635919.6219916,0.009057815171316694,-0.044343830275252835,0.26424594422023495,0.0008065787990589241,0.47,-0.001,0.867,0.99,-0.001,0.14,-0.0,0.46663116506956515,-0.0005627427334004333,0.8672890200212349,0.007995623184170252,-0.0013650544276731184,0.5200732523920611,0.008861852409326097,7.850045456006846e-05,0.6
616,1784635919.644255,0.004531757453179028,-0.02701228666122942,0.2656163396882096,0.00083543463767011,0.471,-0.001,0.867,0.99,-0.001,0.14,-0.0,0.4697454337597353,-0.0006473669505270408,0.8672239690757596,0.00855042739365841,-0.0013831843776483071,0.5200391070229239,0.008861852409326097,7.850045456006846e-05,0.6
616,1784635919.661876,0.0013866001666533755,0.022638809337407275,0.26572419921863155,0.0008859492151573786,0.472,-0.001,0.867,0.99,-0.001,0.14,-0.0,0.4697454337597353,-0.0006473669505270408,0.8672239690757596,0.008980470724924569,-0.0013920675602418534,0.520008796613548,0.008861852409326097,7.850045456006846e-05,0.6
618,1784635919.6759112,0.00022481354867560227,0.01701045198457004,0.26536678621946763,0.0009677384208814227,0.472,-0.001,0.867,0.99,-0.001,0.14,-0.0,0.4697454337597353,-0.0006473669505270408,0.8672239690757596,0.009263709206889764,-0.0013957974720113023,0.5199872871241741,0.008861852409326097,7.850045456006846e-05,0.6
619,1784635919.6934142,-0.0026834217848691285,-0.009913436897844758,0.2649936645498866,0.000982571296234775,0.473,-0.001,0.867,0.99,-0.001,0.14,-0.0,0.4697454337597353,-0.0006473669505270408,0.8672239690757596,0.009685197191328052,-0.001398688823255964,0.5199539398185994,0.008861852409326097,7.850045456006846e-05,0.6
620,1784635919.712138,-0.001515844383277573,0.028882341641865508,0.26611493058624086,0.0009871587658038872,0.473,-0.001,0.867,0.99,-0.001,0.139,-0.0,0.4697454337597353,-0.0006473669505270408,0.8672239690757596,0.010212680992577623,-0.0013987063239267977,0.5199110720084923,0.008861852409326097,7.850045456006846e-05,0.6
621,1784635919.7335272,-0.002647140679732986,-0.006683892452223509,0.26442257569135713,0.0010023021833508452,0.474,-0.001,0.867,0.99,-0.001,0.139,-0.0,0.4697454337597353,-0.0006473669505270408,0.8672239690757596,0.010568134889999341,-0.0013969616089067646,0.5198845440032059,0.012449165673288643,0.0001549689879351865,0.6
622,1784635919.7537472,-0.003947522943315967,0.05177011060339157,0.26788760256461996,0.0010848163280249435,0.474,-0.001,0.866,0.99,-0.001,0.139,-0.0,0.4737924100284042,-0.0006537260532947473,0.8665778533110453,0.011023652326087048,-0.00139311891649019,0.5198500459802543,0.012449165673288643,0.0001549689879351865,0.6
623,1784635919.7743835,-0.015619544990777792,0.00571009668350346,0.26420982869125365,0.0013324458439547323,0.475,-0.001,0.866,0.99,-0.0,0.139,-0.0,0.4737924100284042,-0.0006537260532947473,0.8665778533110453,0.011599364162493797,-0.0013862693126433416,0.5198032685986596,0.012449165673288643,0.0001549689879351865,0.6
624,1784635919.792386,-0.01547804472954734,0.057201026150498886,0.26805758480773656,0.0015360495488939614,0.475,-0.001,0.866,0.99,-0.0,0.139,-0.0,0.4737924100284042,-0.0006537260532947473,0.8665778533110453,0.01194879181198891,-0.0013812305409120268,0.5197746796409856,0.012449165673288643,0.0001549689879351865,0.6
625,1784635919.8139806,-0.011407935656812179,-0.014842265934665748,0.26373137076165465,0.001566520683834015,0.476,-0.001,0.866,0.99,-0.0,0.139,-0.0,0.4737924100284042,-0.0006537260532947473,0.8665778533110453,0.012881919543675423,-0.0013651344487277503,0.5197022174043585,0.012449165673288643,0.0001549689879351865,0.6
626,1784635919.8328667,-0.0008802114889382446,0.026056589889274374,0.2678962718590066,0.0013743413003760078,0.477,-0.001,0.866,0.99,-0.001,0.139,-0.0,0.4737924100284042,-0.0006537260532947473,0.8665778533110453,0.013582738738761216,-0.0013509597119200846,0.5196536971171952,0.012449165673288643,0.0001549689879351865,0.6
627,1784635919.8533883,0.00018727913581834772,0.04103440389028343,0.26486288985213574,0.0013403833080353374,0.477,-0.001,0.866,0.99,-0.001,0.139,-0.0,0.4737924100284042,-0.0006537260532947473,0.8665778533110453,0.014318474179406305,-0.0013344476146047069,0.5196123124170601,0.012449165673288643,0.0001549689879351865,0.6
628,1784635919.8735704,0.0009831331784790971,0.041139770222389474,0.26712685208312525,0.0013121871998442367,0.478,-0.001,0.866,0.99,-0.001,0.139,-0.0,0.4737924100284042,-0.0006537260532947473,0.8665778533110453,0.014861633631174993,-0.0013212561676672096,0.5195825600314276,0.016846839440297065,0.00028386152076584657,0.6
629,1784635919.8921866,-0.0003098283946927618,0.029063628961327956,0.2648370123808026,0.00135010223524882,0.478,-0.001,0.866,0.99,-0.001,0.14,-0.0,0.477805205388545,-0.0005814640554034447,0.8658491132438432,0.015304409676022021,-0.001309880986320441,0.5195557970895108,0.016846839440297065,0.00028386152076584657,0.6
630,1784635919.9134445,0.007518631436124219,-0.037421230000641306,0.2653651110811074,0.0012657354514755,0.479,-0.001,0.866,0.99,-0.001,0.14,-0.0,0.477805205388545,-0.0005814640554034447,0.8658491132438432,0.016095227828558937,-0.0012882319183484864,0.5195071335794892,0.016846839440297065,0.00028386152076584657,0.6
631,1784635919.9349818,0.007071558446624887,-0.04199089937992128,0.2648069775170115,0.0011577255788039651,0.479,-0.001,0.866,0.99,-0.001,0.14,-0.0,0.477805205388545,-0.0005814640554034447,0.8658491132438432,0.016786164804304754,-0.0012679267953693131,0.519464825653412,0.016846839440297065,0.00028386152076584657,0.6
632,1784635919.9547617,0.00027047264511192645,0.015119134312896361,0.26635377897439033,0.0012162607404536485,0.48,-0.001,0.866,0.99,-0.001,0.14,-0.0,0.477805205388545,-0.0005814640554034447,0.8658491132438432,0.01748468400428215,-0.001246014492878304,0.5194267554042195,0.016846839440297065,0.00028386152076584657,0.6
633,1784635919.9749048,-0.00014967650807842531,0.018751442812576718,0.264878984444383,0.0013799229208584047,0.481,-0.0,0.866,0.99,-0.001,0.14,-0.0,0.477805205388545,-0.0005814640554034447,0.8658491132438432,0.018421631838131485,-0.001214307402691013,0.5193793872147519,0.016846839440297065,0.00028386152076584657,0.6
634,1784635919.9915013,-0.002058347191903637,0.027147231706166324,0.2659945582513381,0.0014591402791411293,0.481,-0.0,0.866,0.99,-0.001,0.14,-0.0,0.477805205388545,-0.0005814640554034447,0.8658491132438432,0.019006223357588947,-0.0011930415602264541,0.5193513360137475,0.016846839440297065,0.00028386152076584657,0.6
635,1784635920.0138738,-0.0002939290516024975,-0.030231164667817074,0.2633262556429089,0.0014907843250829699,0.482,-0.0,0.866,0.99,-0.001,0.14,-0.0,0.477805205388545,-0.0005814640554034447,0.8658491132438432,0.020055219052836203,-0.0011519224276437547,0.5193030673204195,0.016846839440297065,0.00028386152076584657,0.6
636,1784635920.0342517,-0.0030427787290743364,0.039599759588677716,0.26751720880449925,0.001457069834574981,0.483,-0.0,0.866,0.99,-0.001,0.14,-0.0,0.477805205388545,-0.0005814640554034447,0.8658491132438432,0.020634971779324197,-0.0011274762799992177,0.5192773013460186,0.016846839440297065,0.00028386152076584657,0.6
637,1784635920.056888,-0.00027293804185563866,-0.03358644639114215,0.2619280911037212,0.0015224992597347852,0.483,-0.0,0.865,0.99,-0.001,0.14,-0.0,0.477805205388545,-0.0005814640554034447,0.8658491132438432,0.021212449028145352,-0.0011018636090953837,0.5192513844693789,0.02211784051655105,0.0004894053700796072,0.6
638,1784635920.0758984,-0.0023744251898404774,0.017642852291836562,0.2679848966844682,0.0014918584783402981,0.484,-0.0,0.865,0.99,-0.001,0.14,-0.0,0.477805205388545,-0.0005814640554034447,0.8658491132438432,0.022012261662834133,-0.0010640050954776068,0.5192149704684383,0.02211784051655105,0.0004894053700796072,0.6
639,1784635920.1004667,-0.0038828427175181175,-0.04454432249962853,0.2609594215034371,0.0016738981875181684,0.485,-0.0,0.865,0.99,-0.001,0.14,-0.0,0.4830422616297072,-0.00039150571023015474,0.8654978087516203,0.022690665649886067,-0.0010296462172685562,0.5191842325461561,0.02211784051655105,0.0004894053700796072,0.6
639,1784635920.123578,-0.002240404187632545,-0.04995274368896002,0.26637014704510115,0.0016806377948724164,0.486,-0.0,0.865,0.99,-0.001,0.14,-0.0,0.4830422616297072,-0.00039150571023015474,0.8654978087516203,0.023249609071250177,-0.00099962894598646,0.5191588336167654,0.02211784051655105,0.0004894053700796072,0.6
641,1784635920.1450884,-0.0052189256560391814,0.00652625973876704,0.26389187682270526,0.0017616767959395198,0.487,-0.0,0.865,0.99,-0.001,0.14,-0.0,0.4830422616297072,-0.00039150571023015474,0.8654978087516203,0.02424702263854662,-0.000942297474358648,0.5191217027285047,0.02211784051655105,0.0004894053700796072,0.6
641,1784635920.1693509,7.923388906737674e-05,-0.05377611672305194,0.26377509865835935,0.0017438878491117013,0.488,-0.0,0.865,0.99,-0.001,0.14,-0.0,0.4830422616297072,-0.00039150571023015474,0.8654978087516203,0.025127796463553308,-0.0008876282817708457,0.5190932742672562,0.02211784051655105,0.0004894053700796072,0.6
644,1784635920.1956935,-0.0057019790927607126,0.024557185120058223,0.26649254061534466,0.001763902959771291,0.489,-0.0,0.865,0.99,-0.001,0.14,-0.0,0.4830422616297072,-0.00039150571023015474,0.8654978087516203,0.02600888491834664,-0.0008292907255143542,0.5190698372698058,0.02211784051655105,0.0004894053700796072,0.6
644,1784635920.2209558,-0.004108962842672791,0.010073448768256506,0.26348535667567435,0.0018067704688773977,0.49,0.0,0.865,0.99,-0.001,0.14,-0.0,0.4830422616297072,-0.00039150571023015474,0.8654978087516203,0.02690235414665081,-0.000767102941983043,0.5190492419837347,0.02211784051655105,0.0004894053700796072,0.6
646,1784635920.2446704,0.003668501553438599,-0.05201167386476538,0.2640336814117242,0.0016550944252267156,0.491,0.0,0.865,0.99,-0.001,0.14,-0.0,0.4830422616297072,-0.00039150571023015474,0.8654978087516203,0.027814274222476284,-0.0007008787612050333,0.5190278487384199,0.028319523801537055,0.0008026089979304182,0.6
646,1784635920.2691956,-0.006802952792701568,0.03427508274047039,0.26746006998276933,0.001747411704101952,0.492,0.0,0.865,0.99,-0.001,0.14,-0.0,0.48944757085076845,-3.33086273789523e-05,0.8653470060681032,0.02875585626859678,-0.0006304120302209436,0.5190094973275114,0.028319523801537055,0.0008026089979304182,0.6
649,1784635920.2949283,-0.0006850104448181361,-0.0269879487919905,0.2628281986442703,0.0018379512862719827,0.493,0.0,0.865,0.99,-0.001,0.14,-0.0,0.48944757085076845,-3.33086273789523e-05,0.8653470060681032,0.029733412410184235,-0.0005555096161552906,0.5189886347505996,0.028319523801537055,0.0008026089979304182,0.6
649,1784635920.323933,-0.006422690533816642,0.04962170149137267,0.2684295761061987,0.0018528952501654968,0.494,0.0,0.865,0.99,-0.001,0.139,-0.0,0.48944757085076845,-3.33086273789523e-05,0.8653470060681032,0.031018058165437387,-0.0004553549450808349,0.5189458286367981,0.028319523801537055,0.0008026089979304182,0.6
652,1784635920.3554573,-0.006974845861402575,0.04637467297809685,0.2636493666889013,0.0019174686993392222,0.496,0.0,0.865,0.99,-0.001,0.139,-0.0,0.48944757085076845,-3.33086273789523e-05,0.8653470060681032,0.03210799014644049,-0.0003697428791968891,0.5189070361032261,0.028319523801537055,0.0008026089979304182,0.6
652,1784635920.383842,-0.005245121088135229,0.043321141548704215,0.2673780281657679,0.0019259963694250944,0.497,0.001,0.865,0.99,-0.001,0.139,-0.0,0.48944757085076845,-3.33086273789523e-05,0.8653470060681032,0.03340592770731249,-0.0002673592374711134,0.5188418517959471,0.028319523801537055,0.0008026089979304182,0.6
655,1784635920.4154005,-0.014280279773377771,0.08647577017054871,0.26621338931010274,0.0020984992176525945,0.499,0.001,0.865,0.99,-0.001,0.139,-0.0,0.4965907284886938,0.0004985178403684246,0.864740013161035,0.03509471119671418,-0.00013304326529265672,0.5187591770222472,0.035503372402025925,0.0012620544155953236,0.6
655,1784635920.4426053,-0.010648413442765878,0.049547781561887924,0.26622935100318296,0.0022678245795805,0.5,0.001,0.865,0.99,-0.001,0.139,-0.0,0.4965907284886938,0.0004985178403684246,0.864740013161035,0.036873257183532814,1.1845731721526675e-05,0.5186799833143046,0.035503372402025925,0.0012620544155953236,0.6
657,1784635920.4645176,0.0025653311158690024,-0.05167612487346175,0.26374419170370944,0.002205531458677969,0.502,0.001,0.864,0.99,-0.001,0.14,-0.0,0.4965907284886938,0.0004985178403684246,0.864740013161035,0.038400693312464346,0.00013858615589361752,0.5186182153271668,0.035503372402025925,0.0012620544155953236,0.6
658,1784635920.4860883,-0.006760173043750947,0.0007100553293656192,0.26794230554327353,0.002232241823273796,0.503,0.001,0.864,0.99,-0.001,0.14,-0.0,0.4965907284886938,0.0004985178403684246,0.864740013161035,0.03945135145501092,0.00022730928487401045,0.5185794483465637,0.035503372402025925,0.0012620544155953236,0.6
660,1784635920.5088434,-0.006877619441148487,-0.011080924025418777,0.26428634314063976,0.002363247803784064,0.504,0.001,0.864,0.99,-0.001,0.141,-0.0,0.4965907284886938,0.0004985178403684246,0.864740013161035,0.040523887141162056,0.00031949477021642496,0.5185424301452763,0.035503372402025925,0.0012620544155953236,0.6
660,1784635920.5349393,-0.005966067915842864,-0.006676801111584942,0.2670382417060687,0.0023909482526477486,0.505,0.001,0.864,0.99,-0.001,0.141,-0.0,0.4965907284886938,0.0004985178403684246,0.864740013161035,0.04179257913602541,0.00043150861735529193,0.5185024437013276,0.04371462924706621,0.0019146099278297443,0.6
662,1784635920.5625005,-0.020879114607351083,0.03268261623325687,0.26531829990064937,0.002650800690570592,0.506,0.001,0.864,0.99,-0.001,0.142,-0.0,0.5042035007862853,0.001222425278512751,0.8644124658945584,0.04307701138183785,0.0005484252978012166,0.5184666035950574,0.04371462924706621,0.0019146099278297443,0.6
662,1784635920.5897293,-0.005800472923213814,0.004830573570357835,0.2654555900984879,0.002510916555098349,0.507,0.002,0.864,0.99,-0.002,0.142,-0.0,0.5042035007862853,0.001222425278512751,0.8644124658945584,0.044564326158585826,0.00068816494691838,0.5184292697006856,0.04371462924706621,0.0019146099278297443,0.6
665,1784635920.6162848,-0.003487585981030111,0.006757198354813351,0.26511233426392977,0.002407638281438255,0.509,0.002,0.864,0.99,-0.002,0.142,-0.0,0.5042035007862853,0.001222425278512751,0.8644124658945584,0.046446669687078654,0.0008722230554728002,0.5183899770099559,0.04371462924706621,0.0019146099278297443,0.6
665,1784635920.6375906,-0.001035792746338927,0.004147087211885643,0.265136131936357,0.002350914859567336,0.51,0.002,0.864,0.99,-0.002,0.142,-0.0,0.5042035007862853,0.001222425278512751,0.8644124658945584,0.04776876719738065,0.0010074147058215515,0.518375372977624,0.04371462924706621,0.0019146099278297443,0.6
667,1784635920.658513,0.016113653790063784,-0.0875179401388892,0.2614713165650823,0.0021487268447688244,0.511,0.002,0.865,0.99,-0.002,0.142,-0.0,0.5042035007862853,0.001222425278512751,0.8644124658945584,0.04909346159529715,0.00114792056262419,0.5183662512923092,0.04371462924706621,0.0019146099278297443,0.6
667,1784635920.6798546,0.00026336054833020484,-0.0189115697403109,0.2675841147185899,0.0020912939233791355,0.513,0.002,0.865,0.99,-0.002,0.142,-0.0,0.5042035007862853,0.001222425278512751,0.8644124658945584,0.05003936231021622,0.0012515849189473087,0.5183639037975182,0.04371462924706621,0.0019146099278297443,0.6
669,1784635920.7009518,-0.0004885769582787204,-0.012613435430401485,0.2626246684694364,0.002129014934187893,0.514,0.002,0.865,0.99,-0.002,0.142,-0.0,0.5042035007862853,0.001222425278512751,0.8644124658945584,0.05136291344185075,0.0014014007676975413,0.5183645982902221,0.05299180722959189,0.002816040739035439,0.6
669,1784635920.7217085,0.01462209149460306,-0.09841814646845672,0.2630185945154165,0.001990046940547718,0.515,0.002,0.865,0.99,-0.002,0.142,-0.0,0.5042035007862853,0.001222425278512751,0.8644124658945584,0.052681340702208986,0.0015567487164263635,0.5183648737560004,0.05299180722959189,0.002816040739035439,0.6
671,1784635920.7434082,-0.014709004698527251,0.0039891469384031875,0.2687125003415021,0.002250838739413964,0.516,0.003,0.865,0.99,-0.002,0.142,-0.0,0.5127158916367651,0.0022168317055447683,0.8643804332798957,0.053243894394776274,0.0016250461676145854,0.5183660939791949,0.05299180722959189,0.002816040739035439,0.6
672,1784635920.7649503,0.0016103307822009603,-0.056418924246173716,0.2594606248212157,0.002494103620651877,0.518,0.003,0.865,0.99,-0.002,0.142,-0.0,0.5127158916367651,0.0022168317055447683,0.8643804332798957,0.054934946961848585,0.001836235929303942,0.5183769529042372,0.05299180722959189,0.002816040739035439,0.6
674,1784635920.7874024,-0.012494871211718621,0.027283162371329966,0.2700842088049596,0.0025740236330506327,0.519,0.003,0.865,0.99,-0.002,0.142,-0.0,0.5127158916367651,0.0022168317055447683,0.8643804332798957,0.05606493914041538,0.0019823421369612963,0.5183849169316015,0.05299180722959189,0.002816040739035439,0.6
674,1784635920.8097827,-0.013374841683229038,0.040771529701061356,0.2615046060513917,0.002726557359341406,0.52,0.003,0.865,0.99,-0.002,0.141,-0.0,0.5127158916367651,0.0022168317055447683,0.8643804332798957,0.057585323870519754,0.0021839030153326024,0.5183975432979329,0.05299180722959189,0.002816040739035439,0.6
676,1784635920.8250463,0.003050981021513556,-0.04011371380686863,0.2650669219266953,0.0015526170056335907,0.522,0.003,0.865,0.99,-0.002,0.141,-0.001,0.5127158916367651,0.0022168317055447683,0.8643804332798957,0.05893286109269442,0.00236671242098794,0.5184064121384183,0.05299180722959189,0.002816040739035439,0.6
676,1784635920.8392868,0.007221642671778323,-0.050454158463965365,0.2622699777887681,0.0006740473603440552,0.523,0.004,0.865,0.99,-0.002,0.141,-0.001,0.5127158916367651,0.0022168317055447683,0.8643804332798957,0.0595156526690429,0.0024469255686484044,0.5184072922017038,0.05299180722959189,0.002816040739035439,0.6
677,1784635920.8555577,-0.007775726049858809,0.030479579073146537,0.2675484797049182,0.0003823642265867081,0.524,0.004,0.865,0.99,-0.002,0.141,-0.001,0.5127158916367651,0.0022168317055447683,0.8643804332798957,0.06069342987138652,0.002610794677413874,0.5184128389090332,0.06336606757373808,0.004031494568979419,0.6
678,1784635920.8750396,-0.027630505865197642,0.0959400258059692,0.2664279999801932,0.0004059226184261574,0.525,0.004,0.865,0.99,-0.002,0.14,-0.001,0.5232935765854954,0.0035769558530551636,0.8645771660036095,0.06168535955531803,0.0027509013384569314,0.5184187760327694,0.06336606757373808,0.004031494568979419,0.6
679,1784635920.8953445,-0.0033735214655831736,-0.0063871310248136415,0.2633673574597511,0.00017272360263633418,0.527,0.004,0.864,0.99,-0.002,0.14,-0.001,0.5232935765854954,0.0035769558530551636,0.8645771660036095,0.06329678474997384,0.0029818947747883005,0.5184237413151379,0.06336606757373808,0.004031494568979419,0.6
680,1784635920.9165013,0.0006656420909359091,-0.05159403654457993,0.26565973415543787,3.469324108392881e-05,0.528,0.004,0.864,0.99,-0.002,0.14,-0.001,0.5232935765854954,0.0035769558530551636,0.8645771660036095,0.06453237681128898,0.0031607653215072994,0.518424151997975,0.06336606757373808,0.004031494568979419,0.6
681,1784635920.9350162,0.007400606399120998,-0.08845065567677426,0.2636079748280747,6.37871049058838e-05,0.53,0.005,0.864,0.99,-0.002,0.14,-0.001,0.5232935765854954,0.0035769558530551636,0.8645771660036095,0.06579456011277265,0.003344591164070757,0.5184293436668639,0.06336606757373808,0.004031494568979419,0.6
682,1784635920.9549475,-0.014042560419715008,0.00842619262212152,0.2683622164885694,0.0003041270984218959,0.532,0.005,0.864,0.99,-0.002,0.14,-0.001,0.5232935765854954,0.0035769558530551636,0.8645771660036095,0.06751715583591822,0.0035975611355465085,0.5184398011436528,0.06336606757373808,0.004031494568979419,0.6
683,1784635920.972121,-0.02334485362985537,0.06311889246892072,0.26532880017435656,0.000597263814499658,0.533,0.005,0.864,0.99,-0.002,0.14,-0.001,0.5232935765854954,0.0035769558530551636,0.8645771660036095,0.06861832693314848,0.0037603183031637926,0.5184442133805135,0.06336606757373808,0.004031494568979419,0.6
684,1784635920.99424,-0.014969753621274045,0.040771902027696524,0.2666534475433781,0.000739178783402518,0.534,0.005,0.864,0.99,-0.002,0.14,-0.001,0.5232935765854954,0.0035769558530551636,0.8645771660036095,0.07019191310961931,0.003994319648877043,0.5184451849463644,0.06336606757373808,0.004031494568979419,0.6
685,1784635921.0165508,-0.022171018334320072,0.07578619407868517,0.2665200178289725,0.0007831585811951936,0.535,0.005,0.864,0.99,-0.002,0.14,-0.001,0.5232935765854954,0.0035769558530551636,0.8645771660036095,0.07134073389227592,0.004165942974372585,0.5184435483625177,0.07486045968703375,0.0056358387463167105,0.6
686,1784635921.0323563,-0.027983121692614552,0.06306958183973889,0.2665964669881364,0.000945188969930118,0.536,0.006,0.864,0.99,-0.002,0.14,-0.001,0.5343631155088415,0.005315431133020563,0.8638869405620064,0.07251094850948527,0.0043413753301466225,0.5184401140530641,0.07486045968703375,0.0056358387463167105,0.6
687,1784635921.0571105,-0.025368066163513704,0.048328180577346766,0.2661458348880492,0.0009639788653893161,0.539,0.006,0.864,0.99,-0.002,0.14,-0.001,0.5343631155088415,0.005315431133020563,0.8638869405620064,0.07515564555248919,0.004741105676118383,0.5184327313165925,0.07486045968703375,0.0056358387463167105,0.6
688,1784635921.0731304,-0.02473285042097513,0.044819438920738655,0.2664796706351206,0.0009907928884406376,0.539,0.006,0.864,0.99,-0.002,0.14,-0.001,0.5343631155088415,0.005315431133020563,0.8638869405620064,0.07564631720743611,0.004815867684346986,0.5184320722776573,0.07486045968703375,0.0056358387463167105,0.6
689,1784635921.0936673,-0.020292740585277903,0.06850581055710642,0.26707970858952557,0.0008997819747933064,0.541,0.007,0.864,0.99,-0.003,0.141,-0.001,0.5343631155088415,0.005315431133020563,0.8638869405620064,0.07763618375338341,0.005121505609029217,0.5184328893000906,0.07486045968703375,0.0056358387463167105,0.6
690,1784635921.1136742,-0.007813375579828,0.01594087664258481,0.2651284455049054,0.0008094825659856104,0.543,0.007,0.864,0.99,-0.003,0.141,-0.001,0.5343631155088415,0.005315431133020563,0.8638869405620064,0.0791515414470139,0.005357815765405523,0.5184404686918952,0.07486045968703375,0.0056358387463167105,0.6
691,1784635921.1368015,-0.01767089206173518,0.06229209179747367,0.26782033992353854,0.0007015029001176099,0.544,0.007,0.864,0.99,-0.003,0.141,-0.001,0.5343631155088415,0.005315431133020563,0.8638869405620064,0.08042854719404739,0.005559493837996231,0.5184504584163023,0.07486045968703375,0.0056358387463167105,0.6
692,1784635921.1527035,-0.016157118386181866,0.048673636207316684,0.26547289947643243,0.0017674173149021613,0.545,0.007,0.864,0.99,-0.003,0.142,-0.0,0.5343631155088415,0.005315431133020563,0.8638869405620064,0.08198001032901363,0.00580733196844213,0.518463326190261,0.07486045968703375,0.0056358387463167105,0.6
693,1784635921.1725688,-0.0012946880798410405,-0.009569455417202874,0.26562214026376824,0.0023736317600278447,0.547,0.008,0.864,0.99,-0.003,0.142,-0.0,0.5343631155088415,0.005315431133020563,0.8638869405620064,0.0838105658540705,0.006104725915382204,0.5184801565795927,0.08748902018886368,0.007713824400939515,0.6
694,1784635921.1950178,-0.01504827518449972,-0.0046215452680940065,0.2656073278769871,0.00292682213224834,0.549,0.008,0.864,0.99,-0.003,0.143,-0.0,0.5462860609855588,0.007448780886105231,0.8638066886978424,0.08565855790202397,0.00641130198470914,0.5185033247283495,0.08748902018886368,0.007713824400939515,0.6
695,1784635921.2154055,-0.015473677958690493,-0.00919028518015324,0.2653894583251551,0.003294100824180886,0.55,0.008,0.864,0.99,-0.003,0.143,-0.0,0.5462860609855588,0.007448780886105231,0.8638066886978424,0.0872529971506539,0.0066816407746672175,0.5185311169347336,0.08748902018886368,0.007713824400939515,0.6
696,1784635921.2371325,0.023633969058310077,-0.1089415549659552,0.2603944136333518,0.003049984882137603,0.552,0.009,0.864,0.99,-0.003,0.143,-0.0,0.5462860609855588,0.007448780886105231,0.8638066886978424,0.08885885283876818,0.00695914177819572,0.5185587807902542,0.08748902018886368,0.007713824400939515,0.6
697,1784635921.2521152,0.03762137621506539,-0.1715353941200268,0.26417561344238105,0.0025229753767158944,0.554,0.009,0.864,0.99,-0.004,0.144,-0.0,0.5462860609855588,0.007448780886105231,0.8638066886978424,0.09047204900661256,0.007244047720978715,0.518589515539952,0.08748902018886368,0.007713824400939515,0.6
698,1784635921.2741437,-0.01006537188449614,-0.06724800640948547,0.26866211437209614,0.0023060408633550503,0.556,0.009,0.864,0.99,-0.004,0.144,-0.0,0.5462860609855588,0.007448780886105231,0.8638066886978424,0.09236763825111644,0.0075860749395370375,0.5186221618653704,0.08748902018886368,0.007713824400939515,0.6
698,1784635921.302649,-0.011641323791533082,0.021829565559103967,0.263909037034323,0.0030227005901163895,0.556,0.01,0.864,0.99,-0.004,0.144,-0.0,0.5462860609855588,0.007448780886105231,0.8638066886978424,0.09318254636784574,0.007735924772167713,0.5186344357212863,0.08748902018886368,0.007713824400939515,0.6
700,1784635921.3238227,-0.015483708056741124,0.037985774313908836,0.2674137364664805,0.003155975640963218,0.559,0.01,0.864,0.99,-0.004,0.144,-0.0,0.5462860609855588,0.007448780886105231,0.8638066886978424,0.09535649271221609,0.008145430597847746,0.518662147410415,0.08748902018886368,0.007713824400939515,0.6
700,1784635921.345631,-0.020858715678828736,0.08360526566929938,0.26540357034528944,0.0032198322994090854,0.561,0.011,0.864,0.99,-0.004,0.143,-0.0,0.5462860609855588,0.007448780886105231,0.8638066886978424,0.09727056338888501,0.00851600692298497,0.5186878499921953,0.10125573408043816,0.010360052533990114,0.6
703,1784635921.365307,0.033909278546273805,-0.018483047938573943,0.2597104894852641,0.002846294468678903,0.562,0.011,0.864,0.99,-0.004,0.143,-0.0,0.5462860609855588,0.007448780886105231,0.8638066886978424,0.09864829308376159,0.008787983617923347,0.518708827533168,0.10125573408043816,0.010360052533990114,0.6
703,1784635921.3864336,-3.329237960403991e-05,0.03121544899730766,0.269075988893532,0.0016377937026767412,0.563,0.011,0.864,0.99,-0.004,0.142,-0.001,0.5462860609855588,0.007448780886105231,0.8638066886978424,0.10003526671436438,0.009066222594433137,0.5187322142146391,0.10125573408043816,0.010360052533990114,0.6
705,1784635921.4022195,-0.04288920272110612,0.08691248460288566,0.2651525066901917,0.0012056670459706517,0.565,0.012,0.864,0.99,-0.004,0.142,-0.001,0.5594448145412679,0.010256428899614492,0.864030971781386,0.10143074382661754,0.009350943966886969,0.5187644934136189,0.10125573408043816,0.010360052533990114,0.6
705,1784635921.41716,0.014186906312626701,-0.01525705481887149,0.26054657519973384,-0.0004170885656463426,0.566,0.012,0.864,0.99,-0.004,0.142,-0.001,0.5594448145412679,0.010256428899614492,0.864030971781386,0.10311515121000542,0.009701422293979856,0.5188149087591339,0.10125573408043816,0.010360052533990114,0.6
706,1784635921.4367495,0.017601415261616477,-0.114845545522384,0.26377932346018473,-0.0003064690010611379,0.569,0.012,0.864,0.99,-0.004,0.142,-0.001,0.5594448145412679,0.010256428899614492,0.864030971781386,0.10481398084077687,0.010061673876803711,0.518857574668165,0.10125573408043816,0.010360052533990114,0.6
707,1784635921.4560804,-0.037882124574337345,-0.014438089794381367,0.2694697480252176,0.0008149360835138454,0.57,0.013,0.864,0.99,-0.004,0.142,-0.001,0.5594448145412679,0.010256428899614492,0.864030971781386,0.10653177215323308,0.010432068428872033,0.5188991665743024,0.10125573408043816,0.010360052533990114,0.6
708,1784635921.473077,0.023494877239758773,-0.11389095924294933,0.25678446186542464,8.39691142419303e-05,0.573,0.014,0.864,0.99,-0.004,0.142,-0.001,0.5594448145412679,0.010256428899614492,0.864030971781386,0.10914522040030196,0.011007459311781058,0.5189682861691951,0.10125573408043816,0.010360052533990114,0.6
709,1784635921.5047817,-0.016616124901187607,-0.047378647011841704,0.271900994958944,0.0007650525142696912,0.575,0.014,0.864,0.99,-0.004,0.142,-0.001,0.5594448145412679,0.010256428899614492,0.864030971781386,0.11120774796612953,0.011471936337874864,0.5190139395940384,0.11615336708649383,0.013678716111882348,0.6
709,1784635921.5320666,-0.027618286117066026,0.01393240938179998,0.26224299009371177,0.0010097431454640443,0.578,0.015,0.864,0.99,-0.004,0.142,-0.001,0.5594448145412679,0.010256428899614492,0.864030971781386,0.11360617018848121,0.012021723841321918,0.519065536227857,0.11615336708649383,0.013678716111882348,0.6
712,1784635921.5575898,-0.009566595347043665,-0.01860616172496774,0.2669599711526771,0.0009205085461341433,0.581,0.016,0.864,0.99,-0.004,0.142,-0.001,0.5594448145412679,0.010256428899614492,0.864030971781386,0.11666864821962783,0.01273837984553598,0.5191113667072212,0.11615336708649383,0.013678716111882348,0.6
712,1784635921.5834196,-0.024759989967997952,0.05081108069971737,0.2654715806327221,0.0009709230147052813,0.583,0.016,0.864,0.99,-0.004,0.141,-0.001,0.5738379081529354,0.013777331468848672,0.8641515716639705,0.11951958142010516,0.013412799118436151,0.5191747374288922,0.11615336708649383,0.013678716111882348,0.6
714,1784635921.6041558,-0.04695532029189136,0.11487479708943846,0.26873784209057483,0.0013416908048298772,0.586,0.017,0.864,0.99,-0.004,0.141,-0.001,0.5738379081529354,0.013777331468848672,0.8641515716639705,0.12211133960412471,0.01403657371529655,0.5192481934596469,0.11615336708649383,0.013678716111882348,0.6
714,1784635921.6315281,-0.01895747117265373,0.058170606935401305,0.26340152166392355,0.001436402120339733,0.588,0.017,0.864,0.99,-0.004,0.14,-0.001,0.5738379081529354,0.013777331468848672,0.8641515716639705,0.12375491013597605,0.014438346630144124,0.5192988374659847,0.11615336708649383,0.013678716111882348,0.6
717,1784635921.6568072,-0.04408275783998331,0.12052598938371668,0.2700849444980236,0.0014295815756327846,0.589,0.018,0.864,0.99,-0.004,0.14,-0.001,0.5738379081529354,0.013777331468848672,0.8641515716639705,0.12575313776310262,0.014932842060619246,0.519362867060475,0.11615336708649383,0.013678716111882348,0.6
717,1784635921.6820993,-0.012001530397778223,0.04068078723386978,0.26165698676900817,0.0014857169507392822,0.592,0.019,0.865,0.99,-0.004,0.14,-0.001,0.5738379081529354,0.013777331468848672,0.8641515716639705,0.1284548597321498,0.015613679327488798,0.519459068315018,0.13216218497910978,0.017783092138447174,0.6
719,1784635921.7084677,-0.025439187457124868,0.012978970146537264,0.26839023311836535,0.0012469236123097086,0.596,0.02,0.865,0.99,-0.005,0.14,-0.001,0.5890346932851328,0.017871817423941807,0.8645769372881618,0.13294944524085295,0.016773755561494026,0.5196141122226792,0.13216218497910978,0.017783092138447174,0.6
721,1784635921.731259,0.05811842944327815,-0.0873418921565976,0.25513801166974,0.0006155915804947858,0.6,0.021,0.865,0.99,-0.005,0.141,-0.0,0.5890346932851328,0.017871817423941807,0.8645769372881618,0.13648901464602464,0.01771256898027162,0.5197081575175605,0.13216218497910978,0.017783092138447174,0.6
721,1784635921.757053,0.07845378651531101,-0.18498902096255146,0.26460083669174594,0.002072661507397894,0.603,0.022,0.865,0.99,-0.006,0.142,-0.0,0.5890346932851328,0.017871817423941807,0.8645769372881618,0.14009645732014098,0.018693284030626964,0.5198045257122483,0.13216218497910978,0.017783092138447174,0.6
723,1784635921.7798283,-0.01903103839407981,-0.08036487718391656,0.2691908475153306,0.0036642327400739716,0.606,0.023,0.865,0.99,-0.006,0.143,-0.0,0.5890346932851328,0.017871817423941807,0.8645769372881618,0.14264791954781603,0.019405298072998536,0.5198726606009407,0.13216218497910978,0.017783092138447174,0.6
723,1784635921.8053787,-0.01863821976014242,-0.01976594479842931,0.2630678531612502,0.004017745849322665,0.608,0.024,0.866,0.99,-0.006,0.144,-0.0,0.5890346932851328,0.017871817423941807,0.8645769372881618,0.14557062288755002,0.020245077341232445,0.5199319767184449,0.14924858308127173,0.022794758156004156,0.6
725,1784635921.8290837,-0.02967583086466965,0.003588132137918549,0.2677414036676563,0.0039312735049060665,0.611,0.025,0.866,0.99,-0.006,0.144,-0.0,0.5890346932851328,0.017871817423941807,0.8645769372881618,0.14812714315665895,0.021002993570946094,0.5199594967603189,0.14924858308127173,0.022794758156004156,0.6
727,1784635921.8563182,-0.05137526394848354,0.06190114201165811,0.26568624923945644,0.0040585946585039705,0.613,0.026,0.866,0.99,-0.006,0.144,-0.0,0.6067718304299177,0.023525592074685988,0.8655714993541954,0.15032876318501803,0.021670221244399792,0.5199761570701826,0.14924858308127173,0.022794758156004156,0.6
727,1784635921.884339,0.034284208114779814,-0.039633823886153025,0.258381960291694,0.0028722849397219996,0.617,0.027,0.866,0.99,-0.006,0.143,-0.0,0.6067718304299177,0.023525592074685988,0.8655714993541954,0.15438310684355308,0.02293654041003279,0.5199993674117183,0.14924858308127173,0.022794758156004156,0.6
730,1784635921.9121854,-0.043463754310572554,0.059565602911773916,0.27271262013151365,0.003387271766216587,0.621,0.028,0.866,0.99,-0.006,0.142,-0.0,0.6067718304299177,0.023525592074685988,0.8655714993541954,0.1581058548485061,0.02413706206809804,0.5200071179720488,0.14924858308127173,0.022794758156004156,0.6
730,1784635921.93779,-0.008141890182338983,0.0160213105746847,0.2603988465589894,0.0034513919580157863,0.624,0.03,0.866,0.99,-0.006,0.141,-0.0,0.6067718304299177,0.023525592074685988,0.8655714993541954,0.161112227887233,0.025132011506106985,0.5200013129782435,0.14924858308127173,0.022794758156004156,0.6
732,1784635921.9597046,0.08031579439766079,-0.08434731128783853,0.2613705486654382,0.0015671029395017478,0.627,0.031,0.867,0.99,-0.006,0.141,-0.001,0.6067718304299177,0.023525592074685988,0.8655714993541954,0.1641241744932154,0.026158064514195674,0.5199703635539101,0.16736365699489505,0.028842509068460673,0.6
732,1784635921.9756527,-0.018825028463795482,-0.028280120957644206,0.2691712325827391,0.002683142471810561,0.63,0.032,0.867,0.99,-0.006,0.141,-0.001,0.6248621954810798,0.03009857404882101,0.866095551615844,0.1667689976472628,0.027082294669199064,0.5199608947610617,0.16736365699489505,0.028842509068460673,0.6
734,1784635921.9961236,-0.07979080562633943,0.06251395164672707,0.2659725858891031,0.0026474766597591832,0.632,0.033,0.867,0.99,-0.006,0.141,-0.001,0.6248621954810798,0.03009857404882101,0.866095551615844,0.16981327793465573,0.028169269906743757,0.519969836374366,0.16736365699489505,0.028842509068460673,0.6
735,1784635922.0156496,-0.06642866060788805,0.043402719501765566,0.26713060781171794,0.0017439836962050647,0.634,0.033,0.867,0.99,-0.007,0.141,-0.001,0.6248621954810798,0.03009857404882101,0.866095551615844,0.1713318783763991,0.02872522710688391,0.5199835468653189,0.16736365699489505,0.028842509068460673,0.6
736,1784635922.0320919,0.034392852536024074,-0.05767448162644563,0.25702775366963365,-0.0017494515288693949,0.638,0.035,0.867,0.99,-0.007,0.141,-0.001,0.6248621954810798,0.03009857404882101,0.866095551615844,0.1747482984840828,0.030006974422560277,0.5200355677584119,0.16736365699489505,0.028842509068460673,0.6
737,1784635922.059512,0.06296316770128531,-0.1562321693612092,0.26450301023955913,-0.0008776756044965825,0.64,0.036,0.867,0.99,-0.007,0.141,-0.001,0.6248621954810798,0.03009857404882101,0.866095551615844,0.17781907728851037,0.031182561216230198,0.5200953490751824,0.16736365699489505,0.028842509068460673,0.6
737,1784635922.0824046,0.08564163843210879,-0.23281319054777877,0.2589961511257171,-0.0016292402257766958,0.643,0.037,0.867,0.99,-0.007,0.142,-0.001,0.6248621954810798,0.03009857404882101,0.866095551615844,0.1801523479646157,0.03208690597410248,0.5201410118963122,0.16736365699489505,0.028842509068460673,0.6
739,1784635922.10043,-0.0024212530024899648,-0.12701594396358806,0.27227156391171436,-0.0023307590964996676,0.645,0.038,0.867,0.99,-0.007,0.142,-0.001,0.6248621954810798,0.03009857404882101,0.866095551615844,0.18210855691235633,0.032855390552799235,0.5201684928688544,0.16736365699489505,0.028842509068460673,0.6
739,1784635922.1197658,-0.037033050501443156,-0.02595374152914963,0.2631548601039056,0.00035668204284832654,0.647,0.039,0.867,0.99,-0.007,0.142,-0.001,0.6248621954810798,0.03009857404882101,0.866095551615844,0.18407049066852715,0.03363743639432599,0.5201802201569101,0.18644175371176766,0.036060952820033326,0.6
741,1784635922.139421,-0.03718475799630441,0.019793092796444603,0.2694582877740214,0.0008721662926307901,0.649,0.04,0.867,0.99,-0.007,0.141,-0.001,0.6446602250196363,0.03780440198507496,0.8668297869368652,0.18643643096246462,0.034593998471235045,0.5201758548214743,0.18644175371176766,0.036060952820033326,0.6
741,1784635922.1548972,-0.041732832196790116,0.05664348810714587,0.2646040223964956,0.0011511549417850195,0.651,0.041,0.867,0.99,-0.007,0.141,-0.001,0.6446602250196363,0.03780440198507496,0.8668297869368652,0.18841839183674644,0.03540629639576789,0.5201524714516416,0.18644175371176766,0.036060952820033326,0.6
743,1784635922.1747282,-0.041788152698718994,0.0857177197489799,0.26828099746927725,0.0013832283329384455,0.654,0.042,0.867,0.99,-0.007,0.14,-0.001,0.6446602250196363,0.03780440198507496,0.8668297869368652,0.19081609373896893,0.03639956802029058,0.5201111096471072,0.18644175371176766,0.036060952820033326,0.6
744,1784635922.1977189,-0.03988255238345231,0.0925025231171692,0.26538752054740555,0.001449373622900946,0.656,0.043,0.866,0.99,-0.007,0.139,-0.001,0.6446602250196363,0.03780440198507496,0.8668297869368652,0.19282849425667542,0.0372429167179094,0.5200704774720837,0.18644175371176766,0.036060952820033326,0.6
745,1784635922.2152247,0.050467297990005,-0.008544797783425762,0.2623693672850798,0.0012345108549159484,0.658,0.044,0.866,0.99,-0.007,0.138,-0.001,0.6446602250196363,0.03780440198507496,0.8668297869368652,0.19525416802774542,0.0382740133351996,0.5200269117621652,0.18644175371176766,0.036060952820033326,0.6
746,1784635922.2333844,-0.022129588431478525,0.08512504674181613,0.2698642727815404,0.0006185355767008718,0.661,0.045,0.866,0.991,-0.007,0.137,-0.001,0.6446602250196363,0.03780440198507496,0.8668297869368652,0.1976888220162309,0.039326142389558054,0.519993310347882,0.18644175371176766,0.036060952820033326,0.6
747,1784635922.2558916,0.07065632222325308,-0.016459143496351178,0.2578930438985157,0.00018383975590495212,0.664,0.046,0.866,0.991,-0.007,0.137,-0.001,0.6446602250196363,0.03780440198507496,0.8668297869368652,0.20054556737494192,0.04058036925584236,0.5199626189801896,0.2063990504018485,0.0445887675360859,0.6
748,1784635922.2735069,-0.021422184372596173,0.08081711667768281,0.2750470138433838,0.0014885762131763816,0.666,0.047,0.866,0.991,-0.007,0.136,-0.0,0.6446602250196363,0.03780440198507496,0.8668297869368652,0.20259336185543894,0.041493891917067635,0.5199385695695122,0.2063990504018485,0.0445887675360859,0.6
749,1784635922.2932842,-0.06467034017141784,0.04969812005293369,0.26310094376008564,0.0016137673777294127,0.667,0.048,0.866,0.991,-0.007,0.136,-0.0,0.6639328104458211,0.04644364624198141,0.8659913981230034,0.20464603588340613,0.042422277510313924,0.5199164097366412,0.2063990504018485,0.0445887675360859,0.6
750,1784635922.3164227,-0.06807842882240328,0.001810294497938271,0.2682703467680152,0.0008938709753003037,0.672,0.05,0.866,0.991,-0.007,0.137,-0.001,0.6639328104458211,0.04644364624198141,0.8659913981230034,0.20874275370865408,0.04432415632044708,0.5198895717975944,0.2063990504018485,0.0445887675360859,0.6
751,1784635922.3371403,0.032166622137989154,-0.09821232772425448,0.2567220126944487,-0.0026830243293153727,0.674,0.052,0.866,0.991,-0.007,0.137,-0.001,0.6639328104458211,0.04644364624198141,0.8659913981230034,0.2116266248377642,0.04569150187127423,0.5198784058665225,0.2063990504018485,0.0445887675360859,0.6
751,1784635922.3564339,-0.06855933299121574,0.003938073031519593,0.2752763934167719,0.000925967198302262,0.677,0.053,0.866,0.99,-0.007,0.138,-0.001,0.6639328104458211,0.04644364624198141,0.8659913981230034,0.21411138321720602,0.04688735089035681,0.5198744442423137,0.2063990504018485,0.0445887675360859,0.6
753,1784635922.373144,-0.08814521911535947,0.03317491193403577,0.26366651265575036,0.0008713097165143503,0.68,0.055,0.866,0.99,-0.007,0.138,-0.001,0.6639328104458211,0.04644364624198141,0.8659913981230034,0.2178230403579413,0.04872297417680877,0.5198980877591123,0.2063990504018485,0.0445887675360859,0.6
754,1784635922.393655,0.01400327972001661,-0.06765132330905758,0.25962537898637567,-0.005879282509016858,0.683,0.056,0.866,0.99,-0.007,0.139,-0.001,0.6639328104458211,0.04644364624198141,0.8659913981230034,0.22027551698445066,0.04997454495203668,0.5199178646929254,0.2063990504018485,0.0445887675360859,0.6
755,1784635922.4119782,0.09159560477131604,-0.1658179613036086,0.2622234080720951,-0.004558412174424684,0.685,0.057,0.866,0.99,-0.007,0.139,-0.001,0.6639328104458211,0.04644364624198141,0.8659913981230034,0.22190455127137973,0.05082137807223907,0.5199340993217161,0.22713221603260447,0.05456660843756586,0.6
756,1784635922.4329917,4.101775666674745e-05,-0.06618573776285355,0.26792134923173394,-0.0017431304056188994,0.688,0.058,0.866,0.99,-0.007,0.139,-0.001,0.6639328104458211,0.04644364624198141,0.8659913981230034,0.22434561399896902,0.052110340725428916,0.5199607044526868,0.22713221603260447,0.05456660843756586,0.6
757,1784635922.4543717,-0.09994666747654564,0.035462680104378724,0.2686969955311925,0.000671742687148257,0.69,0.06,0.866,0.99,-0.008,0.139,-0.001,0.6852954101593389,0.057365173515829954,0.8654338239558323,0.22677774718750845,0.05342167941038418,0.5199818618499451,0.22713221603260447,0.05456660843756586,0.6
758,1784635922.4812942,-0.07204967175704782,0.009883669828586808,0.26361439016701527,-0.00024173223320291372,0.693,0.061,0.866,0.99,-0.008,0.139,-0.001,0.6852954101593389,0.057365173515829954,0.8654338239558323,0.22960528945694872,0.05497963749155065,0.5199821651861798,0.22713221603260447,0.05456660843756586,0.6
758,1784635922.5055983,-0.06332900531763669,0.034181988414687337,0.2676868582424792,-0.0002256366777216069,0.696,0.063,0.865,0.99,-0.008,0.138,-0.001,0.6852954101593389,0.057365173515829954,0.8654338239558323,0.23323277526417968,0.0570274103294575,0.5199568868627948,0.22713221603260447,0.05456660843756586,0.6
761,1784635922.5298483,-0.04980350024468178,0.03896494235060009,0.26397083350148043,0.00010672669405914481,0.701,0.066,0.865,0.991,-0.008,0.137,-0.001,0.6852954101593389,0.057365173515829954,0.8654338239558323,0.23768720862905982,0.05959919159212239,0.5199236001580798,0.22713221603260447,0.05456660843756586,0.6
761,1784635922.5525749,-0.031184766525809145,0.030038063876268735,0.2664616930495424,0.0003310574107625696,0.705,0.068,0.865,0.991,-0.008,0.136,-0.001,0.6852954101593389,0.057365173515829954,0.8654338239558323,0.2413553469487745,0.06175956455313938,0.519878353057753,0.22713221603260447,0.05456660843756586,0.6
763,1784635922.5774202,-0.008187182306353045,0.021662641117017985,0.26429800634709755,0.00019887364743718196,0.708,0.07,0.865,0.991,-0.009,0.135,-0.001,0.6852954101593389,0.057365173515829954,0.8654338239558323,0.2446382555137517,0.06372238711281575,0.519823113340245,0.2485172182021917,0.06613466032514517,0.6
763,1784635922.608549,-0.05268302357556778,0.07210967368024473,0.2678218679839127,0.0014456698997340962,0.712,0.072,0.865,0.991,-0.009,0.135,-0.0,0.6852954101593389,0.057365173515829954,0.8654338239558323,0.2483510870881056,0.06597861155903911,0.5197504640705448,0.2485172182021917,0.06613466032514517,0.6
766,1784635922.6428006,0.009640576404430334,0.051630736141068126,0.2652096500031133,0.002528246486006084,0.716,0.075,0.865,0.991,-0.01,0.135,-0.0,0.7053803361281944,0.06860313767492908,0.8651015583084652,0.2529238543254609,0.06880591824314063,0.5196527855745269,0.2485172182021917,0.06613466032514517,0.6
766,1784635922.6718974,-0.02993325349946925,0.10650827319609793,0.26901496608821446,0.002494303319782144,0.721,0.078,0.865,0.991,-0.011,0.135,-0.0,0.7053803361281944,0.06860313767492908,0.8651015583084652,0.2575440717578102,0.07171118544047754,0.5195587588053975,0.2485172182021917,0.06613466032514517,0.6
769,1784635922.7009141,0.031622818020034936,0.019597177448642505,0.2632799593538,0.003209345341031067,0.724,0.081,0.865,0.991,-0.011,0.136,-0.0,0.7053803361281944,0.06860313767492908,0.8651015583084652,0.26136050648784415,0.07414790029411467,0.5195147401504392,0.2485172182021917,0.06613466032514517,0.6
769,1784635922.7268155,-0.01736306863962353,0.0721484909256764,0.2695620810224038,0.0029236445420548047,0.729,0.084,0.866,0.991,-0.011,0.137,-0.0,0.7053803361281944,0.06860313767492908,0.8651015583084652,0.26566815568458413,0.07691924124435551,0.5194528625089037,0.2485172182021917,0.06613466032514517,0.6
771,1784635922.7559438,0.05197458923002955,-0.01936620725171176,0.2616023376307374,0.00308050507672015,0.732,0.086,0.866,0.99,-0.012,0.138,-0.0,0.7053803361281944,0.06860313767492908,0.8651015583084652,0.26916190352049635,0.07918657491135525,0.5194200354262336,0.27040834376456085,0.07942984077037843,0.6
773,1784635922.7868817,-0.04595840079666938,0.055918179090102604,0.27210868588357756,0.002535053785470984,0.736,0.089,0.866,0.99,-0.012,0.138,-0.0,0.7268773890322797,0.08230179726472397,0.865477794551687,0.27312896688409477,0.08179241938642667,0.5194019256999047,0.27040834376456085,0.07942984077037843,0.6
773,1784635922.814731,-0.047301687098220704,0.031038976564876152,0.264076811990152,0.0022621732988442164,0.741,0.093,0.866,0.99,-0.012,0.14,-0.0,0.7268773890322797,0.08230179726472397,0.865477794551687,0.27806079551958485,0.0850587877609276,0.5193735581279242,0.27040834376456085,0.07942984077037843,0.6
776,1784635922.8393536,0.008178788802035791,-0.04802166412338087,0.26643895945962115,0.0018340182970375935,0.744,0.095,0.866,0.99,-0.012,0.14,-0.0,0.7268773890322797,0.08230179726472397,0.865477794551687,0.2825730969278019,0.08810894226234539,0.5193414538929587,0.27040834376456085,0.07942984077037843,0.6
776,1784635922.8594406,0.02350659902386627,-0.060638100822563185,0.2640048854032736,0.0016558141128454,0.748,0.099,0.867,0.99,-0.012,0.141,-0.0,0.7268773890322797,0.08230179726472397,0.865477794551687,0.2866329255412042,0.09092383116373173,0.5193791227209065,0.27040834376456085,0.07942984077037843,0.6
778,1784635922.8773437,0.12283928812911762,-0.15906247787587713,0.2563836771516981,-0.001160247052249366,0.751,0.101,0.867,0.99,-0.012,0.141,-0.0,0.7268773890322797,0.08230179726472397,0.865477794551687,0.289342367255094,0.09283806292262001,0.519428073394413,0.29263750654104637,0.0945826703369276,0.6
779,1784635922.9005785,0.06965446184658068,-0.08149733280672411,0.2717710324251351,-0.0007969041806237398,0.754,0.103,0.867,0.99,-0.012,0.141,-0.0,0.7268773890322797,0.08230179726472397,0.865477794551687,0.29206047491571235,0.0947828400567828,0.5194796298904013,0.29263750654104637,0.0945826703369276,0.6
779,1784635922.923921,-0.004363038045895856,-0.002512882983721737,0.2627562241261424,0.00029267833677878725,0.756,0.105,0.867,0.99,-0.012,0.141,-0.0,0.7268773890322797,0.08230179726472397,0.865477794551687,0.2947789666976431,0.09675893117757425,0.519539492866698,0.29263750654104637,0.0945826703369276,0.6
781,1784635922.9393828,0.09553519379864289,-0.10242928133954779,0.2583509699703199,-0.0021735295590068603,0.759,0.107,0.867,0.99,-0.012,0.141,-0.0,0.7480664321348965,0.09841387309400855,0.866712045524415,0.2979365409372603,0.09910440846079045,0.519603008480677,0.29263750654104637,0.0945826703369276,0.6
782,1784635922.9597766,-0.0007885146310519509,-0.06528972007162286,0.27079997181866855,0.0002616446210387123,0.761,0.109,0.868,0.99,-0.012,0.141,-0.0,0.7480664321348965,0.09841387309400855,0.866712045524415,0.2997367449528085,0.10046430503581953,0.51963181286721,0.29263750654104637,0.0945826703369276,0.6
782,1784635922.9809237,-0.0388632847406773,-0.040239815740032554,0.26072703983365064,-0.00029811978980441426,0.764,0.112,0.868,0.99,-0.011,0.14,-0.001,0.7480664321348965,0.09841387309400855,0.866712045524415,0.30288205108632194,0.10287942698634188,0.5196823585838702,0.29263750654104637,0.0945826703369276,0.6
784,1784635923.0032194,-0.04912925642430538,-0.03686736731686623,0.2683980225100799,-0.0006765421027949968,0.767,0.114,0.868,0.99,-0.011,0.14,-0.001,0.7480664321348965,0.09841387309400855,0.866712045524415,0.30600454792850157,0.10534032534906713,0.5197358307527358,0.29263750654104637,0.0945826703369276,0.6
784,1784635923.0240822,0.05111674345760915,-0.13480751864492002,0.25441242358051896,-0.005457179192294663,0.77,0.117,0.868,0.99,-0.011,0.139,-0.001,0.7480664321348965,0.09841387309400855,0.866712045524415,0.3086590945182613,0.10748707840742586,0.5197964503925164,0.29263750654104637,0.0945826703369276,0.6
787,1784635923.0438962,-0.05015362710750042,-0.031467831447058475,0.2766522366805665,-0.0017989072758494802,0.772,0.119,0.868,0.99,-0.01,0.138,-0.001,0.7480664321348965,0.09841387309400855,0.866712045524415,0.3112977861707427,0.10966882087769561,0.5198662166626471,0.31501391817901647,0.11171383906695495,0.6
787,1784635923.0642247,-0.10010393752479207,0.020407216092770526,0.26292912234210297,-0.000787170646587614,0.775,0.121,0.868,0.99,-0.01,0.138,-0.001,0.7480664321348965,0.09841387309400855,0.866712045524415,0.3139239469605766,0.11188574536789139,0.5199329947582528,0.31501391817901647,0.11171383906695495,0.6
788,1784635923.0874436,-0.14704311543810555,0.042208624383420566,0.2698763322484369,-0.000422208543494114,0.778,0.124,0.868,0.991,-0.01,0.137,-0.001,0.7685946347853391,0.11586146882490321,0.8676094748321479,0.3165379585050689,0.11413851570637765,0.5200058529543247,0.31501391817901647,0.11171383906695495,0.6
788,1784635923.1115832,-0.13655697842753645,0.05448469182708769,0.26438246818530176,-9.029592594436041e-05,0.781,0.127,0.868,0.991,-0.01,0.136,-0.001,0.7685946347853391,0.11586146882490321,0.8676094748321479,0.3195696998418722,0.11681220841428086,0.5200851580692077,0.31501391817901647,0.11171383906695495,0.6
791,1784635923.1330225,-0.12243755601584497,0.04751357102219768,0.2682162982212694,9.690121222946023e-05,0.784,0.129,0.868,0.991,-0.01,0.136,-0.001,0.7685946347853391,0.11586146882490321,0.8676094748321479,0.3226078437919933,0.11953610800542427,0.5201867623242155,0.31501391817901647,0.11171383906695495,0.6
791,1784635923.1513276,-0.04031154815324631,-0.02074157265865205,0.26241504862379134,-0.0010685821456093388,0.787,0.132,0.868,0.991,-0.01,0.135,-0.001,0.7685946347853391,0.11586146882490321,0.8676094748321479,0.3252171015932351,0.1219109777780953,0.5202861386446106,0.31501391817901647,0.11171383906695495,0.6
793,1784635923.1705437,-0.13924003817105074,0.07730700375878131,0.27171929528869215,0.0010193587155535022,0.789,0.134,0.868,0.991,-0.01,0.135,-0.001,0.7685946347853391,0.11586146882490321,0.8676094748321479,0.3273972149433024,0.1239184483194469,0.5203780544239271,0.31501391817901647,0.11171383906695495,0.6
793,1784635923.190279,-0.1319279185952013,0.06658296366177971,0.26367516992347717,0.001685140850143293,0.791,0.136,0.868,0.991,-0.011,0.135,-0.0,0.7685946347853391,0.11586146882490321,0.8676094748321479,0.32958608183765,0.12595176640045552,0.5204764635962315,0.3373241985555906,0.13093051286720384,0.6
795,1784635923.2082207,-0.09837692121042536,0.056239258108675055,0.26888946487674026,0.0019299274052430124,0.794,0.139,0.869,0.991,-0.012,0.135,-0.0,0.7685946347853391,0.11586146882490321,0.8676094748321479,0.3322244709957385,0.12842572816246312,0.5205968405544927,0.3373241985555906,0.13093051286720384,0.6
795,1784635923.229091,-0.04934281147460454,0.01004732844946133,0.263251613393952,0.0015422278314452926,0.797,0.141,0.869,0.991,-0.012,0.135,-0.0,0.7685946347853391,0.11586146882490321,0.8676094748321479,0.3348752665911892,0.13093683076616533,0.520723225471844,0.3373241985555906,0.13093051286720384,0.6
797,1784635923.251609,0.05188873349163525,-0.0901902861997187,0.25683945739183905,-0.015073244503318801,0.8,0.145,0.869,0.991,-0.014,0.135,-0.0,0.787341685642283,0.132678815160821,0.8679938994598448,0.3384259287638588,0.13434246385864518,0.5208950207165887,0.3373241985555906,0.13093051286720384,0.6
797,1784635923.2683058,0.10661852724557667,-0.0851508053714729,0.2709439157356946,-0.013080046624678541,0.804,0.148,0.869,0.991,-0.015,0.136,0.0,0.787341685642283,0.132678815160821,0.8679938994598448,0.34245477171141897,0.13825271014918675,0.5211150246928832,0.3373241985555906,0.13093051286720384,0.6
799,1784635923.2843568,0.2039245962581099,-0.1829745477270402,0.2482864260520221,-0.009085097294990047,0.806,0.151,0.87,0.991,-0.016,0.136,0.0,0.787341685642283,0.132678815160821,0.8679938994598448,0.3451425504291612,0.14090637974275724,0.5213017504022338,0.3373241985555906,0.13093051286720384,0.6
799,1784635923.3064997,0.29214067696859103,-0.2563258828642102,0.2656007019079831,-0.012636966301905028,0.81,0.155,0.87,0.99,-0.017,0.137,0.0,0.787341685642283,0.132678815160821,0.8679938994598448,0.34873211845532404,0.14450221385750217,0.5215792150089379,0.3373241985555906,0.13093051286720384,0.6
799,1784635923.3270178,0.18483766684404476,-0.14992038335771915,0.27030046473695946,-0.0031171520937080983,0.813,0.158,0.87,0.99,-0.018,0.137,0.001,0.787341685642283,0.132678815160821,0.8679938994598448,0.3518677375706499,0.1477019436467226,0.5218268822004982,0.3373241985555906,0.13093051286720384,0.6
802,1784635923.343322,0.08021697914236292,-0.04617881942821746,0.26314662628200425,-0.003150415120840112,0.816,0.162,0.871,0.99,-0.019,0.137,0.001,0.787341685642283,0.132678815160821,0.8679938994598448,0.3549939605674721,0.15095126390092212,0.5220679341772592,0.3593329995744732,0.15232243894610084,0.6
802,1784635923.361545,-0.021178131677157347,0.025235107684233052,0.27021684690267506,-0.0013366054498518713,0.817,0.163,0.871,0.99,-0.019,0.137,0.001,0.8129370529038129,0.15795176480377018,0.8702487598150646,0.35588382981157085,0.15188868588902468,0.5221324071344615,0.3593329995744732,0.15232243894610084,0.6
803,1784635923.3798409,-0.11314203098370926,0.1003457075363962,0.26687883326716466,0.0007687604532934183,0.82,0.165,0.871,0.99,-0.018,0.136,0.001,0.8129370529038129,0.15795176480377018,0.8702487598150646,0.3581049002389422,0.15425004289484634,0.5222903939419759,0.3593329995744732,0.15232243894610084,0.6
803,1784635923.4049377,-0.12590631474284775,0.11559285280725622,0.26830174346907776,0.0021263902366536894,0.822,0.168,0.871,0.991,-0.018,0.135,0.001,0.8129370529038129,0.15795176480377018,0.8702487598150646,0.3603236170230754,0.15663723765233808,0.5224550267422027,0.3593329995744732,0.15232243894610084,0.6
805,1784635923.4256902,-0.06097157388632633,0.06556454393767205,0.26306071819028476,0.002859225121089421,0.824,0.171,0.871,0.991,-0.016,0.134,0.001,0.8129370529038129,0.15795176480377018,0.8702487598150646,0.3629891973364771,0.15953603113076478,0.5226544320553371,0.3593329995744732,0.15232243894610084,0.6
807,1784635923.4472587,-0.06848196875037926,0.06986194179190298,0.2669541393143864,0.0020024978308773424,0.827,0.174,0.871,0.991,-0.015,0.133,0.0,0.8129370529038129,0.15795176480377018,0.8702487598150646,0.3656558114347536,0.16247242747653354,0.5228587299040796,0.3593329995744732,0.15232243894610084,0.6
807,1784635923.467251,-0.11399469375412462,0.10263530849979693,0.26624007391029825,0.0017357533144072962,0.829,0.177,0.871,0.991,-0.014,0.132,0.0,0.8129370529038129,0.15795176480377018,0.8702487598150646,0.36787528430065103,0.16494851723405726,0.5230391585400237,0.3593329995744732,0.15232243894610084,0.6
809,1784635923.4852066,-0.13578042339523888,0.112451916057034,0.26748219433177145,0.0020774643752046844,0.833,0.181,0.872,0.991,-0.012,0.131,0.0,0.8129370529038129,0.15795176480377018,0.8702487598150646,0.37142338990619406,0.1689655855757609,0.523342652745217,0.3593329995744732,0.15232243894610084,0.6
809,1784635923.5041578,-0.07816501892112315,0.06681907254282712,0.2649790765833805,0.0021389504912463705,0.835,0.184,0.872,0.991,-0.012,0.131,0.0,0.8129370529038129,0.15795176480377018,0.8702487598150646,0.37363413336321616,0.17151093871659595,0.5235387585416117,0.380784210357857,0.17595792558195325,0.6
810,1784635923.5259657,0.023787874570481052,-0.03484839911238692,0.256361120285825,-0.00208775577423973,0.837,0.187,0.872,0.991,-0.012,0.131,0.0,0.832553286945938,0.18103971367638344,0.8717133569353711,0.3762772399459787,0.1746005028809755,0.5237722321924236,0.380784210357857,0.17595792558195325,0.6
812,1784635923.5474243,0.049478242125736094,-0.04565229499937794,0.2712700108856976,-0.001320497208676994,0.84,0.19,0.873,0.991,-0.012,0.131,0.0,0.832553286945938,0.18103971367638344,0.8717133569353711,0.37934883476261516,0.17825354122043885,0.5240411101168084,0.380784210357857,0.17595792558195325,0.6
812,1784635923.5654778,-0.029794034883544526,0.012854253991703889,0.26255834892567465,-0.0004006578874848389,0.842,0.194,0.873,0.991,-0.013,0.132,0.0,0.832553286945938,0.18103971367638344,0.8717133569353711,0.38153365386581806,0.18089490820612603,0.5242322806510297,0.380784210357857,0.17595792558195325,0.6
814,1784635923.5797107,0.07092892923700006,-0.08665807641323717,0.26524117806983666,-0.0006682827057287447,0.847,0.2,0.873,0.991,-0.014,0.133,0.0,0.832553286945938,0.18103971367638344,0.8717133569353711,0.38630965269577905,0.18679979227426208,0.5246539387744956,0.380784210357857,0.17595792558195325,0.6
814,1784635923.5951033,0.13187744078061708,-0.10936942071323084,0.2626312335517366,-0.0008425991509488132,0.849,0.202,0.874,0.991,-0.014,0.134,0.0,0.832553286945938,0.18103971367638344,0.8717133569353711,0.3880263004587754,0.18897885817712798,0.5248088858385888,0.380784210357857,0.17595792558195325,0.6
815,1784635923.613386,0.1350531232750684,-0.098130883987989,0.2646893071531997,7.789223504955142e-05,0.852,0.207,0.874,0.991,-0.015,0.135,0.001,0.832553286945938,0.18103971367638344,0.8717133569353711,0.3914149545699586,0.1933870729241128,0.525105567651189,0.380784210357857,0.17595792558195325,0.6
816,1784635923.6343122,0.23167325859599824,-0.19564875406673737,0.25127968610629403,-0.002440021089747906,0.856,0.212,0.875,0.991,-0.016,0.136,0.001,0.832553286945938,0.18103971367638344,0.8717133569353711,0.3951871645842327,0.1984257620722851,0.5254157824395768,0.4014028023687857,0.20187978760512984,0.6
817,1784635923.6539845,0.2679774260596169,-0.22172875058598507,0.26233026895830713,-0.009635818743353862,0.859,0.217,0.875,0.991,-0.017,0.136,0.001,0.832553286945938,0.18103971367638344,0.8717133569353711,0.39973849504792247,0.2046973192056227,0.5257601499567226,0.4014028023687857,0.20187978760512984,0.6
818,1784635923.6732714,0.1612780019752133,-0.1161858588383444,0.2745857261029715,0.019217887204847586,0.862,0.221,0.875,0.991,-0.017,0.136,0.001,0.8539954735420511,0.2104040315368479,0.8742675646389206,0.40137912313924085,0.20700836177776755,0.5258690551445234,0.4014028023687857,0.20187978760512984,0.6
819,1784635923.6932242,0.057248550370500195,-0.05135885358488007,0.26020092247833565,0.01239361796684798,0.864,0.225,0.876,0.991,-0.016,0.135,0.001,0.8539954735420511,0.2104040315368479,0.8742675646389206,0.40421678794011,0.21109081338330946,0.52601556537767,0.4014028023687857,0.20187978760512984,0.6
820,1784635923.7115514,-0.030582888237103284,-0.004064258379324705,0.2682916131781626,0.00859576301020875,0.867,0.229,0.876,0.991,-0.015,0.134,0.001,0.8539954735420511,0.2104040315368479,0.8742675646389206,0.4066145500124158,0.2146286239911929,0.526100044001369,0.4014028023687857,0.20187978760512984,0.6
821,1784635923.732572,-0.12822147939502404,0.07261387145483825,0.26537988549005415,0.00651146528131581,0.869,0.233,0.876,0.991,-0.014,0.133,0.0,0.8539954735420511,0.2104040315368479,0.8742675646389206,0.4085985388515968,0.21760437312043063,0.5261548631389187,0.4014028023687857,0.20187978760512984,0.6
822,1784635923.75458,-0.09178201488332165,0.05497347537342474,0.26416733198887277,0.0038047891263073425,0.871,0.236,0.876,0.991,-0.012,0.131,0.0,0.8539954735420511,0.2104040315368479,0.8742675646389206,0.4109660810975667,0.2212083933193533,0.5262047822024141,0.4014028023687857,0.20187978760512984,0.6
822,1784635923.7851315,-0.08857120907830203,0.04910551538355899,0.2651776323714386,0.002128656704241183,0.872,0.238,0.876,0.991,-0.011,0.131,0.0,0.8539954735420511,0.2104040315368479,0.8742675646389206,0.41253923766313383,0.22363123961429487,0.5262323356901144,0.4014028023687857,0.20187978760512984,0.6
825,1784635923.8092124,-0.06037990582806404,0.039688416522742444,0.26414575486500824,0.0012096696811668061,0.877,0.246,0.876,0.992,-0.008,0.128,-0.0,0.8539954735420511,0.2104040315368479,0.8742675646389206,0.41724199659641187,0.23099628027393906,0.5262861368356015,0.4014028023687857,0.20187978760512984,0.6
825,1784635923.8391879,0.041123568978296686,-0.061223013978899295,0.25864712238338966,-0.0020707980702939647,0.881,0.252,0.876,0.992,-0.007,0.127,-0.0,0.8539954735420511,0.2104040315368479,0.8742675646389206,0.4203601501439254,0.23598600940122108,0.5262898974879191,0.42089735970888686,0.23010136429586578,0.6
827,1784635923.86685,-0.01462860990018492,-0.021898279189067622,0.27064449717137234,-0.0024566708971344416,0.884,0.257,0.877,0.992,-0.007,0.127,-0.0,0.8757334301838473,0.24346373619901923,0.8761633776370668,0.4234679007689601,0.24103871398873844,0.5262594232540811,0.42089735970888686,0.23010136429586578,0.6
827,1784635923.894407,0.08572455625097805,-0.12114532079899615,0.2554140921698668,-0.009254548516813253,0.887,0.263,0.877,0.992,-0.008,0.127,-0.0,0.8757334301838473,0.24346373619901923,0.8761633776370668,0.42694929754532085,0.24679727880207314,0.5261823303238489,0.42089735970888686,0.23010136429586578,0.6
830,1784635923.9260051,0.05278758276152273,-0.05715133978896551,0.2735053433382625,-0.007281654551330736,0.891,0.27,0.877,0.992,-0.008,0.128,-0.0,0.8757334301838473,0.24346373619901923,0.8761633776370668,0.4311555159176653,0.25393938286216733,0.5260014988020626,0.42089735970888686,0.23010136429586578,0.6
830,1784635923.9517636,-0.048451567408703794,0.01605671520249838,0.26324108326996953,-0.0035334114380256108,0.895,0.277,0.877,0.992,-0.009,0.128,-0.0,0.8757334301838473,0.24346373619901923,0.8761633776370668,0.4353103231739361,0.2611935215751851,0.5257438999065975,0.42089735970888686,0.23010136429586578,0.6
833,1784635923.9858515,-0.14516194747501937,0.06441169373703373,0.26970388871894846,-0.000415942599828723,0.897,0.282,0.877,0.992,-0.009,0.128,-0.0,0.8757334301838473,0.24346373619901923,0.8761633776370668,0.43792243860342894,0.2658664936529576,0.5255350183129569,0.43896332267535826,0.26060273007766327,0.6
833,1784635924.0298352,-0.0476396833061271,0.02398464584559761,0.2629858392153835,0.0002747782754085776,0.9,0.287,0.877,0.992,-0.009,0.127,-0.0,0.8930514823227846,0.27419079225224585,0.8769286895408912,0.4412455597880235,0.2719378792877841,0.5252165211973956,0.43896332267535826,0.26060273007766327,0.6
837,1784635924.0720074,-0.010803417891670324,0.03474013298786482,0.26736540086729427,0.0007005032303945331,0.905,0.299,0.877,0.992,-0.009,0.126,-0.0,0.8930514823227846,0.27419079225224585,0.8769286895408912,0.4471322528856922,0.2829066595848443,0.5246485464005398,0.43896332267535826,0.26060273007766327,0.6
837,1784635924.100944,0.08946643684407027,-0.06607986631430218,0.25680457998652667,-0.0012523502741412437,0.91,0.31,0.878,0.992,-0.009,0.125,0.0,0.8930514823227846,0.27419079225224585,0.8769286895408912,0.4536376234011819,0.29550313268671013,0.5239895081963442,0.43896332267535826,0.26060273007766327,0.6
840,1784635924.1276937,0.13064922672988485,-0.026076391180104297,0.2711564547290423,-0.004037427914567727,0.915,0.321,0.878,0.992,-0.01,0.126,0.0,0.8930514823227846,0.27419079225224585,0.8769286895408912,0.45887522973408057,0.306197896069522,0.5233756441811007,0.4552869517727809,0.29332722950236606,0.6
840,1784635924.1563568,0.22728288790848342,-0.12524931279785334,0.25243893610095547,-0.002634472062182982,0.917,0.328,0.879,0.992,-0.011,0.126,0.0,0.9083156506017807,0.30636104321514074,0.8772709658672528,0.4619244194230074,0.3126989889412106,0.5229825699168468,0.4552869517727809,0.29332722950236606,0.6
843,1784635924.185029,0.12167156437674433,-0.06835247944097875,0.276749981342724,0.00902371708350661,0.92,0.334,0.879,0.992,-0.012,0.126,0.0,0.9083156506017807,0.30636104321514074,0.8772709658672528,0.46488689801181365,0.31926177563460273,0.522538420133008,0.4552869517727809,0.29332722950236606,0.6
843,1784635924.2063684,0.018629945617212568,-0.010029465270969484,0.2621590912121201,0.008355859078177484,0.922,0.341,0.879,0.992,-0.011,0.126,0.0,0.9083156506017807,0.30636104321514074,0.8772709658672528,0.46809313656647844,0.32662681704913293,0.5220090004122541,0.4552869517727809,0.29332722950236606,0.6
846,1784635924.2339978,-0.08162168061910025,-0.02663280127150839,0.2664973550097161,0.0033639621086480618,0.924,0.346,0.879,0.992,-0.01,0.126,0.0,0.9083156506017807,0.30636104321514074,0.8772709658672528,0.470558645548424,0.3325733872197959,0.5215312157383527,0.4552869517727809,0.29332722950236606,0.6
846,1784635924.2589471,0.020407675410250625,-0.07385505380895854,0.2589164385168109,-0.004971803509780936,0.926,0.353,0.879,0.992,-0.008,0.125,-0.0,0.9083156506017807,0.30636104321514074,0.8772709658672528,0.4729560501071808,0.3385697238205459,0.521033360202129,0.4695499951195738,0.3281784756325818,0.6
848,1784635924.2795067,-0.08005616824391243,0.0036781649634225477,0.2705043207697085,-0.0033806365389518,0.928,0.358,0.879,0.992,-0.007,0.124,-0.0,0.9239895022508846,0.34606061465476085,0.8790674941287788,0.4750093960186251,0.3438583241884136,0.5206022892006836,0.4695499951195738,0.3281784756325818,0.6
848,1784635924.295554,0.02193794403180345,-0.0761213238241671,0.2575347103635864,-0.0064712155797660865,0.93,0.363,0.88,0.992,-0.005,0.124,-0.0,0.9239895022508846,0.34606061465476085,0.8790674941287788,0.4770231105328482,0.34918628848651206,0.5201735920541042,0.4695499951195738,0.3281784756325818,0.6
850,1784635924.3143985,0.12137948829471708,-0.06274811334036474,0.26705311439059487,-0.012315486204435261,0.931,0.368,0.88,0.992,-0.004,0.123,-0.001,0.9239895022508846,0.34606061465476085,0.8790674941287788,0.47899218654622444,0.35455375123578015,0.5197413710125919,0.4695499951195738,0.3281784756325818,0.6
851,1784635924.335351,0.019291154472056884,0.004678497281157781,0.2640017930487442,-0.009871351713728643,0.933,0.373,0.88,0.992,-0.004,0.123,-0.001,0.9239895022508846,0.34606061465476085,0.8790674941287788,0.48091263940721185,0.3599607706009961,0.5192979474242373,0.4695499951195738,0.3281784756325818,0.6
852,1784635924.3541265,0.11880806700821223,-0.05858271756158215,0.2634821798496339,-0.010366567683979682,0.934,0.378,0.88,0.993,-0.003,0.122,-0.001,0.9239895022508846,0.34606061465476085,0.8790674941287788,0.48278797284390834,0.3654077373832572,0.5188504926879532,0.4695499951195738,0.3281784756325818,0.6
853,1784635924.3756435,0.21583776352950104,-0.054722897040693504,0.26272830834706623,-0.013119687109717594,0.935,0.382,0.88,0.993,-0.003,0.122,-0.001,0.9239895022508846,0.34606061465476085,0.8790674941287788,0.4843563156092641,0.3701084636075365,0.5184664313306601,0.48143501515956866,0.36501795411576027,0.6
854,1784635924.3977852,0.11044183491050522,0.04592128461193356,0.2830648481945304,0.010334561033987548,0.937,0.387,0.88,0.993,-0.003,0.121,-0.001,0.9239895022508846,0.34606061465476085,0.8790674941287788,0.4861408095211729,0.37562995765330204,0.5180217277989835,0.48143501515956866,0.36501795411576027,0.6
854,1784635924.4146175,0.008011352006459194,0.02869961646160945,0.2622067868039406,0.004526166287939732,0.937,0.389,0.88,0.993,-0.003,0.121,-0.001,0.9239895022508846,0.34606061465476085,0.8790674941287788,0.48713803325028665,0.37880307570122945,0.5177678722212814,0.48143501515956866,0.36501795411576027,0.6
856,1784635924.4401946,0.1075662223519248,-0.06591857951648955,0.2648710225009757,-0.0019260862277248924,0.939,0.395,0.88,0.993,-0.002,0.121,-0.001,0.9354654590632028,0.3821899062424211,0.8798711592534784,0.488843456096694,0.3843873840414342,0.5173245312140401,0.48143501515956866,0.36501795411576027,0.6
856,1784635924.4612064,0.1205956960568558,-0.06858761115870621,0.262119482726729,-0.004970687007817443,0.94,0.4,0.88,0.993,-0.001,0.12,-0.001,0.9354654590632028,0.3821899062424211,0.8798711592534784,0.49028148399302407,0.3892062329881635,0.5169741621836901,0.48143501515956866,0.36501795411576027,0.6
858,1784635924.479339,0.017580812788970224,0.029697454857682257,0.27429143283281743,0.018879563829310095,0.941,0.406,0.88,0.993,-0.0,0.12,-0.001,0.9354654590632028,0.3821899062424211,0.8798711592534784,0.4923925182774452,0.39648985738491654,0.516503393384666,0.48143501515956866,0.36501795411576027,0.6
858,1784635924.4987707,0.08014744130832978,-0.06447052875113367,0.2577071244434883,0.00652633654988953,0.942,0.409,0.88,0.993,0.0,0.12,-0.001,0.9354654590632028,0.3821899062424211,0.8798711592534784,0.4935309253569344,0.40056437826693053,0.5162602266361912,0.48143501515956866,0.36501795411576027,0.6
860,1784635924.516718,-0.021854731983170672,0.006537357320030898,0.27225179259669813,0.013265014972000583,0.943,0.415,0.881,0.993,0.002,0.12,-0.001,0.9354654590632028,0.3821899062424211,0.8798711592534784,0.49507265244336124,0.4063015813418602,0.5159330367918098,0.48143501515956866,0.36501795411576027,0.6
860,1784635924.5351105,-0.1212832814566076,0.034726227652845484,0.2596043868543442,0.00766864980627055,0.944,0.418,0.881,0.993,0.002,0.119,-0.001,0.9354654590632028,0.3821899062424211,0.8798711592534784,0.49655794359434174,0.41207650723552114,0.5156273189058469,0.49063130161912266,0.403663373186819,0.6
862,1784635924.56002,-0.2182298322418753,-0.01173177238144825,0.2667343727655884,-7.705217180888416e-05,0.945,0.425,0.881,0.993,0.004,0.119,-0.001,0.9438112066607783,0.4173973817468208,0.8806631855782925,0.49797879759350105,0.41788840446225434,0.5153563713801481,0.49063130161912266,0.403663373186819,0.6
862,1784635924.5785105,-0.19920522076395292,-0.013020460583781663,0.261531857425413,-0.0028390921132574938,0.946,0.428,0.881,0.993,0.004,0.119,-0.001,0.9438112066607783,0.4173973817468208,0.8806631855782925,0.4989444677722157,0.42206184057195556,0.5151902478670732,0.49063130161912266,0.403663373186819,0.6
864,1784635924.598288,-0.18289628240400907,-0.005567030348943146,0.26597474951924016,-0.004730833486672,0.947,0.434,0.881,0.993,0.005,0.118,-0.002,0.9438112066607783,0.4173973817468208,0.8806631855782925,0.5004102270255755,0.4287758915214646,0.5149529136495641,0.49063130161912266,0.403663373186819,0.6
864,1784635924.6210535,-0.16813287409007202,-0.00782964850335836,0.26255666642005776,-0.006016681428036768,0.948,0.438,0.882,0.993,0.005,0.118,-0.002,0.9438112066607783,0.4173973817468208,0.8806631855782925,0.5015988546151581,0.4346858557479712,0.5147637627499124,0.49063130161912266,0.403663373186819,0.6
866,1784635924.6391566,-0.14023219671815423,-0.0071235488880763975,0.26566526470967855,-0.0065175315717837115,0.948,0.444,0.882,0.993,0.005,0.118,-0.002,0.9438112066607783,0.4173973817468208,0.8806631855782925,0.5028463426091051,0.44147790686722316,0.5145632943682684,0.49063130161912266,0.403663373186819,0.6
866,1784635924.6591098,-0.03672650230109886,-0.04347399912129261,0.26993756675946357,-0.040387848826829345,0.949,0.448,0.882,0.993,0.004,0.118,-0.002,0.9438112066607783,0.4173973817468208,0.8806631855782925,0.5037061750226982,0.4465967187973,0.5144208258588033,0.49063130161912266,0.403663373186819,0.6
868,1784635924.6796677,-0.13549401567498287,0.005290023388437141,0.2621661699437251,-0.021614393757830534,0.949,0.452,0.882,0.993,0.002,0.118,-0.001,0.9438112066607783,0.4173973817468208,0.8806631855782925,0.504500766309617,0.4517353543658348,0.5142853308021308,0.49063130161912266,0.403663373186819,0.6
868,1784635924.6963212,-0.06748398872855277,-0.003178841090425027,0.26663574573212734,-0.014800570808533422,0.95,0.456,0.882,0.993,0.001,0.118,-0.001,0.9438112066607783,0.4173973817468208,0.8806631855782925,0.5052284874815173,0.45689251448628676,0.5141581943038566,0.49684126780106525,0.44388789186057154,0.6
870,1784635924.717337,0.0030783589370146774,-0.04443830200423109,0.2624445395153162,-0.011486100788657923,0.95,0.46,0.882,0.993,-0.001,0.118,-0.001,0.949488207570995,0.45279359816584447,0.8820731920164098,0.5059993418432277,0.4629309133899142,0.5140362565547536,0.49684126780106525,0.44388789186057154,0.6
870,1784635924.7333653,0.041608177983255085,-0.04255014254832292,0.26567087604348016,-0.00741063357382883,0.951,0.465,0.882,0.993,-0.003,0.118,-0.0,0.949488207570995,0.45279359816584447,0.8820731920164098,0.5067764688323049,0.4698579402262457,0.5139310662576414,0.49684126780106525,0.44388789186057154,0.6
872,1784635924.7542186,0.08118072847196331,-0.03518742484113949,0.2632107324548037,-0.004809960388835915,0.951,0.471,0.883,0.993,-0.006,0.118,0.0,0.949488207570995,0.45279359816584447,0.8820731920164098,0.5074914291374655,0.47768079899961857,0.5138671527752894,0.49684126780106525,0.44388789186057154,0.6
873,1784635924.7783976,-0.02069713027139186,-0.02555325160874691,0.266149200785805,-0.0012298444150396896,0.952,0.476,0.883,0.993,-0.008,0.118,0.001,0.949488207570995,0.45279359816584447,0.8820731920164098,0.5078067657161096,0.4820393253512222,0.5138658423417841,0.49684126780106525,0.44388789186057154,0.6
873,1784635924.793562,-0.04663045845803551,-0.021491726952844698,0.2637542417089711,0.00014462847275045548,0.952,0.48,0.883,0.993,-0.009,0.118,0.001,0.949488207570995,0.45279359816584447,0.8820731920164098,0.5081200114372582,0.48727986045992355,0.5138825375190308,0.49684126780106525,0.44388789186057154,0.6
875,1784635924.8142416,0.0545352195747975,-0.003260188145025978,0.26465843844223397,-0.018060129340338942,0.952,0.486,0.883,0.993,-0.01,0.117,0.001,0.949488207570995,0.45279359816584447,0.8820731920164098,0.5084046399841716,0.49340647988821296,0.513912690176365,0.4997871978420216,0.4854203442261171,0.6
876,1784635924.8369005,-0.02727467574519972,-0.0019495967539192084,0.26552306854933255,-0.011210400689194988,0.952,0.489,0.883,0.993,-0.01,0.117,0.001,0.949488207570995,0.45279359816584447,0.8820731920164098,0.5085514258427454,0.4977903611508727,0.5139468017564004,0.4997871978420216,0.4854203442261171,0.6
877,1784635924.8615065,0.07340718256316474,-0.04686074579925193,0.26312999710163865,-0.009037393519546329,0.952,0.492,0.883,0.993,-0.011,0.117,0.001,0.9522584571315403,0.4872383885029219,0.8830543359194041,0.508671607679018,0.5030586577163745,0.5139985631988794,0.4997871978420216,0.4854203442261171,0.6
877,1784635924.8759177,-0.023920113350538272,-0.049915558371457544,0.2657190693757335,-0.005330498067929257,0.953,0.497,0.883,0.993,-0.011,0.117,0.001,0.9522584571315403,0.4872383885029219,0.8830543359194041,0.5087484382729369,0.5092143263088962,0.5140573084935853,0.4997871978420216,0.4854203442261171,0.6
879,1784635924.8924305,0.0739011417618102,-0.04329211713436127,0.2632135194553187,-0.004672883257496197,0.953,0.503,0.883,0.993,-0.011,0.117,0.002,0.9522584571315403,0.4872383885029219,0.8830543359194041,0.5087462241032507,0.5144985580357204,0.5141280906532544,0.4997871978420216,0.4854203442261171,0.6
880,1784635924.913973,0.10701648629382804,-0.027326227119063483,0.26517787387995223,-0.00365308958161875,0.953,0.509,0.883,0.993,-0.011,0.116,0.002,0.9522584571315403,0.4872383885029219,0.8830543359194041,0.5086365754014459,0.5224375825988757,0.514257067233112,0.4997871978420216,0.4854203442261171,0.6
881,1784635924.933993,0.004441997172541956,-0.028944878807736923,0.264336423350228,-0.0010718921196337782,0.953,0.514,0.884,0.993,-0.01,0.116,0.002,0.9522584571315403,0.4872383885029219,0.8830543359194041,0.5084941749144529,0.5277384613457209,0.5143542889376013,0.4997871978420216,0.4854203442261171,0.6
882,1784635924.9530296,0.10433066666591492,0.015344059763500551,0.2643301410751838,-0.012974162560155605,0.952,0.518,0.884,0.993,-0.01,0.116,0.002,0.9522584571315403,0.4872383885029219,0.8830543359194041,0.5082948505750909,0.5330459597857505,0.5144598507717515,0.4997871978420216,0.4854203442261171,0.6
883,1784635924.9726532,0.20172096842210116,0.025925549284115286,0.2610417341351236,-0.012444714171134925,0.952,0.523,0.884,0.993,-0.01,0.116,0.002,0.9522584571315403,0.4872383885029219,0.8830543359194041,0.5080416727033381,0.5383601189633588,0.5145732016695747,0.4997871978420216,0.4854203442261171,0.6
884,1784635924.9941685,0.13697322883569094,0.011496850135535783,0.267556158709728,-0.007528322686464014,0.952,0.528,0.884,0.993,-0.009,0.115,0.002,0.9522584571315403,0.4872383885029219,0.8830543359194041,0.5077335810244463,0.5436812520370669,0.514697995361124,0.4992181848994643,0.5279465568538572,0.6
885,1784635925.013057,0.03361032934869036,-0.022162022211257428,0.26287747550439766,-0.00571619822979627,0.952,0.532,0.884,0.993,-0.009,0.115,0.002,0.9522384845146873,0.5247305729634941,0.883684220464946,0.5074367916857073,0.5481210333982367,0.5148083918875151,0.4992181848994643,0.5279465568538572,0.6
886,1784635925.0328667,-0.025093570494431866,-0.022550903205308094,0.26644056107643077,-0.0053712243029030845,0.952,0.537,0.884,0.993,-0.008,0.115,0.002,0.9522384845146873,0.5247305729634941,0.883684220464946,0.5070287958613577,0.5534558968651966,0.5149456939853052,0.4992181848994643,0.5279465568538572,0.6
887,1784635925.0544162,0.0755334733920517,0.021545904427681777,0.26259074558817247,-0.011751165316530292,0.951,0.542,0.884,0.993,-0.007,0.115,0.002,0.9522384845146873,0.5247305729634941,0.883684220464946,0.5065657332121258,0.5587989558122077,0.5150886967916873,0.4992181848994643,0.5279465568538572,0.6
888,1784635925.077428,0.17364406201957594,0.02681815632254867,0.2660285185110541,-0.011342990702227695,0.951,0.545,0.884,0.993,-0.007,0.115,0.002,0.9522384845146873,0.5247305729634941,0.883684220464946,0.5062272916086114,0.5623657900976871,0.515187493388831,0.4992181848994643,0.5279465568538572,0.6
888,1784635925.0982518,0.26909039605966395,0.030270476689274052,0.2645496648891743,-0.011054734046229179,0.951,0.547,0.884,0.993,-0.006,0.115,0.002,0.9522384845146873,0.5247305729634941,0.883684220464946,0.5059583009949447,0.5650435411726112,0.5152640196853161,0.4992181848994643,0.5279465568538572,0.6
890,1784635925.1161144,0.1623632931029513,-0.022671417184825744,0.28106476551769777,-0.007637570008684649,0.95,0.552,0.884,0.993,-0.005,0.115,0.001,0.9522384845146873,0.5247305729634941,0.883684220464946,0.5054814309382538,0.5695116721087998,0.5153963216334806,0.4992181848994643,0.5279465568538572,0.6
891,1784635925.1461318,0.058304406912726744,-0.01152912931135296,0.26210433678386713,-0.004791754868062197,0.95,0.558,0.884,0.993,-0.004,0.115,0.001,0.9522384845146873,0.5247305729634941,0.883684220464946,0.5046405800589989,0.5766751445518654,0.5156140565892607,0.4992181848994643,0.5279465568538572,0.6
891,1784635925.168404,-0.043151414771349,-0.034213010634895305,0.2673570578596577,-0.002297364245947078,0.949,0.565,0.884,0.993,-0.003,0.115,0.001,0.9522384845146873,0.5247305729634941,0.883684220464946,0.503827260634296,0.5829587116167049,0.515811315715136,0.4992181848994643,0.5279465568538572,0.6
894,1784635925.18976,-0.08902044645648755,-0.007875707428154775,0.2634283689336735,-0.0022725143816957004,0.948,0.569,0.884,0.993,-0.002,0.115,0.001,0.9522384845146873,0.5247305729634941,0.883684220464946,0.5030767793248367,0.5883566956013001,0.5159880123350794,0.4949170758939607,0.5711118290193247,0.6
894,1784635925.210786,-0.0601780002999581,-0.05364790990730313,0.2639625151624471,-0.0031793329114218707,0.947,0.574,0.884,0.993,-0.0,0.115,0.001,0.9490548005171286,0.5624462576149512,0.8837092271849011,0.5022949288265814,0.5937657350564439,0.5162033633138449,0.4949170758939607,0.5711118290193247,0.6
896,1784635925.2316813,-0.06353139115094818,-0.04965739256051535,0.26334516612102327,-0.0027815531156052385,0.947,0.58,0.884,0.993,0.001,0.115,0.001,0.9490548005171286,0.5624462576149512,0.8837092271849011,0.5014845371828394,0.5991861550925692,0.5164603785629108,0.4949170758939607,0.5711118290193247,0.6
896,1784635925.2518783,-0.06409429778086398,-0.03462627858004286,0.2637704051170045,-0.0020943014991996155,0.946,0.586,0.884,0.993,0.004,0.115,0.001,0.9490548005171286,0.5624462576149512,0.8837092271849011,0.5003234078750577,0.6064333079927666,0.5168539224862398,0.4949170758939607,0.5711118290193247,0.6
898,1784635925.2731273,-0.16244590559942096,-0.06916321623960779,0.2628846258895088,0.0008483029780433932,0.945,0.591,0.884,0.993,0.005,0.115,0.001,0.9490548005171286,0.5624462576149512,0.8837092271849011,0.4995195931861559,0.6109762544566584,0.5171529768195002,0.4949170758939607,0.5711118290193247,0.6
898,1784635925.294346,-0.058384774309244214,0.03249902894534161,0.27541588774425063,-0.025799833734312654,0.943,0.599,0.885,0.993,0.006,0.115,0.001,0.9490548005171286,0.5624462576149512,0.8837092271849011,0.49792646305384264,0.6191793856990127,0.5177543311396295,0.4949170758939607,0.5711118290193247,0.6
900,1784635925.3158882,0.0430442536536995,0.12125115349170831,0.2564247071238134,0.009056264832331996,0.942,0.605,0.885,0.993,0.007,0.114,0.001,0.9490548005171286,0.5624462576149512,0.8837092271849011,0.49615869165928494,0.6274146239849996,0.5183943991622892,0.4949170758939607,0.5711118290193247,0.6
900,1784635925.3381257,0.08021224823351578,0.04414557462688337,0.2698813944612183,0.007257066316968007,0.941,0.612,0.886,0.993,0.007,0.114,0.001,0.9490548005171286,0.5624462576149512,0.8837092271849011,0.4946712192055318,0.6338410140882887,0.5188974880353799,0.4867072189420846,0.6145246122456851,0.6
902,1784635925.3639655,0.11972459211373998,0.04884867100929666,0.25947136059151343,0.003759284784055247,0.939,0.62,0.886,0.994,0.006,0.114,0.001,0.9490548005171286,0.5624462576149512,0.8837092271849011,0.4926321292123046,0.6421288484005392,0.5195521896006692,0.4867072189420846,0.6145246122456851,0.6
902,1784635925.3863678,0.21671348097010878,0.11176897854582946,0.2644451602478518,-0.0007250348811015305,0.937,0.629,0.886,0.994,0.005,0.113,0.001,0.941917617847992,0.6063404237758151,0.8853194942356472,0.4899643509156697,0.6522937305730064,0.5203559218160594,0.4867072189420846,0.6145246122456851,0.6
905,1784635925.4104526,0.11129578313969887,0.008992975453314317,0.2652295985689369,-0.002237061773803853,0.935,0.633,0.887,0.994,0.004,0.113,0.001,0.941917617847992,0.6063404237758151,0.8853194942356472,0.48840866869578825,0.6578542361698019,0.5208037968401459,0.4867072189420846,0.6145246122456851,0.6
905,1784635925.4370835,0.009985165117545033,-0.017001262825626362,0.26148274550497624,-0.003915211218000412,0.933,0.641,0.887,0.993,0.004,0.114,0.001,0.941917617847992,0.6063404237758151,0.8853194942356472,0.48678739455153985,0.6634246940938949,0.5212444458433928,0.4867072189420846,0.6145246122456851,0.6
907,1784635925.4598439,-0.03134642199964541,-0.02562791299169987,0.2647140521361069,-0.005247979064467218,0.931,0.648,0.887,0.993,0.004,0.114,0.001,0.941917617847992,0.6063404237758151,0.8853194942356472,0.4842417295191837,0.6717964941335639,0.5218713879980841,0.4867072189420846,0.6145246122456851,0.6
907,1784635925.4851758,0.06943652636315992,0.07128752722556742,0.2630863134941986,-0.011483569329180668,0.93,0.651,0.888,0.993,0.005,0.115,0.001,0.941917617847992,0.6063404237758151,0.8853194942356472,0.4827697844442466,0.6764547362339367,0.5222072071485013,0.4867072189420846,0.6145246122456851,0.6
910,1784635925.5009427,0.1676546558141216,0.10328006947536021,0.2649786593814954,-0.0069989179672701705,0.928,0.658,0.888,0.993,0.006,0.115,0.001,0.941917617847992,0.6063404237758151,0.8853194942356472,0.4806407235552969,0.6829834451475844,0.5226552933666017,0.4744587964352668,0.6577613874554492,0.6
910,1784635925.514724,0.08488662930801799,0.001938377863089813,0.2611712120085845,0.0036306630669890056,0.927,0.662,0.888,0.993,0.006,0.115,0.001,0.9298536264354444,0.6522246094326839,0.8876352445607376,0.4790723430146658,0.6876509553627267,0.5229586642588598,0.4744587964352668,0.6577613874554492,0.6
911,1784635925.531094,0.04734768954633395,-0.05508723599085739,0.2644593275261887,0.0020098362308635116,0.924,0.669,0.888,0.993,0.007,0.116,0.001,0.9298536264354444,0.6522246094326839,0.8876352445607376,0.47649965456331966,0.6951231085071168,0.523399286787504,0.4744587964352668,0.6577613874554492,0.6
912,1784635925.5517507,0.1461638844908632,0.046269397019517315,0.2653445949862457,-0.013773349247538499,0.922,0.676,0.889,0.993,0.008,0.116,0.001,0.9298536264354444,0.6522246094326839,0.8876352445607376,0.4741878654216755,0.7016630995318505,0.5237414810889514,0.4744587964352668,0.6577613874554492,0.6
913,1784635925.572226,0.07984988507738028,-0.03206000634785843,0.2621102451746099,-0.006341565781364713,0.92,0.681,0.889,0.993,0.009,0.116,0.001,0.9298536264354444,0.6522246094326839,0.8876352445607376,0.47214103181239797,0.7072695132719734,0.5240269629197951,0.4744587964352668,0.6577613874554492,0.6
914,1784635925.5976422,-0.022109609340255798,-0.0939301671770569,0.26334404362145014,-0.0018328805055119624,0.918,0.685,0.889,0.993,0.009,0.117,0.0,0.9298536264354444,0.6522246094326839,0.8876352445607376,0.4707481438558698,0.7110064254322691,0.5242095257570163,0.4744587964352668,0.6577613874554492,0.6
915,1784635925.6242967,-0.10970330969512083,-0.09630586928216182,0.2624435365061084,-0.0006135086282077181,0.917,0.69,0.889,0.993,0.01,0.117,0.0,0.9298536264354444,0.6522246094326839,0.8876352445607376,0.4689834201633859,0.7156755298957539,0.5244237806996249,0.4744587964352668,0.6577613874554492,0.6
915,1784635925.6503808,-0.012455533031765595,-0.02791115464522048,0.26542798958914177,-0.0021143069469396533,0.914,0.696,0.889,0.993,0.011,0.117,0.0,0.9298536264354444,0.6522246094326839,0.8876352445607376,0.46609911349078664,0.7231395272033421,0.5247400705674544,0.4744587964352668,0.6577613874554492,0.6
918,1784635925.6812506,0.08785501473036153,0.07273855834786838,0.2658422599936351,-0.009654588232013366,0.912,0.701,0.889,0.993,0.012,0.117,0.0,0.9155298617792573,0.6932558665513774,0.8894292114133184,0.46424803849201834,0.7277994723403787,0.5249278987753259,0.45809452113929316,0.700372696059061,0.6
918,1784635925.7074833,-0.01131046776213697,-0.02649677139844582,0.26011434590839744,-0.0020433753185007536,0.907,0.714,0.89,0.993,0.014,0.117,0.0,0.9155298617792573,0.6932558665513774,0.8894292114133184,0.458488297003532,0.741743854204672,0.5254223157788991,0.45809452113929316,0.700372696059061,0.6
921,1784635925.7301507,0.06300059858351742,0.005915540752411963,0.26704141817615507,-0.0031858211245988652,0.903,0.722,0.89,0.993,0.014,0.116,0.0,0.9155298617792573,0.6932558665513774,0.8894292114133184,0.4544809687340005,0.7509994448971608,0.525705792670018,0.45809452113929316,0.700372696059061,0.6
921,1784635925.7518778,0.16141669849092302,0.10571009292894687,0.26729264130657876,-0.011259738720221946,0.9,0.728,0.89,0.993,0.014,0.116,0.0,0.9155298617792573,0.6932558665513774,0.8894292114133184,0.452012436185405,0.7565325509541467,0.5258690900004339,0.45809452113929316,0.700372696059061,0.6
923,1784635925.7733707,0.057772950907165235,0.010531084590994347,0.2606371071933412,-0.007452831125437053,0.897,0.734,0.89,0.993,0.014,0.115,0.0,0.9155298617792573,0.6932558665513774,0.8894292114133184,0.44863395950890594,0.7638829426906593,0.5260694138963923,0.45809452113929316,0.700372696059061,0.6
923,1784635925.7962368,0.15632858693667562,0.11026748610887106,0.2781874980908003,-0.02031442397656761,0.895,0.739,0.89,0.993,0.014,0.115,0.0,0.9155298617792573,0.6932558665513774,0.8894292114133184,0.4464695521264161,0.768459361865231,0.5261815026510526,0.45809452113929316,0.700372696059061,0.6
925,1784635925.8185003,0.12571709365651448,0.0696840147987114,0.2607770865560578,-0.012974147006237238,0.892,0.744,0.89,0.993,0.015,0.115,0.0,0.9155298617792573,0.6932558665513774,0.8894292114133184,0.4424752426574358,0.7766576094399017,0.5263762765233282,0.43759447573196497,0.741890237188715,0.6
925,1784635925.8420997,0.22256676816981585,0.16793396942362315,0.2735551697123068,-0.015399814452466607,0.887,0.752,0.89,0.993,0.015,0.115,0.0,0.8947883603146054,0.7388349367223283,0.8901919687235453,0.4388047775120973,0.7838982066380247,0.5265359449221579,0.43759447573196497,0.741890237188715,0.6
927,1784635925.866057,0.11701148317406784,0.06480281790504219,0.26163344537513517,-0.02350178961363534,0.883,0.76,0.89,0.993,0.016,0.116,0.0,0.8947883603146054,0.7388349367223283,0.8901919687235453,0.4345540371626,0.7919829657061886,0.5267263457038699,0.43759447573196497,0.741890237188715,0.6
927,1784635925.8845444,0.014108505365720544,0.012742514540500294,0.2656220970873935,-0.014287951322816649,0.879,0.766,0.89,0.993,0.017,0.116,0.0,0.8947883603146054,0.7388349367223283,0.8901919687235453,0.43017267283918303,0.7999960462542979,0.5269198268847083,0.43759447573196497,0.741890237188715,0.6
929,1784635925.9089653,0.11374849852510657,0.11232546801778204,0.27043380839842185,-0.0067287541970859795,0.876,0.771,0.89,0.993,0.019,0.117,0.0,0.8947883603146054,0.7388349367223283,0.8901919687235453,0.42667872429588105,0.8061734376238421,0.527081580875581,0.43759447573196497,0.741890237188715,0.6
931,1784635925.9344225,0.010906967736456746,0.01656944770251839,0.26026248863865814,-0.011636287750365468,0.871,0.78,0.89,0.993,0.021,0.118,0.0,0.8947883603146054,0.7388349367223283,0.8901919687235453,0.42257883118240686,0.8131702767445081,0.5272713843375318,0.43759447573196497,0.741890237188715,0.6
931,1784635925.9562254,0.11047693207067547,0.1161169516353535,0.27630056175319234,-0.0025274216023044426,0.866,0.787,0.891,0.993,0.023,0.12,0.0,0.8947883603146054,0.7388349367223283,0.8901919687235453,0.41837517773259014,0.8200950504749089,0.5274421490493251,0.4129998885297576,0.7818348988834811,0.6
933,1784635925.9789379,0.007720481959872752,0.013305932792318342,0.2587787243436926,-0.018596114164903615,0.863,0.792,0.891,0.992,0.024,0.12,0.0,0.8947883603146054,0.7388349367223283,0.8901919687235453,0.41463567710178106,0.8260899867765693,0.5275728445967761,0.4129998885297576,0.7818348988834811,0.6
933,1784635926.0011194,-0.0748533004771123,-0.08532994796241267,0.26525715584482007,-0.012805584002494617,0.86,0.796,0.891,0.992,0.025,0.121,0.0,0.8713996000345177,0.778788035695897,0.8904374313620113,0.4119137785246975,0.830333629041059,0.5276731408831158,0.4129998885297576,0.7818348988834811,0.6
935,1784635926.0245748,-0.09871253910668312,-0.11343116507383558,0.2606231297664128,-0.006311556367975825,0.856,0.802,0.891,0.992,0.027,0.122,0.0,0.8713996000345177,0.778788035695897,0.8904374313620113,0.40803854215509744,0.8362181794260934,0.5278196081003267,0.4129998885297576,0.7818348988834811,0.6
935,1784635926.0456345,-0.18735419710790582,-0.17329297897666268,0.2614276647664241,-0.001175076472277361,0.852,0.806,0.891,0.992,0.027,0.123,0.0,0.8713996000345177,0.778788035695897,0.8904374313620113,0.4040937258972354,0.8420332102534632,0.5279856246602215,0.4129998885297576,0.7818348988834811,0.6
938,1784635926.0674496,-0.08267097793856688,-0.06896319113973762,0.28602631476767065,-0.01706228918993549,0.847,0.813,0.891,0.992,0.028,0.123,0.0,0.8713996000345177,0.778788035695897,0.8904374313620113,0.3995016129886127,0.848591281796865,0.5281651745023419,0.4129998885297576,0.7818348988834811,0.6
938,1784635926.0899184,-0.17555277268862912,-0.14758074284088624,0.25666340433963536,-0.009387343725824327,0.843,0.818,0.892,0.992,0.029,0.124,0.0,0.8713996000345177,0.778788035695897,0.8904374313620113,0.39480547351620543,0.8550522497296424,0.5283411758404489,0.4129998885297576,0.7818348988834811,0.6
940,1784635926.1059434,-0.21120405383320137,-0.16249824178169373,0.2644169218259116,-0.0031881995453394325,0.839,0.823,0.892,0.992,0.029,0.123,0.0,0.8713996000345177,0.778788035695897,0.8904374313620113,0.39120728688561346,0.8598322753869334,0.5284711630247544,0.38441566001220995,0.8197255484140268,0.6
940,1784635926.1237228,-0.10593972090506998,-0.05861621706653723,0.26553734748567476,-0.0028535661153648896,0.837,0.826,0.892,0.992,0.029,0.123,0.0,0.8713996000345177,0.778788035695897,0.8904374313620113,0.38819019672044275,0.8637695707927716,0.5285854418994491,0.38441566001220995,0.8197255484140268,0.6
942,1784635926.1395938,-0.012674318933313125,0.0343808362401896,0.262585638801794,-0.0006223330181129756,0.834,0.83,0.892,0.992,0.028,0.122,0.0,0.8713996000345177,0.778788035695897,0.8904374313620113,0.3851686762671859,0.8676624973044873,0.5287278240788158,0.38441566001220995,0.8197255484140268,0.6
942,1784635926.1579053,-0.11202671139690017,-0.06644108266279092,0.2589989735471532,0.0003950375948065907,0.831,0.833,0.892,0.992,0.028,0.122,0.0,0.8429944657332265,0.8190725946921656,0.8919368437671935,0.38212891616116973,0.8715115159478098,0.5288844372105149,0.38441566001220995,0.8197255484140268,0.6
942,1784635926.1761103,-0.009264760345691625,0.011777909366121414,0.2656669090344445,-0.0002500408840966661,0.827,0.837,0.892,0.992,0.027,0.121,0.001,0.8429944657332265,0.8190725946921656,0.8919368437671935,0.3784594115132843,0.876072247532992,0.5290681334765513,0.38441566001220995,0.8197255484140268,0.6
944,1784635926.1930108,0.07801937199644549,0.055062522901369,0.2604467434158292,0.00033105195866902715,0.823,0.842,0.893,0.993,0.025,0.119,0.001,0.8429944657332265,0.8190725946921656,0.8919368437671935,0.37414473684742516,0.8813121509016808,0.5292656723216657,0.38441566001220995,0.8197255484140268,0.6
945,1784635926.2168026,0.10083813787369617,0.06581761586011464,0.2648251711951629,0.0006436929867883231,0.82,0.846,0.893,0.993,0.024,0.119,0.001,0.8429944657332265,0.8190725946921656,0.8919368437671935,0.3710282629820869,0.8850013424340994,0.529393507471227,0.38441566001220995,0.8197255484140268,0.6
946,1784635926.2310038,-0.0010584070882283803,-0.03430222769688612,0.25760855202312194,0.0030536372778909495,0.818,0.848,0.893,0.993,0.023,0.118,0.001,0.8429944657332265,0.8190725946921656,0.8919368437671935,0.36914303416225475,0.8871932758953761,0.5294634915553462,0.38441566001220995,0.8197255484140268,0.6
947,1784635926.252776,0.09894673259556909,0.0665477847169697,0.28753312640097367,-0.0017363644518893252,0.813,0.853,0.893,0.993,0.022,0.117,0.001,0.8429944657332265,0.8190725946921656,0.8919368437671935,0.3640458870780142,0.8929581329228317,0.5296426236487939,0.3520114858808886,0.8550883682572579,0.6
948,1784635926.2762268,0.04510644843155555,-0.034888574866409644,0.2550571270190001,-0.00021644797476270462,0.81,0.856,0.893,0.993,0.021,0.117,0.001,0.8156021218515428,0.8502333685197284,0.8932061317757166,0.3614593455588144,0.8957965037554179,0.5297237974644301,0.3520114858808886,0.8550883682572579,0.6
949,1784635926.297748,0.143978653690988,0.06598357801591619,0.2827738158836786,-0.032464676277185016,0.807,0.859,0.893,0.993,0.021,0.117,0.001,0.8156021218515428,0.8502333685197284,0.8932061317757166,0.35819912319933045,0.8993026543679372,0.5298103427339017,0.3520114858808886,0.8550883682572579,0.6
950,1784635926.3171368,0.13640020887157794,0.03920354425583608,0.25764482936163813,-0.02149349663559215,0.801,0.864,0.893,0.993,0.021,0.116,0.001,0.8156021218515428,0.8502333685197284,0.8932061317757166,0.3529282900464926,0.904813743904271,0.5299313682218769,0.3520114858808886,0.8550883682572579,0.6
951,1784635926.3340802,0.2329893760479821,0.13822296092606134,0.2758257213851276,-0.025304685677722396,0.796,0.869,0.893,0.993,0.021,0.117,0.001,0.8156021218515428,0.8502333685197284,0.8932061317757166,0.3476333578103093,0.9101973039656687,0.5300856000529921,0.3520114858808886,0.8550883682572579,0.6
952,1784635926.3544223,0.22049363261471258,0.2347278425543567,0.26422845122733424,-0.02886206490724836,0.79,0.874,0.894,0.993,0.021,0.117,0.001,0.8156021218515428,0.8502333685197284,0.8932061317757166,0.3422903836297854,0.9154541303299132,0.530262387036624,0.3520114858808886,0.8550883682572579,0.6
953,1784635926.378022,0.11504483695937164,0.12889443360902184,0.2680927403902202,-0.02194105160086239,0.786,0.878,0.894,0.993,0.022,0.117,0.001,0.8156021218515428,0.8502333685197284,0.8932061317757166,0.338241518768047,0.9193134917577709,0.5304142193258015,0.3520114858808886,0.8550883682572579,0.6
953,1784635926.3974016,0.012182997414403443,0.02568079973134263,0.2560108442205683,-0.008578794052027269,0.782,0.882,0.894,0.993,0.023,0.118,0.001,0.8156021218515428,0.8502333685197284,0.8932061317757166,0.33413207618034957,0.9231015097914229,0.5306034825559958,0.3520114858808886,0.8550883682572579,0.6
955,1784635926.415089,-0.018431746628412612,-0.00434282466803608,0.26824932712803873,-0.002406049557526109,0.777,0.885,0.895,0.993,0.024,0.118,0.001,0.8156021218515428,0.8502333685197284,0.8932061317757166,0.330660285513365,0.9262038471097696,0.5307869620938555,0.3520114858808886,0.8550883682572579,0.6
956,1784635926.4351232,-0.11722151472837765,-0.10418105189311906,0.2558124220695326,0.0017479663777095,0.774,0.888,0.895,0.993,0.026,0.119,0.001,0.8156021218515428,0.8502333685197284,0.8932061317757166,0.3264381638954464,0.9298620070041835,0.5310264167811295,0.3160214620175146,0.8874664916143378,0.6
957,1784635926.4548786,-0.014306146723857313,-0.0015766354188848225,0.2777212298672352,0.00901623809864521,0.768,0.892,0.895,0.992,0.028,0.121,0.001,0.7773088566993329,0.885230821887042,0.89469185472285,0.3214456732274719,0.9340419064376391,0.531300491710319,0.3160214620175146,0.8874664916143378,0.6
958,1784635926.4738953,0.08366898225656155,0.09837460002142298,0.265298765252834,0.0024438970204592025,0.764,0.896,0.896,0.992,0.029,0.122,0.001,0.7773088566993329,0.885230821887042,0.89469185472285,0.317119820666559,0.937550672822417,0.5314953780927153,0.3160214620175146,0.8874664916143378,0.6
959,1784635926.4926481,-0.018422131922115392,-0.0040847417964078175,0.25979505967877675,-0.0016523155831994919,0.759,0.9,0.896,0.992,0.031,0.123,0.001,0.7773088566993329,0.885230821887042,0.89469185472285,0.31124382565220243,0.9421235499446565,0.5317265040412209,0.3160214620175146,0.8874664916143378,0.6
960,1784635926.5133655,-0.08660775428420034,-0.03667149274178467,0.2640446473095199,0.001457789500099776,0.753,0.904,0.896,0.992,0.032,0.124,0.001,0.7773088566993329,0.885230821887042,0.89469185472285,0.30674637457102466,0.9454720626171006,0.5319292334191758,0.3160214620175146,0.8874664916143378,0.6
961,1784635926.5307667,-0.15629721974789323,-0.13136156351497097,0.25700572631855,0.0020098979863584386,0.749,0.907,0.897,0.992,0.032,0.125,0.001,0.7773088566993329,0.885230821887042,0.89469185472285,0.30219285802625084,0.9487504858802601,0.5321473173033054,0.3160214620175146,0.8874664916143378,0.6
962,1784635926.5516675,-0.07068151221075575,-0.040654763994363574,0.2676254800021852,0.0023114620492168322,0.742,0.912,0.897,0.992,0.032,0.125,0.001,0.7773088566993329,0.885230821887042,0.89469185472285,0.29681411559541554,0.9524883277895546,0.5323847740266096,0.3160214620175146,0.8874664916143378,0.6
963,1784635926.576446,-0.04854381663318093,0.004191581512766426,0.2597783755713208,0.0028605897926181683,0.738,0.915,0.897,0.992,0.032,0.125,0.001,0.7773088566993329,0.885230821887042,0.89469185472285,0.29212450852410127,0.9556180460004422,0.5325853978716463,0.27674210355062034,0.9164296667667504,0.6
964,1784635926.5948687,-0.0338138209151094,0.028903056838095513,0.2662086526452507,0.003023226397447225,0.735,0.916,0.897,0.992,0.032,0.125,0.001,0.7773088566993329,0.885230821887042,0.89469185472285,0.28895345171182774,0.9576669002109768,0.5327119592138805,0.27674210355062034,0.9164296667667504,0.6
965,1784635926.61226,-0.08201270930205279,-0.07179166002350776,0.2538538234860864,0.001865662418547686,0.73,0.92,0.898,0.992,0.032,0.125,0.001,0.7399879703720587,0.9131451714802186,0.8971492529829596,0.28332786136925825,0.9611791007717324,0.5329220747107826,0.27674210355062034,0.9164296667667504,0.6
966,1784635926.6344657,-0.11411856719208584,-0.16999469753356988,0.2614480178462478,0.001992405944782554,0.725,0.923,0.898,0.992,0.031,0.124,0.001,0.7399879703720587,0.9131451714802186,0.8971492529829596,0.2784347267647131,0.9641147275055657,0.5330895193306758,0.27674210355062034,0.9164296667667504,0.6
967,1784635926.652505,-0.0657862584964807,-0.1538517212471058,0.25885509964067566,0.0015923806543960792,0.722,0.925,0.898,0.992,0.031,0.124,0.001,0.7399879703720587,0.9131451714802186,0.8971492529829596,0.2751410009271065,0.9660333395829575,0.5331877737925567,0.27674210355062034,0.9164296667667504,0.6
968,1784635926.6728535,0.03585757703200193,-0.050005537046598075,0.2952643536920817,0.011346502689334138,0.715,0.928,0.898,0.992,0.03,0.123,0.001,0.7399879703720587,0.9131451714802186,0.8971492529829596,0.2684587009522837,0.9697773351474875,0.5333741682575531,0.27674210355062034,0.9164296667667504,0.6
969,1784635926.701731,0.07634965641220626,0.01754930582354472,0.25986399686710704,0.0038881755451214313,0.71,0.932,0.898,0.992,0.029,0.123,0.001,0.7399879703720587,0.9131451714802186,0.8971492529829596,0.2625186231600339,0.9729518541630675,0.5334906199557072,0.27674210355062034,0.9164296667667504,0.6
969,1784635926.7220607,0.06767387702604317,0.06766730226377653,0.2663691404634465,0.0024499756422195606,0.705,0.934,0.898,0.992,0.028,0.122,0.001,0.7399879703720587,0.9131451714802186,0.8971492529829596,0.25651332772365393,0.9760297528379341,0.533560997259789,0.27674210355062034,0.9164296667667504,0.6
971,1784635926.7425761,0.16598123443673468,0.16597560449820797,0.27217316806159414,-0.004674260183640996,0.698,0.938,0.898,0.992,0.028,0.121,0.001,0.7399879703720587,0.9131451714802186,0.8971492529829596,0.2513840673412439,0.978584572161922,0.5336305566474012,0.27674210355062034,0.9164296667667504,0.6
971,1784635926.7678018,0.08166580470877348,0.1482584309257746,0.2571977385644032,-0.006149980927433711,0.692,0.941,0.898,0.992,0.027,0.12,0.001,0.7399879703720587,0.9131451714802186,0.8971492529829596,0.24627786432823526,0.9810595608662245,0.5337432905157783,0.23452876254619112,0.9415836646470265,0.6
974,1784635926.7925572,0.010259391453065397,0.08219983015667853,0.26575526669801763,-0.003314688651734485,0.686,0.944,0.898,0.992,0.027,0.119,0.001,0.6989270124389282,0.9373169442039759,0.8975902492131679,0.23944961513158536,0.9842380706403149,0.5339363881167793,0.23452876254619112,0.9415836646470265,0.6
974,1784635926.8109856,0.1099480140626457,0.18014219814243296,0.26922479219073225,-0.0001694068702827998,0.678,0.948,0.899,0.992,0.027,0.119,0.001,0.6989270124389282,0.9373169442039759,0.8975902492131679,0.23088084857374278,0.9880148075234979,0.5342284580102385,0.23452876254619112,0.9415836646470265,0.6
976,1784635926.8281155,0.007545201074903682,0.08276576018727416,0.25726631665968136,-0.004211017866124241,0.672,0.95,0.899,0.992,0.028,0.12,0.001,0.6989270124389282,0.9373169442039759,0.8975902492131679,0.225708580292286,0.9901765952596081,0.5344118858486112,0.23452876254619112,0.9415836646470265,0.6
976,1784635926.8444562,-0.09262825972179,-0.01929571057039353,0.2605786435757647,-0.004275865688655119,0.667,0.952,0.899,0.992,0.029,0.121,0.001,0.6989270124389282,0.9373169442039759,0.8975902492131679,0.21876579203323698,0.9929382906080996,0.5346348094759958,0.23452876254619112,0.9415836646470265,0.6
977,1784635926.863842,-0.09093489876202615,0.0018502377686021587,0.2644805774008528,-0.0003710797539244592,0.662,0.954,0.899,0.992,0.029,0.122,0.001,0.6989270124389282,0.9373169442039759,0.8975902492131679,0.21441922677584097,0.9945935838539641,0.5347502107693163,0.23452876254619112,0.9415836646470265,0.6
978,1784635926.8863451,-0.08818664385593677,0.003815447281129299,0.26179602463126284,0.001957135554398254,0.658,0.956,0.9,0.992,0.03,0.123,0.001,0.6989270124389282,0.9373169442039759,0.8975902492131679,0.2091869623746752,0.9965075462601246,0.5348712629096753,0.23452876254619112,0.9415836646470265,0.6
980,1784635926.9056208,-0.1567312594118183,-0.09624501885296581,0.2581569976824337,0.0005398945082100415,0.652,0.958,0.9,0.992,0.031,0.124,0.001,0.6989270124389282,0.9373169442039759,0.8975902492131679,0.20481367526925393,0.9980429052674186,0.5349388917636412,0.18979048444960442,0.9625791400122539,0.6
980,1784635926.9222143,-0.07951300308540844,-0.005353186936120871,0.268728125636785,0.0025281160157083656,0.644,0.961,0.9,0.992,0.031,0.125,0.001,0.6989270124389282,0.9373169442039759,0.8975902492131679,0.19780019691645276,1.00038630236691,0.534973742932491,0.18979048444960442,0.9625791400122539,0.6
981,1784635926.9367979,0.022401947547162945,0.09477701250060704,0.2713902360135197,0.010474370212182204,0.64,0.962,0.9,0.992,0.031,0.126,0.001,0.6562013367700485,0.9563977133109761,0.8992747760823906,0.1933975491916475,1.0017791758241001,0.5349666380258403,0.18979048444960442,0.9625791400122539,0.6
982,1784635926.9518387,-0.03924573618053019,0.050392226129657686,0.2575261317675488,0.007086861087667904,0.635,0.964,0.9,0.991,0.031,0.126,0.001,0.6562013367700485,0.9563977133109761,0.8992747760823906,0.1880869133042565,1.0033774744797421,0.5349324555772313,0.18979048444960442,0.9625791400122539,0.6
983,1784635926.9830341,-0.028480155309041282,0.04130351850968298,0.2688563383887689,0.005953146404409371,0.627,0.967,0.9,0.991,0.031,0.127,0.001,0.6562013367700485,0.9563977133109761,0.8992747760823906,0.18003404034880902,1.005624152129301,0.5348554649123689,0.18979048444960442,0.9625791400122539,0.6
983,1784635926.999279,-0.08311927609665307,-0.05970348730012833,0.2558819568498898,0.004623201446486062,0.621,0.968,0.9,0.991,0.03,0.127,0.001,0.6562013367700485,0.9563977133109761,0.8992747760823906,0.17461846914039014,1.007019077659626,0.5348114851010116,0.18979048444960442,0.9625791400122539,0.6
985,1784635927.0173843,-0.01982416683377662,0.031561121159105386,0.2717977438060161,0.004421962709764525,0.615,0.97,0.9,0.991,0.029,0.127,0.001,0.6562013367700485,0.9563977133109761,0.8992747760823906,0.16822381361529332,1.008541985873607,0.5347877823626683,0.18979048444960442,0.9625791400122539,0.6
986,1784635927.0358114,-0.06882793908191337,-0.06516763065271464,0.25610656881687877,0.0036250004004853035,0.606,0.973,0.9,0.991,0.028,0.127,0.001,0.6562013367700485,0.9563977133109761,0.8992747760823906,0.15980892148319933,1.0103335588912619,0.5348581346620467,0.14298339987328837,0.979119664284464,0.6
987,1784635927.0587022,-0.01768352426194076,0.034616099667001216,0.2733503375795487,0.003997740736547496,0.6,0.974,0.9,0.991,0.028,0.127,0.001,0.6562013367700485,0.9563977133109761,0.8992747760823906,0.1541046618552707,1.0114243558403084,0.5349421396864977,0.14298339987328837,0.979119664284464,0.6
987,1784635927.0797656,0.0826956433734212,0.1337502544280068,0.2757861695894347,0.006137022852756907,0.594,0.976,0.9,0.991,0.027,0.128,0.001,0.6562013367700485,0.9563977133109761,0.8992747760823906,0.147378682699039,1.012592821832722,0.5350543384346934,0.14298339987328837,0.979119664284464,0.6
989,1784635927.1002738,0.143286242701147,0.2303768011812371,0.271301693021409,-0.003156790382649575,0.587,0.977,0.9,0.991,0.027,0.128,0.001,0.6122636762007048,0.9710654540130726,0.9007320681568951,0.14057043461380225,1.0136508775359572,0.535162182260015,0.14298339987328837,0.979119664284464,0.6
989,1784635927.1190596,0.03995888619041252,0.12462288447470682,0.25898248479402364,0.004590871510377445,0.58,0.979,0.899,0.991,0.026,0.128,0.001,0.6122636762007048,0.9710654540130726,0.9007320681568951,0.13268746995125177,1.0147253576870003,0.5352870074544004,0.14298339987328837,0.979119664284464,0.6
991,1784635927.1386719,-0.042358415056579155,0.021507342770371488,0.262022430523669,-0.00042324987586316466,0.573,0.98,0.899,0.991,0.026,0.128,0.001,0.6122636762007048,0.9710654540130726,0.9007320681568951,0.12574575713248415,1.015546258444596,0.5354117654266175,0.14298339987328837,0.979119664284464,0.6
991,1784635927.1541107,-0.06319194778020515,-0.07900759389984867,0.26004115287201773,-0.00010037833679664822,0.567,0.981,0.899,0.991,0.026,0.128,0.001,0.6122636762007048,0.9710654540130726,0.9007320681568951,0.11979717392675832,1.0161621038517958,0.5355126063660711,0.14298339987328837,0.979119664284464,0.6
993,1784635927.173686,0.007825347561441931,0.022967421717980052,0.28571494966102606,0.010342680139681037,0.561,0.982,0.899,0.991,0.026,0.129,0.001,0.6122636762007048,0.9710654540130726,0.9007320681568951,0.11482403399847285,1.0166142204289994,0.535601448446649,0.09460280303213477,0.9909686676118303,0.6
994,1784635927.1981235,-0.0889913164571305,-0.07758423864095947,0.25350528772686765,0.0071529068257469115,0.556,0.983,0.899,0.991,0.026,0.13,0.001,0.6122636762007048,0.9710654540130726,0.9007320681568951,0.10685971613091629,1.0172278278854245,0.5356674403054926,0.09460280303213477,0.9909686676118303,0.6
994,1784635927.2198255,-0.09780867021175779,-0.15177418924939212,0.26753129710223367,0.005695737859998118,0.551,0.984,0.899,0.991,0.027,0.131,0.001,0.6122636762007048,0.9710654540130726,0.9007320681568951,0.10186115766884968,1.0175440174225656,0.5356681007934319,0.09460280303213477,0.9909686676118303,0.6
996,1784635927.2435782,-0.038698691333116875,-0.07291913058161775,0.25879980249197543,0.0039651054158819634,0.544,0.985,0.899,0.991,0.027,0.132,0.001,0.5632820914637747,0.9820739323715241,0.8989610040534012,0.09584797626941502,1.017854436696392,0.5356605181889128,0.09460280303213477,0.9909686676118303,0.6
996,1784635927.267404,-0.03384460540417099,-0.04587210019537153,0.26594558127581513,0.0036744859489393294,0.537,0.986,0.899,0.991,0.027,0.133,0.001,0.5632820914637747,0.9820739323715241,0.8989610040534012,0.08885317858614382,1.0181231435275848,0.5356185896318567,0.09460280303213477,0.9909686676118303,0.6
999,1784635927.293674,0.04667819076926534,0.055274655636847005,0.27898971384141347,0.011441029735306415,0.529,0.987,0.899,0.991,0.027,0.133,0.001,0.5632820914637747,0.9820739323715241,0.8989610040534012,0.0798263124039811,1.0183260721972245,0.5355297470565012,0.09460280303213477,0.9909686676118303,0.6
999,1784635927.3210366,-0.006786739274143125,0.06618598188955724,0.25941178272126847,0.007127959336933248,0.521,0.988,0.898,0.991,0.027,0.133,0.001,0.5632820914637747,0.9820739323715241,0.8989610040534012,0.07072934569065224,1.0183720539124366,0.5354618406462885,0.09460280303213477,0.9909686676118303,0.6
1001,1784635927.3475919,-0.02528704389014793,-0.035428338142679566,0.262961784209546,0.0048599017758361035,0.512,0.989,0.898,0.991,0.026,0.132,0.001,0.5632820914637747,0.9820739323715241,0.8989610040534012,0.06057888796885721,1.0182449850449227,0.5354209640880313,0.09460280303213477,0.9909686676118303,0.6
1001,1784635927.3694804,0.03861641315967399,0.06545723146301938,0.289663400192203,0.013170955818537913,0.503,0.99,0.898,0.991,0.026,0.132,0.001,0.5632820914637747,0.9820739323715241,0.8989610040534012,0.05248270456255925,1.0180099013915154,0.5354671075600013,0.04517411844622378,0.9979550585358369,0.6
1004,1784635927.398243,0.024906843883932665,-0.03314771632848415,0.25637236511560274,0.007822602454970132,0.495,0.99,0.898,0.991,0.025,0.131,0.001,0.5144693624294192,0.9888265286899933,0.8981760633424534,0.044399979383836226,1.017663406679577,0.5355405878803453,0.04517411844622378,0.9979550585358369,0.6
1004,1784635927.4228888,0.024346432942351885,0.06767607110290881,0.2712145438420461,0.004900398254530744,0.485,0.991,0.897,0.991,0.025,0.131,0.001,0.5144693624294192,0.9888265286899933,0.8981760633424534,0.035313645077775874,1.0171476504145174,0.5356283515238677,0.04517411844622378,0.9979550585358369,0.6
1006,1784635927.4403667,0.0024760807946064625,-0.03375403356870839,0.25478848673589966,0.003975334841014663,0.475,0.991,0.897,0.991,0.025,0.131,0.001,0.5144693624294192,0.9888265286899933,0.8981760633424534,0.023356960205085542,1.0162535118727196,0.535899492057204,0.04517411844622378,0.9979550585358369,0.6
1006,1784635927.46079,-0.004906066012691303,0.06708979842847078,0.2928239969486396,0.006757833677762428,0.47,0.991,0.897,0.991,0.025,0.132,0.001,0.5144693624294192,0.9888265286899933,0.8981760633424534,0.018415319363411415,1.0158154817798397,0.53604918478229,0.04517411844622378,0.9979550585358369,0.6
1008,1784635927.4846067,-0.02765057269975734,0.1653917645074945,0.27276283402240387,0.005643850082770915,0.464,0.991,0.898,0.991,0.025,0.132,0.001,0.5144693624294192,0.9888265286899933,0.8981760633424534,0.01250013564532486,1.015242670999662,0.5362282037994445,-0.004756999032313768,0.9999773307310573,0.6
1008,1784635927.5059695,-0.023140659617264504,0.06138250390866859,0.25664837915826755,0.004457786466929625,0.455,0.991,0.898,0.991,0.025,0.132,0.001,0.5144693624294192,0.9888265286899933,0.8981760633424534,0.002647554287161676,1.0141786100235952,0.5365293263757861,-0.004756999032313768,0.9999773307310573,0.6
1011,1784635927.5302484,0.015099181849308037,-0.04015169131261634,0.2636877280067355,0.002694682965796484,0.447,0.991,0.898,0.991,0.025,0.132,0.001,0.46596289170562744,0.9910056675649509,0.8974928772216728,-0.005176695395235548,1.0132298494734155,0.5368374493661655,-0.004756999032313768,0.9999773307310573,0.6
1011,1784635927.549154,-0.0007688514612825929,0.0504886514084997,0.2626796228093529,0.0026084152721503155,0.44,0.99,0.898,0.991,0.025,0.133,0.001,0.46596289170562744,0.9910056675649509,0.8974928772216728,-0.010987209495700716,1.0124622355600388,0.5371376094113034,-0.004756999032313768,0.9999773307310573,0.6
1013,1784635927.570828,0.015559464037722799,-0.05075663784198839,0.25727279800803043,0.0028111519091328177,0.435,0.99,0.898,0.991,0.025,0.133,0.001,0.46596289170562744,0.9910056675649509,0.8974928772216728,-0.01581453790256799,1.0117882525969604,0.5374087899496898,-0.004756999032313768,0.9999773307310573,0.6
1013,1784635927.5934095,0.017675433838536904,-0.14947753762704435,0.2596638722739553,0.0024907164566837768,0.43,0.99,0.898,0.991,0.025,0.134,0.001,0.46596289170562744,0.9910056675649509,0.8974928772216728,-0.02159041905332588,1.010940873513312,0.5377104639737794,-0.004756999032313768,0.9999773307310573,0.6
1015,1784635927.6157942,-0.01746751590380046,-0.04574062834389464,0.26750373800752536,0.0034341018980133834,0.423,0.989,0.899,0.991,0.025,0.134,0.001,0.46596289170562744,0.9910056675649509,0.8974928772216728,-0.02833716062114415,1.0099006396273176,0.5380432837014645,-0.004756999032313768,0.9999773307310573,0.6
1015,1784635927.6355085,-0.029930840668682367,0.05303402615069014,0.2614370424115316,0.004139330177000674,0.415,0.988,0.899,0.991,0.025,0.135,0.001,0.46596289170562744,0.9910056675649509,0.8974928772216728,-0.03610475309091759,1.008646108466602,0.5384085522338359,-0.05463515145166287,0.9970060159506051,0.6
1017,1784635927.651544,-0.013454123055840359,0.05697332442542673,0.26319704353538703,0.004487224852429975,0.408,0.988,0.899,0.991,0.025,0.135,0.001,0.4206716246512754,0.9888742660166567,0.8988504017608103,-0.04394685695964662,1.0073244435409687,0.538720515485286,-0.05463515145166287,0.9970060159506051,0.6
1017,1784635927.6659174,-0.022199552023694114,0.08548738853520788,0.26259517011612127,0.0046619353383347325,0.402,0.987,0.899,0.991,0.025,0.135,0.001,0.4206716246512754,0.9888742660166567,0.8988504017608103,-0.04888935163828391,1.0064649349141686,0.5388885925588783,-0.05463515145166287,0.9970060159506051,0.6
1019,1784635927.678956,-0.030070464961945265,0.10386137777809865,0.26352331832958986,0.004915905174973644,0.396,0.986,0.899,0.991,0.025,0.135,0.001,0.4206716246512754,0.9888742660166567,0.8988504017608103,-0.053863606084125756,1.005579520406878,0.5390514824040615,-0.05463515145166287,0.9970060159506051,0.6
1019,1784635927.699753,0.006271443768077603,0.0012785144072437193,0.2564975771722352,0.0036352109995579276,0.39,0.985,0.899,0.991,0.025,0.134,0.001,0.4206716246512754,0.9888742660166567,0.8988504017608103,-0.06086218232269499,1.0042967990402798,0.5392530955158935,-0.05463515145166287,0.9970060159506051,0.6
1019,1784635927.7247589,-0.013010137607793872,-0.045669079721910026,0.2646019086886737,0.003969359826506976,0.383,0.984,0.899,0.991,0.025,0.134,0.001,0.4206716246512754,0.9888742660166567,0.8988504017608103,-0.06786070077006938,1.002964818449885,0.539361143570431,-0.05463515145166287,0.9970060159506051,0.6
1022,1784635927.7501705,-0.1122494043156058,0.0554725328611567,0.28392056821803263,0.022661111186082553,0.375,0.982,0.899,0.991,0.025,0.133,0.001,0.4206716246512754,0.9888742660166567,0.8988504017608103,-0.0769213350188769,1.0011787512608996,0.5394351735220214,-0.05463515145166287,0.9970060159506051,0.6
1022,1784635927.7800896,-0.17057086875555813,0.15408109233171946,0.2727770605467667,0.053391931252589536,0.366,0.981,0.899,0.991,0.025,0.133,0.0,0.4206716246512754,0.9888742660166567,0.8988504017608103,-0.08611913280469834,0.9993087724475603,0.5394871118949744,-0.05463515145166287,0.9970060159506051,0.6
1024,1784635927.8083198,-0.06815657994276496,0.050922810018864006,0.2567161757681237,0.037287620075654976,0.356,0.978,0.898,0.991,0.025,0.134,0.0,0.4206716246512754,0.9888742660166567,0.8988504017608103,-0.09747499924871621,0.9969060074000821,0.5395018608541382,-0.10390596931883325,0.9890843984057947,0.6
1024,1784635927.8368835,-0.040502559295842344,0.11040947817729328,0.2691849001266298,0.02159433598543463,0.347,0.976,0.898,0.991,0.024,0.134,0.0,0.3676946528044571,0.9810125853425417,0.8989367227722733,-0.10572439732479019,0.9950701611407937,0.5396017871091047,-0.10390596931883325,0.9890843984057947,0.6
1027,1784635927.8756614,-0.012451425239662188,0.08739843887519345,0.2592697071354587,0.012058669858521961,0.337,0.974,0.898,0.991,0.023,0.135,0.0,0.3676946528044571,0.9810125853425417,0.8989367227722733,-0.11599046704775447,0.9926654355700173,0.5398643610783396,-0.10390596931883325,0.9890843984057947,0.6
1027,1784635927.9077775,-0.009757897646824287,0.07516053914508213,0.2677338664821892,0.005459121489200489,0.327,0.971,0.898,0.991,0.022,0.136,0.0,0.3676946528044571,0.9810125853425417,0.8989367227722733,-0.12725606484759605,0.9898790891946792,0.5401590746779353,-0.10390596931883325,0.9890843984057947,0.6
1031,1784635927.9378593,-0.10877730665238194,0.1732772737662212,0.2752532169755434,0.001422083184990543,0.32,0.969,0.898,0.99,0.021,0.137,-0.0,0.3676946528044571,0.9810125853425417,0.8989367227722733,-0.13443356890545602,0.9880250271368579,0.5403831542132507,-0.10390596931883325,0.9890843984057947,0.6
1031,1784635927.9672673,-0.01957594433218264,0.0948557248558679,0.2601131142683395,0.0035781738520128236,0.31,0.966,0.898,0.99,0.02,0.138,-0.0,0.3227566338772372,0.9696795460450267,0.8983354790188183,-0.14462161941442211,0.9852660018643774,0.5406109902653837,-0.1520268530999155,0.9763274658047755,0.6
1034,1784635927.9960463,-0.1190771124190476,0.1924840304365776,0.28420813876759266,-0.0012480494639695375,0.299,0.962,0.898,0.99,0.019,0.14,-0.0,0.3227566338772372,0.9696795460450267,0.8983354790188183,-0.15567101077267878,0.9820750568806771,0.5406978543356877,-0.1520268530999155,0.9763274658047755,0.6
1034,1784635928.0255072,-0.03261055230981094,0.09343575927127318,0.261835299534153,0.0018668661344286531,0.291,0.959,0.898,0.99,0.018,0.141,-0.0,0.3227566338772372,0.9696795460450267,0.8983354790188183,-0.1645621727686205,0.9793339998050404,0.5407304382802056,-0.1520268530999155,0.9763274658047755,0.6
1037,1784635928.0556397,-0.13178154121255672,0.19109941525223295,0.2838028597606642,0.0014708299358020766,0.284,0.957,0.898,0.99,0.018,0.142,-0.0,0.3227566338772372,0.9696795460450267,0.8983354790188183,-0.1713855341742953,0.9771181244230522,0.5407370816526845,-0.1520268530999155,0.9763274658047755,0.6
1037,1784635928.0852401,-0.035365241479787174,0.0866775386987576,0.26215939491905865,0.002982930603050371,0.275,0.954,0.898,0.989,0.017,0.144,-0.0,0.3227566338772372,0.9696795460450267,0.8983354790188183,-0.17998603751947487,0.974157068336052,0.5407291934468533,-0.1520268530999155,0.9763274658047755,0.6
1040,1784635928.1142154,0.045378573798956046,-0.015486581295247229,0.26256258623371737,0.0017272460363512933,0.267,0.951,0.898,0.989,0.016,0.146,-0.0,0.3227566338772372,0.9696795460450267,0.8983354790188183,-0.18930374127009,0.9707152585818744,0.5407048817093666,-0.19847737149034614,0.9589191334155247,0.6
1040,1784635928.1381059,0.07285192820898004,-0.06477451539432007,0.26525250616456625,-7.337611059015834e-05,0.256,0.947,0.898,0.989,0.015,0.149,0.0,0.27521260000256326,0.9538587758127907,0.8978779156613473,-0.19925165325534275,0.9667416000785313,0.5406361058331649,-0.19847737149034614,0.9589191334155247,0.6
1042,1784635928.163336,-0.028875797822813312,0.0368398900814324,0.2792760190705335,-0.0037464542894973148,0.246,0.942,0.898,0.988,0.014,0.152,0.0,0.27521260000256326,0.9538587758127907,0.8978779156613473,-0.20807470363761874,0.9629548185595627,0.5405885388557855,-0.19847737149034614,0.9589191334155247,0.6
1042,1784635928.1845117,0.07181461144702649,-0.0640803520061437,0.25630697772894473,-0.0015866585652427982,0.237,0.939,0.899,0.988,0.013,0.154,0.0,0.27521260000256326,0.9538587758127907,0.8978779156613473,-0.21585768875884864,0.9594083525242255,0.5404573439589597,-0.19847737149034614,0.9589191334155247,0.6
1044,1784635928.2061114,0.04339252842373535,-0.05834931822974501,0.2719650749173036,-0.000785668462466101,0.23,0.935,0.899,0.988,0.013,0.155,0.001,0.27521260000256326,0.9538587758127907,0.8978779156613473,-0.22439756850620757,0.9553123575236703,0.5402857652172177,-0.19847737149034614,0.9589191334155247,0.6
1045,1784635928.2290254,0.09110647433502966,-0.15670954275284665,0.2556871389215939,-0.0008866271326237388,0.225,0.933,0.899,0.988,0.013,0.156,0.001,0.27521260000256326,0.9538587758127907,0.8978779156613473,-0.22862463675469313,0.9532012329716231,0.5402425170371186,-0.19847737149034614,0.9589191334155247,0.6
1045,1784635928.250661,0.01152288188190198,-0.05328799635751649,0.27328295097891075,0.00019563921554445116,0.218,0.93,0.899,0.988,0.013,0.156,0.001,0.27521260000256326,0.9538587758127907,0.8978779156613473,-0.23531566673049878,0.9497383591701889,0.540193465343853,-0.24276901709630067,0.9371078369801151,0.6
1048,1784635928.2735682,-0.0012520158049854936,-0.02170121350010771,0.2615731603266325,0.0008395263423337368,0.212,0.927,0.899,0.988,0.013,0.156,0.001,0.27521260000256326,0.9538587758127907,0.8978779156613473,-0.241115939299674,0.9466248669749422,0.5401506755113572,-0.24276901709630067,0.9371078369801151,0.6
1048,1784635928.2951252,0.04630218720005236,-0.011738787439091444,0.26636520092476845,-0.00029977576736775285,0.206,0.924,0.899,0.988,0.013,0.155,0.0,0.22461731562897153,0.9330836581419909,0.8987133325720975,-0.24690130410715347,0.9434357089205738,0.5401063872628785,-0.24276901709630067,0.9371078369801151,0.6
1050,1784635928.316042,0.03989295168355682,0.0038110515843517313,0.2629267812341966,-0.0007458634901177615,0.201,0.922,0.899,0.988,0.013,0.155,0.0,0.22461731562897153,0.9330836581419909,0.8987133325720975,-0.25263838270886346,0.9401737888301782,0.5400249126538598,-0.24276901709630067,0.9371078369801151,0.6
1050,1784635928.3419056,0.1044048955026159,-0.09625168286576148,0.261067547213908,-0.0006951208245565428,0.196,0.919,0.899,0.988,0.014,0.154,0.0,0.22461731562897153,0.9330836581419909,0.8987133325720975,-0.25670042935969944,0.9378002630600036,0.539949076045348,-0.24276901709630067,0.9371078369801151,0.6
1052,1784635928.3679984,0.10020878443917422,-0.13702869155673314,0.2632552867676678,-0.0013441047004649456,0.191,0.917,0.898,0.988,0.014,0.154,0.0,0.22461731562897153,0.9330836581419909,0.8987133325720975,-0.2623366606875319,0.9344188337832499,0.5398030214777525,-0.24276901709630067,0.9371078369801151,0.6
1052,1784635928.3930218,0.004197084035418422,-0.03493229256228436,0.26745614378162996,-0.0009218165475813219,0.183,0.912,0.898,0.988,0.015,0.153,0.0,0.22461731562897153,0.9330836581419909,0.8987133325720975,-0.2710778405324258,0.9289739009750531,0.539470245829067,-0.24276901709630067,0.9371078369801151,0.6
1055,1784635928.4152074,0.09942005084643453,-0.13403931858317758,0.2573473897062363,-0.001978142444494008,0.177,0.908,0.898,0.988,0.015,0.152,0.0,0.22461731562897153,0.9330836581419909,0.8987133325720975,-0.2765823063527067,0.9254304672269899,0.5391899301281763,-0.2844540458601668,0.9112006453646107,0.6
1055,1784635928.4355621,0.07009474404239735,-0.030920452094066922,0.2745238885642183,-0.005958813519281331,0.173,0.906,0.897,0.988,0.015,0.151,0.0,0.18351874878646549,0.9124049305541643,0.8979862099194804,-0.28203994851238917,0.9218300030006903,0.5388555116580144,-0.2844540458601668,0.9112006453646107,0.6
1057,1784635928.4561198,0.04740983235902915,0.06394934532606168,0.2633629663813931,-0.004910235708780519,0.166,0.902,0.897,0.988,0.016,0.15,-0.0,0.18351874878646549,0.9124049305541643,0.8979862099194804,-0.28820199720643896,0.9176496497281467,0.538410920562891,-0.2844540458601668,0.9112006453646107,0.6
1057,1784635928.4775977,-0.05377021470270106,0.16234640486526583,0.28267283378025954,-0.018994722952355103,0.163,0.9,0.896,0.989,0.017,0.15,-0.0,0.18351874878646549,0.9124049305541643,0.8979862099194804,-0.2920111470668013,0.9150038195805038,0.5380972549204986,-0.2844540458601668,0.9112006453646107,0.6
1059,1784635928.5048203,-0.015475405794311295,0.10176159357181833,0.2651085946029885,-0.009914117656290147,0.158,0.897,0.896,0.989,0.018,0.149,-0.0,0.18351874878646549,0.9124049305541643,0.8979862099194804,-0.29652755821606186,0.9117974468036913,0.5376825486663385,-0.2844540458601668,0.9112006453646107,0.6
1059,1784635928.532246,-0.028180839922595142,0.09393507529468306,0.26885074047596413,-0.0037143254480861863,0.152,0.893,0.895,0.989,0.019,0.148,-0.0,0.18351874878646549,0.9124049305541643,0.8979862099194804,-0.30246025086521033,0.9074721136585365,0.5371063412241763,-0.2844540458601668,0.9112006453646107,0.6
1062,1784635928.5644667,0.05666818063405678,-0.004358294613387895,0.26179014863391326,-0.0006677548624921198,0.146,0.889,0.894,0.989,0.019,0.147,-0.001,0.18351874878646549,0.9124049305541643,0.8979862099194804,-0.3082696513689739,0.9030938029905113,0.5365388619936451,-0.2844540458601668,0.9112006453646107,0.6
1062,1784635928.583747,-0.03756004478239382,0.0519527260790205,0.2716136443286322,0.0014713295321612126,0.14,0.884,0.893,0.989,0.02,0.148,-0.001,0.18351874878646549,0.9124049305541643,0.8979862099194804,-0.3146464682326307,0.8981111984302785,0.535946709022955,-0.3231331628010001,0.881556092014383,0.6
1064,1784635928.603852,-0.03934035422819922,0.027110831630283667,0.26434934198487836,0.004276979898448762,0.135,0.881,0.893,0.989,0.02,0.148,-0.0,0.18351874878646549,0.9124049305541643,0.8979862099194804,-0.31949344933763646,0.8941993294104782,0.5354998314644311,-0.3231331628010001,0.881556092014383,0.6
1065,1784635928.6188796,-0.13835458039200726,0.12642134419873968,0.277618658281869,0.005643453856163606,0.131,0.877,0.893,0.989,0.021,0.149,-0.0,0.1494769684742717,0.8907920313887749,0.8949019251194652,-0.3235708430070318,0.8908237723151908,0.5351251991630369,-0.3231331628010001,0.881556092014383,0.6
1066,1784635928.6342463,-0.13961312349521177,0.023265573888913288,0.2623161889905324,-0.0043566549289749045,0.128,0.875,0.892,0.989,0.021,0.15,-0.0,0.1494769684742717,0.8907920313887749,0.8949019251194652,-0.326918772717734,0.8879966490790225,0.5348083943964013,-0.3231331628010001,0.881556092014383,0.6
1067,1784635928.65329,-0.10960950631076019,-0.07224533530709228,0.2684660741647798,-0.002631112506835377,0.123,0.87,0.891,0.988,0.021,0.151,-0.0,0.1494769684742717,0.8907920313887749,0.8949019251194652,-0.33152593503731737,0.8840190108210176,0.5343631105975936,-0.3231331628010001,0.881556092014383,0.6
1068,1784635928.6736805,-0.007228446351010359,-0.16943209075236573,0.2562953668913939,-0.0072028753970350395,0.12,0.868,0.891,0.988,0.021,0.151,-0.0,0.1494769684742717,0.8907920313887749,0.8949019251194652,-0.3341118593507309,0.8817365182542215,0.5341110055640549,-0.3231331628010001,0.881556092014383,0.6
1069,1784635928.6962347,-0.023983518582405217,-0.15917552805884444,0.26945682590357883,-0.003485303898061993,0.117,0.865,0.891,0.988,0.021,0.152,-0.0,0.1494769684742717,0.8907920313887749,0.8949019251194652,-0.33729096253999186,0.8788743110805012,0.5337972068744854,-0.35846186156751897,0.8485759635274327,0.6
1070,1784635928.71674,-0.12337771245423261,-0.05519893774601492,0.2773523451000024,0.023814572237052696,0.113,0.861,0.89,0.988,0.02,0.152,-0.0,0.11895926672416662,0.8669164078988306,0.8909577579993093,-0.3422415535513912,0.8742751453601131,0.5332911424203384,-0.35846186156751897,0.8485759635274327,0.6
1071,1784635928.7374065,-0.22025419541289046,0.04615934712719265,0.2738416622195579,0.03143223911531106,0.108,0.856,0.889,0.988,0.02,0.153,-0.0,0.11895926672416662,0.8669164078988306,0.8909577579993093,-0.3470665492661745,0.8696543647758928,0.5328077976452601,-0.35846186156751897,0.8485759635274327,0.6
1072,1784635928.7568808,-0.11475483151534875,-0.05483469731209471,0.2640124091574261,0.035684274121991766,0.101,0.85,0.889,0.988,0.019,0.153,0.0,0.11895926672416662,0.8669164078988306,0.8909577579993093,-0.3535429182293726,0.8632690134475154,0.532181765052701,-0.35846186156751897,0.8485759635274327,0.6
1072,1784635928.7788343,-0.07058871300801961,-0.030105692128757952,0.2682355149056571,0.021012005104435898,0.098,0.846,0.888,0.988,0.018,0.153,0.0,0.11895926672416662,0.8669164078988306,0.8909577579993093,-0.35641397050411366,0.8603543147634359,0.5319350826066801,-0.35846186156751897,0.8485759635274327,0.6
1074,1784635928.797767,0.03083912671674377,-0.127648199175256,0.25770204924162166,0.00796010660408851,0.094,0.842,0.888,0.988,0.017,0.152,0.0,0.11895926672416662,0.8669164078988306,0.8909577579993093,-0.360344938214982,0.8562602412566207,0.5316543360066519,-0.35846186156751897,0.8485759635274327,0.6
1074,1784635928.8213801,-0.069872173648172,-0.0244647289719455,0.2897044875456854,-0.0035245611101638024,0.092,0.839,0.887,0.988,0.016,0.152,0.001,0.11895926672416662,0.8669164078988306,0.8909577579993093,-0.362548662551239,0.8539136243480588,0.5315231543020933,-0.35846186156751897,0.8485759635274327,0.6
1076,1784635928.8375142,-0.06284159037094902,0.005603475657812551,0.2643428559127978,0.004807094516425735,0.088,0.835,0.887,0.988,0.015,0.151,0.001,0.11895926672416662,0.8669164078988306,0.8909577579993093,-0.36686497309366134,0.8492043128881405,0.5312799626025347,-0.35846186156751897,0.8485759635274327,0.6
1077,1784635928.8542976,-0.16074228495861853,0.1051535407703399,0.27919945613392716,0.006881746918339093,0.086,0.832,0.886,0.988,0.014,0.151,0.001,0.11895926672416662,0.8669164078988306,0.8909577579993093,-0.36898557821071626,0.8468414311303929,0.5311610995715182,-0.39015527665235006,0.8126963123970327,0.6
1078,1784635928.8766696,-0.05672611562096841,0.0025362539241450405,0.2601213381447303,0.024767291711538277,0.083,0.828,0.886,0.989,0.013,0.151,0.001,0.0863054385625181,0.832286037257451,0.8865147980094388,-0.3710859295725218,0.844472866806358,0.5310402569082707,-0.39015527665235006,0.8126963123970327,0.6
1079,1784635928.896975,0.04468615448943418,-0.09021850263660183,0.26443601025564334,0.008893415224746914,0.081,0.825,0.886,0.989,0.012,0.15,0.001,0.0863054385625181,0.832286037257451,0.8865147980094388,-0.3741658305896625,0.8409076077254891,0.5308715004432083,-0.39015527665235006,0.8126963123970327,0.6
1080,1784635928.9214506,-0.05641306974580303,0.012031788628689158,0.2775484347033032,-0.007853788658092362,0.077,0.82,0.885,0.989,0.011,0.15,0.001,0.0863054385625181,0.832286037257451,0.8865147980094388,-0.3776670888972214,0.836728132750003,0.530713143956682,-0.39015527665235006,0.8126963123970327,0.6
1080,1784635928.941072,-0.15490286007077983,0.11165836310625804,0.2665625510372672,0.009077926170264903,0.073,0.815,0.885,0.989,0.01,0.149,0.001,0.0863054385625181,0.832286037257451,0.8865147980094388,-0.3815695659434963,0.8319231014033086,0.5305972325546107,-0.39015527665235006,0.8126963123970327,0.6
1082,1784635928.9612935,-0.051030299814717156,0.00886691674188285,0.26339547887552806,0.03430407914459699,0.07,0.81,0.885,0.989,0.008,0.149,0.001,0.0863054385625181,0.832286037257451,0.8865147980094388,-0.3853721467275881,0.8270849059615801,0.5305192292624731,-0.39015527665235006,0.8126963123970327,0.6
1082,1784635928.9818263,0.05024486931387474,-0.09110883705167272,0.2613469357347309,0.013487893825781274,0.067,0.805,0.885,0.989,0.008,0.149,0.001,0.0863054385625181,0.832286037257451,0.8865147980094388,-0.38864146267971666,0.8228221793189648,0.5304777960680456,-0.39015527665235006,0.8126963123970327,0.6
1084,1784635929.0036027,0.011273634686691958,-0.06047257098975431,0.265622526079822,0.008433103822388644,0.062,0.798,0.885,0.989,0.007,0.149,0.001,0.0863054385625181,0.832286037257451,0.8865147980094388,-0.3936332111489998,0.8160600644857627,0.5305221467028626,-0.39015527665235006,0.8126963123970327,0.6
1084,1784635929.0271611,-0.08898205682408598,0.04093358216571871,0.2694616239470947,0.01331657906967484,0.06,0.794,0.885,0.989,0.006,0.149,0.001,0.0863054385625181,0.832286037257451,0.8865147980094388,-0.3958499185597256,0.8129587416607303,0.5305778845110272,-0.4179914623629392,0.7743779782341595,0.6
1087,1784635929.0498018,-0.18672370316896802,0.1386346492324357,0.26502233979811785,0.008934396422168943,0.056,0.788,0.885,0.989,0.005,0.149,0.001,0.0863054385625181,0.832286037257451,0.8865147980094388,-0.39933151424267405,0.807958478784197,0.5306695367826815,-0.4179914623629392,0.7743779782341595,0.6
1087,1784635929.0708234,-0.08205563810058976,0.03517835139758434,0.2679750166041643,0.013748483992150722,0.054,0.785,0.884,0.989,0.005,0.149,0.001,0.06196481483676031,0.7979528969068943,0.8844538210630186,-0.4019008739187561,0.80417581317608,0.5307454105624078,-0.4179914623629392,0.7743779782341595,0.6
1089,1784635929.0921187,0.019992033995757746,-0.06567698125875437,0.2562851251503989,-0.011291599428371234,0.052,0.781,0.884,0.989,0.004,0.149,0.001,0.06196481483676031,0.7979528969068943,0.8844538210630186,-0.4044273171378437,0.8003633477417584,0.5308350816523784,-0.4179914623629392,0.7743779782341595,0.6
1089,1784635929.1172614,-0.08050243595857326,0.03595183767721297,0.27788828653806574,-0.004031060752917814,0.05,0.777,0.884,0.989,0.004,0.149,0.001,0.06196481483676031,0.7979528969068943,0.8844538210630186,-0.40690205620394815,0.7965193150790254,0.5309448314880681,-0.4179914623629392,0.7743779782341595,0.6
1091,1784635929.1406167,-0.17847942842333228,0.1097323255531851,0.2640527999623546,0.0003629587955762577,0.046,0.77,0.884,0.989,0.003,0.149,0.001,0.06196481483676031,0.7979528969068943,0.8844538210630186,-0.4109136016909894,0.7900390416037002,0.5311758291733917,-0.4179914623629392,0.7743779782341595,0.6
1091,1784635929.1630015,-0.07401769734537589,0.006999591026015023,0.2680561963958312,0.009861409146232774,0.044,0.765,0.884,0.989,0.003,0.149,0.001,0.06196481483676031,0.7979528969068943,0.8844538210630186,-0.4132502772702365,0.7861054367970084,0.5313197193429192,-0.4179914623629392,0.7743779782341595,0.6
1093,1784635929.1841803,0.02775532302088002,-0.09033926191969938,0.2577610838646025,-0.00886074799248249,0.042,0.762,0.884,0.989,0.002,0.149,0.001,0.06196481483676031,0.7979528969068943,0.8844538210630186,-0.41477147667202313,0.7834632926578079,0.5314196450927994,-0.4418130691472936,0.7340969072065475,0.6
1093,1784635929.211577,0.1270483779491327,-0.13205843802081385,0.2656096832857142,-0.0113976687808332,0.04,0.758,0.884,0.989,0.001,0.15,0.001,0.06196481483676031,0.7979528969068943,0.8844538210630186,-0.41700040000559846,0.7794694247575491,0.5315989340859241,-0.4418130691472936,0.7340969072065475,0.6
1096,1784635929.2336915,0.22386745105583017,-0.14522299835221067,0.2580904171031986,-0.015918385530674067,0.038,0.753,0.884,0.989,0.0,0.15,0.001,0.04325693722074747,0.7640084136208267,0.8839733251966284,-0.419876404939095,0.7740869050294166,0.5318691632126888,-0.4418130691472936,0.7340969072065475,0.6
1096,1784635929.2566333,0.16635668546550478,-0.08059844366092377,0.2686112134051174,-0.011980064891611991,0.035,0.747,0.884,0.989,-0.001,0.151,0.001,0.04325693722074747,0.7640084136208267,0.8839733251966284,-0.42264776255803704,0.7686384719095948,0.5321710312241218,-0.4418130691472936,0.7340969072065475,0.6
1098,1784635929.2738554,0.15301635548981826,-0.07143322390547434,0.260729482445809,-0.006930950016659156,0.033,0.742,0.883,0.989,-0.002,0.151,0.002,0.04325693722074747,0.7640084136208267,0.8839733251966284,-0.4259869430086865,0.7617371462730229,0.5325464763041149,-0.4418130691472936,0.7340969072065475,0.6
1098,1784635929.2894115,0.1470677553371182,-0.05823295715233772,0.2669964006208338,-0.0040809589691957375,0.032,0.74,0.883,0.989,-0.003,0.151,0.002,0.04325693722074747,0.7640084136208267,0.8839733251966284,-0.42728491941368246,0.7589488322882522,0.5326926233396955,-0.4418130691472936,0.7340969072065475,0.6
1100,1784635929.3049645,0.11829174012147642,-0.0319594897494694,0.26260192621891604,-0.002095616554633778,0.03,0.736,0.883,0.989,-0.003,0.15,0.002,0.04325693722074747,0.7640084136208267,0.8839733251966284,-0.4288799405007301,0.7554416839303413,0.5328690876776456,-0.4418130691472936,0.7340969072065475,0.6
1100,1784635929.3204281,0.015335975936430712,0.06877711201165766,0.27560891659758907,0.005078571362649844,0.029,0.733,0.883,0.989,-0.002,0.15,0.002,0.04325693722074747,0.7640084136208267,0.8839733251966284,-0.43044052725520665,0.7519106933411979,0.5330412203681256,-0.4418130691472936,0.7340969072065475,0.6
1101,1784635929.3482206,0.11494843726563131,-0.03199387273624944,0.2587404460761451,0.004422061741558582,0.028,0.73,0.883,0.989,-0.002,0.15,0.002,0.04325693722074747,0.7640084136208267,0.8839733251966284,-0.4316659660478496,0.7490692342362107,0.5331743268526848,-0.46152744303700866,0.6923345532895682,0.6
1101,1784635929.3705852,0.012075120126942937,0.06879413099086484,0.2851325735502681,0.03199294545448846,0.026,0.725,0.882,0.989,-0.001,0.149,0.002,0.04325693722074747,0.7640084136208267,0.8839733251966284,-0.4340540823617174,0.743343340488545,0.5334346542529175,-0.46152744303700866,0.6923345532895682,0.6
1104,1784635929.3934789,0.045768118505207095,0.011883912682851244,0.2606030729397004,0.02020954608227023,0.024,0.72,0.882,0.989,0.001,0.148,0.001,0.028528478585885086,0.73058453855809,0.8829595557825526,-0.43634499897103707,0.7375623492223857,0.5337127021892739,-0.46152744303700866,0.6923345532895682,0.6
1104,1784635929.4179907,0.14462169394971436,-0.05701619786237941,0.2649208917808613,0.010327488044689715,0.022,0.715,0.882,0.989,0.002,0.147,0.001,0.028528478585885086,0.73058453855809,0.8829595557825526,-0.4385323645670286,0.7317299851597148,0.5340262018392296,-0.46152744303700866,0.6923345532895682,0.6
1106,1784635929.4415293,0.21483241664726568,-0.09357454899834276,0.2605065532022243,0.004567556326536726,0.021,0.711,0.881,0.989,0.003,0.147,0.001,0.028528478585885086,0.73058453855809,0.8829595557825526,-0.440346376550385,0.726587474061545,0.5343583667901508,-0.46152744303700866,0.6923345532895682,0.6
1106,1784635929.4649115,0.10946918968189656,-0.06783116696805833,0.26673882217494016,0.005671159896766924,0.019,0.706,0.881,0.989,0.004,0.148,0.001,0.028528478585885086,0.73058453855809,0.8829595557825526,-0.4423185312765122,0.7206706599716517,0.5347950671849944,-0.46152744303700866,0.6923345532895682,0.6
1108,1784635929.4862726,0.02980334522793382,-0.06846679039597871,0.2606604108214286,0.002955937933306521,0.018,0.701,0.881,0.989,0.005,0.148,0.0,0.028528478585885086,0.73058453855809,0.8829595557825526,-0.44421297424480216,0.7147182826988624,0.5352396663625154,-0.46152744303700866,0.6923345532895682,0.6
1108,1784635929.5081544,-0.07094052115486284,0.024405531969297303,0.2688064536316949,0.016686469513731643,0.017,0.696,0.881,0.989,0.006,0.148,0.0,0.028528478585885086,0.73058453855809,0.8829595557825526,-0.4458304054393382,0.709485884487283,0.5356246529592975,-0.4771052253920651,0.649568628053721,0.6
1111,1784635929.529125,-0.0795100263618445,-0.04625917738994638,0.2592368695081476,0.009270708812696283,0.015,0.692,0.881,0.989,0.007,0.148,-0.0,0.028528478585885086,0.73058453855809,0.8829595557825526,-0.4474084832032009,0.7042351128717399,0.5360008016818127,-0.4771052253920651,0.649568628053721,0.6
1111,1784635929.550441,-0.07148310189297089,-0.021540551678073908,0.26686749871091675,0.005385446778160161,0.014,0.688,0.881,0.989,0.008,0.148,-0.0,0.017466690278192254,0.6995414734496566,0.8811519702131924,-0.4487299717563652,0.6997227595192123,0.5363207922136722,-0.4771052253920651,0.649568628053721,0.6
1113,1784635929.574778,-0.08482694837285518,-0.011917410968909824,0.26080786494267577,0.002868547487068583,0.013,0.683,0.881,0.989,0.01,0.147,-0.001,0.017466690278192254,0.6995414734496566,0.8811519702131924,-0.4504468294220191,0.6936939517703841,0.5367416155923063,-0.4771052253920651,0.649568628053721,0.6
1113,1784635929.5978513,-0.07932970135606121,-0.014984197128555084,0.26549182524097614,0.0015028716864044795,0.012,0.678,0.881,0.989,0.011,0.147,-0.001,0.017466690278192254,0.6995414734496566,0.8811519702131924,-0.45211253419044334,0.6876561945020037,0.5371569104103592,-0.4771052253920651,0.649568628053721,0.6
1115,1784635929.6235158,0.02260524174020101,-0.05524689607482018,0.26120140659436586,-0.0023287597986742592,0.011,0.675,0.88,0.989,0.011,0.146,-0.001,0.017466690278192254,0.6995414734496566,0.8811519702131924,-0.4535335337109,0.6823701353200895,0.5375157617487512,-0.4771052253920651,0.649568628053721,0.6
1115,1784635929.6502302,-0.07795938696965585,0.04561096745280395,0.2695857363387928,0.008035032780293282,0.01,0.669,0.88,0.989,0.011,0.146,-0.001,0.017466690278192254,0.6995414734496566,0.8811519702131924,-0.45510782432675856,0.676329702247057,0.5379052916028647,-0.4771052253920651,0.649568628053721,0.6
1118,1784635929.672927,0.023613700506898136,-0.039954968301724514,0.2584476906353698,0.0028642239017450744,0.01,0.664,0.88,0.989,0.011,0.145,-0.001,0.017466690278192254,0.6995414734496566,0.8811519702131924,-0.45662791859417823,0.6702942684009383,0.5382679770093454,-0.48857757572505606,0.6062644394502151,0.6
